ISO-10303-21;
HEADER;
FILE_DESCRIPTION(('Open CASCADE Model'),'2;1');
FILE_NAME('Open CASCADE Shape Model','2026-09-26T19:55:05',('Author'),(
    'Open CASCADE'),'Open CASCADE STEP processor 7.9','Open CASCADE 7.9'
  ,'Unknown');
FILE_SCHEMA(('AUTOMOTIVE_DESIGN { 1 0 10303 214 1 1 1 1 }'));
ENDSEC;
DATA;
#1 = APPLICATION_PROTOCOL_DEFINITION('international standard',
  'automotive_design',2000,#2);
#2 = APPLICATION_CONTEXT(
  'core data for automotive mechanical design processes');
#3 = SHAPE_DEFINITION_REPRESENTATION(#4,#10);
#4 = PRODUCT_DEFINITION_SHAPE('','',#5);
#5 = PRODUCT_DEFINITION('design','',#6,#9);
#6 = PRODUCT_DEFINITION_FORMATION('','',#7);
#7 = PRODUCT('Open CASCADE STEP translator 7.9 3',
  'Open CASCADE STEP translator 7.9 3','',(#8));
#8 = PRODUCT_CONTEXT('',#2,'mechanical');
#9 = PRODUCT_DEFINITION_CONTEXT('part definition',#2,'design');
#10 = ADVANCED_BREP_SHAPE_REPRESENTATION('',(#11,#15),#1833);
#11 = AXIS2_PLACEMENT_3D('',#12,#13,#14);
#12 = CARTESIAN_POINT('',(0.,0.,0.));
#13 = DIRECTION('',(0.,0.,1.));
#14 = DIRECTION('',(1.,0.,-0.));
#15 = MANIFOLD_SOLID_BREP('',#16);
#16 = CLOSED_SHELL('',(#17,#1131,#1205,#1253,#1292,#1339,#1365,#1399,
    #1473,#1520,#1567,#1592,#1666,#1713,#1760,#1785,#1792,#1819,#1826));
#17 = ADVANCED_FACE('',(#18,#443,#787),#39,.T.);
#18 = FACE_BOUND('',#19,.T.);
#19 = EDGE_LOOP('',(#20,#78,#135,#158,#185,#186,#236,#287,#344,#367,#394
    ,#395));
#20 = ORIENTED_EDGE('',*,*,#21,.T.);
#21 = EDGE_CURVE('',#22,#24,#26,.T.);
#22 = VERTEX_POINT('',#23);
#23 = CARTESIAN_POINT('',(16.675769840357,-11.04168013625,6.589489353258
    ));
#24 = VERTEX_POINT('',#25);
#25 = CARTESIAN_POINT('',(15.148817355858,-13.05807538341,9.889173396825
    ));
#26 = SURFACE_CURVE('',#27,(#38,#57),.PCURVE_S1.);
#27 = B_SPLINE_CURVE_WITH_KNOTS('',5,(#28,#29,#30,#31,#32,#33,#34,#35,
    #36,#37),.UNSPECIFIED.,.F.,.F.,(6,4,6),(0.,0.524997417839,1.),
  .UNSPECIFIED.);
#28 = CARTESIAN_POINT('',(16.675769840357,-11.04168013625,6.589489353258
    ));
#29 = CARTESIAN_POINT('',(16.538485910716,-11.24901409134,6.9423122401)
  );
#30 = CARTESIAN_POINT('',(16.395878499214,-11.45738788804,7.293797325763
    ));
#31 = CARTESIAN_POINT('',(16.247624605425,-11.66686005679,7.643807148575
    ));
#32 = CARTESIAN_POINT('',(16.093352562633,-11.87748794345,7.992170451679
    ));
#33 = CARTESIAN_POINT('',(15.787173350706,-12.28100349915,8.652179704068
    ));
#34 = CARTESIAN_POINT('',(15.636440927515,-12.47366925552,8.964161090245
    ));
#35 = CARTESIAN_POINT('',(15.480075049668,-12.66737577972,9.274460376246
    ));
#36 = CARTESIAN_POINT('',(15.317690026417,-12.86216433468,9.582880234545
    ));
#37 = CARTESIAN_POINT('',(15.148817355858,-13.05807538341,9.889173396825
    ));
#38 = PCURVE('',#39,#44);
#39 = CYLINDRICAL_SURFACE('',#40,20.);
#40 = AXIS2_PLACEMENT_3D('',#41,#42,#43);
#41 = CARTESIAN_POINT('',(0.,0.,0.));
#42 = DIRECTION('',(0.,0.,1.));
#43 = DIRECTION('',(1.,0.,-0.));
#44 = DEFINITIONAL_REPRESENTATION('',(#45),#56);
#45 = B_SPLINE_CURVE_WITH_KNOTS('',5,(#46,#47,#48,#49,#50,#51,#52,#53,
    #54,#55),.UNSPECIFIED.,.F.,.F.,(6,4,6),(0.,0.524997417839,1.),
  .UNSPECIFIED.);
#46 = CARTESIAN_POINT('',(5.698323688561,6.589489353258));
#47 = CARTESIAN_POINT('',(5.685890442176,6.9423122401));
#48 = CARTESIAN_POINT('',(5.673266896198,7.293797325763));
#49 = CARTESIAN_POINT('',(5.660437682265,7.643807148575));
#50 = CARTESIAN_POINT('',(5.647385436452,7.992170451679));
#51 = CARTESIAN_POINT('',(5.622059041451,8.652179704068));
#52 = CARTESIAN_POINT('',(5.609829236193,8.964161090245));
#53 = CARTESIAN_POINT('',(5.597384080014,9.274460376246));
#54 = CARTESIAN_POINT('',(5.584705948554,9.582880234545));
#55 = CARTESIAN_POINT('',(5.57177351666,9.889173396825));
#56 = ( GEOMETRIC_REPRESENTATION_CONTEXT(2) 
PARAMETRIC_REPRESENTATION_CONTEXT() REPRESENTATION_CONTEXT('2D SPACE',''
  ) );
#57 = PCURVE('',#58,#65);
#58 = B_SPLINE_SURFACE_WITH_KNOTS('',1,2,(
    (#59,#60,#61)
    ,(#62,#63,#64
    )),.UNSPECIFIED.,.F.,.F.,.F.,(2,2),(3,3),(3.,4.),(0.,1.),
  .PIECEWISE_BEZIER_KNOTS.);
#59 = CARTESIAN_POINT('',(14.,-13.124356,9.732051));
#60 = CARTESIAN_POINT('',(46.510251124453,-11.26949587121,
    14.207541086216));
#61 = CARTESIAN_POINT('',(79.,-7.060519,15.386105));
#62 = CARTESIAN_POINT('',(14.,-11.124356,6.267949));
#63 = CARTESIAN_POINT('',(46.510251124453,-10.16770570636,
    10.189324369905));
#64 = CARTESIAN_POINT('',(79.,-6.886207,13.393715));
#65 = DEFINITIONAL_REPRESENTATION('',(#66),#77);
#66 = B_SPLINE_CURVE_WITH_KNOTS('',5,(#67,#68,#69,#70,#71,#72,#73,#74,
    #75,#76),.UNSPECIFIED.,.F.,.F.,(6,4,6),(0.,0.524997417839,1.),
  .UNSPECIFIED.);
#67 = CARTESIAN_POINT('',(4.,4.115324351857E-02));
#68 = CARTESIAN_POINT('',(3.894658472898,3.90417942388E-02));
#69 = CARTESIAN_POINT('',(3.789372399484,3.68484724521E-02));
#70 = CARTESIAN_POINT('',(3.684154397958,3.45683109053E-02));
#71 = CARTESIAN_POINT('',(3.579022509368,3.219559395351E-02));
#72 = CARTESIAN_POINT('',(3.378978723019,2.748654156712E-02));
#73 = CARTESIAN_POINT('',(3.284047577443,2.516827291299E-02));
#74 = CARTESIAN_POINT('',(3.189223538967,2.276336594958E-02));
#75 = CARTESIAN_POINT('',(3.094530603484,2.026588941858E-02));
#76 = CARTESIAN_POINT('',(3.,1.766863860676E-02));
#77 = ( GEOMETRIC_REPRESENTATION_CONTEXT(2) 
PARAMETRIC_REPRESENTATION_CONTEXT() REPRESENTATION_CONTEXT('2D SPACE',''
  ) );
#78 = ORIENTED_EDGE('',*,*,#79,.T.);
#79 = EDGE_CURVE('',#24,#80,#82,.T.);
#80 = VERTEX_POINT('',#81);
#81 = CARTESIAN_POINT('',(20.,-4.898587196589E-15,17.2554457316));
#82 = SURFACE_CURVE('',#83,(#96,#112),.PCURVE_S1.);
#83 = B_SPLINE_CURVE_WITH_KNOTS('',6,(#84,#85,#86,#87,#88,#89,#90,#91,
    #92,#93,#94,#95),.UNSPECIFIED.,.F.,.F.,(7,5,7),(0.,0.539712330914,1.
    ),.UNSPECIFIED.);
#84 = CARTESIAN_POINT('',(15.148817355858,-13.05807538341,9.889173396825
    ));
#85 = CARTESIAN_POINT('',(15.996265405779,-12.0749415486,10.534216108779
    ));
#86 = CARTESIAN_POINT('',(16.762100960576,-11.03166769804,
    11.186947434305));
#87 = CARTESIAN_POINT('',(17.443236516379,-9.935284212948,11.84483096788
    ));
#88 = CARTESIAN_POINT('',(18.03629433764,-8.79314126926,12.506178171206)
  );
#89 = CARTESIAN_POINT('',(18.538342897938,-7.613144057272,
    13.169964914592));
#90 = CARTESIAN_POINT('',(19.295770824809,-5.372045249224,14.40325235978
    ));
#91 = CARTESIAN_POINT('',(19.576568000196,-4.319031876178,
    14.972236405447));
#92 = CARTESIAN_POINT('',(19.78811683266,-3.249789640483,15.542116224544
    ));
#93 = CARTESIAN_POINT('',(19.929411669554,-2.1697904388,16.112685664823)
  );
#94 = CARTESIAN_POINT('',(20.,-1.084652865208,16.683841810247));
#95 = CARTESIAN_POINT('',(20.,-7.105427357601E-15,17.2554457316));
#96 = PCURVE('',#39,#97);
#97 = DEFINITIONAL_REPRESENTATION('',(#98),#111);
#98 = B_SPLINE_CURVE_WITH_KNOTS('',6,(#99,#100,#101,#102,#103,#104,#105,
    #106,#107,#108,#109,#110),.UNSPECIFIED.,.F.,.F.,(7,5,7),(0.,
    0.539712330914,1.),.UNSPECIFIED.);
#99 = CARTESIAN_POINT('',(5.57177351666,9.889173396825));
#100 = CARTESIAN_POINT('',(5.636671905208,10.534216108779));
#101 = CARTESIAN_POINT('',(5.701183707464,11.186947434305));
#102 = CARTESIAN_POINT('',(5.765433576296,11.84483096788));
#103 = CARTESIAN_POINT('',(5.82949673646,12.506178171206));
#104 = CARTESIAN_POINT('',(5.893427993397,13.169964914592));
#105 = CARTESIAN_POINT('',(6.011709658627,14.40325235978));
#106 = CARTESIAN_POINT('',(6.066083913165,14.972236405447));
#107 = CARTESIAN_POINT('',(6.12040873642,15.542116224544));
#108 = CARTESIAN_POINT('',(6.174695778592,16.112685664823));
#109 = CARTESIAN_POINT('',(6.228952663919,16.683841810247));
#110 = CARTESIAN_POINT('',(6.28318530718,17.2554457316));
#111 = ( GEOMETRIC_REPRESENTATION_CONTEXT(2) 
PARAMETRIC_REPRESENTATION_CONTEXT() REPRESENTATION_CONTEXT('2D SPACE',''
  ) );
#112 = PCURVE('',#113,#120);
#113 = B_SPLINE_SURFACE_WITH_KNOTS('',1,2,(
    (#114,#115,#116)
    ,(#117,#118,#119
    )),.UNSPECIFIED.,.F.,.F.,.F.,(2,2),(3,3),(2.,3.),(0.,1.),
  .PIECEWISE_BEZIER_KNOTS.);
#114 = CARTESIAN_POINT('',(14.,11.124356,23.732051));
#115 = CARTESIAN_POINT('',(46.510251124453,10.167705706369,
    19.810675630095));
#116 = CARTESIAN_POINT('',(79.,6.886207,16.606285));
#117 = CARTESIAN_POINT('',(14.,-13.124356,9.732051));
#118 = CARTESIAN_POINT('',(46.510251124453,-11.26949587121,
    14.207541086216));
#119 = CARTESIAN_POINT('',(79.,-7.060519,15.386105));
#120 = DEFINITIONAL_REPRESENTATION('',(#121),#134);
#121 = B_SPLINE_CURVE_WITH_KNOTS('',6,(#122,#123,#124,#125,#126,#127,
    #128,#129,#130,#131,#132,#133),.UNSPECIFIED.,.F.,.F.,(7,5,7),(0.,
    0.539712330914,1.),.UNSPECIFIED.);
#122 = CARTESIAN_POINT('',(3.,1.766863860676E-02));
#123 = CARTESIAN_POINT('',(2.961334185945,3.070233510926E-02));
#124 = CARTESIAN_POINT('',(2.919730567337,4.248096523874E-02));
#125 = CARTESIAN_POINT('',(2.875455822688,5.295699700327E-02));
#126 = CARTESIAN_POINT('',(2.828819008243,6.207843880081E-02));
#127 = CARTESIAN_POINT('',(2.780188739436,6.980016792745E-02));
#128 = CARTESIAN_POINT('',(2.687154492734,8.144978991942E-02));
#129 = CARTESIAN_POINT('',(2.643182996977,8.576861328847E-02));
#130 = CARTESIAN_POINT('',(2.598321543197,8.902236824554E-02));
#131 = CARTESIAN_POINT('',(2.552853485158,9.119557601098E-02));
#132 = CARTESIAN_POINT('',(2.507077486902,9.228127107906E-02));
#133 = CARTESIAN_POINT('',(2.461292161161,9.228127107906E-02));
#134 = ( GEOMETRIC_REPRESENTATION_CONTEXT(2) 
PARAMETRIC_REPRESENTATION_CONTEXT() REPRESENTATION_CONTEXT('2D SPACE',''
  ) );
#135 = ORIENTED_EDGE('',*,*,#136,.T.);
#136 = EDGE_CURVE('',#80,#137,#139,.T.);
#137 = VERTEX_POINT('',#138);
#138 = CARTESIAN_POINT('',(20.,-4.898587196589E-15,30.));
#139 = SEAM_CURVE('',#140,(#144,#151),.PCURVE_S1.);
#140 = LINE('',#141,#142);
#141 = CARTESIAN_POINT('',(20.,-4.898587196589E-15,0.));
#142 = VECTOR('',#143,1.);
#143 = DIRECTION('',(0.,0.,1.));
#144 = PCURVE('',#39,#145);
#145 = DEFINITIONAL_REPRESENTATION('',(#146),#150);
#146 = LINE('',#147,#148);
#147 = CARTESIAN_POINT('',(0.,-0.));
#148 = VECTOR('',#149,1.);
#149 = DIRECTION('',(0.,1.));
#150 = ( GEOMETRIC_REPRESENTATION_CONTEXT(2) 
PARAMETRIC_REPRESENTATION_CONTEXT() REPRESENTATION_CONTEXT('2D SPACE',''
  ) );
#151 = PCURVE('',#39,#152);
#152 = DEFINITIONAL_REPRESENTATION('',(#153),#157);
#153 = LINE('',#154,#155);
#154 = CARTESIAN_POINT('',(6.28318530718,-0.));
#155 = VECTOR('',#156,1.);
#156 = DIRECTION('',(0.,1.));
#157 = ( GEOMETRIC_REPRESENTATION_CONTEXT(2) 
PARAMETRIC_REPRESENTATION_CONTEXT() REPRESENTATION_CONTEXT('2D SPACE',''
  ) );
#158 = ORIENTED_EDGE('',*,*,#159,.F.);
#159 = EDGE_CURVE('',#137,#137,#160,.T.);
#160 = SURFACE_CURVE('',#161,(#166,#173),.PCURVE_S1.);
#161 = CIRCLE('',#162,20.);
#162 = AXIS2_PLACEMENT_3D('',#163,#164,#165);
#163 = CARTESIAN_POINT('',(0.,0.,30.));
#164 = DIRECTION('',(0.,0.,1.));
#165 = DIRECTION('',(1.,0.,-0.));
#166 = PCURVE('',#39,#167);
#167 = DEFINITIONAL_REPRESENTATION('',(#168),#172);
#168 = LINE('',#169,#170);
#169 = CARTESIAN_POINT('',(0.,30.));
#170 = VECTOR('',#171,1.);
#171 = DIRECTION('',(1.,0.));
#172 = ( GEOMETRIC_REPRESENTATION_CONTEXT(2) 
PARAMETRIC_REPRESENTATION_CONTEXT() REPRESENTATION_CONTEXT('2D SPACE',''
  ) );
#173 = PCURVE('',#174,#179);
#174 = PLANE('',#175);
#175 = AXIS2_PLACEMENT_3D('',#176,#177,#178);
#176 = CARTESIAN_POINT('',(0.,0.,30.));
#177 = DIRECTION('',(0.,0.,1.));
#178 = DIRECTION('',(1.,0.,-0.));
#179 = DEFINITIONAL_REPRESENTATION('',(#180),#184);
#180 = CIRCLE('',#181,20.);
#181 = AXIS2_PLACEMENT_2D('',#182,#183);
#182 = CARTESIAN_POINT('',(0.,0.));
#183 = DIRECTION('',(1.,0.));
#184 = ( GEOMETRIC_REPRESENTATION_CONTEXT(2) 
PARAMETRIC_REPRESENTATION_CONTEXT() REPRESENTATION_CONTEXT('2D SPACE',''
  ) );
#185 = ORIENTED_EDGE('',*,*,#136,.F.);
#186 = ORIENTED_EDGE('',*,*,#187,.T.);
#187 = EDGE_CURVE('',#80,#188,#190,.T.);
#188 = VERTEX_POINT('',#189);
#189 = CARTESIAN_POINT('',(16.675769840357,11.041680136259,
    23.410510646742));
#190 = SURFACE_CURVE('',#191,(#204,#220),.PCURVE_S1.);
#191 = B_SPLINE_CURVE_WITH_KNOTS('',6,(#192,#193,#194,#195,#196,#197,
    #198,#199,#200,#201,#202,#203),.UNSPECIFIED.,.F.,.F.,(7,5,7),(0.,
    0.475184274219,1.),.UNSPECIFIED.);
#192 = CARTESIAN_POINT('',(20.,-6.834674545564E-15,17.2554457316));
#193 = CARTESIAN_POINT('',(20.,0.925840534398,17.743356746252));
#194 = CARTESIAN_POINT('',(19.94856915511,1.851338014817,18.23159943292)
  );
#195 = CARTESIAN_POINT('',(19.845778944046,2.772999426666,
    18.720089783982));
#196 = CARTESIAN_POINT('',(19.692002442057,3.687370709572,
    19.208749102388));
#197 = CARTESIAN_POINT('',(19.48789324849,4.591098796173,19.697442004854
    ));
#198 = CARTESIAN_POINT('',(18.954256496489,6.463785330939,
    20.725439744546));
#199 = CARTESIAN_POINT('',(18.613857229371,7.42969342312,21.264697154491
    ));
#200 = CARTESIAN_POINT('',(18.214278915615,8.374397385988,
    21.803399725087));
#201 = CARTESIAN_POINT('',(17.756977379899,9.293813512843,
    22.341098314104));
#202 = CARTESIAN_POINT('',(17.243598107683,10.184113771545,
    22.877117798233));
#203 = CARTESIAN_POINT('',(16.675769840357,11.041680136259,
    23.410510646742));
#204 = PCURVE('',#39,#205);
#205 = DEFINITIONAL_REPRESENTATION('',(#206),#219);
#206 = B_SPLINE_CURVE_WITH_KNOTS('',6,(#207,#208,#209,#210,#211,#212,
    #213,#214,#215,#216,#217,#218),.UNSPECIFIED.,.F.,.F.,(7,5,7),(0.,
    0.475184274219,1.),.UNSPECIFIED.);
#207 = CARTESIAN_POINT('',(0.,17.2554457316));
#208 = CARTESIAN_POINT('',(4.62920267199E-02,17.743356746252));
#209 = CARTESIAN_POINT('',(9.256690276418E-02,18.23159943292));
#210 = CARTESIAN_POINT('',(0.138828526369,18.720089783982));
#211 = CARTESIAN_POINT('',(0.185082143649,19.208749102388));
#212 = CARTESIAN_POINT('',(0.231335418877,19.697442004854));
#213 = CARTESIAN_POINT('',(0.328697154695,20.725439744546));
#214 = CARTESIAN_POINT('',(0.379807914767,21.264697154491));
#215 = CARTESIAN_POINT('',(0.430950047327,21.803399725087));
#216 = CARTESIAN_POINT('',(0.482148188315,22.341098314104));
#217 = CARTESIAN_POINT('',(0.533435725066,22.877117798233));
#218 = CARTESIAN_POINT('',(0.584861618618,23.410510646742));
#219 = ( GEOMETRIC_REPRESENTATION_CONTEXT(2) 
PARAMETRIC_REPRESENTATION_CONTEXT() REPRESENTATION_CONTEXT('2D SPACE',''
  ) );
#220 = PCURVE('',#113,#221);
#221 = DEFINITIONAL_REPRESENTATION('',(#222),#235);
#222 = B_SPLINE_CURVE_WITH_KNOTS('',6,(#223,#224,#225,#226,#227,#228,
    #229,#230,#231,#232,#233,#234),.UNSPECIFIED.,.F.,.F.,(7,5,7),(0.,
    0.475184274219,1.),.UNSPECIFIED.);
#223 = CARTESIAN_POINT('',(2.461292161161,9.228127107906E-02));
#224 = CARTESIAN_POINT('',(2.422210615524,9.228127107906E-02));
#225 = CARTESIAN_POINT('',(2.383121854364,9.149023077101E-02));
#226 = CARTESIAN_POINT('',(2.344211431659,8.990924954301E-02));
#227 = CARTESIAN_POINT('',(2.305663317461,8.754406850384E-02));
#228 = CARTESIAN_POINT('',(2.267653147031,8.440474632057E-02));
#229 = CARTESIAN_POINT('',(2.189138104304,7.619712215082E-02));
#230 = CARTESIAN_POINT('',(2.148787519968,7.096160988946E-02));
#231 = CARTESIAN_POINT('',(2.109510677516,6.481591700883E-02));
#232 = CARTESIAN_POINT('',(2.071507211299,5.77824499418E-02));
#233 = CARTESIAN_POINT('',(2.034952412739,4.988653509333E-02));
#234 = CARTESIAN_POINT('',(2.,4.115324351857E-02));
#235 = ( GEOMETRIC_REPRESENTATION_CONTEXT(2) 
PARAMETRIC_REPRESENTATION_CONTEXT() REPRESENTATION_CONTEXT('2D SPACE',''
  ) );
#236 = ORIENTED_EDGE('',*,*,#237,.T.);
#237 = EDGE_CURVE('',#188,#238,#240,.T.);
#238 = VERTEX_POINT('',#239);
#239 = CARTESIAN_POINT('',(15.148817355858,13.058075383412,
    20.110826603175));
#240 = SURFACE_CURVE('',#241,(#252,#266),.PCURVE_S1.);
#241 = B_SPLINE_CURVE_WITH_KNOTS('',5,(#242,#243,#244,#245,#246,#247,
    #248,#249,#250,#251),.UNSPECIFIED.,.F.,.F.,(6,4,6),(0.,
    0.524997417839,1.),.UNSPECIFIED.);
#242 = CARTESIAN_POINT('',(16.675769840357,11.041680136259,
    23.410510646742));
#243 = CARTESIAN_POINT('',(16.538485910716,11.249014091347,23.0576877599
    ));
#244 = CARTESIAN_POINT('',(16.395878499214,11.457387888046,
    22.706202674237));
#245 = CARTESIAN_POINT('',(16.247624605425,11.666860056792,
    22.356192851425));
#246 = CARTESIAN_POINT('',(16.093352562633,11.877487943456,
    22.007829548321));
#247 = CARTESIAN_POINT('',(15.787173350706,12.281003499155,
    21.347820295932));
#248 = CARTESIAN_POINT('',(15.636440927515,12.473669255526,
    21.035838909755));
#249 = CARTESIAN_POINT('',(15.480075049668,12.667375779722,
    20.725539623754));
#250 = CARTESIAN_POINT('',(15.317690026417,12.862164334686,
    20.417119765455));
#251 = CARTESIAN_POINT('',(15.148817355858,13.058075383412,
    20.110826603175));
#252 = PCURVE('',#39,#253);
#253 = DEFINITIONAL_REPRESENTATION('',(#254),#265);
#254 = B_SPLINE_CURVE_WITH_KNOTS('',5,(#255,#256,#257,#258,#259,#260,
    #261,#262,#263,#264),.UNSPECIFIED.,.F.,.F.,(6,4,6),(0.,
    0.524997417839,1.),.UNSPECIFIED.);
#255 = CARTESIAN_POINT('',(0.584861618618,23.410510646742));
#256 = CARTESIAN_POINT('',(0.597294865003,23.0576877599));
#257 = CARTESIAN_POINT('',(0.609918410982,22.706202674237));
#258 = CARTESIAN_POINT('',(0.622747624914,22.356192851425));
#259 = CARTESIAN_POINT('',(0.635799870727,22.007829548321));
#260 = CARTESIAN_POINT('',(0.661126265729,21.347820295932));
#261 = CARTESIAN_POINT('',(0.673356070986,21.035838909755));
#262 = CARTESIAN_POINT('',(0.685801227166,20.725539623754));
#263 = CARTESIAN_POINT('',(0.698479358625,20.417119765455));
#264 = CARTESIAN_POINT('',(0.711411790519,20.110826603175));
#265 = ( GEOMETRIC_REPRESENTATION_CONTEXT(2) 
PARAMETRIC_REPRESENTATION_CONTEXT() REPRESENTATION_CONTEXT('2D SPACE',''
  ) );
#266 = PCURVE('',#267,#274);
#267 = B_SPLINE_SURFACE_WITH_KNOTS('',1,2,(
    (#268,#269,#270)
    ,(#271,#272,#273
    )),.UNSPECIFIED.,.F.,.F.,.F.,(2,2),(3,3),(1.,2.),(0.,1.),
  .PIECEWISE_BEZIER_KNOTS.);
#268 = CARTESIAN_POINT('',(14.,13.124356,20.267949));
#269 = CARTESIAN_POINT('',(46.510251124453,11.269495871213,
    15.792458913784));
#270 = CARTESIAN_POINT('',(79.,7.060519,14.613895));
#271 = CARTESIAN_POINT('',(14.,11.124356,23.732051));
#272 = CARTESIAN_POINT('',(46.510251124453,10.167705706369,
    19.810675630095));
#273 = CARTESIAN_POINT('',(79.,6.886207,16.606285));
#274 = DEFINITIONAL_REPRESENTATION('',(#275),#286);
#275 = B_SPLINE_CURVE_WITH_KNOTS('',5,(#276,#277,#278,#279,#280,#281,
    #282,#283,#284,#285),.UNSPECIFIED.,.F.,.F.,(6,4,6),(0.,
    0.524997417839,1.),.UNSPECIFIED.);
#276 = CARTESIAN_POINT('',(2.,4.115324351857E-02));
#277 = CARTESIAN_POINT('',(1.894658472898,3.90417942388E-02));
#278 = CARTESIAN_POINT('',(1.789372399484,3.68484724521E-02));
#279 = CARTESIAN_POINT('',(1.684154397958,3.45683109053E-02));
#280 = CARTESIAN_POINT('',(1.579022509368,3.219559395351E-02));
#281 = CARTESIAN_POINT('',(1.378978723019,2.748654156712E-02));
#282 = CARTESIAN_POINT('',(1.284047577443,2.516827291299E-02));
#283 = CARTESIAN_POINT('',(1.189223538967,2.276336594958E-02));
#284 = CARTESIAN_POINT('',(1.094530603484,2.026588941858E-02));
#285 = CARTESIAN_POINT('',(1.,1.766863860676E-02));
#286 = ( GEOMETRIC_REPRESENTATION_CONTEXT(2) 
PARAMETRIC_REPRESENTATION_CONTEXT() REPRESENTATION_CONTEXT('2D SPACE',''
  ) );
#287 = ORIENTED_EDGE('',*,*,#288,.T.);
#288 = EDGE_CURVE('',#238,#289,#291,.T.);
#289 = VERTEX_POINT('',#290);
#290 = CARTESIAN_POINT('',(20.,-4.898587196589E-15,12.7445542684));
#291 = SURFACE_CURVE('',#292,(#305,#321),.PCURVE_S1.);
#292 = B_SPLINE_CURVE_WITH_KNOTS('',6,(#293,#294,#295,#296,#297,#298,
    #299,#300,#301,#302,#303,#304),.UNSPECIFIED.,.F.,.F.,(7,5,7),(0.,
    0.539712330914,1.),.UNSPECIFIED.);
#293 = CARTESIAN_POINT('',(15.148817355858,13.058075383412,
    20.110826603175));
#294 = CARTESIAN_POINT('',(15.99626540578,12.074941548608,
    19.465783891221));
#295 = CARTESIAN_POINT('',(16.762100960576,11.031667698047,
    18.813052565696));
#296 = CARTESIAN_POINT('',(17.443236516379,9.935284212947,
    18.155169032119));
#297 = CARTESIAN_POINT('',(18.03629433764,8.793141269259,17.493821828794
    ));
#298 = CARTESIAN_POINT('',(18.538342897938,7.613144057271,
    16.830035085408));
#299 = CARTESIAN_POINT('',(19.29577082481,5.372045249222,15.59674764022)
  );
#300 = CARTESIAN_POINT('',(19.576568000196,4.319031876178,
    15.027763594553));
#301 = CARTESIAN_POINT('',(19.788116832661,3.249789640483,
    14.457883775456));
#302 = CARTESIAN_POINT('',(19.929411669554,2.169790438798,
    13.887314335176));
#303 = CARTESIAN_POINT('',(20.,1.084652865208,13.316158189753));
#304 = CARTESIAN_POINT('',(20.,-4.669739647545E-15,12.7445542684));
#305 = PCURVE('',#39,#306);
#306 = DEFINITIONAL_REPRESENTATION('',(#307),#320);
#307 = B_SPLINE_CURVE_WITH_KNOTS('',6,(#308,#309,#310,#311,#312,#313,
    #314,#315,#316,#317,#318,#319),.UNSPECIFIED.,.F.,.F.,(7,5,7),(0.,
    0.539712330914,1.),.UNSPECIFIED.);
#308 = CARTESIAN_POINT('',(0.711411790519,20.110826603175));
#309 = CARTESIAN_POINT('',(0.646513401971,19.465783891221));
#310 = CARTESIAN_POINT('',(0.582001599716,18.813052565696));
#311 = CARTESIAN_POINT('',(0.517751730884,18.155169032119));
#312 = CARTESIAN_POINT('',(0.453688570719,17.493821828794));
#313 = CARTESIAN_POINT('',(0.389757313783,16.830035085408));
#314 = CARTESIAN_POINT('',(0.271475648553,15.59674764022));
#315 = CARTESIAN_POINT('',(0.217101394014,15.027763594553));
#316 = CARTESIAN_POINT('',(0.162776570759,14.457883775456));
#317 = CARTESIAN_POINT('',(0.108489528587,13.887314335176));
#318 = CARTESIAN_POINT('',(5.423264326042E-02,13.316158189753));
#319 = CARTESIAN_POINT('',(0.,12.7445542684));
#320 = ( GEOMETRIC_REPRESENTATION_CONTEXT(2) 
PARAMETRIC_REPRESENTATION_CONTEXT() REPRESENTATION_CONTEXT('2D SPACE',''
  ) );
#321 = PCURVE('',#322,#329);
#322 = B_SPLINE_SURFACE_WITH_KNOTS('',1,2,(
    (#323,#324,#325)
    ,(#326,#327,#328
    )),.UNSPECIFIED.,.F.,.F.,.F.,(2,2),(3,3),(0.,1.),(0.,1.),
  .PIECEWISE_BEZIER_KNOTS.);
#323 = CARTESIAN_POINT('',(14.,-11.124356,6.267949));
#324 = CARTESIAN_POINT('',(46.510251124453,-10.16770570636,
    10.189324369905));
#325 = CARTESIAN_POINT('',(79.,-6.886207,13.393715));
#326 = CARTESIAN_POINT('',(14.,13.124356,20.267949));
#327 = CARTESIAN_POINT('',(46.510251124453,11.269495871213,
    15.792458913784));
#328 = CARTESIAN_POINT('',(79.,7.060519,14.613895));
#329 = DEFINITIONAL_REPRESENTATION('',(#330),#343);
#330 = B_SPLINE_CURVE_WITH_KNOTS('',6,(#331,#332,#333,#334,#335,#336,
    #337,#338,#339,#340,#341,#342),.UNSPECIFIED.,.F.,.F.,(7,5,7),(0.,
    0.539712330914,1.),.UNSPECIFIED.);
#331 = CARTESIAN_POINT('',(1.,1.766863860676E-02));
#332 = CARTESIAN_POINT('',(0.961334185945,3.070233510926E-02));
#333 = CARTESIAN_POINT('',(0.919730567337,4.248096523874E-02));
#334 = CARTESIAN_POINT('',(0.875455822688,5.295699700327E-02));
#335 = CARTESIAN_POINT('',(0.828819008243,6.207843880081E-02));
#336 = CARTESIAN_POINT('',(0.780188739436,6.980016792746E-02));
#337 = CARTESIAN_POINT('',(0.687154492734,8.144978991942E-02));
#338 = CARTESIAN_POINT('',(0.643182996977,8.576861328847E-02));
#339 = CARTESIAN_POINT('',(0.598321543197,8.902236824555E-02));
#340 = CARTESIAN_POINT('',(0.552853485158,9.119557601098E-02));
#341 = CARTESIAN_POINT('',(0.507077486902,9.228127107906E-02));
#342 = CARTESIAN_POINT('',(0.461292161161,9.228127107906E-02));
#343 = ( GEOMETRIC_REPRESENTATION_CONTEXT(2) 
PARAMETRIC_REPRESENTATION_CONTEXT() REPRESENTATION_CONTEXT('2D SPACE',''
  ) );
#344 = ORIENTED_EDGE('',*,*,#345,.F.);
#345 = EDGE_CURVE('',#346,#289,#348,.T.);
#346 = VERTEX_POINT('',#347);
#347 = CARTESIAN_POINT('',(20.,-4.898587196589E-15,0.));
#348 = SEAM_CURVE('',#349,(#353,#360),.PCURVE_S1.);
#349 = LINE('',#350,#351);
#350 = CARTESIAN_POINT('',(20.,-4.898587196589E-15,0.));
#351 = VECTOR('',#352,1.);
#352 = DIRECTION('',(0.,0.,1.));
#353 = PCURVE('',#39,#354);
#354 = DEFINITIONAL_REPRESENTATION('',(#355),#359);
#355 = LINE('',#356,#357);
#356 = CARTESIAN_POINT('',(6.28318530718,-0.));
#357 = VECTOR('',#358,1.);
#358 = DIRECTION('',(0.,1.));
#359 = ( GEOMETRIC_REPRESENTATION_CONTEXT(2) 
PARAMETRIC_REPRESENTATION_CONTEXT() REPRESENTATION_CONTEXT('2D SPACE',''
  ) );
#360 = PCURVE('',#39,#361);
#361 = DEFINITIONAL_REPRESENTATION('',(#362),#366);
#362 = LINE('',#363,#364);
#363 = CARTESIAN_POINT('',(0.,-0.));
#364 = VECTOR('',#365,1.);
#365 = DIRECTION('',(0.,1.));
#366 = ( GEOMETRIC_REPRESENTATION_CONTEXT(2) 
PARAMETRIC_REPRESENTATION_CONTEXT() REPRESENTATION_CONTEXT('2D SPACE',''
  ) );
#367 = ORIENTED_EDGE('',*,*,#368,.T.);
#368 = EDGE_CURVE('',#346,#346,#369,.T.);
#369 = SURFACE_CURVE('',#370,(#375,#382),.PCURVE_S1.);
#370 = CIRCLE('',#371,20.);
#371 = AXIS2_PLACEMENT_3D('',#372,#373,#374);
#372 = CARTESIAN_POINT('',(0.,0.,0.));
#373 = DIRECTION('',(0.,0.,1.));
#374 = DIRECTION('',(1.,0.,-0.));
#375 = PCURVE('',#39,#376);
#376 = DEFINITIONAL_REPRESENTATION('',(#377),#381);
#377 = LINE('',#378,#379);
#378 = CARTESIAN_POINT('',(0.,0.));
#379 = VECTOR('',#380,1.);
#380 = DIRECTION('',(1.,0.));
#381 = ( GEOMETRIC_REPRESENTATION_CONTEXT(2) 
PARAMETRIC_REPRESENTATION_CONTEXT() REPRESENTATION_CONTEXT('2D SPACE',''
  ) );
#382 = PCURVE('',#383,#388);
#383 = PLANE('',#384);
#384 = AXIS2_PLACEMENT_3D('',#385,#386,#387);
#385 = CARTESIAN_POINT('',(0.,0.,0.));
#386 = DIRECTION('',(0.,0.,1.));
#387 = DIRECTION('',(1.,0.,-0.));
#388 = DEFINITIONAL_REPRESENTATION('',(#389),#393);
#389 = CIRCLE('',#390,20.);
#390 = AXIS2_PLACEMENT_2D('',#391,#392);
#391 = CARTESIAN_POINT('',(0.,0.));
#392 = DIRECTION('',(1.,0.));
#393 = ( GEOMETRIC_REPRESENTATION_CONTEXT(2) 
PARAMETRIC_REPRESENTATION_CONTEXT() REPRESENTATION_CONTEXT('2D SPACE',''
  ) );
#394 = ORIENTED_EDGE('',*,*,#345,.T.);
#395 = ORIENTED_EDGE('',*,*,#396,.T.);
#396 = EDGE_CURVE('',#289,#22,#397,.T.);
#397 = SURFACE_CURVE('',#398,(#411,#427),.PCURVE_S1.);
#398 = B_SPLINE_CURVE_WITH_KNOTS('',6,(#399,#400,#401,#402,#403,#404,
    #405,#406,#407,#408,#409,#410),.UNSPECIFIED.,.F.,.F.,(7,5,7),(0.,
    0.475184274216,1.),.UNSPECIFIED.);
#399 = CARTESIAN_POINT('',(20.,-5.329070518201E-15,12.7445542684));
#400 = CARTESIAN_POINT('',(20.,-0.925840534392,12.256643253751));
#401 = CARTESIAN_POINT('',(19.948569155111,-1.851338014808,
    11.768400567085));
#402 = CARTESIAN_POINT('',(19.845778944049,-2.772999426647,
    11.279910216029));
#403 = CARTESIAN_POINT('',(19.69200244206,-3.687370709552,
    10.791250897622));
#404 = CARTESIAN_POINT('',(19.487893248496,-4.591098796145,
    10.302557995162));
#405 = CARTESIAN_POINT('',(18.954256496498,-6.463785330914,
    9.274560255468));
#406 = CARTESIAN_POINT('',(18.61385722938,-7.429693423098,8.735302845522
    ));
#407 = CARTESIAN_POINT('',(18.214278915622,-8.374397385974,8.19660027492
    ));
#408 = CARTESIAN_POINT('',(17.756977379905,-9.293813512833,
    7.658901685902));
#409 = CARTESIAN_POINT('',(17.243598107686,-10.18411377154,7.12288220177
    ));
#410 = CARTESIAN_POINT('',(16.675769840357,-11.04168013625,
    6.589489353258));
#411 = PCURVE('',#39,#412);
#412 = DEFINITIONAL_REPRESENTATION('',(#413),#426);
#413 = B_SPLINE_CURVE_WITH_KNOTS('',6,(#414,#415,#416,#417,#418,#419,
    #420,#421,#422,#423,#424,#425),.UNSPECIFIED.,.F.,.F.,(7,5,7),(0.,
    0.475184274216,1.),.UNSPECIFIED.);
#414 = CARTESIAN_POINT('',(6.28318530718,12.7445542684));
#415 = CARTESIAN_POINT('',(6.23689328046,12.256643253751));
#416 = CARTESIAN_POINT('',(6.190618404416,11.768400567085));
#417 = CARTESIAN_POINT('',(6.144356780812,11.279910216029));
#418 = CARTESIAN_POINT('',(6.098103163532,10.791250897622));
#419 = CARTESIAN_POINT('',(6.051849888304,10.302557995162));
#420 = CARTESIAN_POINT('',(5.954488152486,9.274560255468));
#421 = CARTESIAN_POINT('',(5.903377392413,8.735302845522));
#422 = CARTESIAN_POINT('',(5.852235259853,8.19660027492));
#423 = CARTESIAN_POINT('',(5.801037118865,7.658901685902));
#424 = CARTESIAN_POINT('',(5.749749582114,7.12288220177));
#425 = CARTESIAN_POINT('',(5.698323688561,6.589489353258));
#426 = ( GEOMETRIC_REPRESENTATION_CONTEXT(2) 
PARAMETRIC_REPRESENTATION_CONTEXT() REPRESENTATION_CONTEXT('2D SPACE',''
  ) );
#427 = PCURVE('',#322,#428);
#428 = DEFINITIONAL_REPRESENTATION('',(#429),#442);
#429 = B_SPLINE_CURVE_WITH_KNOTS('',6,(#430,#431,#432,#433,#434,#435,
    #436,#437,#438,#439,#440,#441),.UNSPECIFIED.,.F.,.F.,(7,5,7),(0.,
    0.475184274216,1.),.UNSPECIFIED.);
#430 = CARTESIAN_POINT('',(0.461292161161,9.228127107906E-02));
#431 = CARTESIAN_POINT('',(0.422210615524,9.228127107906E-02));
#432 = CARTESIAN_POINT('',(0.383121854365,9.149023077102E-02));
#433 = CARTESIAN_POINT('',(0.34421143166,8.990924954304E-02));
#434 = CARTESIAN_POINT('',(0.305663317462,8.754406850389E-02));
#435 = CARTESIAN_POINT('',(0.267653147033,8.440474632067E-02));
#436 = CARTESIAN_POINT('',(0.189138104305,7.619712215095E-02));
#437 = CARTESIAN_POINT('',(0.148787519968,7.09616098896E-02));
#438 = CARTESIAN_POINT('',(0.109510677517,6.481591700893E-02));
#439 = CARTESIAN_POINT('',(7.150721129904E-02,5.778244994189E-02));
#440 = CARTESIAN_POINT('',(3.495241273968E-02,4.988653509338E-02));
#441 = CARTESIAN_POINT('',(0.,4.115324351857E-02));
#442 = ( GEOMETRIC_REPRESENTATION_CONTEXT(2) 
PARAMETRIC_REPRESENTATION_CONTEXT() REPRESENTATION_CONTEXT('2D SPACE',''
  ) );
#443 = FACE_BOUND('',#444,.T.);
#444 = EDGE_LOOP('',(#445,#567,#614,#742));
#445 = ORIENTED_EDGE('',*,*,#446,.F.);
#446 = EDGE_CURVE('',#447,#449,#451,.T.);
#447 = VERTEX_POINT('',#448);
#448 = CARTESIAN_POINT('',(-17.90026041864,8.920800241282,
    23.410510646742));
#449 = VERTEX_POINT('',#450);
#450 = CARTESIAN_POINT('',(3.734216328638,19.648298359169,9.889173396825
    ));
#451 = SURFACE_CURVE('',#452,(#475,#509),.PCURVE_S1.);
#452 = B_SPLINE_CURVE_WITH_KNOTS('',6,(#453,#454,#455,#456,#457,#458,
    #459,#460,#461,#462,#463,#464,#465,#466,#467,#468,#469,#470,#471,
    #472,#473,#474),.UNSPECIFIED.,.F.,.F.,(7,5,5,5,7),(0.,0.524815725781
    ,1.,1.556694123214,2.20944826595),.UNSPECIFIED.);
#453 = CARTESIAN_POINT('',(-17.90026041864,8.920800241282,
    23.410510646742));
#454 = CARTESIAN_POINT('',(-17.44150029503,9.84133712813,22.877117798233
    ));
#455 = CARTESIAN_POINT('',(-16.9271672901,10.731086748997,
    22.341098314104));
#456 = CARTESIAN_POINT('',(-16.35958033545,11.586829559544,
    21.803399725087));
#457 = CARTESIAN_POINT('',(-15.74123186143,12.405226511492,
    21.264697154491));
#458 = CARTESIAN_POINT('',(-15.07493054944,13.182974970336,
    20.725439744546));
#459 = CARTESIAN_POINT('',(-13.71995481301,14.581461221345,
    19.697442004854));
#460 = CARTESIAN_POINT('',(-13.03935792868,15.210089011421,
    19.208749102388));
#461 = CARTESIAN_POINT('',(-12.32437742019,15.800449010101,
    18.720089783982));
#462 = CARTESIAN_POINT('',(-11.57759032937,16.350298650068,
    18.23159943292));
#463 = CARTESIAN_POINT('',(-10.80180142264,16.85758780849,
    17.743356746252));
#464 = CARTESIAN_POINT('',(-9.060663064442,17.862834508293,
    16.683841810247));
#465 = CARTESIAN_POINT('',(-8.085612193888,18.344272007712,
    16.112685664823));
#466 = CARTESIAN_POINT('',(-7.079658030716,18.76190669038,
    15.542116224544));
#467 = CARTESIAN_POINT('',(-6.047892675573,19.113321145172,
    14.972236405447));
#468 = CARTESIAN_POINT('',(-4.995557756298,19.396650344499,
    14.40325235978));
#469 = CARTESIAN_POINT('',(-2.675995292701,19.861247922317,
    13.169964914592));
#470 = CARTESIAN_POINT('',(-1.403063450576,20.01645972116,
    12.506178171206));
#471 = CARTESIAN_POINT('',(-0.117409735958,20.073928053878,
    11.84483096788));
#472 = CARTESIAN_POINT('',(1.172653992329,20.032239101682,
    11.186947434305));
#473 = CARTESIAN_POINT('',(2.459073427418,19.890642981387,
    10.534216108779));
#474 = CARTESIAN_POINT('',(3.734216328638,19.648298359169,9.889173396825
    ));
#475 = PCURVE('',#39,#476);
#476 = DEFINITIONAL_REPRESENTATION('',(#477),#508);
#477 = B_SPLINE_CURVE_WITH_KNOTS('',8,(#478,#479,#480,#481,#482,#483,
    #484,#485,#486,#487,#488,#489,#490,#491,#492,#493,#494,#495,#496,
    #497,#498,#499,#500,#501,#502,#503,#504,#505,#506,#507),
  .UNSPECIFIED.,.F.,.F.,(9,7,7,7,9),(0.,0.552362066487,0.966633616353,
    1.588040941152,2.20944826595),.UNSPECIFIED.);
#478 = CARTESIAN_POINT('',(2.679256721011,23.410510646742));
#479 = CARTESIAN_POINT('',(2.638662882872,22.98946861011));
#480 = CARTESIAN_POINT('',(2.598151182937,22.566868220189));
#481 = CARTESIAN_POINT('',(2.557701101338,22.143102562445));
#482 = CARTESIAN_POINT('',(2.517296496528,21.718496185931));
#483 = CARTESIAN_POINT('',(2.476924275637,21.29330731294));
#484 = CARTESIAN_POINT('',(2.436573610119,20.867734908287));
#485 = CARTESIAN_POINT('',(2.396235696701,20.441930608205));
#486 = CARTESIAN_POINT('',(2.325655338821,19.696579184365));
#487 = CARTESIAN_POINT('',(2.295410206345,19.377081174761));
#488 = CARTESIAN_POINT('',(2.265166041774,19.05757389513));
#489 = CARTESIAN_POINT('',(2.234920697445,18.738097387763));
#490 = CARTESIAN_POINT('',(2.204672426472,18.418682232242));
#491 = CARTESIAN_POINT('',(2.17441980676,18.099352455515));
#492 = CARTESIAN_POINT('',(2.14416166502,17.780128441963));
#493 = CARTESIAN_POINT('',(2.068500004426,16.982381945755));
#494 = CARTESIAN_POINT('',(2.02308849061,16.504017949854));
#495 = CARTESIAN_POINT('',(1.977657315967,16.02598607268));
#496 = CARTESIAN_POINT('',(1.932207327402,15.548385112357));
#497 = CARTESIAN_POINT('',(1.886728900205,15.07122170736));
#498 = CARTESIAN_POINT('',(1.841222000178,14.59465101836));
#499 = CARTESIAN_POINT('',(1.79567454253,14.118779175369));
#500 = CARTESIAN_POINT('',(1.704482675471,13.168944890788));
#501 = CARTESIAN_POINT('',(1.658837917233,12.694977731373));
#502 = CARTESIAN_POINT('',(1.613131216827,12.22216512066));
#503 = CARTESIAN_POINT('',(1.567347380979,11.750791520623));
#504 = CARTESIAN_POINT('',(1.521467696806,11.281239156614));
#505 = CARTESIAN_POINT('',(1.475468488033,10.814005884597));
#506 = CARTESIAN_POINT('',(1.429319671199,10.349723058375));
#507 = CARTESIAN_POINT('',(1.382983311874,9.889173396825));
#508 = ( GEOMETRIC_REPRESENTATION_CONTEXT(2) 
PARAMETRIC_REPRESENTATION_CONTEXT() REPRESENTATION_CONTEXT('2D SPACE',''
  ) );
#509 = PCURVE('',#510,#517);
#510 = B_SPLINE_SURFACE_WITH_KNOTS('',1,2,(
    (#511,#512,#513)
    ,(#514,#515,#516
    )),.UNSPECIFIED.,.F.,.F.,.F.,(2,2),(3,3),(2.,3.),(0.,1.),
  .PIECEWISE_BEZIER_KNOTS.);
#511 = CARTESIAN_POINT('',(-16.63397489674,6.562177652982,23.732051));
#512 = CARTESIAN_POINT('',(-32.06061700214,35.195206156985,
    19.810675630095));
#513 = CARTESIAN_POINT('',(-45.46363019771,64.972903398971,16.606285));
#514 = CARTESIAN_POINT('',(4.366025704311,18.686533652982,9.732051));
#515 = CARTESIAN_POINT('',(-13.49545584991,45.913806945777,
    14.207541086216));
#516 = CARTESIAN_POINT('',(-33.38541118209,71.946266398971,15.386105));
#517 = DEFINITIONAL_REPRESENTATION('',(#518),#566);
#518 = B_SPLINE_CURVE_WITH_KNOTS('',3,(#519,#520,#521,#522,#523,#524,
    #525,#526,#527,#528,#529,#530,#531,#532,#533,#534,#535,#536,#537,
    #538,#539,#540,#541,#542,#543,#544,#545,#546,#547,#548,#549,#550,
    #551,#552,#553,#554,#555,#556,#557,#558,#559,#560,#561,#562,#563,
    #564,#565),.UNSPECIFIED.,.F.,.F.,(4,1,1,1,1,1,1,1,1,1,1,1,1,1,1,1,1,
    1,1,1,1,1,1,1,1,1,1,1,1,1,1,1,1,1,1,1,1,1,1,1,1,1,1,1,4),(0.,
    5.021473331704E-02,0.100429466634,0.150644199951,0.200858933268,
    0.251073666585,0.301288399902,0.351503133219,0.401717866536,
    0.451932599853,0.50214733317,0.552362066487,0.602576799805,
    0.652791533122,0.703006266439,0.753220999756,0.803435733073,
    0.85365046639,0.903865199707,0.954079933024,1.004294666341,
    1.054509399658,1.104724132975,1.154938866292,1.205153599609,
    1.255368332926,1.305583066243,1.35579779956,1.406012532877,
    1.456227266194,1.506441999511,1.556656732828,1.606871466145,
    1.657086199462,1.70730093278,1.757515666097,1.807730399414,
    1.857945132731,1.908159866048,1.958374599365,2.008589332682,
    2.058804065999,2.109018799316,2.159233532633,2.20944826595),
  .QUASI_UNIFORM_KNOTS.);
#519 = CARTESIAN_POINT('',(2.,4.115324351857E-02));
#520 = CARTESIAN_POINT('',(2.006688486727,4.282445946371E-02));
#521 = CARTESIAN_POINT('',(2.020212365867,4.609022740051E-02));
#522 = CARTESIAN_POINT('',(2.040921685152,5.07562652119E-02));
#523 = CARTESIAN_POINT('',(2.062037552092,5.518705741215E-02));
#524 = CARTESIAN_POINT('',(2.083542091281,5.93800049779E-02));
#525 = CARTESIAN_POINT('',(2.105416815968,6.3332550979E-02));
#526 = CARTESIAN_POINT('',(2.127642543603,6.704219772362E-02));
#527 = CARTESIAN_POINT('',(2.15019942334,7.050652082427E-02));
#528 = CARTESIAN_POINT('',(2.173066938704,7.372318296306E-02));
#529 = CARTESIAN_POINT('',(2.196223925416,7.668994686909E-02));
#530 = CARTESIAN_POINT('',(2.219648581453,7.940468667578E-02));
#531 = CARTESIAN_POINT('',(2.243318520973,8.186540147187E-02));
#532 = CARTESIAN_POINT('',(2.267210617276,8.407021032106E-02));
#533 = CARTESIAN_POINT('',(2.291301197536,8.601738411309E-02));
#534 = CARTESIAN_POINT('',(2.315566099053,8.770535567079E-02));
#535 = CARTESIAN_POINT('',(2.339980704453,8.913272745101E-02));
#536 = CARTESIAN_POINT('',(2.364519991364,9.029827946818E-02));
#537 = CARTESIAN_POINT('',(2.389158583042,9.120097623932E-02));
#538 = CARTESIAN_POINT('',(2.413870798282,9.183997308274E-02));
#539 = CARTESIAN_POINT('',(2.438630719086,9.221462162972E-02));
#540 = CARTESIAN_POINT('',(2.46341220203,9.23244747739E-02));
#541 = CARTESIAN_POINT('',(2.488189112263,9.216929030041E-02));
#542 = CARTESIAN_POINT('',(2.512935217214,9.174903022343E-02));
#543 = CARTESIAN_POINT('',(2.537624279372,9.106386455661E-02));
#544 = CARTESIAN_POINT('',(2.562230213213,9.011416841335E-02));
#545 = CARTESIAN_POINT('',(2.586727118107,8.890051896469E-02));
#546 = CARTESIAN_POINT('',(2.611089342308,8.742369146749E-02));
#547 = CARTESIAN_POINT('',(2.635291536672,8.568465449106E-02));
#548 = CARTESIAN_POINT('',(2.659308706357,8.368456460215E-02));
#549 = CARTESIAN_POINT('',(2.683116266843,8.142475933541E-02));
#550 = CARTESIAN_POINT('',(2.706690068767,7.890675288691E-02));
#551 = CARTESIAN_POINT('',(2.73000652557,7.613221796734E-02));
#552 = CARTESIAN_POINT('',(2.753042341904,7.310301565399E-02));
#553 = CARTESIAN_POINT('',(2.775775092164,6.98211245124E-02));
#554 = CARTESIAN_POINT('',(2.798183173302,6.628861785064E-02));
#555 = CARTESIAN_POINT('',(2.820245515231,6.250769362637E-02));
#556 = CARTESIAN_POINT('',(2.841941684243,5.848065407037E-02));
#557 = CARTESIAN_POINT('',(2.863251874624,5.420989733649E-02));
#558 = CARTESIAN_POINT('',(2.884156923829,4.969790447473E-02));
#559 = CARTESIAN_POINT('',(2.904638314418,4.494722623323E-02));
#560 = CARTESIAN_POINT('',(2.92467817473,3.996046837239E-02));
#561 = CARTESIAN_POINT('',(2.944259267424,3.474027625637E-02));
#562 = CARTESIAN_POINT('',(2.963364997932,2.928931698059E-02));
#563 = CARTESIAN_POINT('',(2.981979326191,2.3610265236E-02));
#564 = CARTESIAN_POINT('',(2.994051120116,1.967393497564E-02));
#565 = CARTESIAN_POINT('',(3.,1.766863860676E-02));
#566 = ( GEOMETRIC_REPRESENTATION_CONTEXT(2) 
PARAMETRIC_REPRESENTATION_CONTEXT() REPRESENTATION_CONTEXT('2D SPACE',''
  ) );
#567 = ORIENTED_EDGE('',*,*,#568,.T.);
#568 = EDGE_CURVE('',#447,#569,#571,.T.);
#569 = VERTEX_POINT('',#570);
#570 = CARTESIAN_POINT('',(-18.88303368449,6.590222975757,
    20.110826603175));
#571 = SURFACE_CURVE('',#572,(#583,#593),.PCURVE_S1.);
#572 = B_SPLINE_CURVE_WITH_KNOTS('',5,(#573,#574,#575,#576,#577,#578,
    #579,#580,#581,#582),.UNSPECIFIED.,.F.,.F.,(6,4,6),(0.,
    0.524997417839,1.),.UNSPECIFIED.);
#573 = CARTESIAN_POINT('',(-17.90026041864,8.920800241282,
    23.410510646742));
#574 = CARTESIAN_POINT('',(-18.01117492599,8.698241893137,23.0576877599)
  );
#575 = CARTESIAN_POINT('',(-18.12032822166,8.470553353659,
    22.706202674237));
#576 = CARTESIAN_POINT('',(-18.22760949429,8.237425631055,
    22.356192851425));
#577 = CARTESIAN_POINT('',(-18.33288257349,7.998508179572,
    22.007829548321));
#578 = CARTESIAN_POINT('',(-18.52924768958,7.531591426083,
    21.347820295932));
#579 = CARTESIAN_POINT('',(-18.62073491744,7.304720440239,
    21.035838909755));
#580 = CARTESIAN_POINT('',(-18.71030674935,7.072450355641,
    20.725539623754));
#581 = CARTESIAN_POINT('',(-18.79780607469,6.834426522829,
    20.417119765455));
#582 = CARTESIAN_POINT('',(-18.88303368449,6.590222975757,
    20.110826603175));
#583 = PCURVE('',#39,#584);
#584 = DEFINITIONAL_REPRESENTATION('',(#585),#592);
#585 = B_SPLINE_CURVE_WITH_KNOTS('',5,(#586,#587,#588,#589,#590,#591),
  .UNSPECIFIED.,.F.,.F.,(6,6),(0.,1.),.PIECEWISE_BEZIER_KNOTS.);
#586 = CARTESIAN_POINT('',(2.679256721011,23.410510646742));
#587 = CARTESIAN_POINT('',(2.702939211558,22.73846374736));
#588 = CARTESIAN_POINT('',(2.727312089671,22.071265795719));
#589 = CARTESIAN_POINT('',(2.75248171137,21.409899387277));
#590 = CARTESIAN_POINT('',(2.778580868509,20.755650807892));
#591 = CARTESIAN_POINT('',(2.805806892912,20.110826603175));
#592 = ( GEOMETRIC_REPRESENTATION_CONTEXT(2) 
PARAMETRIC_REPRESENTATION_CONTEXT() REPRESENTATION_CONTEXT('2D SPACE',''
  ) );
#593 = PCURVE('',#594,#601);
#594 = B_SPLINE_SURFACE_WITH_KNOTS('',1,2,(
    (#595,#596,#597)
    ,(#598,#599,#600
    )),.UNSPECIFIED.,.F.,.F.,.F.,(2,2),(3,3),(1.,2.),(0.,1.),
  .PIECEWISE_BEZIER_KNOTS.);
#595 = CARTESIAN_POINT('',(-18.36602570431,5.562177652982,20.267949));
#596 = CARTESIAN_POINT('',(-33.01479527454,34.644311074563,
    15.792458913784));
#597 = CARTESIAN_POINT('',(-45.6145888179,64.885747398971,14.613895));
#598 = CARTESIAN_POINT('',(-16.63397489674,6.562177652982,23.732051));
#599 = CARTESIAN_POINT('',(-32.06061700214,35.195206156985,
    19.810675630095));
#600 = CARTESIAN_POINT('',(-45.46363019771,64.972903398971,16.606285));
#601 = DEFINITIONAL_REPRESENTATION('',(#602),#613);
#602 = B_SPLINE_CURVE_WITH_KNOTS('',5,(#603,#604,#605,#606,#607,#608,
    #609,#610,#611,#612),.UNSPECIFIED.,.F.,.F.,(6,4,6),(0.,
    0.524997417839,1.),.UNSPECIFIED.);
#603 = CARTESIAN_POINT('',(2.,4.115324351857E-02));
#604 = CARTESIAN_POINT('',(1.894658472898,3.90417942388E-02));
#605 = CARTESIAN_POINT('',(1.789372399484,3.68484724521E-02));
#606 = CARTESIAN_POINT('',(1.684154397958,3.45683109053E-02));
#607 = CARTESIAN_POINT('',(1.579022509368,3.219559395351E-02));
#608 = CARTESIAN_POINT('',(1.378978723019,2.748654156712E-02));
#609 = CARTESIAN_POINT('',(1.284047577443,2.516827291299E-02));
#610 = CARTESIAN_POINT('',(1.189223538967,2.276336594958E-02));
#611 = CARTESIAN_POINT('',(1.094530603484,2.026588941858E-02));
#612 = CARTESIAN_POINT('',(1.,1.766863860676E-02));
#613 = ( GEOMETRIC_REPRESENTATION_CONTEXT(2) 
PARAMETRIC_REPRESENTATION_CONTEXT() REPRESENTATION_CONTEXT('2D SPACE',''
  ) );
#614 = ORIENTED_EDGE('',*,*,#615,.T.);
#615 = EDGE_CURVE('',#569,#616,#618,.T.);
#616 = VERTEX_POINT('',#617);
#617 = CARTESIAN_POINT('',(1.224490578284,19.962480377541,6.589489353258
    ));
#618 = SURFACE_CURVE('',#619,(#642,#684),.PCURVE_S1.);
#619 = B_SPLINE_CURVE_WITH_KNOTS('',6,(#620,#621,#622,#623,#624,#625,
    #626,#627,#628,#629,#630,#631,#632,#633,#634,#635,#636,#637,#638,
    #639,#640,#641),.UNSPECIFIED.,.F.,.F.,(7,5,5,5,7),(0.,0.539712330914
    ,1.,1.392893427188,1.826823294681),.UNSPECIFIED.);
#620 = CARTESIAN_POINT('',(-18.88303368449,6.590222975757,
    20.110826603175));
#621 = CARTESIAN_POINT('',(-18.45533883319,7.815701432779,
    19.465783891221));
#622 = CARTESIAN_POINT('',(-17.9347549529,9.000571403634,18.813052565696
    ));
#623 = CARTESIAN_POINT('',(-17.32582678042,10.138643840932,
    18.155169032119));
#624 = CARTESIAN_POINT('',(-16.63323088706,11.2233184519,17.493821828794
    ));
#625 = CARTESIAN_POINT('',(-15.86234760523,12.248103865046,
    16.830035085408));
#626 = CARTESIAN_POINT('',(-14.30021306851,14.024605095276,
    15.59674764022));
#627 = CARTESIAN_POINT('',(-13.52867532462,14.794289268994,
    15.027763594553));
#628 = CARTESIAN_POINT('',(-12.70845880194,15.512117049897,
    14.457883775456));
#629 = CARTESIAN_POINT('',(-11.84379947566,16.174481568913,
    13.887314335176));
#630 = CARTESIAN_POINT('',(-10.93933693555,16.778181643085,
    13.316158189753));
#631 = CARTESIAN_POINT('',(-9.198198577364,17.783428342885,
    12.256643253751));
#632 = CARTESIAN_POINT('',(-8.37097882574,18.20163666488,11.768400567085
    ));
#633 = CARTESIAN_POINT('',(-7.521401523869,18.57344843676,
    11.279910216029));
#634 = CARTESIAN_POINT('',(-6.652644513388,18.897459720985,
    10.791250897622));
#635 = CARTESIAN_POINT('',(-5.767938435502,19.172560017509,
    10.302557995162));
#636 = CARTESIAN_POINT('',(-3.879325947068,19.646760301271,
    9.274560255468));
#637 = CARTESIAN_POINT('',(-2.872625367957,19.834919934609,
    8.735302845522));
#638 = CARTESIAN_POINT('',(-1.854698580171,19.961226945531,8.19660027492
    ));
#639 = CARTESIAN_POINT('',(-0.829810089804,20.02490026184,7.658901685902
    ));
#640 = CARTESIAN_POINT('',(0.197902187342,20.025450899676,7.12288220177)
  );
#641 = CARTESIAN_POINT('',(1.224490578284,19.962480377541,6.589489353258
    ));
#642 = PCURVE('',#39,#643);
#643 = DEFINITIONAL_REPRESENTATION('',(#644),#683);
#644 = B_SPLINE_CURVE_WITH_KNOTS('',10,(#645,#646,#647,#648,#649,#650,
    #651,#652,#653,#654,#655,#656,#657,#658,#659,#660,#661,#662,#663,
    #664,#665,#666,#667,#668,#669,#670,#671,#672,#673,#674,#675,#676,
    #677,#678,#679,#680,#681,#682),.UNSPECIFIED.,.F.,.F.,(11,9,9,9,11),(
    0.,0.45670582367,0.799235191423,1.313029243052,1.826823294681),
  .UNSPECIFIED.);
#645 = CARTESIAN_POINT('',(2.805806892912,20.110826603175));
#646 = CARTESIAN_POINT('',(2.772856592948,19.783324621629));
#647 = CARTESIAN_POINT('',(2.739998521414,19.453987362829));
#648 = CARTESIAN_POINT('',(2.707220199151,19.123071249902));
#649 = CARTESIAN_POINT('',(2.674510817661,18.790801300825));
#650 = CARTESIAN_POINT('',(2.641861047563,18.457373297527));
#651 = CARTESIAN_POINT('',(2.60926284706,18.122955955004));
#652 = CARTESIAN_POINT('',(2.576709270404,17.787693090419));
#653 = CARTESIAN_POINT('',(2.544194276357,17.451705792216));
#654 = CARTESIAN_POINT('',(2.511712536656,17.115094589221));
#655 = CARTESIAN_POINT('',(2.454919275345,16.525076892654));
#656 = CARTESIAN_POINT('',(2.430595341256,16.271907555368));
#657 = CARTESIAN_POINT('',(2.406285575329,16.018469616803));
#658 = CARTESIAN_POINT('',(2.381987112136,15.764780608518));
#659 = CARTESIAN_POINT('',(2.357701108776,15.510893389786));
#660 = CARTESIAN_POINT('',(2.333425430843,15.256820168148));
#661 = CARTESIAN_POINT('',(2.309157811122,15.002566385735));
#662 = CARTESIAN_POINT('',(2.284899402218,14.748168903437));
#663 = CARTESIAN_POINT('',(2.260648216129,14.493628170171));
#664 = CARTESIAN_POINT('',(2.200037611022,13.856957227292));
#665 = CARTESIAN_POINT('',(2.163686737204,13.47466604803));
#666 = CARTESIAN_POINT('',(2.127349413189,13.092128575372));
#667 = CARTESIAN_POINT('',(2.091022279317,12.709358314052));
#668 = CARTESIAN_POINT('',(2.054708511278,12.326430631569));
#669 = CARTESIAN_POINT('',(2.018399311171,11.943294976372));
#670 = CARTESIAN_POINT('',(1.982100126042,11.560055921902));
#671 = CARTESIAN_POINT('',(1.945804352796,11.176705236678));
#672 = CARTESIAN_POINT('',(1.909510822231,10.79331018265));
#673 = CARTESIAN_POINT('',(1.836920447581,10.026559047753));
#674 = CARTESIAN_POINT('',(1.800623575933,9.643202661627));
#675 = CARTESIAN_POINT('',(1.76432175924,9.259936042989));
#676 = CARTESIAN_POINT('',(1.72801063974,8.876843200462));
#677 = CARTESIAN_POINT('',(1.691684193792,8.494021742799));
#678 = CARTESIAN_POINT('',(1.655335375826,8.111595460046));
#679 = CARTESIAN_POINT('',(1.61895634035,7.729722280268));
#680 = CARTESIAN_POINT('',(1.58253776308,7.348592841502));
#681 = CARTESIAN_POINT('',(1.5460679381,6.968427186227));
#682 = CARTESIAN_POINT('',(1.509533483775,6.589489353258));
#683 = ( GEOMETRIC_REPRESENTATION_CONTEXT(2) 
PARAMETRIC_REPRESENTATION_CONTEXT() REPRESENTATION_CONTEXT('2D SPACE',''
  ) );
#684 = PCURVE('',#685,#692);
#685 = B_SPLINE_SURFACE_WITH_KNOTS('',1,2,(
    (#686,#687,#688)
    ,(#689,#690,#691
    )),.UNSPECIFIED.,.F.,.F.,.F.,(2,2),(3,3),(0.,1.),(0.,1.),
  .PIECEWISE_BEZIER_KNOTS.);
#686 = CARTESIAN_POINT('',(2.633974896742,17.686533652982,6.267949));
#687 = CARTESIAN_POINT('',(-14.4496341223,45.362911863355,
    10.189324369905));
#688 = CARTESIAN_POINT('',(-33.53636980228,71.859110398971,13.393715));
#689 = CARTESIAN_POINT('',(-18.36602570431,5.562177652982,20.267949));
#690 = CARTESIAN_POINT('',(-33.01479527454,34.644311074563,
    15.792458913784));
#691 = CARTESIAN_POINT('',(-45.6145888179,64.885747398971,14.613895));
#692 = DEFINITIONAL_REPRESENTATION('',(#693),#741);
#693 = B_SPLINE_CURVE_WITH_KNOTS('',3,(#694,#695,#696,#697,#698,#699,
    #700,#701,#702,#703,#704,#705,#706,#707,#708,#709,#710,#711,#712,
    #713,#714,#715,#716,#717,#718,#719,#720,#721,#722,#723,#724,#725,
    #726,#727,#728,#729,#730,#731,#732,#733,#734,#735,#736,#737,#738,
    #739,#740),.UNSPECIFIED.,.F.,.F.,(4,1,1,1,1,1,1,1,1,1,1,1,1,1,1,1,1,
    1,1,1,1,1,1,1,1,1,1,1,1,1,1,1,1,1,1,1,1,1,1,1,1,1,1,1,4),(0.,
    4.151871124275E-02,8.30374224855E-02,0.124556133728,0.166074844971,
    0.207593556214,0.249112267456,0.290630978699,0.332149689942,
    0.373668401185,0.415187112427,0.45670582367,0.498224534913,
    0.539743246156,0.581261957398,0.622780668641,0.664299379884,
    0.705818091127,0.747336802369,0.788855513612,0.830374224855,
    0.871892936098,0.91341164734,0.954930358583,0.996449069826,
    1.037967781069,1.079486492311,1.121005203554,1.162523914797,
    1.20404262604,1.245561337282,1.287080048525,1.328598759768,
    1.370117471011,1.411636182253,1.453154893496,1.494673604739,
    1.536192315982,1.577711027224,1.619229738467,1.66074844971,
    1.702267160953,1.743785872195,1.785304583438,1.826823294681),
  .QUASI_UNIFORM_KNOTS.);
#694 = CARTESIAN_POINT('',(1.,1.766863860676E-02));
#695 = CARTESIAN_POINT('',(0.994051120116,1.967393497564E-02));
#696 = CARTESIAN_POINT('',(0.981979326191,2.361026523599E-02));
#697 = CARTESIAN_POINT('',(0.963364997932,2.928931698059E-02));
#698 = CARTESIAN_POINT('',(0.944259267424,3.474027625637E-02));
#699 = CARTESIAN_POINT('',(0.92467817473,3.996046837238E-02));
#700 = CARTESIAN_POINT('',(0.904638314418,4.494722623322E-02));
#701 = CARTESIAN_POINT('',(0.884156923829,4.969790447472E-02));
#702 = CARTESIAN_POINT('',(0.863251874624,5.420989733648E-02));
#703 = CARTESIAN_POINT('',(0.841941684244,5.848065407036E-02));
#704 = CARTESIAN_POINT('',(0.820245515231,6.250769362636E-02));
#705 = CARTESIAN_POINT('',(0.798183173302,6.628861785063E-02));
#706 = CARTESIAN_POINT('',(0.775775092164,6.982112451239E-02));
#707 = CARTESIAN_POINT('',(0.753042341904,7.310301565397E-02));
#708 = CARTESIAN_POINT('',(0.73000652557,7.613221796733E-02));
#709 = CARTESIAN_POINT('',(0.706690068767,7.89067528869E-02));
#710 = CARTESIAN_POINT('',(0.683116266843,8.14247593354E-02));
#711 = CARTESIAN_POINT('',(0.659308706357,8.368456460213E-02));
#712 = CARTESIAN_POINT('',(0.635291536672,8.568465449104E-02));
#713 = CARTESIAN_POINT('',(0.611089342308,8.742369146748E-02));
#714 = CARTESIAN_POINT('',(0.586727118108,8.890051896468E-02));
#715 = CARTESIAN_POINT('',(0.562230213214,9.011416841334E-02));
#716 = CARTESIAN_POINT('',(0.537624279372,9.106386455661E-02));
#717 = CARTESIAN_POINT('',(0.512935217215,9.174903022343E-02));
#718 = CARTESIAN_POINT('',(0.488189112263,9.21692903004E-02));
#719 = CARTESIAN_POINT('',(0.463412202031,9.232447477389E-02));
#720 = CARTESIAN_POINT('',(0.438630719086,9.221462162972E-02));
#721 = CARTESIAN_POINT('',(0.413870798282,9.183997308274E-02));
#722 = CARTESIAN_POINT('',(0.389158583042,9.120097623933E-02));
#723 = CARTESIAN_POINT('',(0.364519991364,9.029827946819E-02));
#724 = CARTESIAN_POINT('',(0.339980704453,8.913272745102E-02));
#725 = CARTESIAN_POINT('',(0.315566099054,8.77053556708E-02));
#726 = CARTESIAN_POINT('',(0.291301197537,8.60173841131E-02));
#727 = CARTESIAN_POINT('',(0.267210617277,8.407021032107E-02));
#728 = CARTESIAN_POINT('',(0.243318520973,8.186540147189E-02));
#729 = CARTESIAN_POINT('',(0.219648581453,7.94046866758E-02));
#730 = CARTESIAN_POINT('',(0.196223925416,7.66899468691E-02));
#731 = CARTESIAN_POINT('',(0.173066938705,7.372318296308E-02));
#732 = CARTESIAN_POINT('',(0.15019942334,7.050652082429E-02));
#733 = CARTESIAN_POINT('',(0.127642543603,6.704219772363E-02));
#734 = CARTESIAN_POINT('',(0.105416815968,6.333255097901E-02));
#735 = CARTESIAN_POINT('',(8.354209128117E-02,5.938000497791E-02));
#736 = CARTESIAN_POINT('',(6.203755209168E-02,5.518705741216E-02));
#737 = CARTESIAN_POINT('',(4.092168515158E-02,5.075626521191E-02));
#738 = CARTESIAN_POINT('',(2.021236586685E-02,4.609022740051E-02));
#739 = CARTESIAN_POINT('',(6.688486726609E-03,4.282445946371E-02));
#740 = CARTESIAN_POINT('',(0.,4.115324351857E-02));
#741 = ( GEOMETRIC_REPRESENTATION_CONTEXT(2) 
PARAMETRIC_REPRESENTATION_CONTEXT() REPRESENTATION_CONTEXT('2D SPACE',''
  ) );
#742 = ORIENTED_EDGE('',*,*,#743,.T.);
#743 = EDGE_CURVE('',#616,#449,#744,.T.);
#744 = SURFACE_CURVE('',#745,(#756,#766),.PCURVE_S1.);
#745 = B_SPLINE_CURVE_WITH_KNOTS('',5,(#746,#747,#748,#749,#750,#751,
    #752,#753,#754,#755),.UNSPECIFIED.,.F.,.F.,(6,4,6),(0.,
    0.524997417839,1.),.UNSPECIFIED.);
#746 = CARTESIAN_POINT('',(1.224490578284,19.962480377541,6.589489353258
    ));
#747 = CARTESIAN_POINT('',(1.472689015278,19.947255984484,6.9423122401)
  );
#748 = CARTESIAN_POINT('',(1.724449722453,19.927941241705,7.293797325763
    ));
#749 = CARTESIAN_POINT('',(1.979984888867,19.904285687847,7.643807148575
    ));
#750 = CARTESIAN_POINT('',(2.23953001086,19.875996123028,7.992170451679)
  );
#751 = CARTESIAN_POINT('',(2.742074338881,19.812594925237,8.652179704068
    ));
#752 = CARTESIAN_POINT('',(2.984293989933,19.778389695766,8.964161090245
    ));
#753 = CARTESIAN_POINT('',(3.230231699689,19.739826135363,9.274460376246
    ));
#754 = CARTESIAN_POINT('',(3.48011604828,19.696590857516,9.582880234545)
  );
#755 = CARTESIAN_POINT('',(3.734216328638,19.648298359169,9.889173396825
    ));
#756 = PCURVE('',#39,#757);
#757 = DEFINITIONAL_REPRESENTATION('',(#758),#765);
#758 = B_SPLINE_CURVE_WITH_KNOTS('',5,(#759,#760,#761,#762,#763,#764),
  .UNSPECIFIED.,.F.,.F.,(6,6),(0.,1.),.PIECEWISE_BEZIER_KNOTS.);
#759 = CARTESIAN_POINT('',(1.509533483775,6.589489353258));
#760 = CARTESIAN_POINT('',(1.485850993228,7.26153625264));
#761 = CARTESIAN_POINT('',(1.461478115116,7.928734204281));
#762 = CARTESIAN_POINT('',(1.436308493416,8.590100612723));
#763 = CARTESIAN_POINT('',(1.410209336278,9.244349192108));
#764 = CARTESIAN_POINT('',(1.382983311874,9.889173396825));
#765 = ( GEOMETRIC_REPRESENTATION_CONTEXT(2) 
PARAMETRIC_REPRESENTATION_CONTEXT() REPRESENTATION_CONTEXT('2D SPACE',''
  ) );
#766 = PCURVE('',#767,#774);
#767 = B_SPLINE_SURFACE_WITH_KNOTS('',1,2,(
    (#768,#769,#770)
    ,(#771,#772,#773
    )),.UNSPECIFIED.,.F.,.F.,.F.,(2,2),(3,3),(3.,4.),(0.,1.),
  .PIECEWISE_BEZIER_KNOTS.);
#768 = CARTESIAN_POINT('',(4.366025704311,18.686533652982,9.732051));
#769 = CARTESIAN_POINT('',(-13.49545584991,45.913806945777,
    14.207541086216));
#770 = CARTESIAN_POINT('',(-33.38541118209,71.946266398971,15.386105));
#771 = CARTESIAN_POINT('',(2.633974896742,17.686533652982,6.267949));
#772 = CARTESIAN_POINT('',(-14.4496341223,45.362911863355,
    10.189324369905));
#773 = CARTESIAN_POINT('',(-33.53636980228,71.859110398971,13.393715));
#774 = DEFINITIONAL_REPRESENTATION('',(#775),#786);
#775 = B_SPLINE_CURVE_WITH_KNOTS('',5,(#776,#777,#778,#779,#780,#781,
    #782,#783,#784,#785),.UNSPECIFIED.,.F.,.F.,(6,4,6),(0.,
    0.524997417839,1.),.UNSPECIFIED.);
#776 = CARTESIAN_POINT('',(4.,4.115324351857E-02));
#777 = CARTESIAN_POINT('',(3.894658472898,3.90417942388E-02));
#778 = CARTESIAN_POINT('',(3.789372399484,3.68484724521E-02));
#779 = CARTESIAN_POINT('',(3.684154397958,3.45683109053E-02));
#780 = CARTESIAN_POINT('',(3.579022509368,3.219559395351E-02));
#781 = CARTESIAN_POINT('',(3.378978723019,2.748654156712E-02));
#782 = CARTESIAN_POINT('',(3.284047577443,2.516827291299E-02));
#783 = CARTESIAN_POINT('',(3.189223538967,2.276336594958E-02));
#784 = CARTESIAN_POINT('',(3.094530603484,2.026588941858E-02));
#785 = CARTESIAN_POINT('',(3.,1.766863860676E-02));
#786 = ( GEOMETRIC_REPRESENTATION_CONTEXT(2) 
PARAMETRIC_REPRESENTATION_CONTEXT() REPRESENTATION_CONTEXT('2D SPACE',''
  ) );
#787 = FACE_BOUND('',#788,.T.);
#788 = EDGE_LOOP('',(#789,#911,#958,#1086));
#789 = ORIENTED_EDGE('',*,*,#790,.F.);
#790 = EDGE_CURVE('',#791,#793,#795,.T.);
#791 = VERTEX_POINT('',#792);
#792 = CARTESIAN_POINT('',(1.224490578284,-19.96248037754,
    23.410510646742));
#793 = VERTEX_POINT('',#794);
#794 = CARTESIAN_POINT('',(-18.88303368449,-6.590222975757,
    9.889173396825));
#795 = SURFACE_CURVE('',#796,(#819,#853),.PCURVE_S1.);
#796 = B_SPLINE_CURVE_WITH_KNOTS('',6,(#797,#798,#799,#800,#801,#802,
    #803,#804,#805,#806,#807,#808,#809,#810,#811,#812,#813,#814,#815,
    #816,#817,#818),.UNSPECIFIED.,.F.,.F.,(7,5,5,5,7),(0.,0.524815725781
    ,1.,1.556694123214,2.20944826595),.UNSPECIFIED.);
#797 = CARTESIAN_POINT('',(1.224490578284,-19.96248037754,
    23.410510646742));
#798 = CARTESIAN_POINT('',(0.197902187348,-20.02545089967,
    22.877117798233));
#799 = CARTESIAN_POINT('',(-0.829810089792,-20.02490026184,
    22.341098314104));
#800 = CARTESIAN_POINT('',(-1.854698580156,-19.96122694553,
    21.803399725087));
#801 = CARTESIAN_POINT('',(-2.872625367933,-19.83491993461,
    21.264697154491));
#802 = CARTESIAN_POINT('',(-3.879325947042,-19.64676030127,
    20.725439744546));
#803 = CARTESIAN_POINT('',(-5.767938435475,-19.17256001751,
    19.697442004854));
#804 = CARTESIAN_POINT('',(-6.652644513369,-18.89745972099,
    19.208749102388));
#805 = CARTESIAN_POINT('',(-7.521401523851,-18.57344843676,
    18.720089783982));
#806 = CARTESIAN_POINT('',(-8.370978825732,-18.20163666488,
    18.23159943292));
#807 = CARTESIAN_POINT('',(-9.198198577358,-17.78342834288,
    17.743356746252));
#808 = CARTESIAN_POINT('',(-10.93933693555,-16.77818164308,
    16.683841810247));
#809 = CARTESIAN_POINT('',(-11.84379947566,-16.17448156891,
    16.112685664823));
#810 = CARTESIAN_POINT('',(-12.70845880194,-15.51211704989,
    15.542116224544));
#811 = CARTESIAN_POINT('',(-13.52867532462,-14.79428926899,
    14.972236405447));
#812 = CARTESIAN_POINT('',(-14.30021306851,-14.02460509527,
    14.40325235978));
#813 = CARTESIAN_POINT('',(-15.86234760523,-12.24810386504,
    13.169964914592));
#814 = CARTESIAN_POINT('',(-16.63323088706,-11.2233184519,
    12.506178171206));
#815 = CARTESIAN_POINT('',(-17.32582678042,-10.13864384093,
    11.84483096788));
#816 = CARTESIAN_POINT('',(-17.9347549529,-9.000571403635,
    11.186947434305));
#817 = CARTESIAN_POINT('',(-18.45533883319,-7.815701432779,
    10.534216108779));
#818 = CARTESIAN_POINT('',(-18.88303368449,-6.590222975757,
    9.889173396825));
#819 = PCURVE('',#39,#820);
#820 = DEFINITIONAL_REPRESENTATION('',(#821),#852);
#821 = B_SPLINE_CURVE_WITH_KNOTS('',8,(#822,#823,#824,#825,#826,#827,
    #828,#829,#830,#831,#832,#833,#834,#835,#836,#837,#838,#839,#840,
    #841,#842,#843,#844,#845,#846,#847,#848,#849,#850,#851),
  .UNSPECIFIED.,.F.,.F.,(9,7,7,7,9),(0.,0.552362066487,0.966633616353,
    1.588040941152,2.20944826595),.UNSPECIFIED.);
#822 = CARTESIAN_POINT('',(4.773651823405,23.410510646742));
#823 = CARTESIAN_POINT('',(4.733057985266,22.98946861011));
#824 = CARTESIAN_POINT('',(4.69254628533,22.566868220189));
#825 = CARTESIAN_POINT('',(4.652096203731,22.143102562445));
#826 = CARTESIAN_POINT('',(4.611691598922,21.718496185931));
#827 = CARTESIAN_POINT('',(4.571319378031,21.29330731294));
#828 = CARTESIAN_POINT('',(4.530968712512,20.867734908287));
#829 = CARTESIAN_POINT('',(4.490630799094,20.441930608205));
#830 = CARTESIAN_POINT('',(4.420050441214,19.696579184365));
#831 = CARTESIAN_POINT('',(4.389805308738,19.377081174761));
#832 = CARTESIAN_POINT('',(4.359561144167,19.05757389513));
#833 = CARTESIAN_POINT('',(4.329315799838,18.738097387763));
#834 = CARTESIAN_POINT('',(4.299067528865,18.418682232242));
#835 = CARTESIAN_POINT('',(4.268814909154,18.099352455515));
#836 = CARTESIAN_POINT('',(4.238556767413,17.780128441963));
#837 = CARTESIAN_POINT('',(4.162895106819,16.982381945755));
#838 = CARTESIAN_POINT('',(4.117483593011,16.504017949854));
#839 = CARTESIAN_POINT('',(4.072052418342,16.02598607268));
#840 = CARTESIAN_POINT('',(4.026602429825,15.548385112357));
#841 = CARTESIAN_POINT('',(3.981124002581,15.07122170736));
#842 = CARTESIAN_POINT('',(3.935617102577,14.59465101836));
#843 = CARTESIAN_POINT('',(3.890069644923,14.118779175369));
#844 = CARTESIAN_POINT('',(3.798877777864,13.168944890788));
#845 = CARTESIAN_POINT('',(3.753233019626,12.694977731373));
#846 = CARTESIAN_POINT('',(3.70752631922,12.22216512066));
#847 = CARTESIAN_POINT('',(3.661742483372,11.750791520623));
#848 = CARTESIAN_POINT('',(3.6158627992,11.281239156614));
#849 = CARTESIAN_POINT('',(3.569863590426,10.814005884597));
#850 = CARTESIAN_POINT('',(3.523714773592,10.349723058375));
#851 = CARTESIAN_POINT('',(3.477378414267,9.889173396825));
#852 = ( GEOMETRIC_REPRESENTATION_CONTEXT(2) 
PARAMETRIC_REPRESENTATION_CONTEXT() REPRESENTATION_CONTEXT('2D SPACE',''
  ) );
#853 = PCURVE('',#854,#861);
#854 = B_SPLINE_SURFACE_WITH_KNOTS('',1,2,(
    (#855,#856,#857)
    ,(#858,#859,#860
    )),.UNSPECIFIED.,.F.,.F.,.F.,(2,2),(3,3),(2.,3.),(0.,1.),
  .PIECEWISE_BEZIER_KNOTS.);
#855 = CARTESIAN_POINT('',(2.633974896742,-17.68653365298,23.732051));
#856 = CARTESIAN_POINT('',(-14.4496341223,-45.36291186335,
    19.810675630095));
#857 = CARTESIAN_POINT('',(-33.53636980228,-71.85911039897,16.606285));
#858 = CARTESIAN_POINT('',(-18.36602570431,-5.562177652982,9.732051));
#859 = CARTESIAN_POINT('',(-33.01479527454,-34.64431107456,
    14.207541086216));
#860 = CARTESIAN_POINT('',(-45.6145888179,-64.88574739897,15.386105));
#861 = DEFINITIONAL_REPRESENTATION('',(#862),#910);
#862 = B_SPLINE_CURVE_WITH_KNOTS('',3,(#863,#864,#865,#866,#867,#868,
    #869,#870,#871,#872,#873,#874,#875,#876,#877,#878,#879,#880,#881,
    #882,#883,#884,#885,#886,#887,#888,#889,#890,#891,#892,#893,#894,
    #895,#896,#897,#898,#899,#900,#901,#902,#903,#904,#905,#906,#907,
    #908,#909),.UNSPECIFIED.,.F.,.F.,(4,1,1,1,1,1,1,1,1,1,1,1,1,1,1,1,1,
    1,1,1,1,1,1,1,1,1,1,1,1,1,1,1,1,1,1,1,1,1,1,1,1,1,1,1,4),(0.,
    5.021473331704E-02,0.100429466634,0.150644199951,0.200858933268,
    0.251073666585,0.301288399902,0.351503133219,0.401717866536,
    0.451932599853,0.50214733317,0.552362066487,0.602576799805,
    0.652791533122,0.703006266439,0.753220999756,0.803435733073,
    0.85365046639,0.903865199707,0.954079933024,1.004294666341,
    1.054509399658,1.104724132975,1.154938866292,1.205153599609,
    1.255368332926,1.305583066243,1.35579779956,1.406012532877,
    1.456227266194,1.506441999511,1.556656732828,1.606871466145,
    1.657086199462,1.70730093278,1.757515666097,1.807730399414,
    1.857945132731,1.908159866048,1.958374599365,2.008589332682,
    2.058804065999,2.109018799316,2.159233532633,2.20944826595),
  .QUASI_UNIFORM_KNOTS.);
#863 = CARTESIAN_POINT('',(2.,4.115324351857E-02));
#864 = CARTESIAN_POINT('',(2.006688486727,4.282445946371E-02));
#865 = CARTESIAN_POINT('',(2.020212365867,4.609022740051E-02));
#866 = CARTESIAN_POINT('',(2.040921685152,5.07562652119E-02));
#867 = CARTESIAN_POINT('',(2.062037552092,5.518705741215E-02));
#868 = CARTESIAN_POINT('',(2.083542091281,5.93800049779E-02));
#869 = CARTESIAN_POINT('',(2.105416815968,6.3332550979E-02));
#870 = CARTESIAN_POINT('',(2.127642543603,6.704219772362E-02));
#871 = CARTESIAN_POINT('',(2.15019942334,7.050652082427E-02));
#872 = CARTESIAN_POINT('',(2.173066938704,7.372318296306E-02));
#873 = CARTESIAN_POINT('',(2.196223925416,7.668994686909E-02));
#874 = CARTESIAN_POINT('',(2.219648581453,7.940468667578E-02));
#875 = CARTESIAN_POINT('',(2.243318520973,8.186540147187E-02));
#876 = CARTESIAN_POINT('',(2.267210617276,8.407021032106E-02));
#877 = CARTESIAN_POINT('',(2.291301197536,8.601738411309E-02));
#878 = CARTESIAN_POINT('',(2.315566099053,8.770535567079E-02));
#879 = CARTESIAN_POINT('',(2.339980704453,8.913272745101E-02));
#880 = CARTESIAN_POINT('',(2.364519991364,9.029827946818E-02));
#881 = CARTESIAN_POINT('',(2.389158583042,9.120097623932E-02));
#882 = CARTESIAN_POINT('',(2.413870798282,9.183997308274E-02));
#883 = CARTESIAN_POINT('',(2.438630719086,9.221462162972E-02));
#884 = CARTESIAN_POINT('',(2.46341220203,9.23244747739E-02));
#885 = CARTESIAN_POINT('',(2.488189112263,9.216929030041E-02));
#886 = CARTESIAN_POINT('',(2.512935217214,9.174903022343E-02));
#887 = CARTESIAN_POINT('',(2.537624279372,9.106386455661E-02));
#888 = CARTESIAN_POINT('',(2.562230213213,9.011416841335E-02));
#889 = CARTESIAN_POINT('',(2.586727118107,8.890051896469E-02));
#890 = CARTESIAN_POINT('',(2.611089342308,8.742369146749E-02));
#891 = CARTESIAN_POINT('',(2.635291536672,8.568465449106E-02));
#892 = CARTESIAN_POINT('',(2.659308706357,8.368456460215E-02));
#893 = CARTESIAN_POINT('',(2.683116266843,8.142475933541E-02));
#894 = CARTESIAN_POINT('',(2.706690068767,7.890675288691E-02));
#895 = CARTESIAN_POINT('',(2.73000652557,7.613221796734E-02));
#896 = CARTESIAN_POINT('',(2.753042341904,7.310301565399E-02));
#897 = CARTESIAN_POINT('',(2.775775092164,6.98211245124E-02));
#898 = CARTESIAN_POINT('',(2.798183173302,6.628861785064E-02));
#899 = CARTESIAN_POINT('',(2.820245515231,6.250769362637E-02));
#900 = CARTESIAN_POINT('',(2.841941684243,5.848065407037E-02));
#901 = CARTESIAN_POINT('',(2.863251874624,5.420989733649E-02));
#902 = CARTESIAN_POINT('',(2.884156923829,4.969790447473E-02));
#903 = CARTESIAN_POINT('',(2.904638314418,4.494722623323E-02));
#904 = CARTESIAN_POINT('',(2.92467817473,3.996046837239E-02));
#905 = CARTESIAN_POINT('',(2.944259267424,3.474027625637E-02));
#906 = CARTESIAN_POINT('',(2.963364997932,2.928931698059E-02));
#907 = CARTESIAN_POINT('',(2.981979326191,2.3610265236E-02));
#908 = CARTESIAN_POINT('',(2.994051120116,1.967393497564E-02));
#909 = CARTESIAN_POINT('',(3.,1.766863860676E-02));
#910 = ( GEOMETRIC_REPRESENTATION_CONTEXT(2) 
PARAMETRIC_REPRESENTATION_CONTEXT() REPRESENTATION_CONTEXT('2D SPACE',''
  ) );
#911 = ORIENTED_EDGE('',*,*,#912,.T.);
#912 = EDGE_CURVE('',#791,#913,#915,.T.);
#913 = VERTEX_POINT('',#914);
#914 = CARTESIAN_POINT('',(3.734216328638,-19.64829835916,
    20.110826603175));
#915 = SURFACE_CURVE('',#916,(#927,#937),.PCURVE_S1.);
#916 = B_SPLINE_CURVE_WITH_KNOTS('',5,(#917,#918,#919,#920,#921,#922,
    #923,#924,#925,#926),.UNSPECIFIED.,.F.,.F.,(6,4,6),(0.,
    0.524997417839,1.),.UNSPECIFIED.);
#917 = CARTESIAN_POINT('',(1.224490578284,-19.96248037754,
    23.410510646742));
#918 = CARTESIAN_POINT('',(1.472689015278,-19.94725598448,23.0576877599)
  );
#919 = CARTESIAN_POINT('',(1.724449722453,-19.9279412417,22.706202674237
    ));
#920 = CARTESIAN_POINT('',(1.979984888867,-19.90428568784,
    22.356192851425));
#921 = CARTESIAN_POINT('',(2.23953001086,-19.87599612302,22.007829548321
    ));
#922 = CARTESIAN_POINT('',(2.742074338881,-19.81259492523,
    21.347820295932));
#923 = CARTESIAN_POINT('',(2.984293989933,-19.77838969576,
    21.035838909755));
#924 = CARTESIAN_POINT('',(3.230231699689,-19.73982613536,
    20.725539623754));
#925 = CARTESIAN_POINT('',(3.48011604828,-19.69659085751,20.417119765455
    ));
#926 = CARTESIAN_POINT('',(3.734216328638,-19.64829835916,
    20.110826603175));
#927 = PCURVE('',#39,#928);
#928 = DEFINITIONAL_REPRESENTATION('',(#929),#936);
#929 = B_SPLINE_CURVE_WITH_KNOTS('',5,(#930,#931,#932,#933,#934,#935),
  .UNSPECIFIED.,.F.,.F.,(6,6),(0.,1.),.PIECEWISE_BEZIER_KNOTS.);
#930 = CARTESIAN_POINT('',(4.773651823405,23.410510646742));
#931 = CARTESIAN_POINT('',(4.797334313952,22.73846374736));
#932 = CARTESIAN_POINT('',(4.821707192064,22.071265795719));
#933 = CARTESIAN_POINT('',(4.846876813764,21.409899387277));
#934 = CARTESIAN_POINT('',(4.872975970902,20.755650807892));
#935 = CARTESIAN_POINT('',(4.900201995306,20.110826603175));
#936 = ( GEOMETRIC_REPRESENTATION_CONTEXT(2) 
PARAMETRIC_REPRESENTATION_CONTEXT() REPRESENTATION_CONTEXT('2D SPACE',''
  ) );
#937 = PCURVE('',#938,#945);
#938 = B_SPLINE_SURFACE_WITH_KNOTS('',1,2,(
    (#939,#940,#941)
    ,(#942,#943,#944
    )),.UNSPECIFIED.,.F.,.F.,.F.,(2,2),(3,3),(1.,2.),(0.,1.),
  .PIECEWISE_BEZIER_KNOTS.);
#939 = CARTESIAN_POINT('',(4.366025704311,-18.68653365298,20.267949));
#940 = CARTESIAN_POINT('',(-13.49545584991,-45.91380694577,
    15.792458913784));
#941 = CARTESIAN_POINT('',(-33.38541118209,-71.94626639897,14.613895));
#942 = CARTESIAN_POINT('',(2.633974896742,-17.68653365298,23.732051));
#943 = CARTESIAN_POINT('',(-14.4496341223,-45.36291186335,
    19.810675630095));
#944 = CARTESIAN_POINT('',(-33.53636980228,-71.85911039897,16.606285));
#945 = DEFINITIONAL_REPRESENTATION('',(#946),#957);
#946 = B_SPLINE_CURVE_WITH_KNOTS('',5,(#947,#948,#949,#950,#951,#952,
    #953,#954,#955,#956),.UNSPECIFIED.,.F.,.F.,(6,4,6),(0.,
    0.524997417839,1.),.UNSPECIFIED.);
#947 = CARTESIAN_POINT('',(2.,4.115324351857E-02));
#948 = CARTESIAN_POINT('',(1.894658472898,3.90417942388E-02));
#949 = CARTESIAN_POINT('',(1.789372399484,3.68484724521E-02));
#950 = CARTESIAN_POINT('',(1.684154397958,3.45683109053E-02));
#951 = CARTESIAN_POINT('',(1.579022509368,3.219559395351E-02));
#952 = CARTESIAN_POINT('',(1.378978723019,2.748654156712E-02));
#953 = CARTESIAN_POINT('',(1.284047577443,2.516827291299E-02));
#954 = CARTESIAN_POINT('',(1.189223538967,2.276336594958E-02));
#955 = CARTESIAN_POINT('',(1.094530603484,2.026588941858E-02));
#956 = CARTESIAN_POINT('',(1.,1.766863860676E-02));
#957 = ( GEOMETRIC_REPRESENTATION_CONTEXT(2) 
PARAMETRIC_REPRESENTATION_CONTEXT() REPRESENTATION_CONTEXT('2D SPACE',''
  ) );
#958 = ORIENTED_EDGE('',*,*,#959,.T.);
#959 = EDGE_CURVE('',#913,#960,#962,.T.);
#960 = VERTEX_POINT('',#961);
#961 = CARTESIAN_POINT('',(-17.90026041864,-8.920800241282,
    6.589489353258));
#962 = SURFACE_CURVE('',#963,(#986,#1028),.PCURVE_S1.);
#963 = B_SPLINE_CURVE_WITH_KNOTS('',6,(#964,#965,#966,#967,#968,#969,
    #970,#971,#972,#973,#974,#975,#976,#977,#978,#979,#980,#981,#982,
    #983,#984,#985),.UNSPECIFIED.,.F.,.F.,(7,5,5,5,7),(0.,0.539712330914
    ,1.,1.392893427188,1.826823294681),.UNSPECIFIED.);
#964 = CARTESIAN_POINT('',(3.734216328638,-19.64829835916,
    20.110826603175));
#965 = CARTESIAN_POINT('',(2.459073427417,-19.89064298138,
    19.465783891221));
#966 = CARTESIAN_POINT('',(1.172653992329,-20.03223910168,
    18.813052565696));
#967 = CARTESIAN_POINT('',(-0.117409735959,-20.07392805387,
    18.155169032119));
#968 = CARTESIAN_POINT('',(-1.403063450576,-20.01645972116,
    17.493821828794));
#969 = CARTESIAN_POINT('',(-2.675995292702,-19.86124792231,
    16.830035085408));
#970 = CARTESIAN_POINT('',(-4.995557756299,-19.39665034449,
    15.59674764022));
#971 = CARTESIAN_POINT('',(-6.047892675573,-19.11332114517,
    15.027763594553));
#972 = CARTESIAN_POINT('',(-7.079658030716,-18.76190669038,
    14.457883775456));
#973 = CARTESIAN_POINT('',(-8.085612193889,-18.34427200771,
    13.887314335176));
#974 = CARTESIAN_POINT('',(-9.060663064442,-17.86283450829,
    13.316158189753));
#975 = CARTESIAN_POINT('',(-10.80180142263,-16.85758780849,
    12.256643253751));
#976 = CARTESIAN_POINT('',(-11.57759032937,-16.35029865007,
    11.768400567085));
#977 = CARTESIAN_POINT('',(-12.32437742018,-15.80044901011,
    11.279910216029));
#978 = CARTESIAN_POINT('',(-13.03935792867,-15.21008901143,
    10.791250897622));
#979 = CARTESIAN_POINT('',(-13.71995481299,-14.58146122136,
    10.302557995162));
#980 = CARTESIAN_POINT('',(-15.07493054943,-13.18297497035,
    9.274560255468));
#981 = CARTESIAN_POINT('',(-15.74123186142,-12.40522651151,
    8.735302845522));
#982 = CARTESIAN_POINT('',(-16.35958033545,-11.58682955955,8.19660027492
    ));
#983 = CARTESIAN_POINT('',(-16.9271672901,-10.731086749,7.658901685902)
  );
#984 = CARTESIAN_POINT('',(-17.44150029502,-9.841337128135,7.12288220177
    ));
#985 = CARTESIAN_POINT('',(-17.90026041864,-8.920800241282,
    6.589489353258));
#986 = PCURVE('',#39,#987);
#987 = DEFINITIONAL_REPRESENTATION('',(#988),#1027);
#988 = B_SPLINE_CURVE_WITH_KNOTS('',10,(#989,#990,#991,#992,#993,#994,
    #995,#996,#997,#998,#999,#1000,#1001,#1002,#1003,#1004,#1005,#1006,
    #1007,#1008,#1009,#1010,#1011,#1012,#1013,#1014,#1015,#1016,#1017,
    #1018,#1019,#1020,#1021,#1022,#1023,#1024,#1025,#1026),
  .UNSPECIFIED.,.F.,.F.,(11,9,9,9,11),(0.,0.45670582367,0.799235191423,
    1.313029243052,1.826823294681),.UNSPECIFIED.);
#989 = CARTESIAN_POINT('',(4.900201995306,20.110826603175));
#990 = CARTESIAN_POINT('',(4.867251695341,19.783324621629));
#991 = CARTESIAN_POINT('',(4.834393623807,19.453987362829));
#992 = CARTESIAN_POINT('',(4.801615301545,19.123071249902));
#993 = CARTESIAN_POINT('',(4.768905920055,18.790801300825));
#994 = CARTESIAN_POINT('',(4.736256149956,18.457373297527));
#995 = CARTESIAN_POINT('',(4.703657949453,18.122955955004));
#996 = CARTESIAN_POINT('',(4.671104372797,17.787693090419));
#997 = CARTESIAN_POINT('',(4.63858937875,17.451705792216));
#998 = CARTESIAN_POINT('',(4.606107639049,17.115094589221));
#999 = CARTESIAN_POINT('',(4.549314377738,16.525076892654));
#1000 = CARTESIAN_POINT('',(4.524990443652,16.271907555368));
#1001 = CARTESIAN_POINT('',(4.50068067765,16.018469616803));
#1002 = CARTESIAN_POINT('',(4.476382214628,15.764780608518));
#1003 = CARTESIAN_POINT('',(4.452096211215,15.510893389786));
#1004 = CARTESIAN_POINT('',(4.427820533118,15.256820168148));
#1005 = CARTESIAN_POINT('',(4.40355291345,15.002566385735));
#1006 = CARTESIAN_POINT('',(4.379294504584,14.748168903437));
#1007 = CARTESIAN_POINT('',(4.355043318522,14.493628170171));
#1008 = CARTESIAN_POINT('',(4.294432713415,13.856957227292));
#1009 = CARTESIAN_POINT('',(4.258081839751,13.47466604803));
#1010 = CARTESIAN_POINT('',(4.221744514391,13.092128575372));
#1011 = CARTESIAN_POINT('',(4.185417384724,12.709358314052));
#1012 = CARTESIAN_POINT('',(4.149103611591,12.326430631569));
#1013 = CARTESIAN_POINT('',(4.112794416898,11.943294976372));
#1014 = CARTESIAN_POINT('',(4.076495226996,11.560055921902));
#1015 = CARTESIAN_POINT('',(4.040199455514,11.176705236678));
#1016 = CARTESIAN_POINT('',(4.003905924625,10.79331018265));
#1017 = CARTESIAN_POINT('',(3.931315549974,10.026559047753));
#1018 = CARTESIAN_POINT('',(3.895018678327,9.643202661627));
#1019 = CARTESIAN_POINT('',(3.858716861628,9.259936042989));
#1020 = CARTESIAN_POINT('',(3.822405742132,8.876843200462));
#1021 = CARTESIAN_POINT('',(3.786079296191,8.494021742799));
#1022 = CARTESIAN_POINT('',(3.749730478223,8.111595460046));
#1023 = CARTESIAN_POINT('',(3.713351442742,7.729722280268));
#1024 = CARTESIAN_POINT('',(3.676932865474,7.348592841502));
#1025 = CARTESIAN_POINT('',(3.640463040493,6.968427186227));
#1026 = CARTESIAN_POINT('',(3.603928586168,6.589489353258));
#1027 = ( GEOMETRIC_REPRESENTATION_CONTEXT(2) 
PARAMETRIC_REPRESENTATION_CONTEXT() REPRESENTATION_CONTEXT('2D SPACE',''
  ) );
#1028 = PCURVE('',#1029,#1036);
#1029 = B_SPLINE_SURFACE_WITH_KNOTS('',1,2,(
    (#1030,#1031,#1032)
    ,(#1033,#1034,#1035
  )),.UNSPECIFIED.,.F.,.F.,.F.,(2,2),(3,3),(0.,1.),(0.,1.),
  .PIECEWISE_BEZIER_KNOTS.);
#1030 = CARTESIAN_POINT('',(-16.63397489674,-6.562177652982,6.267949));
#1031 = CARTESIAN_POINT('',(-32.06061700214,-35.19520615698,
    10.189324369905));
#1032 = CARTESIAN_POINT('',(-45.46363019771,-64.97290339897,13.393715));
#1033 = CARTESIAN_POINT('',(4.366025704311,-18.68653365298,20.267949));
#1034 = CARTESIAN_POINT('',(-13.49545584991,-45.91380694577,
    15.792458913784));
#1035 = CARTESIAN_POINT('',(-33.38541118209,-71.94626639897,14.613895));
#1036 = DEFINITIONAL_REPRESENTATION('',(#1037),#1085);
#1037 = B_SPLINE_CURVE_WITH_KNOTS('',3,(#1038,#1039,#1040,#1041,#1042,
    #1043,#1044,#1045,#1046,#1047,#1048,#1049,#1050,#1051,#1052,#1053,
    #1054,#1055,#1056,#1057,#1058,#1059,#1060,#1061,#1062,#1063,#1064,
    #1065,#1066,#1067,#1068,#1069,#1070,#1071,#1072,#1073,#1074,#1075,
    #1076,#1077,#1078,#1079,#1080,#1081,#1082,#1083,#1084),
  .UNSPECIFIED.,.F.,.F.,(4,1,1,1,1,1,1,1,1,1,1,1,1,1,1,1,1,1,1,1,1,1,1,1
    ,1,1,1,1,1,1,1,1,1,1,1,1,1,1,1,1,1,1,1,1,4),(0.,4.151871124275E-02,
    8.30374224855E-02,0.124556133728,0.166074844971,0.207593556214,
    0.249112267456,0.290630978699,0.332149689942,0.373668401185,
    0.415187112427,0.45670582367,0.498224534913,0.539743246156,
    0.581261957398,0.622780668641,0.664299379884,0.705818091127,
    0.747336802369,0.788855513612,0.830374224855,0.871892936098,
    0.91341164734,0.954930358583,0.996449069826,1.037967781069,
    1.079486492311,1.121005203554,1.162523914797,1.20404262604,
    1.245561337282,1.287080048525,1.328598759768,1.370117471011,
    1.411636182253,1.453154893496,1.494673604739,1.536192315982,
    1.577711027224,1.619229738467,1.66074844971,1.702267160953,
    1.743785872195,1.785304583438,1.826823294681),
  .QUASI_UNIFORM_KNOTS.);
#1038 = CARTESIAN_POINT('',(1.,1.766863860676E-02));
#1039 = CARTESIAN_POINT('',(0.994051120116,1.967393497564E-02));
#1040 = CARTESIAN_POINT('',(0.981979326191,2.361026523599E-02));
#1041 = CARTESIAN_POINT('',(0.963364997932,2.928931698059E-02));
#1042 = CARTESIAN_POINT('',(0.944259267424,3.474027625637E-02));
#1043 = CARTESIAN_POINT('',(0.92467817473,3.996046837238E-02));
#1044 = CARTESIAN_POINT('',(0.904638314418,4.494722623322E-02));
#1045 = CARTESIAN_POINT('',(0.884156923829,4.969790447472E-02));
#1046 = CARTESIAN_POINT('',(0.863251874624,5.420989733648E-02));
#1047 = CARTESIAN_POINT('',(0.841941684244,5.848065407036E-02));
#1048 = CARTESIAN_POINT('',(0.820245515231,6.250769362636E-02));
#1049 = CARTESIAN_POINT('',(0.798183173302,6.628861785063E-02));
#1050 = CARTESIAN_POINT('',(0.775775092164,6.982112451239E-02));
#1051 = CARTESIAN_POINT('',(0.753042341904,7.310301565397E-02));
#1052 = CARTESIAN_POINT('',(0.73000652557,7.613221796733E-02));
#1053 = CARTESIAN_POINT('',(0.706690068767,7.89067528869E-02));
#1054 = CARTESIAN_POINT('',(0.683116266843,8.14247593354E-02));
#1055 = CARTESIAN_POINT('',(0.659308706357,8.368456460213E-02));
#1056 = CARTESIAN_POINT('',(0.635291536672,8.568465449104E-02));
#1057 = CARTESIAN_POINT('',(0.611089342308,8.742369146748E-02));
#1058 = CARTESIAN_POINT('',(0.586727118108,8.890051896468E-02));
#1059 = CARTESIAN_POINT('',(0.562230213214,9.011416841334E-02));
#1060 = CARTESIAN_POINT('',(0.537624279372,9.106386455661E-02));
#1061 = CARTESIAN_POINT('',(0.512935217215,9.174903022343E-02));
#1062 = CARTESIAN_POINT('',(0.488189112263,9.21692903004E-02));
#1063 = CARTESIAN_POINT('',(0.463412202031,9.232447477389E-02));
#1064 = CARTESIAN_POINT('',(0.438630719086,9.221462162972E-02));
#1065 = CARTESIAN_POINT('',(0.413870798282,9.183997308274E-02));
#1066 = CARTESIAN_POINT('',(0.389158583042,9.120097623933E-02));
#1067 = CARTESIAN_POINT('',(0.364519991364,9.029827946819E-02));
#1068 = CARTESIAN_POINT('',(0.339980704453,8.913272745102E-02));
#1069 = CARTESIAN_POINT('',(0.315566099054,8.77053556708E-02));
#1070 = CARTESIAN_POINT('',(0.291301197537,8.60173841131E-02));
#1071 = CARTESIAN_POINT('',(0.267210617277,8.407021032107E-02));
#1072 = CARTESIAN_POINT('',(0.243318520973,8.186540147189E-02));
#1073 = CARTESIAN_POINT('',(0.219648581453,7.94046866758E-02));
#1074 = CARTESIAN_POINT('',(0.196223925416,7.66899468691E-02));
#1075 = CARTESIAN_POINT('',(0.173066938705,7.372318296308E-02));
#1076 = CARTESIAN_POINT('',(0.15019942334,7.050652082429E-02));
#1077 = CARTESIAN_POINT('',(0.127642543603,6.704219772363E-02));
#1078 = CARTESIAN_POINT('',(0.105416815968,6.333255097901E-02));
#1079 = CARTESIAN_POINT('',(8.354209128117E-02,5.938000497791E-02));
#1080 = CARTESIAN_POINT('',(6.203755209168E-02,5.518705741216E-02));
#1081 = CARTESIAN_POINT('',(4.092168515158E-02,5.075626521191E-02));
#1082 = CARTESIAN_POINT('',(2.021236586685E-02,4.609022740051E-02));
#1083 = CARTESIAN_POINT('',(6.688486726609E-03,4.282445946371E-02));
#1084 = CARTESIAN_POINT('',(0.,4.115324351857E-02));
#1085 = ( GEOMETRIC_REPRESENTATION_CONTEXT(2) 
PARAMETRIC_REPRESENTATION_CONTEXT() REPRESENTATION_CONTEXT('2D SPACE',''
  ) );
#1086 = ORIENTED_EDGE('',*,*,#1087,.T.);
#1087 = EDGE_CURVE('',#960,#793,#1088,.T.);
#1088 = SURFACE_CURVE('',#1089,(#1100,#1110),.PCURVE_S1.);
#1089 = B_SPLINE_CURVE_WITH_KNOTS('',5,(#1090,#1091,#1092,#1093,#1094,
    #1095,#1096,#1097,#1098,#1099),.UNSPECIFIED.,.F.,.F.,(6,4,6),(0.,
    0.524997417839,1.),.UNSPECIFIED.);
#1090 = CARTESIAN_POINT('',(-17.90026041864,-8.920800241282,
    6.589489353258));
#1091 = CARTESIAN_POINT('',(-18.01117492599,-8.698241893137,6.9423122401
    ));
#1092 = CARTESIAN_POINT('',(-18.12032822166,-8.470553353659,
    7.293797325763));
#1093 = CARTESIAN_POINT('',(-18.22760949429,-8.237425631055,
    7.643807148575));
#1094 = CARTESIAN_POINT('',(-18.33288257349,-7.998508179572,
    7.992170451679));
#1095 = CARTESIAN_POINT('',(-18.52924768958,-7.531591426083,
    8.652179704068));
#1096 = CARTESIAN_POINT('',(-18.62073491744,-7.304720440239,
    8.964161090245));
#1097 = CARTESIAN_POINT('',(-18.71030674935,-7.072450355641,
    9.274460376246));
#1098 = CARTESIAN_POINT('',(-18.79780607469,-6.834426522829,
    9.582880234545));
#1099 = CARTESIAN_POINT('',(-18.88303368449,-6.590222975757,
    9.889173396825));
#1100 = PCURVE('',#39,#1101);
#1101 = DEFINITIONAL_REPRESENTATION('',(#1102),#1109);
#1102 = B_SPLINE_CURVE_WITH_KNOTS('',5,(#1103,#1104,#1105,#1106,#1107,
    #1108),.UNSPECIFIED.,.F.,.F.,(6,6),(0.,1.),
  .PIECEWISE_BEZIER_KNOTS.);
#1103 = CARTESIAN_POINT('',(3.603928586168,6.589489353258));
#1104 = CARTESIAN_POINT('',(3.580246095621,7.26153625264));
#1105 = CARTESIAN_POINT('',(3.555873217509,7.928734204281));
#1106 = CARTESIAN_POINT('',(3.530703595809,8.590100612723));
#1107 = CARTESIAN_POINT('',(3.504604438671,9.244349192108));
#1108 = CARTESIAN_POINT('',(3.477378414267,9.889173396825));
#1109 = ( GEOMETRIC_REPRESENTATION_CONTEXT(2) 
PARAMETRIC_REPRESENTATION_CONTEXT() REPRESENTATION_CONTEXT('2D SPACE',''
  ) );
#1110 = PCURVE('',#1111,#1118);
#1111 = B_SPLINE_SURFACE_WITH_KNOTS('',1,2,(
    (#1112,#1113,#1114)
    ,(#1115,#1116,#1117
  )),.UNSPECIFIED.,.F.,.F.,.F.,(2,2),(3,3),(3.,4.),(0.,1.),
  .PIECEWISE_BEZIER_KNOTS.);
#1112 = CARTESIAN_POINT('',(-18.36602570431,-5.562177652982,9.732051));
#1113 = CARTESIAN_POINT('',(-33.01479527454,-34.64431107456,
    14.207541086216));
#1114 = CARTESIAN_POINT('',(-45.6145888179,-64.88574739897,15.386105));
#1115 = CARTESIAN_POINT('',(-16.63397489674,-6.562177652982,6.267949));
#1116 = CARTESIAN_POINT('',(-32.06061700214,-35.19520615698,
    10.189324369905));
#1117 = CARTESIAN_POINT('',(-45.46363019771,-64.97290339897,13.393715));
#1118 = DEFINITIONAL_REPRESENTATION('',(#1119),#1130);
#1119 = B_SPLINE_CURVE_WITH_KNOTS('',5,(#1120,#1121,#1122,#1123,#1124,
    #1125,#1126,#1127,#1128,#1129),.UNSPECIFIED.,.F.,.F.,(6,4,6),(0.,
    0.524997417839,1.),.UNSPECIFIED.);
#1120 = CARTESIAN_POINT('',(4.,4.115324351857E-02));
#1121 = CARTESIAN_POINT('',(3.894658472898,3.90417942388E-02));
#1122 = CARTESIAN_POINT('',(3.789372399484,3.68484724521E-02));
#1123 = CARTESIAN_POINT('',(3.684154397958,3.45683109053E-02));
#1124 = CARTESIAN_POINT('',(3.579022509368,3.219559395351E-02));
#1125 = CARTESIAN_POINT('',(3.378978723019,2.748654156712E-02));
#1126 = CARTESIAN_POINT('',(3.284047577443,2.516827291299E-02));
#1127 = CARTESIAN_POINT('',(3.189223538967,2.276336594958E-02));
#1128 = CARTESIAN_POINT('',(3.094530603484,2.026588941858E-02));
#1129 = CARTESIAN_POINT('',(3.,1.766863860676E-02));
#1130 = ( GEOMETRIC_REPRESENTATION_CONTEXT(2) 
PARAMETRIC_REPRESENTATION_CONTEXT() REPRESENTATION_CONTEXT('2D SPACE',''
  ) );
#1131 = ADVANCED_FACE('',(#1132),#58,.T.);
#1132 = FACE_BOUND('',#1133,.T.);
#1133 = EDGE_LOOP('',(#1134,#1157,#1158,#1181));
#1134 = ORIENTED_EDGE('',*,*,#1135,.F.);
#1135 = EDGE_CURVE('',#24,#1136,#1138,.T.);
#1136 = VERTEX_POINT('',#1137);
#1137 = CARTESIAN_POINT('',(79.,-7.060519,15.386105));
#1138 = SURFACE_CURVE('',#1139,(#1143,#1150),.PCURVE_S1.);
#1139 = B_SPLINE_CURVE_WITH_KNOTS('',2,(#1140,#1141,#1142),
  .UNSPECIFIED.,.F.,.F.,(3,3),(0.,1.),.PIECEWISE_BEZIER_KNOTS.);
#1140 = CARTESIAN_POINT('',(14.,-13.124356,9.732051));
#1141 = CARTESIAN_POINT('',(46.510251124453,-11.26949587121,
    14.207541086216));
#1142 = CARTESIAN_POINT('',(79.,-7.060519,15.386105));
#1143 = PCURVE('',#58,#1144);
#1144 = DEFINITIONAL_REPRESENTATION('',(#1145),#1149);
#1145 = LINE('',#1146,#1147);
#1146 = CARTESIAN_POINT('',(3.,0.));
#1147 = VECTOR('',#1148,1.);
#1148 = DIRECTION('',(0.,1.));
#1149 = ( GEOMETRIC_REPRESENTATION_CONTEXT(2) 
PARAMETRIC_REPRESENTATION_CONTEXT() REPRESENTATION_CONTEXT('2D SPACE',''
  ) );
#1150 = PCURVE('',#113,#1151);
#1151 = DEFINITIONAL_REPRESENTATION('',(#1152),#1156);
#1152 = LINE('',#1153,#1154);
#1153 = CARTESIAN_POINT('',(3.,0.));
#1154 = VECTOR('',#1155,1.);
#1155 = DIRECTION('',(0.,1.));
#1156 = ( GEOMETRIC_REPRESENTATION_CONTEXT(2) 
PARAMETRIC_REPRESENTATION_CONTEXT() REPRESENTATION_CONTEXT('2D SPACE',''
  ) );
#1157 = ORIENTED_EDGE('',*,*,#21,.F.);
#1158 = ORIENTED_EDGE('',*,*,#1159,.T.);
#1159 = EDGE_CURVE('',#22,#1160,#1162,.T.);
#1160 = VERTEX_POINT('',#1161);
#1161 = CARTESIAN_POINT('',(79.,-6.886207,13.393715));
#1162 = SURFACE_CURVE('',#1163,(#1167,#1174),.PCURVE_S1.);
#1163 = B_SPLINE_CURVE_WITH_KNOTS('',2,(#1164,#1165,#1166),
  .UNSPECIFIED.,.F.,.F.,(3,3),(0.,1.),.PIECEWISE_BEZIER_KNOTS.);
#1164 = CARTESIAN_POINT('',(14.,-11.124356,6.267949));
#1165 = CARTESIAN_POINT('',(46.510251124453,-10.16770570636,
    10.189324369905));
#1166 = CARTESIAN_POINT('',(79.,-6.886207,13.393715));
#1167 = PCURVE('',#58,#1168);
#1168 = DEFINITIONAL_REPRESENTATION('',(#1169),#1173);
#1169 = LINE('',#1170,#1171);
#1170 = CARTESIAN_POINT('',(4.,0.));
#1171 = VECTOR('',#1172,1.);
#1172 = DIRECTION('',(0.,1.));
#1173 = ( GEOMETRIC_REPRESENTATION_CONTEXT(2) 
PARAMETRIC_REPRESENTATION_CONTEXT() REPRESENTATION_CONTEXT('2D SPACE',''
  ) );
#1174 = PCURVE('',#322,#1175);
#1175 = DEFINITIONAL_REPRESENTATION('',(#1176),#1180);
#1176 = LINE('',#1177,#1178);
#1177 = CARTESIAN_POINT('',(0.,0.));
#1178 = VECTOR('',#1179,1.);
#1179 = DIRECTION('',(0.,1.));
#1180 = ( GEOMETRIC_REPRESENTATION_CONTEXT(2) 
PARAMETRIC_REPRESENTATION_CONTEXT() REPRESENTATION_CONTEXT('2D SPACE',''
  ) );
#1181 = ORIENTED_EDGE('',*,*,#1182,.F.);
#1182 = EDGE_CURVE('',#1136,#1160,#1183,.T.);
#1183 = SURFACE_CURVE('',#1184,(#1187,#1194),.PCURVE_S1.);
#1184 = B_SPLINE_CURVE_WITH_KNOTS('',1,(#1185,#1186),.UNSPECIFIED.,.F.,
  .F.,(2,2),(3.,4.),.PIECEWISE_BEZIER_KNOTS.);
#1185 = CARTESIAN_POINT('',(79.,-7.060519,15.386105));
#1186 = CARTESIAN_POINT('',(79.,-6.886207,13.393715));
#1187 = PCURVE('',#58,#1188);
#1188 = DEFINITIONAL_REPRESENTATION('',(#1189),#1193);
#1189 = LINE('',#1190,#1191);
#1190 = CARTESIAN_POINT('',(0.,1.));
#1191 = VECTOR('',#1192,1.);
#1192 = DIRECTION('',(1.,0.));
#1193 = ( GEOMETRIC_REPRESENTATION_CONTEXT(2) 
PARAMETRIC_REPRESENTATION_CONTEXT() REPRESENTATION_CONTEXT('2D SPACE',''
  ) );
#1194 = PCURVE('',#1195,#1200);
#1195 = PLANE('',#1196);
#1196 = AXIS2_PLACEMENT_3D('',#1197,#1198,#1199);
#1197 = CARTESIAN_POINT('',(79.,-6.886207,13.393715));
#1198 = DIRECTION('',(-1.,0.,0.));
#1199 = DIRECTION('',(0.,0.973856749358,0.227163006956));
#1200 = DEFINITIONAL_REPRESENTATION('',(#1201),#1204);
#1201 = B_SPLINE_CURVE_WITH_KNOTS('',1,(#1202,#1203),.UNSPECIFIED.,.F.,
  .F.,(2,2),(3.,4.),.PIECEWISE_BEZIER_KNOTS.);
#1202 = CARTESIAN_POINT('',(0.282842385735,-1.979899686922));
#1203 = CARTESIAN_POINT('',(0.,0.));
#1204 = ( GEOMETRIC_REPRESENTATION_CONTEXT(2) 
PARAMETRIC_REPRESENTATION_CONTEXT() REPRESENTATION_CONTEXT('2D SPACE',''
  ) );
#1205 = ADVANCED_FACE('',(#1206),#322,.T.);
#1206 = FACE_BOUND('',#1207,.T.);
#1207 = EDGE_LOOP('',(#1208,#1209,#1210,#1211,#1234));
#1208 = ORIENTED_EDGE('',*,*,#1159,.F.);
#1209 = ORIENTED_EDGE('',*,*,#396,.F.);
#1210 = ORIENTED_EDGE('',*,*,#288,.F.);
#1211 = ORIENTED_EDGE('',*,*,#1212,.T.);
#1212 = EDGE_CURVE('',#238,#1213,#1215,.T.);
#1213 = VERTEX_POINT('',#1214);
#1214 = CARTESIAN_POINT('',(79.,7.060519,14.613895));
#1215 = SURFACE_CURVE('',#1216,(#1220,#1227),.PCURVE_S1.);
#1216 = B_SPLINE_CURVE_WITH_KNOTS('',2,(#1217,#1218,#1219),
  .UNSPECIFIED.,.F.,.F.,(3,3),(0.,1.),.PIECEWISE_BEZIER_KNOTS.);
#1217 = CARTESIAN_POINT('',(14.,13.124356,20.267949));
#1218 = CARTESIAN_POINT('',(46.510251124453,11.269495871213,
    15.792458913784));
#1219 = CARTESIAN_POINT('',(79.,7.060519,14.613895));
#1220 = PCURVE('',#322,#1221);
#1221 = DEFINITIONAL_REPRESENTATION('',(#1222),#1226);
#1222 = LINE('',#1223,#1224);
#1223 = CARTESIAN_POINT('',(1.,0.));
#1224 = VECTOR('',#1225,1.);
#1225 = DIRECTION('',(0.,1.));
#1226 = ( GEOMETRIC_REPRESENTATION_CONTEXT(2) 
PARAMETRIC_REPRESENTATION_CONTEXT() REPRESENTATION_CONTEXT('2D SPACE',''
  ) );
#1227 = PCURVE('',#267,#1228);
#1228 = DEFINITIONAL_REPRESENTATION('',(#1229),#1233);
#1229 = LINE('',#1230,#1231);
#1230 = CARTESIAN_POINT('',(1.,0.));
#1231 = VECTOR('',#1232,1.);
#1232 = DIRECTION('',(0.,1.));
#1233 = ( GEOMETRIC_REPRESENTATION_CONTEXT(2) 
PARAMETRIC_REPRESENTATION_CONTEXT() REPRESENTATION_CONTEXT('2D SPACE',''
  ) );
#1234 = ORIENTED_EDGE('',*,*,#1235,.F.);
#1235 = EDGE_CURVE('',#1160,#1213,#1236,.T.);
#1236 = SURFACE_CURVE('',#1237,(#1240,#1247),.PCURVE_S1.);
#1237 = B_SPLINE_CURVE_WITH_KNOTS('',1,(#1238,#1239),.UNSPECIFIED.,.F.,
  .F.,(2,2),(0.,1.),.PIECEWISE_BEZIER_KNOTS.);
#1238 = CARTESIAN_POINT('',(79.,-6.886207,13.393715));
#1239 = CARTESIAN_POINT('',(79.,7.060519,14.613895));
#1240 = PCURVE('',#322,#1241);
#1241 = DEFINITIONAL_REPRESENTATION('',(#1242),#1246);
#1242 = LINE('',#1243,#1244);
#1243 = CARTESIAN_POINT('',(0.,1.));
#1244 = VECTOR('',#1245,1.);
#1245 = DIRECTION('',(1.,0.));
#1246 = ( GEOMETRIC_REPRESENTATION_CONTEXT(2) 
PARAMETRIC_REPRESENTATION_CONTEXT() REPRESENTATION_CONTEXT('2D SPACE',''
  ) );
#1247 = PCURVE('',#1195,#1248);
#1248 = DEFINITIONAL_REPRESENTATION('',(#1249),#1252);
#1249 = B_SPLINE_CURVE_WITH_KNOTS('',1,(#1250,#1251),.UNSPECIFIED.,.F.,
  .F.,(2,2),(0.,1.),.PIECEWISE_BEZIER_KNOTS.);
#1250 = CARTESIAN_POINT('',(0.,0.));
#1251 = CARTESIAN_POINT('',(13.859293004378,1.979899686922));
#1252 = ( GEOMETRIC_REPRESENTATION_CONTEXT(2) 
PARAMETRIC_REPRESENTATION_CONTEXT() REPRESENTATION_CONTEXT('2D SPACE',''
  ) );
#1253 = ADVANCED_FACE('',(#1254,#1257),#383,.F.);
#1254 = FACE_BOUND('',#1255,.F.);
#1255 = EDGE_LOOP('',(#1256));
#1256 = ORIENTED_EDGE('',*,*,#368,.T.);
#1257 = FACE_BOUND('',#1258,.F.);
#1258 = EDGE_LOOP('',(#1259));
#1259 = ORIENTED_EDGE('',*,*,#1260,.T.);
#1260 = EDGE_CURVE('',#1261,#1261,#1263,.T.);
#1261 = VERTEX_POINT('',#1262);
#1262 = CARTESIAN_POINT('',(-7.5,-1.836970198721E-15,0.));
#1263 = SURFACE_CURVE('',#1264,(#1269,#1280),.PCURVE_S1.);
#1264 = CIRCLE('',#1265,7.5);
#1265 = AXIS2_PLACEMENT_3D('',#1266,#1267,#1268);
#1266 = CARTESIAN_POINT('',(0.,0.,0.));
#1267 = DIRECTION('',(0.,0.,-1.));
#1268 = DIRECTION('',(-1.,0.,0.));
#1269 = PCURVE('',#383,#1270);
#1270 = DEFINITIONAL_REPRESENTATION('',(#1271),#1279);
#1271 = ( BOUNDED_CURVE() B_SPLINE_CURVE(2,(#1272,#1273,#1274,#1275,
#1276,#1277,#1278),.UNSPECIFIED.,.T.,.F.) B_SPLINE_CURVE_WITH_KNOTS((1,2
    ,2,2,2,1),(-2.094395102393,0.,2.094395102393,4.188790204786,
6.28318530718,8.377580409573),.UNSPECIFIED.) CURVE() 
GEOMETRIC_REPRESENTATION_ITEM() RATIONAL_B_SPLINE_CURVE((1.,0.5,1.,0.5,
1.,0.5,1.)) REPRESENTATION_ITEM('') );
#1272 = CARTESIAN_POINT('',(-7.5,0.));
#1273 = CARTESIAN_POINT('',(-7.5,12.990381056767));
#1274 = CARTESIAN_POINT('',(3.75,6.495190528383));
#1275 = CARTESIAN_POINT('',(15.,1.836970198721E-15));
#1276 = CARTESIAN_POINT('',(3.75,-6.495190528383));
#1277 = CARTESIAN_POINT('',(-7.5,-12.99038105676));
#1278 = CARTESIAN_POINT('',(-7.5,0.));
#1279 = ( GEOMETRIC_REPRESENTATION_CONTEXT(2) 
PARAMETRIC_REPRESENTATION_CONTEXT() REPRESENTATION_CONTEXT('2D SPACE',''
  ) );
#1280 = PCURVE('',#1281,#1286);
#1281 = CYLINDRICAL_SURFACE('',#1282,7.5);
#1282 = AXIS2_PLACEMENT_3D('',#1283,#1284,#1285);
#1283 = CARTESIAN_POINT('',(0.,0.,30.));
#1284 = DIRECTION('',(0.,0.,-1.));
#1285 = DIRECTION('',(-1.,0.,0.));
#1286 = DEFINITIONAL_REPRESENTATION('',(#1287),#1291);
#1287 = LINE('',#1288,#1289);
#1288 = CARTESIAN_POINT('',(0.,30.));
#1289 = VECTOR('',#1290,1.);
#1290 = DIRECTION('',(1.,0.));
#1291 = ( GEOMETRIC_REPRESENTATION_CONTEXT(2) 
PARAMETRIC_REPRESENTATION_CONTEXT() REPRESENTATION_CONTEXT('2D SPACE',''
  ) );
#1292 = ADVANCED_FACE('',(#1293),#267,.T.);
#1293 = FACE_BOUND('',#1294,.T.);
#1294 = EDGE_LOOP('',(#1295,#1296,#1297,#1320));
#1295 = ORIENTED_EDGE('',*,*,#1212,.F.);
#1296 = ORIENTED_EDGE('',*,*,#237,.F.);
#1297 = ORIENTED_EDGE('',*,*,#1298,.T.);
#1298 = EDGE_CURVE('',#188,#1299,#1301,.T.);
#1299 = VERTEX_POINT('',#1300);
#1300 = CARTESIAN_POINT('',(79.,6.886207,16.606285));
#1301 = SURFACE_CURVE('',#1302,(#1306,#1313),.PCURVE_S1.);
#1302 = B_SPLINE_CURVE_WITH_KNOTS('',2,(#1303,#1304,#1305),
  .UNSPECIFIED.,.F.,.F.,(3,3),(0.,1.),.PIECEWISE_BEZIER_KNOTS.);
#1303 = CARTESIAN_POINT('',(14.,11.124356,23.732051));
#1304 = CARTESIAN_POINT('',(46.510251124453,10.167705706369,
    19.810675630095));
#1305 = CARTESIAN_POINT('',(79.,6.886207,16.606285));
#1306 = PCURVE('',#267,#1307);
#1307 = DEFINITIONAL_REPRESENTATION('',(#1308),#1312);
#1308 = LINE('',#1309,#1310);
#1309 = CARTESIAN_POINT('',(2.,0.));
#1310 = VECTOR('',#1311,1.);
#1311 = DIRECTION('',(0.,1.));
#1312 = ( GEOMETRIC_REPRESENTATION_CONTEXT(2) 
PARAMETRIC_REPRESENTATION_CONTEXT() REPRESENTATION_CONTEXT('2D SPACE',''
  ) );
#1313 = PCURVE('',#113,#1314);
#1314 = DEFINITIONAL_REPRESENTATION('',(#1315),#1319);
#1315 = LINE('',#1316,#1317);
#1316 = CARTESIAN_POINT('',(2.,0.));
#1317 = VECTOR('',#1318,1.);
#1318 = DIRECTION('',(0.,1.));
#1319 = ( GEOMETRIC_REPRESENTATION_CONTEXT(2) 
PARAMETRIC_REPRESENTATION_CONTEXT() REPRESENTATION_CONTEXT('2D SPACE',''
  ) );
#1320 = ORIENTED_EDGE('',*,*,#1321,.F.);
#1321 = EDGE_CURVE('',#1213,#1299,#1322,.T.);
#1322 = SURFACE_CURVE('',#1323,(#1326,#1333),.PCURVE_S1.);
#1323 = B_SPLINE_CURVE_WITH_KNOTS('',1,(#1324,#1325),.UNSPECIFIED.,.F.,
  .F.,(2,2),(1.,2.),.PIECEWISE_BEZIER_KNOTS.);
#1324 = CARTESIAN_POINT('',(79.,7.060519,14.613895));
#1325 = CARTESIAN_POINT('',(79.,6.886207,16.606285));
#1326 = PCURVE('',#267,#1327);
#1327 = DEFINITIONAL_REPRESENTATION('',(#1328),#1332);
#1328 = LINE('',#1329,#1330);
#1329 = CARTESIAN_POINT('',(0.,1.));
#1330 = VECTOR('',#1331,1.);
#1331 = DIRECTION('',(1.,0.));
#1332 = ( GEOMETRIC_REPRESENTATION_CONTEXT(2) 
PARAMETRIC_REPRESENTATION_CONTEXT() REPRESENTATION_CONTEXT('2D SPACE',''
  ) );
#1333 = PCURVE('',#1195,#1334);
#1334 = DEFINITIONAL_REPRESENTATION('',(#1335),#1338);
#1335 = B_SPLINE_CURVE_WITH_KNOTS('',1,(#1336,#1337),.UNSPECIFIED.,.F.,
  .F.,(2,2),(1.,2.),.PIECEWISE_BEZIER_KNOTS.);
#1336 = CARTESIAN_POINT('',(13.859293004378,1.979899686922));
#1337 = CARTESIAN_POINT('',(14.142135390113,-1.7763568394E-15));
#1338 = ( GEOMETRIC_REPRESENTATION_CONTEXT(2) 
PARAMETRIC_REPRESENTATION_CONTEXT() REPRESENTATION_CONTEXT('2D SPACE',''
  ) );
#1339 = ADVANCED_FACE('',(#1340),#113,.T.);
#1340 = FACE_BOUND('',#1341,.T.);
#1341 = EDGE_LOOP('',(#1342,#1343,#1344,#1345,#1346));
#1342 = ORIENTED_EDGE('',*,*,#1298,.F.);
#1343 = ORIENTED_EDGE('',*,*,#187,.F.);
#1344 = ORIENTED_EDGE('',*,*,#79,.F.);
#1345 = ORIENTED_EDGE('',*,*,#1135,.T.);
#1346 = ORIENTED_EDGE('',*,*,#1347,.F.);
#1347 = EDGE_CURVE('',#1299,#1136,#1348,.T.);
#1348 = SURFACE_CURVE('',#1349,(#1352,#1359),.PCURVE_S1.);
#1349 = B_SPLINE_CURVE_WITH_KNOTS('',1,(#1350,#1351),.UNSPECIFIED.,.F.,
  .F.,(2,2),(2.,3.),.PIECEWISE_BEZIER_KNOTS.);
#1350 = CARTESIAN_POINT('',(79.,6.886207,16.606285));
#1351 = CARTESIAN_POINT('',(79.,-7.060519,15.386105));
#1352 = PCURVE('',#113,#1353);
#1353 = DEFINITIONAL_REPRESENTATION('',(#1354),#1358);
#1354 = LINE('',#1355,#1356);
#1355 = CARTESIAN_POINT('',(0.,1.));
#1356 = VECTOR('',#1357,1.);
#1357 = DIRECTION('',(1.,0.));
#1358 = ( GEOMETRIC_REPRESENTATION_CONTEXT(2) 
PARAMETRIC_REPRESENTATION_CONTEXT() REPRESENTATION_CONTEXT('2D SPACE',''
  ) );
#1359 = PCURVE('',#1195,#1360);
#1360 = DEFINITIONAL_REPRESENTATION('',(#1361),#1364);
#1361 = B_SPLINE_CURVE_WITH_KNOTS('',1,(#1362,#1363),.UNSPECIFIED.,.F.,
  .F.,(2,2),(2.,3.),.PIECEWISE_BEZIER_KNOTS.);
#1362 = CARTESIAN_POINT('',(14.142135390113,-1.7763568394E-15));
#1363 = CARTESIAN_POINT('',(0.282842385735,-1.979899686922));
#1364 = ( GEOMETRIC_REPRESENTATION_CONTEXT(2) 
PARAMETRIC_REPRESENTATION_CONTEXT() REPRESENTATION_CONTEXT('2D SPACE',''
  ) );
#1365 = ADVANCED_FACE('',(#1366,#1369),#174,.T.);
#1366 = FACE_BOUND('',#1367,.T.);
#1367 = EDGE_LOOP('',(#1368));
#1368 = ORIENTED_EDGE('',*,*,#159,.T.);
#1369 = FACE_BOUND('',#1370,.T.);
#1370 = EDGE_LOOP('',(#1371));
#1371 = ORIENTED_EDGE('',*,*,#1372,.T.);
#1372 = EDGE_CURVE('',#1373,#1373,#1375,.T.);
#1373 = VERTEX_POINT('',#1374);
#1374 = CARTESIAN_POINT('',(-7.5,-1.836970198721E-15,30.));
#1375 = SURFACE_CURVE('',#1376,(#1381,#1392),.PCURVE_S1.);
#1376 = CIRCLE('',#1377,7.5);
#1377 = AXIS2_PLACEMENT_3D('',#1378,#1379,#1380);
#1378 = CARTESIAN_POINT('',(0.,0.,30.));
#1379 = DIRECTION('',(0.,0.,-1.));
#1380 = DIRECTION('',(-1.,0.,0.));
#1381 = PCURVE('',#174,#1382);
#1382 = DEFINITIONAL_REPRESENTATION('',(#1383),#1391);
#1383 = ( BOUNDED_CURVE() B_SPLINE_CURVE(2,(#1384,#1385,#1386,#1387,
#1388,#1389,#1390),.UNSPECIFIED.,.T.,.F.) B_SPLINE_CURVE_WITH_KNOTS((1,2
    ,2,2,2,1),(-2.094395102393,0.,2.094395102393,4.188790204786,
6.28318530718,8.377580409573),.UNSPECIFIED.) CURVE() 
GEOMETRIC_REPRESENTATION_ITEM() RATIONAL_B_SPLINE_CURVE((1.,0.5,1.,0.5,
1.,0.5,1.)) REPRESENTATION_ITEM('') );
#1384 = CARTESIAN_POINT('',(-7.5,0.));
#1385 = CARTESIAN_POINT('',(-7.5,12.990381056767));
#1386 = CARTESIAN_POINT('',(3.75,6.495190528383));
#1387 = CARTESIAN_POINT('',(15.,1.836970198721E-15));
#1388 = CARTESIAN_POINT('',(3.75,-6.495190528383));
#1389 = CARTESIAN_POINT('',(-7.5,-12.99038105676));
#1390 = CARTESIAN_POINT('',(-7.5,0.));
#1391 = ( GEOMETRIC_REPRESENTATION_CONTEXT(2) 
PARAMETRIC_REPRESENTATION_CONTEXT() REPRESENTATION_CONTEXT('2D SPACE',''
  ) );
#1392 = PCURVE('',#1281,#1393);
#1393 = DEFINITIONAL_REPRESENTATION('',(#1394),#1398);
#1394 = LINE('',#1395,#1396);
#1395 = CARTESIAN_POINT('',(0.,0.));
#1396 = VECTOR('',#1397,1.);
#1397 = DIRECTION('',(1.,0.));
#1398 = ( GEOMETRIC_REPRESENTATION_CONTEXT(2) 
PARAMETRIC_REPRESENTATION_CONTEXT() REPRESENTATION_CONTEXT('2D SPACE',''
  ) );
#1399 = ADVANCED_FACE('',(#1400),#510,.T.);
#1400 = FACE_BOUND('',#1401,.T.);
#1401 = EDGE_LOOP('',(#1402,#1425,#1426,#1449));
#1402 = ORIENTED_EDGE('',*,*,#1403,.F.);
#1403 = EDGE_CURVE('',#447,#1404,#1406,.T.);
#1404 = VERTEX_POINT('',#1405);
#1405 = CARTESIAN_POINT('',(-45.46363019771,64.972903398971,16.606285));
#1406 = SURFACE_CURVE('',#1407,(#1411,#1418),.PCURVE_S1.);
#1407 = B_SPLINE_CURVE_WITH_KNOTS('',2,(#1408,#1409,#1410),
  .UNSPECIFIED.,.F.,.F.,(3,3),(0.,1.),.PIECEWISE_BEZIER_KNOTS.);
#1408 = CARTESIAN_POINT('',(-16.63397489674,6.562177652982,23.732051));
#1409 = CARTESIAN_POINT('',(-32.06061700214,35.195206156985,
    19.810675630095));
#1410 = CARTESIAN_POINT('',(-45.46363019771,64.972903398971,16.606285));
#1411 = PCURVE('',#510,#1412);
#1412 = DEFINITIONAL_REPRESENTATION('',(#1413),#1417);
#1413 = LINE('',#1414,#1415);
#1414 = CARTESIAN_POINT('',(2.,0.));
#1415 = VECTOR('',#1416,1.);
#1416 = DIRECTION('',(0.,1.));
#1417 = ( GEOMETRIC_REPRESENTATION_CONTEXT(2) 
PARAMETRIC_REPRESENTATION_CONTEXT() REPRESENTATION_CONTEXT('2D SPACE',''
  ) );
#1418 = PCURVE('',#594,#1419);
#1419 = DEFINITIONAL_REPRESENTATION('',(#1420),#1424);
#1420 = LINE('',#1421,#1422);
#1421 = CARTESIAN_POINT('',(2.,0.));
#1422 = VECTOR('',#1423,1.);
#1423 = DIRECTION('',(0.,1.));
#1424 = ( GEOMETRIC_REPRESENTATION_CONTEXT(2) 
PARAMETRIC_REPRESENTATION_CONTEXT() REPRESENTATION_CONTEXT('2D SPACE',''
  ) );
#1425 = ORIENTED_EDGE('',*,*,#446,.T.);
#1426 = ORIENTED_EDGE('',*,*,#1427,.T.);
#1427 = EDGE_CURVE('',#449,#1428,#1430,.T.);
#1428 = VERTEX_POINT('',#1429);
#1429 = CARTESIAN_POINT('',(-33.38541118209,71.946266398971,15.386105));
#1430 = SURFACE_CURVE('',#1431,(#1435,#1442),.PCURVE_S1.);
#1431 = B_SPLINE_CURVE_WITH_KNOTS('',2,(#1432,#1433,#1434),
  .UNSPECIFIED.,.F.,.F.,(3,3),(0.,1.),.PIECEWISE_BEZIER_KNOTS.);
#1432 = CARTESIAN_POINT('',(4.366025704311,18.686533652982,9.732051));
#1433 = CARTESIAN_POINT('',(-13.49545584991,45.913806945777,
    14.207541086216));
#1434 = CARTESIAN_POINT('',(-33.38541118209,71.946266398971,15.386105));
#1435 = PCURVE('',#510,#1436);
#1436 = DEFINITIONAL_REPRESENTATION('',(#1437),#1441);
#1437 = LINE('',#1438,#1439);
#1438 = CARTESIAN_POINT('',(3.,0.));
#1439 = VECTOR('',#1440,1.);
#1440 = DIRECTION('',(0.,1.));
#1441 = ( GEOMETRIC_REPRESENTATION_CONTEXT(2) 
PARAMETRIC_REPRESENTATION_CONTEXT() REPRESENTATION_CONTEXT('2D SPACE',''
  ) );
#1442 = PCURVE('',#767,#1443);
#1443 = DEFINITIONAL_REPRESENTATION('',(#1444),#1448);
#1444 = LINE('',#1445,#1446);
#1445 = CARTESIAN_POINT('',(3.,0.));
#1446 = VECTOR('',#1447,1.);
#1447 = DIRECTION('',(0.,1.));
#1448 = ( GEOMETRIC_REPRESENTATION_CONTEXT(2) 
PARAMETRIC_REPRESENTATION_CONTEXT() REPRESENTATION_CONTEXT('2D SPACE',''
  ) );
#1449 = ORIENTED_EDGE('',*,*,#1450,.F.);
#1450 = EDGE_CURVE('',#1404,#1428,#1451,.T.);
#1451 = SURFACE_CURVE('',#1452,(#1455,#1462),.PCURVE_S1.);
#1452 = B_SPLINE_CURVE_WITH_KNOTS('',1,(#1453,#1454),.UNSPECIFIED.,.F.,
  .F.,(2,2),(2.,3.),.PIECEWISE_BEZIER_KNOTS.);
#1453 = CARTESIAN_POINT('',(-45.46363019771,64.972903398971,16.606285));
#1454 = CARTESIAN_POINT('',(-33.38541118209,71.946266398971,15.386105));
#1455 = PCURVE('',#510,#1456);
#1456 = DEFINITIONAL_REPRESENTATION('',(#1457),#1461);
#1457 = LINE('',#1458,#1459);
#1458 = CARTESIAN_POINT('',(0.,1.));
#1459 = VECTOR('',#1460,1.);
#1460 = DIRECTION('',(1.,0.));
#1461 = ( GEOMETRIC_REPRESENTATION_CONTEXT(2) 
PARAMETRIC_REPRESENTATION_CONTEXT() REPRESENTATION_CONTEXT('2D SPACE',''
  ) );
#1462 = PCURVE('',#1463,#1468);
#1463 = PLANE('',#1464);
#1464 = AXIS2_PLACEMENT_3D('',#1465,#1466,#1467);
#1465 = CARTESIAN_POINT('',(-33.53636980228,71.859110398971,13.393715));
#1466 = DIRECTION('',(0.5,-0.866025403784,0.));
#1467 = DIRECTION('',(-0.843384684591,-0.486928374679,0.227163006956));
#1468 = DEFINITIONAL_REPRESENTATION('',(#1469),#1472);
#1469 = B_SPLINE_CURVE_WITH_KNOTS('',1,(#1470,#1471),.UNSPECIFIED.,.F.,
  .F.,(2,2),(2.,3.),.PIECEWISE_BEZIER_KNOTS.);
#1470 = CARTESIAN_POINT('',(14.142135390113,0.));
#1471 = CARTESIAN_POINT('',(0.282842385735,-1.979899686922));
#1472 = ( GEOMETRIC_REPRESENTATION_CONTEXT(2) 
PARAMETRIC_REPRESENTATION_CONTEXT() REPRESENTATION_CONTEXT('2D SPACE',''
  ) );
#1473 = ADVANCED_FACE('',(#1474),#594,.T.);
#1474 = FACE_BOUND('',#1475,.T.);
#1475 = EDGE_LOOP('',(#1476,#1499,#1500,#1501));
#1476 = ORIENTED_EDGE('',*,*,#1477,.F.);
#1477 = EDGE_CURVE('',#569,#1478,#1480,.T.);
#1478 = VERTEX_POINT('',#1479);
#1479 = CARTESIAN_POINT('',(-45.6145888179,64.885747398971,14.613895));
#1480 = SURFACE_CURVE('',#1481,(#1485,#1492),.PCURVE_S1.);
#1481 = B_SPLINE_CURVE_WITH_KNOTS('',2,(#1482,#1483,#1484),
  .UNSPECIFIED.,.F.,.F.,(3,3),(0.,1.),.PIECEWISE_BEZIER_KNOTS.);
#1482 = CARTESIAN_POINT('',(-18.36602570431,5.562177652982,20.267949));
#1483 = CARTESIAN_POINT('',(-33.01479527454,34.644311074563,
    15.792458913784));
#1484 = CARTESIAN_POINT('',(-45.6145888179,64.885747398971,14.613895));
#1485 = PCURVE('',#594,#1486);
#1486 = DEFINITIONAL_REPRESENTATION('',(#1487),#1491);
#1487 = LINE('',#1488,#1489);
#1488 = CARTESIAN_POINT('',(1.,0.));
#1489 = VECTOR('',#1490,1.);
#1490 = DIRECTION('',(0.,1.));
#1491 = ( GEOMETRIC_REPRESENTATION_CONTEXT(2) 
PARAMETRIC_REPRESENTATION_CONTEXT() REPRESENTATION_CONTEXT('2D SPACE',''
  ) );
#1492 = PCURVE('',#685,#1493);
#1493 = DEFINITIONAL_REPRESENTATION('',(#1494),#1498);
#1494 = LINE('',#1495,#1496);
#1495 = CARTESIAN_POINT('',(1.,0.));
#1496 = VECTOR('',#1497,1.);
#1497 = DIRECTION('',(0.,1.));
#1498 = ( GEOMETRIC_REPRESENTATION_CONTEXT(2) 
PARAMETRIC_REPRESENTATION_CONTEXT() REPRESENTATION_CONTEXT('2D SPACE',''
  ) );
#1499 = ORIENTED_EDGE('',*,*,#568,.F.);
#1500 = ORIENTED_EDGE('',*,*,#1403,.T.);
#1501 = ORIENTED_EDGE('',*,*,#1502,.F.);
#1502 = EDGE_CURVE('',#1478,#1404,#1503,.T.);
#1503 = SURFACE_CURVE('',#1504,(#1507,#1514),.PCURVE_S1.);
#1504 = B_SPLINE_CURVE_WITH_KNOTS('',1,(#1505,#1506),.UNSPECIFIED.,.F.,
  .F.,(2,2),(1.,2.),.PIECEWISE_BEZIER_KNOTS.);
#1505 = CARTESIAN_POINT('',(-45.6145888179,64.885747398971,14.613895));
#1506 = CARTESIAN_POINT('',(-45.46363019771,64.972903398971,16.606285));
#1507 = PCURVE('',#594,#1508);
#1508 = DEFINITIONAL_REPRESENTATION('',(#1509),#1513);
#1509 = LINE('',#1510,#1511);
#1510 = CARTESIAN_POINT('',(0.,1.));
#1511 = VECTOR('',#1512,1.);
#1512 = DIRECTION('',(1.,0.));
#1513 = ( GEOMETRIC_REPRESENTATION_CONTEXT(2) 
PARAMETRIC_REPRESENTATION_CONTEXT() REPRESENTATION_CONTEXT('2D SPACE',''
  ) );
#1514 = PCURVE('',#1463,#1515);
#1515 = DEFINITIONAL_REPRESENTATION('',(#1516),#1519);
#1516 = B_SPLINE_CURVE_WITH_KNOTS('',1,(#1517,#1518),.UNSPECIFIED.,.F.,
  .F.,(2,2),(1.,2.),.PIECEWISE_BEZIER_KNOTS.);
#1517 = CARTESIAN_POINT('',(13.859293004378,1.979899686922));
#1518 = CARTESIAN_POINT('',(14.142135390113,0.));
#1519 = ( GEOMETRIC_REPRESENTATION_CONTEXT(2) 
PARAMETRIC_REPRESENTATION_CONTEXT() REPRESENTATION_CONTEXT('2D SPACE',''
  ) );
#1520 = ADVANCED_FACE('',(#1521),#767,.T.);
#1521 = FACE_BOUND('',#1522,.T.);
#1522 = EDGE_LOOP('',(#1523,#1524,#1525,#1548));
#1523 = ORIENTED_EDGE('',*,*,#1427,.F.);
#1524 = ORIENTED_EDGE('',*,*,#743,.F.);
#1525 = ORIENTED_EDGE('',*,*,#1526,.T.);
#1526 = EDGE_CURVE('',#616,#1527,#1529,.T.);
#1527 = VERTEX_POINT('',#1528);
#1528 = CARTESIAN_POINT('',(-33.53636980228,71.859110398971,13.393715));
#1529 = SURFACE_CURVE('',#1530,(#1534,#1541),.PCURVE_S1.);
#1530 = B_SPLINE_CURVE_WITH_KNOTS('',2,(#1531,#1532,#1533),
  .UNSPECIFIED.,.F.,.F.,(3,3),(0.,1.),.PIECEWISE_BEZIER_KNOTS.);
#1531 = CARTESIAN_POINT('',(2.633974896742,17.686533652982,6.267949));
#1532 = CARTESIAN_POINT('',(-14.4496341223,45.362911863355,
    10.189324369905));
#1533 = CARTESIAN_POINT('',(-33.53636980228,71.859110398971,13.393715));
#1534 = PCURVE('',#767,#1535);
#1535 = DEFINITIONAL_REPRESENTATION('',(#1536),#1540);
#1536 = LINE('',#1537,#1538);
#1537 = CARTESIAN_POINT('',(4.,0.));
#1538 = VECTOR('',#1539,1.);
#1539 = DIRECTION('',(0.,1.));
#1540 = ( GEOMETRIC_REPRESENTATION_CONTEXT(2) 
PARAMETRIC_REPRESENTATION_CONTEXT() REPRESENTATION_CONTEXT('2D SPACE',''
  ) );
#1541 = PCURVE('',#685,#1542);
#1542 = DEFINITIONAL_REPRESENTATION('',(#1543),#1547);
#1543 = LINE('',#1544,#1545);
#1544 = CARTESIAN_POINT('',(0.,0.));
#1545 = VECTOR('',#1546,1.);
#1546 = DIRECTION('',(0.,1.));
#1547 = ( GEOMETRIC_REPRESENTATION_CONTEXT(2) 
PARAMETRIC_REPRESENTATION_CONTEXT() REPRESENTATION_CONTEXT('2D SPACE',''
  ) );
#1548 = ORIENTED_EDGE('',*,*,#1549,.F.);
#1549 = EDGE_CURVE('',#1428,#1527,#1550,.T.);
#1550 = SURFACE_CURVE('',#1551,(#1554,#1561),.PCURVE_S1.);
#1551 = B_SPLINE_CURVE_WITH_KNOTS('',1,(#1552,#1553),.UNSPECIFIED.,.F.,
  .F.,(2,2),(3.,4.),.PIECEWISE_BEZIER_KNOTS.);
#1552 = CARTESIAN_POINT('',(-33.38541118209,71.946266398971,15.386105));
#1553 = CARTESIAN_POINT('',(-33.53636980228,71.859110398971,13.393715));
#1554 = PCURVE('',#767,#1555);
#1555 = DEFINITIONAL_REPRESENTATION('',(#1556),#1560);
#1556 = LINE('',#1557,#1558);
#1557 = CARTESIAN_POINT('',(0.,1.));
#1558 = VECTOR('',#1559,1.);
#1559 = DIRECTION('',(1.,0.));
#1560 = ( GEOMETRIC_REPRESENTATION_CONTEXT(2) 
PARAMETRIC_REPRESENTATION_CONTEXT() REPRESENTATION_CONTEXT('2D SPACE',''
  ) );
#1561 = PCURVE('',#1463,#1562);
#1562 = DEFINITIONAL_REPRESENTATION('',(#1563),#1566);
#1563 = B_SPLINE_CURVE_WITH_KNOTS('',1,(#1564,#1565),.UNSPECIFIED.,.F.,
  .F.,(2,2),(3.,4.),.PIECEWISE_BEZIER_KNOTS.);
#1564 = CARTESIAN_POINT('',(0.282842385735,-1.979899686922));
#1565 = CARTESIAN_POINT('',(0.,0.));
#1566 = ( GEOMETRIC_REPRESENTATION_CONTEXT(2) 
PARAMETRIC_REPRESENTATION_CONTEXT() REPRESENTATION_CONTEXT('2D SPACE',''
  ) );
#1567 = ADVANCED_FACE('',(#1568),#685,.T.);
#1568 = FACE_BOUND('',#1569,.T.);
#1569 = EDGE_LOOP('',(#1570,#1571,#1572,#1573));
#1570 = ORIENTED_EDGE('',*,*,#1526,.F.);
#1571 = ORIENTED_EDGE('',*,*,#615,.F.);
#1572 = ORIENTED_EDGE('',*,*,#1477,.T.);
#1573 = ORIENTED_EDGE('',*,*,#1574,.F.);
#1574 = EDGE_CURVE('',#1527,#1478,#1575,.T.);
#1575 = SURFACE_CURVE('',#1576,(#1579,#1586),.PCURVE_S1.);
#1576 = B_SPLINE_CURVE_WITH_KNOTS('',1,(#1577,#1578),.UNSPECIFIED.,.F.,
  .F.,(2,2),(0.,1.),.PIECEWISE_BEZIER_KNOTS.);
#1577 = CARTESIAN_POINT('',(-33.53636980228,71.859110398971,13.393715));
#1578 = CARTESIAN_POINT('',(-45.6145888179,64.885747398971,14.613895));
#1579 = PCURVE('',#685,#1580);
#1580 = DEFINITIONAL_REPRESENTATION('',(#1581),#1585);
#1581 = LINE('',#1582,#1583);
#1582 = CARTESIAN_POINT('',(0.,1.));
#1583 = VECTOR('',#1584,1.);
#1584 = DIRECTION('',(1.,0.));
#1585 = ( GEOMETRIC_REPRESENTATION_CONTEXT(2) 
PARAMETRIC_REPRESENTATION_CONTEXT() REPRESENTATION_CONTEXT('2D SPACE',''
  ) );
#1586 = PCURVE('',#1463,#1587);
#1587 = DEFINITIONAL_REPRESENTATION('',(#1588),#1591);
#1588 = B_SPLINE_CURVE_WITH_KNOTS('',1,(#1589,#1590),.UNSPECIFIED.,.F.,
  .F.,(2,2),(0.,1.),.PIECEWISE_BEZIER_KNOTS.);
#1589 = CARTESIAN_POINT('',(0.,0.));
#1590 = CARTESIAN_POINT('',(13.859293004378,1.979899686922));
#1591 = ( GEOMETRIC_REPRESENTATION_CONTEXT(2) 
PARAMETRIC_REPRESENTATION_CONTEXT() REPRESENTATION_CONTEXT('2D SPACE',''
  ) );
#1592 = ADVANCED_FACE('',(#1593),#854,.T.);
#1593 = FACE_BOUND('',#1594,.T.);
#1594 = EDGE_LOOP('',(#1595,#1618,#1619,#1642));
#1595 = ORIENTED_EDGE('',*,*,#1596,.F.);
#1596 = EDGE_CURVE('',#791,#1597,#1599,.T.);
#1597 = VERTEX_POINT('',#1598);
#1598 = CARTESIAN_POINT('',(-33.53636980228,-71.85911039897,16.606285));
#1599 = SURFACE_CURVE('',#1600,(#1604,#1611),.PCURVE_S1.);
#1600 = B_SPLINE_CURVE_WITH_KNOTS('',2,(#1601,#1602,#1603),
  .UNSPECIFIED.,.F.,.F.,(3,3),(0.,1.),.PIECEWISE_BEZIER_KNOTS.);
#1601 = CARTESIAN_POINT('',(2.633974896742,-17.68653365298,23.732051));
#1602 = CARTESIAN_POINT('',(-14.4496341223,-45.36291186335,
    19.810675630095));
#1603 = CARTESIAN_POINT('',(-33.53636980228,-71.85911039897,16.606285));
#1604 = PCURVE('',#854,#1605);
#1605 = DEFINITIONAL_REPRESENTATION('',(#1606),#1610);
#1606 = LINE('',#1607,#1608);
#1607 = CARTESIAN_POINT('',(2.,0.));
#1608 = VECTOR('',#1609,1.);
#1609 = DIRECTION('',(0.,1.));
#1610 = ( GEOMETRIC_REPRESENTATION_CONTEXT(2) 
PARAMETRIC_REPRESENTATION_CONTEXT() REPRESENTATION_CONTEXT('2D SPACE',''
  ) );
#1611 = PCURVE('',#938,#1612);
#1612 = DEFINITIONAL_REPRESENTATION('',(#1613),#1617);
#1613 = LINE('',#1614,#1615);
#1614 = CARTESIAN_POINT('',(2.,0.));
#1615 = VECTOR('',#1616,1.);
#1616 = DIRECTION('',(0.,1.));
#1617 = ( GEOMETRIC_REPRESENTATION_CONTEXT(2) 
PARAMETRIC_REPRESENTATION_CONTEXT() REPRESENTATION_CONTEXT('2D SPACE',''
  ) );
#1618 = ORIENTED_EDGE('',*,*,#790,.T.);
#1619 = ORIENTED_EDGE('',*,*,#1620,.T.);
#1620 = EDGE_CURVE('',#793,#1621,#1623,.T.);
#1621 = VERTEX_POINT('',#1622);
#1622 = CARTESIAN_POINT('',(-45.6145888179,-64.88574739897,15.386105));
#1623 = SURFACE_CURVE('',#1624,(#1628,#1635),.PCURVE_S1.);
#1624 = B_SPLINE_CURVE_WITH_KNOTS('',2,(#1625,#1626,#1627),
  .UNSPECIFIED.,.F.,.F.,(3,3),(0.,1.),.PIECEWISE_BEZIER_KNOTS.);
#1625 = CARTESIAN_POINT('',(-18.36602570431,-5.562177652982,9.732051));
#1626 = CARTESIAN_POINT('',(-33.01479527454,-34.64431107456,
    14.207541086216));
#1627 = CARTESIAN_POINT('',(-45.6145888179,-64.88574739897,15.386105));
#1628 = PCURVE('',#854,#1629);
#1629 = DEFINITIONAL_REPRESENTATION('',(#1630),#1634);
#1630 = LINE('',#1631,#1632);
#1631 = CARTESIAN_POINT('',(3.,0.));
#1632 = VECTOR('',#1633,1.);
#1633 = DIRECTION('',(0.,1.));
#1634 = ( GEOMETRIC_REPRESENTATION_CONTEXT(2) 
PARAMETRIC_REPRESENTATION_CONTEXT() REPRESENTATION_CONTEXT('2D SPACE',''
  ) );
#1635 = PCURVE('',#1111,#1636);
#1636 = DEFINITIONAL_REPRESENTATION('',(#1637),#1641);
#1637 = LINE('',#1638,#1639);
#1638 = CARTESIAN_POINT('',(3.,0.));
#1639 = VECTOR('',#1640,1.);
#1640 = DIRECTION('',(0.,1.));
#1641 = ( GEOMETRIC_REPRESENTATION_CONTEXT(2) 
PARAMETRIC_REPRESENTATION_CONTEXT() REPRESENTATION_CONTEXT('2D SPACE',''
  ) );
#1642 = ORIENTED_EDGE('',*,*,#1643,.F.);
#1643 = EDGE_CURVE('',#1597,#1621,#1644,.T.);
#1644 = SURFACE_CURVE('',#1645,(#1648,#1655),.PCURVE_S1.);
#1645 = B_SPLINE_CURVE_WITH_KNOTS('',1,(#1646,#1647),.UNSPECIFIED.,.F.,
  .F.,(2,2),(2.,3.),.PIECEWISE_BEZIER_KNOTS.);
#1646 = CARTESIAN_POINT('',(-33.53636980228,-71.85911039897,16.606285));
#1647 = CARTESIAN_POINT('',(-45.6145888179,-64.88574739897,15.386105));
#1648 = PCURVE('',#854,#1649);
#1649 = DEFINITIONAL_REPRESENTATION('',(#1650),#1654);
#1650 = LINE('',#1651,#1652);
#1651 = CARTESIAN_POINT('',(0.,1.));
#1652 = VECTOR('',#1653,1.);
#1653 = DIRECTION('',(1.,0.));
#1654 = ( GEOMETRIC_REPRESENTATION_CONTEXT(2) 
PARAMETRIC_REPRESENTATION_CONTEXT() REPRESENTATION_CONTEXT('2D SPACE',''
  ) );
#1655 = PCURVE('',#1656,#1661);
#1656 = PLANE('',#1657);
#1657 = AXIS2_PLACEMENT_3D('',#1658,#1659,#1660);
#1658 = CARTESIAN_POINT('',(-45.46363019771,-64.97290339897,13.393715));
#1659 = DIRECTION('',(0.5,0.866025403784,0.));
#1660 = DIRECTION('',(0.843384684591,-0.486928374679,0.227163006956));
#1661 = DEFINITIONAL_REPRESENTATION('',(#1662),#1665);
#1662 = B_SPLINE_CURVE_WITH_KNOTS('',1,(#1663,#1664),.UNSPECIFIED.,.F.,
  .F.,(2,2),(2.,3.),.PIECEWISE_BEZIER_KNOTS.);
#1663 = CARTESIAN_POINT('',(14.142135390113,0.));
#1664 = CARTESIAN_POINT('',(0.282842385735,-1.979899686922));
#1665 = ( GEOMETRIC_REPRESENTATION_CONTEXT(2) 
PARAMETRIC_REPRESENTATION_CONTEXT() REPRESENTATION_CONTEXT('2D SPACE',''
  ) );
#1666 = ADVANCED_FACE('',(#1667),#1111,.T.);
#1667 = FACE_BOUND('',#1668,.T.);
#1668 = EDGE_LOOP('',(#1669,#1670,#1671,#1694));
#1669 = ORIENTED_EDGE('',*,*,#1620,.F.);
#1670 = ORIENTED_EDGE('',*,*,#1087,.F.);
#1671 = ORIENTED_EDGE('',*,*,#1672,.T.);
#1672 = EDGE_CURVE('',#960,#1673,#1675,.T.);
#1673 = VERTEX_POINT('',#1674);
#1674 = CARTESIAN_POINT('',(-45.46363019771,-64.97290339897,13.393715));
#1675 = SURFACE_CURVE('',#1676,(#1680,#1687),.PCURVE_S1.);
#1676 = B_SPLINE_CURVE_WITH_KNOTS('',2,(#1677,#1678,#1679),
  .UNSPECIFIED.,.F.,.F.,(3,3),(0.,1.),.PIECEWISE_BEZIER_KNOTS.);
#1677 = CARTESIAN_POINT('',(-16.63397489674,-6.562177652982,6.267949));
#1678 = CARTESIAN_POINT('',(-32.06061700214,-35.19520615698,
    10.189324369905));
#1679 = CARTESIAN_POINT('',(-45.46363019771,-64.97290339897,13.393715));
#1680 = PCURVE('',#1111,#1681);
#1681 = DEFINITIONAL_REPRESENTATION('',(#1682),#1686);
#1682 = LINE('',#1683,#1684);
#1683 = CARTESIAN_POINT('',(4.,0.));
#1684 = VECTOR('',#1685,1.);
#1685 = DIRECTION('',(0.,1.));
#1686 = ( GEOMETRIC_REPRESENTATION_CONTEXT(2) 
PARAMETRIC_REPRESENTATION_CONTEXT() REPRESENTATION_CONTEXT('2D SPACE',''
  ) );
#1687 = PCURVE('',#1029,#1688);
#1688 = DEFINITIONAL_REPRESENTATION('',(#1689),#1693);
#1689 = LINE('',#1690,#1691);
#1690 = CARTESIAN_POINT('',(0.,0.));
#1691 = VECTOR('',#1692,1.);
#1692 = DIRECTION('',(0.,1.));
#1693 = ( GEOMETRIC_REPRESENTATION_CONTEXT(2) 
PARAMETRIC_REPRESENTATION_CONTEXT() REPRESENTATION_CONTEXT('2D SPACE',''
  ) );
#1694 = ORIENTED_EDGE('',*,*,#1695,.F.);
#1695 = EDGE_CURVE('',#1621,#1673,#1696,.T.);
#1696 = SURFACE_CURVE('',#1697,(#1700,#1707),.PCURVE_S1.);
#1697 = B_SPLINE_CURVE_WITH_KNOTS('',1,(#1698,#1699),.UNSPECIFIED.,.F.,
  .F.,(2,2),(3.,4.),.PIECEWISE_BEZIER_KNOTS.);
#1698 = CARTESIAN_POINT('',(-45.6145888179,-64.88574739897,15.386105));
#1699 = CARTESIAN_POINT('',(-45.46363019771,-64.97290339897,13.393715));
#1700 = PCURVE('',#1111,#1701);
#1701 = DEFINITIONAL_REPRESENTATION('',(#1702),#1706);
#1702 = LINE('',#1703,#1704);
#1703 = CARTESIAN_POINT('',(0.,1.));
#1704 = VECTOR('',#1705,1.);
#1705 = DIRECTION('',(1.,0.));
#1706 = ( GEOMETRIC_REPRESENTATION_CONTEXT(2) 
PARAMETRIC_REPRESENTATION_CONTEXT() REPRESENTATION_CONTEXT('2D SPACE',''
  ) );
#1707 = PCURVE('',#1656,#1708);
#1708 = DEFINITIONAL_REPRESENTATION('',(#1709),#1712);
#1709 = B_SPLINE_CURVE_WITH_KNOTS('',1,(#1710,#1711),.UNSPECIFIED.,.F.,
  .F.,(2,2),(3.,4.),.PIECEWISE_BEZIER_KNOTS.);
#1710 = CARTESIAN_POINT('',(0.282842385735,-1.979899686922));
#1711 = CARTESIAN_POINT('',(0.,0.));
#1712 = ( GEOMETRIC_REPRESENTATION_CONTEXT(2) 
PARAMETRIC_REPRESENTATION_CONTEXT() REPRESENTATION_CONTEXT('2D SPACE',''
  ) );
#1713 = ADVANCED_FACE('',(#1714),#1029,.T.);
#1714 = FACE_BOUND('',#1715,.T.);
#1715 = EDGE_LOOP('',(#1716,#1717,#1718,#1741));
#1716 = ORIENTED_EDGE('',*,*,#1672,.F.);
#1717 = ORIENTED_EDGE('',*,*,#959,.F.);
#1718 = ORIENTED_EDGE('',*,*,#1719,.T.);
#1719 = EDGE_CURVE('',#913,#1720,#1722,.T.);
#1720 = VERTEX_POINT('',#1721);
#1721 = CARTESIAN_POINT('',(-33.38541118209,-71.94626639897,14.613895));
#1722 = SURFACE_CURVE('',#1723,(#1727,#1734),.PCURVE_S1.);
#1723 = B_SPLINE_CURVE_WITH_KNOTS('',2,(#1724,#1725,#1726),
  .UNSPECIFIED.,.F.,.F.,(3,3),(0.,1.),.PIECEWISE_BEZIER_KNOTS.);
#1724 = CARTESIAN_POINT('',(4.366025704311,-18.68653365298,20.267949));
#1725 = CARTESIAN_POINT('',(-13.49545584991,-45.91380694577,
    15.792458913784));
#1726 = CARTESIAN_POINT('',(-33.38541118209,-71.94626639897,14.613895));
#1727 = PCURVE('',#1029,#1728);
#1728 = DEFINITIONAL_REPRESENTATION('',(#1729),#1733);
#1729 = LINE('',#1730,#1731);
#1730 = CARTESIAN_POINT('',(1.,0.));
#1731 = VECTOR('',#1732,1.);
#1732 = DIRECTION('',(0.,1.));
#1733 = ( GEOMETRIC_REPRESENTATION_CONTEXT(2) 
PARAMETRIC_REPRESENTATION_CONTEXT() REPRESENTATION_CONTEXT('2D SPACE',''
  ) );
#1734 = PCURVE('',#938,#1735);
#1735 = DEFINITIONAL_REPRESENTATION('',(#1736),#1740);
#1736 = LINE('',#1737,#1738);
#1737 = CARTESIAN_POINT('',(1.,0.));
#1738 = VECTOR('',#1739,1.);
#1739 = DIRECTION('',(0.,1.));
#1740 = ( GEOMETRIC_REPRESENTATION_CONTEXT(2) 
PARAMETRIC_REPRESENTATION_CONTEXT() REPRESENTATION_CONTEXT('2D SPACE',''
  ) );
#1741 = ORIENTED_EDGE('',*,*,#1742,.F.);
#1742 = EDGE_CURVE('',#1673,#1720,#1743,.T.);
#1743 = SURFACE_CURVE('',#1744,(#1747,#1754),.PCURVE_S1.);
#1744 = B_SPLINE_CURVE_WITH_KNOTS('',1,(#1745,#1746),.UNSPECIFIED.,.F.,
  .F.,(2,2),(0.,1.),.PIECEWISE_BEZIER_KNOTS.);
#1745 = CARTESIAN_POINT('',(-45.46363019771,-64.97290339897,13.393715));
#1746 = CARTESIAN_POINT('',(-33.38541118209,-71.94626639897,14.613895));
#1747 = PCURVE('',#1029,#1748);
#1748 = DEFINITIONAL_REPRESENTATION('',(#1749),#1753);
#1749 = LINE('',#1750,#1751);
#1750 = CARTESIAN_POINT('',(0.,1.));
#1751 = VECTOR('',#1752,1.);
#1752 = DIRECTION('',(1.,0.));
#1753 = ( GEOMETRIC_REPRESENTATION_CONTEXT(2) 
PARAMETRIC_REPRESENTATION_CONTEXT() REPRESENTATION_CONTEXT('2D SPACE',''
  ) );
#1754 = PCURVE('',#1656,#1755);
#1755 = DEFINITIONAL_REPRESENTATION('',(#1756),#1759);
#1756 = B_SPLINE_CURVE_WITH_KNOTS('',1,(#1757,#1758),.UNSPECIFIED.,.F.,
  .F.,(2,2),(0.,1.),.PIECEWISE_BEZIER_KNOTS.);
#1757 = CARTESIAN_POINT('',(0.,0.));
#1758 = CARTESIAN_POINT('',(13.859293004378,1.979899686922));
#1759 = ( GEOMETRIC_REPRESENTATION_CONTEXT(2) 
PARAMETRIC_REPRESENTATION_CONTEXT() REPRESENTATION_CONTEXT('2D SPACE',''
  ) );
#1760 = ADVANCED_FACE('',(#1761),#938,.T.);
#1761 = FACE_BOUND('',#1762,.T.);
#1762 = EDGE_LOOP('',(#1763,#1764,#1765,#1766));
#1763 = ORIENTED_EDGE('',*,*,#1719,.F.);
#1764 = ORIENTED_EDGE('',*,*,#912,.F.);
#1765 = ORIENTED_EDGE('',*,*,#1596,.T.);
#1766 = ORIENTED_EDGE('',*,*,#1767,.F.);
#1767 = EDGE_CURVE('',#1720,#1597,#1768,.T.);
#1768 = SURFACE_CURVE('',#1769,(#1772,#1779),.PCURVE_S1.);
#1769 = B_SPLINE_CURVE_WITH_KNOTS('',1,(#1770,#1771),.UNSPECIFIED.,.F.,
  .F.,(2,2),(1.,2.),.PIECEWISE_BEZIER_KNOTS.);
#1770 = CARTESIAN_POINT('',(-33.38541118209,-71.94626639897,14.613895));
#1771 = CARTESIAN_POINT('',(-33.53636980228,-71.85911039897,16.606285));
#1772 = PCURVE('',#938,#1773);
#1773 = DEFINITIONAL_REPRESENTATION('',(#1774),#1778);
#1774 = LINE('',#1775,#1776);
#1775 = CARTESIAN_POINT('',(0.,1.));
#1776 = VECTOR('',#1777,1.);
#1777 = DIRECTION('',(1.,0.));
#1778 = ( GEOMETRIC_REPRESENTATION_CONTEXT(2) 
PARAMETRIC_REPRESENTATION_CONTEXT() REPRESENTATION_CONTEXT('2D SPACE',''
  ) );
#1779 = PCURVE('',#1656,#1780);
#1780 = DEFINITIONAL_REPRESENTATION('',(#1781),#1784);
#1781 = B_SPLINE_CURVE_WITH_KNOTS('',1,(#1782,#1783),.UNSPECIFIED.,.F.,
  .F.,(2,2),(1.,2.),.PIECEWISE_BEZIER_KNOTS.);
#1782 = CARTESIAN_POINT('',(13.859293004378,1.979899686922));
#1783 = CARTESIAN_POINT('',(14.142135390113,0.));
#1784 = ( GEOMETRIC_REPRESENTATION_CONTEXT(2) 
PARAMETRIC_REPRESENTATION_CONTEXT() REPRESENTATION_CONTEXT('2D SPACE',''
  ) );
#1785 = ADVANCED_FACE('',(#1786),#1195,.F.);
#1786 = FACE_BOUND('',#1787,.T.);
#1787 = EDGE_LOOP('',(#1788,#1789,#1790,#1791));
#1788 = ORIENTED_EDGE('',*,*,#1235,.T.);
#1789 = ORIENTED_EDGE('',*,*,#1321,.T.);
#1790 = ORIENTED_EDGE('',*,*,#1347,.T.);
#1791 = ORIENTED_EDGE('',*,*,#1182,.T.);
#1792 = ADVANCED_FACE('',(#1793),#1281,.F.);
#1793 = FACE_BOUND('',#1794,.F.);
#1794 = EDGE_LOOP('',(#1795,#1796,#1817,#1818));
#1795 = ORIENTED_EDGE('',*,*,#1260,.F.);
#1796 = ORIENTED_EDGE('',*,*,#1797,.F.);
#1797 = EDGE_CURVE('',#1373,#1261,#1798,.T.);
#1798 = SEAM_CURVE('',#1799,(#1803,#1810),.PCURVE_S1.);
#1799 = LINE('',#1800,#1801);
#1800 = CARTESIAN_POINT('',(-7.5,-1.836970198721E-15,30.));
#1801 = VECTOR('',#1802,1.);
#1802 = DIRECTION('',(0.,0.,-1.));
#1803 = PCURVE('',#1281,#1804);
#1804 = DEFINITIONAL_REPRESENTATION('',(#1805),#1809);
#1805 = LINE('',#1806,#1807);
#1806 = CARTESIAN_POINT('',(6.28318530718,-0.));
#1807 = VECTOR('',#1808,1.);
#1808 = DIRECTION('',(0.,1.));
#1809 = ( GEOMETRIC_REPRESENTATION_CONTEXT(2) 
PARAMETRIC_REPRESENTATION_CONTEXT() REPRESENTATION_CONTEXT('2D SPACE',''
  ) );
#1810 = PCURVE('',#1281,#1811);
#1811 = DEFINITIONAL_REPRESENTATION('',(#1812),#1816);
#1812 = LINE('',#1813,#1814);
#1813 = CARTESIAN_POINT('',(0.,-0.));
#1814 = VECTOR('',#1815,1.);
#1815 = DIRECTION('',(0.,1.));
#1816 = ( GEOMETRIC_REPRESENTATION_CONTEXT(2) 
PARAMETRIC_REPRESENTATION_CONTEXT() REPRESENTATION_CONTEXT('2D SPACE',''
  ) );
#1817 = ORIENTED_EDGE('',*,*,#1372,.T.);
#1818 = ORIENTED_EDGE('',*,*,#1797,.T.);
#1819 = ADVANCED_FACE('',(#1820),#1463,.F.);
#1820 = FACE_BOUND('',#1821,.T.);
#1821 = EDGE_LOOP('',(#1822,#1823,#1824,#1825));
#1822 = ORIENTED_EDGE('',*,*,#1574,.T.);
#1823 = ORIENTED_EDGE('',*,*,#1502,.T.);
#1824 = ORIENTED_EDGE('',*,*,#1450,.T.);
#1825 = ORIENTED_EDGE('',*,*,#1549,.T.);
#1826 = ADVANCED_FACE('',(#1827),#1656,.F.);
#1827 = FACE_BOUND('',#1828,.T.);
#1828 = EDGE_LOOP('',(#1829,#1830,#1831,#1832));
#1829 = ORIENTED_EDGE('',*,*,#1742,.T.);
#1830 = ORIENTED_EDGE('',*,*,#1767,.T.);
#1831 = ORIENTED_EDGE('',*,*,#1643,.T.);
#1832 = ORIENTED_EDGE('',*,*,#1695,.T.);
#1833 = ( GEOMETRIC_REPRESENTATION_CONTEXT(3) 
GLOBAL_UNCERTAINTY_ASSIGNED_CONTEXT((#1837)) 
GLOBAL_UNIT_ASSIGNED_CONTEXT((#1834,#1835,#1836)) REPRESENTATION_CONTEXT
('Context #1','3D Context with UNIT and UNCERTAINTY') );
#1834 = ( LENGTH_UNIT() NAMED_UNIT(*) SI_UNIT(.MILLI.,.METRE.) );
#1835 = ( NAMED_UNIT(*) PLANE_ANGLE_UNIT() SI_UNIT($,.RADIAN.) );
#1836 = ( NAMED_UNIT(*) SI_UNIT($,.STERADIAN.) SOLID_ANGLE_UNIT() );
#1837 = UNCERTAINTY_MEASURE_WITH_UNIT(LENGTH_MEASURE(2.E-06),#1834,
  'distance_accuracy_value','confusion accuracy');
#1838 = PRODUCT_RELATED_PRODUCT_CATEGORY('part',$,(#7));
ENDSEC;
END-ISO-10303-21;
