ISO-10303-21;
HEADER;
FILE_DESCRIPTION(('Open CASCADE Model'),'2;1');
FILE_NAME('Open CASCADE Shape Model','2026-09-21T15:14:40',('Author'),(
    'Open CASCADE'),'Open CASCADE STEP processor 7.9','Open CASCADE 7.9'
  ,'Unknown');
FILE_SCHEMA(('AUTOMOTIVE_DESIGN { 1 0 10303 214 1 1 1 1 }'));
ENDSEC;
DATA;
#1 = APPLICATION_PROTOCOL_DEFINITION('international standard',
  'automotive_design',2000,#2);
#2 = APPLICATION_CONTEXT(
  'core data for automotive mechanical design processes');
#3 = SHAPE_DEFINITION_REPRESENTATION(#4,#10);
#4 = PRODUCT_DEFINITION_SHAPE('','',#5);
#5 = PRODUCT_DEFINITION('design','',#6,#9);
#6 = PRODUCT_DEFINITION_FORMATION('','',#7);
#7 = PRODUCT('Open CASCADE STEP translator 7.9 19',
  'Open CASCADE STEP translator 7.9 19','',(#8));
#8 = PRODUCT_CONTEXT('',#2,'mechanical');
#9 = PRODUCT_DEFINITION_CONTEXT('part definition',#2,'design');
#10 = ADVANCED_BREP_SHAPE_REPRESENTATION('',(#11,#15),#3313);
#11 = AXIS2_PLACEMENT_3D('',#12,#13,#14);
#12 = CARTESIAN_POINT('',(0.,0.,0.));
#13 = DIRECTION('',(0.,0.,1.));
#14 = DIRECTION('',(1.,0.,-0.));
#15 = MANIFOLD_SOLID_BREP('',#16);
#16 = CLOSED_SHELL('',(#17,#137,#1291,#1341,#2282,#2307,#2334,#2361,
    #2388,#2415,#2442,#2469,#2496,#2523,#2550,#2577,#2604,#2631,#2658,
    #2685,#2712,#2739,#2766,#2793,#2820,#2847,#2874,#2901,#2928,#2955,
    #2982,#3009,#3036,#3063,#3090,#3117,#3144,#3171,#3198,#3225,#3252,
    #3279,#3286));
#17 = ADVANCED_FACE('',(#18),#33,.T.);
#18 = FACE_BOUND('',#19,.T.);
#19 = EDGE_LOOP('',(#20,#56,#82,#111));
#20 = ORIENTED_EDGE('',*,*,#21,.F.);
#21 = EDGE_CURVE('',#22,#24,#26,.T.);
#22 = VERTEX_POINT('',#23);
#23 = CARTESIAN_POINT('',(43.84410287278,2.260205921876,8.));
#24 = VERTEX_POINT('',#25);
#25 = CARTESIAN_POINT('',(42.396661778919,11.398989320643,8.));
#26 = SURFACE_CURVE('',#27,(#32,#44),.PCURVE_S1.);
#27 = CIRCLE('',#28,43.90232212);
#28 = AXIS2_PLACEMENT_3D('',#29,#30,#31);
#29 = CARTESIAN_POINT('',(0.,0.,8.));
#30 = DIRECTION('',(0.,0.,1.));
#31 = DIRECTION('',(1.,0.,-0.));
#32 = PCURVE('',#33,#38);
#33 = CYLINDRICAL_SURFACE('',#34,43.90232212);
#34 = AXIS2_PLACEMENT_3D('',#35,#36,#37);
#35 = CARTESIAN_POINT('',(0.,0.,0.));
#36 = DIRECTION('',(0.,0.,1.));
#37 = DIRECTION('',(1.,0.,-0.));
#38 = DEFINITIONAL_REPRESENTATION('',(#39),#43);
#39 = LINE('',#40,#41);
#40 = CARTESIAN_POINT('',(0.,8.));
#41 = VECTOR('',#42,1.);
#42 = DIRECTION('',(1.,0.));
#43 = ( GEOMETRIC_REPRESENTATION_CONTEXT(2) 
PARAMETRIC_REPRESENTATION_CONTEXT() REPRESENTATION_CONTEXT('2D SPACE',''
  ) );
#44 = PCURVE('',#45,#50);
#45 = PLANE('',#46);
#46 = AXIS2_PLACEMENT_3D('',#47,#48,#49);
#47 = CARTESIAN_POINT('',(0.,0.,8.));
#48 = DIRECTION('',(0.,0.,1.));
#49 = DIRECTION('',(1.,0.,-0.));
#50 = DEFINITIONAL_REPRESENTATION('',(#51),#55);
#51 = CIRCLE('',#52,43.90232212);
#52 = AXIS2_PLACEMENT_2D('',#53,#54);
#53 = CARTESIAN_POINT('',(0.,0.));
#54 = DIRECTION('',(1.,0.));
#55 = ( GEOMETRIC_REPRESENTATION_CONTEXT(2) 
PARAMETRIC_REPRESENTATION_CONTEXT() REPRESENTATION_CONTEXT('2D SPACE',''
  ) );
#56 = ORIENTED_EDGE('',*,*,#57,.F.);
#57 = EDGE_CURVE('',#58,#22,#60,.T.);
#58 = VERTEX_POINT('',#59);
#59 = CARTESIAN_POINT('',(43.84410287278,2.260205921876,0.));
#60 = SURFACE_CURVE('',#61,(#65,#71),.PCURVE_S1.);
#61 = LINE('',#62,#63);
#62 = CARTESIAN_POINT('',(43.844102872781,2.260205921875,0.));
#63 = VECTOR('',#64,1.);
#64 = DIRECTION('',(0.,0.,1.));
#65 = PCURVE('',#33,#66);
#66 = DEFINITIONAL_REPRESENTATION('',(#67),#70);
#67 = B_SPLINE_CURVE_WITH_KNOTS('',1,(#68,#69),.UNSPECIFIED.,.F.,.F.,(2,
    2),(-6.E-07,8.0000006),.PIECEWISE_BEZIER_KNOTS.);
#68 = CARTESIAN_POINT('',(5.150537456309E-02,-6.E-07));
#69 = CARTESIAN_POINT('',(5.150537456309E-02,8.0000006));
#70 = ( GEOMETRIC_REPRESENTATION_CONTEXT(2) 
PARAMETRIC_REPRESENTATION_CONTEXT() REPRESENTATION_CONTEXT('2D SPACE',''
  ) );
#71 = PCURVE('',#72,#77);
#72 = CYLINDRICAL_SURFACE('',#73,3.96);
#73 = AXIS2_PLACEMENT_3D('',#74,#75,#76);
#74 = CARTESIAN_POINT('',(40.59247725,0.,0.));
#75 = DIRECTION('',(0.,0.,1.));
#76 = DIRECTION('',(1.,0.,-0.));
#77 = DEFINITIONAL_REPRESENTATION('',(#78),#81);
#78 = B_SPLINE_CURVE_WITH_KNOTS('',1,(#79,#80),.UNSPECIFIED.,.F.,.F.,(2,
    2),(-6.E-07,8.0000006),.PIECEWISE_BEZIER_KNOTS.);
#79 = CARTESIAN_POINT('',(0.607429995168,-6.E-07));
#80 = CARTESIAN_POINT('',(0.607429995168,8.0000006));
#81 = ( GEOMETRIC_REPRESENTATION_CONTEXT(2) 
PARAMETRIC_REPRESENTATION_CONTEXT() REPRESENTATION_CONTEXT('2D SPACE',''
  ) );
#82 = ORIENTED_EDGE('',*,*,#83,.T.);
#83 = EDGE_CURVE('',#58,#84,#86,.T.);
#84 = VERTEX_POINT('',#85);
#85 = CARTESIAN_POINT('',(42.396661778919,11.398989320643,0.));
#86 = SURFACE_CURVE('',#87,(#92,#99),.PCURVE_S1.);
#87 = CIRCLE('',#88,43.90232212);
#88 = AXIS2_PLACEMENT_3D('',#89,#90,#91);
#89 = CARTESIAN_POINT('',(0.,0.,0.));
#90 = DIRECTION('',(0.,0.,1.));
#91 = DIRECTION('',(1.,0.,-0.));
#92 = PCURVE('',#33,#93);
#93 = DEFINITIONAL_REPRESENTATION('',(#94),#98);
#94 = LINE('',#95,#96);
#95 = CARTESIAN_POINT('',(0.,0.));
#96 = VECTOR('',#97,1.);
#97 = DIRECTION('',(1.,0.));
#98 = ( GEOMETRIC_REPRESENTATION_CONTEXT(2) 
PARAMETRIC_REPRESENTATION_CONTEXT() REPRESENTATION_CONTEXT('2D SPACE',''
  ) );
#99 = PCURVE('',#100,#105);
#100 = PLANE('',#101);
#101 = AXIS2_PLACEMENT_3D('',#102,#103,#104);
#102 = CARTESIAN_POINT('',(0.,0.,0.));
#103 = DIRECTION('',(0.,0.,1.));
#104 = DIRECTION('',(1.,0.,-0.));
#105 = DEFINITIONAL_REPRESENTATION('',(#106),#110);
#106 = CIRCLE('',#107,43.90232212);
#107 = AXIS2_PLACEMENT_2D('',#108,#109);
#108 = CARTESIAN_POINT('',(0.,0.));
#109 = DIRECTION('',(1.,0.));
#110 = ( GEOMETRIC_REPRESENTATION_CONTEXT(2) 
PARAMETRIC_REPRESENTATION_CONTEXT() REPRESENTATION_CONTEXT('2D SPACE',''
  ) );
#111 = ORIENTED_EDGE('',*,*,#112,.T.);
#112 = EDGE_CURVE('',#84,#24,#113,.T.);
#113 = SURFACE_CURVE('',#114,(#118,#125),.PCURVE_S1.);
#114 = LINE('',#115,#116);
#115 = CARTESIAN_POINT('',(42.396661778919,11.398989320645,0.));
#116 = VECTOR('',#117,1.);
#117 = DIRECTION('',(0.,0.,1.));
#118 = PCURVE('',#33,#119);
#119 = DEFINITIONAL_REPRESENTATION('',(#120),#124);
#120 = LINE('',#121,#122);
#121 = CARTESIAN_POINT('',(0.262653890796,0.));
#122 = VECTOR('',#123,1.);
#123 = DIRECTION('',(0.,1.));
#124 = ( GEOMETRIC_REPRESENTATION_CONTEXT(2) 
PARAMETRIC_REPRESENTATION_CONTEXT() REPRESENTATION_CONTEXT('2D SPACE',''
  ) );
#125 = PCURVE('',#126,#131);
#126 = CYLINDRICAL_SURFACE('',#127,3.96);
#127 = AXIS2_PLACEMENT_3D('',#128,#129,#130);
#128 = CARTESIAN_POINT('',(38.605740001175,12.543765314028,0.));
#129 = DIRECTION('',(0.,0.,1.));
#130 = DIRECTION('',(0.951056516295,0.309016994375,0.));
#131 = DEFINITIONAL_REPRESENTATION('',(#132),#136);
#132 = LINE('',#133,#134);
#133 = CARTESIAN_POINT('',(5.675755312012,0.));
#134 = VECTOR('',#135,1.);
#135 = DIRECTION('',(0.,1.));
#136 = ( GEOMETRIC_REPRESENTATION_CONTEXT(2) 
PARAMETRIC_REPRESENTATION_CONTEXT() REPRESENTATION_CONTEXT('2D SPACE',''
  ) );
#137 = ADVANCED_FACE('',(#138,#1260),#45,.T.);
#138 = FACE_BOUND('',#139,.T.);
#139 = EDGE_LOOP('',(#140,#164,#165,#189,#218,#247,#276,#305,#334,#363,
    #392,#421,#450,#479,#508,#537,#566,#595,#624,#653,#682,#711,#740,
    #769,#798,#827,#856,#885,#914,#943,#972,#1001,#1030,#1059,#1088,
    #1117,#1146,#1175,#1204,#1233));
#140 = ORIENTED_EDGE('',*,*,#141,.F.);
#141 = EDGE_CURVE('',#22,#142,#144,.T.);
#142 = VERTEX_POINT('',#143);
#143 = CARTESIAN_POINT('',(43.84410287278,-2.260205921876,8.));
#144 = SURFACE_CURVE('',#145,(#150,#157),.PCURVE_S1.);
#145 = CIRCLE('',#146,3.96);
#146 = AXIS2_PLACEMENT_3D('',#147,#148,#149);
#147 = CARTESIAN_POINT('',(40.59247725,0.,8.));
#148 = DIRECTION('',(0.,0.,1.));
#149 = DIRECTION('',(1.,0.,-0.));
#150 = PCURVE('',#45,#151);
#151 = DEFINITIONAL_REPRESENTATION('',(#152),#156);
#152 = CIRCLE('',#153,3.96);
#153 = AXIS2_PLACEMENT_2D('',#154,#155);
#154 = CARTESIAN_POINT('',(40.59247725,0.));
#155 = DIRECTION('',(1.,0.));
#156 = ( GEOMETRIC_REPRESENTATION_CONTEXT(2) 
PARAMETRIC_REPRESENTATION_CONTEXT() REPRESENTATION_CONTEXT('2D SPACE',''
  ) );
#157 = PCURVE('',#72,#158);
#158 = DEFINITIONAL_REPRESENTATION('',(#159),#163);
#159 = LINE('',#160,#161);
#160 = CARTESIAN_POINT('',(0.,8.));
#161 = VECTOR('',#162,1.);
#162 = DIRECTION('',(1.,0.));
#163 = ( GEOMETRIC_REPRESENTATION_CONTEXT(2) 
PARAMETRIC_REPRESENTATION_CONTEXT() REPRESENTATION_CONTEXT('2D SPACE',''
  ) );
#164 = ORIENTED_EDGE('',*,*,#21,.T.);
#165 = ORIENTED_EDGE('',*,*,#166,.F.);
#166 = EDGE_CURVE('',#167,#24,#169,.T.);
#167 = VERTEX_POINT('',#168);
#168 = CARTESIAN_POINT('',(40.999777697626,15.698156460982,8.));
#169 = SURFACE_CURVE('',#170,(#175,#182),.PCURVE_S1.);
#170 = CIRCLE('',#171,3.96);
#171 = AXIS2_PLACEMENT_3D('',#172,#173,#174);
#172 = CARTESIAN_POINT('',(38.605740001175,12.543765314028,8.));
#173 = DIRECTION('',(0.,-0.,1.));
#174 = DIRECTION('',(0.951056516295,0.309016994375,0.));
#175 = PCURVE('',#45,#176);
#176 = DEFINITIONAL_REPRESENTATION('',(#177),#181);
#177 = CIRCLE('',#178,3.96);
#178 = AXIS2_PLACEMENT_2D('',#179,#180);
#179 = CARTESIAN_POINT('',(38.605740001175,12.543765314028));
#180 = DIRECTION('',(0.951056516295,0.309016994375));
#181 = ( GEOMETRIC_REPRESENTATION_CONTEXT(2) 
PARAMETRIC_REPRESENTATION_CONTEXT() REPRESENTATION_CONTEXT('2D SPACE',''
  ) );
#182 = PCURVE('',#126,#183);
#183 = DEFINITIONAL_REPRESENTATION('',(#184),#188);
#184 = LINE('',#185,#186);
#185 = CARTESIAN_POINT('',(0.,8.));
#186 = VECTOR('',#187,1.);
#187 = DIRECTION('',(1.,0.));
#188 = ( GEOMETRIC_REPRESENTATION_CONTEXT(2) 
PARAMETRIC_REPRESENTATION_CONTEXT() REPRESENTATION_CONTEXT('2D SPACE',''
  ) );
#189 = ORIENTED_EDGE('',*,*,#190,.T.);
#190 = EDGE_CURVE('',#167,#191,#193,.T.);
#191 = VERTEX_POINT('',#192);
#192 = CARTESIAN_POINT('',(36.799140035225,23.942372067029,8.));
#193 = SURFACE_CURVE('',#194,(#199,#206),.PCURVE_S1.);
#194 = CIRCLE('',#195,43.90232212);
#195 = AXIS2_PLACEMENT_3D('',#196,#197,#198);
#196 = CARTESIAN_POINT('',(0.,0.,8.));
#197 = DIRECTION('',(0.,0.,1.));
#198 = DIRECTION('',(1.,0.,-0.));
#199 = PCURVE('',#45,#200);
#200 = DEFINITIONAL_REPRESENTATION('',(#201),#205);
#201 = CIRCLE('',#202,43.90232212);
#202 = AXIS2_PLACEMENT_2D('',#203,#204);
#203 = CARTESIAN_POINT('',(0.,0.));
#204 = DIRECTION('',(1.,0.));
#205 = ( GEOMETRIC_REPRESENTATION_CONTEXT(2) 
PARAMETRIC_REPRESENTATION_CONTEXT() REPRESENTATION_CONTEXT('2D SPACE',''
  ) );
#206 = PCURVE('',#207,#212);
#207 = CYLINDRICAL_SURFACE('',#208,43.90232212);
#208 = AXIS2_PLACEMENT_3D('',#209,#210,#211);
#209 = CARTESIAN_POINT('',(0.,0.,0.));
#210 = DIRECTION('',(0.,0.,1.));
#211 = DIRECTION('',(1.,0.,-0.));
#212 = DEFINITIONAL_REPRESENTATION('',(#213),#217);
#213 = LINE('',#214,#215);
#214 = CARTESIAN_POINT('',(0.,8.));
#215 = VECTOR('',#216,1.);
#216 = DIRECTION('',(1.,0.));
#217 = ( GEOMETRIC_REPRESENTATION_CONTEXT(2) 
PARAMETRIC_REPRESENTATION_CONTEXT() REPRESENTATION_CONTEXT('2D SPACE',''
  ) );
#218 = ORIENTED_EDGE('',*,*,#219,.F.);
#219 = EDGE_CURVE('',#220,#191,#222,.T.);
#220 = VERTEX_POINT('',#221);
#221 = CARTESIAN_POINT('',(34.14210861918,27.599462070199,8.));
#222 = SURFACE_CURVE('',#223,(#228,#235),.PCURVE_S1.);
#223 = CIRCLE('',#224,3.96);
#224 = AXIS2_PLACEMENT_3D('',#225,#226,#227);
#225 = CARTESIAN_POINT('',(32.840003939028,23.859659481568,8.));
#226 = DIRECTION('',(0.,-0.,1.));
#227 = DIRECTION('',(0.809016994375,0.587785252292,0.));
#228 = PCURVE('',#45,#229);
#229 = DEFINITIONAL_REPRESENTATION('',(#230),#234);
#230 = CIRCLE('',#231,3.96);
#231 = AXIS2_PLACEMENT_2D('',#232,#233);
#232 = CARTESIAN_POINT('',(32.840003939028,23.859659481568));
#233 = DIRECTION('',(0.809016994375,0.587785252292));
#234 = ( GEOMETRIC_REPRESENTATION_CONTEXT(2) 
PARAMETRIC_REPRESENTATION_CONTEXT() REPRESENTATION_CONTEXT('2D SPACE',''
  ) );
#235 = PCURVE('',#236,#241);
#236 = CYLINDRICAL_SURFACE('',#237,3.96);
#237 = AXIS2_PLACEMENT_3D('',#238,#239,#240);
#238 = CARTESIAN_POINT('',(32.840003939028,23.859659481568,0.));
#239 = DIRECTION('',(0.,0.,1.));
#240 = DIRECTION('',(0.809016994375,0.587785252292,0.));
#241 = DEFINITIONAL_REPRESENTATION('',(#242),#246);
#242 = LINE('',#243,#244);
#243 = CARTESIAN_POINT('',(0.,8.));
#244 = VECTOR('',#245,1.);
#245 = DIRECTION('',(1.,0.));
#246 = ( GEOMETRIC_REPRESENTATION_CONTEXT(2) 
PARAMETRIC_REPRESENTATION_CONTEXT() REPRESENTATION_CONTEXT('2D SPACE',''
  ) );
#247 = ORIENTED_EDGE('',*,*,#248,.T.);
#248 = EDGE_CURVE('',#220,#249,#251,.T.);
#249 = VERTEX_POINT('',#250);
#250 = CARTESIAN_POINT('',(27.599462070199,34.142108619179,8.));
#251 = SURFACE_CURVE('',#252,(#257,#264),.PCURVE_S1.);
#252 = CIRCLE('',#253,43.90232212);
#253 = AXIS2_PLACEMENT_3D('',#254,#255,#256);
#254 = CARTESIAN_POINT('',(0.,0.,8.));
#255 = DIRECTION('',(0.,0.,1.));
#256 = DIRECTION('',(1.,0.,-0.));
#257 = PCURVE('',#45,#258);
#258 = DEFINITIONAL_REPRESENTATION('',(#259),#263);
#259 = CIRCLE('',#260,43.90232212);
#260 = AXIS2_PLACEMENT_2D('',#261,#262);
#261 = CARTESIAN_POINT('',(0.,0.));
#262 = DIRECTION('',(1.,0.));
#263 = ( GEOMETRIC_REPRESENTATION_CONTEXT(2) 
PARAMETRIC_REPRESENTATION_CONTEXT() REPRESENTATION_CONTEXT('2D SPACE',''
  ) );
#264 = PCURVE('',#265,#270);
#265 = CYLINDRICAL_SURFACE('',#266,43.90232212);
#266 = AXIS2_PLACEMENT_3D('',#267,#268,#269);
#267 = CARTESIAN_POINT('',(0.,0.,0.));
#268 = DIRECTION('',(0.,0.,1.));
#269 = DIRECTION('',(1.,0.,-0.));
#270 = DEFINITIONAL_REPRESENTATION('',(#271),#275);
#271 = LINE('',#272,#273);
#272 = CARTESIAN_POINT('',(0.,8.));
#273 = VECTOR('',#274,1.);
#274 = DIRECTION('',(1.,0.));
#275 = ( GEOMETRIC_REPRESENTATION_CONTEXT(2) 
PARAMETRIC_REPRESENTATION_CONTEXT() REPRESENTATION_CONTEXT('2D SPACE',''
  ) );
#276 = ORIENTED_EDGE('',*,*,#277,.F.);
#277 = EDGE_CURVE('',#278,#249,#280,.T.);
#278 = VERTEX_POINT('',#279);
#279 = CARTESIAN_POINT('',(23.942372067029,36.799140035225,8.));
#280 = SURFACE_CURVE('',#281,(#286,#293),.PCURVE_S1.);
#281 = CIRCLE('',#282,3.96);
#282 = AXIS2_PLACEMENT_3D('',#283,#284,#285);
#283 = CARTESIAN_POINT('',(23.859659481568,32.840003939028,8.));
#284 = DIRECTION('',(0.,-0.,1.));
#285 = DIRECTION('',(0.587785252292,0.809016994375,0.));
#286 = PCURVE('',#45,#287);
#287 = DEFINITIONAL_REPRESENTATION('',(#288),#292);
#288 = CIRCLE('',#289,3.96);
#289 = AXIS2_PLACEMENT_2D('',#290,#291);
#290 = CARTESIAN_POINT('',(23.859659481568,32.840003939028));
#291 = DIRECTION('',(0.587785252292,0.809016994375));
#292 = ( GEOMETRIC_REPRESENTATION_CONTEXT(2) 
PARAMETRIC_REPRESENTATION_CONTEXT() REPRESENTATION_CONTEXT('2D SPACE',''
  ) );
#293 = PCURVE('',#294,#299);
#294 = CYLINDRICAL_SURFACE('',#295,3.96);
#295 = AXIS2_PLACEMENT_3D('',#296,#297,#298);
#296 = CARTESIAN_POINT('',(23.859659481568,32.840003939028,0.));
#297 = DIRECTION('',(0.,0.,1.));
#298 = DIRECTION('',(0.587785252292,0.809016994375,0.));
#299 = DEFINITIONAL_REPRESENTATION('',(#300),#304);
#300 = LINE('',#301,#302);
#301 = CARTESIAN_POINT('',(0.,8.));
#302 = VECTOR('',#303,1.);
#303 = DIRECTION('',(1.,0.));
#304 = ( GEOMETRIC_REPRESENTATION_CONTEXT(2) 
PARAMETRIC_REPRESENTATION_CONTEXT() REPRESENTATION_CONTEXT('2D SPACE',''
  ) );
#305 = ORIENTED_EDGE('',*,*,#306,.T.);
#306 = EDGE_CURVE('',#278,#307,#309,.T.);
#307 = VERTEX_POINT('',#308);
#308 = CARTESIAN_POINT('',(15.698156460982,40.999777697626,8.));
#309 = SURFACE_CURVE('',#310,(#315,#322),.PCURVE_S1.);
#310 = CIRCLE('',#311,43.90232212);
#311 = AXIS2_PLACEMENT_3D('',#312,#313,#314);
#312 = CARTESIAN_POINT('',(0.,0.,8.));
#313 = DIRECTION('',(0.,0.,1.));
#314 = DIRECTION('',(1.,0.,-0.));
#315 = PCURVE('',#45,#316);
#316 = DEFINITIONAL_REPRESENTATION('',(#317),#321);
#317 = CIRCLE('',#318,43.90232212);
#318 = AXIS2_PLACEMENT_2D('',#319,#320);
#319 = CARTESIAN_POINT('',(0.,0.));
#320 = DIRECTION('',(1.,0.));
#321 = ( GEOMETRIC_REPRESENTATION_CONTEXT(2) 
PARAMETRIC_REPRESENTATION_CONTEXT() REPRESENTATION_CONTEXT('2D SPACE',''
  ) );
#322 = PCURVE('',#323,#328);
#323 = CYLINDRICAL_SURFACE('',#324,43.90232212);
#324 = AXIS2_PLACEMENT_3D('',#325,#326,#327);
#325 = CARTESIAN_POINT('',(0.,0.,0.));
#326 = DIRECTION('',(0.,0.,1.));
#327 = DIRECTION('',(1.,0.,-0.));
#328 = DEFINITIONAL_REPRESENTATION('',(#329),#333);
#329 = LINE('',#330,#331);
#330 = CARTESIAN_POINT('',(0.,8.));
#331 = VECTOR('',#332,1.);
#332 = DIRECTION('',(1.,0.));
#333 = ( GEOMETRIC_REPRESENTATION_CONTEXT(2) 
PARAMETRIC_REPRESENTATION_CONTEXT() REPRESENTATION_CONTEXT('2D SPACE',''
  ) );
#334 = ORIENTED_EDGE('',*,*,#335,.F.);
#335 = EDGE_CURVE('',#336,#307,#338,.T.);
#336 = VERTEX_POINT('',#337);
#337 = CARTESIAN_POINT('',(11.398989320643,42.396661778919,8.));
#338 = SURFACE_CURVE('',#339,(#344,#351),.PCURVE_S1.);
#339 = CIRCLE('',#340,3.96);
#340 = AXIS2_PLACEMENT_3D('',#341,#342,#343);
#341 = CARTESIAN_POINT('',(12.543765314028,38.605740001175,8.));
#342 = DIRECTION('',(0.,-0.,1.));
#343 = DIRECTION('',(0.309016994375,0.951056516295,0.));
#344 = PCURVE('',#45,#345);
#345 = DEFINITIONAL_REPRESENTATION('',(#346),#350);
#346 = CIRCLE('',#347,3.96);
#347 = AXIS2_PLACEMENT_2D('',#348,#349);
#348 = CARTESIAN_POINT('',(12.543765314028,38.605740001175));
#349 = DIRECTION('',(0.309016994375,0.951056516295));
#350 = ( GEOMETRIC_REPRESENTATION_CONTEXT(2) 
PARAMETRIC_REPRESENTATION_CONTEXT() REPRESENTATION_CONTEXT('2D SPACE',''
  ) );
#351 = PCURVE('',#352,#357);
#352 = CYLINDRICAL_SURFACE('',#353,3.96);
#353 = AXIS2_PLACEMENT_3D('',#354,#355,#356);
#354 = CARTESIAN_POINT('',(12.543765314028,38.605740001175,0.));
#355 = DIRECTION('',(0.,0.,1.));
#356 = DIRECTION('',(0.309016994375,0.951056516295,0.));
#357 = DEFINITIONAL_REPRESENTATION('',(#358),#362);
#358 = LINE('',#359,#360);
#359 = CARTESIAN_POINT('',(0.,8.));
#360 = VECTOR('',#361,1.);
#361 = DIRECTION('',(1.,0.));
#362 = ( GEOMETRIC_REPRESENTATION_CONTEXT(2) 
PARAMETRIC_REPRESENTATION_CONTEXT() REPRESENTATION_CONTEXT('2D SPACE',''
  ) );
#363 = ORIENTED_EDGE('',*,*,#364,.T.);
#364 = EDGE_CURVE('',#336,#365,#367,.T.);
#365 = VERTEX_POINT('',#366);
#366 = CARTESIAN_POINT('',(2.260205921876,43.84410287278,8.));
#367 = SURFACE_CURVE('',#368,(#373,#380),.PCURVE_S1.);
#368 = CIRCLE('',#369,43.90232212);
#369 = AXIS2_PLACEMENT_3D('',#370,#371,#372);
#370 = CARTESIAN_POINT('',(0.,0.,8.));
#371 = DIRECTION('',(0.,0.,1.));
#372 = DIRECTION('',(1.,0.,-0.));
#373 = PCURVE('',#45,#374);
#374 = DEFINITIONAL_REPRESENTATION('',(#375),#379);
#375 = CIRCLE('',#376,43.90232212);
#376 = AXIS2_PLACEMENT_2D('',#377,#378);
#377 = CARTESIAN_POINT('',(0.,0.));
#378 = DIRECTION('',(1.,0.));
#379 = ( GEOMETRIC_REPRESENTATION_CONTEXT(2) 
PARAMETRIC_REPRESENTATION_CONTEXT() REPRESENTATION_CONTEXT('2D SPACE',''
  ) );
#380 = PCURVE('',#381,#386);
#381 = CYLINDRICAL_SURFACE('',#382,43.90232212);
#382 = AXIS2_PLACEMENT_3D('',#383,#384,#385);
#383 = CARTESIAN_POINT('',(0.,0.,0.));
#384 = DIRECTION('',(0.,0.,1.));
#385 = DIRECTION('',(1.,0.,-0.));
#386 = DEFINITIONAL_REPRESENTATION('',(#387),#391);
#387 = LINE('',#388,#389);
#388 = CARTESIAN_POINT('',(0.,8.));
#389 = VECTOR('',#390,1.);
#390 = DIRECTION('',(1.,0.));
#391 = ( GEOMETRIC_REPRESENTATION_CONTEXT(2) 
PARAMETRIC_REPRESENTATION_CONTEXT() REPRESENTATION_CONTEXT('2D SPACE',''
  ) );
#392 = ORIENTED_EDGE('',*,*,#393,.F.);
#393 = EDGE_CURVE('',#394,#365,#396,.T.);
#394 = VERTEX_POINT('',#395);
#395 = CARTESIAN_POINT('',(-2.260205921876,43.84410287278,8.));
#396 = SURFACE_CURVE('',#397,(#402,#409),.PCURVE_S1.);
#397 = CIRCLE('',#398,3.96);
#398 = AXIS2_PLACEMENT_3D('',#399,#400,#401);
#399 = CARTESIAN_POINT('',(4.506670286952E-15,40.59247725,8.));
#400 = DIRECTION('',(0.,-0.,1.));
#401 = DIRECTION('',(1.110223024625E-16,1.,0.));
#402 = PCURVE('',#45,#403);
#403 = DEFINITIONAL_REPRESENTATION('',(#404),#408);
#404 = CIRCLE('',#405,3.96);
#405 = AXIS2_PLACEMENT_2D('',#406,#407);
#406 = CARTESIAN_POINT('',(4.506670286952E-15,40.59247725));
#407 = DIRECTION('',(1.110223024625E-16,1.));
#408 = ( GEOMETRIC_REPRESENTATION_CONTEXT(2) 
PARAMETRIC_REPRESENTATION_CONTEXT() REPRESENTATION_CONTEXT('2D SPACE',''
  ) );
#409 = PCURVE('',#410,#415);
#410 = CYLINDRICAL_SURFACE('',#411,3.96);
#411 = AXIS2_PLACEMENT_3D('',#412,#413,#414);
#412 = CARTESIAN_POINT('',(4.506670286952E-15,40.59247725,0.));
#413 = DIRECTION('',(0.,0.,1.));
#414 = DIRECTION('',(1.110223024625E-16,1.,0.));
#415 = DEFINITIONAL_REPRESENTATION('',(#416),#420);
#416 = LINE('',#417,#418);
#417 = CARTESIAN_POINT('',(0.,8.));
#418 = VECTOR('',#419,1.);
#419 = DIRECTION('',(1.,0.));
#420 = ( GEOMETRIC_REPRESENTATION_CONTEXT(2) 
PARAMETRIC_REPRESENTATION_CONTEXT() REPRESENTATION_CONTEXT('2D SPACE',''
  ) );
#421 = ORIENTED_EDGE('',*,*,#422,.T.);
#422 = EDGE_CURVE('',#394,#423,#425,.T.);
#423 = VERTEX_POINT('',#424);
#424 = CARTESIAN_POINT('',(-11.39898932064,42.396661778919,8.));
#425 = SURFACE_CURVE('',#426,(#431,#438),.PCURVE_S1.);
#426 = CIRCLE('',#427,43.90232212);
#427 = AXIS2_PLACEMENT_3D('',#428,#429,#430);
#428 = CARTESIAN_POINT('',(0.,0.,8.));
#429 = DIRECTION('',(0.,0.,1.));
#430 = DIRECTION('',(1.,0.,-0.));
#431 = PCURVE('',#45,#432);
#432 = DEFINITIONAL_REPRESENTATION('',(#433),#437);
#433 = CIRCLE('',#434,43.90232212);
#434 = AXIS2_PLACEMENT_2D('',#435,#436);
#435 = CARTESIAN_POINT('',(0.,0.));
#436 = DIRECTION('',(1.,0.));
#437 = ( GEOMETRIC_REPRESENTATION_CONTEXT(2) 
PARAMETRIC_REPRESENTATION_CONTEXT() REPRESENTATION_CONTEXT('2D SPACE',''
  ) );
#438 = PCURVE('',#439,#444);
#439 = CYLINDRICAL_SURFACE('',#440,43.90232212);
#440 = AXIS2_PLACEMENT_3D('',#441,#442,#443);
#441 = CARTESIAN_POINT('',(0.,0.,0.));
#442 = DIRECTION('',(0.,0.,1.));
#443 = DIRECTION('',(1.,0.,-0.));
#444 = DEFINITIONAL_REPRESENTATION('',(#445),#449);
#445 = LINE('',#446,#447);
#446 = CARTESIAN_POINT('',(0.,8.));
#447 = VECTOR('',#448,1.);
#448 = DIRECTION('',(1.,0.));
#449 = ( GEOMETRIC_REPRESENTATION_CONTEXT(2) 
PARAMETRIC_REPRESENTATION_CONTEXT() REPRESENTATION_CONTEXT('2D SPACE',''
  ) );
#450 = ORIENTED_EDGE('',*,*,#451,.F.);
#451 = EDGE_CURVE('',#452,#423,#454,.T.);
#452 = VERTEX_POINT('',#453);
#453 = CARTESIAN_POINT('',(-15.69815646098,40.999777697626,8.));
#454 = SURFACE_CURVE('',#455,(#460,#467),.PCURVE_S1.);
#455 = CIRCLE('',#456,3.96);
#456 = AXIS2_PLACEMENT_3D('',#457,#458,#459);
#457 = CARTESIAN_POINT('',(-12.54376531402,38.605740001175,8.));
#458 = DIRECTION('',(0.,0.,1.));
#459 = DIRECTION('',(-0.309016994375,0.951056516295,0.));
#460 = PCURVE('',#45,#461);
#461 = DEFINITIONAL_REPRESENTATION('',(#462),#466);
#462 = CIRCLE('',#463,3.96);
#463 = AXIS2_PLACEMENT_2D('',#464,#465);
#464 = CARTESIAN_POINT('',(-12.54376531402,38.605740001175));
#465 = DIRECTION('',(-0.309016994375,0.951056516295));
#466 = ( GEOMETRIC_REPRESENTATION_CONTEXT(2) 
PARAMETRIC_REPRESENTATION_CONTEXT() REPRESENTATION_CONTEXT('2D SPACE',''
  ) );
#467 = PCURVE('',#468,#473);
#468 = CYLINDRICAL_SURFACE('',#469,3.96);
#469 = AXIS2_PLACEMENT_3D('',#470,#471,#472);
#470 = CARTESIAN_POINT('',(-12.54376531402,38.605740001175,0.));
#471 = DIRECTION('',(0.,0.,1.));
#472 = DIRECTION('',(-0.309016994375,0.951056516295,0.));
#473 = DEFINITIONAL_REPRESENTATION('',(#474),#478);
#474 = LINE('',#475,#476);
#475 = CARTESIAN_POINT('',(0.,8.));
#476 = VECTOR('',#477,1.);
#477 = DIRECTION('',(1.,0.));
#478 = ( GEOMETRIC_REPRESENTATION_CONTEXT(2) 
PARAMETRIC_REPRESENTATION_CONTEXT() REPRESENTATION_CONTEXT('2D SPACE',''
  ) );
#479 = ORIENTED_EDGE('',*,*,#480,.T.);
#480 = EDGE_CURVE('',#452,#481,#483,.T.);
#481 = VERTEX_POINT('',#482);
#482 = CARTESIAN_POINT('',(-23.94237206702,36.799140035225,8.));
#483 = SURFACE_CURVE('',#484,(#489,#496),.PCURVE_S1.);
#484 = CIRCLE('',#485,43.90232212);
#485 = AXIS2_PLACEMENT_3D('',#486,#487,#488);
#486 = CARTESIAN_POINT('',(0.,0.,8.));
#487 = DIRECTION('',(0.,0.,1.));
#488 = DIRECTION('',(1.,0.,-0.));
#489 = PCURVE('',#45,#490);
#490 = DEFINITIONAL_REPRESENTATION('',(#491),#495);
#491 = CIRCLE('',#492,43.90232212);
#492 = AXIS2_PLACEMENT_2D('',#493,#494);
#493 = CARTESIAN_POINT('',(0.,0.));
#494 = DIRECTION('',(1.,0.));
#495 = ( GEOMETRIC_REPRESENTATION_CONTEXT(2) 
PARAMETRIC_REPRESENTATION_CONTEXT() REPRESENTATION_CONTEXT('2D SPACE',''
  ) );
#496 = PCURVE('',#497,#502);
#497 = CYLINDRICAL_SURFACE('',#498,43.90232212);
#498 = AXIS2_PLACEMENT_3D('',#499,#500,#501);
#499 = CARTESIAN_POINT('',(0.,0.,0.));
#500 = DIRECTION('',(0.,0.,1.));
#501 = DIRECTION('',(1.,0.,-0.));
#502 = DEFINITIONAL_REPRESENTATION('',(#503),#507);
#503 = LINE('',#504,#505);
#504 = CARTESIAN_POINT('',(0.,8.));
#505 = VECTOR('',#506,1.);
#506 = DIRECTION('',(1.,0.));
#507 = ( GEOMETRIC_REPRESENTATION_CONTEXT(2) 
PARAMETRIC_REPRESENTATION_CONTEXT() REPRESENTATION_CONTEXT('2D SPACE',''
  ) );
#508 = ORIENTED_EDGE('',*,*,#509,.F.);
#509 = EDGE_CURVE('',#510,#481,#512,.T.);
#510 = VERTEX_POINT('',#511);
#511 = CARTESIAN_POINT('',(-27.59946207019,34.14210861918,8.));
#512 = SURFACE_CURVE('',#513,(#518,#525),.PCURVE_S1.);
#513 = CIRCLE('',#514,3.96);
#514 = AXIS2_PLACEMENT_3D('',#515,#516,#517);
#515 = CARTESIAN_POINT('',(-23.85965948156,32.840003939028,8.));
#516 = DIRECTION('',(0.,0.,1.));
#517 = DIRECTION('',(-0.587785252292,0.809016994375,0.));
#518 = PCURVE('',#45,#519);
#519 = DEFINITIONAL_REPRESENTATION('',(#520),#524);
#520 = CIRCLE('',#521,3.96);
#521 = AXIS2_PLACEMENT_2D('',#522,#523);
#522 = CARTESIAN_POINT('',(-23.85965948156,32.840003939028));
#523 = DIRECTION('',(-0.587785252292,0.809016994375));
#524 = ( GEOMETRIC_REPRESENTATION_CONTEXT(2) 
PARAMETRIC_REPRESENTATION_CONTEXT() REPRESENTATION_CONTEXT('2D SPACE',''
  ) );
#525 = PCURVE('',#526,#531);
#526 = CYLINDRICAL_SURFACE('',#527,3.96);
#527 = AXIS2_PLACEMENT_3D('',#528,#529,#530);
#528 = CARTESIAN_POINT('',(-23.85965948156,32.840003939028,0.));
#529 = DIRECTION('',(0.,0.,1.));
#530 = DIRECTION('',(-0.587785252292,0.809016994375,0.));
#531 = DEFINITIONAL_REPRESENTATION('',(#532),#536);
#532 = LINE('',#533,#534);
#533 = CARTESIAN_POINT('',(0.,8.));
#534 = VECTOR('',#535,1.);
#535 = DIRECTION('',(1.,0.));
#536 = ( GEOMETRIC_REPRESENTATION_CONTEXT(2) 
PARAMETRIC_REPRESENTATION_CONTEXT() REPRESENTATION_CONTEXT('2D SPACE',''
  ) );
#537 = ORIENTED_EDGE('',*,*,#538,.T.);
#538 = EDGE_CURVE('',#510,#539,#541,.T.);
#539 = VERTEX_POINT('',#540);
#540 = CARTESIAN_POINT('',(-34.14210861917,27.599462070199,8.));
#541 = SURFACE_CURVE('',#542,(#547,#554),.PCURVE_S1.);
#542 = CIRCLE('',#543,43.90232212);
#543 = AXIS2_PLACEMENT_3D('',#544,#545,#546);
#544 = CARTESIAN_POINT('',(0.,0.,8.));
#545 = DIRECTION('',(0.,0.,1.));
#546 = DIRECTION('',(1.,0.,-0.));
#547 = PCURVE('',#45,#548);
#548 = DEFINITIONAL_REPRESENTATION('',(#549),#553);
#549 = CIRCLE('',#550,43.90232212);
#550 = AXIS2_PLACEMENT_2D('',#551,#552);
#551 = CARTESIAN_POINT('',(0.,0.));
#552 = DIRECTION('',(1.,0.));
#553 = ( GEOMETRIC_REPRESENTATION_CONTEXT(2) 
PARAMETRIC_REPRESENTATION_CONTEXT() REPRESENTATION_CONTEXT('2D SPACE',''
  ) );
#554 = PCURVE('',#555,#560);
#555 = CYLINDRICAL_SURFACE('',#556,43.90232212);
#556 = AXIS2_PLACEMENT_3D('',#557,#558,#559);
#557 = CARTESIAN_POINT('',(0.,0.,0.));
#558 = DIRECTION('',(0.,0.,1.));
#559 = DIRECTION('',(1.,0.,-0.));
#560 = DEFINITIONAL_REPRESENTATION('',(#561),#565);
#561 = LINE('',#562,#563);
#562 = CARTESIAN_POINT('',(0.,8.));
#563 = VECTOR('',#564,1.);
#564 = DIRECTION('',(1.,0.));
#565 = ( GEOMETRIC_REPRESENTATION_CONTEXT(2) 
PARAMETRIC_REPRESENTATION_CONTEXT() REPRESENTATION_CONTEXT('2D SPACE',''
  ) );
#566 = ORIENTED_EDGE('',*,*,#567,.F.);
#567 = EDGE_CURVE('',#568,#539,#570,.T.);
#568 = VERTEX_POINT('',#569);
#569 = CARTESIAN_POINT('',(-36.79914003522,23.942372067029,8.));
#570 = SURFACE_CURVE('',#571,(#576,#583),.PCURVE_S1.);
#571 = CIRCLE('',#572,3.96);
#572 = AXIS2_PLACEMENT_3D('',#573,#574,#575);
#573 = CARTESIAN_POINT('',(-32.84000393902,23.859659481568,8.));
#574 = DIRECTION('',(0.,0.,1.));
#575 = DIRECTION('',(-0.809016994375,0.587785252292,0.));
#576 = PCURVE('',#45,#577);
#577 = DEFINITIONAL_REPRESENTATION('',(#578),#582);
#578 = CIRCLE('',#579,3.96);
#579 = AXIS2_PLACEMENT_2D('',#580,#581);
#580 = CARTESIAN_POINT('',(-32.84000393902,23.859659481568));
#581 = DIRECTION('',(-0.809016994375,0.587785252292));
#582 = ( GEOMETRIC_REPRESENTATION_CONTEXT(2) 
PARAMETRIC_REPRESENTATION_CONTEXT() REPRESENTATION_CONTEXT('2D SPACE',''
  ) );
#583 = PCURVE('',#584,#589);
#584 = CYLINDRICAL_SURFACE('',#585,3.96);
#585 = AXIS2_PLACEMENT_3D('',#586,#587,#588);
#586 = CARTESIAN_POINT('',(-32.84000393902,23.859659481568,0.));
#587 = DIRECTION('',(0.,0.,1.));
#588 = DIRECTION('',(-0.809016994375,0.587785252292,0.));
#589 = DEFINITIONAL_REPRESENTATION('',(#590),#594);
#590 = LINE('',#591,#592);
#591 = CARTESIAN_POINT('',(0.,8.));
#592 = VECTOR('',#593,1.);
#593 = DIRECTION('',(1.,0.));
#594 = ( GEOMETRIC_REPRESENTATION_CONTEXT(2) 
PARAMETRIC_REPRESENTATION_CONTEXT() REPRESENTATION_CONTEXT('2D SPACE',''
  ) );
#595 = ORIENTED_EDGE('',*,*,#596,.T.);
#596 = EDGE_CURVE('',#568,#597,#599,.T.);
#597 = VERTEX_POINT('',#598);
#598 = CARTESIAN_POINT('',(-40.99977769762,15.698156460982,8.));
#599 = SURFACE_CURVE('',#600,(#605,#612),.PCURVE_S1.);
#600 = CIRCLE('',#601,43.90232212);
#601 = AXIS2_PLACEMENT_3D('',#602,#603,#604);
#602 = CARTESIAN_POINT('',(0.,0.,8.));
#603 = DIRECTION('',(0.,0.,1.));
#604 = DIRECTION('',(1.,0.,-0.));
#605 = PCURVE('',#45,#606);
#606 = DEFINITIONAL_REPRESENTATION('',(#607),#611);
#607 = CIRCLE('',#608,43.90232212);
#608 = AXIS2_PLACEMENT_2D('',#609,#610);
#609 = CARTESIAN_POINT('',(0.,0.));
#610 = DIRECTION('',(1.,0.));
#611 = ( GEOMETRIC_REPRESENTATION_CONTEXT(2) 
PARAMETRIC_REPRESENTATION_CONTEXT() REPRESENTATION_CONTEXT('2D SPACE',''
  ) );
#612 = PCURVE('',#613,#618);
#613 = CYLINDRICAL_SURFACE('',#614,43.90232212);
#614 = AXIS2_PLACEMENT_3D('',#615,#616,#617);
#615 = CARTESIAN_POINT('',(0.,0.,0.));
#616 = DIRECTION('',(0.,0.,1.));
#617 = DIRECTION('',(1.,0.,-0.));
#618 = DEFINITIONAL_REPRESENTATION('',(#619),#623);
#619 = LINE('',#620,#621);
#620 = CARTESIAN_POINT('',(0.,8.));
#621 = VECTOR('',#622,1.);
#622 = DIRECTION('',(1.,0.));
#623 = ( GEOMETRIC_REPRESENTATION_CONTEXT(2) 
PARAMETRIC_REPRESENTATION_CONTEXT() REPRESENTATION_CONTEXT('2D SPACE',''
  ) );
#624 = ORIENTED_EDGE('',*,*,#625,.F.);
#625 = EDGE_CURVE('',#626,#597,#628,.T.);
#626 = VERTEX_POINT('',#627);
#627 = CARTESIAN_POINT('',(-42.39666177891,11.398989320643,8.));
#628 = SURFACE_CURVE('',#629,(#634,#641),.PCURVE_S1.);
#629 = CIRCLE('',#630,3.96);
#630 = AXIS2_PLACEMENT_3D('',#631,#632,#633);
#631 = CARTESIAN_POINT('',(-38.60574000117,12.543765314028,8.));
#632 = DIRECTION('',(0.,0.,1.));
#633 = DIRECTION('',(-0.951056516295,0.309016994375,0.));
#634 = PCURVE('',#45,#635);
#635 = DEFINITIONAL_REPRESENTATION('',(#636),#640);
#636 = CIRCLE('',#637,3.96);
#637 = AXIS2_PLACEMENT_2D('',#638,#639);
#638 = CARTESIAN_POINT('',(-38.60574000117,12.543765314028));
#639 = DIRECTION('',(-0.951056516295,0.309016994375));
#640 = ( GEOMETRIC_REPRESENTATION_CONTEXT(2) 
PARAMETRIC_REPRESENTATION_CONTEXT() REPRESENTATION_CONTEXT('2D SPACE',''
  ) );
#641 = PCURVE('',#642,#647);
#642 = CYLINDRICAL_SURFACE('',#643,3.96);
#643 = AXIS2_PLACEMENT_3D('',#644,#645,#646);
#644 = CARTESIAN_POINT('',(-38.60574000117,12.543765314028,0.));
#645 = DIRECTION('',(0.,0.,1.));
#646 = DIRECTION('',(-0.951056516295,0.309016994375,0.));
#647 = DEFINITIONAL_REPRESENTATION('',(#648),#652);
#648 = LINE('',#649,#650);
#649 = CARTESIAN_POINT('',(0.,8.));
#650 = VECTOR('',#651,1.);
#651 = DIRECTION('',(1.,0.));
#652 = ( GEOMETRIC_REPRESENTATION_CONTEXT(2) 
PARAMETRIC_REPRESENTATION_CONTEXT() REPRESENTATION_CONTEXT('2D SPACE',''
  ) );
#653 = ORIENTED_EDGE('',*,*,#654,.T.);
#654 = EDGE_CURVE('',#626,#655,#657,.T.);
#655 = VERTEX_POINT('',#656);
#656 = CARTESIAN_POINT('',(-43.84410287278,2.260205921876,8.));
#657 = SURFACE_CURVE('',#658,(#663,#670),.PCURVE_S1.);
#658 = CIRCLE('',#659,43.90232212);
#659 = AXIS2_PLACEMENT_3D('',#660,#661,#662);
#660 = CARTESIAN_POINT('',(0.,0.,8.));
#661 = DIRECTION('',(0.,0.,1.));
#662 = DIRECTION('',(1.,0.,-0.));
#663 = PCURVE('',#45,#664);
#664 = DEFINITIONAL_REPRESENTATION('',(#665),#669);
#665 = CIRCLE('',#666,43.90232212);
#666 = AXIS2_PLACEMENT_2D('',#667,#668);
#667 = CARTESIAN_POINT('',(0.,0.));
#668 = DIRECTION('',(1.,0.));
#669 = ( GEOMETRIC_REPRESENTATION_CONTEXT(2) 
PARAMETRIC_REPRESENTATION_CONTEXT() REPRESENTATION_CONTEXT('2D SPACE',''
  ) );
#670 = PCURVE('',#671,#676);
#671 = CYLINDRICAL_SURFACE('',#672,43.90232212);
#672 = AXIS2_PLACEMENT_3D('',#673,#674,#675);
#673 = CARTESIAN_POINT('',(0.,0.,0.));
#674 = DIRECTION('',(0.,0.,1.));
#675 = DIRECTION('',(1.,0.,-0.));
#676 = DEFINITIONAL_REPRESENTATION('',(#677),#681);
#677 = LINE('',#678,#679);
#678 = CARTESIAN_POINT('',(0.,8.));
#679 = VECTOR('',#680,1.);
#680 = DIRECTION('',(1.,0.));
#681 = ( GEOMETRIC_REPRESENTATION_CONTEXT(2) 
PARAMETRIC_REPRESENTATION_CONTEXT() REPRESENTATION_CONTEXT('2D SPACE',''
  ) );
#682 = ORIENTED_EDGE('',*,*,#683,.F.);
#683 = EDGE_CURVE('',#684,#655,#686,.T.);
#684 = VERTEX_POINT('',#685);
#685 = CARTESIAN_POINT('',(-43.84410287278,-2.260205921876,8.));
#686 = SURFACE_CURVE('',#687,(#692,#699),.PCURVE_S1.);
#687 = CIRCLE('',#688,3.96);
#688 = AXIS2_PLACEMENT_3D('',#689,#690,#691);
#689 = CARTESIAN_POINT('',(-40.59247725,4.971144733367E-15,8.));
#690 = DIRECTION('',(0.,0.,1.));
#691 = DIRECTION('',(-1.,1.224646799147E-16,0.));
#692 = PCURVE('',#45,#693);
#693 = DEFINITIONAL_REPRESENTATION('',(#694),#698);
#694 = CIRCLE('',#695,3.96);
#695 = AXIS2_PLACEMENT_2D('',#696,#697);
#696 = CARTESIAN_POINT('',(-40.59247725,4.971144733367E-15));
#697 = DIRECTION('',(-1.,1.224646799147E-16));
#698 = ( GEOMETRIC_REPRESENTATION_CONTEXT(2) 
PARAMETRIC_REPRESENTATION_CONTEXT() REPRESENTATION_CONTEXT('2D SPACE',''
  ) );
#699 = PCURVE('',#700,#705);
#700 = CYLINDRICAL_SURFACE('',#701,3.96);
#701 = AXIS2_PLACEMENT_3D('',#702,#703,#704);
#702 = CARTESIAN_POINT('',(-40.59247725,4.971144733367E-15,0.));
#703 = DIRECTION('',(0.,0.,1.));
#704 = DIRECTION('',(-1.,1.224646799147E-16,0.));
#705 = DEFINITIONAL_REPRESENTATION('',(#706),#710);
#706 = LINE('',#707,#708);
#707 = CARTESIAN_POINT('',(0.,8.));
#708 = VECTOR('',#709,1.);
#709 = DIRECTION('',(1.,0.));
#710 = ( GEOMETRIC_REPRESENTATION_CONTEXT(2) 
PARAMETRIC_REPRESENTATION_CONTEXT() REPRESENTATION_CONTEXT('2D SPACE',''
  ) );
#711 = ORIENTED_EDGE('',*,*,#712,.T.);
#712 = EDGE_CURVE('',#684,#713,#715,.T.);
#713 = VERTEX_POINT('',#714);
#714 = CARTESIAN_POINT('',(-42.39666177891,-11.39898932064,8.));
#715 = SURFACE_CURVE('',#716,(#721,#728),.PCURVE_S1.);
#716 = CIRCLE('',#717,43.90232212);
#717 = AXIS2_PLACEMENT_3D('',#718,#719,#720);
#718 = CARTESIAN_POINT('',(0.,0.,8.));
#719 = DIRECTION('',(0.,0.,1.));
#720 = DIRECTION('',(1.,0.,-0.));
#721 = PCURVE('',#45,#722);
#722 = DEFINITIONAL_REPRESENTATION('',(#723),#727);
#723 = CIRCLE('',#724,43.90232212);
#724 = AXIS2_PLACEMENT_2D('',#725,#726);
#725 = CARTESIAN_POINT('',(0.,0.));
#726 = DIRECTION('',(1.,0.));
#727 = ( GEOMETRIC_REPRESENTATION_CONTEXT(2) 
PARAMETRIC_REPRESENTATION_CONTEXT() REPRESENTATION_CONTEXT('2D SPACE',''
  ) );
#728 = PCURVE('',#729,#734);
#729 = CYLINDRICAL_SURFACE('',#730,43.90232212);
#730 = AXIS2_PLACEMENT_3D('',#731,#732,#733);
#731 = CARTESIAN_POINT('',(0.,0.,0.));
#732 = DIRECTION('',(0.,0.,1.));
#733 = DIRECTION('',(1.,0.,-0.));
#734 = DEFINITIONAL_REPRESENTATION('',(#735),#739);
#735 = LINE('',#736,#737);
#736 = CARTESIAN_POINT('',(0.,8.));
#737 = VECTOR('',#738,1.);
#738 = DIRECTION('',(1.,0.));
#739 = ( GEOMETRIC_REPRESENTATION_CONTEXT(2) 
PARAMETRIC_REPRESENTATION_CONTEXT() REPRESENTATION_CONTEXT('2D SPACE',''
  ) );
#740 = ORIENTED_EDGE('',*,*,#741,.F.);
#741 = EDGE_CURVE('',#742,#713,#744,.T.);
#742 = VERTEX_POINT('',#743);
#743 = CARTESIAN_POINT('',(-40.99977769762,-15.69815646098,8.));
#744 = SURFACE_CURVE('',#745,(#750,#757),.PCURVE_S1.);
#745 = CIRCLE('',#746,3.96);
#746 = AXIS2_PLACEMENT_3D('',#747,#748,#749);
#747 = CARTESIAN_POINT('',(-38.60574000117,-12.54376531402,8.));
#748 = DIRECTION('',(0.,0.,1.));
#749 = DIRECTION('',(-0.951056516295,-0.309016994375,0.));
#750 = PCURVE('',#45,#751);
#751 = DEFINITIONAL_REPRESENTATION('',(#752),#756);
#752 = CIRCLE('',#753,3.96);
#753 = AXIS2_PLACEMENT_2D('',#754,#755);
#754 = CARTESIAN_POINT('',(-38.60574000117,-12.54376531402));
#755 = DIRECTION('',(-0.951056516295,-0.309016994375));
#756 = ( GEOMETRIC_REPRESENTATION_CONTEXT(2) 
PARAMETRIC_REPRESENTATION_CONTEXT() REPRESENTATION_CONTEXT('2D SPACE',''
  ) );
#757 = PCURVE('',#758,#763);
#758 = CYLINDRICAL_SURFACE('',#759,3.96);
#759 = AXIS2_PLACEMENT_3D('',#760,#761,#762);
#760 = CARTESIAN_POINT('',(-38.60574000117,-12.54376531402,0.));
#761 = DIRECTION('',(0.,0.,1.));
#762 = DIRECTION('',(-0.951056516295,-0.309016994375,0.));
#763 = DEFINITIONAL_REPRESENTATION('',(#764),#768);
#764 = LINE('',#765,#766);
#765 = CARTESIAN_POINT('',(0.,8.));
#766 = VECTOR('',#767,1.);
#767 = DIRECTION('',(1.,0.));
#768 = ( GEOMETRIC_REPRESENTATION_CONTEXT(2) 
PARAMETRIC_REPRESENTATION_CONTEXT() REPRESENTATION_CONTEXT('2D SPACE',''
  ) );
#769 = ORIENTED_EDGE('',*,*,#770,.T.);
#770 = EDGE_CURVE('',#742,#771,#773,.T.);
#771 = VERTEX_POINT('',#772);
#772 = CARTESIAN_POINT('',(-36.79914003522,-23.94237206702,8.));
#773 = SURFACE_CURVE('',#774,(#779,#786),.PCURVE_S1.);
#774 = CIRCLE('',#775,43.90232212);
#775 = AXIS2_PLACEMENT_3D('',#776,#777,#778);
#776 = CARTESIAN_POINT('',(0.,0.,8.));
#777 = DIRECTION('',(0.,0.,1.));
#778 = DIRECTION('',(1.,0.,-0.));
#779 = PCURVE('',#45,#780);
#780 = DEFINITIONAL_REPRESENTATION('',(#781),#785);
#781 = CIRCLE('',#782,43.90232212);
#782 = AXIS2_PLACEMENT_2D('',#783,#784);
#783 = CARTESIAN_POINT('',(0.,0.));
#784 = DIRECTION('',(1.,0.));
#785 = ( GEOMETRIC_REPRESENTATION_CONTEXT(2) 
PARAMETRIC_REPRESENTATION_CONTEXT() REPRESENTATION_CONTEXT('2D SPACE',''
  ) );
#786 = PCURVE('',#787,#792);
#787 = CYLINDRICAL_SURFACE('',#788,43.90232212);
#788 = AXIS2_PLACEMENT_3D('',#789,#790,#791);
#789 = CARTESIAN_POINT('',(0.,0.,0.));
#790 = DIRECTION('',(0.,0.,1.));
#791 = DIRECTION('',(1.,0.,-0.));
#792 = DEFINITIONAL_REPRESENTATION('',(#793),#797);
#793 = LINE('',#794,#795);
#794 = CARTESIAN_POINT('',(0.,8.));
#795 = VECTOR('',#796,1.);
#796 = DIRECTION('',(1.,0.));
#797 = ( GEOMETRIC_REPRESENTATION_CONTEXT(2) 
PARAMETRIC_REPRESENTATION_CONTEXT() REPRESENTATION_CONTEXT('2D SPACE',''
  ) );
#798 = ORIENTED_EDGE('',*,*,#799,.F.);
#799 = EDGE_CURVE('',#800,#771,#802,.T.);
#800 = VERTEX_POINT('',#801);
#801 = CARTESIAN_POINT('',(-34.14210861918,-27.59946207019,8.));
#802 = SURFACE_CURVE('',#803,(#808,#815),.PCURVE_S1.);
#803 = CIRCLE('',#804,3.96);
#804 = AXIS2_PLACEMENT_3D('',#805,#806,#807);
#805 = CARTESIAN_POINT('',(-32.84000393902,-23.85965948156,8.));
#806 = DIRECTION('',(0.,0.,1.));
#807 = DIRECTION('',(-0.809016994375,-0.587785252292,0.));
#808 = PCURVE('',#45,#809);
#809 = DEFINITIONAL_REPRESENTATION('',(#810),#814);
#810 = CIRCLE('',#811,3.96);
#811 = AXIS2_PLACEMENT_2D('',#812,#813);
#812 = CARTESIAN_POINT('',(-32.84000393902,-23.85965948156));
#813 = DIRECTION('',(-0.809016994375,-0.587785252292));
#814 = ( GEOMETRIC_REPRESENTATION_CONTEXT(2) 
PARAMETRIC_REPRESENTATION_CONTEXT() REPRESENTATION_CONTEXT('2D SPACE',''
  ) );
#815 = PCURVE('',#816,#821);
#816 = CYLINDRICAL_SURFACE('',#817,3.96);
#817 = AXIS2_PLACEMENT_3D('',#818,#819,#820);
#818 = CARTESIAN_POINT('',(-32.84000393902,-23.85965948156,0.));
#819 = DIRECTION('',(0.,0.,1.));
#820 = DIRECTION('',(-0.809016994375,-0.587785252292,0.));
#821 = DEFINITIONAL_REPRESENTATION('',(#822),#826);
#822 = LINE('',#823,#824);
#823 = CARTESIAN_POINT('',(0.,8.));
#824 = VECTOR('',#825,1.);
#825 = DIRECTION('',(1.,0.));
#826 = ( GEOMETRIC_REPRESENTATION_CONTEXT(2) 
PARAMETRIC_REPRESENTATION_CONTEXT() REPRESENTATION_CONTEXT('2D SPACE',''
  ) );
#827 = ORIENTED_EDGE('',*,*,#828,.T.);
#828 = EDGE_CURVE('',#800,#829,#831,.T.);
#829 = VERTEX_POINT('',#830);
#830 = CARTESIAN_POINT('',(-27.59946207019,-34.14210861917,8.));
#831 = SURFACE_CURVE('',#832,(#837,#844),.PCURVE_S1.);
#832 = CIRCLE('',#833,43.90232212);
#833 = AXIS2_PLACEMENT_3D('',#834,#835,#836);
#834 = CARTESIAN_POINT('',(0.,0.,8.));
#835 = DIRECTION('',(0.,0.,1.));
#836 = DIRECTION('',(1.,0.,-0.));
#837 = PCURVE('',#45,#838);
#838 = DEFINITIONAL_REPRESENTATION('',(#839),#843);
#839 = CIRCLE('',#840,43.90232212);
#840 = AXIS2_PLACEMENT_2D('',#841,#842);
#841 = CARTESIAN_POINT('',(0.,0.));
#842 = DIRECTION('',(1.,0.));
#843 = ( GEOMETRIC_REPRESENTATION_CONTEXT(2) 
PARAMETRIC_REPRESENTATION_CONTEXT() REPRESENTATION_CONTEXT('2D SPACE',''
  ) );
#844 = PCURVE('',#845,#850);
#845 = CYLINDRICAL_SURFACE('',#846,43.90232212);
#846 = AXIS2_PLACEMENT_3D('',#847,#848,#849);
#847 = CARTESIAN_POINT('',(0.,0.,0.));
#848 = DIRECTION('',(0.,0.,1.));
#849 = DIRECTION('',(1.,0.,-0.));
#850 = DEFINITIONAL_REPRESENTATION('',(#851),#855);
#851 = LINE('',#852,#853);
#852 = CARTESIAN_POINT('',(0.,8.));
#853 = VECTOR('',#854,1.);
#854 = DIRECTION('',(1.,0.));
#855 = ( GEOMETRIC_REPRESENTATION_CONTEXT(2) 
PARAMETRIC_REPRESENTATION_CONTEXT() REPRESENTATION_CONTEXT('2D SPACE',''
  ) );
#856 = ORIENTED_EDGE('',*,*,#857,.F.);
#857 = EDGE_CURVE('',#858,#829,#860,.T.);
#858 = VERTEX_POINT('',#859);
#859 = CARTESIAN_POINT('',(-23.94237206702,-36.79914003522,8.));
#860 = SURFACE_CURVE('',#861,(#866,#873),.PCURVE_S1.);
#861 = CIRCLE('',#862,3.96);
#862 = AXIS2_PLACEMENT_3D('',#863,#864,#865);
#863 = CARTESIAN_POINT('',(-23.85965948156,-32.84000393902,8.));
#864 = DIRECTION('',(0.,0.,1.));
#865 = DIRECTION('',(-0.587785252292,-0.809016994375,0.));
#866 = PCURVE('',#45,#867);
#867 = DEFINITIONAL_REPRESENTATION('',(#868),#872);
#868 = CIRCLE('',#869,3.96);
#869 = AXIS2_PLACEMENT_2D('',#870,#871);
#870 = CARTESIAN_POINT('',(-23.85965948156,-32.84000393902));
#871 = DIRECTION('',(-0.587785252292,-0.809016994375));
#872 = ( GEOMETRIC_REPRESENTATION_CONTEXT(2) 
PARAMETRIC_REPRESENTATION_CONTEXT() REPRESENTATION_CONTEXT('2D SPACE',''
  ) );
#873 = PCURVE('',#874,#879);
#874 = CYLINDRICAL_SURFACE('',#875,3.96);
#875 = AXIS2_PLACEMENT_3D('',#876,#877,#878);
#876 = CARTESIAN_POINT('',(-23.85965948156,-32.84000393902,0.));
#877 = DIRECTION('',(0.,0.,1.));
#878 = DIRECTION('',(-0.587785252292,-0.809016994375,0.));
#879 = DEFINITIONAL_REPRESENTATION('',(#880),#884);
#880 = LINE('',#881,#882);
#881 = CARTESIAN_POINT('',(0.,8.));
#882 = VECTOR('',#883,1.);
#883 = DIRECTION('',(1.,0.));
#884 = ( GEOMETRIC_REPRESENTATION_CONTEXT(2) 
PARAMETRIC_REPRESENTATION_CONTEXT() REPRESENTATION_CONTEXT('2D SPACE',''
  ) );
#885 = ORIENTED_EDGE('',*,*,#886,.T.);
#886 = EDGE_CURVE('',#858,#887,#889,.T.);
#887 = VERTEX_POINT('',#888);
#888 = CARTESIAN_POINT('',(-15.69815646098,-40.99977769762,8.));
#889 = SURFACE_CURVE('',#890,(#895,#902),.PCURVE_S1.);
#890 = CIRCLE('',#891,43.90232212);
#891 = AXIS2_PLACEMENT_3D('',#892,#893,#894);
#892 = CARTESIAN_POINT('',(0.,0.,8.));
#893 = DIRECTION('',(0.,0.,1.));
#894 = DIRECTION('',(1.,0.,-0.));
#895 = PCURVE('',#45,#896);
#896 = DEFINITIONAL_REPRESENTATION('',(#897),#901);
#897 = CIRCLE('',#898,43.90232212);
#898 = AXIS2_PLACEMENT_2D('',#899,#900);
#899 = CARTESIAN_POINT('',(0.,0.));
#900 = DIRECTION('',(1.,0.));
#901 = ( GEOMETRIC_REPRESENTATION_CONTEXT(2) 
PARAMETRIC_REPRESENTATION_CONTEXT() REPRESENTATION_CONTEXT('2D SPACE',''
  ) );
#902 = PCURVE('',#903,#908);
#903 = CYLINDRICAL_SURFACE('',#904,43.90232212);
#904 = AXIS2_PLACEMENT_3D('',#905,#906,#907);
#905 = CARTESIAN_POINT('',(0.,0.,0.));
#906 = DIRECTION('',(0.,0.,1.));
#907 = DIRECTION('',(1.,0.,-0.));
#908 = DEFINITIONAL_REPRESENTATION('',(#909),#913);
#909 = LINE('',#910,#911);
#910 = CARTESIAN_POINT('',(0.,8.));
#911 = VECTOR('',#912,1.);
#912 = DIRECTION('',(1.,0.));
#913 = ( GEOMETRIC_REPRESENTATION_CONTEXT(2) 
PARAMETRIC_REPRESENTATION_CONTEXT() REPRESENTATION_CONTEXT('2D SPACE',''
  ) );
#914 = ORIENTED_EDGE('',*,*,#915,.F.);
#915 = EDGE_CURVE('',#916,#887,#918,.T.);
#916 = VERTEX_POINT('',#917);
#917 = CARTESIAN_POINT('',(-11.39898932064,-42.39666177891,8.));
#918 = SURFACE_CURVE('',#919,(#924,#931),.PCURVE_S1.);
#919 = CIRCLE('',#920,3.96);
#920 = AXIS2_PLACEMENT_3D('',#921,#922,#923);
#921 = CARTESIAN_POINT('',(-12.54376531402,-38.60574000117,8.));
#922 = DIRECTION('',(0.,0.,1.));
#923 = DIRECTION('',(-0.309016994375,-0.951056516295,0.));
#924 = PCURVE('',#45,#925);
#925 = DEFINITIONAL_REPRESENTATION('',(#926),#930);
#926 = CIRCLE('',#927,3.96);
#927 = AXIS2_PLACEMENT_2D('',#928,#929);
#928 = CARTESIAN_POINT('',(-12.54376531402,-38.60574000117));
#929 = DIRECTION('',(-0.309016994375,-0.951056516295));
#930 = ( GEOMETRIC_REPRESENTATION_CONTEXT(2) 
PARAMETRIC_REPRESENTATION_CONTEXT() REPRESENTATION_CONTEXT('2D SPACE',''
  ) );
#931 = PCURVE('',#932,#937);
#932 = CYLINDRICAL_SURFACE('',#933,3.96);
#933 = AXIS2_PLACEMENT_3D('',#934,#935,#936);
#934 = CARTESIAN_POINT('',(-12.54376531402,-38.60574000117,0.));
#935 = DIRECTION('',(0.,0.,1.));
#936 = DIRECTION('',(-0.309016994375,-0.951056516295,0.));
#937 = DEFINITIONAL_REPRESENTATION('',(#938),#942);
#938 = LINE('',#939,#940);
#939 = CARTESIAN_POINT('',(0.,8.));
#940 = VECTOR('',#941,1.);
#941 = DIRECTION('',(1.,0.));
#942 = ( GEOMETRIC_REPRESENTATION_CONTEXT(2) 
PARAMETRIC_REPRESENTATION_CONTEXT() REPRESENTATION_CONTEXT('2D SPACE',''
  ) );
#943 = ORIENTED_EDGE('',*,*,#944,.T.);
#944 = EDGE_CURVE('',#916,#945,#947,.T.);
#945 = VERTEX_POINT('',#946);
#946 = CARTESIAN_POINT('',(-2.260205921876,-43.84410287278,8.));
#947 = SURFACE_CURVE('',#948,(#953,#960),.PCURVE_S1.);
#948 = CIRCLE('',#949,43.90232212);
#949 = AXIS2_PLACEMENT_3D('',#950,#951,#952);
#950 = CARTESIAN_POINT('',(0.,0.,8.));
#951 = DIRECTION('',(0.,0.,1.));
#952 = DIRECTION('',(1.,0.,-0.));
#953 = PCURVE('',#45,#954);
#954 = DEFINITIONAL_REPRESENTATION('',(#955),#959);
#955 = CIRCLE('',#956,43.90232212);
#956 = AXIS2_PLACEMENT_2D('',#957,#958);
#957 = CARTESIAN_POINT('',(0.,0.));
#958 = DIRECTION('',(1.,0.));
#959 = ( GEOMETRIC_REPRESENTATION_CONTEXT(2) 
PARAMETRIC_REPRESENTATION_CONTEXT() REPRESENTATION_CONTEXT('2D SPACE',''
  ) );
#960 = PCURVE('',#961,#966);
#961 = CYLINDRICAL_SURFACE('',#962,43.90232212);
#962 = AXIS2_PLACEMENT_3D('',#963,#964,#965);
#963 = CARTESIAN_POINT('',(0.,0.,0.));
#964 = DIRECTION('',(0.,0.,1.));
#965 = DIRECTION('',(1.,0.,-0.));
#966 = DEFINITIONAL_REPRESENTATION('',(#967),#971);
#967 = LINE('',#968,#969);
#968 = CARTESIAN_POINT('',(0.,8.));
#969 = VECTOR('',#970,1.);
#970 = DIRECTION('',(1.,0.));
#971 = ( GEOMETRIC_REPRESENTATION_CONTEXT(2) 
PARAMETRIC_REPRESENTATION_CONTEXT() REPRESENTATION_CONTEXT('2D SPACE',''
  ) );
#972 = ORIENTED_EDGE('',*,*,#973,.F.);
#973 = EDGE_CURVE('',#974,#945,#976,.T.);
#974 = VERTEX_POINT('',#975);
#975 = CARTESIAN_POINT('',(2.260205921876,-43.84410287278,8.));
#976 = SURFACE_CURVE('',#977,(#982,#989),.PCURVE_S1.);
#977 = CIRCLE('',#978,3.96);
#978 = AXIS2_PLACEMENT_3D('',#979,#980,#981);
#979 = CARTESIAN_POINT('',(-9.013340573905E-15,-40.59247725,8.));
#980 = DIRECTION('',(0.,0.,1.));
#981 = DIRECTION('',(-2.22044604925E-16,-1.,0.));
#982 = PCURVE('',#45,#983);
#983 = DEFINITIONAL_REPRESENTATION('',(#984),#988);
#984 = CIRCLE('',#985,3.96);
#985 = AXIS2_PLACEMENT_2D('',#986,#987);
#986 = CARTESIAN_POINT('',(-9.013340573905E-15,-40.59247725));
#987 = DIRECTION('',(-2.22044604925E-16,-1.));
#988 = ( GEOMETRIC_REPRESENTATION_CONTEXT(2) 
PARAMETRIC_REPRESENTATION_CONTEXT() REPRESENTATION_CONTEXT('2D SPACE',''
  ) );
#989 = PCURVE('',#990,#995);
#990 = CYLINDRICAL_SURFACE('',#991,3.96);
#991 = AXIS2_PLACEMENT_3D('',#992,#993,#994);
#992 = CARTESIAN_POINT('',(-9.013340573905E-15,-40.59247725,0.));
#993 = DIRECTION('',(0.,0.,1.));
#994 = DIRECTION('',(-2.22044604925E-16,-1.,0.));
#995 = DEFINITIONAL_REPRESENTATION('',(#996),#1000);
#996 = LINE('',#997,#998);
#997 = CARTESIAN_POINT('',(0.,8.));
#998 = VECTOR('',#999,1.);
#999 = DIRECTION('',(1.,0.));
#1000 = ( GEOMETRIC_REPRESENTATION_CONTEXT(2) 
PARAMETRIC_REPRESENTATION_CONTEXT() REPRESENTATION_CONTEXT('2D SPACE',''
  ) );
#1001 = ORIENTED_EDGE('',*,*,#1002,.T.);
#1002 = EDGE_CURVE('',#974,#1003,#1005,.T.);
#1003 = VERTEX_POINT('',#1004);
#1004 = CARTESIAN_POINT('',(11.398989320643,-42.39666177891,8.));
#1005 = SURFACE_CURVE('',#1006,(#1011,#1018),.PCURVE_S1.);
#1006 = CIRCLE('',#1007,43.90232212);
#1007 = AXIS2_PLACEMENT_3D('',#1008,#1009,#1010);
#1008 = CARTESIAN_POINT('',(0.,0.,8.));
#1009 = DIRECTION('',(0.,0.,1.));
#1010 = DIRECTION('',(1.,0.,-0.));
#1011 = PCURVE('',#45,#1012);
#1012 = DEFINITIONAL_REPRESENTATION('',(#1013),#1017);
#1013 = CIRCLE('',#1014,43.90232212);
#1014 = AXIS2_PLACEMENT_2D('',#1015,#1016);
#1015 = CARTESIAN_POINT('',(0.,0.));
#1016 = DIRECTION('',(1.,0.));
#1017 = ( GEOMETRIC_REPRESENTATION_CONTEXT(2) 
PARAMETRIC_REPRESENTATION_CONTEXT() REPRESENTATION_CONTEXT('2D SPACE',''
  ) );
#1018 = PCURVE('',#1019,#1024);
#1019 = CYLINDRICAL_SURFACE('',#1020,43.90232212);
#1020 = AXIS2_PLACEMENT_3D('',#1021,#1022,#1023);
#1021 = CARTESIAN_POINT('',(0.,0.,0.));
#1022 = DIRECTION('',(0.,0.,1.));
#1023 = DIRECTION('',(1.,0.,-0.));
#1024 = DEFINITIONAL_REPRESENTATION('',(#1025),#1029);
#1025 = LINE('',#1026,#1027);
#1026 = CARTESIAN_POINT('',(0.,8.));
#1027 = VECTOR('',#1028,1.);
#1028 = DIRECTION('',(1.,0.));
#1029 = ( GEOMETRIC_REPRESENTATION_CONTEXT(2) 
PARAMETRIC_REPRESENTATION_CONTEXT() REPRESENTATION_CONTEXT('2D SPACE',''
  ) );
#1030 = ORIENTED_EDGE('',*,*,#1031,.F.);
#1031 = EDGE_CURVE('',#1032,#1003,#1034,.T.);
#1032 = VERTEX_POINT('',#1033);
#1033 = CARTESIAN_POINT('',(15.698156460982,-40.99977769762,8.));
#1034 = SURFACE_CURVE('',#1035,(#1040,#1047),.PCURVE_S1.);
#1035 = CIRCLE('',#1036,3.96);
#1036 = AXIS2_PLACEMENT_3D('',#1037,#1038,#1039);
#1037 = CARTESIAN_POINT('',(12.543765314028,-38.60574000117,8.));
#1038 = DIRECTION('',(-0.,0.,1.));
#1039 = DIRECTION('',(0.309016994375,-0.951056516295,0.));
#1040 = PCURVE('',#45,#1041);
#1041 = DEFINITIONAL_REPRESENTATION('',(#1042),#1046);
#1042 = CIRCLE('',#1043,3.96);
#1043 = AXIS2_PLACEMENT_2D('',#1044,#1045);
#1044 = CARTESIAN_POINT('',(12.543765314028,-38.60574000117));
#1045 = DIRECTION('',(0.309016994375,-0.951056516295));
#1046 = ( GEOMETRIC_REPRESENTATION_CONTEXT(2) 
PARAMETRIC_REPRESENTATION_CONTEXT() REPRESENTATION_CONTEXT('2D SPACE',''
  ) );
#1047 = PCURVE('',#1048,#1053);
#1048 = CYLINDRICAL_SURFACE('',#1049,3.96);
#1049 = AXIS2_PLACEMENT_3D('',#1050,#1051,#1052);
#1050 = CARTESIAN_POINT('',(12.543765314028,-38.60574000117,0.));
#1051 = DIRECTION('',(0.,0.,1.));
#1052 = DIRECTION('',(0.309016994375,-0.951056516295,0.));
#1053 = DEFINITIONAL_REPRESENTATION('',(#1054),#1058);
#1054 = LINE('',#1055,#1056);
#1055 = CARTESIAN_POINT('',(0.,8.));
#1056 = VECTOR('',#1057,1.);
#1057 = DIRECTION('',(1.,0.));
#1058 = ( GEOMETRIC_REPRESENTATION_CONTEXT(2) 
PARAMETRIC_REPRESENTATION_CONTEXT() REPRESENTATION_CONTEXT('2D SPACE',''
  ) );
#1059 = ORIENTED_EDGE('',*,*,#1060,.T.);
#1060 = EDGE_CURVE('',#1032,#1061,#1063,.T.);
#1061 = VERTEX_POINT('',#1062);
#1062 = CARTESIAN_POINT('',(23.942372067029,-36.79914003522,8.));
#1063 = SURFACE_CURVE('',#1064,(#1069,#1076),.PCURVE_S1.);
#1064 = CIRCLE('',#1065,43.90232212);
#1065 = AXIS2_PLACEMENT_3D('',#1066,#1067,#1068);
#1066 = CARTESIAN_POINT('',(0.,0.,8.));
#1067 = DIRECTION('',(0.,0.,1.));
#1068 = DIRECTION('',(1.,0.,-0.));
#1069 = PCURVE('',#45,#1070);
#1070 = DEFINITIONAL_REPRESENTATION('',(#1071),#1075);
#1071 = CIRCLE('',#1072,43.90232212);
#1072 = AXIS2_PLACEMENT_2D('',#1073,#1074);
#1073 = CARTESIAN_POINT('',(0.,0.));
#1074 = DIRECTION('',(1.,0.));
#1075 = ( GEOMETRIC_REPRESENTATION_CONTEXT(2) 
PARAMETRIC_REPRESENTATION_CONTEXT() REPRESENTATION_CONTEXT('2D SPACE',''
  ) );
#1076 = PCURVE('',#1077,#1082);
#1077 = CYLINDRICAL_SURFACE('',#1078,43.90232212);
#1078 = AXIS2_PLACEMENT_3D('',#1079,#1080,#1081);
#1079 = CARTESIAN_POINT('',(0.,0.,0.));
#1080 = DIRECTION('',(0.,0.,1.));
#1081 = DIRECTION('',(1.,0.,-0.));
#1082 = DEFINITIONAL_REPRESENTATION('',(#1083),#1087);
#1083 = LINE('',#1084,#1085);
#1084 = CARTESIAN_POINT('',(0.,8.));
#1085 = VECTOR('',#1086,1.);
#1086 = DIRECTION('',(1.,0.));
#1087 = ( GEOMETRIC_REPRESENTATION_CONTEXT(2) 
PARAMETRIC_REPRESENTATION_CONTEXT() REPRESENTATION_CONTEXT('2D SPACE',''
  ) );
#1088 = ORIENTED_EDGE('',*,*,#1089,.F.);
#1089 = EDGE_CURVE('',#1090,#1061,#1092,.T.);
#1090 = VERTEX_POINT('',#1091);
#1091 = CARTESIAN_POINT('',(27.599462070199,-34.14210861918,8.));
#1092 = SURFACE_CURVE('',#1093,(#1098,#1105),.PCURVE_S1.);
#1093 = CIRCLE('',#1094,3.96);
#1094 = AXIS2_PLACEMENT_3D('',#1095,#1096,#1097);
#1095 = CARTESIAN_POINT('',(23.859659481568,-32.84000393902,8.));
#1096 = DIRECTION('',(-0.,0.,1.));
#1097 = DIRECTION('',(0.587785252292,-0.809016994375,0.));
#1098 = PCURVE('',#45,#1099);
#1099 = DEFINITIONAL_REPRESENTATION('',(#1100),#1104);
#1100 = CIRCLE('',#1101,3.96);
#1101 = AXIS2_PLACEMENT_2D('',#1102,#1103);
#1102 = CARTESIAN_POINT('',(23.859659481568,-32.84000393902));
#1103 = DIRECTION('',(0.587785252292,-0.809016994375));
#1104 = ( GEOMETRIC_REPRESENTATION_CONTEXT(2) 
PARAMETRIC_REPRESENTATION_CONTEXT() REPRESENTATION_CONTEXT('2D SPACE',''
  ) );
#1105 = PCURVE('',#1106,#1111);
#1106 = CYLINDRICAL_SURFACE('',#1107,3.96);
#1107 = AXIS2_PLACEMENT_3D('',#1108,#1109,#1110);
#1108 = CARTESIAN_POINT('',(23.859659481568,-32.84000393902,0.));
#1109 = DIRECTION('',(0.,0.,1.));
#1110 = DIRECTION('',(0.587785252292,-0.809016994375,0.));
#1111 = DEFINITIONAL_REPRESENTATION('',(#1112),#1116);
#1112 = LINE('',#1113,#1114);
#1113 = CARTESIAN_POINT('',(0.,8.));
#1114 = VECTOR('',#1115,1.);
#1115 = DIRECTION('',(1.,0.));
#1116 = ( GEOMETRIC_REPRESENTATION_CONTEXT(2) 
PARAMETRIC_REPRESENTATION_CONTEXT() REPRESENTATION_CONTEXT('2D SPACE',''
  ) );
#1117 = ORIENTED_EDGE('',*,*,#1118,.T.);
#1118 = EDGE_CURVE('',#1090,#1119,#1121,.T.);
#1119 = VERTEX_POINT('',#1120);
#1120 = CARTESIAN_POINT('',(34.142108619179,-27.59946207019,8.));
#1121 = SURFACE_CURVE('',#1122,(#1127,#1134),.PCURVE_S1.);
#1122 = CIRCLE('',#1123,43.90232212);
#1123 = AXIS2_PLACEMENT_3D('',#1124,#1125,#1126);
#1124 = CARTESIAN_POINT('',(0.,0.,8.));
#1125 = DIRECTION('',(0.,0.,1.));
#1126 = DIRECTION('',(1.,0.,-0.));
#1127 = PCURVE('',#45,#1128);
#1128 = DEFINITIONAL_REPRESENTATION('',(#1129),#1133);
#1129 = CIRCLE('',#1130,43.90232212);
#1130 = AXIS2_PLACEMENT_2D('',#1131,#1132);
#1131 = CARTESIAN_POINT('',(0.,0.));
#1132 = DIRECTION('',(1.,0.));
#1133 = ( GEOMETRIC_REPRESENTATION_CONTEXT(2) 
PARAMETRIC_REPRESENTATION_CONTEXT() REPRESENTATION_CONTEXT('2D SPACE',''
  ) );
#1134 = PCURVE('',#1135,#1140);
#1135 = CYLINDRICAL_SURFACE('',#1136,43.90232212);
#1136 = AXIS2_PLACEMENT_3D('',#1137,#1138,#1139);
#1137 = CARTESIAN_POINT('',(0.,0.,0.));
#1138 = DIRECTION('',(0.,0.,1.));
#1139 = DIRECTION('',(1.,0.,-0.));
#1140 = DEFINITIONAL_REPRESENTATION('',(#1141),#1145);
#1141 = LINE('',#1142,#1143);
#1142 = CARTESIAN_POINT('',(0.,8.));
#1143 = VECTOR('',#1144,1.);
#1144 = DIRECTION('',(1.,0.));
#1145 = ( GEOMETRIC_REPRESENTATION_CONTEXT(2) 
PARAMETRIC_REPRESENTATION_CONTEXT() REPRESENTATION_CONTEXT('2D SPACE',''
  ) );
#1146 = ORIENTED_EDGE('',*,*,#1147,.F.);
#1147 = EDGE_CURVE('',#1148,#1119,#1150,.T.);
#1148 = VERTEX_POINT('',#1149);
#1149 = CARTESIAN_POINT('',(36.799140035225,-23.94237206702,8.));
#1150 = SURFACE_CURVE('',#1151,(#1156,#1163),.PCURVE_S1.);
#1151 = CIRCLE('',#1152,3.96);
#1152 = AXIS2_PLACEMENT_3D('',#1153,#1154,#1155);
#1153 = CARTESIAN_POINT('',(32.840003939028,-23.85965948156,8.));
#1154 = DIRECTION('',(-0.,0.,1.));
#1155 = DIRECTION('',(0.809016994375,-0.587785252292,0.));
#1156 = PCURVE('',#45,#1157);
#1157 = DEFINITIONAL_REPRESENTATION('',(#1158),#1162);
#1158 = CIRCLE('',#1159,3.96);
#1159 = AXIS2_PLACEMENT_2D('',#1160,#1161);
#1160 = CARTESIAN_POINT('',(32.840003939028,-23.85965948156));
#1161 = DIRECTION('',(0.809016994375,-0.587785252292));
#1162 = ( GEOMETRIC_REPRESENTATION_CONTEXT(2) 
PARAMETRIC_REPRESENTATION_CONTEXT() REPRESENTATION_CONTEXT('2D SPACE',''
  ) );
#1163 = PCURVE('',#1164,#1169);
#1164 = CYLINDRICAL_SURFACE('',#1165,3.96);
#1165 = AXIS2_PLACEMENT_3D('',#1166,#1167,#1168);
#1166 = CARTESIAN_POINT('',(32.840003939028,-23.85965948156,0.));
#1167 = DIRECTION('',(0.,0.,1.));
#1168 = DIRECTION('',(0.809016994375,-0.587785252292,0.));
#1169 = DEFINITIONAL_REPRESENTATION('',(#1170),#1174);
#1170 = LINE('',#1171,#1172);
#1171 = CARTESIAN_POINT('',(0.,8.));
#1172 = VECTOR('',#1173,1.);
#1173 = DIRECTION('',(1.,0.));
#1174 = ( GEOMETRIC_REPRESENTATION_CONTEXT(2) 
PARAMETRIC_REPRESENTATION_CONTEXT() REPRESENTATION_CONTEXT('2D SPACE',''
  ) );
#1175 = ORIENTED_EDGE('',*,*,#1176,.T.);
#1176 = EDGE_CURVE('',#1148,#1177,#1179,.T.);
#1177 = VERTEX_POINT('',#1178);
#1178 = CARTESIAN_POINT('',(40.999777697626,-15.69815646098,8.));
#1179 = SURFACE_CURVE('',#1180,(#1185,#1192),.PCURVE_S1.);
#1180 = CIRCLE('',#1181,43.90232212);
#1181 = AXIS2_PLACEMENT_3D('',#1182,#1183,#1184);
#1182 = CARTESIAN_POINT('',(0.,0.,8.));
#1183 = DIRECTION('',(0.,0.,1.));
#1184 = DIRECTION('',(1.,0.,-0.));
#1185 = PCURVE('',#45,#1186);
#1186 = DEFINITIONAL_REPRESENTATION('',(#1187),#1191);
#1187 = CIRCLE('',#1188,43.90232212);
#1188 = AXIS2_PLACEMENT_2D('',#1189,#1190);
#1189 = CARTESIAN_POINT('',(0.,0.));
#1190 = DIRECTION('',(1.,0.));
#1191 = ( GEOMETRIC_REPRESENTATION_CONTEXT(2) 
PARAMETRIC_REPRESENTATION_CONTEXT() REPRESENTATION_CONTEXT('2D SPACE',''
  ) );
#1192 = PCURVE('',#1193,#1198);
#1193 = CYLINDRICAL_SURFACE('',#1194,43.90232212);
#1194 = AXIS2_PLACEMENT_3D('',#1195,#1196,#1197);
#1195 = CARTESIAN_POINT('',(0.,0.,0.));
#1196 = DIRECTION('',(0.,0.,1.));
#1197 = DIRECTION('',(1.,0.,-0.));
#1198 = DEFINITIONAL_REPRESENTATION('',(#1199),#1203);
#1199 = LINE('',#1200,#1201);
#1200 = CARTESIAN_POINT('',(0.,8.));
#1201 = VECTOR('',#1202,1.);
#1202 = DIRECTION('',(1.,0.));
#1203 = ( GEOMETRIC_REPRESENTATION_CONTEXT(2) 
PARAMETRIC_REPRESENTATION_CONTEXT() REPRESENTATION_CONTEXT('2D SPACE',''
  ) );
#1204 = ORIENTED_EDGE('',*,*,#1205,.F.);
#1205 = EDGE_CURVE('',#1206,#1177,#1208,.T.);
#1206 = VERTEX_POINT('',#1207);
#1207 = CARTESIAN_POINT('',(42.396661778919,-11.39898932064,8.));
#1208 = SURFACE_CURVE('',#1209,(#1214,#1221),.PCURVE_S1.);
#1209 = CIRCLE('',#1210,3.96);
#1210 = AXIS2_PLACEMENT_3D('',#1211,#1212,#1213);
#1211 = CARTESIAN_POINT('',(38.605740001175,-12.54376531402,8.));
#1212 = DIRECTION('',(-0.,0.,1.));
#1213 = DIRECTION('',(0.951056516295,-0.309016994375,0.));
#1214 = PCURVE('',#45,#1215);
#1215 = DEFINITIONAL_REPRESENTATION('',(#1216),#1220);
#1216 = CIRCLE('',#1217,3.96);
#1217 = AXIS2_PLACEMENT_2D('',#1218,#1219);
#1218 = CARTESIAN_POINT('',(38.605740001175,-12.54376531402));
#1219 = DIRECTION('',(0.951056516295,-0.309016994375));
#1220 = ( GEOMETRIC_REPRESENTATION_CONTEXT(2) 
PARAMETRIC_REPRESENTATION_CONTEXT() REPRESENTATION_CONTEXT('2D SPACE',''
  ) );
#1221 = PCURVE('',#1222,#1227);
#1222 = CYLINDRICAL_SURFACE('',#1223,3.96);
#1223 = AXIS2_PLACEMENT_3D('',#1224,#1225,#1226);
#1224 = CARTESIAN_POINT('',(38.605740001175,-12.54376531402,0.));
#1225 = DIRECTION('',(0.,0.,1.));
#1226 = DIRECTION('',(0.951056516295,-0.309016994375,0.));
#1227 = DEFINITIONAL_REPRESENTATION('',(#1228),#1232);
#1228 = LINE('',#1229,#1230);
#1229 = CARTESIAN_POINT('',(0.,8.));
#1230 = VECTOR('',#1231,1.);
#1231 = DIRECTION('',(1.,0.));
#1232 = ( GEOMETRIC_REPRESENTATION_CONTEXT(2) 
PARAMETRIC_REPRESENTATION_CONTEXT() REPRESENTATION_CONTEXT('2D SPACE',''
  ) );
#1233 = ORIENTED_EDGE('',*,*,#1234,.T.);
#1234 = EDGE_CURVE('',#1206,#142,#1235,.T.);
#1235 = SURFACE_CURVE('',#1236,(#1241,#1248),.PCURVE_S1.);
#1236 = CIRCLE('',#1237,43.90232212);
#1237 = AXIS2_PLACEMENT_3D('',#1238,#1239,#1240);
#1238 = CARTESIAN_POINT('',(0.,0.,8.));
#1239 = DIRECTION('',(0.,0.,1.));
#1240 = DIRECTION('',(1.,0.,-0.));
#1241 = PCURVE('',#45,#1242);
#1242 = DEFINITIONAL_REPRESENTATION('',(#1243),#1247);
#1243 = CIRCLE('',#1244,43.90232212);
#1244 = AXIS2_PLACEMENT_2D('',#1245,#1246);
#1245 = CARTESIAN_POINT('',(0.,0.));
#1246 = DIRECTION('',(1.,0.));
#1247 = ( GEOMETRIC_REPRESENTATION_CONTEXT(2) 
PARAMETRIC_REPRESENTATION_CONTEXT() REPRESENTATION_CONTEXT('2D SPACE',''
  ) );
#1248 = PCURVE('',#1249,#1254);
#1249 = CYLINDRICAL_SURFACE('',#1250,43.90232212);
#1250 = AXIS2_PLACEMENT_3D('',#1251,#1252,#1253);
#1251 = CARTESIAN_POINT('',(0.,0.,0.));
#1252 = DIRECTION('',(0.,0.,1.));
#1253 = DIRECTION('',(1.,0.,-0.));
#1254 = DEFINITIONAL_REPRESENTATION('',(#1255),#1259);
#1255 = LINE('',#1256,#1257);
#1256 = CARTESIAN_POINT('',(0.,8.));
#1257 = VECTOR('',#1258,1.);
#1258 = DIRECTION('',(1.,0.));
#1259 = ( GEOMETRIC_REPRESENTATION_CONTEXT(2) 
PARAMETRIC_REPRESENTATION_CONTEXT() REPRESENTATION_CONTEXT('2D SPACE',''
  ) );
#1260 = FACE_BOUND('',#1261,.T.);
#1261 = EDGE_LOOP('',(#1262));
#1262 = ORIENTED_EDGE('',*,*,#1263,.F.);
#1263 = EDGE_CURVE('',#1264,#1264,#1266,.T.);
#1264 = VERTEX_POINT('',#1265);
#1265 = CARTESIAN_POINT('',(10.,-2.449293598295E-15,8.));
#1266 = SURFACE_CURVE('',#1267,(#1272,#1279),.PCURVE_S1.);
#1267 = CIRCLE('',#1268,10.);
#1268 = AXIS2_PLACEMENT_3D('',#1269,#1270,#1271);
#1269 = CARTESIAN_POINT('',(0.,0.,8.));
#1270 = DIRECTION('',(0.,0.,1.));
#1271 = DIRECTION('',(1.,0.,-0.));
#1272 = PCURVE('',#45,#1273);
#1273 = DEFINITIONAL_REPRESENTATION('',(#1274),#1278);
#1274 = CIRCLE('',#1275,10.);
#1275 = AXIS2_PLACEMENT_2D('',#1276,#1277);
#1276 = CARTESIAN_POINT('',(0.,0.));
#1277 = DIRECTION('',(1.,0.));
#1278 = ( GEOMETRIC_REPRESENTATION_CONTEXT(2) 
PARAMETRIC_REPRESENTATION_CONTEXT() REPRESENTATION_CONTEXT('2D SPACE',''
  ) );
#1279 = PCURVE('',#1280,#1285);
#1280 = CYLINDRICAL_SURFACE('',#1281,10.);
#1281 = AXIS2_PLACEMENT_3D('',#1282,#1283,#1284);
#1282 = CARTESIAN_POINT('',(0.,0.,0.));
#1283 = DIRECTION('',(0.,0.,1.));
#1284 = DIRECTION('',(1.,0.,-0.));
#1285 = DEFINITIONAL_REPRESENTATION('',(#1286),#1290);
#1286 = LINE('',#1287,#1288);
#1287 = CARTESIAN_POINT('',(0.,8.));
#1288 = VECTOR('',#1289,1.);
#1289 = DIRECTION('',(1.,0.));
#1290 = ( GEOMETRIC_REPRESENTATION_CONTEXT(2) 
PARAMETRIC_REPRESENTATION_CONTEXT() REPRESENTATION_CONTEXT('2D SPACE',''
  ) );
#1291 = ADVANCED_FACE('',(#1292),#126,.F.);
#1292 = FACE_BOUND('',#1293,.F.);
#1293 = EDGE_LOOP('',(#1294,#1295,#1318,#1340));
#1294 = ORIENTED_EDGE('',*,*,#166,.F.);
#1295 = ORIENTED_EDGE('',*,*,#1296,.F.);
#1296 = EDGE_CURVE('',#1297,#167,#1299,.T.);
#1297 = VERTEX_POINT('',#1298);
#1298 = CARTESIAN_POINT('',(40.999777697626,15.698156460982,0.));
#1299 = SURFACE_CURVE('',#1300,(#1304,#1311),.PCURVE_S1.);
#1300 = LINE('',#1301,#1302);
#1301 = CARTESIAN_POINT('',(40.999777697627,15.69815646098,0.));
#1302 = VECTOR('',#1303,1.);
#1303 = DIRECTION('',(0.,0.,1.));
#1304 = PCURVE('',#126,#1305);
#1305 = DEFINITIONAL_REPRESENTATION('',(#1306),#1310);
#1306 = LINE('',#1307,#1308);
#1307 = CARTESIAN_POINT('',(0.607429995168,0.));
#1308 = VECTOR('',#1309,1.);
#1309 = DIRECTION('',(0.,1.));
#1310 = ( GEOMETRIC_REPRESENTATION_CONTEXT(2) 
PARAMETRIC_REPRESENTATION_CONTEXT() REPRESENTATION_CONTEXT('2D SPACE',''
  ) );
#1311 = PCURVE('',#207,#1312);
#1312 = DEFINITIONAL_REPRESENTATION('',(#1313),#1317);
#1313 = LINE('',#1314,#1315);
#1314 = CARTESIAN_POINT('',(0.365664639922,0.));
#1315 = VECTOR('',#1316,1.);
#1316 = DIRECTION('',(0.,1.));
#1317 = ( GEOMETRIC_REPRESENTATION_CONTEXT(2) 
PARAMETRIC_REPRESENTATION_CONTEXT() REPRESENTATION_CONTEXT('2D SPACE',''
  ) );
#1318 = ORIENTED_EDGE('',*,*,#1319,.T.);
#1319 = EDGE_CURVE('',#1297,#84,#1320,.T.);
#1320 = SURFACE_CURVE('',#1321,(#1326,#1333),.PCURVE_S1.);
#1321 = CIRCLE('',#1322,3.96);
#1322 = AXIS2_PLACEMENT_3D('',#1323,#1324,#1325);
#1323 = CARTESIAN_POINT('',(38.605740001175,12.543765314028,0.));
#1324 = DIRECTION('',(0.,-0.,1.));
#1325 = DIRECTION('',(0.951056516295,0.309016994375,0.));
#1326 = PCURVE('',#126,#1327);
#1327 = DEFINITIONAL_REPRESENTATION('',(#1328),#1332);
#1328 = LINE('',#1329,#1330);
#1329 = CARTESIAN_POINT('',(0.,0.));
#1330 = VECTOR('',#1331,1.);
#1331 = DIRECTION('',(1.,0.));
#1332 = ( GEOMETRIC_REPRESENTATION_CONTEXT(2) 
PARAMETRIC_REPRESENTATION_CONTEXT() REPRESENTATION_CONTEXT('2D SPACE',''
  ) );
#1333 = PCURVE('',#100,#1334);
#1334 = DEFINITIONAL_REPRESENTATION('',(#1335),#1339);
#1335 = CIRCLE('',#1336,3.96);
#1336 = AXIS2_PLACEMENT_2D('',#1337,#1338);
#1337 = CARTESIAN_POINT('',(38.605740001175,12.543765314028));
#1338 = DIRECTION('',(0.951056516295,0.309016994375));
#1339 = ( GEOMETRIC_REPRESENTATION_CONTEXT(2) 
PARAMETRIC_REPRESENTATION_CONTEXT() REPRESENTATION_CONTEXT('2D SPACE',''
  ) );
#1340 = ORIENTED_EDGE('',*,*,#112,.T.);
#1341 = ADVANCED_FACE('',(#1342,#2256),#100,.F.);
#1342 = FACE_BOUND('',#1343,.F.);
#1343 = EDGE_LOOP('',(#1344,#1368,#1369,#1370,#1394,#1418,#1442,#1466,
    #1490,#1514,#1538,#1562,#1586,#1610,#1634,#1658,#1682,#1706,#1730,
    #1754,#1778,#1802,#1826,#1850,#1874,#1898,#1922,#1946,#1970,#1994,
    #2018,#2042,#2066,#2090,#2114,#2138,#2162,#2186,#2210,#2234));
#1344 = ORIENTED_EDGE('',*,*,#1345,.F.);
#1345 = EDGE_CURVE('',#58,#1346,#1348,.T.);
#1346 = VERTEX_POINT('',#1347);
#1347 = CARTESIAN_POINT('',(43.84410287278,-2.260205921876,0.));
#1348 = SURFACE_CURVE('',#1349,(#1354,#1361),.PCURVE_S1.);
#1349 = CIRCLE('',#1350,3.96);
#1350 = AXIS2_PLACEMENT_3D('',#1351,#1352,#1353);
#1351 = CARTESIAN_POINT('',(40.59247725,0.,0.));
#1352 = DIRECTION('',(0.,0.,1.));
#1353 = DIRECTION('',(1.,0.,-0.));
#1354 = PCURVE('',#100,#1355);
#1355 = DEFINITIONAL_REPRESENTATION('',(#1356),#1360);
#1356 = CIRCLE('',#1357,3.96);
#1357 = AXIS2_PLACEMENT_2D('',#1358,#1359);
#1358 = CARTESIAN_POINT('',(40.59247725,0.));
#1359 = DIRECTION('',(1.,0.));
#1360 = ( GEOMETRIC_REPRESENTATION_CONTEXT(2) 
PARAMETRIC_REPRESENTATION_CONTEXT() REPRESENTATION_CONTEXT('2D SPACE',''
  ) );
#1361 = PCURVE('',#72,#1362);
#1362 = DEFINITIONAL_REPRESENTATION('',(#1363),#1367);
#1363 = LINE('',#1364,#1365);
#1364 = CARTESIAN_POINT('',(0.,0.));
#1365 = VECTOR('',#1366,1.);
#1366 = DIRECTION('',(1.,0.));
#1367 = ( GEOMETRIC_REPRESENTATION_CONTEXT(2) 
PARAMETRIC_REPRESENTATION_CONTEXT() REPRESENTATION_CONTEXT('2D SPACE',''
  ) );
#1368 = ORIENTED_EDGE('',*,*,#83,.T.);
#1369 = ORIENTED_EDGE('',*,*,#1319,.F.);
#1370 = ORIENTED_EDGE('',*,*,#1371,.T.);
#1371 = EDGE_CURVE('',#1297,#1372,#1374,.T.);
#1372 = VERTEX_POINT('',#1373);
#1373 = CARTESIAN_POINT('',(36.799140035225,23.942372067029,0.));
#1374 = SURFACE_CURVE('',#1375,(#1380,#1387),.PCURVE_S1.);
#1375 = CIRCLE('',#1376,43.90232212);
#1376 = AXIS2_PLACEMENT_3D('',#1377,#1378,#1379);
#1377 = CARTESIAN_POINT('',(0.,0.,0.));
#1378 = DIRECTION('',(0.,0.,1.));
#1379 = DIRECTION('',(1.,0.,-0.));
#1380 = PCURVE('',#100,#1381);
#1381 = DEFINITIONAL_REPRESENTATION('',(#1382),#1386);
#1382 = CIRCLE('',#1383,43.90232212);
#1383 = AXIS2_PLACEMENT_2D('',#1384,#1385);
#1384 = CARTESIAN_POINT('',(0.,0.));
#1385 = DIRECTION('',(1.,0.));
#1386 = ( GEOMETRIC_REPRESENTATION_CONTEXT(2) 
PARAMETRIC_REPRESENTATION_CONTEXT() REPRESENTATION_CONTEXT('2D SPACE',''
  ) );
#1387 = PCURVE('',#207,#1388);
#1388 = DEFINITIONAL_REPRESENTATION('',(#1389),#1393);
#1389 = LINE('',#1390,#1391);
#1390 = CARTESIAN_POINT('',(0.,0.));
#1391 = VECTOR('',#1392,1.);
#1392 = DIRECTION('',(1.,0.));
#1393 = ( GEOMETRIC_REPRESENTATION_CONTEXT(2) 
PARAMETRIC_REPRESENTATION_CONTEXT() REPRESENTATION_CONTEXT('2D SPACE',''
  ) );
#1394 = ORIENTED_EDGE('',*,*,#1395,.F.);
#1395 = EDGE_CURVE('',#1396,#1372,#1398,.T.);
#1396 = VERTEX_POINT('',#1397);
#1397 = CARTESIAN_POINT('',(34.14210861918,27.599462070199,0.));
#1398 = SURFACE_CURVE('',#1399,(#1404,#1411),.PCURVE_S1.);
#1399 = CIRCLE('',#1400,3.96);
#1400 = AXIS2_PLACEMENT_3D('',#1401,#1402,#1403);
#1401 = CARTESIAN_POINT('',(32.840003939028,23.859659481568,0.));
#1402 = DIRECTION('',(0.,-0.,1.));
#1403 = DIRECTION('',(0.809016994375,0.587785252292,0.));
#1404 = PCURVE('',#100,#1405);
#1405 = DEFINITIONAL_REPRESENTATION('',(#1406),#1410);
#1406 = CIRCLE('',#1407,3.96);
#1407 = AXIS2_PLACEMENT_2D('',#1408,#1409);
#1408 = CARTESIAN_POINT('',(32.840003939028,23.859659481568));
#1409 = DIRECTION('',(0.809016994375,0.587785252292));
#1410 = ( GEOMETRIC_REPRESENTATION_CONTEXT(2) 
PARAMETRIC_REPRESENTATION_CONTEXT() REPRESENTATION_CONTEXT('2D SPACE',''
  ) );
#1411 = PCURVE('',#236,#1412);
#1412 = DEFINITIONAL_REPRESENTATION('',(#1413),#1417);
#1413 = LINE('',#1414,#1415);
#1414 = CARTESIAN_POINT('',(0.,0.));
#1415 = VECTOR('',#1416,1.);
#1416 = DIRECTION('',(1.,0.));
#1417 = ( GEOMETRIC_REPRESENTATION_CONTEXT(2) 
PARAMETRIC_REPRESENTATION_CONTEXT() REPRESENTATION_CONTEXT('2D SPACE',''
  ) );
#1418 = ORIENTED_EDGE('',*,*,#1419,.T.);
#1419 = EDGE_CURVE('',#1396,#1420,#1422,.T.);
#1420 = VERTEX_POINT('',#1421);
#1421 = CARTESIAN_POINT('',(27.599462070199,34.142108619179,0.));
#1422 = SURFACE_CURVE('',#1423,(#1428,#1435),.PCURVE_S1.);
#1423 = CIRCLE('',#1424,43.90232212);
#1424 = AXIS2_PLACEMENT_3D('',#1425,#1426,#1427);
#1425 = CARTESIAN_POINT('',(0.,0.,0.));
#1426 = DIRECTION('',(0.,0.,1.));
#1427 = DIRECTION('',(1.,0.,-0.));
#1428 = PCURVE('',#100,#1429);
#1429 = DEFINITIONAL_REPRESENTATION('',(#1430),#1434);
#1430 = CIRCLE('',#1431,43.90232212);
#1431 = AXIS2_PLACEMENT_2D('',#1432,#1433);
#1432 = CARTESIAN_POINT('',(0.,0.));
#1433 = DIRECTION('',(1.,0.));
#1434 = ( GEOMETRIC_REPRESENTATION_CONTEXT(2) 
PARAMETRIC_REPRESENTATION_CONTEXT() REPRESENTATION_CONTEXT('2D SPACE',''
  ) );
#1435 = PCURVE('',#265,#1436);
#1436 = DEFINITIONAL_REPRESENTATION('',(#1437),#1441);
#1437 = LINE('',#1438,#1439);
#1438 = CARTESIAN_POINT('',(0.,0.));
#1439 = VECTOR('',#1440,1.);
#1440 = DIRECTION('',(1.,0.));
#1441 = ( GEOMETRIC_REPRESENTATION_CONTEXT(2) 
PARAMETRIC_REPRESENTATION_CONTEXT() REPRESENTATION_CONTEXT('2D SPACE',''
  ) );
#1442 = ORIENTED_EDGE('',*,*,#1443,.F.);
#1443 = EDGE_CURVE('',#1444,#1420,#1446,.T.);
#1444 = VERTEX_POINT('',#1445);
#1445 = CARTESIAN_POINT('',(23.942372067029,36.799140035225,0.));
#1446 = SURFACE_CURVE('',#1447,(#1452,#1459),.PCURVE_S1.);
#1447 = CIRCLE('',#1448,3.96);
#1448 = AXIS2_PLACEMENT_3D('',#1449,#1450,#1451);
#1449 = CARTESIAN_POINT('',(23.859659481568,32.840003939028,0.));
#1450 = DIRECTION('',(0.,-0.,1.));
#1451 = DIRECTION('',(0.587785252292,0.809016994375,0.));
#1452 = PCURVE('',#100,#1453);
#1453 = DEFINITIONAL_REPRESENTATION('',(#1454),#1458);
#1454 = CIRCLE('',#1455,3.96);
#1455 = AXIS2_PLACEMENT_2D('',#1456,#1457);
#1456 = CARTESIAN_POINT('',(23.859659481568,32.840003939028));
#1457 = DIRECTION('',(0.587785252292,0.809016994375));
#1458 = ( GEOMETRIC_REPRESENTATION_CONTEXT(2) 
PARAMETRIC_REPRESENTATION_CONTEXT() REPRESENTATION_CONTEXT('2D SPACE',''
  ) );
#1459 = PCURVE('',#294,#1460);
#1460 = DEFINITIONAL_REPRESENTATION('',(#1461),#1465);
#1461 = LINE('',#1462,#1463);
#1462 = CARTESIAN_POINT('',(0.,0.));
#1463 = VECTOR('',#1464,1.);
#1464 = DIRECTION('',(1.,0.));
#1465 = ( GEOMETRIC_REPRESENTATION_CONTEXT(2) 
PARAMETRIC_REPRESENTATION_CONTEXT() REPRESENTATION_CONTEXT('2D SPACE',''
  ) );
#1466 = ORIENTED_EDGE('',*,*,#1467,.T.);
#1467 = EDGE_CURVE('',#1444,#1468,#1470,.T.);
#1468 = VERTEX_POINT('',#1469);
#1469 = CARTESIAN_POINT('',(15.698156460982,40.999777697626,0.));
#1470 = SURFACE_CURVE('',#1471,(#1476,#1483),.PCURVE_S1.);
#1471 = CIRCLE('',#1472,43.90232212);
#1472 = AXIS2_PLACEMENT_3D('',#1473,#1474,#1475);
#1473 = CARTESIAN_POINT('',(0.,0.,0.));
#1474 = DIRECTION('',(0.,0.,1.));
#1475 = DIRECTION('',(1.,0.,-0.));
#1476 = PCURVE('',#100,#1477);
#1477 = DEFINITIONAL_REPRESENTATION('',(#1478),#1482);
#1478 = CIRCLE('',#1479,43.90232212);
#1479 = AXIS2_PLACEMENT_2D('',#1480,#1481);
#1480 = CARTESIAN_POINT('',(0.,0.));
#1481 = DIRECTION('',(1.,0.));
#1482 = ( GEOMETRIC_REPRESENTATION_CONTEXT(2) 
PARAMETRIC_REPRESENTATION_CONTEXT() REPRESENTATION_CONTEXT('2D SPACE',''
  ) );
#1483 = PCURVE('',#323,#1484);
#1484 = DEFINITIONAL_REPRESENTATION('',(#1485),#1489);
#1485 = LINE('',#1486,#1487);
#1486 = CARTESIAN_POINT('',(0.,0.));
#1487 = VECTOR('',#1488,1.);
#1488 = DIRECTION('',(1.,0.));
#1489 = ( GEOMETRIC_REPRESENTATION_CONTEXT(2) 
PARAMETRIC_REPRESENTATION_CONTEXT() REPRESENTATION_CONTEXT('2D SPACE',''
  ) );
#1490 = ORIENTED_EDGE('',*,*,#1491,.F.);
#1491 = EDGE_CURVE('',#1492,#1468,#1494,.T.);
#1492 = VERTEX_POINT('',#1493);
#1493 = CARTESIAN_POINT('',(11.398989320643,42.396661778919,0.));
#1494 = SURFACE_CURVE('',#1495,(#1500,#1507),.PCURVE_S1.);
#1495 = CIRCLE('',#1496,3.96);
#1496 = AXIS2_PLACEMENT_3D('',#1497,#1498,#1499);
#1497 = CARTESIAN_POINT('',(12.543765314028,38.605740001175,0.));
#1498 = DIRECTION('',(0.,-0.,1.));
#1499 = DIRECTION('',(0.309016994375,0.951056516295,0.));
#1500 = PCURVE('',#100,#1501);
#1501 = DEFINITIONAL_REPRESENTATION('',(#1502),#1506);
#1502 = CIRCLE('',#1503,3.96);
#1503 = AXIS2_PLACEMENT_2D('',#1504,#1505);
#1504 = CARTESIAN_POINT('',(12.543765314028,38.605740001175));
#1505 = DIRECTION('',(0.309016994375,0.951056516295));
#1506 = ( GEOMETRIC_REPRESENTATION_CONTEXT(2) 
PARAMETRIC_REPRESENTATION_CONTEXT() REPRESENTATION_CONTEXT('2D SPACE',''
  ) );
#1507 = PCURVE('',#352,#1508);
#1508 = DEFINITIONAL_REPRESENTATION('',(#1509),#1513);
#1509 = LINE('',#1510,#1511);
#1510 = CARTESIAN_POINT('',(0.,0.));
#1511 = VECTOR('',#1512,1.);
#1512 = DIRECTION('',(1.,0.));
#1513 = ( GEOMETRIC_REPRESENTATION_CONTEXT(2) 
PARAMETRIC_REPRESENTATION_CONTEXT() REPRESENTATION_CONTEXT('2D SPACE',''
  ) );
#1514 = ORIENTED_EDGE('',*,*,#1515,.T.);
#1515 = EDGE_CURVE('',#1492,#1516,#1518,.T.);
#1516 = VERTEX_POINT('',#1517);
#1517 = CARTESIAN_POINT('',(2.260205921876,43.84410287278,0.));
#1518 = SURFACE_CURVE('',#1519,(#1524,#1531),.PCURVE_S1.);
#1519 = CIRCLE('',#1520,43.90232212);
#1520 = AXIS2_PLACEMENT_3D('',#1521,#1522,#1523);
#1521 = CARTESIAN_POINT('',(0.,0.,0.));
#1522 = DIRECTION('',(0.,0.,1.));
#1523 = DIRECTION('',(1.,0.,-0.));
#1524 = PCURVE('',#100,#1525);
#1525 = DEFINITIONAL_REPRESENTATION('',(#1526),#1530);
#1526 = CIRCLE('',#1527,43.90232212);
#1527 = AXIS2_PLACEMENT_2D('',#1528,#1529);
#1528 = CARTESIAN_POINT('',(0.,0.));
#1529 = DIRECTION('',(1.,0.));
#1530 = ( GEOMETRIC_REPRESENTATION_CONTEXT(2) 
PARAMETRIC_REPRESENTATION_CONTEXT() REPRESENTATION_CONTEXT('2D SPACE',''
  ) );
#1531 = PCURVE('',#381,#1532);
#1532 = DEFINITIONAL_REPRESENTATION('',(#1533),#1537);
#1533 = LINE('',#1534,#1535);
#1534 = CARTESIAN_POINT('',(0.,0.));
#1535 = VECTOR('',#1536,1.);
#1536 = DIRECTION('',(1.,0.));
#1537 = ( GEOMETRIC_REPRESENTATION_CONTEXT(2) 
PARAMETRIC_REPRESENTATION_CONTEXT() REPRESENTATION_CONTEXT('2D SPACE',''
  ) );
#1538 = ORIENTED_EDGE('',*,*,#1539,.F.);
#1539 = EDGE_CURVE('',#1540,#1516,#1542,.T.);
#1540 = VERTEX_POINT('',#1541);
#1541 = CARTESIAN_POINT('',(-2.260205921876,43.84410287278,0.));
#1542 = SURFACE_CURVE('',#1543,(#1548,#1555),.PCURVE_S1.);
#1543 = CIRCLE('',#1544,3.96);
#1544 = AXIS2_PLACEMENT_3D('',#1545,#1546,#1547);
#1545 = CARTESIAN_POINT('',(4.506670286952E-15,40.59247725,0.));
#1546 = DIRECTION('',(0.,-0.,1.));
#1547 = DIRECTION('',(1.110223024625E-16,1.,0.));
#1548 = PCURVE('',#100,#1549);
#1549 = DEFINITIONAL_REPRESENTATION('',(#1550),#1554);
#1550 = CIRCLE('',#1551,3.96);
#1551 = AXIS2_PLACEMENT_2D('',#1552,#1553);
#1552 = CARTESIAN_POINT('',(4.506670286952E-15,40.59247725));
#1553 = DIRECTION('',(1.110223024625E-16,1.));
#1554 = ( GEOMETRIC_REPRESENTATION_CONTEXT(2) 
PARAMETRIC_REPRESENTATION_CONTEXT() REPRESENTATION_CONTEXT('2D SPACE',''
  ) );
#1555 = PCURVE('',#410,#1556);
#1556 = DEFINITIONAL_REPRESENTATION('',(#1557),#1561);
#1557 = LINE('',#1558,#1559);
#1558 = CARTESIAN_POINT('',(0.,0.));
#1559 = VECTOR('',#1560,1.);
#1560 = DIRECTION('',(1.,0.));
#1561 = ( GEOMETRIC_REPRESENTATION_CONTEXT(2) 
PARAMETRIC_REPRESENTATION_CONTEXT() REPRESENTATION_CONTEXT('2D SPACE',''
  ) );
#1562 = ORIENTED_EDGE('',*,*,#1563,.T.);
#1563 = EDGE_CURVE('',#1540,#1564,#1566,.T.);
#1564 = VERTEX_POINT('',#1565);
#1565 = CARTESIAN_POINT('',(-11.39898932064,42.396661778919,0.));
#1566 = SURFACE_CURVE('',#1567,(#1572,#1579),.PCURVE_S1.);
#1567 = CIRCLE('',#1568,43.90232212);
#1568 = AXIS2_PLACEMENT_3D('',#1569,#1570,#1571);
#1569 = CARTESIAN_POINT('',(0.,0.,0.));
#1570 = DIRECTION('',(0.,0.,1.));
#1571 = DIRECTION('',(1.,0.,-0.));
#1572 = PCURVE('',#100,#1573);
#1573 = DEFINITIONAL_REPRESENTATION('',(#1574),#1578);
#1574 = CIRCLE('',#1575,43.90232212);
#1575 = AXIS2_PLACEMENT_2D('',#1576,#1577);
#1576 = CARTESIAN_POINT('',(0.,0.));
#1577 = DIRECTION('',(1.,0.));
#1578 = ( GEOMETRIC_REPRESENTATION_CONTEXT(2) 
PARAMETRIC_REPRESENTATION_CONTEXT() REPRESENTATION_CONTEXT('2D SPACE',''
  ) );
#1579 = PCURVE('',#439,#1580);
#1580 = DEFINITIONAL_REPRESENTATION('',(#1581),#1585);
#1581 = LINE('',#1582,#1583);
#1582 = CARTESIAN_POINT('',(0.,0.));
#1583 = VECTOR('',#1584,1.);
#1584 = DIRECTION('',(1.,0.));
#1585 = ( GEOMETRIC_REPRESENTATION_CONTEXT(2) 
PARAMETRIC_REPRESENTATION_CONTEXT() REPRESENTATION_CONTEXT('2D SPACE',''
  ) );
#1586 = ORIENTED_EDGE('',*,*,#1587,.F.);
#1587 = EDGE_CURVE('',#1588,#1564,#1590,.T.);
#1588 = VERTEX_POINT('',#1589);
#1589 = CARTESIAN_POINT('',(-15.69815646098,40.999777697626,0.));
#1590 = SURFACE_CURVE('',#1591,(#1596,#1603),.PCURVE_S1.);
#1591 = CIRCLE('',#1592,3.96);
#1592 = AXIS2_PLACEMENT_3D('',#1593,#1594,#1595);
#1593 = CARTESIAN_POINT('',(-12.54376531402,38.605740001175,0.));
#1594 = DIRECTION('',(0.,0.,1.));
#1595 = DIRECTION('',(-0.309016994375,0.951056516295,0.));
#1596 = PCURVE('',#100,#1597);
#1597 = DEFINITIONAL_REPRESENTATION('',(#1598),#1602);
#1598 = CIRCLE('',#1599,3.96);
#1599 = AXIS2_PLACEMENT_2D('',#1600,#1601);
#1600 = CARTESIAN_POINT('',(-12.54376531402,38.605740001175));
#1601 = DIRECTION('',(-0.309016994375,0.951056516295));
#1602 = ( GEOMETRIC_REPRESENTATION_CONTEXT(2) 
PARAMETRIC_REPRESENTATION_CONTEXT() REPRESENTATION_CONTEXT('2D SPACE',''
  ) );
#1603 = PCURVE('',#468,#1604);
#1604 = DEFINITIONAL_REPRESENTATION('',(#1605),#1609);
#1605 = LINE('',#1606,#1607);
#1606 = CARTESIAN_POINT('',(0.,0.));
#1607 = VECTOR('',#1608,1.);
#1608 = DIRECTION('',(1.,0.));
#1609 = ( GEOMETRIC_REPRESENTATION_CONTEXT(2) 
PARAMETRIC_REPRESENTATION_CONTEXT() REPRESENTATION_CONTEXT('2D SPACE',''
  ) );
#1610 = ORIENTED_EDGE('',*,*,#1611,.T.);
#1611 = EDGE_CURVE('',#1588,#1612,#1614,.T.);
#1612 = VERTEX_POINT('',#1613);
#1613 = CARTESIAN_POINT('',(-23.94237206702,36.799140035225,0.));
#1614 = SURFACE_CURVE('',#1615,(#1620,#1627),.PCURVE_S1.);
#1615 = CIRCLE('',#1616,43.90232212);
#1616 = AXIS2_PLACEMENT_3D('',#1617,#1618,#1619);
#1617 = CARTESIAN_POINT('',(0.,0.,0.));
#1618 = DIRECTION('',(0.,0.,1.));
#1619 = DIRECTION('',(1.,0.,-0.));
#1620 = PCURVE('',#100,#1621);
#1621 = DEFINITIONAL_REPRESENTATION('',(#1622),#1626);
#1622 = CIRCLE('',#1623,43.90232212);
#1623 = AXIS2_PLACEMENT_2D('',#1624,#1625);
#1624 = CARTESIAN_POINT('',(0.,0.));
#1625 = DIRECTION('',(1.,0.));
#1626 = ( GEOMETRIC_REPRESENTATION_CONTEXT(2) 
PARAMETRIC_REPRESENTATION_CONTEXT() REPRESENTATION_CONTEXT('2D SPACE',''
  ) );
#1627 = PCURVE('',#497,#1628);
#1628 = DEFINITIONAL_REPRESENTATION('',(#1629),#1633);
#1629 = LINE('',#1630,#1631);
#1630 = CARTESIAN_POINT('',(0.,0.));
#1631 = VECTOR('',#1632,1.);
#1632 = DIRECTION('',(1.,0.));
#1633 = ( GEOMETRIC_REPRESENTATION_CONTEXT(2) 
PARAMETRIC_REPRESENTATION_CONTEXT() REPRESENTATION_CONTEXT('2D SPACE',''
  ) );
#1634 = ORIENTED_EDGE('',*,*,#1635,.F.);
#1635 = EDGE_CURVE('',#1636,#1612,#1638,.T.);
#1636 = VERTEX_POINT('',#1637);
#1637 = CARTESIAN_POINT('',(-27.59946207019,34.14210861918,0.));
#1638 = SURFACE_CURVE('',#1639,(#1644,#1651),.PCURVE_S1.);
#1639 = CIRCLE('',#1640,3.96);
#1640 = AXIS2_PLACEMENT_3D('',#1641,#1642,#1643);
#1641 = CARTESIAN_POINT('',(-23.85965948156,32.840003939028,0.));
#1642 = DIRECTION('',(0.,0.,1.));
#1643 = DIRECTION('',(-0.587785252292,0.809016994375,0.));
#1644 = PCURVE('',#100,#1645);
#1645 = DEFINITIONAL_REPRESENTATION('',(#1646),#1650);
#1646 = CIRCLE('',#1647,3.96);
#1647 = AXIS2_PLACEMENT_2D('',#1648,#1649);
#1648 = CARTESIAN_POINT('',(-23.85965948156,32.840003939028));
#1649 = DIRECTION('',(-0.587785252292,0.809016994375));
#1650 = ( GEOMETRIC_REPRESENTATION_CONTEXT(2) 
PARAMETRIC_REPRESENTATION_CONTEXT() REPRESENTATION_CONTEXT('2D SPACE',''
  ) );
#1651 = PCURVE('',#526,#1652);
#1652 = DEFINITIONAL_REPRESENTATION('',(#1653),#1657);
#1653 = LINE('',#1654,#1655);
#1654 = CARTESIAN_POINT('',(0.,0.));
#1655 = VECTOR('',#1656,1.);
#1656 = DIRECTION('',(1.,0.));
#1657 = ( GEOMETRIC_REPRESENTATION_CONTEXT(2) 
PARAMETRIC_REPRESENTATION_CONTEXT() REPRESENTATION_CONTEXT('2D SPACE',''
  ) );
#1658 = ORIENTED_EDGE('',*,*,#1659,.T.);
#1659 = EDGE_CURVE('',#1636,#1660,#1662,.T.);
#1660 = VERTEX_POINT('',#1661);
#1661 = CARTESIAN_POINT('',(-34.14210861917,27.599462070199,0.));
#1662 = SURFACE_CURVE('',#1663,(#1668,#1675),.PCURVE_S1.);
#1663 = CIRCLE('',#1664,43.90232212);
#1664 = AXIS2_PLACEMENT_3D('',#1665,#1666,#1667);
#1665 = CARTESIAN_POINT('',(0.,0.,0.));
#1666 = DIRECTION('',(0.,0.,1.));
#1667 = DIRECTION('',(1.,0.,-0.));
#1668 = PCURVE('',#100,#1669);
#1669 = DEFINITIONAL_REPRESENTATION('',(#1670),#1674);
#1670 = CIRCLE('',#1671,43.90232212);
#1671 = AXIS2_PLACEMENT_2D('',#1672,#1673);
#1672 = CARTESIAN_POINT('',(0.,0.));
#1673 = DIRECTION('',(1.,0.));
#1674 = ( GEOMETRIC_REPRESENTATION_CONTEXT(2) 
PARAMETRIC_REPRESENTATION_CONTEXT() REPRESENTATION_CONTEXT('2D SPACE',''
  ) );
#1675 = PCURVE('',#555,#1676);
#1676 = DEFINITIONAL_REPRESENTATION('',(#1677),#1681);
#1677 = LINE('',#1678,#1679);
#1678 = CARTESIAN_POINT('',(0.,0.));
#1679 = VECTOR('',#1680,1.);
#1680 = DIRECTION('',(1.,0.));
#1681 = ( GEOMETRIC_REPRESENTATION_CONTEXT(2) 
PARAMETRIC_REPRESENTATION_CONTEXT() REPRESENTATION_CONTEXT('2D SPACE',''
  ) );
#1682 = ORIENTED_EDGE('',*,*,#1683,.F.);
#1683 = EDGE_CURVE('',#1684,#1660,#1686,.T.);
#1684 = VERTEX_POINT('',#1685);
#1685 = CARTESIAN_POINT('',(-36.79914003522,23.942372067029,0.));
#1686 = SURFACE_CURVE('',#1687,(#1692,#1699),.PCURVE_S1.);
#1687 = CIRCLE('',#1688,3.96);
#1688 = AXIS2_PLACEMENT_3D('',#1689,#1690,#1691);
#1689 = CARTESIAN_POINT('',(-32.84000393902,23.859659481568,0.));
#1690 = DIRECTION('',(0.,0.,1.));
#1691 = DIRECTION('',(-0.809016994375,0.587785252292,0.));
#1692 = PCURVE('',#100,#1693);
#1693 = DEFINITIONAL_REPRESENTATION('',(#1694),#1698);
#1694 = CIRCLE('',#1695,3.96);
#1695 = AXIS2_PLACEMENT_2D('',#1696,#1697);
#1696 = CARTESIAN_POINT('',(-32.84000393902,23.859659481568));
#1697 = DIRECTION('',(-0.809016994375,0.587785252292));
#1698 = ( GEOMETRIC_REPRESENTATION_CONTEXT(2) 
PARAMETRIC_REPRESENTATION_CONTEXT() REPRESENTATION_CONTEXT('2D SPACE',''
  ) );
#1699 = PCURVE('',#584,#1700);
#1700 = DEFINITIONAL_REPRESENTATION('',(#1701),#1705);
#1701 = LINE('',#1702,#1703);
#1702 = CARTESIAN_POINT('',(0.,0.));
#1703 = VECTOR('',#1704,1.);
#1704 = DIRECTION('',(1.,0.));
#1705 = ( GEOMETRIC_REPRESENTATION_CONTEXT(2) 
PARAMETRIC_REPRESENTATION_CONTEXT() REPRESENTATION_CONTEXT('2D SPACE',''
  ) );
#1706 = ORIENTED_EDGE('',*,*,#1707,.T.);
#1707 = EDGE_CURVE('',#1684,#1708,#1710,.T.);
#1708 = VERTEX_POINT('',#1709);
#1709 = CARTESIAN_POINT('',(-40.99977769762,15.698156460982,0.));
#1710 = SURFACE_CURVE('',#1711,(#1716,#1723),.PCURVE_S1.);
#1711 = CIRCLE('',#1712,43.90232212);
#1712 = AXIS2_PLACEMENT_3D('',#1713,#1714,#1715);
#1713 = CARTESIAN_POINT('',(0.,0.,0.));
#1714 = DIRECTION('',(0.,0.,1.));
#1715 = DIRECTION('',(1.,0.,-0.));
#1716 = PCURVE('',#100,#1717);
#1717 = DEFINITIONAL_REPRESENTATION('',(#1718),#1722);
#1718 = CIRCLE('',#1719,43.90232212);
#1719 = AXIS2_PLACEMENT_2D('',#1720,#1721);
#1720 = CARTESIAN_POINT('',(0.,0.));
#1721 = DIRECTION('',(1.,0.));
#1722 = ( GEOMETRIC_REPRESENTATION_CONTEXT(2) 
PARAMETRIC_REPRESENTATION_CONTEXT() REPRESENTATION_CONTEXT('2D SPACE',''
  ) );
#1723 = PCURVE('',#613,#1724);
#1724 = DEFINITIONAL_REPRESENTATION('',(#1725),#1729);
#1725 = LINE('',#1726,#1727);
#1726 = CARTESIAN_POINT('',(0.,0.));
#1727 = VECTOR('',#1728,1.);
#1728 = DIRECTION('',(1.,0.));
#1729 = ( GEOMETRIC_REPRESENTATION_CONTEXT(2) 
PARAMETRIC_REPRESENTATION_CONTEXT() REPRESENTATION_CONTEXT('2D SPACE',''
  ) );
#1730 = ORIENTED_EDGE('',*,*,#1731,.F.);
#1731 = EDGE_CURVE('',#1732,#1708,#1734,.T.);
#1732 = VERTEX_POINT('',#1733);
#1733 = CARTESIAN_POINT('',(-42.39666177891,11.398989320643,0.));
#1734 = SURFACE_CURVE('',#1735,(#1740,#1747),.PCURVE_S1.);
#1735 = CIRCLE('',#1736,3.96);
#1736 = AXIS2_PLACEMENT_3D('',#1737,#1738,#1739);
#1737 = CARTESIAN_POINT('',(-38.60574000117,12.543765314028,0.));
#1738 = DIRECTION('',(0.,0.,1.));
#1739 = DIRECTION('',(-0.951056516295,0.309016994375,0.));
#1740 = PCURVE('',#100,#1741);
#1741 = DEFINITIONAL_REPRESENTATION('',(#1742),#1746);
#1742 = CIRCLE('',#1743,3.96);
#1743 = AXIS2_PLACEMENT_2D('',#1744,#1745);
#1744 = CARTESIAN_POINT('',(-38.60574000117,12.543765314028));
#1745 = DIRECTION('',(-0.951056516295,0.309016994375));
#1746 = ( GEOMETRIC_REPRESENTATION_CONTEXT(2) 
PARAMETRIC_REPRESENTATION_CONTEXT() REPRESENTATION_CONTEXT('2D SPACE',''
  ) );
#1747 = PCURVE('',#642,#1748);
#1748 = DEFINITIONAL_REPRESENTATION('',(#1749),#1753);
#1749 = LINE('',#1750,#1751);
#1750 = CARTESIAN_POINT('',(0.,0.));
#1751 = VECTOR('',#1752,1.);
#1752 = DIRECTION('',(1.,0.));
#1753 = ( GEOMETRIC_REPRESENTATION_CONTEXT(2) 
PARAMETRIC_REPRESENTATION_CONTEXT() REPRESENTATION_CONTEXT('2D SPACE',''
  ) );
#1754 = ORIENTED_EDGE('',*,*,#1755,.T.);
#1755 = EDGE_CURVE('',#1732,#1756,#1758,.T.);
#1756 = VERTEX_POINT('',#1757);
#1757 = CARTESIAN_POINT('',(-43.84410287278,2.260205921876,0.));
#1758 = SURFACE_CURVE('',#1759,(#1764,#1771),.PCURVE_S1.);
#1759 = CIRCLE('',#1760,43.90232212);
#1760 = AXIS2_PLACEMENT_3D('',#1761,#1762,#1763);
#1761 = CARTESIAN_POINT('',(0.,0.,0.));
#1762 = DIRECTION('',(0.,0.,1.));
#1763 = DIRECTION('',(1.,0.,-0.));
#1764 = PCURVE('',#100,#1765);
#1765 = DEFINITIONAL_REPRESENTATION('',(#1766),#1770);
#1766 = CIRCLE('',#1767,43.90232212);
#1767 = AXIS2_PLACEMENT_2D('',#1768,#1769);
#1768 = CARTESIAN_POINT('',(0.,0.));
#1769 = DIRECTION('',(1.,0.));
#1770 = ( GEOMETRIC_REPRESENTATION_CONTEXT(2) 
PARAMETRIC_REPRESENTATION_CONTEXT() REPRESENTATION_CONTEXT('2D SPACE',''
  ) );
#1771 = PCURVE('',#671,#1772);
#1772 = DEFINITIONAL_REPRESENTATION('',(#1773),#1777);
#1773 = LINE('',#1774,#1775);
#1774 = CARTESIAN_POINT('',(0.,0.));
#1775 = VECTOR('',#1776,1.);
#1776 = DIRECTION('',(1.,0.));
#1777 = ( GEOMETRIC_REPRESENTATION_CONTEXT(2) 
PARAMETRIC_REPRESENTATION_CONTEXT() REPRESENTATION_CONTEXT('2D SPACE',''
  ) );
#1778 = ORIENTED_EDGE('',*,*,#1779,.F.);
#1779 = EDGE_CURVE('',#1780,#1756,#1782,.T.);
#1780 = VERTEX_POINT('',#1781);
#1781 = CARTESIAN_POINT('',(-43.84410287278,-2.260205921876,0.));
#1782 = SURFACE_CURVE('',#1783,(#1788,#1795),.PCURVE_S1.);
#1783 = CIRCLE('',#1784,3.96);
#1784 = AXIS2_PLACEMENT_3D('',#1785,#1786,#1787);
#1785 = CARTESIAN_POINT('',(-40.59247725,4.971144733367E-15,0.));
#1786 = DIRECTION('',(0.,0.,1.));
#1787 = DIRECTION('',(-1.,1.224646799147E-16,0.));
#1788 = PCURVE('',#100,#1789);
#1789 = DEFINITIONAL_REPRESENTATION('',(#1790),#1794);
#1790 = CIRCLE('',#1791,3.96);
#1791 = AXIS2_PLACEMENT_2D('',#1792,#1793);
#1792 = CARTESIAN_POINT('',(-40.59247725,4.971144733367E-15));
#1793 = DIRECTION('',(-1.,1.224646799147E-16));
#1794 = ( GEOMETRIC_REPRESENTATION_CONTEXT(2) 
PARAMETRIC_REPRESENTATION_CONTEXT() REPRESENTATION_CONTEXT('2D SPACE',''
  ) );
#1795 = PCURVE('',#700,#1796);
#1796 = DEFINITIONAL_REPRESENTATION('',(#1797),#1801);
#1797 = LINE('',#1798,#1799);
#1798 = CARTESIAN_POINT('',(0.,0.));
#1799 = VECTOR('',#1800,1.);
#1800 = DIRECTION('',(1.,0.));
#1801 = ( GEOMETRIC_REPRESENTATION_CONTEXT(2) 
PARAMETRIC_REPRESENTATION_CONTEXT() REPRESENTATION_CONTEXT('2D SPACE',''
  ) );
#1802 = ORIENTED_EDGE('',*,*,#1803,.T.);
#1803 = EDGE_CURVE('',#1780,#1804,#1806,.T.);
#1804 = VERTEX_POINT('',#1805);
#1805 = CARTESIAN_POINT('',(-42.39666177891,-11.39898932064,0.));
#1806 = SURFACE_CURVE('',#1807,(#1812,#1819),.PCURVE_S1.);
#1807 = CIRCLE('',#1808,43.90232212);
#1808 = AXIS2_PLACEMENT_3D('',#1809,#1810,#1811);
#1809 = CARTESIAN_POINT('',(0.,0.,0.));
#1810 = DIRECTION('',(0.,0.,1.));
#1811 = DIRECTION('',(1.,0.,-0.));
#1812 = PCURVE('',#100,#1813);
#1813 = DEFINITIONAL_REPRESENTATION('',(#1814),#1818);
#1814 = CIRCLE('',#1815,43.90232212);
#1815 = AXIS2_PLACEMENT_2D('',#1816,#1817);
#1816 = CARTESIAN_POINT('',(0.,0.));
#1817 = DIRECTION('',(1.,0.));
#1818 = ( GEOMETRIC_REPRESENTATION_CONTEXT(2) 
PARAMETRIC_REPRESENTATION_CONTEXT() REPRESENTATION_CONTEXT('2D SPACE',''
  ) );
#1819 = PCURVE('',#729,#1820);
#1820 = DEFINITIONAL_REPRESENTATION('',(#1821),#1825);
#1821 = LINE('',#1822,#1823);
#1822 = CARTESIAN_POINT('',(0.,0.));
#1823 = VECTOR('',#1824,1.);
#1824 = DIRECTION('',(1.,0.));
#1825 = ( GEOMETRIC_REPRESENTATION_CONTEXT(2) 
PARAMETRIC_REPRESENTATION_CONTEXT() REPRESENTATION_CONTEXT('2D SPACE',''
  ) );
#1826 = ORIENTED_EDGE('',*,*,#1827,.F.);
#1827 = EDGE_CURVE('',#1828,#1804,#1830,.T.);
#1828 = VERTEX_POINT('',#1829);
#1829 = CARTESIAN_POINT('',(-40.99977769762,-15.69815646098,0.));
#1830 = SURFACE_CURVE('',#1831,(#1836,#1843),.PCURVE_S1.);
#1831 = CIRCLE('',#1832,3.96);
#1832 = AXIS2_PLACEMENT_3D('',#1833,#1834,#1835);
#1833 = CARTESIAN_POINT('',(-38.60574000117,-12.54376531402,0.));
#1834 = DIRECTION('',(0.,0.,1.));
#1835 = DIRECTION('',(-0.951056516295,-0.309016994375,0.));
#1836 = PCURVE('',#100,#1837);
#1837 = DEFINITIONAL_REPRESENTATION('',(#1838),#1842);
#1838 = CIRCLE('',#1839,3.96);
#1839 = AXIS2_PLACEMENT_2D('',#1840,#1841);
#1840 = CARTESIAN_POINT('',(-38.60574000117,-12.54376531402));
#1841 = DIRECTION('',(-0.951056516295,-0.309016994375));
#1842 = ( GEOMETRIC_REPRESENTATION_CONTEXT(2) 
PARAMETRIC_REPRESENTATION_CONTEXT() REPRESENTATION_CONTEXT('2D SPACE',''
  ) );
#1843 = PCURVE('',#758,#1844);
#1844 = DEFINITIONAL_REPRESENTATION('',(#1845),#1849);
#1845 = LINE('',#1846,#1847);
#1846 = CARTESIAN_POINT('',(0.,0.));
#1847 = VECTOR('',#1848,1.);
#1848 = DIRECTION('',(1.,0.));
#1849 = ( GEOMETRIC_REPRESENTATION_CONTEXT(2) 
PARAMETRIC_REPRESENTATION_CONTEXT() REPRESENTATION_CONTEXT('2D SPACE',''
  ) );
#1850 = ORIENTED_EDGE('',*,*,#1851,.T.);
#1851 = EDGE_CURVE('',#1828,#1852,#1854,.T.);
#1852 = VERTEX_POINT('',#1853);
#1853 = CARTESIAN_POINT('',(-36.79914003522,-23.94237206702,0.));
#1854 = SURFACE_CURVE('',#1855,(#1860,#1867),.PCURVE_S1.);
#1855 = CIRCLE('',#1856,43.90232212);
#1856 = AXIS2_PLACEMENT_3D('',#1857,#1858,#1859);
#1857 = CARTESIAN_POINT('',(0.,0.,0.));
#1858 = DIRECTION('',(0.,0.,1.));
#1859 = DIRECTION('',(1.,0.,-0.));
#1860 = PCURVE('',#100,#1861);
#1861 = DEFINITIONAL_REPRESENTATION('',(#1862),#1866);
#1862 = CIRCLE('',#1863,43.90232212);
#1863 = AXIS2_PLACEMENT_2D('',#1864,#1865);
#1864 = CARTESIAN_POINT('',(0.,0.));
#1865 = DIRECTION('',(1.,0.));
#1866 = ( GEOMETRIC_REPRESENTATION_CONTEXT(2) 
PARAMETRIC_REPRESENTATION_CONTEXT() REPRESENTATION_CONTEXT('2D SPACE',''
  ) );
#1867 = PCURVE('',#787,#1868);
#1868 = DEFINITIONAL_REPRESENTATION('',(#1869),#1873);
#1869 = LINE('',#1870,#1871);
#1870 = CARTESIAN_POINT('',(0.,0.));
#1871 = VECTOR('',#1872,1.);
#1872 = DIRECTION('',(1.,0.));
#1873 = ( GEOMETRIC_REPRESENTATION_CONTEXT(2) 
PARAMETRIC_REPRESENTATION_CONTEXT() REPRESENTATION_CONTEXT('2D SPACE',''
  ) );
#1874 = ORIENTED_EDGE('',*,*,#1875,.F.);
#1875 = EDGE_CURVE('',#1876,#1852,#1878,.T.);
#1876 = VERTEX_POINT('',#1877);
#1877 = CARTESIAN_POINT('',(-34.14210861918,-27.59946207019,0.));
#1878 = SURFACE_CURVE('',#1879,(#1884,#1891),.PCURVE_S1.);
#1879 = CIRCLE('',#1880,3.96);
#1880 = AXIS2_PLACEMENT_3D('',#1881,#1882,#1883);
#1881 = CARTESIAN_POINT('',(-32.84000393902,-23.85965948156,0.));
#1882 = DIRECTION('',(0.,0.,1.));
#1883 = DIRECTION('',(-0.809016994375,-0.587785252292,0.));
#1884 = PCURVE('',#100,#1885);
#1885 = DEFINITIONAL_REPRESENTATION('',(#1886),#1890);
#1886 = CIRCLE('',#1887,3.96);
#1887 = AXIS2_PLACEMENT_2D('',#1888,#1889);
#1888 = CARTESIAN_POINT('',(-32.84000393902,-23.85965948156));
#1889 = DIRECTION('',(-0.809016994375,-0.587785252292));
#1890 = ( GEOMETRIC_REPRESENTATION_CONTEXT(2) 
PARAMETRIC_REPRESENTATION_CONTEXT() REPRESENTATION_CONTEXT('2D SPACE',''
  ) );
#1891 = PCURVE('',#816,#1892);
#1892 = DEFINITIONAL_REPRESENTATION('',(#1893),#1897);
#1893 = LINE('',#1894,#1895);
#1894 = CARTESIAN_POINT('',(0.,0.));
#1895 = VECTOR('',#1896,1.);
#1896 = DIRECTION('',(1.,0.));
#1897 = ( GEOMETRIC_REPRESENTATION_CONTEXT(2) 
PARAMETRIC_REPRESENTATION_CONTEXT() REPRESENTATION_CONTEXT('2D SPACE',''
  ) );
#1898 = ORIENTED_EDGE('',*,*,#1899,.T.);
#1899 = EDGE_CURVE('',#1876,#1900,#1902,.T.);
#1900 = VERTEX_POINT('',#1901);
#1901 = CARTESIAN_POINT('',(-27.59946207019,-34.14210861917,0.));
#1902 = SURFACE_CURVE('',#1903,(#1908,#1915),.PCURVE_S1.);
#1903 = CIRCLE('',#1904,43.90232212);
#1904 = AXIS2_PLACEMENT_3D('',#1905,#1906,#1907);
#1905 = CARTESIAN_POINT('',(0.,0.,0.));
#1906 = DIRECTION('',(0.,0.,1.));
#1907 = DIRECTION('',(1.,0.,-0.));
#1908 = PCURVE('',#100,#1909);
#1909 = DEFINITIONAL_REPRESENTATION('',(#1910),#1914);
#1910 = CIRCLE('',#1911,43.90232212);
#1911 = AXIS2_PLACEMENT_2D('',#1912,#1913);
#1912 = CARTESIAN_POINT('',(0.,0.));
#1913 = DIRECTION('',(1.,0.));
#1914 = ( GEOMETRIC_REPRESENTATION_CONTEXT(2) 
PARAMETRIC_REPRESENTATION_CONTEXT() REPRESENTATION_CONTEXT('2D SPACE',''
  ) );
#1915 = PCURVE('',#845,#1916);
#1916 = DEFINITIONAL_REPRESENTATION('',(#1917),#1921);
#1917 = LINE('',#1918,#1919);
#1918 = CARTESIAN_POINT('',(0.,0.));
#1919 = VECTOR('',#1920,1.);
#1920 = DIRECTION('',(1.,0.));
#1921 = ( GEOMETRIC_REPRESENTATION_CONTEXT(2) 
PARAMETRIC_REPRESENTATION_CONTEXT() REPRESENTATION_CONTEXT('2D SPACE',''
  ) );
#1922 = ORIENTED_EDGE('',*,*,#1923,.F.);
#1923 = EDGE_CURVE('',#1924,#1900,#1926,.T.);
#1924 = VERTEX_POINT('',#1925);
#1925 = CARTESIAN_POINT('',(-23.94237206702,-36.79914003522,0.));
#1926 = SURFACE_CURVE('',#1927,(#1932,#1939),.PCURVE_S1.);
#1927 = CIRCLE('',#1928,3.96);
#1928 = AXIS2_PLACEMENT_3D('',#1929,#1930,#1931);
#1929 = CARTESIAN_POINT('',(-23.85965948156,-32.84000393902,0.));
#1930 = DIRECTION('',(0.,0.,1.));
#1931 = DIRECTION('',(-0.587785252292,-0.809016994375,0.));
#1932 = PCURVE('',#100,#1933);
#1933 = DEFINITIONAL_REPRESENTATION('',(#1934),#1938);
#1934 = CIRCLE('',#1935,3.96);
#1935 = AXIS2_PLACEMENT_2D('',#1936,#1937);
#1936 = CARTESIAN_POINT('',(-23.85965948156,-32.84000393902));
#1937 = DIRECTION('',(-0.587785252292,-0.809016994375));
#1938 = ( GEOMETRIC_REPRESENTATION_CONTEXT(2) 
PARAMETRIC_REPRESENTATION_CONTEXT() REPRESENTATION_CONTEXT('2D SPACE',''
  ) );
#1939 = PCURVE('',#874,#1940);
#1940 = DEFINITIONAL_REPRESENTATION('',(#1941),#1945);
#1941 = LINE('',#1942,#1943);
#1942 = CARTESIAN_POINT('',(0.,0.));
#1943 = VECTOR('',#1944,1.);
#1944 = DIRECTION('',(1.,0.));
#1945 = ( GEOMETRIC_REPRESENTATION_CONTEXT(2) 
PARAMETRIC_REPRESENTATION_CONTEXT() REPRESENTATION_CONTEXT('2D SPACE',''
  ) );
#1946 = ORIENTED_EDGE('',*,*,#1947,.T.);
#1947 = EDGE_CURVE('',#1924,#1948,#1950,.T.);
#1948 = VERTEX_POINT('',#1949);
#1949 = CARTESIAN_POINT('',(-15.69815646098,-40.99977769762,0.));
#1950 = SURFACE_CURVE('',#1951,(#1956,#1963),.PCURVE_S1.);
#1951 = CIRCLE('',#1952,43.90232212);
#1952 = AXIS2_PLACEMENT_3D('',#1953,#1954,#1955);
#1953 = CARTESIAN_POINT('',(0.,0.,0.));
#1954 = DIRECTION('',(0.,0.,1.));
#1955 = DIRECTION('',(1.,0.,-0.));
#1956 = PCURVE('',#100,#1957);
#1957 = DEFINITIONAL_REPRESENTATION('',(#1958),#1962);
#1958 = CIRCLE('',#1959,43.90232212);
#1959 = AXIS2_PLACEMENT_2D('',#1960,#1961);
#1960 = CARTESIAN_POINT('',(0.,0.));
#1961 = DIRECTION('',(1.,0.));
#1962 = ( GEOMETRIC_REPRESENTATION_CONTEXT(2) 
PARAMETRIC_REPRESENTATION_CONTEXT() REPRESENTATION_CONTEXT('2D SPACE',''
  ) );
#1963 = PCURVE('',#903,#1964);
#1964 = DEFINITIONAL_REPRESENTATION('',(#1965),#1969);
#1965 = LINE('',#1966,#1967);
#1966 = CARTESIAN_POINT('',(0.,0.));
#1967 = VECTOR('',#1968,1.);
#1968 = DIRECTION('',(1.,0.));
#1969 = ( GEOMETRIC_REPRESENTATION_CONTEXT(2) 
PARAMETRIC_REPRESENTATION_CONTEXT() REPRESENTATION_CONTEXT('2D SPACE',''
  ) );
#1970 = ORIENTED_EDGE('',*,*,#1971,.F.);
#1971 = EDGE_CURVE('',#1972,#1948,#1974,.T.);
#1972 = VERTEX_POINT('',#1973);
#1973 = CARTESIAN_POINT('',(-11.39898932064,-42.39666177891,0.));
#1974 = SURFACE_CURVE('',#1975,(#1980,#1987),.PCURVE_S1.);
#1975 = CIRCLE('',#1976,3.96);
#1976 = AXIS2_PLACEMENT_3D('',#1977,#1978,#1979);
#1977 = CARTESIAN_POINT('',(-12.54376531402,-38.60574000117,0.));
#1978 = DIRECTION('',(0.,0.,1.));
#1979 = DIRECTION('',(-0.309016994375,-0.951056516295,0.));
#1980 = PCURVE('',#100,#1981);
#1981 = DEFINITIONAL_REPRESENTATION('',(#1982),#1986);
#1982 = CIRCLE('',#1983,3.96);
#1983 = AXIS2_PLACEMENT_2D('',#1984,#1985);
#1984 = CARTESIAN_POINT('',(-12.54376531402,-38.60574000117));
#1985 = DIRECTION('',(-0.309016994375,-0.951056516295));
#1986 = ( GEOMETRIC_REPRESENTATION_CONTEXT(2) 
PARAMETRIC_REPRESENTATION_CONTEXT() REPRESENTATION_CONTEXT('2D SPACE',''
  ) );
#1987 = PCURVE('',#932,#1988);
#1988 = DEFINITIONAL_REPRESENTATION('',(#1989),#1993);
#1989 = LINE('',#1990,#1991);
#1990 = CARTESIAN_POINT('',(0.,0.));
#1991 = VECTOR('',#1992,1.);
#1992 = DIRECTION('',(1.,0.));
#1993 = ( GEOMETRIC_REPRESENTATION_CONTEXT(2) 
PARAMETRIC_REPRESENTATION_CONTEXT() REPRESENTATION_CONTEXT('2D SPACE',''
  ) );
#1994 = ORIENTED_EDGE('',*,*,#1995,.T.);
#1995 = EDGE_CURVE('',#1972,#1996,#1998,.T.);
#1996 = VERTEX_POINT('',#1997);
#1997 = CARTESIAN_POINT('',(-2.260205921876,-43.84410287278,0.));
#1998 = SURFACE_CURVE('',#1999,(#2004,#2011),.PCURVE_S1.);
#1999 = CIRCLE('',#2000,43.90232212);
#2000 = AXIS2_PLACEMENT_3D('',#2001,#2002,#2003);
#2001 = CARTESIAN_POINT('',(0.,0.,0.));
#2002 = DIRECTION('',(0.,0.,1.));
#2003 = DIRECTION('',(1.,0.,-0.));
#2004 = PCURVE('',#100,#2005);
#2005 = DEFINITIONAL_REPRESENTATION('',(#2006),#2010);
#2006 = CIRCLE('',#2007,43.90232212);
#2007 = AXIS2_PLACEMENT_2D('',#2008,#2009);
#2008 = CARTESIAN_POINT('',(0.,0.));
#2009 = DIRECTION('',(1.,0.));
#2010 = ( GEOMETRIC_REPRESENTATION_CONTEXT(2) 
PARAMETRIC_REPRESENTATION_CONTEXT() REPRESENTATION_CONTEXT('2D SPACE',''
  ) );
#2011 = PCURVE('',#961,#2012);
#2012 = DEFINITIONAL_REPRESENTATION('',(#2013),#2017);
#2013 = LINE('',#2014,#2015);
#2014 = CARTESIAN_POINT('',(0.,0.));
#2015 = VECTOR('',#2016,1.);
#2016 = DIRECTION('',(1.,0.));
#2017 = ( GEOMETRIC_REPRESENTATION_CONTEXT(2) 
PARAMETRIC_REPRESENTATION_CONTEXT() REPRESENTATION_CONTEXT('2D SPACE',''
  ) );
#2018 = ORIENTED_EDGE('',*,*,#2019,.F.);
#2019 = EDGE_CURVE('',#2020,#1996,#2022,.T.);
#2020 = VERTEX_POINT('',#2021);
#2021 = CARTESIAN_POINT('',(2.260205921876,-43.84410287278,0.));
#2022 = SURFACE_CURVE('',#2023,(#2028,#2035),.PCURVE_S1.);
#2023 = CIRCLE('',#2024,3.96);
#2024 = AXIS2_PLACEMENT_3D('',#2025,#2026,#2027);
#2025 = CARTESIAN_POINT('',(-9.013340573905E-15,-40.59247725,0.));
#2026 = DIRECTION('',(0.,0.,1.));
#2027 = DIRECTION('',(-2.22044604925E-16,-1.,0.));
#2028 = PCURVE('',#100,#2029);
#2029 = DEFINITIONAL_REPRESENTATION('',(#2030),#2034);
#2030 = CIRCLE('',#2031,3.96);
#2031 = AXIS2_PLACEMENT_2D('',#2032,#2033);
#2032 = CARTESIAN_POINT('',(-9.013340573905E-15,-40.59247725));
#2033 = DIRECTION('',(-2.22044604925E-16,-1.));
#2034 = ( GEOMETRIC_REPRESENTATION_CONTEXT(2) 
PARAMETRIC_REPRESENTATION_CONTEXT() REPRESENTATION_CONTEXT('2D SPACE',''
  ) );
#2035 = PCURVE('',#990,#2036);
#2036 = DEFINITIONAL_REPRESENTATION('',(#2037),#2041);
#2037 = LINE('',#2038,#2039);
#2038 = CARTESIAN_POINT('',(0.,0.));
#2039 = VECTOR('',#2040,1.);
#2040 = DIRECTION('',(1.,0.));
#2041 = ( GEOMETRIC_REPRESENTATION_CONTEXT(2) 
PARAMETRIC_REPRESENTATION_CONTEXT() REPRESENTATION_CONTEXT('2D SPACE',''
  ) );
#2042 = ORIENTED_EDGE('',*,*,#2043,.T.);
#2043 = EDGE_CURVE('',#2020,#2044,#2046,.T.);
#2044 = VERTEX_POINT('',#2045);
#2045 = CARTESIAN_POINT('',(11.398989320643,-42.39666177891,0.));
#2046 = SURFACE_CURVE('',#2047,(#2052,#2059),.PCURVE_S1.);
#2047 = CIRCLE('',#2048,43.90232212);
#2048 = AXIS2_PLACEMENT_3D('',#2049,#2050,#2051);
#2049 = CARTESIAN_POINT('',(0.,0.,0.));
#2050 = DIRECTION('',(0.,0.,1.));
#2051 = DIRECTION('',(1.,0.,-0.));
#2052 = PCURVE('',#100,#2053);
#2053 = DEFINITIONAL_REPRESENTATION('',(#2054),#2058);
#2054 = CIRCLE('',#2055,43.90232212);
#2055 = AXIS2_PLACEMENT_2D('',#2056,#2057);
#2056 = CARTESIAN_POINT('',(0.,0.));
#2057 = DIRECTION('',(1.,0.));
#2058 = ( GEOMETRIC_REPRESENTATION_CONTEXT(2) 
PARAMETRIC_REPRESENTATION_CONTEXT() REPRESENTATION_CONTEXT('2D SPACE',''
  ) );
#2059 = PCURVE('',#1019,#2060);
#2060 = DEFINITIONAL_REPRESENTATION('',(#2061),#2065);
#2061 = LINE('',#2062,#2063);
#2062 = CARTESIAN_POINT('',(0.,0.));
#2063 = VECTOR('',#2064,1.);
#2064 = DIRECTION('',(1.,0.));
#2065 = ( GEOMETRIC_REPRESENTATION_CONTEXT(2) 
PARAMETRIC_REPRESENTATION_CONTEXT() REPRESENTATION_CONTEXT('2D SPACE',''
  ) );
#2066 = ORIENTED_EDGE('',*,*,#2067,.F.);
#2067 = EDGE_CURVE('',#2068,#2044,#2070,.T.);
#2068 = VERTEX_POINT('',#2069);
#2069 = CARTESIAN_POINT('',(15.698156460982,-40.99977769762,0.));
#2070 = SURFACE_CURVE('',#2071,(#2076,#2083),.PCURVE_S1.);
#2071 = CIRCLE('',#2072,3.96);
#2072 = AXIS2_PLACEMENT_3D('',#2073,#2074,#2075);
#2073 = CARTESIAN_POINT('',(12.543765314028,-38.60574000117,0.));
#2074 = DIRECTION('',(-0.,0.,1.));
#2075 = DIRECTION('',(0.309016994375,-0.951056516295,0.));
#2076 = PCURVE('',#100,#2077);
#2077 = DEFINITIONAL_REPRESENTATION('',(#2078),#2082);
#2078 = CIRCLE('',#2079,3.96);
#2079 = AXIS2_PLACEMENT_2D('',#2080,#2081);
#2080 = CARTESIAN_POINT('',(12.543765314028,-38.60574000117));
#2081 = DIRECTION('',(0.309016994375,-0.951056516295));
#2082 = ( GEOMETRIC_REPRESENTATION_CONTEXT(2) 
PARAMETRIC_REPRESENTATION_CONTEXT() REPRESENTATION_CONTEXT('2D SPACE',''
  ) );
#2083 = PCURVE('',#1048,#2084);
#2084 = DEFINITIONAL_REPRESENTATION('',(#2085),#2089);
#2085 = LINE('',#2086,#2087);
#2086 = CARTESIAN_POINT('',(0.,0.));
#2087 = VECTOR('',#2088,1.);
#2088 = DIRECTION('',(1.,0.));
#2089 = ( GEOMETRIC_REPRESENTATION_CONTEXT(2) 
PARAMETRIC_REPRESENTATION_CONTEXT() REPRESENTATION_CONTEXT('2D SPACE',''
  ) );
#2090 = ORIENTED_EDGE('',*,*,#2091,.T.);
#2091 = EDGE_CURVE('',#2068,#2092,#2094,.T.);
#2092 = VERTEX_POINT('',#2093);
#2093 = CARTESIAN_POINT('',(23.942372067029,-36.79914003522,0.));
#2094 = SURFACE_CURVE('',#2095,(#2100,#2107),.PCURVE_S1.);
#2095 = CIRCLE('',#2096,43.90232212);
#2096 = AXIS2_PLACEMENT_3D('',#2097,#2098,#2099);
#2097 = CARTESIAN_POINT('',(0.,0.,0.));
#2098 = DIRECTION('',(0.,0.,1.));
#2099 = DIRECTION('',(1.,0.,-0.));
#2100 = PCURVE('',#100,#2101);
#2101 = DEFINITIONAL_REPRESENTATION('',(#2102),#2106);
#2102 = CIRCLE('',#2103,43.90232212);
#2103 = AXIS2_PLACEMENT_2D('',#2104,#2105);
#2104 = CARTESIAN_POINT('',(0.,0.));
#2105 = DIRECTION('',(1.,0.));
#2106 = ( GEOMETRIC_REPRESENTATION_CONTEXT(2) 
PARAMETRIC_REPRESENTATION_CONTEXT() REPRESENTATION_CONTEXT('2D SPACE',''
  ) );
#2107 = PCURVE('',#1077,#2108);
#2108 = DEFINITIONAL_REPRESENTATION('',(#2109),#2113);
#2109 = LINE('',#2110,#2111);
#2110 = CARTESIAN_POINT('',(0.,0.));
#2111 = VECTOR('',#2112,1.);
#2112 = DIRECTION('',(1.,0.));
#2113 = ( GEOMETRIC_REPRESENTATION_CONTEXT(2) 
PARAMETRIC_REPRESENTATION_CONTEXT() REPRESENTATION_CONTEXT('2D SPACE',''
  ) );
#2114 = ORIENTED_EDGE('',*,*,#2115,.F.);
#2115 = EDGE_CURVE('',#2116,#2092,#2118,.T.);
#2116 = VERTEX_POINT('',#2117);
#2117 = CARTESIAN_POINT('',(27.599462070199,-34.14210861918,0.));
#2118 = SURFACE_CURVE('',#2119,(#2124,#2131),.PCURVE_S1.);
#2119 = CIRCLE('',#2120,3.96);
#2120 = AXIS2_PLACEMENT_3D('',#2121,#2122,#2123);
#2121 = CARTESIAN_POINT('',(23.859659481568,-32.84000393902,0.));
#2122 = DIRECTION('',(-0.,0.,1.));
#2123 = DIRECTION('',(0.587785252292,-0.809016994375,0.));
#2124 = PCURVE('',#100,#2125);
#2125 = DEFINITIONAL_REPRESENTATION('',(#2126),#2130);
#2126 = CIRCLE('',#2127,3.96);
#2127 = AXIS2_PLACEMENT_2D('',#2128,#2129);
#2128 = CARTESIAN_POINT('',(23.859659481568,-32.84000393902));
#2129 = DIRECTION('',(0.587785252292,-0.809016994375));
#2130 = ( GEOMETRIC_REPRESENTATION_CONTEXT(2) 
PARAMETRIC_REPRESENTATION_CONTEXT() REPRESENTATION_CONTEXT('2D SPACE',''
  ) );
#2131 = PCURVE('',#1106,#2132);
#2132 = DEFINITIONAL_REPRESENTATION('',(#2133),#2137);
#2133 = LINE('',#2134,#2135);
#2134 = CARTESIAN_POINT('',(0.,0.));
#2135 = VECTOR('',#2136,1.);
#2136 = DIRECTION('',(1.,0.));
#2137 = ( GEOMETRIC_REPRESENTATION_CONTEXT(2) 
PARAMETRIC_REPRESENTATION_CONTEXT() REPRESENTATION_CONTEXT('2D SPACE',''
  ) );
#2138 = ORIENTED_EDGE('',*,*,#2139,.T.);
#2139 = EDGE_CURVE('',#2116,#2140,#2142,.T.);
#2140 = VERTEX_POINT('',#2141);
#2141 = CARTESIAN_POINT('',(34.142108619179,-27.59946207019,0.));
#2142 = SURFACE_CURVE('',#2143,(#2148,#2155),.PCURVE_S1.);
#2143 = CIRCLE('',#2144,43.90232212);
#2144 = AXIS2_PLACEMENT_3D('',#2145,#2146,#2147);
#2145 = CARTESIAN_POINT('',(0.,0.,0.));
#2146 = DIRECTION('',(0.,0.,1.));
#2147 = DIRECTION('',(1.,0.,-0.));
#2148 = PCURVE('',#100,#2149);
#2149 = DEFINITIONAL_REPRESENTATION('',(#2150),#2154);
#2150 = CIRCLE('',#2151,43.90232212);
#2151 = AXIS2_PLACEMENT_2D('',#2152,#2153);
#2152 = CARTESIAN_POINT('',(0.,0.));
#2153 = DIRECTION('',(1.,0.));
#2154 = ( GEOMETRIC_REPRESENTATION_CONTEXT(2) 
PARAMETRIC_REPRESENTATION_CONTEXT() REPRESENTATION_CONTEXT('2D SPACE',''
  ) );
#2155 = PCURVE('',#1135,#2156);
#2156 = DEFINITIONAL_REPRESENTATION('',(#2157),#2161);
#2157 = LINE('',#2158,#2159);
#2158 = CARTESIAN_POINT('',(0.,0.));
#2159 = VECTOR('',#2160,1.);
#2160 = DIRECTION('',(1.,0.));
#2161 = ( GEOMETRIC_REPRESENTATION_CONTEXT(2) 
PARAMETRIC_REPRESENTATION_CONTEXT() REPRESENTATION_CONTEXT('2D SPACE',''
  ) );
#2162 = ORIENTED_EDGE('',*,*,#2163,.F.);
#2163 = EDGE_CURVE('',#2164,#2140,#2166,.T.);
#2164 = VERTEX_POINT('',#2165);
#2165 = CARTESIAN_POINT('',(36.799140035225,-23.94237206702,0.));
#2166 = SURFACE_CURVE('',#2167,(#2172,#2179),.PCURVE_S1.);
#2167 = CIRCLE('',#2168,3.96);
#2168 = AXIS2_PLACEMENT_3D('',#2169,#2170,#2171);
#2169 = CARTESIAN_POINT('',(32.840003939028,-23.85965948156,0.));
#2170 = DIRECTION('',(-0.,0.,1.));
#2171 = DIRECTION('',(0.809016994375,-0.587785252292,0.));
#2172 = PCURVE('',#100,#2173);
#2173 = DEFINITIONAL_REPRESENTATION('',(#2174),#2178);
#2174 = CIRCLE('',#2175,3.96);
#2175 = AXIS2_PLACEMENT_2D('',#2176,#2177);
#2176 = CARTESIAN_POINT('',(32.840003939028,-23.85965948156));
#2177 = DIRECTION('',(0.809016994375,-0.587785252292));
#2178 = ( GEOMETRIC_REPRESENTATION_CONTEXT(2) 
PARAMETRIC_REPRESENTATION_CONTEXT() REPRESENTATION_CONTEXT('2D SPACE',''
  ) );
#2179 = PCURVE('',#1164,#2180);
#2180 = DEFINITIONAL_REPRESENTATION('',(#2181),#2185);
#2181 = LINE('',#2182,#2183);
#2182 = CARTESIAN_POINT('',(0.,0.));
#2183 = VECTOR('',#2184,1.);
#2184 = DIRECTION('',(1.,0.));
#2185 = ( GEOMETRIC_REPRESENTATION_CONTEXT(2) 
PARAMETRIC_REPRESENTATION_CONTEXT() REPRESENTATION_CONTEXT('2D SPACE',''
  ) );
#2186 = ORIENTED_EDGE('',*,*,#2187,.T.);
#2187 = EDGE_CURVE('',#2164,#2188,#2190,.T.);
#2188 = VERTEX_POINT('',#2189);
#2189 = CARTESIAN_POINT('',(40.999777697626,-15.69815646098,0.));
#2190 = SURFACE_CURVE('',#2191,(#2196,#2203),.PCURVE_S1.);
#2191 = CIRCLE('',#2192,43.90232212);
#2192 = AXIS2_PLACEMENT_3D('',#2193,#2194,#2195);
#2193 = CARTESIAN_POINT('',(0.,0.,0.));
#2194 = DIRECTION('',(0.,0.,1.));
#2195 = DIRECTION('',(1.,0.,-0.));
#2196 = PCURVE('',#100,#2197);
#2197 = DEFINITIONAL_REPRESENTATION('',(#2198),#2202);
#2198 = CIRCLE('',#2199,43.90232212);
#2199 = AXIS2_PLACEMENT_2D('',#2200,#2201);
#2200 = CARTESIAN_POINT('',(0.,0.));
#2201 = DIRECTION('',(1.,0.));
#2202 = ( GEOMETRIC_REPRESENTATION_CONTEXT(2) 
PARAMETRIC_REPRESENTATION_CONTEXT() REPRESENTATION_CONTEXT('2D SPACE',''
  ) );
#2203 = PCURVE('',#1193,#2204);
#2204 = DEFINITIONAL_REPRESENTATION('',(#2205),#2209);
#2205 = LINE('',#2206,#2207);
#2206 = CARTESIAN_POINT('',(0.,0.));
#2207 = VECTOR('',#2208,1.);
#2208 = DIRECTION('',(1.,0.));
#2209 = ( GEOMETRIC_REPRESENTATION_CONTEXT(2) 
PARAMETRIC_REPRESENTATION_CONTEXT() REPRESENTATION_CONTEXT('2D SPACE',''
  ) );
#2210 = ORIENTED_EDGE('',*,*,#2211,.F.);
#2211 = EDGE_CURVE('',#2212,#2188,#2214,.T.);
#2212 = VERTEX_POINT('',#2213);
#2213 = CARTESIAN_POINT('',(42.396661778919,-11.39898932064,0.));
#2214 = SURFACE_CURVE('',#2215,(#2220,#2227),.PCURVE_S1.);
#2215 = CIRCLE('',#2216,3.96);
#2216 = AXIS2_PLACEMENT_3D('',#2217,#2218,#2219);
#2217 = CARTESIAN_POINT('',(38.605740001175,-12.54376531402,0.));
#2218 = DIRECTION('',(-0.,0.,1.));
#2219 = DIRECTION('',(0.951056516295,-0.309016994375,0.));
#2220 = PCURVE('',#100,#2221);
#2221 = DEFINITIONAL_REPRESENTATION('',(#2222),#2226);
#2222 = CIRCLE('',#2223,3.96);
#2223 = AXIS2_PLACEMENT_2D('',#2224,#2225);
#2224 = CARTESIAN_POINT('',(38.605740001175,-12.54376531402));
#2225 = DIRECTION('',(0.951056516295,-0.309016994375));
#2226 = ( GEOMETRIC_REPRESENTATION_CONTEXT(2) 
PARAMETRIC_REPRESENTATION_CONTEXT() REPRESENTATION_CONTEXT('2D SPACE',''
  ) );
#2227 = PCURVE('',#1222,#2228);
#2228 = DEFINITIONAL_REPRESENTATION('',(#2229),#2233);
#2229 = LINE('',#2230,#2231);
#2230 = CARTESIAN_POINT('',(0.,0.));
#2231 = VECTOR('',#2232,1.);
#2232 = DIRECTION('',(1.,0.));
#2233 = ( GEOMETRIC_REPRESENTATION_CONTEXT(2) 
PARAMETRIC_REPRESENTATION_CONTEXT() REPRESENTATION_CONTEXT('2D SPACE',''
  ) );
#2234 = ORIENTED_EDGE('',*,*,#2235,.T.);
#2235 = EDGE_CURVE('',#2212,#1346,#2236,.T.);
#2236 = SURFACE_CURVE('',#2237,(#2242,#2249),.PCURVE_S1.);
#2237 = CIRCLE('',#2238,43.90232212);
#2238 = AXIS2_PLACEMENT_3D('',#2239,#2240,#2241);
#2239 = CARTESIAN_POINT('',(0.,0.,0.));
#2240 = DIRECTION('',(0.,0.,1.));
#2241 = DIRECTION('',(1.,0.,-0.));
#2242 = PCURVE('',#100,#2243);
#2243 = DEFINITIONAL_REPRESENTATION('',(#2244),#2248);
#2244 = CIRCLE('',#2245,43.90232212);
#2245 = AXIS2_PLACEMENT_2D('',#2246,#2247);
#2246 = CARTESIAN_POINT('',(0.,0.));
#2247 = DIRECTION('',(1.,0.));
#2248 = ( GEOMETRIC_REPRESENTATION_CONTEXT(2) 
PARAMETRIC_REPRESENTATION_CONTEXT() REPRESENTATION_CONTEXT('2D SPACE',''
  ) );
#2249 = PCURVE('',#1249,#2250);
#2250 = DEFINITIONAL_REPRESENTATION('',(#2251),#2255);
#2251 = LINE('',#2252,#2253);
#2252 = CARTESIAN_POINT('',(0.,0.));
#2253 = VECTOR('',#2254,1.);
#2254 = DIRECTION('',(1.,0.));
#2255 = ( GEOMETRIC_REPRESENTATION_CONTEXT(2) 
PARAMETRIC_REPRESENTATION_CONTEXT() REPRESENTATION_CONTEXT('2D SPACE',''
  ) );
#2256 = FACE_BOUND('',#2257,.F.);
#2257 = EDGE_LOOP('',(#2258));
#2258 = ORIENTED_EDGE('',*,*,#2259,.F.);
#2259 = EDGE_CURVE('',#2260,#2260,#2262,.T.);
#2260 = VERTEX_POINT('',#2261);
#2261 = CARTESIAN_POINT('',(10.,-2.449293598295E-15,0.));
#2262 = SURFACE_CURVE('',#2263,(#2268,#2275),.PCURVE_S1.);
#2263 = CIRCLE('',#2264,10.);
#2264 = AXIS2_PLACEMENT_3D('',#2265,#2266,#2267);
#2265 = CARTESIAN_POINT('',(0.,0.,0.));
#2266 = DIRECTION('',(0.,0.,1.));
#2267 = DIRECTION('',(1.,0.,-0.));
#2268 = PCURVE('',#100,#2269);
#2269 = DEFINITIONAL_REPRESENTATION('',(#2270),#2274);
#2270 = CIRCLE('',#2271,10.);
#2271 = AXIS2_PLACEMENT_2D('',#2272,#2273);
#2272 = CARTESIAN_POINT('',(0.,0.));
#2273 = DIRECTION('',(1.,0.));
#2274 = ( GEOMETRIC_REPRESENTATION_CONTEXT(2) 
PARAMETRIC_REPRESENTATION_CONTEXT() REPRESENTATION_CONTEXT('2D SPACE',''
  ) );
#2275 = PCURVE('',#1280,#2276);
#2276 = DEFINITIONAL_REPRESENTATION('',(#2277),#2281);
#2277 = LINE('',#2278,#2279);
#2278 = CARTESIAN_POINT('',(0.,0.));
#2279 = VECTOR('',#2280,1.);
#2280 = DIRECTION('',(1.,0.));
#2281 = ( GEOMETRIC_REPRESENTATION_CONTEXT(2) 
PARAMETRIC_REPRESENTATION_CONTEXT() REPRESENTATION_CONTEXT('2D SPACE',''
  ) );
#2282 = ADVANCED_FACE('',(#2283),#72,.F.);
#2283 = FACE_BOUND('',#2284,.F.);
#2284 = EDGE_LOOP('',(#2285,#2286,#2287,#2288));
#2285 = ORIENTED_EDGE('',*,*,#141,.F.);
#2286 = ORIENTED_EDGE('',*,*,#57,.F.);
#2287 = ORIENTED_EDGE('',*,*,#1345,.T.);
#2288 = ORIENTED_EDGE('',*,*,#2289,.T.);
#2289 = EDGE_CURVE('',#1346,#142,#2290,.T.);
#2290 = SURFACE_CURVE('',#2291,(#2295,#2301),.PCURVE_S1.);
#2291 = LINE('',#2292,#2293);
#2292 = CARTESIAN_POINT('',(43.844102872781,-2.260205921875,0.));
#2293 = VECTOR('',#2294,1.);
#2294 = DIRECTION('',(0.,0.,1.));
#2295 = PCURVE('',#72,#2296);
#2296 = DEFINITIONAL_REPRESENTATION('',(#2297),#2300);
#2297 = B_SPLINE_CURVE_WITH_KNOTS('',1,(#2298,#2299),.UNSPECIFIED.,.F.,
  .F.,(2,2),(-6.E-07,8.0000006),.PIECEWISE_BEZIER_KNOTS.);
#2298 = CARTESIAN_POINT('',(5.675755312012,-6.E-07));
#2299 = CARTESIAN_POINT('',(5.675755312012,8.0000006));
#2300 = ( GEOMETRIC_REPRESENTATION_CONTEXT(2) 
PARAMETRIC_REPRESENTATION_CONTEXT() REPRESENTATION_CONTEXT('2D SPACE',''
  ) );
#2301 = PCURVE('',#1249,#2302);
#2302 = DEFINITIONAL_REPRESENTATION('',(#2303),#2306);
#2303 = B_SPLINE_CURVE_WITH_KNOTS('',1,(#2304,#2305),.UNSPECIFIED.,.F.,
  .F.,(2,2),(-6.E-07,8.0000006),.PIECEWISE_BEZIER_KNOTS.);
#2304 = CARTESIAN_POINT('',(6.231679932616,-6.E-07));
#2305 = CARTESIAN_POINT('',(6.231679932616,8.0000006));
#2306 = ( GEOMETRIC_REPRESENTATION_CONTEXT(2) 
PARAMETRIC_REPRESENTATION_CONTEXT() REPRESENTATION_CONTEXT('2D SPACE',''
  ) );
#2307 = ADVANCED_FACE('',(#2308),#1249,.T.);
#2308 = FACE_BOUND('',#2309,.T.);
#2309 = EDGE_LOOP('',(#2310,#2311,#2332,#2333));
#2310 = ORIENTED_EDGE('',*,*,#1234,.F.);
#2311 = ORIENTED_EDGE('',*,*,#2312,.F.);
#2312 = EDGE_CURVE('',#2212,#1206,#2313,.T.);
#2313 = SURFACE_CURVE('',#2314,(#2318,#2325),.PCURVE_S1.);
#2314 = LINE('',#2315,#2316);
#2315 = CARTESIAN_POINT('',(42.396661778919,-11.39898932064,0.));
#2316 = VECTOR('',#2317,1.);
#2317 = DIRECTION('',(0.,0.,1.));
#2318 = PCURVE('',#1249,#2319);
#2319 = DEFINITIONAL_REPRESENTATION('',(#2320),#2324);
#2320 = LINE('',#2321,#2322);
#2321 = CARTESIAN_POINT('',(6.020531416384,0.));
#2322 = VECTOR('',#2323,1.);
#2323 = DIRECTION('',(0.,1.));
#2324 = ( GEOMETRIC_REPRESENTATION_CONTEXT(2) 
PARAMETRIC_REPRESENTATION_CONTEXT() REPRESENTATION_CONTEXT('2D SPACE',''
  ) );
#2325 = PCURVE('',#1222,#2326);
#2326 = DEFINITIONAL_REPRESENTATION('',(#2327),#2331);
#2327 = LINE('',#2328,#2329);
#2328 = CARTESIAN_POINT('',(0.607429995168,0.));
#2329 = VECTOR('',#2330,1.);
#2330 = DIRECTION('',(0.,1.));
#2331 = ( GEOMETRIC_REPRESENTATION_CONTEXT(2) 
PARAMETRIC_REPRESENTATION_CONTEXT() REPRESENTATION_CONTEXT('2D SPACE',''
  ) );
#2332 = ORIENTED_EDGE('',*,*,#2235,.T.);
#2333 = ORIENTED_EDGE('',*,*,#2289,.T.);
#2334 = ADVANCED_FACE('',(#2335),#1222,.F.);
#2335 = FACE_BOUND('',#2336,.F.);
#2336 = EDGE_LOOP('',(#2337,#2338,#2339,#2340));
#2337 = ORIENTED_EDGE('',*,*,#1205,.F.);
#2338 = ORIENTED_EDGE('',*,*,#2312,.F.);
#2339 = ORIENTED_EDGE('',*,*,#2211,.T.);
#2340 = ORIENTED_EDGE('',*,*,#2341,.T.);
#2341 = EDGE_CURVE('',#2188,#1177,#2342,.T.);
#2342 = SURFACE_CURVE('',#2343,(#2347,#2354),.PCURVE_S1.);
#2343 = LINE('',#2344,#2345);
#2344 = CARTESIAN_POINT('',(40.999777697627,-15.69815646098,0.));
#2345 = VECTOR('',#2346,1.);
#2346 = DIRECTION('',(0.,0.,1.));
#2347 = PCURVE('',#1222,#2348);
#2348 = DEFINITIONAL_REPRESENTATION('',(#2349),#2353);
#2349 = LINE('',#2350,#2351);
#2350 = CARTESIAN_POINT('',(5.675755312012,0.));
#2351 = VECTOR('',#2352,1.);
#2352 = DIRECTION('',(0.,1.));
#2353 = ( GEOMETRIC_REPRESENTATION_CONTEXT(2) 
PARAMETRIC_REPRESENTATION_CONTEXT() REPRESENTATION_CONTEXT('2D SPACE',''
  ) );
#2354 = PCURVE('',#1193,#2355);
#2355 = DEFINITIONAL_REPRESENTATION('',(#2356),#2360);
#2356 = LINE('',#2357,#2358);
#2357 = CARTESIAN_POINT('',(5.917520667258,0.));
#2358 = VECTOR('',#2359,1.);
#2359 = DIRECTION('',(0.,1.));
#2360 = ( GEOMETRIC_REPRESENTATION_CONTEXT(2) 
PARAMETRIC_REPRESENTATION_CONTEXT() REPRESENTATION_CONTEXT('2D SPACE',''
  ) );
#2361 = ADVANCED_FACE('',(#2362),#1193,.T.);
#2362 = FACE_BOUND('',#2363,.T.);
#2363 = EDGE_LOOP('',(#2364,#2365,#2386,#2387));
#2364 = ORIENTED_EDGE('',*,*,#1176,.F.);
#2365 = ORIENTED_EDGE('',*,*,#2366,.F.);
#2366 = EDGE_CURVE('',#2164,#1148,#2367,.T.);
#2367 = SURFACE_CURVE('',#2368,(#2372,#2379),.PCURVE_S1.);
#2368 = LINE('',#2369,#2370);
#2369 = CARTESIAN_POINT('',(36.799140035225,-23.94237206703,0.));
#2370 = VECTOR('',#2371,1.);
#2371 = DIRECTION('',(0.,0.,1.));
#2372 = PCURVE('',#1193,#2373);
#2373 = DEFINITIONAL_REPRESENTATION('',(#2374),#2378);
#2374 = LINE('',#2375,#2376);
#2375 = CARTESIAN_POINT('',(5.706372151025,0.));
#2376 = VECTOR('',#2377,1.);
#2377 = DIRECTION('',(0.,1.));
#2378 = ( GEOMETRIC_REPRESENTATION_CONTEXT(2) 
PARAMETRIC_REPRESENTATION_CONTEXT() REPRESENTATION_CONTEXT('2D SPACE',''
  ) );
#2379 = PCURVE('',#1164,#2380);
#2380 = DEFINITIONAL_REPRESENTATION('',(#2381),#2385);
#2381 = LINE('',#2382,#2383);
#2382 = CARTESIAN_POINT('',(0.607429995168,0.));
#2383 = VECTOR('',#2384,1.);
#2384 = DIRECTION('',(0.,1.));
#2385 = ( GEOMETRIC_REPRESENTATION_CONTEXT(2) 
PARAMETRIC_REPRESENTATION_CONTEXT() REPRESENTATION_CONTEXT('2D SPACE',''
  ) );
#2386 = ORIENTED_EDGE('',*,*,#2187,.T.);
#2387 = ORIENTED_EDGE('',*,*,#2341,.T.);
#2388 = ADVANCED_FACE('',(#2389),#1164,.F.);
#2389 = FACE_BOUND('',#2390,.F.);
#2390 = EDGE_LOOP('',(#2391,#2392,#2393,#2394));
#2391 = ORIENTED_EDGE('',*,*,#1147,.F.);
#2392 = ORIENTED_EDGE('',*,*,#2366,.F.);
#2393 = ORIENTED_EDGE('',*,*,#2163,.T.);
#2394 = ORIENTED_EDGE('',*,*,#2395,.T.);
#2395 = EDGE_CURVE('',#2140,#1119,#2396,.T.);
#2396 = SURFACE_CURVE('',#2397,(#2401,#2408),.PCURVE_S1.);
#2397 = LINE('',#2398,#2399);
#2398 = CARTESIAN_POINT('',(34.142108619181,-27.59946207019,0.));
#2399 = VECTOR('',#2400,1.);
#2400 = DIRECTION('',(0.,0.,1.));
#2401 = PCURVE('',#1164,#2402);
#2402 = DEFINITIONAL_REPRESENTATION('',(#2403),#2407);
#2403 = LINE('',#2404,#2405);
#2404 = CARTESIAN_POINT('',(5.675755312012,0.));
#2405 = VECTOR('',#2406,1.);
#2406 = DIRECTION('',(0.,1.));
#2407 = ( GEOMETRIC_REPRESENTATION_CONTEXT(2) 
PARAMETRIC_REPRESENTATION_CONTEXT() REPRESENTATION_CONTEXT('2D SPACE',''
  ) );
#2408 = PCURVE('',#1135,#2409);
#2409 = DEFINITIONAL_REPRESENTATION('',(#2410),#2414);
#2410 = LINE('',#2411,#2412);
#2411 = CARTESIAN_POINT('',(5.603361401899,0.));
#2412 = VECTOR('',#2413,1.);
#2413 = DIRECTION('',(0.,1.));
#2414 = ( GEOMETRIC_REPRESENTATION_CONTEXT(2) 
PARAMETRIC_REPRESENTATION_CONTEXT() REPRESENTATION_CONTEXT('2D SPACE',''
  ) );
#2415 = ADVANCED_FACE('',(#2416),#1135,.T.);
#2416 = FACE_BOUND('',#2417,.T.);
#2417 = EDGE_LOOP('',(#2418,#2419,#2440,#2441));
#2418 = ORIENTED_EDGE('',*,*,#1118,.F.);
#2419 = ORIENTED_EDGE('',*,*,#2420,.F.);
#2420 = EDGE_CURVE('',#2116,#1090,#2421,.T.);
#2421 = SURFACE_CURVE('',#2422,(#2426,#2433),.PCURVE_S1.);
#2422 = LINE('',#2423,#2424);
#2423 = CARTESIAN_POINT('',(27.599462070198,-34.14210861918,0.));
#2424 = VECTOR('',#2425,1.);
#2425 = DIRECTION('',(0.,0.,1.));
#2426 = PCURVE('',#1135,#2427);
#2427 = DEFINITIONAL_REPRESENTATION('',(#2428),#2432);
#2428 = LINE('',#2429,#2430);
#2429 = CARTESIAN_POINT('',(5.392212885666,0.));
#2430 = VECTOR('',#2431,1.);
#2431 = DIRECTION('',(0.,1.));
#2432 = ( GEOMETRIC_REPRESENTATION_CONTEXT(2) 
PARAMETRIC_REPRESENTATION_CONTEXT() REPRESENTATION_CONTEXT('2D SPACE',''
  ) );
#2433 = PCURVE('',#1106,#2434);
#2434 = DEFINITIONAL_REPRESENTATION('',(#2435),#2439);
#2435 = LINE('',#2436,#2437);
#2436 = CARTESIAN_POINT('',(0.607429995168,0.));
#2437 = VECTOR('',#2438,1.);
#2438 = DIRECTION('',(0.,1.));
#2439 = ( GEOMETRIC_REPRESENTATION_CONTEXT(2) 
PARAMETRIC_REPRESENTATION_CONTEXT() REPRESENTATION_CONTEXT('2D SPACE',''
  ) );
#2440 = ORIENTED_EDGE('',*,*,#2139,.T.);
#2441 = ORIENTED_EDGE('',*,*,#2395,.T.);
#2442 = ADVANCED_FACE('',(#2443),#1106,.F.);
#2443 = FACE_BOUND('',#2444,.F.);
#2444 = EDGE_LOOP('',(#2445,#2446,#2447,#2448));
#2445 = ORIENTED_EDGE('',*,*,#1089,.F.);
#2446 = ORIENTED_EDGE('',*,*,#2420,.F.);
#2447 = ORIENTED_EDGE('',*,*,#2115,.T.);
#2448 = ORIENTED_EDGE('',*,*,#2449,.T.);
#2449 = EDGE_CURVE('',#2092,#1061,#2450,.T.);
#2450 = SURFACE_CURVE('',#2451,(#2455,#2462),.PCURVE_S1.);
#2451 = LINE('',#2452,#2453);
#2452 = CARTESIAN_POINT('',(23.942372067031,-36.79914003522,0.));
#2453 = VECTOR('',#2454,1.);
#2454 = DIRECTION('',(0.,0.,1.));
#2455 = PCURVE('',#1106,#2456);
#2456 = DEFINITIONAL_REPRESENTATION('',(#2457),#2461);
#2457 = LINE('',#2458,#2459);
#2458 = CARTESIAN_POINT('',(5.675755312012,0.));
#2459 = VECTOR('',#2460,1.);
#2460 = DIRECTION('',(0.,1.));
#2461 = ( GEOMETRIC_REPRESENTATION_CONTEXT(2) 
PARAMETRIC_REPRESENTATION_CONTEXT() REPRESENTATION_CONTEXT('2D SPACE',''
  ) );
#2462 = PCURVE('',#1077,#2463);
#2463 = DEFINITIONAL_REPRESENTATION('',(#2464),#2468);
#2464 = LINE('',#2465,#2466);
#2465 = CARTESIAN_POINT('',(5.28920213654,0.));
#2466 = VECTOR('',#2467,1.);
#2467 = DIRECTION('',(0.,1.));
#2468 = ( GEOMETRIC_REPRESENTATION_CONTEXT(2) 
PARAMETRIC_REPRESENTATION_CONTEXT() REPRESENTATION_CONTEXT('2D SPACE',''
  ) );
#2469 = ADVANCED_FACE('',(#2470),#1077,.T.);
#2470 = FACE_BOUND('',#2471,.T.);
#2471 = EDGE_LOOP('',(#2472,#2473,#2494,#2495));
#2472 = ORIENTED_EDGE('',*,*,#1060,.F.);
#2473 = ORIENTED_EDGE('',*,*,#2474,.F.);
#2474 = EDGE_CURVE('',#2068,#1032,#2475,.T.);
#2475 = SURFACE_CURVE('',#2476,(#2480,#2487),.PCURVE_S1.);
#2476 = LINE('',#2477,#2478);
#2477 = CARTESIAN_POINT('',(15.69815646098,-40.99977769762,0.));
#2478 = VECTOR('',#2479,1.);
#2479 = DIRECTION('',(0.,0.,1.));
#2480 = PCURVE('',#1077,#2481);
#2481 = DEFINITIONAL_REPRESENTATION('',(#2482),#2486);
#2482 = LINE('',#2483,#2484);
#2483 = CARTESIAN_POINT('',(5.078053620307,0.));
#2484 = VECTOR('',#2485,1.);
#2485 = DIRECTION('',(0.,1.));
#2486 = ( GEOMETRIC_REPRESENTATION_CONTEXT(2) 
PARAMETRIC_REPRESENTATION_CONTEXT() REPRESENTATION_CONTEXT('2D SPACE',''
  ) );
#2487 = PCURVE('',#1048,#2488);
#2488 = DEFINITIONAL_REPRESENTATION('',(#2489),#2493);
#2489 = LINE('',#2490,#2491);
#2490 = CARTESIAN_POINT('',(0.607429995168,0.));
#2491 = VECTOR('',#2492,1.);
#2492 = DIRECTION('',(0.,1.));
#2493 = ( GEOMETRIC_REPRESENTATION_CONTEXT(2) 
PARAMETRIC_REPRESENTATION_CONTEXT() REPRESENTATION_CONTEXT('2D SPACE',''
  ) );
#2494 = ORIENTED_EDGE('',*,*,#2091,.T.);
#2495 = ORIENTED_EDGE('',*,*,#2449,.T.);
#2496 = ADVANCED_FACE('',(#2497),#1048,.F.);
#2497 = FACE_BOUND('',#2498,.F.);
#2498 = EDGE_LOOP('',(#2499,#2500,#2501,#2502));
#2499 = ORIENTED_EDGE('',*,*,#1031,.F.);
#2500 = ORIENTED_EDGE('',*,*,#2474,.F.);
#2501 = ORIENTED_EDGE('',*,*,#2067,.T.);
#2502 = ORIENTED_EDGE('',*,*,#2503,.T.);
#2503 = EDGE_CURVE('',#2044,#1003,#2504,.T.);
#2504 = SURFACE_CURVE('',#2505,(#2509,#2516),.PCURVE_S1.);
#2505 = LINE('',#2506,#2507);
#2506 = CARTESIAN_POINT('',(11.398989320645,-42.39666177891,0.));
#2507 = VECTOR('',#2508,1.);
#2508 = DIRECTION('',(0.,0.,1.));
#2509 = PCURVE('',#1048,#2510);
#2510 = DEFINITIONAL_REPRESENTATION('',(#2511),#2515);
#2511 = LINE('',#2512,#2513);
#2512 = CARTESIAN_POINT('',(5.675755312012,0.));
#2513 = VECTOR('',#2514,1.);
#2514 = DIRECTION('',(0.,1.));
#2515 = ( GEOMETRIC_REPRESENTATION_CONTEXT(2) 
PARAMETRIC_REPRESENTATION_CONTEXT() REPRESENTATION_CONTEXT('2D SPACE',''
  ) );
#2516 = PCURVE('',#1019,#2517);
#2517 = DEFINITIONAL_REPRESENTATION('',(#2518),#2522);
#2518 = LINE('',#2519,#2520);
#2519 = CARTESIAN_POINT('',(4.975042871181,0.));
#2520 = VECTOR('',#2521,1.);
#2521 = DIRECTION('',(0.,1.));
#2522 = ( GEOMETRIC_REPRESENTATION_CONTEXT(2) 
PARAMETRIC_REPRESENTATION_CONTEXT() REPRESENTATION_CONTEXT('2D SPACE',''
  ) );
#2523 = ADVANCED_FACE('',(#2524),#1019,.T.);
#2524 = FACE_BOUND('',#2525,.T.);
#2525 = EDGE_LOOP('',(#2526,#2527,#2548,#2549));
#2526 = ORIENTED_EDGE('',*,*,#1002,.F.);
#2527 = ORIENTED_EDGE('',*,*,#2528,.F.);
#2528 = EDGE_CURVE('',#2020,#974,#2529,.T.);
#2529 = SURFACE_CURVE('',#2530,(#2534,#2541),.PCURVE_S1.);
#2530 = LINE('',#2531,#2532);
#2531 = CARTESIAN_POINT('',(2.260205921875,-43.84410287278,0.));
#2532 = VECTOR('',#2533,1.);
#2533 = DIRECTION('',(0.,0.,1.));
#2534 = PCURVE('',#1019,#2535);
#2535 = DEFINITIONAL_REPRESENTATION('',(#2536),#2540);
#2536 = LINE('',#2537,#2538);
#2537 = CARTESIAN_POINT('',(4.763894354948,0.));
#2538 = VECTOR('',#2539,1.);
#2539 = DIRECTION('',(0.,1.));
#2540 = ( GEOMETRIC_REPRESENTATION_CONTEXT(2) 
PARAMETRIC_REPRESENTATION_CONTEXT() REPRESENTATION_CONTEXT('2D SPACE',''
  ) );
#2541 = PCURVE('',#990,#2542);
#2542 = DEFINITIONAL_REPRESENTATION('',(#2543),#2547);
#2543 = LINE('',#2544,#2545);
#2544 = CARTESIAN_POINT('',(0.607429995168,0.));
#2545 = VECTOR('',#2546,1.);
#2546 = DIRECTION('',(0.,1.));
#2547 = ( GEOMETRIC_REPRESENTATION_CONTEXT(2) 
PARAMETRIC_REPRESENTATION_CONTEXT() REPRESENTATION_CONTEXT('2D SPACE',''
  ) );
#2548 = ORIENTED_EDGE('',*,*,#2043,.T.);
#2549 = ORIENTED_EDGE('',*,*,#2503,.T.);
#2550 = ADVANCED_FACE('',(#2551),#990,.F.);
#2551 = FACE_BOUND('',#2552,.F.);
#2552 = EDGE_LOOP('',(#2553,#2554,#2555,#2556));
#2553 = ORIENTED_EDGE('',*,*,#973,.F.);
#2554 = ORIENTED_EDGE('',*,*,#2528,.F.);
#2555 = ORIENTED_EDGE('',*,*,#2019,.T.);
#2556 = ORIENTED_EDGE('',*,*,#2557,.T.);
#2557 = EDGE_CURVE('',#1996,#945,#2558,.T.);
#2558 = SURFACE_CURVE('',#2559,(#2563,#2570),.PCURVE_S1.);
#2559 = LINE('',#2560,#2561);
#2560 = CARTESIAN_POINT('',(-2.260205921875,-43.84410287278,0.));
#2561 = VECTOR('',#2562,1.);
#2562 = DIRECTION('',(0.,0.,1.));
#2563 = PCURVE('',#990,#2564);
#2564 = DEFINITIONAL_REPRESENTATION('',(#2565),#2569);
#2565 = LINE('',#2566,#2567);
#2566 = CARTESIAN_POINT('',(5.675755312012,0.));
#2567 = VECTOR('',#2568,1.);
#2568 = DIRECTION('',(0.,1.));
#2569 = ( GEOMETRIC_REPRESENTATION_CONTEXT(2) 
PARAMETRIC_REPRESENTATION_CONTEXT() REPRESENTATION_CONTEXT('2D SPACE',''
  ) );
#2570 = PCURVE('',#961,#2571);
#2571 = DEFINITIONAL_REPRESENTATION('',(#2572),#2576);
#2572 = LINE('',#2573,#2574);
#2573 = CARTESIAN_POINT('',(4.660883605822,0.));
#2574 = VECTOR('',#2575,1.);
#2575 = DIRECTION('',(0.,1.));
#2576 = ( GEOMETRIC_REPRESENTATION_CONTEXT(2) 
PARAMETRIC_REPRESENTATION_CONTEXT() REPRESENTATION_CONTEXT('2D SPACE',''
  ) );
#2577 = ADVANCED_FACE('',(#2578),#961,.T.);
#2578 = FACE_BOUND('',#2579,.T.);
#2579 = EDGE_LOOP('',(#2580,#2581,#2602,#2603));
#2580 = ORIENTED_EDGE('',*,*,#944,.F.);
#2581 = ORIENTED_EDGE('',*,*,#2582,.F.);
#2582 = EDGE_CURVE('',#1972,#916,#2583,.T.);
#2583 = SURFACE_CURVE('',#2584,(#2588,#2595),.PCURVE_S1.);
#2584 = LINE('',#2585,#2586);
#2585 = CARTESIAN_POINT('',(-11.39898932064,-42.39666177891,0.));
#2586 = VECTOR('',#2587,1.);
#2587 = DIRECTION('',(0.,0.,1.));
#2588 = PCURVE('',#961,#2589);
#2589 = DEFINITIONAL_REPRESENTATION('',(#2590),#2594);
#2590 = LINE('',#2591,#2592);
#2591 = CARTESIAN_POINT('',(4.449735089589,0.));
#2592 = VECTOR('',#2593,1.);
#2593 = DIRECTION('',(0.,1.));
#2594 = ( GEOMETRIC_REPRESENTATION_CONTEXT(2) 
PARAMETRIC_REPRESENTATION_CONTEXT() REPRESENTATION_CONTEXT('2D SPACE',''
  ) );
#2595 = PCURVE('',#932,#2596);
#2596 = DEFINITIONAL_REPRESENTATION('',(#2597),#2601);
#2597 = LINE('',#2598,#2599);
#2598 = CARTESIAN_POINT('',(0.607429995168,0.));
#2599 = VECTOR('',#2600,1.);
#2600 = DIRECTION('',(0.,1.));
#2601 = ( GEOMETRIC_REPRESENTATION_CONTEXT(2) 
PARAMETRIC_REPRESENTATION_CONTEXT() REPRESENTATION_CONTEXT('2D SPACE',''
  ) );
#2602 = ORIENTED_EDGE('',*,*,#1995,.T.);
#2603 = ORIENTED_EDGE('',*,*,#2557,.T.);
#2604 = ADVANCED_FACE('',(#2605),#932,.F.);
#2605 = FACE_BOUND('',#2606,.F.);
#2606 = EDGE_LOOP('',(#2607,#2608,#2609,#2610));
#2607 = ORIENTED_EDGE('',*,*,#915,.F.);
#2608 = ORIENTED_EDGE('',*,*,#2582,.F.);
#2609 = ORIENTED_EDGE('',*,*,#1971,.T.);
#2610 = ORIENTED_EDGE('',*,*,#2611,.T.);
#2611 = EDGE_CURVE('',#1948,#887,#2612,.T.);
#2612 = SURFACE_CURVE('',#2613,(#2617,#2624),.PCURVE_S1.);
#2613 = LINE('',#2614,#2615);
#2614 = CARTESIAN_POINT('',(-15.69815646098,-40.99977769762,0.));
#2615 = VECTOR('',#2616,1.);
#2616 = DIRECTION('',(0.,0.,1.));
#2617 = PCURVE('',#932,#2618);
#2618 = DEFINITIONAL_REPRESENTATION('',(#2619),#2623);
#2619 = LINE('',#2620,#2621);
#2620 = CARTESIAN_POINT('',(5.675755312012,0.));
#2621 = VECTOR('',#2622,1.);
#2622 = DIRECTION('',(0.,1.));
#2623 = ( GEOMETRIC_REPRESENTATION_CONTEXT(2) 
PARAMETRIC_REPRESENTATION_CONTEXT() REPRESENTATION_CONTEXT('2D SPACE',''
  ) );
#2624 = PCURVE('',#903,#2625);
#2625 = DEFINITIONAL_REPRESENTATION('',(#2626),#2630);
#2626 = LINE('',#2627,#2628);
#2627 = CARTESIAN_POINT('',(4.346724340463,0.));
#2628 = VECTOR('',#2629,1.);
#2629 = DIRECTION('',(0.,1.));
#2630 = ( GEOMETRIC_REPRESENTATION_CONTEXT(2) 
PARAMETRIC_REPRESENTATION_CONTEXT() REPRESENTATION_CONTEXT('2D SPACE',''
  ) );
#2631 = ADVANCED_FACE('',(#2632),#903,.T.);
#2632 = FACE_BOUND('',#2633,.T.);
#2633 = EDGE_LOOP('',(#2634,#2635,#2656,#2657));
#2634 = ORIENTED_EDGE('',*,*,#886,.F.);
#2635 = ORIENTED_EDGE('',*,*,#2636,.F.);
#2636 = EDGE_CURVE('',#1924,#858,#2637,.T.);
#2637 = SURFACE_CURVE('',#2638,(#2642,#2649),.PCURVE_S1.);
#2638 = LINE('',#2639,#2640);
#2639 = CARTESIAN_POINT('',(-23.94237206703,-36.79914003522,0.));
#2640 = VECTOR('',#2641,1.);
#2641 = DIRECTION('',(0.,0.,1.));
#2642 = PCURVE('',#903,#2643);
#2643 = DEFINITIONAL_REPRESENTATION('',(#2644),#2648);
#2644 = LINE('',#2645,#2646);
#2645 = CARTESIAN_POINT('',(4.13557582423,0.));
#2646 = VECTOR('',#2647,1.);
#2647 = DIRECTION('',(0.,1.));
#2648 = ( GEOMETRIC_REPRESENTATION_CONTEXT(2) 
PARAMETRIC_REPRESENTATION_CONTEXT() REPRESENTATION_CONTEXT('2D SPACE',''
  ) );
#2649 = PCURVE('',#874,#2650);
#2650 = DEFINITIONAL_REPRESENTATION('',(#2651),#2655);
#2651 = LINE('',#2652,#2653);
#2652 = CARTESIAN_POINT('',(0.607429995168,0.));
#2653 = VECTOR('',#2654,1.);
#2654 = DIRECTION('',(0.,1.));
#2655 = ( GEOMETRIC_REPRESENTATION_CONTEXT(2) 
PARAMETRIC_REPRESENTATION_CONTEXT() REPRESENTATION_CONTEXT('2D SPACE',''
  ) );
#2656 = ORIENTED_EDGE('',*,*,#1947,.T.);
#2657 = ORIENTED_EDGE('',*,*,#2611,.T.);
#2658 = ADVANCED_FACE('',(#2659),#874,.F.);
#2659 = FACE_BOUND('',#2660,.F.);
#2660 = EDGE_LOOP('',(#2661,#2662,#2663,#2664));
#2661 = ORIENTED_EDGE('',*,*,#857,.F.);
#2662 = ORIENTED_EDGE('',*,*,#2636,.F.);
#2663 = ORIENTED_EDGE('',*,*,#1923,.T.);
#2664 = ORIENTED_EDGE('',*,*,#2665,.T.);
#2665 = EDGE_CURVE('',#1900,#829,#2666,.T.);
#2666 = SURFACE_CURVE('',#2667,(#2671,#2678),.PCURVE_S1.);
#2667 = LINE('',#2668,#2669);
#2668 = CARTESIAN_POINT('',(-27.59946207019,-34.14210861918,0.));
#2669 = VECTOR('',#2670,1.);
#2670 = DIRECTION('',(0.,0.,1.));
#2671 = PCURVE('',#874,#2672);
#2672 = DEFINITIONAL_REPRESENTATION('',(#2673),#2677);
#2673 = LINE('',#2674,#2675);
#2674 = CARTESIAN_POINT('',(5.675755312012,0.));
#2675 = VECTOR('',#2676,1.);
#2676 = DIRECTION('',(0.,1.));
#2677 = ( GEOMETRIC_REPRESENTATION_CONTEXT(2) 
PARAMETRIC_REPRESENTATION_CONTEXT() REPRESENTATION_CONTEXT('2D SPACE',''
  ) );
#2678 = PCURVE('',#845,#2679);
#2679 = DEFINITIONAL_REPRESENTATION('',(#2680),#2684);
#2680 = LINE('',#2681,#2682);
#2681 = CARTESIAN_POINT('',(4.032565075104,0.));
#2682 = VECTOR('',#2683,1.);
#2683 = DIRECTION('',(0.,1.));
#2684 = ( GEOMETRIC_REPRESENTATION_CONTEXT(2) 
PARAMETRIC_REPRESENTATION_CONTEXT() REPRESENTATION_CONTEXT('2D SPACE',''
  ) );
#2685 = ADVANCED_FACE('',(#2686),#845,.T.);
#2686 = FACE_BOUND('',#2687,.T.);
#2687 = EDGE_LOOP('',(#2688,#2689,#2710,#2711));
#2688 = ORIENTED_EDGE('',*,*,#828,.F.);
#2689 = ORIENTED_EDGE('',*,*,#2690,.F.);
#2690 = EDGE_CURVE('',#1876,#800,#2691,.T.);
#2691 = SURFACE_CURVE('',#2692,(#2696,#2703),.PCURVE_S1.);
#2692 = LINE('',#2693,#2694);
#2693 = CARTESIAN_POINT('',(-34.14210861918,-27.59946207019,0.));
#2694 = VECTOR('',#2695,1.);
#2695 = DIRECTION('',(0.,0.,1.));
#2696 = PCURVE('',#845,#2697);
#2697 = DEFINITIONAL_REPRESENTATION('',(#2698),#2702);
#2698 = LINE('',#2699,#2700);
#2699 = CARTESIAN_POINT('',(3.821416558871,0.));
#2700 = VECTOR('',#2701,1.);
#2701 = DIRECTION('',(0.,1.));
#2702 = ( GEOMETRIC_REPRESENTATION_CONTEXT(2) 
PARAMETRIC_REPRESENTATION_CONTEXT() REPRESENTATION_CONTEXT('2D SPACE',''
  ) );
#2703 = PCURVE('',#816,#2704);
#2704 = DEFINITIONAL_REPRESENTATION('',(#2705),#2709);
#2705 = LINE('',#2706,#2707);
#2706 = CARTESIAN_POINT('',(0.607429995168,0.));
#2707 = VECTOR('',#2708,1.);
#2708 = DIRECTION('',(0.,1.));
#2709 = ( GEOMETRIC_REPRESENTATION_CONTEXT(2) 
PARAMETRIC_REPRESENTATION_CONTEXT() REPRESENTATION_CONTEXT('2D SPACE',''
  ) );
#2710 = ORIENTED_EDGE('',*,*,#1899,.T.);
#2711 = ORIENTED_EDGE('',*,*,#2665,.T.);
#2712 = ADVANCED_FACE('',(#2713),#816,.F.);
#2713 = FACE_BOUND('',#2714,.F.);
#2714 = EDGE_LOOP('',(#2715,#2716,#2717,#2718));
#2715 = ORIENTED_EDGE('',*,*,#799,.F.);
#2716 = ORIENTED_EDGE('',*,*,#2690,.F.);
#2717 = ORIENTED_EDGE('',*,*,#1875,.T.);
#2718 = ORIENTED_EDGE('',*,*,#2719,.T.);
#2719 = EDGE_CURVE('',#1852,#771,#2720,.T.);
#2720 = SURFACE_CURVE('',#2721,(#2725,#2732),.PCURVE_S1.);
#2721 = LINE('',#2722,#2723);
#2722 = CARTESIAN_POINT('',(-36.79914003522,-23.94237206703,0.));
#2723 = VECTOR('',#2724,1.);
#2724 = DIRECTION('',(0.,0.,1.));
#2725 = PCURVE('',#816,#2726);
#2726 = DEFINITIONAL_REPRESENTATION('',(#2727),#2731);
#2727 = LINE('',#2728,#2729);
#2728 = CARTESIAN_POINT('',(5.675755312012,0.));
#2729 = VECTOR('',#2730,1.);
#2730 = DIRECTION('',(0.,1.));
#2731 = ( GEOMETRIC_REPRESENTATION_CONTEXT(2) 
PARAMETRIC_REPRESENTATION_CONTEXT() REPRESENTATION_CONTEXT('2D SPACE',''
  ) );
#2732 = PCURVE('',#787,#2733);
#2733 = DEFINITIONAL_REPRESENTATION('',(#2734),#2738);
#2734 = LINE('',#2735,#2736);
#2735 = CARTESIAN_POINT('',(3.718405809745,0.));
#2736 = VECTOR('',#2737,1.);
#2737 = DIRECTION('',(0.,1.));
#2738 = ( GEOMETRIC_REPRESENTATION_CONTEXT(2) 
PARAMETRIC_REPRESENTATION_CONTEXT() REPRESENTATION_CONTEXT('2D SPACE',''
  ) );
#2739 = ADVANCED_FACE('',(#2740),#787,.T.);
#2740 = FACE_BOUND('',#2741,.T.);
#2741 = EDGE_LOOP('',(#2742,#2743,#2764,#2765));
#2742 = ORIENTED_EDGE('',*,*,#770,.F.);
#2743 = ORIENTED_EDGE('',*,*,#2744,.F.);
#2744 = EDGE_CURVE('',#1828,#742,#2745,.T.);
#2745 = SURFACE_CURVE('',#2746,(#2750,#2757),.PCURVE_S1.);
#2746 = LINE('',#2747,#2748);
#2747 = CARTESIAN_POINT('',(-40.99977769762,-15.69815646098,0.));
#2748 = VECTOR('',#2749,1.);
#2749 = DIRECTION('',(0.,0.,1.));
#2750 = PCURVE('',#787,#2751);
#2751 = DEFINITIONAL_REPRESENTATION('',(#2752),#2756);
#2752 = LINE('',#2753,#2754);
#2753 = CARTESIAN_POINT('',(3.507257293512,0.));
#2754 = VECTOR('',#2755,1.);
#2755 = DIRECTION('',(0.,1.));
#2756 = ( GEOMETRIC_REPRESENTATION_CONTEXT(2) 
PARAMETRIC_REPRESENTATION_CONTEXT() REPRESENTATION_CONTEXT('2D SPACE',''
  ) );
#2757 = PCURVE('',#758,#2758);
#2758 = DEFINITIONAL_REPRESENTATION('',(#2759),#2763);
#2759 = LINE('',#2760,#2761);
#2760 = CARTESIAN_POINT('',(0.607429995168,0.));
#2761 = VECTOR('',#2762,1.);
#2762 = DIRECTION('',(0.,1.));
#2763 = ( GEOMETRIC_REPRESENTATION_CONTEXT(2) 
PARAMETRIC_REPRESENTATION_CONTEXT() REPRESENTATION_CONTEXT('2D SPACE',''
  ) );
#2764 = ORIENTED_EDGE('',*,*,#1851,.T.);
#2765 = ORIENTED_EDGE('',*,*,#2719,.T.);
#2766 = ADVANCED_FACE('',(#2767),#758,.F.);
#2767 = FACE_BOUND('',#2768,.F.);
#2768 = EDGE_LOOP('',(#2769,#2770,#2771,#2772));
#2769 = ORIENTED_EDGE('',*,*,#741,.F.);
#2770 = ORIENTED_EDGE('',*,*,#2744,.F.);
#2771 = ORIENTED_EDGE('',*,*,#1827,.T.);
#2772 = ORIENTED_EDGE('',*,*,#2773,.T.);
#2773 = EDGE_CURVE('',#1804,#713,#2774,.T.);
#2774 = SURFACE_CURVE('',#2775,(#2779,#2786),.PCURVE_S1.);
#2775 = LINE('',#2776,#2777);
#2776 = CARTESIAN_POINT('',(-42.39666177891,-11.39898932064,0.));
#2777 = VECTOR('',#2778,1.);
#2778 = DIRECTION('',(0.,0.,1.));
#2779 = PCURVE('',#758,#2780);
#2780 = DEFINITIONAL_REPRESENTATION('',(#2781),#2785);
#2781 = LINE('',#2782,#2783);
#2782 = CARTESIAN_POINT('',(5.675755312012,0.));
#2783 = VECTOR('',#2784,1.);
#2784 = DIRECTION('',(0.,1.));
#2785 = ( GEOMETRIC_REPRESENTATION_CONTEXT(2) 
PARAMETRIC_REPRESENTATION_CONTEXT() REPRESENTATION_CONTEXT('2D SPACE',''
  ) );
#2786 = PCURVE('',#729,#2787);
#2787 = DEFINITIONAL_REPRESENTATION('',(#2788),#2792);
#2788 = LINE('',#2789,#2790);
#2789 = CARTESIAN_POINT('',(3.404246544386,0.));
#2790 = VECTOR('',#2791,1.);
#2791 = DIRECTION('',(0.,1.));
#2792 = ( GEOMETRIC_REPRESENTATION_CONTEXT(2) 
PARAMETRIC_REPRESENTATION_CONTEXT() REPRESENTATION_CONTEXT('2D SPACE',''
  ) );
#2793 = ADVANCED_FACE('',(#2794),#729,.T.);
#2794 = FACE_BOUND('',#2795,.T.);
#2795 = EDGE_LOOP('',(#2796,#2797,#2818,#2819));
#2796 = ORIENTED_EDGE('',*,*,#712,.F.);
#2797 = ORIENTED_EDGE('',*,*,#2798,.F.);
#2798 = EDGE_CURVE('',#1780,#684,#2799,.T.);
#2799 = SURFACE_CURVE('',#2800,(#2804,#2811),.PCURVE_S1.);
#2800 = LINE('',#2801,#2802);
#2801 = CARTESIAN_POINT('',(-43.84410287278,-2.260205921875,0.));
#2802 = VECTOR('',#2803,1.);
#2803 = DIRECTION('',(0.,0.,1.));
#2804 = PCURVE('',#729,#2805);
#2805 = DEFINITIONAL_REPRESENTATION('',(#2806),#2810);
#2806 = LINE('',#2807,#2808);
#2807 = CARTESIAN_POINT('',(3.193098028153,0.));
#2808 = VECTOR('',#2809,1.);
#2809 = DIRECTION('',(0.,1.));
#2810 = ( GEOMETRIC_REPRESENTATION_CONTEXT(2) 
PARAMETRIC_REPRESENTATION_CONTEXT() REPRESENTATION_CONTEXT('2D SPACE',''
  ) );
#2811 = PCURVE('',#700,#2812);
#2812 = DEFINITIONAL_REPRESENTATION('',(#2813),#2817);
#2813 = LINE('',#2814,#2815);
#2814 = CARTESIAN_POINT('',(0.607429995168,0.));
#2815 = VECTOR('',#2816,1.);
#2816 = DIRECTION('',(0.,1.));
#2817 = ( GEOMETRIC_REPRESENTATION_CONTEXT(2) 
PARAMETRIC_REPRESENTATION_CONTEXT() REPRESENTATION_CONTEXT('2D SPACE',''
  ) );
#2818 = ORIENTED_EDGE('',*,*,#1803,.T.);
#2819 = ORIENTED_EDGE('',*,*,#2773,.T.);
#2820 = ADVANCED_FACE('',(#2821),#700,.F.);
#2821 = FACE_BOUND('',#2822,.F.);
#2822 = EDGE_LOOP('',(#2823,#2824,#2825,#2826));
#2823 = ORIENTED_EDGE('',*,*,#683,.F.);
#2824 = ORIENTED_EDGE('',*,*,#2798,.F.);
#2825 = ORIENTED_EDGE('',*,*,#1779,.T.);
#2826 = ORIENTED_EDGE('',*,*,#2827,.T.);
#2827 = EDGE_CURVE('',#1756,#655,#2828,.T.);
#2828 = SURFACE_CURVE('',#2829,(#2833,#2840),.PCURVE_S1.);
#2829 = LINE('',#2830,#2831);
#2830 = CARTESIAN_POINT('',(-43.84410287278,2.260205921875,0.));
#2831 = VECTOR('',#2832,1.);
#2832 = DIRECTION('',(0.,0.,1.));
#2833 = PCURVE('',#700,#2834);
#2834 = DEFINITIONAL_REPRESENTATION('',(#2835),#2839);
#2835 = LINE('',#2836,#2837);
#2836 = CARTESIAN_POINT('',(5.675755312012,0.));
#2837 = VECTOR('',#2838,1.);
#2838 = DIRECTION('',(0.,1.));
#2839 = ( GEOMETRIC_REPRESENTATION_CONTEXT(2) 
PARAMETRIC_REPRESENTATION_CONTEXT() REPRESENTATION_CONTEXT('2D SPACE',''
  ) );
#2840 = PCURVE('',#671,#2841);
#2841 = DEFINITIONAL_REPRESENTATION('',(#2842),#2846);
#2842 = LINE('',#2843,#2844);
#2843 = CARTESIAN_POINT('',(3.090087279027,0.));
#2844 = VECTOR('',#2845,1.);
#2845 = DIRECTION('',(0.,1.));
#2846 = ( GEOMETRIC_REPRESENTATION_CONTEXT(2) 
PARAMETRIC_REPRESENTATION_CONTEXT() REPRESENTATION_CONTEXT('2D SPACE',''
  ) );
#2847 = ADVANCED_FACE('',(#2848),#671,.T.);
#2848 = FACE_BOUND('',#2849,.T.);
#2849 = EDGE_LOOP('',(#2850,#2851,#2872,#2873));
#2850 = ORIENTED_EDGE('',*,*,#654,.F.);
#2851 = ORIENTED_EDGE('',*,*,#2852,.F.);
#2852 = EDGE_CURVE('',#1732,#626,#2853,.T.);
#2853 = SURFACE_CURVE('',#2854,(#2858,#2865),.PCURVE_S1.);
#2854 = LINE('',#2855,#2856);
#2855 = CARTESIAN_POINT('',(-42.39666177891,11.398989320645,0.));
#2856 = VECTOR('',#2857,1.);
#2857 = DIRECTION('',(0.,0.,1.));
#2858 = PCURVE('',#671,#2859);
#2859 = DEFINITIONAL_REPRESENTATION('',(#2860),#2864);
#2860 = LINE('',#2861,#2862);
#2861 = CARTESIAN_POINT('',(2.878938762794,0.));
#2862 = VECTOR('',#2863,1.);
#2863 = DIRECTION('',(0.,1.));
#2864 = ( GEOMETRIC_REPRESENTATION_CONTEXT(2) 
PARAMETRIC_REPRESENTATION_CONTEXT() REPRESENTATION_CONTEXT('2D SPACE',''
  ) );
#2865 = PCURVE('',#642,#2866);
#2866 = DEFINITIONAL_REPRESENTATION('',(#2867),#2871);
#2867 = LINE('',#2868,#2869);
#2868 = CARTESIAN_POINT('',(0.607429995168,0.));
#2869 = VECTOR('',#2870,1.);
#2870 = DIRECTION('',(0.,1.));
#2871 = ( GEOMETRIC_REPRESENTATION_CONTEXT(2) 
PARAMETRIC_REPRESENTATION_CONTEXT() REPRESENTATION_CONTEXT('2D SPACE',''
  ) );
#2872 = ORIENTED_EDGE('',*,*,#1755,.T.);
#2873 = ORIENTED_EDGE('',*,*,#2827,.T.);
#2874 = ADVANCED_FACE('',(#2875),#642,.F.);
#2875 = FACE_BOUND('',#2876,.F.);
#2876 = EDGE_LOOP('',(#2877,#2878,#2879,#2880));
#2877 = ORIENTED_EDGE('',*,*,#625,.F.);
#2878 = ORIENTED_EDGE('',*,*,#2852,.F.);
#2879 = ORIENTED_EDGE('',*,*,#1731,.T.);
#2880 = ORIENTED_EDGE('',*,*,#2881,.T.);
#2881 = EDGE_CURVE('',#1708,#597,#2882,.T.);
#2882 = SURFACE_CURVE('',#2883,(#2887,#2894),.PCURVE_S1.);
#2883 = LINE('',#2884,#2885);
#2884 = CARTESIAN_POINT('',(-40.99977769762,15.69815646098,0.));
#2885 = VECTOR('',#2886,1.);
#2886 = DIRECTION('',(0.,0.,1.));
#2887 = PCURVE('',#642,#2888);
#2888 = DEFINITIONAL_REPRESENTATION('',(#2889),#2893);
#2889 = LINE('',#2890,#2891);
#2890 = CARTESIAN_POINT('',(5.675755312012,0.));
#2891 = VECTOR('',#2892,1.);
#2892 = DIRECTION('',(0.,1.));
#2893 = ( GEOMETRIC_REPRESENTATION_CONTEXT(2) 
PARAMETRIC_REPRESENTATION_CONTEXT() REPRESENTATION_CONTEXT('2D SPACE',''
  ) );
#2894 = PCURVE('',#613,#2895);
#2895 = DEFINITIONAL_REPRESENTATION('',(#2896),#2900);
#2896 = LINE('',#2897,#2898);
#2897 = CARTESIAN_POINT('',(2.775928013668,0.));
#2898 = VECTOR('',#2899,1.);
#2899 = DIRECTION('',(0.,1.));
#2900 = ( GEOMETRIC_REPRESENTATION_CONTEXT(2) 
PARAMETRIC_REPRESENTATION_CONTEXT() REPRESENTATION_CONTEXT('2D SPACE',''
  ) );
#2901 = ADVANCED_FACE('',(#2902),#613,.T.);
#2902 = FACE_BOUND('',#2903,.T.);
#2903 = EDGE_LOOP('',(#2904,#2905,#2926,#2927));
#2904 = ORIENTED_EDGE('',*,*,#596,.F.);
#2905 = ORIENTED_EDGE('',*,*,#2906,.F.);
#2906 = EDGE_CURVE('',#1684,#568,#2907,.T.);
#2907 = SURFACE_CURVE('',#2908,(#2912,#2919),.PCURVE_S1.);
#2908 = LINE('',#2909,#2910);
#2909 = CARTESIAN_POINT('',(-36.79914003522,23.942372067031,0.));
#2910 = VECTOR('',#2911,1.);
#2911 = DIRECTION('',(0.,0.,1.));
#2912 = PCURVE('',#613,#2913);
#2913 = DEFINITIONAL_REPRESENTATION('',(#2914),#2918);
#2914 = LINE('',#2915,#2916);
#2915 = CARTESIAN_POINT('',(2.564779497435,0.));
#2916 = VECTOR('',#2917,1.);
#2917 = DIRECTION('',(0.,1.));
#2918 = ( GEOMETRIC_REPRESENTATION_CONTEXT(2) 
PARAMETRIC_REPRESENTATION_CONTEXT() REPRESENTATION_CONTEXT('2D SPACE',''
  ) );
#2919 = PCURVE('',#584,#2920);
#2920 = DEFINITIONAL_REPRESENTATION('',(#2921),#2925);
#2921 = LINE('',#2922,#2923);
#2922 = CARTESIAN_POINT('',(0.607429995168,0.));
#2923 = VECTOR('',#2924,1.);
#2924 = DIRECTION('',(0.,1.));
#2925 = ( GEOMETRIC_REPRESENTATION_CONTEXT(2) 
PARAMETRIC_REPRESENTATION_CONTEXT() REPRESENTATION_CONTEXT('2D SPACE',''
  ) );
#2926 = ORIENTED_EDGE('',*,*,#1707,.T.);
#2927 = ORIENTED_EDGE('',*,*,#2881,.T.);
#2928 = ADVANCED_FACE('',(#2929),#584,.F.);
#2929 = FACE_BOUND('',#2930,.F.);
#2930 = EDGE_LOOP('',(#2931,#2932,#2933,#2934));
#2931 = ORIENTED_EDGE('',*,*,#567,.F.);
#2932 = ORIENTED_EDGE('',*,*,#2906,.F.);
#2933 = ORIENTED_EDGE('',*,*,#1683,.T.);
#2934 = ORIENTED_EDGE('',*,*,#2935,.T.);
#2935 = EDGE_CURVE('',#1660,#539,#2936,.T.);
#2936 = SURFACE_CURVE('',#2937,(#2941,#2948),.PCURVE_S1.);
#2937 = LINE('',#2938,#2939);
#2938 = CARTESIAN_POINT('',(-34.14210861918,27.599462070198,0.));
#2939 = VECTOR('',#2940,1.);
#2940 = DIRECTION('',(0.,0.,1.));
#2941 = PCURVE('',#584,#2942);
#2942 = DEFINITIONAL_REPRESENTATION('',(#2943),#2947);
#2943 = LINE('',#2944,#2945);
#2944 = CARTESIAN_POINT('',(5.675755312012,0.));
#2945 = VECTOR('',#2946,1.);
#2946 = DIRECTION('',(0.,1.));
#2947 = ( GEOMETRIC_REPRESENTATION_CONTEXT(2) 
PARAMETRIC_REPRESENTATION_CONTEXT() REPRESENTATION_CONTEXT('2D SPACE',''
  ) );
#2948 = PCURVE('',#555,#2949);
#2949 = DEFINITIONAL_REPRESENTATION('',(#2950),#2954);
#2950 = LINE('',#2951,#2952);
#2951 = CARTESIAN_POINT('',(2.461768748309,0.));
#2952 = VECTOR('',#2953,1.);
#2953 = DIRECTION('',(0.,1.));
#2954 = ( GEOMETRIC_REPRESENTATION_CONTEXT(2) 
PARAMETRIC_REPRESENTATION_CONTEXT() REPRESENTATION_CONTEXT('2D SPACE',''
  ) );
#2955 = ADVANCED_FACE('',(#2956),#555,.T.);
#2956 = FACE_BOUND('',#2957,.T.);
#2957 = EDGE_LOOP('',(#2958,#2959,#2980,#2981));
#2958 = ORIENTED_EDGE('',*,*,#538,.F.);
#2959 = ORIENTED_EDGE('',*,*,#2960,.F.);
#2960 = EDGE_CURVE('',#1636,#510,#2961,.T.);
#2961 = SURFACE_CURVE('',#2962,(#2966,#2973),.PCURVE_S1.);
#2962 = LINE('',#2963,#2964);
#2963 = CARTESIAN_POINT('',(-27.59946207019,34.142108619181,0.));
#2964 = VECTOR('',#2965,1.);
#2965 = DIRECTION('',(0.,0.,1.));
#2966 = PCURVE('',#555,#2967);
#2967 = DEFINITIONAL_REPRESENTATION('',(#2968),#2972);
#2968 = LINE('',#2969,#2970);
#2969 = CARTESIAN_POINT('',(2.250620232076,0.));
#2970 = VECTOR('',#2971,1.);
#2971 = DIRECTION('',(0.,1.));
#2972 = ( GEOMETRIC_REPRESENTATION_CONTEXT(2) 
PARAMETRIC_REPRESENTATION_CONTEXT() REPRESENTATION_CONTEXT('2D SPACE',''
  ) );
#2973 = PCURVE('',#526,#2974);
#2974 = DEFINITIONAL_REPRESENTATION('',(#2975),#2979);
#2975 = LINE('',#2976,#2977);
#2976 = CARTESIAN_POINT('',(0.607429995168,0.));
#2977 = VECTOR('',#2978,1.);
#2978 = DIRECTION('',(0.,1.));
#2979 = ( GEOMETRIC_REPRESENTATION_CONTEXT(2) 
PARAMETRIC_REPRESENTATION_CONTEXT() REPRESENTATION_CONTEXT('2D SPACE',''
  ) );
#2980 = ORIENTED_EDGE('',*,*,#1659,.T.);
#2981 = ORIENTED_EDGE('',*,*,#2935,.T.);
#2982 = ADVANCED_FACE('',(#2983),#526,.F.);
#2983 = FACE_BOUND('',#2984,.F.);
#2984 = EDGE_LOOP('',(#2985,#2986,#2987,#2988));
#2985 = ORIENTED_EDGE('',*,*,#509,.F.);
#2986 = ORIENTED_EDGE('',*,*,#2960,.F.);
#2987 = ORIENTED_EDGE('',*,*,#1635,.T.);
#2988 = ORIENTED_EDGE('',*,*,#2989,.T.);
#2989 = EDGE_CURVE('',#1612,#481,#2990,.T.);
#2990 = SURFACE_CURVE('',#2991,(#2995,#3002),.PCURVE_S1.);
#2991 = LINE('',#2992,#2993);
#2992 = CARTESIAN_POINT('',(-23.94237206703,36.799140035225,0.));
#2993 = VECTOR('',#2994,1.);
#2994 = DIRECTION('',(0.,0.,1.));
#2995 = PCURVE('',#526,#2996);
#2996 = DEFINITIONAL_REPRESENTATION('',(#2997),#3001);
#2997 = LINE('',#2998,#2999);
#2998 = CARTESIAN_POINT('',(5.675755312012,0.));
#2999 = VECTOR('',#3000,1.);
#3000 = DIRECTION('',(0.,1.));
#3001 = ( GEOMETRIC_REPRESENTATION_CONTEXT(2) 
PARAMETRIC_REPRESENTATION_CONTEXT() REPRESENTATION_CONTEXT('2D SPACE',''
  ) );
#3002 = PCURVE('',#497,#3003);
#3003 = DEFINITIONAL_REPRESENTATION('',(#3004),#3008);
#3004 = LINE('',#3005,#3006);
#3005 = CARTESIAN_POINT('',(2.14760948295,0.));
#3006 = VECTOR('',#3007,1.);
#3007 = DIRECTION('',(0.,1.));
#3008 = ( GEOMETRIC_REPRESENTATION_CONTEXT(2) 
PARAMETRIC_REPRESENTATION_CONTEXT() REPRESENTATION_CONTEXT('2D SPACE',''
  ) );
#3009 = ADVANCED_FACE('',(#3010),#497,.T.);
#3010 = FACE_BOUND('',#3011,.T.);
#3011 = EDGE_LOOP('',(#3012,#3013,#3034,#3035));
#3012 = ORIENTED_EDGE('',*,*,#480,.F.);
#3013 = ORIENTED_EDGE('',*,*,#3014,.F.);
#3014 = EDGE_CURVE('',#1588,#452,#3015,.T.);
#3015 = SURFACE_CURVE('',#3016,(#3020,#3027),.PCURVE_S1.);
#3016 = LINE('',#3017,#3018);
#3017 = CARTESIAN_POINT('',(-15.69815646098,40.999777697627,0.));
#3018 = VECTOR('',#3019,1.);
#3019 = DIRECTION('',(0.,0.,1.));
#3020 = PCURVE('',#497,#3021);
#3021 = DEFINITIONAL_REPRESENTATION('',(#3022),#3026);
#3022 = LINE('',#3023,#3024);
#3023 = CARTESIAN_POINT('',(1.936460966717,0.));
#3024 = VECTOR('',#3025,1.);
#3025 = DIRECTION('',(0.,1.));
#3026 = ( GEOMETRIC_REPRESENTATION_CONTEXT(2) 
PARAMETRIC_REPRESENTATION_CONTEXT() REPRESENTATION_CONTEXT('2D SPACE',''
  ) );
#3027 = PCURVE('',#468,#3028);
#3028 = DEFINITIONAL_REPRESENTATION('',(#3029),#3033);
#3029 = LINE('',#3030,#3031);
#3030 = CARTESIAN_POINT('',(0.607429995168,0.));
#3031 = VECTOR('',#3032,1.);
#3032 = DIRECTION('',(0.,1.));
#3033 = ( GEOMETRIC_REPRESENTATION_CONTEXT(2) 
PARAMETRIC_REPRESENTATION_CONTEXT() REPRESENTATION_CONTEXT('2D SPACE',''
  ) );
#3034 = ORIENTED_EDGE('',*,*,#1611,.T.);
#3035 = ORIENTED_EDGE('',*,*,#2989,.T.);
#3036 = ADVANCED_FACE('',(#3037),#468,.F.);
#3037 = FACE_BOUND('',#3038,.F.);
#3038 = EDGE_LOOP('',(#3039,#3040,#3041,#3042));
#3039 = ORIENTED_EDGE('',*,*,#451,.F.);
#3040 = ORIENTED_EDGE('',*,*,#3014,.F.);
#3041 = ORIENTED_EDGE('',*,*,#1587,.T.);
#3042 = ORIENTED_EDGE('',*,*,#3043,.T.);
#3043 = EDGE_CURVE('',#1564,#423,#3044,.T.);
#3044 = SURFACE_CURVE('',#3045,(#3049,#3056),.PCURVE_S1.);
#3045 = LINE('',#3046,#3047);
#3046 = CARTESIAN_POINT('',(-11.39898932064,42.396661778919,0.));
#3047 = VECTOR('',#3048,1.);
#3048 = DIRECTION('',(0.,0.,1.));
#3049 = PCURVE('',#468,#3050);
#3050 = DEFINITIONAL_REPRESENTATION('',(#3051),#3055);
#3051 = LINE('',#3052,#3053);
#3052 = CARTESIAN_POINT('',(5.675755312012,0.));
#3053 = VECTOR('',#3054,1.);
#3054 = DIRECTION('',(0.,1.));
#3055 = ( GEOMETRIC_REPRESENTATION_CONTEXT(2) 
PARAMETRIC_REPRESENTATION_CONTEXT() REPRESENTATION_CONTEXT('2D SPACE',''
  ) );
#3056 = PCURVE('',#439,#3057);
#3057 = DEFINITIONAL_REPRESENTATION('',(#3058),#3062);
#3058 = LINE('',#3059,#3060);
#3059 = CARTESIAN_POINT('',(1.833450217591,0.));
#3060 = VECTOR('',#3061,1.);
#3061 = DIRECTION('',(0.,1.));
#3062 = ( GEOMETRIC_REPRESENTATION_CONTEXT(2) 
PARAMETRIC_REPRESENTATION_CONTEXT() REPRESENTATION_CONTEXT('2D SPACE',''
  ) );
#3063 = ADVANCED_FACE('',(#3064),#439,.T.);
#3064 = FACE_BOUND('',#3065,.T.);
#3065 = EDGE_LOOP('',(#3066,#3067,#3088,#3089));
#3066 = ORIENTED_EDGE('',*,*,#422,.F.);
#3067 = ORIENTED_EDGE('',*,*,#3068,.F.);
#3068 = EDGE_CURVE('',#1540,#394,#3069,.T.);
#3069 = SURFACE_CURVE('',#3070,(#3074,#3081),.PCURVE_S1.);
#3070 = LINE('',#3071,#3072);
#3071 = CARTESIAN_POINT('',(-2.260205921875,43.844102872781,0.));
#3072 = VECTOR('',#3073,1.);
#3073 = DIRECTION('',(0.,0.,1.));
#3074 = PCURVE('',#439,#3075);
#3075 = DEFINITIONAL_REPRESENTATION('',(#3076),#3080);
#3076 = LINE('',#3077,#3078);
#3077 = CARTESIAN_POINT('',(1.622301701358,0.));
#3078 = VECTOR('',#3079,1.);
#3079 = DIRECTION('',(0.,1.));
#3080 = ( GEOMETRIC_REPRESENTATION_CONTEXT(2) 
PARAMETRIC_REPRESENTATION_CONTEXT() REPRESENTATION_CONTEXT('2D SPACE',''
  ) );
#3081 = PCURVE('',#410,#3082);
#3082 = DEFINITIONAL_REPRESENTATION('',(#3083),#3087);
#3083 = LINE('',#3084,#3085);
#3084 = CARTESIAN_POINT('',(0.607429995168,0.));
#3085 = VECTOR('',#3086,1.);
#3086 = DIRECTION('',(0.,1.));
#3087 = ( GEOMETRIC_REPRESENTATION_CONTEXT(2) 
PARAMETRIC_REPRESENTATION_CONTEXT() REPRESENTATION_CONTEXT('2D SPACE',''
  ) );
#3088 = ORIENTED_EDGE('',*,*,#1563,.T.);
#3089 = ORIENTED_EDGE('',*,*,#3043,.T.);
#3090 = ADVANCED_FACE('',(#3091),#410,.F.);
#3091 = FACE_BOUND('',#3092,.F.);
#3092 = EDGE_LOOP('',(#3093,#3094,#3095,#3096));
#3093 = ORIENTED_EDGE('',*,*,#393,.F.);
#3094 = ORIENTED_EDGE('',*,*,#3068,.F.);
#3095 = ORIENTED_EDGE('',*,*,#1539,.T.);
#3096 = ORIENTED_EDGE('',*,*,#3097,.T.);
#3097 = EDGE_CURVE('',#1516,#365,#3098,.T.);
#3098 = SURFACE_CURVE('',#3099,(#3103,#3110),.PCURVE_S1.);
#3099 = LINE('',#3100,#3101);
#3100 = CARTESIAN_POINT('',(2.260205921875,43.844102872781,0.));
#3101 = VECTOR('',#3102,1.);
#3102 = DIRECTION('',(0.,0.,1.));
#3103 = PCURVE('',#410,#3104);
#3104 = DEFINITIONAL_REPRESENTATION('',(#3105),#3109);
#3105 = LINE('',#3106,#3107);
#3106 = CARTESIAN_POINT('',(5.675755312012,0.));
#3107 = VECTOR('',#3108,1.);
#3108 = DIRECTION('',(0.,1.));
#3109 = ( GEOMETRIC_REPRESENTATION_CONTEXT(2) 
PARAMETRIC_REPRESENTATION_CONTEXT() REPRESENTATION_CONTEXT('2D SPACE',''
  ) );
#3110 = PCURVE('',#381,#3111);
#3111 = DEFINITIONAL_REPRESENTATION('',(#3112),#3116);
#3112 = LINE('',#3113,#3114);
#3113 = CARTESIAN_POINT('',(1.519290952232,0.));
#3114 = VECTOR('',#3115,1.);
#3115 = DIRECTION('',(0.,1.));
#3116 = ( GEOMETRIC_REPRESENTATION_CONTEXT(2) 
PARAMETRIC_REPRESENTATION_CONTEXT() REPRESENTATION_CONTEXT('2D SPACE',''
  ) );
#3117 = ADVANCED_FACE('',(#3118),#381,.T.);
#3118 = FACE_BOUND('',#3119,.T.);
#3119 = EDGE_LOOP('',(#3120,#3121,#3142,#3143));
#3120 = ORIENTED_EDGE('',*,*,#364,.F.);
#3121 = ORIENTED_EDGE('',*,*,#3122,.F.);
#3122 = EDGE_CURVE('',#1492,#336,#3123,.T.);
#3123 = SURFACE_CURVE('',#3124,(#3128,#3135),.PCURVE_S1.);
#3124 = LINE('',#3125,#3126);
#3125 = CARTESIAN_POINT('',(11.398989320645,42.396661778919,0.));
#3126 = VECTOR('',#3127,1.);
#3127 = DIRECTION('',(0.,0.,1.));
#3128 = PCURVE('',#381,#3129);
#3129 = DEFINITIONAL_REPRESENTATION('',(#3130),#3134);
#3130 = LINE('',#3131,#3132);
#3131 = CARTESIAN_POINT('',(1.308142435999,0.));
#3132 = VECTOR('',#3133,1.);
#3133 = DIRECTION('',(0.,1.));
#3134 = ( GEOMETRIC_REPRESENTATION_CONTEXT(2) 
PARAMETRIC_REPRESENTATION_CONTEXT() REPRESENTATION_CONTEXT('2D SPACE',''
  ) );
#3135 = PCURVE('',#352,#3136);
#3136 = DEFINITIONAL_REPRESENTATION('',(#3137),#3141);
#3137 = LINE('',#3138,#3139);
#3138 = CARTESIAN_POINT('',(0.607429995168,0.));
#3139 = VECTOR('',#3140,1.);
#3140 = DIRECTION('',(0.,1.));
#3141 = ( GEOMETRIC_REPRESENTATION_CONTEXT(2) 
PARAMETRIC_REPRESENTATION_CONTEXT() REPRESENTATION_CONTEXT('2D SPACE',''
  ) );
#3142 = ORIENTED_EDGE('',*,*,#1515,.T.);
#3143 = ORIENTED_EDGE('',*,*,#3097,.T.);
#3144 = ADVANCED_FACE('',(#3145),#352,.F.);
#3145 = FACE_BOUND('',#3146,.F.);
#3146 = EDGE_LOOP('',(#3147,#3148,#3149,#3150));
#3147 = ORIENTED_EDGE('',*,*,#335,.F.);
#3148 = ORIENTED_EDGE('',*,*,#3122,.F.);
#3149 = ORIENTED_EDGE('',*,*,#1491,.T.);
#3150 = ORIENTED_EDGE('',*,*,#3151,.T.);
#3151 = EDGE_CURVE('',#1468,#307,#3152,.T.);
#3152 = SURFACE_CURVE('',#3153,(#3157,#3164),.PCURVE_S1.);
#3153 = LINE('',#3154,#3155);
#3154 = CARTESIAN_POINT('',(15.69815646098,40.999777697627,0.));
#3155 = VECTOR('',#3156,1.);
#3156 = DIRECTION('',(0.,0.,1.));
#3157 = PCURVE('',#352,#3158);
#3158 = DEFINITIONAL_REPRESENTATION('',(#3159),#3163);
#3159 = LINE('',#3160,#3161);
#3160 = CARTESIAN_POINT('',(5.675755312012,0.));
#3161 = VECTOR('',#3162,1.);
#3162 = DIRECTION('',(0.,1.));
#3163 = ( GEOMETRIC_REPRESENTATION_CONTEXT(2) 
PARAMETRIC_REPRESENTATION_CONTEXT() REPRESENTATION_CONTEXT('2D SPACE',''
  ) );
#3164 = PCURVE('',#323,#3165);
#3165 = DEFINITIONAL_REPRESENTATION('',(#3166),#3170);
#3166 = LINE('',#3167,#3168);
#3167 = CARTESIAN_POINT('',(1.205131686873,0.));
#3168 = VECTOR('',#3169,1.);
#3169 = DIRECTION('',(0.,1.));
#3170 = ( GEOMETRIC_REPRESENTATION_CONTEXT(2) 
PARAMETRIC_REPRESENTATION_CONTEXT() REPRESENTATION_CONTEXT('2D SPACE',''
  ) );
#3171 = ADVANCED_FACE('',(#3172),#323,.T.);
#3172 = FACE_BOUND('',#3173,.T.);
#3173 = EDGE_LOOP('',(#3174,#3175,#3196,#3197));
#3174 = ORIENTED_EDGE('',*,*,#306,.F.);
#3175 = ORIENTED_EDGE('',*,*,#3176,.F.);
#3176 = EDGE_CURVE('',#1444,#278,#3177,.T.);
#3177 = SURFACE_CURVE('',#3178,(#3182,#3189),.PCURVE_S1.);
#3178 = LINE('',#3179,#3180);
#3179 = CARTESIAN_POINT('',(23.942372067031,36.799140035225,0.));
#3180 = VECTOR('',#3181,1.);
#3181 = DIRECTION('',(0.,0.,1.));
#3182 = PCURVE('',#323,#3183);
#3183 = DEFINITIONAL_REPRESENTATION('',(#3184),#3188);
#3184 = LINE('',#3185,#3186);
#3185 = CARTESIAN_POINT('',(0.99398317064,0.));
#3186 = VECTOR('',#3187,1.);
#3187 = DIRECTION('',(0.,1.));
#3188 = ( GEOMETRIC_REPRESENTATION_CONTEXT(2) 
PARAMETRIC_REPRESENTATION_CONTEXT() REPRESENTATION_CONTEXT('2D SPACE',''
  ) );
#3189 = PCURVE('',#294,#3190);
#3190 = DEFINITIONAL_REPRESENTATION('',(#3191),#3195);
#3191 = LINE('',#3192,#3193);
#3192 = CARTESIAN_POINT('',(0.607429995168,0.));
#3193 = VECTOR('',#3194,1.);
#3194 = DIRECTION('',(0.,1.));
#3195 = ( GEOMETRIC_REPRESENTATION_CONTEXT(2) 
PARAMETRIC_REPRESENTATION_CONTEXT() REPRESENTATION_CONTEXT('2D SPACE',''
  ) );
#3196 = ORIENTED_EDGE('',*,*,#1467,.T.);
#3197 = ORIENTED_EDGE('',*,*,#3151,.T.);
#3198 = ADVANCED_FACE('',(#3199),#294,.F.);
#3199 = FACE_BOUND('',#3200,.F.);
#3200 = EDGE_LOOP('',(#3201,#3202,#3203,#3204));
#3201 = ORIENTED_EDGE('',*,*,#277,.F.);
#3202 = ORIENTED_EDGE('',*,*,#3176,.F.);
#3203 = ORIENTED_EDGE('',*,*,#1443,.T.);
#3204 = ORIENTED_EDGE('',*,*,#3205,.T.);
#3205 = EDGE_CURVE('',#1420,#249,#3206,.T.);
#3206 = SURFACE_CURVE('',#3207,(#3211,#3218),.PCURVE_S1.);
#3207 = LINE('',#3208,#3209);
#3208 = CARTESIAN_POINT('',(27.599462070198,34.142108619181,0.));
#3209 = VECTOR('',#3210,1.);
#3210 = DIRECTION('',(0.,0.,1.));
#3211 = PCURVE('',#294,#3212);
#3212 = DEFINITIONAL_REPRESENTATION('',(#3213),#3217);
#3213 = LINE('',#3214,#3215);
#3214 = CARTESIAN_POINT('',(5.675755312012,0.));
#3215 = VECTOR('',#3216,1.);
#3216 = DIRECTION('',(0.,1.));
#3217 = ( GEOMETRIC_REPRESENTATION_CONTEXT(2) 
PARAMETRIC_REPRESENTATION_CONTEXT() REPRESENTATION_CONTEXT('2D SPACE',''
  ) );
#3218 = PCURVE('',#265,#3219);
#3219 = DEFINITIONAL_REPRESENTATION('',(#3220),#3224);
#3220 = LINE('',#3221,#3222);
#3221 = CARTESIAN_POINT('',(0.890972421514,0.));
#3222 = VECTOR('',#3223,1.);
#3223 = DIRECTION('',(0.,1.));
#3224 = ( GEOMETRIC_REPRESENTATION_CONTEXT(2) 
PARAMETRIC_REPRESENTATION_CONTEXT() REPRESENTATION_CONTEXT('2D SPACE',''
  ) );
#3225 = ADVANCED_FACE('',(#3226),#265,.T.);
#3226 = FACE_BOUND('',#3227,.T.);
#3227 = EDGE_LOOP('',(#3228,#3229,#3250,#3251));
#3228 = ORIENTED_EDGE('',*,*,#248,.F.);
#3229 = ORIENTED_EDGE('',*,*,#3230,.F.);
#3230 = EDGE_CURVE('',#1396,#220,#3231,.T.);
#3231 = SURFACE_CURVE('',#3232,(#3236,#3243),.PCURVE_S1.);
#3232 = LINE('',#3233,#3234);
#3233 = CARTESIAN_POINT('',(34.142108619181,27.599462070198,0.));
#3234 = VECTOR('',#3235,1.);
#3235 = DIRECTION('',(0.,0.,1.));
#3236 = PCURVE('',#265,#3237);
#3237 = DEFINITIONAL_REPRESENTATION('',(#3238),#3242);
#3238 = LINE('',#3239,#3240);
#3239 = CARTESIAN_POINT('',(0.679823905281,0.));
#3240 = VECTOR('',#3241,1.);
#3241 = DIRECTION('',(0.,1.));
#3242 = ( GEOMETRIC_REPRESENTATION_CONTEXT(2) 
PARAMETRIC_REPRESENTATION_CONTEXT() REPRESENTATION_CONTEXT('2D SPACE',''
  ) );
#3243 = PCURVE('',#236,#3244);
#3244 = DEFINITIONAL_REPRESENTATION('',(#3245),#3249);
#3245 = LINE('',#3246,#3247);
#3246 = CARTESIAN_POINT('',(0.607429995168,0.));
#3247 = VECTOR('',#3248,1.);
#3248 = DIRECTION('',(0.,1.));
#3249 = ( GEOMETRIC_REPRESENTATION_CONTEXT(2) 
PARAMETRIC_REPRESENTATION_CONTEXT() REPRESENTATION_CONTEXT('2D SPACE',''
  ) );
#3250 = ORIENTED_EDGE('',*,*,#1419,.T.);
#3251 = ORIENTED_EDGE('',*,*,#3205,.T.);
#3252 = ADVANCED_FACE('',(#3253),#236,.F.);
#3253 = FACE_BOUND('',#3254,.F.);
#3254 = EDGE_LOOP('',(#3255,#3256,#3257,#3258));
#3255 = ORIENTED_EDGE('',*,*,#219,.F.);
#3256 = ORIENTED_EDGE('',*,*,#3230,.F.);
#3257 = ORIENTED_EDGE('',*,*,#1395,.T.);
#3258 = ORIENTED_EDGE('',*,*,#3259,.T.);
#3259 = EDGE_CURVE('',#1372,#191,#3260,.T.);
#3260 = SURFACE_CURVE('',#3261,(#3265,#3272),.PCURVE_S1.);
#3261 = LINE('',#3262,#3263);
#3262 = CARTESIAN_POINT('',(36.799140035225,23.942372067031,0.));
#3263 = VECTOR('',#3264,1.);
#3264 = DIRECTION('',(0.,0.,1.));
#3265 = PCURVE('',#236,#3266);
#3266 = DEFINITIONAL_REPRESENTATION('',(#3267),#3271);
#3267 = LINE('',#3268,#3269);
#3268 = CARTESIAN_POINT('',(5.675755312012,0.));
#3269 = VECTOR('',#3270,1.);
#3270 = DIRECTION('',(0.,1.));
#3271 = ( GEOMETRIC_REPRESENTATION_CONTEXT(2) 
PARAMETRIC_REPRESENTATION_CONTEXT() REPRESENTATION_CONTEXT('2D SPACE',''
  ) );
#3272 = PCURVE('',#207,#3273);
#3273 = DEFINITIONAL_REPRESENTATION('',(#3274),#3278);
#3274 = LINE('',#3275,#3276);
#3275 = CARTESIAN_POINT('',(0.576813156155,0.));
#3276 = VECTOR('',#3277,1.);
#3277 = DIRECTION('',(0.,1.));
#3278 = ( GEOMETRIC_REPRESENTATION_CONTEXT(2) 
PARAMETRIC_REPRESENTATION_CONTEXT() REPRESENTATION_CONTEXT('2D SPACE',''
  ) );
#3279 = ADVANCED_FACE('',(#3280),#207,.T.);
#3280 = FACE_BOUND('',#3281,.T.);
#3281 = EDGE_LOOP('',(#3282,#3283,#3284,#3285));
#3282 = ORIENTED_EDGE('',*,*,#190,.F.);
#3283 = ORIENTED_EDGE('',*,*,#1296,.F.);
#3284 = ORIENTED_EDGE('',*,*,#1371,.T.);
#3285 = ORIENTED_EDGE('',*,*,#3259,.T.);
#3286 = ADVANCED_FACE('',(#3287),#1280,.F.);
#3287 = FACE_BOUND('',#3288,.F.);
#3288 = EDGE_LOOP('',(#3289,#3290,#3311,#3312));
#3289 = ORIENTED_EDGE('',*,*,#1263,.F.);
#3290 = ORIENTED_EDGE('',*,*,#3291,.F.);
#3291 = EDGE_CURVE('',#2260,#1264,#3292,.T.);
#3292 = SEAM_CURVE('',#3293,(#3297,#3304),.PCURVE_S1.);
#3293 = LINE('',#3294,#3295);
#3294 = CARTESIAN_POINT('',(10.,-2.449293598295E-15,0.));
#3295 = VECTOR('',#3296,1.);
#3296 = DIRECTION('',(0.,0.,1.));
#3297 = PCURVE('',#1280,#3298);
#3298 = DEFINITIONAL_REPRESENTATION('',(#3299),#3303);
#3299 = LINE('',#3300,#3301);
#3300 = CARTESIAN_POINT('',(6.28318530718,-0.));
#3301 = VECTOR('',#3302,1.);
#3302 = DIRECTION('',(0.,1.));
#3303 = ( GEOMETRIC_REPRESENTATION_CONTEXT(2) 
PARAMETRIC_REPRESENTATION_CONTEXT() REPRESENTATION_CONTEXT('2D SPACE',''
  ) );
#3304 = PCURVE('',#1280,#3305);
#3305 = DEFINITIONAL_REPRESENTATION('',(#3306),#3310);
#3306 = LINE('',#3307,#3308);
#3307 = CARTESIAN_POINT('',(0.,-0.));
#3308 = VECTOR('',#3309,1.);
#3309 = DIRECTION('',(0.,1.));
#3310 = ( GEOMETRIC_REPRESENTATION_CONTEXT(2) 
PARAMETRIC_REPRESENTATION_CONTEXT() REPRESENTATION_CONTEXT('2D SPACE',''
  ) );
#3311 = ORIENTED_EDGE('',*,*,#2259,.T.);
#3312 = ORIENTED_EDGE('',*,*,#3291,.T.);
#3313 = ( GEOMETRIC_REPRESENTATION_CONTEXT(3) 
GLOBAL_UNCERTAINTY_ASSIGNED_CONTEXT((#3317)) 
GLOBAL_UNIT_ASSIGNED_CONTEXT((#3314,#3315,#3316)) REPRESENTATION_CONTEXT
('Context #1','3D Context with UNIT and UNCERTAINTY') );
#3314 = ( LENGTH_UNIT() NAMED_UNIT(*) SI_UNIT(.MILLI.,.METRE.) );
#3315 = ( NAMED_UNIT(*) PLANE_ANGLE_UNIT() SI_UNIT($,.RADIAN.) );
#3316 = ( NAMED_UNIT(*) SI_UNIT($,.STERADIAN.) SOLID_ANGLE_UNIT() );
#3317 = UNCERTAINTY_MEASURE_WITH_UNIT(LENGTH_MEASURE(1.E-07),#3314,
  'distance_accuracy_value','confusion accuracy');
#3318 = PRODUCT_RELATED_PRODUCT_CATEGORY('part',$,(#7));
ENDSEC;
END-ISO-10303-21;
