; generated by PrusaSlicer 2.5.0 on 2026-09-21 at 15:56:56 UTC

; 

; external perimeters extrusion width = 0.45mm
; perimeters extrusion width = 0.45mm
; infill extrusion width = 0.45mm
; solid infill extrusion width = 0.45mm
; top infill extrusion width = 0.40mm
; first layer extrusion width = 0.40mm

M107
M190 S60 ; set bed temperature and wait for it to be reached
M104 S205 ; set temperature
;TYPE:Custom
G28 ; home all axes
G1 Z5 F5000 ; lift nozzle
M109 S205 ; set temperature and wait for it to be reached
G21 ; set units to millimeters
G90 ; use absolute coordinates
M82 ; use absolute distances for extrusion
G92 E0
; Filament gcode
M107
;LAYER_CHANGE
;Z:0.2
;HEIGHT:0.2
G1 Z.2 F7200
G1 E-2 F2400
G92 E0
G1 X90.181 Y97.854 F7200
G1 E2 F2400
;TYPE:Skirt/Brim
;WIDTH:0.4
G1 F1800
G1 X91.923 Y96.437 E2.06669
G1 X95 Y95.643 E2.16103
G1 X125 Y95.643 E3.05177
G1 X127.211 Y96.04 E3.11847
G1 X129.146 Y97.181 E3.18516
G1 X130.563 Y98.923 E3.25185
G1 X131.357 Y102 E3.34619
G1 X131.357 Y118 E3.82125
G1 X130.96 Y120.211 E3.88795
G1 X129.819 Y122.146 E3.95464
G1 X128.077 Y123.563 E4.02134
G1 X125 Y124.357 E4.11567
G1 X95 Y124.357 E5.00641
G1 X92.789 Y123.96 E5.07311
G1 X90.854 Y122.819 E5.1398
G1 X89.437 Y121.077 E5.2065
G1 X88.643 Y118 E5.30084
G1 X88.643 Y102 E5.7759
G1 X89.04 Y99.789 E5.84259
G1 X90.15 Y97.906 E5.9075
G1 E3.9075 F2400
G92 E0
G1 X95.557 Y102.557 F7200
G1 E2 F2400
;TYPE:Perimeter
;WIDTH:0.399999
G1 F1800
G1 X124.443 Y102.557 E2.85766
G1 X124.443 Y117.443 E3.29964
G1 X95.557 Y117.443 E4.15729
G1 X95.557 Y102.617 E4.59749
G1 X95.2 Y102.2 F7200
;TYPE:External perimeter
G1 F1800
G1 X124.8 Y102.2 E5.47635
G1 X124.8 Y117.8 E5.93953
G1 X95.2 Y117.8 E6.8184
G1 X95.2 Y102.26 E7.2798
G1 X95.595 Y102.264 F7200
G1 E5.2798 F2400
G92 E0
G1 X124.336 Y103.395 F7200
G1 E2 F2400
;TYPE:Solid infill
;WIDTH:0.404082
G1 F1800
G1 X123.766 Y102.825 E2.0242
G1 X123.255 Y102.825 E2.03954
G1 X124.175 Y103.745 E2.07861
G1 X124.175 Y104.256 E2.09394
G1 X122.744 Y102.825 E2.1547
G1 X122.234 Y102.825 E2.17004
G1 X124.175 Y104.766 E2.25249
G1 X124.175 Y105.277 E2.26783
G1 X121.723 Y102.825 E2.37198
G1 X121.212 Y102.825 E2.38732
G1 X124.175 Y105.788 E2.51315
G1 X124.175 Y106.299 E2.52849
G1 X120.701 Y102.825 E2.67602
G1 X120.191 Y102.825 E2.69136
G1 X124.175 Y106.809 E2.86057
G1 X124.175 Y107.32 E2.87591
G1 X119.68 Y102.825 E3.06682
G1 X119.169 Y102.825 E3.08216
G1 X124.175 Y107.831 E3.29477
G1 X124.175 Y108.342 E3.3101
G1 X118.658 Y102.825 E3.5444
G1 X118.148 Y102.825 E3.55974
G1 X124.175 Y108.852 E3.81573
G1 X124.175 Y109.363 E3.83106
G1 X117.637 Y102.825 E4.10874
G1 X117.126 Y102.825 E4.12408
G1 X124.175 Y109.874 E4.42345
G1 X124.175 Y110.385 E4.43879
G1 X116.615 Y102.825 E4.75985
G1 X116.105 Y102.825 E4.77519
G1 X124.175 Y110.895 E5.11795
G1 X124.175 Y111.406 E5.13329
G1 X115.594 Y102.825 E5.49773
G1 X115.083 Y102.825 E5.51307
G1 X124.175 Y111.917 E5.89921
G1 X124.175 Y112.428 E5.91455
G1 X114.572 Y102.825 E6.32238
G1 X114.062 Y102.825 E6.33772
G1 X124.175 Y112.938 E6.76724
G1 X124.175 Y113.449 E6.78258
G1 X113.551 Y102.825 E7.23379
G1 X113.04 Y102.825 E7.24913
G1 X124.175 Y113.96 E7.72204
G1 X124.175 Y114.471 E7.73738
G1 X112.529 Y102.825 E8.23197
G1 X112.019 Y102.825 E8.24731
G1 X124.175 Y114.981 E8.7636
G1 X124.175 Y115.492 E8.77894
G1 X111.508 Y102.825 E9.31692
G1 X110.997 Y102.825 E9.33226
G1 X124.175 Y116.003 E9.89194
G1 X124.175 Y116.514 E9.90727
G1 X110.486 Y102.825 E10.48864
G1 X109.975 Y102.825 E10.50398
G1 X124.175 Y117.025 E11.10704
G1 X124.175 Y117.175 E11.11156
G1 X123.815 Y117.175 E11.12237
G1 X109.465 Y102.825 E11.73183
G1 X108.954 Y102.825 E11.74717
G1 X123.304 Y117.175 E12.35662
G1 X122.793 Y117.175 E12.37196
G1 X108.443 Y102.825 E12.98141
G1 X107.932 Y102.825 E12.99675
G1 X122.283 Y117.175 E13.6062
G1 X121.772 Y117.175 E13.62154
G1 X107.422 Y102.825 E14.231
G1 X106.911 Y102.825 E14.24633
G1 X121.261 Y117.175 E14.85579
G1 X120.75 Y117.175 E14.87113
G1 X106.4 Y102.825 E15.48058
G1 X105.889 Y102.825 E15.49592
G1 X120.24 Y117.175 E16.10537
G1 X119.729 Y117.175 E16.12071
G1 X105.379 Y102.825 E16.73016
G1 X104.868 Y102.825 E16.7455
G1 X119.218 Y117.175 E17.35496
G1 X118.707 Y117.175 E17.37029
G1 X104.357 Y102.825 E17.97975
G1 X103.846 Y102.825 E17.99509
G1 X118.197 Y117.175 E18.60454
G1 X117.686 Y117.175 E18.61988
G1 X103.336 Y102.825 E19.22933
G1 X102.825 Y102.825 E19.24467
G1 X117.175 Y117.175 E19.85412
G1 X116.664 Y117.175 E19.86946
G1 X102.314 Y102.825 E20.47891
G1 X101.803 Y102.825 E20.49425
G1 X116.154 Y117.175 E21.10371
G1 X115.643 Y117.175 E21.11904
G1 X101.293 Y102.825 E21.7285
G1 X100.782 Y102.825 E21.74384
G1 X115.132 Y117.175 E22.35329
G1 X114.621 Y117.175 E22.36863
G1 X100.271 Y102.825 E22.97808
G1 X99.76 Y102.825 E22.99342
G1 X114.111 Y117.175 E23.60287
G1 X113.6 Y117.175 E23.61821
G1 X99.25 Y102.825 E24.22767
G1 X98.739 Y102.825 E24.243
G1 X113.089 Y117.175 E24.85246
G1 X112.578 Y117.175 E24.8678
G1 X98.228 Y102.825 E25.47725
G1 X97.717 Y102.825 E25.49259
G1 X112.067 Y117.175 E26.10204
G1 X111.557 Y117.175 E26.11738
G1 X97.206 Y102.825 E26.72683
G1 X96.696 Y102.825 E26.74217
G1 X111.046 Y117.175 E27.35162
G1 X110.535 Y117.175 E27.36696
G1 X96.185 Y102.825 E27.97642
G1 X95.825 Y102.825 E27.98723
G1 X95.825 Y102.976 E27.99176
G1 X110.024 Y117.175 E28.59481
G1 X109.514 Y117.175 E28.61015
G1 X95.825 Y103.486 E29.19151
G1 X95.825 Y103.997 E29.20685
G1 X109.003 Y117.175 E29.76652
G1 X108.492 Y117.175 E29.78185
G1 X95.825 Y104.508 E30.31983
G1 X95.825 Y105.019 E30.33517
G1 X107.981 Y117.175 E30.85146
G1 X107.471 Y117.175 E30.8668
G1 X95.825 Y105.529 E31.36139
G1 X95.825 Y106.04 E31.37673
G1 X106.96 Y117.175 E31.84963
G1 X106.449 Y117.175 E31.86497
G1 X95.825 Y106.551 E32.31618
G1 X95.825 Y107.062 E32.33152
G1 X105.938 Y117.175 E32.76103
G1 X105.428 Y117.175 E32.77637
G1 X95.825 Y107.572 E33.1842
G1 X95.825 Y108.083 E33.19954
G1 X104.917 Y117.175 E33.58567
G1 X104.406 Y117.175 E33.60101
G1 X95.825 Y108.594 E33.96545
G1 X95.825 Y109.105 E33.98079
G1 X103.895 Y117.175 E34.32354
G1 X103.385 Y117.175 E34.33888
G1 X95.825 Y109.615 E34.65994
G1 X95.825 Y110.126 E34.67528
G1 X102.874 Y117.175 E34.97464
G1 X102.363 Y117.175 E34.98998
G1 X95.825 Y110.637 E35.26765
G1 X95.825 Y111.148 E35.28299
G1 X101.852 Y117.175 E35.53898
G1 X101.342 Y117.175 E35.55431
G1 X95.825 Y111.658 E35.7886
G1 X95.825 Y112.169 E35.80394
G1 X100.831 Y117.175 E36.01654
G1 X100.32 Y117.175 E36.03188
G1 X95.825 Y112.68 E36.22279
G1 X95.825 Y113.191 E36.23813
G1 X99.809 Y117.175 E36.40734
G1 X99.298 Y117.175 E36.42268
G1 X95.825 Y113.702 E36.5702
G1 X95.825 Y114.212 E36.58554
G1 X98.788 Y117.175 E36.71137
G1 X98.277 Y117.175 E36.72671
G1 X95.825 Y114.723 E36.83085
G1 X95.825 Y115.234 E36.84619
G1 X97.766 Y117.175 E36.92863
G1 X97.255 Y117.175 E36.94397
G1 X95.825 Y115.745 E37.00473
G1 X95.825 Y116.255 E37.02007
G1 X96.745 Y117.175 E37.05913
G1 X96.234 Y117.175 E37.07447
G1 X95.664 Y116.605 E37.09866
;LAYER_CHANGE
;Z:0.4
;HEIGHT:0.2
G1 Z.4 F7200
M104 S200 ; set temperature
G1 E35.09866 F2400
G92 E0
G1 X95.632 Y102.632 F7200
G1 E2 F2400
;TYPE:Perimeter
;WIDTH:0.449999
G1 X124.368 Y102.632 E2.97267
G1 X124.368 Y117.368 E3.47146
G1 X95.632 Y117.368 E4.44414
G1 X95.632 Y102.692 E4.94089
G1 X95.225 Y102.225 F7200
;TYPE:External perimeter
G1 F1800
G1 X124.775 Y102.225 E5.94113
G1 X124.775 Y117.775 E6.46747
G1 X95.225 Y117.775 E7.4677
G1 X95.225 Y102.285 E7.99202
G1 X95.62 Y102.289 F7200
G1 E5.99202 F2400
G92 E0
G1 X123.414 Y117.246 F7200
G1 E2 F2400
;TYPE:Solid infill
;WIDTH:0.454424
G1 F3000
G1 X124.063 Y116.597 E2.03141
G1 X124.063 Y116.015 E2.05132
G1 X123.015 Y117.063 E2.10203
G1 X122.433 Y117.063 E2.12194
G1 X124.063 Y115.433 E2.20081
G1 X124.063 Y114.851 E2.22072
G1 X121.851 Y117.063 E2.32775
G1 X121.269 Y117.063 E2.34766
G1 X124.063 Y114.269 E2.48285
G1 X124.063 Y113.687 E2.50276
G1 X120.687 Y117.063 E2.66611
G1 X120.105 Y117.063 E2.68602
G1 X124.063 Y113.105 E2.87753
G1 X124.063 Y112.523 E2.89745
G1 X119.523 Y117.063 E3.11712
G1 X118.941 Y117.063 E3.13703
G1 X124.063 Y111.941 E3.38486
G1 X124.063 Y111.359 E3.40477
G1 X118.359 Y117.063 E3.68076
G1 X117.777 Y117.063 E3.70068
G1 X124.063 Y110.777 E4.00483
G1 X124.063 Y110.195 E4.02474
G1 X117.195 Y117.063 E4.35705
G1 X116.613 Y117.063 E4.37697
G1 X124.063 Y109.613 E4.73744
G1 X124.063 Y109.031 E4.75735
G1 X116.031 Y117.063 E5.14599
G1 X115.449 Y117.063 E5.1659
G1 X124.063 Y108.449 E5.58269
G1 X124.063 Y107.867 E5.60261
G1 X114.867 Y117.063 E6.04756
G1 X114.285 Y117.063 E6.06747
G1 X124.063 Y107.285 E6.54059
G1 X124.063 Y106.703 E6.5605
G1 X113.703 Y117.063 E7.06178
G1 X113.122 Y117.063 E7.08169
G1 X124.063 Y106.122 E7.61113
G1 X124.063 Y105.54 E7.63104
G1 X112.54 Y117.063 E8.18864
G1 X111.958 Y117.063 E8.20855
G1 X124.063 Y104.958 E8.79431
G1 X124.063 Y104.376 E8.81422
G1 X111.376 Y117.063 E9.42814
G1 X110.794 Y117.063 E9.44805
G1 X124.063 Y103.794 E10.09013
G1 X124.063 Y103.212 E10.11005
G1 X110.212 Y117.063 E10.78029
G1 X109.63 Y117.063 E10.8002
G1 X123.755 Y102.937 E11.48372
G1 X123.173 Y102.937 E11.50363
G1 X109.048 Y117.063 E12.18714
G1 X108.466 Y117.063 E12.20706
G1 X122.591 Y102.937 E12.89057
G1 X122.009 Y102.937 E12.91049
G1 X107.884 Y117.063 E13.594
G1 X107.302 Y117.063 E13.61392
G1 X121.427 Y102.937 E14.29743
G1 X120.845 Y102.937 E14.31735
G1 X106.72 Y117.063 E15.00086
G1 X106.138 Y117.063 E15.02078
G1 X120.263 Y102.937 E15.70429
G1 X119.681 Y102.937 E15.7242
G1 X105.556 Y117.063 E16.40772
G1 X104.974 Y117.063 E16.42763
G1 X119.099 Y102.937 E17.11115
G1 X118.517 Y102.937 E17.13106
G1 X104.392 Y117.063 E17.81458
G1 X103.81 Y117.063 E17.83449
G1 X117.935 Y102.937 E18.51801
G1 X117.354 Y102.937 E18.53792
G1 X103.228 Y117.063 E19.22144
G1 X102.646 Y117.063 E19.24135
G1 X116.772 Y102.937 E19.92487
G1 X116.19 Y102.937 E19.94478
G1 X102.064 Y117.063 E20.6283
G1 X101.482 Y117.063 E20.64821
G1 X115.608 Y102.937 E21.33173
G1 X115.026 Y102.937 E21.35164
G1 X100.9 Y117.063 E22.03516
G1 X100.319 Y117.063 E22.05507
G1 X114.444 Y102.937 E22.73859
G1 X113.862 Y102.937 E22.7585
G1 X99.737 Y117.063 E23.44202
G1 X99.155 Y117.063 E23.46193
G1 X113.28 Y102.937 E24.14545
G1 X112.698 Y102.937 E24.16536
G1 X98.573 Y117.063 E24.84888
G1 X97.991 Y117.063 E24.86879
G1 X112.116 Y102.937 E25.5523
G1 X111.534 Y102.937 E25.57222
G1 X97.409 Y117.063 E26.25573
G1 X96.827 Y117.063 E26.27565
G1 X110.952 Y102.937 E26.95916
G1 X110.37 Y102.937 E26.97908
G1 X96.245 Y117.063 E27.66259
G1 X95.937 Y117.063 E27.67311
G1 X95.937 Y116.788 E27.68251
G1 X109.788 Y102.937 E28.35274
G1 X109.206 Y102.937 E28.37265
G1 X95.937 Y116.206 E29.01473
G1 X95.937 Y115.624 E29.03464
G1 X108.624 Y102.937 E29.64855
G1 X108.042 Y102.937 E29.66846
G1 X95.937 Y115.042 E30.25422
G1 X95.937 Y114.46 E30.27413
G1 X107.46 Y102.937 E30.83172
G1 X106.878 Y102.937 E30.85163
G1 X95.937 Y113.878 E31.38106
G1 X95.937 Y113.296 E31.40098
G1 X106.296 Y102.937 E31.90225
G1 X105.714 Y102.937 E31.92216
G1 X95.937 Y112.714 E32.39527
G1 X95.937 Y112.132 E32.41518
G1 X105.132 Y102.937 E32.86013
G1 X104.551 Y102.937 E32.88004
G1 X95.937 Y111.551 E33.29683
G1 X95.937 Y110.969 E33.31674
G1 X103.969 Y102.937 E33.70537
G1 X103.387 Y102.937 E33.72528
G1 X95.937 Y110.387 E34.08575
G1 X95.937 Y109.805 E34.10566
G1 X102.805 Y102.937 E34.43797
G1 X102.223 Y102.937 E34.45788
G1 X95.937 Y109.223 E34.76203
G1 X95.937 Y108.641 E34.78194
G1 X101.641 Y102.937 E35.05793
G1 X101.059 Y102.937 E35.07784
G1 X95.937 Y108.059 E35.32566
G1 X95.937 Y107.477 E35.34558
G1 X100.477 Y102.937 E35.56524
G1 X99.895 Y102.937 E35.58515
G1 X95.937 Y106.895 E35.77666
G1 X95.937 Y106.313 E35.79657
G1 X99.313 Y102.937 E35.95991
G1 X98.731 Y102.937 E35.97982
G1 X95.937 Y105.731 E36.11501
G1 X95.937 Y105.149 E36.13492
G1 X98.149 Y102.937 E36.24194
G1 X97.567 Y102.937 E36.26185
G1 X95.937 Y104.567 E36.34071
G1 X95.937 Y103.985 E36.36063
G1 X96.985 Y102.937 E36.41133
G1 X96.403 Y102.937 E36.43124
G1 X95.754 Y103.586 E36.46264
;LAYER_CHANGE
;Z:0.6
;HEIGHT:0.2
G1 Z.6 F7200
G1 X95.632 Y102.632
;TYPE:Perimeter
;WIDTH:0.449999
G1 F2400
G1 X124.368 Y102.632 E37.43532
G1 X124.368 Y117.368 E37.93411
G1 X95.632 Y117.368 E38.90678
G1 X95.632 Y102.692 E39.40354
G1 X95.225 Y102.225 F7200
;TYPE:External perimeter
G1 F1800
G1 X124.775 Y102.225 E40.40377
G1 X124.775 Y117.775 E40.93012
G1 X95.225 Y117.775 E41.93035
G1 X95.225 Y102.285 E42.45467
G1 X95.62 Y102.289 F7200
G1 E40.45467 F2400
G92 E0
G1 X123.414 Y102.754 F7200
G1 E2 F2400
;TYPE:Solid infill
;WIDTH:0.454424
G1 F3000
G1 X124.063 Y103.403 E2.03141
G1 X124.063 Y103.985 E2.05132
G1 X123.015 Y102.937 E2.10203
G1 X122.433 Y102.937 E2.12194
G1 X124.063 Y104.567 E2.20081
G1 X124.063 Y105.149 E2.22072
G1 X121.851 Y102.937 E2.32775
G1 X121.269 Y102.937 E2.34766
G1 X124.063 Y105.731 E2.48285
G1 X124.063 Y106.313 E2.50276
G1 X120.687 Y102.937 E2.66611
G1 X120.105 Y102.937 E2.68602
G1 X124.063 Y106.895 E2.87753
G1 X124.063 Y107.477 E2.89745
G1 X119.523 Y102.937 E3.11712
G1 X118.941 Y102.937 E3.13703
G1 X124.063 Y108.059 E3.38486
G1 X124.063 Y108.641 E3.40477
G1 X118.359 Y102.937 E3.68076
G1 X117.777 Y102.937 E3.70068
G1 X124.063 Y109.223 E4.00483
G1 X124.063 Y109.805 E4.02474
G1 X117.195 Y102.937 E4.35705
G1 X116.613 Y102.937 E4.37697
G1 X124.063 Y110.387 E4.73744
G1 X124.063 Y110.969 E4.75735
G1 X116.031 Y102.937 E5.14599
G1 X115.449 Y102.937 E5.1659
G1 X124.063 Y111.551 E5.58269
G1 X124.063 Y112.133 E5.60261
G1 X114.867 Y102.937 E6.04756
G1 X114.285 Y102.937 E6.06747
G1 X124.063 Y112.715 E6.54059
G1 X124.063 Y113.297 E6.5605
G1 X113.703 Y102.937 E7.06178
G1 X113.122 Y102.937 E7.08169
G1 X124.063 Y113.878 E7.61113
G1 X124.063 Y114.46 E7.63104
G1 X112.54 Y102.937 E8.18864
G1 X111.958 Y102.937 E8.20855
G1 X124.063 Y115.042 E8.79431
G1 X124.063 Y115.624 E8.81422
G1 X111.376 Y102.937 E9.42814
G1 X110.794 Y102.937 E9.44805
G1 X124.063 Y116.206 E10.09013
G1 X124.063 Y116.788 E10.11005
G1 X110.212 Y102.937 E10.78029
G1 X109.63 Y102.937 E10.8002
G1 X123.755 Y117.063 E11.48372
G1 X123.173 Y117.063 E11.50363
G1 X109.048 Y102.937 E12.18714
G1 X108.466 Y102.937 E12.20706
G1 X122.591 Y117.063 E12.89057
G1 X122.009 Y117.063 E12.91049
G1 X107.884 Y102.937 E13.594
G1 X107.302 Y102.937 E13.61392
G1 X121.427 Y117.063 E14.29743
G1 X120.845 Y117.063 E14.31735
G1 X106.72 Y102.937 E15.00086
G1 X106.138 Y102.937 E15.02077
G1 X120.263 Y117.063 E15.70429
G1 X119.681 Y117.063 E15.7242
G1 X105.556 Y102.937 E16.40772
G1 X104.974 Y102.937 E16.42763
G1 X119.099 Y117.063 E17.11115
G1 X118.517 Y117.063 E17.13106
G1 X104.392 Y102.937 E17.81458
G1 X103.81 Y102.937 E17.83449
G1 X117.935 Y117.063 E18.51801
G1 X117.354 Y117.063 E18.53792
G1 X103.228 Y102.937 E19.22144
G1 X102.646 Y102.937 E19.24135
G1 X116.772 Y117.063 E19.92487
G1 X116.19 Y117.063 E19.94478
G1 X102.064 Y102.937 E20.6283
G1 X101.482 Y102.937 E20.64821
G1 X115.608 Y117.063 E21.33173
G1 X115.026 Y117.063 E21.35164
G1 X100.9 Y102.937 E22.03516
G1 X100.319 Y102.937 E22.05507
G1 X114.444 Y117.063 E22.73858
G1 X113.862 Y117.063 E22.7585
G1 X99.737 Y102.937 E23.44201
G1 X99.155 Y102.937 E23.46193
G1 X113.28 Y117.063 E24.14544
G1 X112.698 Y117.063 E24.16536
G1 X98.573 Y102.937 E24.84887
G1 X97.991 Y102.937 E24.86879
G1 X112.116 Y117.063 E25.5523
G1 X111.534 Y117.063 E25.57221
G1 X97.409 Y102.937 E26.25573
G1 X96.827 Y102.937 E26.27564
G1 X110.952 Y117.063 E26.95916
G1 X110.37 Y117.063 E26.97907
G1 X96.245 Y102.937 E27.66259
G1 X95.937 Y102.937 E27.67311
G1 X95.937 Y103.212 E27.6825
G1 X109.788 Y117.063 E28.35274
G1 X109.206 Y117.063 E28.37265
G1 X95.937 Y103.794 E29.01472
G1 X95.937 Y104.376 E29.03464
G1 X108.624 Y117.063 E29.64855
G1 X108.042 Y117.063 E29.66846
G1 X95.937 Y104.958 E30.25421
G1 X95.937 Y105.54 E30.27413
G1 X107.46 Y117.063 E30.83172
G1 X106.878 Y117.063 E30.85163
G1 X95.937 Y106.122 E31.38106
G1 X95.937 Y106.704 E31.40097
G1 X106.296 Y117.063 E31.90224
G1 X105.714 Y117.063 E31.92216
G1 X95.937 Y107.286 E32.39527
G1 X95.937 Y107.868 E32.41518
G1 X105.132 Y117.063 E32.86013
G1 X104.551 Y117.063 E32.88004
G1 X95.937 Y108.449 E33.29683
G1 X95.937 Y109.031 E33.31674
G1 X103.969 Y117.063 E33.70537
G1 X103.387 Y117.063 E33.72528
G1 X95.937 Y109.613 E34.08575
G1 X95.937 Y110.195 E34.10566
G1 X102.805 Y117.063 E34.43797
G1 X102.223 Y117.063 E34.45788
G1 X95.937 Y110.777 E34.76203
G1 X95.937 Y111.359 E34.78194
G1 X101.641 Y117.063 E35.05793
G1 X101.059 Y117.063 E35.07784
G1 X95.937 Y111.941 E35.32566
G1 X95.937 Y112.523 E35.34558
G1 X100.477 Y117.063 E35.56524
G1 X99.895 Y117.063 E35.58515
G1 X95.937 Y113.105 E35.77666
G1 X95.937 Y113.687 E35.79657
G1 X99.313 Y117.063 E35.95991
G1 X98.731 Y117.063 E35.97982
G1 X95.937 Y114.269 E36.11501
G1 X95.937 Y114.851 E36.13492
G1 X98.149 Y117.063 E36.24194
G1 X97.567 Y117.063 E36.26185
G1 X95.937 Y115.433 E36.34071
G1 X95.937 Y116.015 E36.36063
G1 X96.985 Y117.063 E36.41133
G1 X96.403 Y117.063 E36.43124
G1 X95.754 Y116.414 E36.46264
M106 S191.25
;LAYER_CHANGE
;Z:0.8
;HEIGHT:0.2
G1 Z.8 F7200
G1 E34.46264 F2400
G92 E0
G1 X95.632 Y102.632 F7200
G1 E2 F2400
;TYPE:Perimeter
;WIDTH:0.449999
G1 X124.368 Y102.632 E2.97267
G1 X124.368 Y117.368 E3.47146
G1 X95.632 Y117.368 E4.44414
G1 X95.632 Y102.692 E4.94089
G1 X95.225 Y102.225 F7200
;TYPE:External perimeter
G1 F1800
G1 X124.775 Y102.225 E5.94113
G1 X124.775 Y117.775 E6.46747
G1 X95.225 Y117.775 E7.4677
G1 X95.225 Y102.285 E7.99202
G1 X95.62 Y102.289 F7200
G1 E5.99202 F2400
G92 E0
G1 X123.414 Y117.246 F7200
G1 E2 F2400
;TYPE:Solid infill
;WIDTH:0.454424
G1 F3000
G1 X124.063 Y116.597 E2.03141
G1 X124.063 Y116.015 E2.05132
G1 X123.015 Y117.063 E2.10203
G1 X122.433 Y117.063 E2.12194
G1 X124.063 Y115.433 E2.20081
G1 X124.063 Y114.851 E2.22072
G1 X121.851 Y117.063 E2.32775
G1 X121.269 Y117.063 E2.34766
G1 X124.063 Y114.269 E2.48285
G1 X124.063 Y113.687 E2.50276
G1 X120.687 Y117.063 E2.66611
G1 X120.105 Y117.063 E2.68602
G1 X124.063 Y113.105 E2.87753
G1 X124.063 Y112.523 E2.89745
G1 X119.523 Y117.063 E3.11712
G1 X118.941 Y117.063 E3.13703
G1 X124.063 Y111.941 E3.38486
G1 X124.063 Y111.359 E3.40477
G1 X118.359 Y117.063 E3.68076
G1 X117.777 Y117.063 E3.70068
G1 X124.063 Y110.777 E4.00483
G1 X124.063 Y110.195 E4.02474
G1 X117.195 Y117.063 E4.35705
G1 X116.613 Y117.063 E4.37697
G1 X124.063 Y109.613 E4.73744
G1 X124.063 Y109.031 E4.75735
G1 X116.031 Y117.063 E5.14599
G1 X115.449 Y117.063 E5.1659
G1 X124.063 Y108.449 E5.58269
G1 X124.063 Y107.867 E5.60261
G1 X114.867 Y117.063 E6.04756
G1 X114.285 Y117.063 E6.06747
G1 X124.063 Y107.285 E6.54059
G1 X124.063 Y106.703 E6.5605
G1 X113.703 Y117.063 E7.06178
G1 X113.122 Y117.063 E7.08169
G1 X124.063 Y106.122 E7.61113
G1 X124.063 Y105.54 E7.63104
G1 X112.54 Y117.063 E8.18864
G1 X111.958 Y117.063 E8.20855
G1 X124.063 Y104.958 E8.79431
G1 X124.063 Y104.376 E8.81422
G1 X111.376 Y117.063 E9.42814
G1 X110.794 Y117.063 E9.44805
G1 X124.063 Y103.794 E10.09013
G1 X124.063 Y103.212 E10.11005
G1 X110.212 Y117.063 E10.78029
G1 X109.63 Y117.063 E10.8002
G1 X123.755 Y102.937 E11.48372
G1 X123.173 Y102.937 E11.50363
G1 X109.048 Y117.063 E12.18714
G1 X108.466 Y117.063 E12.20706
G1 X122.591 Y102.937 E12.89057
G1 X122.009 Y102.937 E12.91049
G1 X107.884 Y117.063 E13.594
G1 X107.302 Y117.063 E13.61392
G1 X121.427 Y102.937 E14.29743
G1 X120.845 Y102.937 E14.31735
G1 X106.72 Y117.063 E15.00086
G1 X106.138 Y117.063 E15.02078
G1 X120.263 Y102.937 E15.70429
G1 X119.681 Y102.937 E15.7242
G1 X105.556 Y117.063 E16.40772
G1 X104.974 Y117.063 E16.42763
G1 X119.099 Y102.937 E17.11115
G1 X118.517 Y102.937 E17.13106
G1 X104.392 Y117.063 E17.81458
G1 X103.81 Y117.063 E17.83449
G1 X117.935 Y102.937 E18.51801
G1 X117.354 Y102.937 E18.53792
G1 X103.228 Y117.063 E19.22144
G1 X102.646 Y117.063 E19.24135
G1 X116.772 Y102.937 E19.92487
G1 X116.19 Y102.937 E19.94478
G1 X102.064 Y117.063 E20.6283
G1 X101.482 Y117.063 E20.64821
G1 X115.608 Y102.937 E21.33173
G1 X115.026 Y102.937 E21.35164
G1 X100.9 Y117.063 E22.03516
G1 X100.319 Y117.063 E22.05507
G1 X114.444 Y102.937 E22.73859
G1 X113.862 Y102.937 E22.7585
G1 X99.737 Y117.063 E23.44202
G1 X99.155 Y117.063 E23.46193
G1 X113.28 Y102.937 E24.14545
G1 X112.698 Y102.937 E24.16536
G1 X98.573 Y117.063 E24.84888
G1 X97.991 Y117.063 E24.86879
G1 X112.116 Y102.937 E25.5523
G1 X111.534 Y102.937 E25.57222
G1 X97.409 Y117.063 E26.25573
G1 X96.827 Y117.063 E26.27565
G1 X110.952 Y102.937 E26.95916
G1 X110.37 Y102.937 E26.97908
G1 X96.245 Y117.063 E27.66259
G1 X95.937 Y117.063 E27.67311
G1 X95.937 Y116.788 E27.68251
G1 X109.788 Y102.937 E28.35274
G1 X109.206 Y102.937 E28.37265
G1 X95.937 Y116.206 E29.01473
G1 X95.937 Y115.624 E29.03464
G1 X108.624 Y102.937 E29.64855
G1 X108.042 Y102.937 E29.66846
G1 X95.937 Y115.042 E30.25422
G1 X95.937 Y114.46 E30.27413
G1 X107.46 Y102.937 E30.83172
G1 X106.878 Y102.937 E30.85163
G1 X95.937 Y113.878 E31.38106
G1 X95.937 Y113.296 E31.40098
G1 X106.296 Y102.937 E31.90225
G1 X105.714 Y102.937 E31.92216
G1 X95.937 Y112.714 E32.39527
G1 X95.937 Y112.132 E32.41518
G1 X105.132 Y102.937 E32.86013
G1 X104.551 Y102.937 E32.88004
G1 X95.937 Y111.551 E33.29683
G1 X95.937 Y110.969 E33.31674
G1 X103.969 Y102.937 E33.70537
G1 X103.387 Y102.937 E33.72528
G1 X95.937 Y110.387 E34.08575
G1 X95.937 Y109.805 E34.10566
G1 X102.805 Y102.937 E34.43797
G1 X102.223 Y102.937 E34.45788
G1 X95.937 Y109.223 E34.76203
G1 X95.937 Y108.641 E34.78194
G1 X101.641 Y102.937 E35.05793
G1 X101.059 Y102.937 E35.07784
G1 X95.937 Y108.059 E35.32566
G1 X95.937 Y107.477 E35.34558
G1 X100.477 Y102.937 E35.56524
G1 X99.895 Y102.937 E35.58515
G1 X95.937 Y106.895 E35.77666
G1 X95.937 Y106.313 E35.79657
G1 X99.313 Y102.937 E35.95991
G1 X98.731 Y102.937 E35.97982
G1 X95.937 Y105.731 E36.11501
G1 X95.937 Y105.149 E36.13492
G1 X98.149 Y102.937 E36.24194
G1 X97.567 Y102.937 E36.26185
G1 X95.937 Y104.567 E36.34071
G1 X95.937 Y103.985 E36.36063
G1 X96.985 Y102.937 E36.41133
G1 X96.403 Y102.937 E36.43124
G1 X95.754 Y103.586 E36.46264
M106 S242.25
;LAYER_CHANGE
;Z:1
;HEIGHT:0.2
G1 Z1 F7200
G1 X95.632 Y102.632
;TYPE:Perimeter
;WIDTH:0.449999
G1 F2400
G1 X124.368 Y102.632 E37.43532
G1 X124.368 Y117.368 E37.93411
G1 X95.632 Y117.368 E38.90678
G1 X95.632 Y102.692 E39.40354
G1 X95.225 Y102.225 F7200
;TYPE:External perimeter
G1 F1800
G1 X124.775 Y102.225 E40.40377
G1 X124.775 Y117.775 E40.93012
G1 X95.225 Y117.775 E41.93035
G1 X95.225 Y102.285 E42.45467
G1 X95.62 Y102.289 F7200
G1 E40.45467 F2400
G92 E0
G1 X95.937 Y115.863 F7200
G1 E2 F2400
;TYPE:Internal infill
;WIDTH:0.45
G1 F3600
G1 X95.937 Y117.063 E2.0406
G1 X97.18 Y117.063 E2.08267
G1 X111.306 Y102.937 E2.75884
G1 X108.694 Y102.937 E2.84723
G1 X122.82 Y117.063 E3.5234
G1 X120.208 Y117.063 E3.61179
G1 X124.063 Y113.208 E3.79629
G1 X124.063 Y112.549 E3.81862
G1 X114.451 Y102.937 E4.2787
G1 X117.063 Y102.937 E4.36709
G1 X102.937 Y117.063 E5.04326
G1 X105.549 Y117.063 E5.13165
G1 X95.937 Y107.451 E5.59174
G1 X95.937 Y106.792 E5.61406
G1 X99.792 Y102.937 E5.79857
G1 X97.18 Y102.937 E5.88696
G1 X111.306 Y117.063 E6.56312
G1 X108.694 Y117.063 E6.65151
G1 X122.82 Y102.937 E7.32768
G1 X120.208 Y102.937 E7.41607
G1 X124.063 Y106.792 E7.60057
G1 X124.063 Y107.451 E7.6229
G1 X114.451 Y117.063 E8.08299
G1 X117.063 Y117.063 E8.17137
G1 X102.937 Y102.937 E8.84754
G1 X105.549 Y102.937 E8.93593
G1 X95.937 Y112.549 E9.39602
G1 X95.937 Y113.208 E9.41834
G1 X99.792 Y117.063 E9.60285
G1 X102.234 Y117.063 E9.68552
M106 S239.7
;LAYER_CHANGE
;Z:1.2
;HEIGHT:0.2
G1 Z1.2 F7200
G1 E7.68552 F2400
G92 E0
G1 X95.632 Y102.632 F7200
G1 E2 F2400
;TYPE:Perimeter
;WIDTH:0.449999
G1 X124.368 Y102.632 E2.97267
G1 X124.368 Y117.368 E3.47146
G1 X95.632 Y117.368 E4.44414
G1 X95.632 Y102.692 E4.94089
G1 X95.225 Y102.225 F7200
;TYPE:External perimeter
G1 F1800
G1 X124.775 Y102.225 E5.94113
G1 X124.775 Y117.775 E6.46747
G1 X95.225 Y117.775 E7.4677
G1 X95.225 Y102.285 E7.99202
G1 X95.62 Y102.289 F7200
G1 E5.99202 F2400
G92 E0
G1 X95.937 Y115.863 F7200
G1 E2 F2400
;TYPE:Internal infill
;WIDTH:0.45
G1 F3600
G1 X95.937 Y117.063 E2.0406
G1 X97.18 Y117.063 E2.08267
G1 X111.306 Y102.937 E2.75884
G1 X108.694 Y102.937 E2.84723
G1 X122.82 Y117.063 E3.5234
G1 X120.208 Y117.063 E3.61179
G1 X124.063 Y113.208 E3.79629
G1 X124.063 Y112.549 E3.81862
G1 X114.451 Y102.937 E4.2787
G1 X117.063 Y102.937 E4.36709
G1 X102.937 Y117.063 E5.04326
G1 X105.549 Y117.063 E5.13165
G1 X95.937 Y107.451 E5.59174
G1 X95.937 Y106.792 E5.61406
G1 X99.792 Y102.937 E5.79857
G1 X97.18 Y102.937 E5.88696
G1 X111.306 Y117.063 E6.56312
G1 X108.694 Y117.063 E6.65151
G1 X122.82 Y102.937 E7.32768
G1 X120.208 Y102.937 E7.41607
G1 X124.063 Y106.792 E7.60057
G1 X124.063 Y107.451 E7.6229
G1 X114.451 Y117.063 E8.08299
G1 X117.063 Y117.063 E8.17137
G1 X102.937 Y102.937 E8.84754
G1 X105.549 Y102.937 E8.93593
G1 X95.937 Y112.549 E9.39602
G1 X95.937 Y113.208 E9.41834
G1 X99.792 Y117.063 E9.60285
G1 X102.234 Y117.063 E9.68552
M106 S232.05
;LAYER_CHANGE
;Z:1.4
;HEIGHT:0.2
G1 Z1.4 F7200
G1 E7.68552 F2400
G92 E0
G1 X95.632 Y102.632 F7200
G1 E2 F2400
;TYPE:Perimeter
;WIDTH:0.449999
G1 X124.368 Y102.632 E2.97267
G1 X124.368 Y117.368 E3.47146
G1 X95.632 Y117.368 E4.44414
G1 X95.632 Y102.692 E4.94089
G1 X95.225 Y102.225 F7200
;TYPE:External perimeter
G1 F1800
G1 X124.775 Y102.225 E5.94113
G1 X124.775 Y117.775 E6.46747
G1 X95.225 Y117.775 E7.4677
G1 X95.225 Y102.285 E7.99202
G1 X95.62 Y102.289 F7200
G1 X95.937 Y104.137
;TYPE:Internal infill
;WIDTH:0.45
G1 F3600
G1 X95.937 Y102.937 E8.03262
G1 X97.18 Y102.937 E8.0747
G1 X99.778 Y105.535 E8.19904
G1 X97.194 Y105.535 E8.28649
G1 X99.792 Y102.937 E8.41083
G1 X102.234 Y102.937 E8.4935
G1 E6.4935 F2400
G92 E0
G1 X104.885 Y113.072 F7200
G1 E2 F2400
G1 F3600
G1 X104.403 Y113.499 E2.02181
G1 X103.785 Y113.927 E2.04726
G1 X103.248 Y114.243 E2.06832
G1 X102.839 Y114.353 E2.08266
G1 X105.549 Y117.063 E2.21235
G1 X102.937 Y117.063 E2.30074
G1 X117.063 Y102.937 E2.97691
G1 X114.451 Y102.937 E3.0653
G1 X124.063 Y112.549 E3.52538
G1 X124.063 Y113.208 E3.54771
G1 X120.208 Y117.063 E3.73221
G1 X122.82 Y117.063 E3.8206
G1 X108.694 Y102.937 E4.49677
G1 X111.306 Y102.937 E4.58516
G1 X105.903 Y108.34 E4.8438
G1 X106.096 Y108.796 E4.86056
G1 X106.197 Y109.182 E4.87406
G1 X106.257 Y109.736 E4.89291
G1 X106.257 Y110.264 E4.9108
G1 X106.197 Y110.818 E4.92965
G1 X106.096 Y111.204 E4.94315
G1 X105.903 Y111.66 E4.95991
G1 X111.306 Y117.063 E5.21855
G1 X108.694 Y117.063 E5.30694
G1 X122.82 Y102.937 E5.98311
G1 X120.208 Y102.937 E6.07149
G1 X124.063 Y106.792 E6.256
G1 X124.063 Y107.451 E6.27833
G1 X114.451 Y117.063 E6.73841
G1 X117.063 Y117.063 E6.8268
G1 X102.937 Y102.937 E7.50297
G1 X105.549 Y102.937 E7.59136
G1 X102.839 Y105.647 E7.72105
G1 X103.248 Y105.757 E7.73539
G1 X103.785 Y106.073 E7.75645
G1 X104.403 Y106.501 E7.7819
G1 X104.885 Y106.928 E7.80371
G1 X103.54 Y106.19 F7200
;TYPE:Bridge infill
;WIDTH:0.408264
;HEIGHT:0.4
M106 S255
G1 F3600
G1 X104.834 Y107.483 E7.90329
G1 X105.083 Y107.777 E7.92424
G1 X105.305 Y108.123 E7.94663
G1 X105.522 Y108.538 E7.97214
G1 X105.707 Y109.005 E7.99949
G1 X102.776 Y106.073 E8.22515
G1 X102.369 Y105.963 E8.24808
G1 X102.017 Y105.963 E8.26721
G1 X105.828 Y109.774 E8.56055
G1 X105.818 Y110.412 E8.59524
G1 X101.369 Y105.963 E8.93763
G1 X100.721 Y105.963 E8.9729
G1 X105.717 Y110.959 E9.35741
G1 X105.538 Y111.428 E9.38474
G1 X100.073 Y105.963 E9.80536
G1 X99.425 Y105.963 E9.84063
G1 X105.316 Y111.855 E10.29408
G1 X105.062 Y112.249 E10.3196
G1 X98.777 Y105.963 E10.80338
G1 X98.129 Y105.963 E10.83865
G1 X104.76 Y112.595 E11.34908
G1 X104.436 Y112.909 E11.37364
G1 X97.481 Y105.963 E11.9086
G1 X96.833 Y105.963 E11.94387
G1 X104.078 Y113.208 E12.5015
G1 X103.695 Y113.474 E12.52684
G1 X96.185 Y105.963 E13.10493
G1 X95.959 Y105.963 E13.11722
G1 X95.959 Y106.386 E13.14021
G1 X103.293 Y113.72 E13.70473
G1 X103.081 Y113.844 E13.71809
G1 X102.835 Y113.91 E13.73195
G1 X95.959 Y107.034 E14.26124
G1 X95.959 Y107.682 E14.29651
G1 X102.314 Y114.037 E14.78564
G1 X101.666 Y114.037 E14.82091
G1 X95.959 Y108.33 E15.26016
G1 X95.959 Y108.978 E15.29543
G1 X101.017 Y114.037 E15.6848
G1 X100.369 Y114.037 E15.72007
G1 X95.959 Y109.626 E16.05955
G1 X95.959 Y110.274 E16.09482
G1 X99.721 Y114.037 E16.38442
G1 X99.073 Y114.037 E16.41969
G1 X95.959 Y110.922 E16.65941
G1 X95.959 Y111.57 E16.69468
G1 X98.425 Y114.037 E16.88451
G1 X97.777 Y114.037 E16.91979
G1 X95.959 Y112.218 E17.05974
G1 X95.959 Y112.866 E17.09501
G1 X97.129 Y114.037 E17.18508
G1 X96.481 Y114.037 E17.22035
G1 X95.756 Y113.312 E17.27612
M106 S232.05
G1 E15.27612 F2400
G92 E0
G1 X95.937 Y115.863 F7200
G1 E2 F2400
;TYPE:Internal infill
;WIDTH:0.45
;HEIGHT:0.2
G1 F3600
G1 X95.937 Y117.063 E2.0406
G1 X97.18 Y117.063 E2.08267
G1 X99.778 Y114.465 E2.20701
G1 X97.194 Y114.465 E2.29447
G1 X99.792 Y117.063 E2.41881
G1 X102.234 Y117.063 E2.50148
M106 S226.95
;LAYER_CHANGE
;Z:1.6
;HEIGHT:0.2
G1 Z1.6 F7200
G1 E.50148 F2400
G92 E0
G1 X95.632 Y102.632 F7200
G1 E2 F2400
;TYPE:Perimeter
;WIDTH:0.449999
G1 X124.368 Y102.632 E2.97267
G1 X124.368 Y117.368 E3.47146
G1 X95.632 Y117.368 E4.44414
G1 X95.632 Y102.692 E4.94089
G1 X95.225 Y102.225 F7200
;TYPE:External perimeter
G1 F1800
G1 X124.775 Y102.225 E5.94113
G1 X124.775 Y117.775 E6.46747
G1 X95.225 Y117.775 E7.4677
G1 X95.225 Y102.285 E7.99202
G1 X95.62 Y102.289 F7200
G1 X95.937 Y104.137
;TYPE:Internal infill
;WIDTH:0.45
G1 F3600
G1 X95.937 Y102.937 E8.03262
G1 X97.18 Y102.937 E8.0747
G1 X99.778 Y105.535 E8.19904
G1 X97.194 Y105.535 E8.28649
G1 X99.792 Y102.937 E8.41083
G1 X102.234 Y102.937 E8.4935
G1 E6.4935 F2400
G92 E0
G1 X105.394 Y106.462 F7200
G1 E2 F2400
G1 F3600
G1 X103.331 Y105.155 E2.08267
G1 X105.549 Y102.937 E2.18881
G1 X102.937 Y102.937 E2.2772
G1 X117.063 Y117.063 E2.95337
G1 X114.451 Y117.063 E3.04176
G1 X124.063 Y107.451 E3.50184
G1 X124.063 Y106.792 E3.52417
G1 X120.208 Y102.937 E3.70867
G1 X122.82 Y102.937 E3.79706
G1 X108.694 Y117.063 E4.47323
G1 X111.306 Y117.063 E4.56162
G1 X106.59 Y112.347 E4.78736
G1 X106.307 Y112.715 E4.80308
G1 X105.595 Y113.383 E4.83613
G1 X105.353 Y113.57 E4.84648
G1 X103.331 Y114.845 E4.92739
G1 X105.549 Y117.063 E5.03353
G1 X102.937 Y117.063 E5.12192
G1 X117.063 Y102.937 E5.79809
G1 X114.451 Y102.937 E5.88648
G1 X124.063 Y112.549 E6.34656
G1 X124.063 Y113.208 E6.36889
G1 X120.208 Y117.063 E6.55339
G1 X122.82 Y117.063 E6.64178
G1 X108.694 Y102.937 E7.31795
G1 X111.306 Y102.937 E7.40634
G1 X106.59 Y107.653 E7.63208
G1 X107.135 Y108.652 E7.67059
G1 X107.328 Y109.42 E7.69739
G1 X107.328 Y109.932 E7.71473
G1 E5.71473 F2400
G92 E0
G1 X104.751 Y113.685 F7200
G1 E2 F2400
;TYPE:Solid infill
;WIDTH:0.463811
G1 F3000
G1 X106.035 Y112.401 E2.06354
G1 X106.282 Y112.079 E2.07776
G1 X106.753 Y111.201 E2.11265
G1 X106.79 Y111.051 E2.11805
G1 X103.726 Y114.115 E2.26973
G1 X102.914 Y114.627 E2.30332
G1 X102.776 Y114.469 E2.31065
G1 X106.921 Y110.325 E2.51578
G1 X106.921 Y109.73 E2.53661
G1 X102.499 Y114.152 E2.75547
G1 X102.417 Y114.058 E2.75981
G1 X101.997 Y114.058 E2.77452
G1 X106.854 Y109.202 E3.01488
G1 X106.753 Y108.8 E3.02939
G1 X106.721 Y108.739 E3.03177
G1 X101.402 Y114.058 E3.29501
G1 X100.807 Y114.058 E3.31584
G1 X106.513 Y108.352 E3.59826
G1 X106.305 Y107.964 E3.61365
G1 X100.212 Y114.058 E3.91526
G1 X99.616 Y114.058 E3.93609
G1 X106.053 Y107.622 E4.25464
G1 X105.755 Y107.325 E4.26937
G1 X99.021 Y114.058 E4.60264
G1 X98.426 Y114.058 E4.62347
G1 X105.447 Y107.036 E4.97099
G1 X105.123 Y106.766 E4.98578
G1 X97.831 Y114.058 E5.34669
G1 X97.235 Y114.058 E5.36752
G1 X104.758 Y106.536 E5.73984
G1 X104.393 Y106.305 E5.75494
G1 X96.64 Y114.058 E6.13865
G1 X96.045 Y114.058 E6.15948
G1 X104.028 Y106.075 E6.55458
G1 X103.663 Y105.845 E6.56968
G1 X95.937 Y113.57 E6.95204
G1 X95.937 Y112.975 E6.97287
G1 X103.298 Y105.615 E7.33716
G1 X103.113 Y105.499 E7.34479
G1 X102.579 Y105.998 E7.37039
G1 X102.375 Y105.943 E7.37779
G1 X95.937 Y112.38 E7.6964
G1 X95.937 Y111.785 E7.71723
G1 X101.78 Y105.942 E8.00641
G1 X101.185 Y105.942 E8.02724
G1 X95.937 Y111.19 E8.28696
G1 X95.937 Y110.594 E8.30779
G1 X100.59 Y105.942 E8.53805
G1 X99.994 Y105.942 E8.55889
G1 X95.937 Y109.999 E8.75969
G1 X95.937 Y109.404 E8.78052
G1 X99.399 Y105.942 E8.95186
G1 X98.804 Y105.942 E8.97269
G1 X95.937 Y108.809 E9.11457
G1 X95.937 Y108.213 E9.1354
G1 X98.209 Y105.942 E9.24782
G1 X97.614 Y105.942 E9.26866
G1 X95.937 Y107.618 E9.35162
G1 X95.937 Y107.023 E9.37245
G1 X97.018 Y105.942 E9.42595
G1 X96.423 Y105.942 E9.44678
G1 X95.754 Y106.611 E9.47989
G1 E7.47989 F2400
G92 E0
G1 X95.937 Y115.863 F7200
G1 E2 F2400
;TYPE:Internal infill
;WIDTH:0.45
G1 F3600
G1 X95.937 Y117.063 E2.0406
G1 X97.18 Y117.063 E2.08267
G1 X99.778 Y114.465 E2.20701
G1 X97.194 Y114.465 E2.29447
G1 X99.792 Y117.063 E2.41881
G1 X102.234 Y117.063 E2.50148
;LAYER_CHANGE
;Z:1.8
;HEIGHT:0.2
G1 Z1.8 F7200
G1 E.50148 F2400
G92 E0
G1 X95.632 Y102.632 F7200
G1 E2 F2400
;TYPE:Perimeter
;WIDTH:0.449999
G1 X124.368 Y102.632 E2.97267
G1 X124.368 Y117.368 E3.47146
G1 X95.632 Y117.368 E4.44414
G1 X95.632 Y102.692 E4.94089
G1 X95.225 Y102.225 F7200
;TYPE:External perimeter
G1 F1800
G1 X124.775 Y102.225 E5.94113
G1 X124.775 Y117.775 E6.46747
G1 X95.225 Y117.775 E7.4677
G1 X95.225 Y102.285 E7.99202
G1 X95.62 Y102.289 F7200
G1 X95.937 Y104.137
;TYPE:Internal infill
;WIDTH:0.45
G1 F3600
G1 X95.937 Y102.937 E8.03262
G1 X97.18 Y102.937 E8.0747
G1 X99.778 Y105.535 E8.19904
G1 X97.194 Y105.535 E8.28649
G1 X99.792 Y102.937 E8.41083
G1 X102.234 Y102.937 E8.4935
G1 E6.4935 F2400
G92 E0
G1 X101.343 Y105.535 F7200
G1 E2 F2400
G1 F3600
G1 X101.589 Y105.535 E2.00831
G1 X101.818 Y105.283 E2.01982
G1 X102.216 Y105.535 E2.03578
G1 X102.467 Y105.546 E2.04425
G1 X103.065 Y104.987 E2.07197
G1 X103.331 Y105.155 E2.08263
G1 X105.549 Y102.937 E2.18878
G1 X102.937 Y102.937 E2.27717
G1 X106.544 Y106.544 E2.44982
G1 X106.704 Y106.668 E2.45666
G1 X107.005 Y106.95 E2.47063
G1 X107.727 Y108.232 F7200
;TYPE:Solid infill
;WIDTH:0.460758
G1 F3000
G1 X106.977 Y107.482 E2.50752
G1 X106.44 Y106.978 E2.5331
G1 X106.228 Y106.815 E2.54238
G1 X104.848 Y105.944 E2.59906
G1 X107.867 Y108.963 E2.74739
G1 X107.997 Y109.48 E2.76589
G1 X107.997 Y109.684 E2.77298
G1 X103.91 Y105.597 E2.97379
G1 X103.676 Y105.853 E2.98585
G1 X103.404 Y105.682 E2.99701
G1 X107.997 Y110.275 E3.22267
G1 X107.997 Y110.52 E3.2312
G1 X107.928 Y110.796 E3.24109
G1 X102.863 Y105.732 E3.48992
G1 X102.579 Y105.998 E3.50345
G1 X102.523 Y105.983 E3.50544
G1 X107.795 Y111.254 E3.76444
G1 X107.588 Y111.639 E3.77961
G1 X101.827 Y105.877 E4.0627
G1 X101.768 Y105.942 E4.06573
G1 X101.301 Y105.942 E4.08198
G1 X107.382 Y112.024 E4.38081
G1 X107.129 Y112.361 E4.39547
G1 X100.687 Y105.919 E4.71202
G1 X100.662 Y105.942 E4.7132
G1 X100.119 Y105.942 E4.73207
G1 X106.831 Y112.655 E5.06189
G1 X106.527 Y112.941 E5.07642
G1 X99.528 Y105.942 E5.4203
G1 X98.937 Y105.942 E5.44083
G1 X106.199 Y113.204 E5.79764
G1 X105.837 Y113.433 E5.81253
G1 X98.346 Y105.942 E6.18058
G1 X97.755 Y105.942 E6.20111
G1 X105.474 Y113.661 E6.58038
G1 X105.112 Y113.89 E6.59527
G1 X97.164 Y105.942 E6.98577
G1 X96.573 Y105.942 E7.0063
G1 X104.749 Y114.118 E7.40803
G1 X104.387 Y114.347 E7.42292
G1 X95.982 Y105.942 E7.83588
G1 X95.937 Y105.942 E7.83744
G1 X95.937 Y106.488 E7.85641
G1 X103.627 Y114.178 E8.23424
G1 X103.265 Y114.406 E8.24912
G1 X95.937 Y107.079 E8.60914
G1 X95.937 Y107.67 E8.62967
G1 X102.326 Y114.058 E8.94357
G1 X102.065 Y114.058 E8.95264
G1 X101.904 Y114.158 E8.9592
G1 X101.797 Y114.058 E8.96428
G1 X101.735 Y114.058 E8.96645
G1 X95.937 Y108.261 E9.25131
G1 X95.937 Y108.852 E9.27184
G1 X101.144 Y114.058 E9.52766
G1 X100.747 Y114.058 E9.54146
G1 X100.664 Y114.102 E9.54471
G1 X100.626 Y114.058 E9.54674
G1 X100.553 Y114.058 E9.54927
G1 X95.937 Y109.442 E9.77606
G1 X95.937 Y110.033 E9.79659
G1 X99.962 Y114.058 E9.99434
G1 X99.371 Y114.058 E10.01487
G1 X95.937 Y110.624 E10.18359
G1 X95.937 Y111.215 E10.20412
G1 X98.78 Y114.058 E10.34381
G1 X98.189 Y114.058 E10.36434
G1 X95.937 Y111.806 E10.47499
G1 X95.937 Y112.397 E10.49552
G1 X97.598 Y114.058 E10.57713
G1 X97.008 Y114.058 E10.59766
G1 X95.937 Y112.988 E10.65025
G1 X95.937 Y113.579 E10.67078
G1 X96.6 Y114.241 E10.70333
G1 X95.937 Y115.863 F7200
;TYPE:Internal infill
;WIDTH:0.45
G1 F3600
G1 X95.937 Y117.063 E10.74393
G1 X97.18 Y117.063 E10.786
G1 X99.778 Y114.465 E10.91034
G1 X97.194 Y114.465 E10.99779
G1 X99.792 Y117.063 E11.12213
G1 X102.234 Y117.063 E11.20481
G1 E9.20481 F2400
G92 E0
G1 X101.432 Y114.465 F7200
G1 E2 F2400
G1 F3600
G1 X101.637 Y114.465 E2.00694
G1 X101.854 Y114.668 E2.01701
G1 X102.181 Y114.465 E2.03003
G1 X102.232 Y114.465 E2.03177
G1 X102.836 Y115.157 E2.06287
G1 X103.331 Y114.845 E2.08267
G1 X105.549 Y117.063 E2.18882
G1 X102.937 Y117.063 E2.27721
G1 X106.544 Y113.456 E2.44986
G1 X106.704 Y113.332 E2.4567
G1 X107.005 Y113.05 E2.47068
G1 E.47068 F2400
G92 E0
G1 X117.766 Y102.937 F7200
G1 E2 F2400
G1 F3600
G1 X120.208 Y102.937 E2.08267
G1 X124.063 Y106.792 E2.26718
G1 X124.063 Y107.451 E2.28951
G1 X114.451 Y117.063 E2.74959
G1 X117.063 Y117.063 E2.83798
G1 X107.654 Y107.654 E3.28835
G1 X107.394 Y107.315 E3.30284
G1 X107.154 Y107.089 E3.31399
G1 X111.306 Y102.937 E3.51274
G1 X108.694 Y102.937 E3.60113
G1 X122.82 Y117.063 E4.2773
G1 X120.208 Y117.063 E4.36569
G1 X124.063 Y113.208 E4.55019
G1 X124.063 Y112.549 E4.57252
G1 X114.451 Y102.937 E5.03261
G1 X117.063 Y102.937 E5.121
G1 X107.654 Y112.346 E5.57136
G1 X107.394 Y112.685 E5.58585
G1 X107.154 Y112.911 E5.597
G1 X111.306 Y117.063 E5.79576
G1 X108.694 Y117.063 E5.88415
G1 X122.82 Y102.937 E6.56031
G1 X124.063 Y102.937 E6.60239
G1 X124.063 Y104.137 E6.64299
M106 S211.65
;LAYER_CHANGE
;Z:2
;HEIGHT:0.2
G1 Z2 F7200
G1 E4.64299 F2400
G92 E0
G1 X95.632 Y102.632 F7200
G1 E2 F2400
;TYPE:Perimeter
;WIDTH:0.449999
G1 X124.368 Y102.632 E2.97267
G1 X124.368 Y117.368 E3.47146
G1 X95.632 Y117.368 E4.44414
G1 X95.632 Y102.692 E4.94089
G1 X95.225 Y102.225 F7200
;TYPE:External perimeter
G1 F1800
G1 X124.775 Y102.225 E5.94113
G1 X124.775 Y117.775 E6.46747
G1 X95.225 Y117.775 E7.4677
G1 X95.225 Y102.285 E7.99202
G1 X95.62 Y102.289 F7200
G1 X95.937 Y104.137
;TYPE:Internal infill
;WIDTH:0.45
G1 F3600
G1 X95.937 Y102.937 E8.03262
G1 X97.18 Y102.937 E8.0747
G1 X99.778 Y105.535 E8.19904
G1 X97.194 Y105.535 E8.28649
G1 X99.792 Y102.937 E8.41083
G1 X102.937 Y102.937 E8.51731
G1 X103.471 Y103.471 E8.54285
G1 X103.745 Y103.171 E8.55659
G1 X104.657 Y103.746 E8.59311
G1 X105.283 Y103.152 E8.62232
G1 X105.298 Y103.188 E8.62363
G1 X105.549 Y102.937 E8.63565
G1 X107.991 Y102.937 E8.71833
G1 E6.71833 F2400
G92 E0
G1 X106.151 Y104.688 F7200
G1 E2 F2400
G1 F3600
G1 X107.237 Y105.373 E2.04345
G1 X107.581 Y105.639 E2.05817
G1 X108.109 Y106.134 E2.08267
G1 X111.306 Y102.937 E2.23571
G1 X108.694 Y102.937 E2.3241
G1 X122.82 Y117.063 E3.00027
G1 X120.208 Y117.063 E3.08866
G1 X124.063 Y113.208 E3.27316
G1 X124.063 Y112.549 E3.29549
G1 X114.451 Y102.937 E3.75558
G1 X117.063 Y102.937 E3.84396
G1 X109.754 Y110.246 E4.19382
G1 X109.754 Y109.754 E4.21048
G1 X117.063 Y117.063 E4.56033
G1 X114.451 Y117.063 E4.64872
G1 X124.063 Y107.451 E5.10881
G1 X124.063 Y106.792 E5.13114
G1 X120.208 Y102.937 E5.31564
G1 X122.82 Y102.937 E5.40403
G1 X108.694 Y117.063 E6.0802
G1 X111.306 Y117.063 E6.16859
G1 X108.109 Y113.866 E6.32162
G1 X107.581 Y114.361 E6.34613
G1 X107.236 Y114.627 E6.36085
G1 X106.151 Y115.312 E6.4043
G1 E4.4043 F2400
G92 E0
G1 X107.991 Y117.063 F7200
G1 E2 F2400
G1 F3600
G1 X105.549 Y117.063 E2.08267
G1 X104.675 Y116.242 E2.12324
G1 X103.997 Y116.67 E2.15036
G1 X103.652 Y116.348 E2.16634
G1 X102.937 Y117.063 E2.20056
G1 X99.792 Y117.063 E2.30704
G1 X97.194 Y114.465 E2.43138
G1 X99.778 Y114.465 E2.51883
G1 X97.18 Y117.063 E2.64317
G1 X95.937 Y117.063 E2.68524
G1 X95.937 Y115.863 E2.72584
G1 E.72584 F2400
G92 E0
G1 X103.707 Y113.714 F7200
G1 E2 F2400
;TYPE:Top solid infill
;WIDTH:0.400938
G1 F1800
G1 X104.978 Y112.429 E2.05381
G1 X105.12 Y112.25 E2.0606
G1 X105.345 Y111.9 E2.07301
G1 X105.665 Y111.249 E2.09459
G1 X103.001 Y113.914 E2.20676
G1 X102.325 Y114.083 E2.2275
G1 X105.846 Y110.563 E2.37571
G1 X105.875 Y110.027 E2.39167
G1 X101.819 Y114.083 E2.56242
G1 X101.313 Y114.083 E2.5775
G1 X105.859 Y109.537 E2.7689
G1 X105.782 Y109.107 E2.78189
G1 X100.806 Y114.083 E2.99137
G1 X100.3 Y114.083 E3.00645
G1 X105.656 Y108.727 E3.23193
G1 X105.494 Y108.383 E3.24325
G1 X99.794 Y114.083 E3.48321
G1 X99.287 Y114.083 E3.49829
G1 X105.317 Y108.053 E3.75214
G1 X105.118 Y107.746 E3.76303
G1 X98.781 Y114.083 E4.02981
G1 X98.275 Y114.083 E4.04488
G1 X104.886 Y107.472 E4.32322
G1 X104.634 Y107.217 E4.33388
G1 X97.769 Y114.083 E4.62294
G1 X97.262 Y114.083 E4.63801
G1 X104.372 Y106.973 E4.93734
G1 X104.093 Y106.746 E4.94805
G1 X96.756 Y114.083 E5.25696
G1 X96.25 Y114.083 E5.27203
G1 X103.795 Y106.538 E5.58968
G1 X103.487 Y106.339 E5.60059
G1 X95.912 Y113.914 E5.91948
G1 X95.912 Y113.408 E5.93455
G1 X103.167 Y106.153 E6.23998
G1 X103.099 Y106.113 E6.24233
G1 X102.786 Y106.028 E6.252
G1 X95.912 Y112.901 E6.54137
G1 X95.912 Y112.395 E6.55644
G1 X102.387 Y105.92 E6.82903
G1 X101.884 Y105.917 E6.84401
G1 X95.912 Y111.889 E7.09542
G1 X95.912 Y111.382 E7.11049
G1 X101.378 Y105.917 E7.34059
G1 X100.872 Y105.917 E7.35566
G1 X95.912 Y110.876 E7.56444
G1 X95.912 Y110.37 E7.57952
G1 X100.365 Y105.917 E7.76698
G1 X99.859 Y105.917 E7.78206
G1 X95.912 Y109.863 E7.94821
G1 X95.912 Y109.357 E7.96328
G1 X99.353 Y105.917 E8.10811
G1 X98.846 Y105.917 E8.12318
G1 X95.912 Y108.851 E8.2467
G1 X95.912 Y108.345 E8.26178
G1 X98.34 Y105.917 E8.36398
G1 X97.834 Y105.917 E8.37905
G1 X95.912 Y107.838 E8.45994
G1 X95.912 Y107.332 E8.47501
G1 X97.327 Y105.917 E8.53458
G1 X96.821 Y105.917 E8.54965
G1 X95.912 Y106.826 E8.58791
G1 X95.912 Y106.319 E8.60298
G1 X96.475 Y105.756 E8.62668
G1 E6.62668 F2400
G92 E0
G1 X105.03 Y104.198 F7200
G1 E2 F2400
;TYPE:Solid infill
;WIDTH:0.531415
G1 F3000
G1 X105.338 Y103.89 E2.0177
G1 E.0177 F2400
G92 E0
G1 X108.819 Y112.589 F7200
G1 E2 F2400
;WIDTH:0.461302
G1 F3000
G1 X107.974 Y113.433 E2.04155
G1 X107.316 Y114.051 E2.07295
G1 X107.003 Y114.293 E2.08672
G1 X105.704 Y115.112 E2.14015
G1 X109.054 Y111.762 E2.30497
G1 X109.098 Y111.681 E2.30817
G1 X109.283 Y110.941 E2.3347
G1 X105.858 Y114.367 E2.50323
G1 X104.256 Y115.377 E2.56911
G1 X109.347 Y110.286 E2.81959
G1 X109.347 Y109.694 E2.84018
G1 X102.656 Y116.385 E3.16936
G1 X102.38 Y116.069 E3.18394
G1 X109.305 Y109.145 E3.52461
G1 X109.186 Y108.672 E3.54157
G1 X102.105 Y115.753 E3.88996
G1 X101.829 Y115.437 E3.90455
G1 X102.94 Y114.326 E3.95922
G1 X102.426 Y114.465 E3.97774
G1 X102.209 Y114.465 E3.98529
G1 X101.553 Y115.121 E4.01755
G1 X101.278 Y114.805 E4.03214
G1 X101.617 Y114.465 E4.04887
G1 X101.026 Y114.465 E4.06945
G1 X100.872 Y114.619 E4.07702
G1 E2.07702 F2400
G92 E0
G1 X103.927 Y116.298 F7200
G1 E2 F2400
G1 F3000
G1 X105.141 Y115.084 E2.05973
G1 E.05973 F2400
G92 E0
G1 X105.783 Y111.483 F7200
G1 E2 F2400
G1 F3000
G1 X109.045 Y108.221 E2.1605
G1 X108.839 Y107.836 E2.17571
G1 X106.246 Y110.428 E2.30325
G1 X106.257 Y109.826 E2.32422
G1 X108.632 Y107.45 E2.44108
G1 X108.507 Y107.216 E2.45031
G1 X108.406 Y107.085 E2.45608
G1 X106.21 Y109.281 E2.5641
G1 X106.097 Y108.802 E2.5812
G1 X108.149 Y106.75 E2.68216
G1 X107.854 Y106.454 E2.69671
G1 X105.923 Y108.384 E2.7917
G1 X105.721 Y107.995 E2.80697
G1 X107.549 Y106.167 E2.89687
G1 X107.237 Y105.888 E2.91145
G1 X107.021 Y106.103 E2.92206
G1 X106.716 Y105.817 E2.93662
G1 X106.894 Y105.638 E2.94541
G1 X106.531 Y105.41 E2.96033
G1 X106.405 Y105.536 E2.96656
G1 X106.066 Y105.283 E2.98127
G1 X106.168 Y105.181 E2.98631
G1 X105.806 Y104.952 E3.00123
G1 X105.703 Y105.054 E3.00628
G1 X105.34 Y104.826 E3.0212
G1 X105.443 Y104.723 E3.02624
G1 X105.08 Y104.494 E3.04116
G1 X104.977 Y104.597 E3.04621
G1 X104.615 Y104.368 E3.06113
G1 X104.717 Y104.265 E3.06617
G1 X104.354 Y104.037 E3.0811
G1 X104.252 Y104.139 E3.08614
G1 X103.889 Y103.91 E3.10106
G1 X104.124 Y103.675 E3.11264
G1 E1.11264 F2400
G92 E0
G1 X106.863 Y106.262 F7200
G1 E2 F2400
G1 F3000
G1 X105.498 Y107.627 E2.06715
G1 X105.241 Y107.292 E2.08183
G1 X106.428 Y106.105 E2.14022
G1 X106.114 Y105.826 E2.1548
G1 X104.95 Y106.991 E2.21207
G1 X104.645 Y106.704 E2.22663
G1 X105.771 Y105.578 E2.28199
G1 X105.408 Y105.35 E2.29692
G1 X104.32 Y106.438 E2.35045
G1 X103.971 Y106.195 E2.36524
G1 X105.045 Y105.121 E2.4181
G1 X104.682 Y104.892 E2.43303
G1 X103.607 Y105.967 E2.48592
G1 X103.23 Y105.753 E2.50102
G1 X104.319 Y104.663 E2.55461
G1 X103.957 Y104.434 E2.56954
G1 X102.764 Y105.626 E2.62819
G1 X102.426 Y105.535 E2.64039
G1 X102.264 Y105.535 E2.64601
G1 X103.594 Y104.205 E2.71142
G1 X103.231 Y103.977 E2.72634
G1 X101.489 Y105.718 E2.81201
M106 S216.75
;LAYER_CHANGE
;Z:2.2
;HEIGHT:0.2
G1 Z2.2 F7200
G1 E.81201 F2400
G92 E0
G1 X103.661 Y110.237 F7200
G1 E2 F2400
;TYPE:Perimeter
;WIDTH:0.449999
G1 X103.68 Y109.791 E2.01512
G1 X103.608 Y109.512 E2.0249
G1 X103.273 Y108.954 E2.04693
G1 X102.756 Y108.481 E2.07063
G1 X102.242 Y108.154 E2.09127
G1 X102.006 Y108.106 E2.0994
G1 X95.632 Y108.106 E2.31516
G1 X95.632 Y102.632 E2.50046
G1 X124.368 Y102.632 E3.47313
G1 X124.368 Y117.368 E3.97192
G1 X95.632 Y117.368 E4.94459
G1 X95.632 Y111.894 E5.12989
G1 X102.112 Y111.885 E5.34923
G1 X102.343 Y111.792 E5.35766
G1 X102.849 Y111.444 E5.37843
G1 X103.401 Y110.883 E5.40508
G1 X103.657 Y110.346 E5.4252
G1 X103.659 Y110.297 E5.42686
G1 X103.265 Y110.219 F7200
;TYPE:External perimeter
G1 F1800
G1 X103.249 Y109.704 E5.44431
G1 X102.994 Y109.25 E5.46192
G1 X102.559 Y108.842 E5.48215
G1 X102.119 Y108.547 E5.50006
G1 X102.006 Y108.513 E5.50403
G1 X95.225 Y108.513 E5.73357
G1 X95.225 Y102.225 E5.94643
G1 X124.775 Y102.225 E6.94666
G1 X124.775 Y117.775 E7.47301
G1 X95.225 Y117.775 E8.47324
G1 X95.225 Y111.487 E8.68609
G1 X102.006 Y111.487 E8.91564
G1 X102.119 Y111.453 E8.91961
G1 X102.562 Y111.155 E8.9377
G1 X103.043 Y110.679 E8.96057
G1 X103.239 Y110.273 E8.97584
G1 X103.644 Y110.09 F7200
G1 E6.97584 F2400
G92 E0
G1 X101.512 Y113.465 F7200
G1 E2 F2400
;TYPE:Solid infill
;WIDTH:0.474499
G1 F3000
G1 X100.246 Y112.199 E2.06425
G1 X99.635 Y112.199 E2.08615
G1 X100.718 Y113.282 E2.1411
G1 X100.108 Y113.282 E2.163
G1 X99.025 Y112.199 E2.21795
G1 X98.415 Y112.199 E2.23985
G1 X99.497 Y113.282 E2.2948
G1 X98.887 Y113.282 E2.3167
G1 X97.804 Y112.199 E2.37165
G1 X97.194 Y112.199 E2.39355
G1 X98.277 Y113.282 E2.4485
G1 X97.666 Y113.282 E2.4704
G1 X96.584 Y112.199 E2.52535
G1 X95.973 Y112.199 E2.54726
G1 X97.056 Y113.282 E2.6022
G1 X96.446 Y113.282 E2.62411
G1 X95.754 Y112.59 E2.6592
G1 E.6592 F2400
G92 E0
G1 X95.937 Y115.651 F7200
G1 E2 F2400
;TYPE:Internal infill
;WIDTH:0.45
G1 F3600
G1 X95.937 Y114.235 E2.04792
G1 X96.964 Y114.235 E2.08267
G1 X99.792 Y117.063 E2.21802
G1 X97.18 Y117.063 E2.30641
G1 X100.008 Y114.235 E2.44176
G1 X101.391 Y114.235 E2.48857
G1 X102.165 Y114.958 E2.52443
G1 E.52443 F2400
G92 E0
G1 X103.141 Y117.063 F7200
G1 E2 F2400
G1 F3600
G1 X105.549 Y117.063 E2.0815
G1 X105.105 Y116.619 E2.10272
G1 X105.089 Y116.629 E2.10336
G1 X104.675 Y116.242 E2.12255
G1 X103.997 Y116.67 E2.14968
G1 X103.652 Y116.348 E2.16565
G1 X102.937 Y117.063 E2.19987
G1 X100.495 Y117.063 E2.28255
G1 E.28255 F2400
G92 E0
G1 X106.869 Y115.291 F7200
G1 E2 F2400
;TYPE:Solid infill
;WIDTH:0.477815
G1 F3000
G1 X107.067 Y115.489 E2.01013
G1 X106.943 Y115.98 E2.02845
G1 X106.624 Y115.661 E2.04476
G1 X106.247 Y115.899 E2.06089
G1 X106.82 Y116.472 E2.09017
G1 X106.696 Y116.963 E2.1085
G1 X105.737 Y116.004 E2.15754
G1 X107.3 Y116.231 F7200
;TYPE:Internal infill
;WIDTH:0.45
G1 F3600
G1 X107.597 Y115.048 E2.19885
G1 X108.346 Y114.576 E2.22879
G1 X108.613 Y114.37 E2.24022
G1 X111.306 Y117.063 E2.36913
G1 X108.694 Y117.063 E2.45752
G1 X122.82 Y102.937 E3.13369
G1 X120.208 Y102.937 E3.22208
G1 X124.063 Y106.792 E3.40658
G1 X124.063 Y107.451 E3.42891
G1 X114.451 Y117.063 E3.88899
G1 X117.063 Y117.063 E3.97738
G1 X110.809 Y110.809 E4.27672
G1 X110.83 Y110.727 E4.27958
G1 X110.83 Y109.273 E4.32882
G1 X110.809 Y109.191 E4.33169
G1 X117.063 Y102.937 E4.63103
G1 X114.451 Y102.937 E4.71941
G1 X124.063 Y112.549 E5.1795
G1 X124.063 Y113.208 E5.20183
G1 X120.208 Y117.063 E5.38633
G1 X122.82 Y117.063 E5.47472
G1 X108.694 Y102.937 E6.15089
G1 X111.306 Y102.937 E6.23928
G1 X109.067 Y105.176 E6.34642
G1 X108.538 Y104.766 E6.36908
G1 X108.108 Y105.274 E6.3916
G1 X107.599 Y104.953 E6.41195
G1 X107.476 Y104.462 E6.4291
G1 X107.11 Y103.924 F7200
;TYPE:Solid infill
;WIDTH:0.472865
G1 F3000
G1 X106.468 Y103.281 E6.46156
G1 X106.178 Y103.599 E6.47695
G1 X107.313 Y104.735 E6.53438
G1 X108.648 Y105.135 F7200
;WIDTH:0.531415
G1 F3000
G1 X110.786 Y107.273 E6.6572
G1 X110.453 Y107.63 E6.67705
G1 X108.261 Y105.439 E6.80293
G1 E4.80293 F2400
G92 E0
G1 X109.904 Y107.439 F7200
G1 E2 F2400
;WIDTH:0.459424
G1 F3000
G1 X109.083 Y106.617 E2.04024
G1 X108.425 Y106 E2.07146
G1 X108.112 Y105.758 E2.08517
G1 X106.82 Y104.943 E2.13807
G1 X110.136 Y108.259 E2.30049
G1 X110.173 Y108.329 E2.30322
G1 X110.36 Y109.072 E2.32976
G1 X106.981 Y105.693 E2.49527
G1 X105.386 Y104.687 E2.56056
G1 X110.423 Y109.724 E2.80726
G1 X110.423 Y110.313 E2.82766
G1 X103.811 Y103.702 E3.15147
G1 X103.53 Y104.01 E3.16591
G1 X110.378 Y110.857 E3.50127
G1 X110.26 Y111.328 E3.51809
G1 X103.249 Y104.318 E3.86142
G1 X102.968 Y104.626 E3.87586
G1 X103.781 Y105.438 E3.91565
G1 X103.065 Y104.987 E3.94496
G1 X102.897 Y105.143 E3.95292
G1 X102.688 Y104.934 E3.96318
G1 X102.407 Y105.242 E3.97762
G1 X102.593 Y105.428 E3.98672
G1 X102.288 Y105.713 E4.00116
G1 X101.996 Y105.42 E4.01547
G1 E2.01547 F2400
G92 E0
G1 X105.009 Y103.721 F7200
G1 E2 F2400
G1 F3000
G1 X106.264 Y104.976 E2.06147
G1 E.06147 F2400
G92 E0
G1 X106.851 Y108.508 F7200
G1 E2 F2400
G1 F3000
G1 X110.118 Y111.775 E2.16001
G1 X109.912 Y112.159 E2.17508
G1 X107.328 Y109.574 E2.30165
G1 X107.328 Y110.164 E2.32205
G1 X109.707 Y112.542 E2.43856
G1 X109.594 Y112.753 E2.44685
G1 X109.479 Y112.903 E2.45339
G1 X107.294 Y110.718 E2.56042
G1 X107.175 Y111.189 E2.57723
G1 X109.223 Y113.236 E2.67751
G1 X108.927 Y113.529 E2.69194
G1 X106.999 Y111.602 E2.78633
G1 X106.794 Y111.986 E2.8014
G1 X108.11 Y113.301 E2.86584
G1 X108.22 Y113.158 E2.87209
G1 X108.542 Y113.406 E2.88619
G1 X108.4 Y113.592 E2.89429
G1 X108.623 Y113.814 E2.9052
G1 X108.309 Y114.09 E2.91966
G1 X108.096 Y113.877 E2.93007
G1 X107.793 Y114.162 E2.9445
G1 X107.965 Y114.335 E2.95295
G1 X107.604 Y114.562 E2.96774
G1 X107.48 Y114.439 E2.9738
G1 X107.14 Y114.688 E2.98839
G1 X107.243 Y114.79 E2.99341
G1 X106.881 Y115.018 E3.0082
G1 X106.779 Y114.916 E3.01322
G1 X106.418 Y115.143 E3.02801
G1 X106.52 Y115.246 E3.03303
G1 X106.159 Y115.474 E3.04782
G1 X106.056 Y115.371 E3.05284
G1 X105.695 Y115.599 E3.06763
G1 X105.798 Y115.701 E3.07265
G1 X105.436 Y115.929 E3.08744
G1 X105.201 Y115.694 E3.09896
G1 E1.09896 F2400
G92 E0
G1 X107.938 Y113.719 F7200
G1 E2 F2400
G1 F3000
G1 X106.58 Y112.36 E2.06654
G1 X106.324 Y112.693 E2.08108
G1 X107.505 Y113.874 E2.13891
G1 X107.19 Y114.149 E2.15337
G1 X106.023 Y112.982 E2.21052
G1 X105.719 Y113.267 E2.22495
G1 X106.845 Y114.393 E2.28009
G1 X106.484 Y114.62 E2.29488
G1 X105.398 Y113.535 E2.34803
G1 X105.041 Y113.767 E2.36278
G1 X106.122 Y114.848 E2.41574
G1 X105.761 Y115.076 E2.43053
G1 X104.68 Y113.995 E2.48349
G1 X104.319 Y114.223 E2.49828
G1 X105.4 Y115.304 E2.55124
G1 X105.039 Y115.532 E2.56603
G1 X103.958 Y114.45 E2.61899
G1 X103.596 Y114.678 E2.63378
G1 X104.678 Y115.759 E2.68674
G1 X104.316 Y115.987 E2.70153
G1 X103.102 Y114.773 E2.76099
G1 E.76099 F2400
G92 E0
G1 X106.601 Y108.123 F7200
G1 E2 F2400
;TYPE:Top solid infill
;WIDTH:0.404923
G1 F1800
G1 X105.974 Y107.496 E2.0267
G1 X105.347 Y106.908 E2.05258
G1 X105.134 Y106.743 E2.06069
G1 X103.984 Y106.018 E2.10161
G1 X106.783 Y108.817 E2.22076
G1 X106.946 Y109.492 E2.24166
G1 X103.012 Y105.559 E2.40911
G1 X102.748 Y105.806 E2.42001
G1 X106.946 Y110.004 E2.59872
G1 X106.946 Y110.516 E2.61413
G1 X102.483 Y106.053 E2.8041
G1 X102.219 Y106.301 E2.815
G1 X106.847 Y110.929 E3.01201
G1 X106.776 Y111.21 E3.02073
G1 X106.72 Y111.314 E3.0243
G1 X101.954 Y106.548 E3.22719
G1 X101.689 Y106.795 E3.2381
G1 X106.542 Y111.647 E3.44465
G1 X106.363 Y111.981 E3.45604
G1 X103.916 Y109.534 E3.56019
G1 X103.566 Y108.86 E3.58306
G1 X102.916 Y108.251 E3.60987
G1 X102.495 Y107.972 E3.62508
G1 X102.35 Y107.895 E3.63002
G1 X102.244 Y107.862 E3.63335
G1 X101.425 Y107.043 E3.66824
G1 X101.16 Y107.29 E3.67914
G1 X101.696 Y107.826 E3.70196
G1 X101.184 Y107.826 E3.71737
G1 X100.896 Y107.537 E3.72966
G1 X100.631 Y107.785 E3.74057
G1 X100.833 Y107.987 E3.74917
G1 E1.74917 F2400
G92 E0
G1 X103.8 Y109.93 F7200
G1 E2 F2400
G1 F1800
G1 X106.155 Y112.285 E2.10027
G1 X106.023 Y112.458 E2.10683
G1 X105.916 Y112.558 E2.11123
G1 X103.886 Y110.528 E2.19766
G1 X103.723 Y110.877 E2.20926
G1 X105.652 Y112.806 E2.29137
G1 X105.388 Y113.054 E2.30228
G1 X103.514 Y111.18 E2.38204
G1 X103.257 Y111.434 E2.39294
G1 X105.1 Y113.278 E2.47141
G1 X104.786 Y113.476 E2.48259
G1 X102.995 Y111.685 E2.55883
G1 X102.695 Y111.896 E2.56989
G1 X104.472 Y113.674 E2.64557
G1 X104.158 Y113.872 E2.65674
G1 X102.377 Y112.091 E2.73256
G1 X102.183 Y112.157 E2.73873
G1 X101.949 Y112.174 E2.74581
G1 X103.845 Y114.07 E2.82652
G1 X103.531 Y114.268 E2.83769
G1 X101.437 Y112.174 E2.92682
G1 X100.925 Y112.174 E2.94223
G1 X103.333 Y114.582 E3.04475
G1 E1.04475 F2400
G92 E0
G1 X100.813 Y106.535 F7200
G1 E2 F2400
;TYPE:Solid infill
;WIDTH:0.483915
G1 F3000
G1 X101.1 Y106.823 E2.01492
G1 X100.778 Y107.124 E2.0311
G1 X100.372 Y106.718 E2.05214
G1 X99.749 Y106.718 E2.07501
G1 X100.456 Y107.425 E2.11167
G1 X100.133 Y107.727 E2.12785
G1 X99.125 Y106.718 E2.18014
G1 X98.501 Y106.718 E2.20301
G1 X99.584 Y107.801 E2.25916
G1 X98.96 Y107.801 E2.28203
G1 X97.878 Y106.718 E2.33818
G1 X97.254 Y106.718 E2.36105
G1 X98.337 Y107.801 E2.41719
G1 X97.713 Y107.801 E2.44006
G1 X96.63 Y106.718 E2.49621
G1 X96.007 Y106.718 E2.51908
G1 X97.089 Y107.801 E2.57523
G1 X96.466 Y107.801 E2.5981
G1 X95.754 Y107.089 E2.63499
G1 E.63499 F2400
G92 E0
G1 X95.937 Y104.349 F7200
G1 E2 F2400
;TYPE:Internal infill
;WIDTH:0.45
G1 F3600
G1 X95.937 Y105.765 E2.04792
G1 X96.964 Y105.765 E2.08267
G1 X99.792 Y102.937 E2.21802
G1 X97.18 Y102.937 E2.30641
G1 X100.008 Y105.765 E2.44176
G1 X101.379 Y105.765 E2.48816
G1 X102.101 Y104.973 E2.52443
G1 E.52443 F2400
G92 E0
G1 X103.141 Y102.937 F7200
G1 E2 F2400
G1 F3600
G1 X105.549 Y102.937 E2.0815
G1 X105.105 Y103.381 E2.10272
G1 X105.068 Y103.357 E2.10423
G1 X104.657 Y103.746 E2.12338
G1 X103.745 Y103.171 E2.1599
G1 X103.471 Y103.471 E2.17365
G1 X102.937 Y102.937 E2.19919
G1 X100.495 Y102.937 E2.28186
M106 S219.3
;LAYER_CHANGE
;Z:2.4
;HEIGHT:0.2
G1 Z2.4 F7200
G1 E.28186 F2400
G92 E0
G1 X104.707 Y110.396 F7200
G1 E2 F2400
;TYPE:Perimeter
;WIDTH:0.449999
G1 X104.742 Y110.325 E2.0027
G1 X104.757 Y109.81 E2.02012
G1 X104.684 Y109.522 E2.03018
G1 X104.36 Y108.984 E2.05145
G1 X103.854 Y108.524 E2.07458
G1 X103.148 Y108.084 E2.10274
G1 X102.269 Y107.662 E2.13574
G1 X102.005 Y107.602 E2.1449
G1 X95.632 Y107.602 E2.36061
G1 X95.632 Y102.632 E2.52885
G1 X124.368 Y102.632 E3.50153
G1 X124.368 Y117.368 E4.00032
G1 X95.632 Y117.368 E4.97299
G1 X95.632 Y112.398 E5.14123
G1 X102.005 Y112.398 E5.35694
G1 X102.269 Y112.338 E5.3661
G1 X103.209 Y111.882 E5.40148
G1 X103.946 Y111.405 E5.43118
G1 X104.36 Y111.016 E5.45039
G1 X104.48 Y110.859 E5.45709
G1 X104.68 Y110.45 E5.47251
G1 X104.305 Y110.317 F7200
;TYPE:External perimeter
G1 F1800
G1 X104.337 Y110.26 E5.47472
G1 X104.337 Y109.74 E5.49231
G1 X104.081 Y109.281 E5.51011
G1 X103.637 Y108.869 E5.53063
G1 X102.972 Y108.451 E5.55721
G1 X102.005 Y108.009 E5.59319
G1 X95.225 Y108.009 E5.82268
G1 X95.225 Y102.225 E6.01847
G1 X124.775 Y102.225 E7.0187
G1 X124.775 Y117.775 E7.54505
G1 X95.225 Y117.775 E8.54528
G1 X95.225 Y111.991 E8.74108
G1 X102.005 Y111.991 E8.97057
G1 X102.093 Y111.971 E8.97363
G1 X102.992 Y111.538 E9.00741
G1 X103.667 Y111.108 E9.0345
G1 X104.081 Y110.719 E9.05371
G1 X104.276 Y110.369 E9.06728
G1 X104.371 Y110.32 F7200
G1 E7.06728 F2400
G92 E0
G1 X105.937 Y113.589 F7200
G1 E2 F2400
;TYPE:Top solid infill
;WIDTH:0.417535
G1 F1800
G1 X107.149 Y112.376 E2.05341
G1 X107.39 Y112.063 E2.06573
G1 X107.852 Y111.2 E2.09623
G1 X107.871 Y111.125 E2.09863
G1 X105.017 Y113.979 E2.22437
G1 X104.203 Y114.492 E2.25432
G1 X104.085 Y114.381 E2.25938
G1 X108.022 Y110.444 E2.43282
G1 X108.022 Y109.914 E2.44933
G1 X103.811 Y114.125 E2.63484
G1 X103.537 Y113.87 E2.64651
G1 X108.003 Y109.403 E2.84328
G1 X107.897 Y108.979 E2.85688
G1 X103.263 Y113.614 E3.06102
G1 X102.989 Y113.358 E3.0727
G1 X107.746 Y108.601 E3.28224
G1 X107.561 Y108.256 E3.29443
G1 X102.715 Y113.102 E3.50789
G1 X102.441 Y112.846 E3.51957
G1 X102.98 Y112.308 E3.54329
G1 X103.273 Y112.167 E3.55342
G1 X104.006 Y111.711 E3.58032
G1 X104.135 Y111.611 E3.58541
G1 X104.653 Y111.109 E3.60787
G1 X104.984 Y110.495 E3.62959
G1 X105.025 Y110.262 E3.63698
G1 X107.373 Y107.915 E3.74037
G1 X107.142 Y107.615 E3.75214
G1 X105.032 Y109.725 E3.84509
G1 X104.983 Y109.504 E3.85216
G1 X104.895 Y109.333 E3.85815
G1 X106.875 Y107.352 E3.94539
G1 X106.602 Y107.096 E3.95707
G1 X104.712 Y108.986 E4.04034
G1 X104.556 Y108.783 E4.04832
G1 X104.466 Y108.702 E4.05208
G1 X106.317 Y106.851 E4.13362
G1 X105.998 Y106.64 E4.14552
G1 X104.187 Y108.451 E4.22531
G1 X104.009 Y108.291 E4.23278
G1 X103.892 Y108.217 E4.23709
G1 X105.673 Y106.435 E4.31558
G1 X105.349 Y106.23 E4.32755
G1 X103.567 Y108.012 E4.40604
G1 X103.231 Y107.818 E4.41812
G1 X105.024 Y106.025 E4.4971
G1 X104.699 Y105.82 E4.50906
G1 X102.874 Y107.645 E4.58943
G1 X102.518 Y107.472 E4.60178
G1 X104.374 Y105.616 E4.68354
G1 X104.049 Y105.411 E4.69551
G1 X101.977 Y107.483 E4.78679
G1 X102.91 Y106.193 F7200
;TYPE:Solid infill
;WIDTH:0.461563
G1 F3000
G1 X101.806 Y107.297 E4.84114
G1 X101.214 Y107.297 E4.86175
G1 X102.299 Y106.212 E4.91519
G1 X102.158 Y106.172 E4.92029
G1 X101.747 Y106.172 E4.93461
G1 X100.622 Y107.297 E4.99
G1 X100.03 Y107.297 E5.01061
G1 X101.155 Y106.172 E5.066
G1 X100.563 Y106.172 E5.08661
G1 X99.438 Y107.297 E5.142
G1 X98.845 Y107.297 E5.16261
G1 X99.971 Y106.172 E5.218
G1 X99.379 Y106.172 E5.23861
G1 X98.253 Y107.297 E5.294
G1 X97.661 Y107.297 E5.31461
G1 X98.787 Y106.172 E5.37
G1 X98.194 Y106.172 E5.39061
G1 X97.069 Y107.297 E5.446
G1 X96.477 Y107.297 E5.4666
G1 X97.602 Y106.172 E5.52199
G1 X97.01 Y106.172 E5.5426
G1 X95.937 Y107.245 E5.59543
G1 X95.937 Y106.653 E5.61604
G1 X96.602 Y105.989 E5.64873
G1 X95.937 Y104.349 F7200
;TYPE:Internal infill
;WIDTH:0.45
G1 F3600
G1 X95.937 Y105.55 E5.68936
G1 X97.179 Y105.55 E5.73141
G1 X99.792 Y102.937 E5.85645
G1 X97.18 Y102.937 E5.94484
G1 X99.793 Y105.55 E6.06988
G1 X102.234 Y105.558 E6.15252
G1 E4.15252 F2400
G92 E0
G1 X100.495 Y102.937 F7200
G1 E2 F2400
G1 F3600
G1 X102.937 Y102.937 E2.08267
G1 X104.19 Y104.19 E2.14263
G1 X105.068 Y103.357 E2.18359
G1 X105.105 Y103.381 E2.1851
G1 X105.549 Y102.937 E2.20632
G1 X107.824 Y102.937 E2.28333
G1 X107.702 Y103.052 E2.289
G1 X107.911 Y104.718 F7200
;TYPE:Solid infill
;WIDTH:0.509833
G1 F3000
G1 X108.137 Y104.492 E2.30142
G1 X108.005 Y103.964 E2.32255
G1 X107.639 Y104.33 E2.34264
G1 X107.234 Y104.074 E2.36122
G1 X108.023 Y103.285 E2.40456
G1 E.40456 F2400
G92 E0
G1 X110.845 Y106.823 F7200
G1 E2 F2400
;TYPE:Internal infill
;WIDTH:0.45
G1 F3600
G1 X110.571 Y106.466 E2.01524
G1 X109.798 Y105.741 E2.05111
G1 X109.454 Y105.475 E2.06583
G1 X109.034 Y105.21 E2.08267
G1 X111.306 Y102.937 E2.19144
G1 X108.694 Y102.937 E2.27983
G1 X122.82 Y117.063 E2.956
G1 X120.208 Y117.063 E3.04438
G1 X124.063 Y113.208 E3.22889
G1 X124.063 Y112.549 E3.25122
G1 X114.451 Y102.937 E3.7113
G1 X117.063 Y102.937 E3.79969
G1 X111.667 Y108.333 E4.05795
G1 X111.906 Y109.283 E4.09111
G1 X111.906 Y110.717 E4.13967
G1 X111.667 Y111.667 E4.17283
G1 X117.063 Y117.063 E4.43109
G1 X114.451 Y117.063 E4.51948
G1 X124.063 Y107.451 E4.97957
G1 X124.063 Y106.792 E5.0019
G1 X120.208 Y102.937 E5.1864
G1 X122.82 Y102.937 E5.27479
G1 X108.694 Y117.063 E5.95096
G1 X111.306 Y117.063 E6.03935
G1 X109.034 Y114.79 E6.14811
G1 X109.454 Y114.525 E6.16496
G1 X109.798 Y114.259 E6.17967
G1 X110.571 Y113.534 E6.21554
G1 X110.845 Y113.177 E6.23079
G1 X110.989 Y112.535 F7200
;TYPE:Solid infill
;WIDTH:0.457245
G1 F3000
G1 X110.194 Y113.329 E6.26951
G1 X109.534 Y113.949 E6.3007
G1 X109.221 Y114.191 E6.31434
G1 X107.938 Y115 E6.3666
G1 X111.218 Y111.72 E6.52641
G1 X111.249 Y111.661 E6.52873
G1 X111.437 Y110.916 E6.55521
G1 X108.107 Y114.245 E6.71744
G1 X106.52 Y115.246 E6.78205
G1 X111.499 Y110.267 E7.0246
G1 X111.499 Y109.681 E7.04479
G1 X105.099 Y116.081 E7.3566
G1 X104.796 Y115.798 E7.37088
G1 X111.451 Y109.143 E7.69514
G1 X111.334 Y108.675 E7.71177
G1 X104.493 Y115.515 E8.04506
G1 X104.19 Y115.232 E8.05934
G1 X104.948 Y114.474 E8.09629
G1 X104.158 Y114.972 E8.12849
G1 X104.006 Y114.831 E8.13566
G1 X103.887 Y114.949 E8.14144
G1 X103.584 Y114.666 E8.15572
G1 X103.703 Y114.548 E8.16151
G1 X103.4 Y114.265 E8.17579
G1 X103.152 Y114.513 E8.18789
G1 E6.18789 F2400
G92 E0
G1 X105.94 Y116.412 F7200
G1 E2 F2400
G1 F3000
G1 X107.39 Y114.962 E2.07065
G1 E.07065 F2400
G92 E0
G1 X107.911 Y111.512 F7200
G1 E2 F2400
G1 F3000
G1 X111.191 Y108.231 E2.15984
G1 X110.987 Y107.849 E2.17476
G1 X108.404 Y110.432 E2.30061
G1 X108.404 Y109.846 E2.3208
G1 X110.783 Y107.468 E2.43669
G1 X110.68 Y107.277 E2.44415
G1 X110.553 Y107.111 E2.45134
G1 X108.37 Y109.294 E2.55771
G1 X108.253 Y108.826 E2.57435
G1 X110.299 Y106.78 E2.67405
G1 X110.002 Y106.49 E2.68833
G1 X108.079 Y108.414 E2.78205
G1 X107.874 Y108.032 E2.79697
G1 X109.188 Y106.718 E2.86099
G1 X109.316 Y106.885 E2.86823
G1 X109.639 Y106.637 E2.88226
G1 X109.477 Y106.429 E2.89134
G1 X109.7 Y106.207 E2.90218
G1 X109.385 Y105.936 E2.9165
G1 X109.175 Y106.146 E2.92672
G1 X108.873 Y105.862 E2.941
G1 X109.04 Y105.695 E2.94914
G1 X108.681 Y105.468 E2.96377
G1 X108.559 Y105.589 E2.96967
G1 X108.219 Y105.344 E2.98414
G1 X108.321 Y105.242 E2.98913
G1 X107.962 Y105.015 E3.00377
G1 X107.859 Y105.117 E3.00876
G1 X107.5 Y104.891 E3.02339
G1 X107.603 Y104.788 E3.02839
G1 X107.243 Y104.562 E3.04302
G1 X107.141 Y104.664 E3.04802
G1 X106.781 Y104.438 E3.06265
G1 X106.884 Y104.335 E3.06764
G1 X106.525 Y104.109 E3.08228
G1 X106.422 Y104.211 E3.08727
G1 X106.063 Y103.984 E3.10191
G1 X106.298 Y103.749 E3.11337
G1 E1.11337 F2400
G92 E0
G1 X109.017 Y106.304 F7200
G1 E2 F2400
G1 F3000
G1 X107.66 Y107.661 E2.06613
G1 X107.405 Y107.33 E2.08052
G1 X108.585 Y106.15 E2.138
G1 X108.269 Y105.88 E2.15232
G1 X107.105 Y107.044 E2.20904
G1 X106.803 Y106.76 E2.22332
G1 X107.924 Y105.639 E2.27794
G1 X107.564 Y105.413 E2.29258
G1 X106.481 Y106.496 E2.34534
G1 X106.124 Y106.267 E2.35996
G1 X107.205 Y105.186 E2.41264
G1 X106.846 Y104.959 E2.42727
G1 X105.764 Y106.041 E2.47996
G1 X105.567 Y105.917 E2.48797
G1 X105.405 Y105.814 E2.49459
G1 X106.486 Y104.733 E2.54727
G1 X106.127 Y104.506 E2.56191
G1 X105.046 Y105.587 E2.61459
G1 X104.959 Y105.533 E2.61813
G1 X104.686 Y105.361 E2.62923
G1 X105.768 Y104.28 E2.68191
G1 X105.408 Y104.053 E2.69654
G1 X104.194 Y105.267 E2.7557
G1 E.7557 F2400
G92 E0
G1 X102.046 Y114.011 F7200
G1 E2 F2400
;WIDTH:0.452687
G1 F3000
G1 X102.568 Y113.488 E2.02518
G1 X102.269 Y113.208 E2.03915
G1 X101.65 Y113.827 E2.06899
G1 X101.07 Y113.827 E2.08874
G1 X101.969 Y112.928 E2.13207
G1 X101.728 Y112.703 E2.14331
G1 X101.615 Y112.703 E2.14717
G1 X100.49 Y113.828 E2.20135
G1 X99.911 Y113.828 E2.2211
G1 X101.035 Y112.703 E2.27529
G1 X100.456 Y112.703 E2.29504
G1 X99.331 Y113.828 E2.34923
G1 X98.752 Y113.828 E2.36898
G1 X99.876 Y112.703 E2.42318
G1 X99.297 Y112.703 E2.44293
G1 X98.172 Y113.828 E2.49713
G1 X97.593 Y113.828 E2.51687
G1 X98.717 Y112.703 E2.57108
G1 X98.138 Y112.703 E2.59082
G1 X97.013 Y113.828 E2.64503
G1 X96.433 Y113.828 E2.66478
G1 X97.558 Y112.703 E2.71899
G1 X96.979 Y112.703 E2.73874
G1 X95.937 Y113.745 E2.78893
G1 X95.937 Y113.165 E2.80867
G1 X96.583 Y112.52 E2.83977
G1 E.83977 F2400
G92 E0
G1 X95.937 Y115.651 F7200
G1 E2 F2400
;TYPE:Internal infill
;WIDTH:0.45
G1 F3600
G1 X95.937 Y114.45 E2.04063
G1 X97.179 Y114.45 E2.08267
G1 X99.792 Y117.063 E2.20772
G1 X97.18 Y117.063 E2.29611
G1 X99.793 Y114.45 E2.42115
G1 X102.234 Y114.442 E2.50379
G1 E.50379 F2400
G92 E0
G1 X100.495 Y117.063 F7200
G1 E2 F2400
G1 F3600
G1 X102.937 Y117.063 E2.08267
G1 X104.201 Y115.799 E2.14315
G1 X105.089 Y116.629 E2.18431
G1 X105.105 Y116.619 E2.18495
G1 X105.549 Y117.063 E2.20617
G1 X107.85 Y117.063 E2.28407
G1 X107.747 Y116.966 E2.28885
G1 X108.312 Y115.562 F7200
;TYPE:Solid infill
;WIDTH:0.531415
G1 F3000
G1 X107.601 Y116.273 E2.32969
G1 X107.244 Y115.94 E2.34955
G1 X107.886 Y115.297 E2.38643
M106 S216.75
;LAYER_CHANGE
;Z:2.6
;HEIGHT:0.2
G1 Z2.6 F7200
G1 E.38643 F2400
G92 E0
G1 X105.785 Y110.381 F7200
G1 E2 F2400
;TYPE:Perimeter
;WIDTH:0.449999
G1 X105.818 Y110.315 E2.00252
G1 X105.833 Y109.82 E2.01926
G1 X105.76 Y109.532 E2.02933
G1 X105.446 Y109.014 E2.04982
G1 X104.963 Y108.575 E2.07192
G1 X104.291 Y108.157 E2.0987
G1 X103.424 Y107.742 E2.13124
G1 X102.226 Y107.275 E2.17476
G1 X102.004 Y107.233 E2.18242
G1 X95.632 Y107.233 E2.3981
G1 X95.632 Y102.632 E2.55382
G1 X124.368 Y102.632 E3.5265
G1 X124.368 Y117.368 E4.02529
G1 X95.632 Y117.368 E4.99796
G1 X95.632 Y112.767 E5.15368
G1 X102.004 Y112.767 E5.36936
G1 X102.225 Y112.726 E5.37698
G1 X103.387 Y112.274 E5.41916
G1 X104.353 Y111.809 E5.45546
G1 X105.055 Y111.354 E5.48378
G1 X105.446 Y110.986 E5.50196
G1 X105.567 Y110.829 E5.50866
G1 X105.759 Y110.435 E5.52349
G1 X105.354 Y110.356 F7200
;TYPE:External perimeter
G1 F1800
G1 X105.413 Y110.25 E5.52761
G1 X105.413 Y109.75 E5.54453
G1 X105.168 Y109.311 E5.56156
G1 X104.746 Y108.92 E5.58105
G1 X104.115 Y108.524 E5.60624
G1 X103.276 Y108.122 E5.63775
G1 X102.078 Y107.654 E5.68127
G1 X102.004 Y107.64 E5.68382
G1 X95.225 Y107.64 E5.91329
G1 X95.225 Y102.225 E6.09657
G1 X124.775 Y102.225 E7.0968
G1 X124.775 Y117.775 E7.62315
G1 X95.225 Y117.775 E8.62338
G1 X95.225 Y112.36 E8.80666
G1 X102.004 Y112.36 E9.03612
G1 X102.078 Y112.346 E9.03866
G1 X103.239 Y111.895 E9.08084
G1 X104.136 Y111.465 E9.1145
G1 X104.776 Y111.057 E9.14021
G1 X105.168 Y110.689 E9.15839
G1 X105.325 Y110.409 E9.16926
G1 X105.475 Y110.362 F7200
G1 E7.16926 F2400
G92 E0
G1 X103.492 Y113.868 F7200
G1 E2 F2400
;TYPE:Solid infill
;WIDTH:0.469104
G1 F3000
G1 X102.55 Y112.927 E2.04719
G1 X102.331 Y113.012 E2.05552
G1 X102.159 Y113.06 E2.06187
G1 X102.081 Y113.061 E2.06461
G1 X102.872 Y113.851 E2.10422
G1 X102.396 Y113.978 E2.12168
G1 X101.48 Y113.062 E2.16759
G1 X100.878 Y113.063 E2.18891
G1 X101.859 Y114.043 E2.23804
G1 X101.256 Y114.043 E2.2594
G1 X100.277 Y113.064 E2.30848
G1 X99.675 Y113.065 E2.3298
G1 X100.653 Y114.043 E2.37882
G1 X100.051 Y114.043 E2.40018
G1 X99.074 Y113.066 E2.44914
G1 X98.472 Y113.068 E2.47046
G1 X99.448 Y114.043 E2.51936
G1 X98.845 Y114.043 E2.54072
G1 X97.871 Y113.069 E2.58956
G1 X97.269 Y113.07 E2.61088
G1 X98.242 Y114.043 E2.65967
G1 X97.64 Y114.043 E2.68102
G1 X96.667 Y113.071 E2.72975
G1 X96.066 Y113.072 E2.75107
G1 X97.037 Y114.043 E2.79974
G1 X96.434 Y114.043 E2.8211
G1 X95.754 Y113.363 E2.85518
G1 E.85518 F2400
G92 E0
G1 X95.937 Y115.863 F7200
G1 E2 F2400
;TYPE:Internal infill
;WIDTH:0.45
G1 F3600
G1 X95.937 Y117.063 E2.0406
G1 X97.18 Y117.063 E2.08267
G1 X99.605 Y114.638 E2.19872
G1 X97.368 Y114.638 E2.27444
G1 X99.792 Y117.063 E2.39048
G1 X102.937 Y117.063 E2.49696
G1 X104.66 Y115.34 E2.5794
G1 X103.672 Y114.258 E2.629
G1 X102.937 Y114.451 E2.65473
G1 X105.549 Y117.063 E2.77975
G1 X108.694 Y117.063 E2.88622
G1 X108.799 Y116.958 E2.89123
G1 X107.932 Y116.133 E2.93172
G1 X107.289 Y116.539 E2.95745
G1 X106.934 Y116.207 E2.9739
G1 E.9739 F2400
G92 E0
G1 X108.99 Y115.25 F7200
G1 E2 F2400
;TYPE:Solid infill
;WIDTH:0.512108
G1 F3000
G1 X109.218 Y115.478 E2.01259
G1 X109.085 Y116.009 E2.03393
G1 X108.716 Y115.639 E2.0543
G1 X108.309 Y115.896 E2.07307
G1 X109.103 Y116.69 E2.11687
G1 E.11687 F2400
G92 E0
G1 X113.748 Y117.063 F7200
G1 E2 F2400
;TYPE:Internal infill
;WIDTH:0.45
G1 F3600
G1 X111.306 Y117.063 E2.08267
G1 X109.654 Y115.411 E2.16172
G1 X109.423 Y116.334 E2.19392
G1 X122.82 Y102.937 E2.83522
G1 X120.208 Y102.937 E2.9236
G1 X124.063 Y106.792 E3.10811
G1 X124.063 Y107.451 E3.13044
G1 X114.451 Y117.063 E3.59052
G1 X117.063 Y117.063 E3.67891
G1 X112.391 Y112.391 E3.90254
G1 X112.708 Y111.799 E3.92528
G1 X112.982 Y110.707 E3.96337
G1 X112.982 Y109.293 E4.01126
G1 X112.708 Y108.201 E4.04935
G1 X112.391 Y107.609 E4.07208
G1 X117.063 Y102.937 E4.29571
G1 X114.451 Y102.937 E4.3841
G1 X124.063 Y112.549 E4.84419
G1 X124.063 Y113.208 E4.86652
G1 X120.208 Y117.063 E5.05102
G1 X122.82 Y117.063 E5.13941
G1 X109.423 Y103.666 E5.7807
G1 X109.654 Y104.589 E5.8129
G1 X111.306 Y102.937 E5.89195
G1 X113.748 Y102.937 E5.97462
G1 E3.97462 F2400
G92 E0
G1 X109.393 Y104.465 F7200
G1 E2 F2400
;TYPE:Solid infill
;WIDTH:0.531415
G1 F3000
G1 X108.682 Y103.754 E2.04084
G1 X108.324 Y104.088 E2.06069
G1 X108.982 Y104.745 E2.09847
G1 E.09847 F2400
G92 E0
G1 X106.945 Y103.758 F7200
G1 E2 F2400
;TYPE:Internal infill
;WIDTH:0.45
G1 F3600
G1 X107.274 Y103.451 E2.01521
G1 X107.952 Y103.879 E2.04234
G1 X108.822 Y103.065 E2.08267
G1 X108.694 Y102.937 E2.0888
G1 X105.549 Y102.937 E2.19528
G1 X102.937 Y105.549 E2.32029
G1 X103.672 Y105.742 E2.34602
G1 X104.66 Y104.66 E2.39562
G1 X102.937 Y102.937 E2.47806
G1 X99.792 Y102.937 E2.58454
G1 X97.368 Y105.362 E2.70058
G1 X99.605 Y105.362 E2.7763
G1 X97.18 Y102.937 E2.89235
G1 X95.937 Y102.937 E2.93442
G1 X95.937 Y104.137 E2.97502
G1 E.97502 F2400
G92 E0
G1 X103.741 Y106.729 F7200
G1 E2 F2400
;TYPE:Solid infill
;WIDTH:0.452979
G1 F3000
G1 X103.269 Y106.258 E2.02275
G1 X102.475 Y106.043 E2.0508
G1 X103.314 Y106.882 E2.09126
G1 X103.016 Y107.165 E2.10525
G1 X101.808 Y105.957 E2.16349
G1 X101.229 Y105.957 E2.18327
G1 X102.242 Y106.97 E2.23215
G1 X102.014 Y106.927 E2.24009
G1 X101.619 Y106.927 E2.25353
G1 X100.649 Y105.957 E2.30034
G1 X100.069 Y105.957 E2.32011
G1 X101.039 Y106.927 E2.36692
G1 X100.459 Y106.927 E2.38669
G1 X99.489 Y105.957 E2.4335
G1 X98.909 Y105.957 E2.45327
G1 X99.88 Y106.927 E2.50008
G1 X99.3 Y106.927 E2.51985
G1 X98.329 Y105.957 E2.56665
G1 X97.749 Y105.957 E2.58643
G1 X98.72 Y106.927 E2.63323
G1 X98.14 Y106.927 E2.65301
G1 X97.169 Y105.957 E2.69981
G1 X96.589 Y105.957 E2.71959
G1 X97.56 Y106.927 E2.76639
G1 X96.98 Y106.927 E2.78617
G1 X96.009 Y105.957 E2.83297
G1 X95.937 Y105.957 E2.83542
G1 X95.937 Y106.465 E2.85274
G1 X96.583 Y107.111 E2.88389
G1 E.88389 F2400
G92 E0
G1 X107.055 Y106.468 F7200
G1 E2 F2400
;TYPE:Top solid infill
;WIDTH:0.410606
G1 F1800
G1 X108.22 Y107.633 E2.05035
G1 X108.477 Y107.967 E2.06326
G1 X108.928 Y108.81 E2.09249
G1 X108.945 Y108.878 E2.09463
G1 X106.162 Y106.095 E2.21498
G1 X105.283 Y105.54 E2.24674
G1 X105.183 Y105.636 E2.25096
G1 X109.098 Y109.551 E2.42024
G1 X109.098 Y110.071 E2.43614
G1 X104.916 Y105.889 E2.61696
G1 X104.649 Y106.142 E2.6282
G1 X109.082 Y110.575 E2.81988
G1 X108.978 Y110.991 E2.83299
G1 X104.382 Y106.395 E3.03169
G1 X104.115 Y106.648 E3.04294
G1 X108.833 Y111.366 E3.24693
G1 X108.652 Y111.705 E3.25867
G1 X103.849 Y106.902 E3.46636
G1 X103.582 Y107.155 E3.47761
G1 X104.257 Y107.83 E3.50679
G1 X104.416 Y107.906 E3.51219
G1 X105.115 Y108.34 E3.53734
G1 X105.244 Y108.44 E3.54234
G1 X105.739 Y108.921 E3.56343
G1 X106.008 Y109.401 E3.58027
G1 X106.06 Y109.516 E3.58411
G1 X106.095 Y109.668 E3.58888
G1 X108.469 Y112.042 E3.69154
G1 X108.243 Y112.336 E3.70288
G1 X106.11 Y110.203 E3.79512
G1 X106.06 Y110.485 E3.80389
G1 X105.994 Y110.607 E3.80813
G1 X107.984 Y112.597 E3.89416
G1 X107.716 Y112.849 E3.9054
G1 X105.812 Y110.945 E3.98771
G1 X105.74 Y111.079 E3.99237
G1 X105.581 Y111.234 E3.99915
G1 X107.437 Y113.089 E4.07939
G1 X107.352 Y113.155 E4.08267
G1 X107.125 Y113.298 E4.09086
G1 X105.317 Y111.49 E4.16904
G1 X105.024 Y111.717 E4.18037
G1 X106.806 Y113.499 E4.25743
G1 X106.487 Y113.7 E4.26896
G1 X104.703 Y111.916 E4.34609
G1 X104.379 Y112.112 E4.35767
G1 X106.168 Y113.901 E4.43503
G1 X105.85 Y114.102 E4.44655
G1 X104.028 Y112.28 E4.52533
G1 X103.676 Y112.449 E4.53725
G1 X105.647 Y114.42 E4.62248
G1 E2.62248 F2400
G92 E0
G1 X112.079 Y107.501 F7200
G1 E2 F2400
;TYPE:Solid infill
;WIDTH:0.46117
G1 F3000
G1 X111.236 Y106.659 E2.04145
G1 X110.643 Y106.102 E2.06975
G1 X110.33 Y105.86 E2.08351
G1 X109.02 Y105.034 E2.13735
G1 X112.314 Y108.328 E2.29934
G1 X112.52 Y109.125 E2.328
G1 X109.174 Y105.78 E2.49255
G1 X107.573 Y104.77 E2.55839
G1 X112.575 Y109.772 E2.8044
G1 X112.575 Y110.363 E2.82497
G1 X106.003 Y103.791 E3.1482
G1 X105.721 Y104.1 E3.16276
G1 X112.515 Y110.895 E3.49693
G1 X112.396 Y111.368 E3.51388
G1 X105.439 Y104.41 E3.8561
G1 X105.156 Y104.719 E3.87066
G1 X105.941 Y105.504 E3.90925
G1 X105.235 Y105.059 E3.93825
G1 X105.066 Y105.22 E3.94639
G1 X104.874 Y105.028 E3.95581
G1 X104.592 Y105.338 E3.97037
G1 X104.762 Y105.508 E3.97874
G1 X104.459 Y105.796 E3.99329
G1 X104.18 Y105.517 E4.00698
G1 E2.00698 F2400
G92 E0
G1 X107.211 Y103.816 F7200
G1 E2 F2400
G1 F3000
G1 X108.458 Y105.063 E2.06132
G1 E.06132 F2400
G92 E0
G1 X109.045 Y108.608 F7200
G1 E2 F2400
G1 F3000
G1 X112.243 Y111.805 E2.15725
G1 X112.036 Y112.191 E2.17244
G1 X109.48 Y109.634 E2.29818
G1 X109.48 Y110.226 E2.31875
G1 X111.83 Y112.576 E2.43433
G1 X111.767 Y112.693 E2.43896
G1 X111.589 Y112.926 E2.44916
G1 X109.428 Y110.766 E2.5554
G1 X109.31 Y111.239 E2.57236
G1 X111.327 Y113.256 E2.67159
G1 X111.022 Y113.542 E2.68614
G1 X109.12 Y111.64 E2.77969
G1 X108.914 Y112.026 E2.79488
G1 X110.206 Y113.318 E2.85846
G1 X110.413 Y113.071 E2.86965
G1 X110.736 Y113.319 E2.88381
G1 X110.494 Y113.606 E2.89686
G1 X110.717 Y113.829 E2.9078
G1 X110.39 Y114.093 E2.92242
G1 X110.189 Y113.892 E2.93231
G1 X109.884 Y114.179 E2.94686
G1 X110.033 Y114.327 E2.95417
G1 X109.67 Y114.556 E2.96909
G1 X109.558 Y114.445 E2.97457
G1 X109.205 Y114.682 E2.98939
G1 X109.307 Y114.785 E2.99444
G1 X108.945 Y115.014 E3.00935
G1 X108.842 Y114.911 E3.01439
G1 X108.479 Y115.14 E3.0293
G1 X108.582 Y115.242 E3.03434
G1 X108.219 Y115.471 E3.04926
G1 X108.117 Y115.369 E3.0543
G1 X107.754 Y115.597 E3.06921
G1 X107.856 Y115.7 E3.07425
G1 X107.494 Y115.929 E3.08917
G1 X107.258 Y115.693 E3.10074
G1 E1.10074 F2400
G92 E0
G1 X110.031 Y113.734 F7200
G1 E2 F2400
G1 F3000
G1 X108.685 Y112.388 E2.06619
G1 X108.419 Y112.713 E2.0808
G1 X109.596 Y113.891 E2.13872
G1 X109.268 Y114.154 E2.15335
G1 X108.113 Y112.999 E2.21015
G1 X107.808 Y113.285 E2.22471
G1 X108.91 Y114.387 E2.2789
G1 X108.547 Y114.616 E2.29382
G1 X107.466 Y113.535 E2.347
G1 X107.103 Y113.764 E2.36191
G1 X108.184 Y114.845 E2.41509
G1 X107.821 Y115.074 E2.43001
G1 X106.74 Y113.992 E2.48319
G1 X106.43 Y114.188 E2.49593
G1 X106.377 Y114.221 E2.4981
G1 X107.459 Y115.302 E2.55128
G1 X107.096 Y115.531 E2.5662
G1 X106.015 Y114.45 E2.61938
G1 X105.652 Y114.679 E2.63429
G1 X106.733 Y115.76 E2.68747
G1 X106.37 Y115.989 E2.70239
G1 X104.178 Y113.796 E2.81024
;LAYER_CHANGE
;Z:2.8
;HEIGHT:0.2
G1 Z2.8 F7200
G1 E.81024 F2400
G92 E0
G1 X106.86 Y110.374 F7200
G1 E2 F2400
;TYPE:Perimeter
;WIDTH:0.449999
G1 X106.894 Y110.305 E2.00261
G1 X106.909 Y109.83 E2.01868
G1 X106.836 Y109.542 E2.02874
G1 X106.533 Y109.044 E2.04846
G1 X106.072 Y108.626 E2.06954
G1 X105.435 Y108.229 E2.09494
G1 X104.579 Y107.822 E2.12701
G1 X103.449 Y107.384 E2.16803
G1 X102.196 Y106.968 E2.21274
G1 X102.003 Y106.936 E2.21933
G1 X95.632 Y106.936 E2.435
G1 X95.632 Y102.632 E2.5807
G1 X124.368 Y102.632 E3.55337
G1 X124.368 Y117.368 E4.05216
G1 X95.632 Y117.368 E5.02483
G1 X95.632 Y113.064 E5.17053
G1 X102.003 Y113.064 E5.38619
G1 X102.196 Y113.032 E5.39279
G1 X103.449 Y112.616 E5.4375
G1 X104.579 Y112.178 E5.47852
G1 X105.497 Y111.736 E5.51298
G1 X106.164 Y111.303 E5.53991
G1 X106.533 Y110.956 E5.55707
G1 X106.654 Y110.799 E5.56377
G1 X106.834 Y110.428 E5.57773
G1 X106.42 Y110.364 F7200
;TYPE:External perimeter
G1 F1800
G1 X106.489 Y110.24 E5.58254
G1 X106.496 Y109.785 E5.59794
G1 X106.255 Y109.341 E5.61506
G1 X105.854 Y108.97 E5.63352
G1 X105.259 Y108.596 E5.65733
G1 X104.432 Y108.201 E5.68835
G1 X103.321 Y107.77 E5.72868
G1 X102.068 Y107.354 E5.77339
G1 X95.225 Y107.344 E6.005
G1 X95.225 Y102.225 E6.17826
G1 X124.775 Y102.225 E7.17849
G1 X124.775 Y117.775 E7.70484
G1 X95.225 Y117.775 E8.70507
G1 X95.225 Y112.656 E8.87833
G1 X102.068 Y112.646 E9.10994
G1 X103.321 Y112.23 E9.15465
G1 X104.432 Y111.799 E9.19498
G1 X105.28 Y111.392 E9.2268
G1 X105.885 Y111.006 E9.25112
G1 X106.255 Y110.659 E9.26827
G1 X106.39 Y110.417 E9.27768
G1 X106.562 Y110.371 F7200
G1 E7.27768 F2400
G92 E0
G1 X108.158 Y113.485 F7200
G1 E2 F2400
;TYPE:Top solid infill
;WIDTH:0.411622
G1 F1800
G1 X109.309 Y112.334 E2.04988
G1 X109.563 Y112.002 E2.0627
G1 X110.004 Y111.18 E2.09131
G1 X110.025 Y111.097 E2.09394
G1 X107.261 Y113.861 E2.21378
G1 X106.241 Y114.504 E2.25075
G1 X106.172 Y114.428 E2.25389
G1 X110.174 Y110.426 E2.42739
G1 X110.174 Y109.905 E2.44338
G1 X105.923 Y114.155 E2.62767
G1 X105.675 Y113.883 E2.63899
G1 X110.151 Y109.406 E2.83308
G1 X110.046 Y108.989 E2.84625
G1 X105.426 Y113.61 E3.04659
G1 X105.177 Y113.337 E3.0579
G1 X109.896 Y108.618 E3.2625
G1 X109.714 Y108.279 E3.27431
G1 X104.928 Y113.065 E3.4818
G1 X104.68 Y112.792 E3.49312
G1 X105.359 Y112.113 E3.52257
G1 X105.642 Y111.976 E3.53222
G1 X106.227 Y111.607 E3.55339
G1 X106.729 Y111.157 E3.57408
G1 X106.898 Y110.937 E3.58259
G1 X107.085 Y110.588 E3.5947
G1 X107.136 Y110.474 E3.59854
G1 X107.177 Y110.294 E3.60421
G1 X109.525 Y107.947 E3.70597
G1 X109.298 Y107.652 E3.71737
G1 X107.182 Y109.768 E3.8091
G1 X107.167 Y109.633 E3.81327
G1 X107.061 Y109.368 E3.82202
G1 X109.032 Y107.397 E3.90748
G1 X108.763 Y107.144 E3.91878
G1 X106.875 Y109.033 E4.00066
G1 X106.729 Y108.843 E4.00798
G1 X106.631 Y108.755 E4.01203
G1 X108.477 Y106.909 E4.09208
G1 X108.461 Y106.896 E4.09272
G1 X108.159 Y106.706 E4.10366
G1 X106.356 Y108.509 E4.18182
G1 X106.226 Y108.392 E4.18716
G1 X106.056 Y108.287 E4.1933
G1 X107.839 Y106.504 E4.27059
G1 X107.519 Y106.302 E4.28218
G1 X105.735 Y108.087 E4.35956
G1 X105.398 Y107.902 E4.37132
G1 X107.199 Y106.101 E4.44941
G1 X106.88 Y105.899 E4.461
G1 X105.045 Y107.734 E4.54055
G1 X104.692 Y107.566 E4.55254
G1 X106.676 Y105.581 E4.63859
G1 E2.63859 F2400
G92 E0
G1 X107.421 Y103.544 F7200
G1 E2 F2400
;TYPE:Internal infill
;WIDTH:0.45
G1 F3600
G1 X107.952 Y103.879 E2.02124
G1 X108.366 Y103.492 E2.04043
G1 X109.043 Y103.919 E2.06752
G1 X109.37 Y103.613 E2.08267
G1 X108.694 Y102.937 E2.115
G1 X105.549 Y102.937 E2.22148
G1 X103.074 Y105.412 E2.33993
G1 X104.735 Y105.823 E2.39784
G1 X105.298 Y105.298 E2.42391
G1 X102.937 Y102.937 E2.53689
G1 X99.792 Y102.937 E2.64337
G1 X97.531 Y105.198 E2.7516
G1 X99.441 Y105.198 E2.81627
G1 X97.18 Y102.937 E2.9245
G1 X95.937 Y102.937 E2.96657
G1 X95.937 Y104.137 E3.00717
G1 E1.00717 F2400
G92 E0
G1 X103.518 Y107.279 F7200
G1 E2 F2400
;TYPE:Solid infill
;WIDTH:0.456952
G1 F3000
G1 X104.436 Y106.361 E2.0447
G1 X103.971 Y106.241 E2.06123
G1 X103.224 Y106.987 E2.09758
G1 X102.785 Y106.841 E2.11353
G1 X103.506 Y106.12 E2.14865
G1 X103.041 Y105.999 E2.16519
G1 X102.382 Y106.658 E2.19728
G1 X102.598 Y105.857 F7200
G1 F3000
G1 X101.824 Y106.631 E2.23496
G1 X101.238 Y106.631 E2.25512
G1 X102.239 Y105.63 E2.30385
G1 X102.132 Y105.605 E2.30763
G1 X101.678 Y105.605 E2.32325
G1 X100.653 Y106.631 E2.37319
G1 X100.067 Y106.631 E2.39335
G1 X101.093 Y105.605 E2.44329
G1 X100.507 Y105.605 E2.46345
G1 X99.481 Y106.631 E2.51339
G1 X98.896 Y106.631 E2.53355
G1 X99.922 Y105.605 E2.5835
G1 X99.336 Y105.605 E2.60365
G1 X98.31 Y106.631 E2.6536
G1 X97.725 Y106.631 E2.67375
G1 X98.751 Y105.605 E2.7237
G1 X98.165 Y105.605 E2.74386
G1 X97.139 Y106.631 E2.7938
G1 X96.554 Y106.631 E2.81396
G1 X97.58 Y105.605 E2.8639
G1 X96.994 Y105.605 E2.88406
G1 X95.968 Y106.631 E2.934
G1 X95.937 Y106.631 E2.93507
G1 X95.937 Y106.077 E2.95416
G1 X96.592 Y105.422 E2.98602
G1 E.98602 F2400
G92 E0
G1 X95.937 Y115.863 F7200
G1 E2 F2400
;TYPE:Internal infill
;WIDTH:0.45
G1 F3600
G1 X95.937 Y117.063 E2.0406
G1 X97.18 Y117.063 E2.08267
G1 X99.441 Y114.802 E2.1909
G1 X97.531 Y114.802 E2.25557
G1 X99.792 Y117.063 E2.3638
G1 X102.937 Y117.063 E2.47028
G1 X105.31 Y114.69 E2.58385
G1 X104.755 Y114.172 E2.60956
G1 X103.074 Y114.588 E2.66816
G1 X105.549 Y117.063 E2.78661
G1 X108.694 Y117.063 E2.89309
G1 X109.388 Y116.369 E2.92628
G1 X109.064 Y116.068 E2.94124
G1 X108.342 Y116.523 E2.97014
G1 X107.932 Y116.133 E2.98929
G1 X107.441 Y116.443 E3.00895
G1 E1.00895 F2400
G92 E0
G1 X109.646 Y116.304 F7200
G1 E2 F2400
;TYPE:Solid infill
;WIDTH:0.531415
G1 F3000
G1 X110.487 Y115.464 E2.04827
G1 X111.75 Y114.363 F7200
;TYPE:Internal infill
;WIDTH:0.45
G1 F3600
G1 X110.848 Y114.943 E2.08456
G1 X110.515 Y116.272 E2.13093
G1 X111.306 Y117.063 E2.16878
G1 X114.451 Y117.063 E2.27526
G1 X124.063 Y107.451 E2.73534
G1 X124.063 Y106.792 E2.75767
G1 X120.208 Y102.937 E2.94218
G1 X122.82 Y102.937 E3.03056
G1 X113.572 Y112.185 E3.47326
G1 X113.197 Y112.885 E3.50011
G1 X113.061 Y113.061 E3.50765
G1 X117.063 Y117.063 E3.69919
G1 X120.208 Y117.063 E3.80567
G1 X124.063 Y113.208 E3.99017
G1 X124.063 Y112.549 E4.0125
G1 X114.451 Y102.937 E4.47259
G1 X117.063 Y102.937 E4.56098
G1 X113.061 Y106.939 E4.75251
G1 X113.197 Y107.116 E4.76006
G1 X113.572 Y107.815 E4.7869
G1 X122.82 Y117.063 E5.2296
G1 X124.063 Y117.063 E5.27168
G1 X124.063 Y115.863 E5.31228
G1 E3.31228 F2400
G92 E0
G1 X113.159 Y112.481 F7200
G1 E2 F2400
;TYPE:Solid infill
;WIDTH:0.453206
G1 F3000
G1 X112.414 Y113.226 E2.03596
G1 X111.752 Y113.847 E2.06693
G1 X111.439 Y114.089 E2.08044
G1 X110.171 Y114.888 E2.13156
G1 X113.381 Y111.679 E2.28643
G1 X113.59 Y110.89 E2.31426
G1 X110.372 Y114.107 E2.46951
G1 X108.785 Y115.114 E2.53363
G1 X113.651 Y110.249 E2.76839
G1 X113.651 Y109.668 E2.78818
G1 X107.314 Y116.005 E3.09391
G1 X107.014 Y115.725 E3.10791
G1 X113.598 Y109.141 E3.42555
G1 X113.481 Y108.677 E3.44186
G1 X106.714 Y115.445 E3.76836
G1 X106.414 Y115.164 E3.78236
G1 X107.861 Y113.717 E3.85219
G1 E1.85219 F2400
G92 E0
G1 X105.944 Y114.474 F7200
G1 E2 F2400
G1 F3000
G1 X105.814 Y114.604 E2.00629
G1 X105.514 Y114.324 E2.02029
G1 X105.538 Y114.3 E2.02145
G1 X105.261 Y113.996 E2.03546
G1 X105.084 Y114.173 E2.04399
G1 E.04399 F2400
G92 E0
G1 X108.303 Y116.177 F7200
G1 E2 F2400
G1 F3000
G1 X109.639 Y114.84 E2.06448
G1 E.06448 F2400
G92 E0
G1 X110.035 Y111.544 F7200
G1 E2 F2400
G1 F3000
G1 X113.338 Y108.241 E2.15936
G1 X113.135 Y107.863 E2.17399
G1 X110.556 Y110.442 E2.29844
G1 X110.556 Y109.862 E2.31824
G1 X112.933 Y107.485 E2.43293
G1 X112.854 Y107.337 E2.43865
G1 X112.701 Y107.137 E2.44724
G1 X110.522 Y109.315 E2.55233
G1 X110.406 Y108.852 E2.56865
G1 X112.449 Y106.809 E2.6672
G1 X112.15 Y106.527 E2.68121
G1 X110.235 Y108.442 E2.77362
G1 X110.033 Y108.064 E2.78824
G1 X111.341 Y106.756 E2.85135
G1 X111.51 Y106.972 E2.8607
G1 X111.833 Y106.724 E2.87459
G1 X111.629 Y106.468 E2.88576
G1 X111.851 Y106.246 E2.89649
G1 X111.533 Y105.984 E2.91055
G1 X111.329 Y106.188 E2.92039
G1 X111.03 Y105.907 E2.93439
G1 X111.185 Y105.751 E2.9419
G1 X110.83 Y105.527 E2.95625
G1 X110.714 Y105.642 E2.96183
G1 X110.371 Y105.405 E2.97606
G1 X110.474 Y105.302 E2.981
G1 X110.118 Y105.078 E2.99535
G1 X110.015 Y105.18 E3.0003
G1 X109.66 Y104.956 E3.01465
G1 X109.762 Y104.853 E3.01959
G1 X109.406 Y104.629 E3.03394
G1 X109.304 Y104.732 E3.03889
G1 X108.948 Y104.507 E3.05324
G1 X109.05 Y104.405 E3.05818
G1 X108.695 Y104.18 E3.07254
G1 X108.459 Y104.416 E3.08389
G1 E1.08389 F2400
G92 E0
G1 X111.171 Y106.346 F7200
G1 E2 F2400
G1 F3000
G1 X109.817 Y107.7 E2.06533
G1 X109.564 Y107.372 E2.07945
G1 X110.742 Y106.195 E2.13626
G1 X110.424 Y105.933 E2.15032
G1 X109.265 Y107.091 E2.20623
G1 X108.965 Y106.811 E2.22024
G1 X110.076 Y105.7 E2.27382
G1 X109.72 Y105.476 E2.28818
G1 X108.639 Y106.557 E2.34034
G1 X108.509 Y106.475 E2.34559
G1 X108.283 Y106.332 E2.3547
G1 X109.364 Y105.251 E2.40686
G1 X109.009 Y105.027 E2.42122
G1 X107.927 Y106.108 E2.47338
G1 X107.572 Y105.884 E2.48773
G1 X108.653 Y104.802 E2.5399
G1 X108.297 Y104.578 E2.55425
G1 X107.216 Y105.659 E2.60642
G1 X107.153 Y105.62 E2.60895
G1 X106.86 Y105.435 E2.62077
G1 X107.941 Y104.354 E2.67294
G1 X107.585 Y104.129 E2.68729
G1 X106.371 Y105.343 E2.74587
G1 E.74587 F2400
G92 E0
G1 X110.084 Y104.792 F7200
G1 E2 F2400
;WIDTH:0.50498
G1 F3000
G1 X110.306 Y104.569 E2.01208
G1 X110.175 Y104.047 E2.03278
G1 X109.816 Y104.406 E2.0523
G1 X109.415 Y104.153 E2.0705
G1 X110.195 Y103.373 E2.1129
G1 E.1129 F2400
G92 E0
G1 X111.75 Y105.637 F7200
G1 E2 F2400
;TYPE:Internal infill
;WIDTH:0.45
G1 F3600
G1 X110.848 Y105.057 E2.0363
G1 X110.515 Y103.728 E2.08266
G1 X111.306 Y102.937 E2.12051
G1 X113.748 Y102.937 E2.20319
G1 E.20319 F2400
G92 E0
G1 X104.235 Y113.88 F7200
G1 E2 F2400
;TYPE:Solid infill
;WIDTH:0.463341
G1 F3000
G1 X104.716 Y113.399 E2.02379
G1 X104.432 Y113.088 E2.0385
G1 X103.687 Y113.833 E2.07534
G1 X102.884 Y114.042 E2.10434
G1 X104.149 Y112.777 E2.16686
G1 X104.078 Y112.7 E2.17052
G1 X103.367 Y112.964 E2.19704
G1 X102.53 Y113.801 E2.23842
G1 X102.498 Y113.833 F7200
G1 F3000
G1 X101.937 Y114.395 E2.26616
G1 X101.342 Y114.395 E2.28695
G1 X102.207 Y113.529 E2.32972
G1 X102.152 Y113.357 E2.33607
G1 X101.785 Y113.357 E2.34889
G1 X100.748 Y114.395 E2.40017
G1 X100.153 Y114.395 E2.42096
G1 X101.189 Y113.358 E2.47219
G1 X100.593 Y113.36 E2.49301
G1 X99.558 Y114.395 E2.54418
G1 X98.964 Y114.395 E2.56497
G1 X99.998 Y113.361 E2.61608
G1 X99.402 Y113.362 E2.63691
G1 X98.369 Y114.395 E2.68796
G1 X97.775 Y114.395 E2.70875
G1 X98.806 Y113.363 E2.75975
G1 X98.211 Y113.364 E2.78057
G1 X97.18 Y114.395 E2.83151
G1 X96.586 Y114.395 E2.8523
G1 X97.615 Y113.365 E2.90318
G1 X97.019 Y113.367 E2.92401
G1 X95.991 Y114.395 E2.97484
G1 X95.937 Y114.395 E2.97671
G1 X95.937 Y113.854 E2.99562
G1 X96.607 Y113.184 E3.02872
M106 S219.3
;LAYER_CHANGE
;Z:3
;HEIGHT:0.2
G1 Z3 F7200
G1 E1.02872 F2400
G92 E0
G1 X107.919 Y110.398 F7200
G1 E2 F2400
;TYPE:Perimeter
;WIDTH:0.449999
G1 X107.969 Y110.295 E2.00389
G1 X107.984 Y109.84 E2.01929
G1 X107.912 Y109.552 E2.02935
G1 X107.62 Y109.074 E2.0483
G1 X107.181 Y108.677 E2.06835
G1 X106.578 Y108.302 E2.09236
G1 X105.772 Y107.918 E2.12258
G1 X104.708 Y107.506 E2.16122
G1 X103.313 Y107.046 E2.21094
G1 X102.175 Y106.711 E2.25107
G1 X102.003 Y106.686 E2.25696
G1 X95.632 Y106.686 E2.47261
G1 X95.632 Y102.632 E2.60984
G1 X124.368 Y102.632 E3.58252
G1 X124.368 Y117.368 E4.08131
G1 X95.632 Y117.368 E5.05398
G1 X95.632 Y113.314 E5.19121
G1 X102.003 Y113.314 E5.40686
G1 X102.175 Y113.289 E5.41275
G1 X103.332 Y112.949 E5.45356
G1 X104.738 Y112.484 E5.50368
G1 X105.772 Y112.082 E5.54124
G1 X106.64 Y111.664 E5.57386
G1 X107.181 Y111.323 E5.59548
G1 X107.62 Y110.926 E5.61553
G1 X107.741 Y110.769 E5.62223
G1 X107.893 Y110.452 E5.63413
G1 X107.5 Y110.351 F7200
;TYPE:External perimeter
G1 F1800
G1 X107.553 Y110.256 E5.6378
G1 X107.576 Y109.818 E5.65264
G1 X107.342 Y109.371 E5.66974
G1 X106.963 Y109.021 E5.68717
G1 X106.402 Y108.669 E5.70959
G1 X105.625 Y108.298 E5.73877
G1 X104.59 Y107.896 E5.77633
G1 X103.204 Y107.438 E5.82574
G1 X102.061 Y107.102 E5.86609
G1 X95.225 Y107.093 E6.09747
G1 X95.225 Y102.225 E6.26225
G1 X124.775 Y102.225 E7.26248
G1 X124.775 Y117.775 E7.78883
G1 X95.225 Y117.775 E8.78906
G1 X95.225 Y112.907 E8.95385
G1 X102.061 Y112.898 E9.18523
G1 X103.204 Y112.562 E9.22558
G1 X104.58 Y112.108 E9.27463
G1 X105.639 Y111.696 E9.31307
G1 X106.423 Y111.319 E9.34252
G1 X106.963 Y110.979 E9.36415
G1 X107.341 Y110.629 E9.38158
G1 X107.47 Y110.403 E9.39039
G1 X107.608 Y110.357 F7200
G1 E7.39039 F2400
G92 E0
G1 X105.647 Y113.709 F7200
G1 E2 F2400
;TYPE:Solid infill
;WIDTH:0.459101
G1 F3000
G1 X104.742 Y112.804 E2.04425
G1 X104.3 Y112.95 E2.06038
G1 X105.029 Y113.68 E2.09607
G1 X104.562 Y113.801 E2.11277
G1 X103.712 Y112.951 E2.15436
G1 X103.819 Y113.647 F7200
G1 F3000
G1 X103.415 Y113.242 E2.17415
G1 X102.959 Y113.375 E2.19058
G1 X103.75 Y114.166 E2.22929
G1 X103.275 Y114.279 E2.24619
G1 X102.502 Y113.507 E2.28399
G1 X102.158 Y113.607 E2.29638
G1 X102.014 Y113.607 E2.30139
G1 X102.795 Y114.389 E2.33964
G1 X102.315 Y114.497 E2.35668
G1 X101.487 Y113.669 E2.39718
G1 E.39718 F2400
G92 E0
G1 X95.937 Y115.652 F7200
G1 E2 F2400
;TYPE:Internal infill
;WIDTH:0.45
G1 F3600
G1 X95.937 Y113.619 E2.06881
G1 X96.347 Y113.618 E2.08267
G1 X99.792 Y117.063 E2.24756
G1 X97.18 Y117.063 E2.33595
G1 X100.633 Y113.61 E2.50124
G1 X101.24 Y113.609 E2.52179
G1 X101.617 Y115.071 E2.57292
G1 X103.201 Y114.715 E2.62788
G1 X105.549 Y117.063 E2.74027
G1 X102.937 Y117.063 E2.82866
G1 X105.849 Y114.151 E2.96804
G1 X108.342 Y116.523 E3.08453
G1 X109.064 Y116.068 E3.11343
G1 X109.388 Y116.369 E3.12839
G1 X108.694 Y117.063 E3.16158
G1 X111.137 Y117.063 E3.24426
G1 X111.535 Y115.552 F7200
;TYPE:Solid infill
;WIDTH:0.506562
G1 F3000
G1 X111.294 Y115.31 E3.25743
G1 X110.892 Y115.564 E3.27575
G1 X111.253 Y115.925 E3.29544
G1 X111.121 Y116.449 E3.31628
G1 X110.357 Y115.685 E3.35796
G1 X111.853 Y115.205 F7200
;TYPE:Internal infill
;WIDTH:0.45
G1 F3600
G1 X111.927 Y114.911 E3.36824
G1 X112.781 Y114.372 E3.40242
G1 X113.125 Y114.106 E3.41714
G1 X113.631 Y113.631 E3.44063
G1 X117.063 Y117.063 E3.60488
G1 X114.451 Y117.063 E3.69327
G1 X124.063 Y107.451 E4.15336
G1 X124.063 Y106.792 E4.17569
G1 X120.208 Y102.937 E4.36019
G1 X122.82 Y102.937 E4.44858
G1 X115.134 Y110.623 E4.81649
G1 X115.134 Y109.377 E4.85868
G1 X122.82 Y117.063 E5.22659
G1 X120.208 Y117.063 E5.31498
G1 X124.063 Y113.208 E5.49948
G1 X124.063 Y112.549 E5.52181
G1 X114.451 Y102.937 E5.9819
G1 X117.063 Y102.937 E6.07028
G1 X113.631 Y106.369 E6.23453
G1 X113.125 Y105.894 E6.25803
G1 X112.781 Y105.628 E6.27275
G1 X111.927 Y105.089 E6.30693
G1 X111.853 Y104.795 E6.31721
G1 X111.569 Y104.583 F7200
;TYPE:Solid infill
;WIDTH:0.530212
G1 F3000
G1 X110.73 Y103.744 E6.36529
G1 X111.137 Y102.937 F7200
;TYPE:Internal infill
;WIDTH:0.45
G1 F3600
G1 X108.694 Y102.937 E6.44797
G1 X109.37 Y103.613 E6.4803
G1 X109.043 Y103.919 E6.49545
G1 X108.366 Y103.492 E6.52254
G1 X105.846 Y105.846 E6.63927
G1 X102.937 Y102.937 E6.77851
G1 X105.549 Y102.937 E6.8669
G1 X103.201 Y105.285 E6.97929
G1 X101.657 Y104.938 E7.03284
G1 X101.283 Y106.381 E7.08331
G1 X100.624 Y106.381 E7.10562
G1 X97.18 Y102.937 E7.27046
G1 X99.792 Y102.937 E7.35885
G1 X96.348 Y106.381 E7.52369
G1 X95.937 Y106.381 E7.53759
G1 X95.937 Y104.349 E7.60637
G1 E5.60637 F2400
G92 E0
G1 X105.451 Y106.241 F7200
G1 E2 F2400
;TYPE:Solid infill
;WIDTH:0.453447
G1 F3000
G1 X105.845 Y106.634 E2.01901
G1 X105.544 Y106.915 E2.03303
G1 X104.922 Y106.293 E2.06306
G1 X104.148 Y106.098 E2.09032
G1 X105.244 Y107.195 E2.14326
G1 X105.1 Y107.33 E2.14999
G1 X104.627 Y107.158 E2.16717
G1 X103.86 Y106.392 E2.20418
G1 X103.828 Y106.359 F7200
G1 F3000
G1 X103.163 Y105.695 E2.23628
G1 X102.413 Y105.525 E2.26252
G1 X103.541 Y106.653 E2.31694
G1 X103.498 Y106.785 E2.3217
G1 X102.919 Y106.612 E2.34234
G1 X101.906 Y105.599 E2.39122
G1 X101.787 Y106.06 E2.40747
G1 X102.367 Y106.64 E2.43548
G1 E.43548 F2400
G92 E0
G1 X110.948 Y108.243 F7200
G1 E2 F2400
;TYPE:Top solid infill
;WIDTH:0.40442
G1 F1800
G1 X110.327 Y107.622 E2.0264
G1 X109.783 Y107.112 E2.04883
G1 X109.569 Y106.947 E2.05693
G1 X108.408 Y106.214 E2.09822
G1 X111.099 Y108.906 E2.21263
G1 X111.25 Y109.507 E2.23126
G1 X111.25 Y109.568 E2.23309
G1 X107.393 Y105.711 E2.39705
G1 X107.128 Y105.958 E2.40792
G1 X111.25 Y110.079 E2.58311
G1 X111.25 Y110.493 E2.59557
G1 X111.23 Y110.571 E2.59797
G1 X106.864 Y106.205 E2.78358
G1 X106.6 Y106.451 E2.79445
G1 X111.128 Y110.979 E2.98693
G1 X111.08 Y111.17 E2.99282
G1 X110.985 Y111.348 E2.99889
G1 X106.336 Y106.698 E3.19653
G1 X106.071 Y106.945 E3.2074
G1 X110.806 Y111.68 E3.40869
G1 X110.623 Y112.008 E3.41998
G1 X108.225 Y109.611 E3.52189
G1 X108.212 Y109.535 E3.5242
G1 X107.913 Y108.981 E3.5431
G1 X107.46 Y108.54 E3.56213
G1 X106.787 Y108.097 E3.58634
G1 X106.642 Y108.028 E3.59116
G1 X105.807 Y107.192 E3.62667
G1 X105.543 Y107.439 E3.63755
G1 X105.999 Y107.896 E3.65696
G1 E1.65696 F2400
G92 E0
G1 X108.104 Y110.001 F7200
G1 E2 F2400
G1 F1800
G1 X110.401 Y112.297 E2.09763
G1 X110.143 Y112.55 E2.1085
G1 X108.164 Y110.571 E2.19263
G1 X107.986 Y110.905 E2.20399
G1 X109.879 Y112.798 E2.28447
G1 X109.783 Y112.888 E2.28844
G1 X109.6 Y113.03 E2.2954
G1 X107.753 Y111.183 E2.3739
G1 X107.483 Y111.425 E2.38479
G1 X109.289 Y113.23 E2.46154
G1 X108.975 Y113.428 E2.47269
G1 X107.193 Y111.645 E2.54846
G1 X106.877 Y111.841 E2.55962
G1 X108.662 Y113.626 E2.63549
G1 X108.348 Y113.823 E2.64663
G1 X106.548 Y112.023 E2.72316
G1 X106.202 Y112.189 E2.73468
G1 X108.035 Y114.021 E2.81258
G1 X107.721 Y114.219 E2.82372
G1 X105.727 Y112.225 E2.90847
G1 E.90847 F2400
G92 E0
G1 X114.244 Y107.546 F7200
G1 E2 F2400
;TYPE:Solid infill
;WIDTH:0.450961
G1 F3000
G1 X113.526 Y106.828 E2.03445
G1 X112.861 Y106.204 E2.06541
G1 X112.548 Y105.962 E2.07885
G1 X111.289 Y105.168 E2.12931
G1 X114.463 Y108.341 E2.28157
G1 X114.666 Y109.122 E2.30895
G1 X111.51 Y105.966 E2.4604
G1 X109.92 Y104.953 E2.52435
G1 X114.727 Y109.76 E2.75498
G1 X114.727 Y110.337 E2.77456
G1 X108.404 Y104.014 E3.07795
G1 X108.105 Y104.292 E3.09181
G1 X114.671 Y110.858 E3.40686
G1 X114.555 Y111.32 E3.42299
G1 X107.807 Y104.571 E3.7468
G1 X107.509 Y104.85 E3.76065
G1 X108.445 Y105.786 E3.80556
G1 X107.434 Y105.149 E3.84607
G1 X107.329 Y105.247 E3.85097
G1 X107.21 Y105.129 E3.85666
G1 X106.912 Y105.407 E3.87051
G1 X107.031 Y105.526 E3.87621
G1 X106.732 Y105.805 E3.89006
G1 X106.614 Y105.686 E3.89575
G1 X106.315 Y105.965 E3.9096
G1 X106.564 Y106.213 E3.92151
G1 E1.92151 F2400
G92 E0
G1 X109.418 Y103.874 F7200
G1 E2 F2400
G1 F3000
G1 X110.766 Y105.222 E2.06467
G1 E.06467 F2400
G92 E0
G1 X111.094 Y108.435 F7200
G1 E2 F2400
G1 F3000
G1 X114.412 Y111.753 E2.1592
G1 X114.211 Y112.129 E2.17366
G1 X111.632 Y109.55 E2.2974
G1 X111.632 Y110.127 E2.31698
G1 X114.009 Y112.505 E2.43105
G1 X113.941 Y112.633 E2.43599
G1 X113.776 Y112.848 E2.44519
G1 X111.599 Y110.671 E2.54962
G1 X111.483 Y111.133 E2.56576
G1 X113.524 Y113.174 E2.66369
G1 X113.227 Y113.453 E2.67755
G1 X111.315 Y111.541 E2.76929
G1 X111.113 Y111.917 E2.78375
G1 X112.418 Y113.222 E2.84637
G1 X112.607 Y112.985 E2.85666
G1 X112.93 Y113.233 E2.87047
G1 X112.706 Y113.51 E2.88255
G1 X112.929 Y113.732 E2.89323
G1 X112.61 Y113.99 E2.90715
G1 X112.409 Y113.789 E2.9168
G1 X112.111 Y114.069 E2.93065
G1 X112.261 Y114.219 E2.93786
G1 X111.907 Y114.442 E2.95206
G1 X111.794 Y114.329 E2.95749
G1 X111.451 Y114.563 E2.97158
G1 X111.553 Y114.665 E2.97649
G1 X111.2 Y114.888 E2.99069
G1 X111.097 Y114.786 E2.99561
G1 X110.743 Y115.009 E3.0098
G1 X110.846 Y115.112 E3.01472
G1 X110.492 Y115.335 E3.02891
G1 X110.389 Y115.232 E3.03383
G1 X110.035 Y115.455 E3.04803
G1 X110.138 Y115.558 E3.05294
G1 X109.784 Y115.781 E3.06714
G1 X109.549 Y115.546 E3.07843
G1 E1.07843 F2400
G92 E0
G1 X112.25 Y113.631 F7200
G1 E2 F2400
G1 F3000
G1 X110.897 Y112.278 E2.06492
G1 X110.645 Y112.603 E2.07887
G1 X111.823 Y113.781 E2.13538
G1 X111.504 Y114.039 E2.1493
G1 X110.348 Y112.882 E2.20479
G1 X110.05 Y113.162 E2.21864
G1 X111.156 Y114.268 E2.27171
G1 X110.802 Y114.491 E2.2859
G1 X109.721 Y113.409 E2.33778
G1 X109.367 Y113.633 E2.35198
G1 X110.448 Y114.714 E2.40386
G1 X110.094 Y114.937 E2.41806
G1 X109.013 Y113.856 E2.46994
G1 X108.659 Y114.079 E2.48413
G1 X109.74 Y115.16 E2.53602
G1 X109.386 Y115.383 E2.55021
G1 X108.305 Y114.302 E2.60209
G1 X107.951 Y114.525 E2.61629
G1 X109.032 Y115.607 E2.66817
G1 X108.679 Y115.83 E2.68237
G1 X107.298 Y114.449 E2.74862
;LAYER_CHANGE
;Z:3.2
;HEIGHT:0.2
G1 Z3.2 F7200
G1 E.74862 F2400
G92 E0
G1 X108.993 Y110.394 F7200
G1 E2 F2400
;TYPE:Perimeter
;WIDTH:0.449999
G1 X109.045 Y110.285 E2.00411
G1 X109.06 Y109.85 E2.01884
G1 X108.988 Y109.562 E2.0289
G1 X108.707 Y109.104 E2.04707
G1 X108.289 Y108.728 E2.06609
G1 X107.722 Y108.375 E2.08872
G1 X106.965 Y108.015 E2.1171
G1 X105.967 Y107.628 E2.15331
G1 X104.654 Y107.195 E2.20011
G1 X102.169 Y106.494 E2.28752
G1 X102.003 Y106.471 E2.29319
G1 X95.632 Y106.471 E2.50883
G1 X95.632 Y102.632 E2.63878
G1 X124.368 Y102.632 E3.61145
G1 X124.368 Y117.368 E4.11024
G1 X95.632 Y117.368 E5.08291
G1 X95.632 Y113.529 E5.21286
G1 X102.003 Y113.529 E5.4285
G1 X102.169 Y113.506 E5.43417
G1 X104.68 Y112.797 E5.52249
G1 X105.967 Y112.372 E5.56838
G1 X107.007 Y111.967 E5.60615
G1 X107.784 Y111.591 E5.63536
G1 X108.381 Y111.201 E5.65952
G1 X108.827 Y110.739 E5.68126
G1 X108.967 Y110.448 E5.69216
G1 X108.608 Y110.284 F7200
;TYPE:External perimeter
G1 F1800
G1 X108.629 Y110.246 E5.69365
G1 X108.653 Y109.85 E5.70709
G1 X108.451 Y109.427 E5.72296
G1 X108.072 Y109.072 E5.74053
G1 X107.546 Y108.742 E5.76156
G1 X106.817 Y108.394 E5.78889
G1 X105.84 Y108.014 E5.82439
G1 X104.544 Y107.587 E5.87058
G1 X102.058 Y106.886 E5.958
G1 X95.225 Y106.878 E6.18929
G1 X95.225 Y102.225 E6.3468
G1 X124.775 Y102.225 E7.34703
G1 X124.775 Y117.775 E7.87337
G1 X95.225 Y117.775 E8.87361
G1 X95.225 Y113.122 E9.03111
G1 X102.058 Y113.114 E9.2624
G1 X104.552 Y112.41 E9.35012
G1 X105.84 Y111.986 E9.39601
G1 X106.817 Y111.606 E9.43151
G1 X107.567 Y111.246 E9.45964
G1 X108.072 Y110.928 E9.47988
G1 X108.428 Y110.599 E9.49628
G1 X108.578 Y110.336 E9.5065
G1 X108.651 Y110.287 F7200
G1 E7.5065 F2400
G92 E0
G1 X107.057 Y113.184 F7200
G1 E2 F2400
;TYPE:Solid infill
;WIDTH:0.46276
G1 F3000
G1 X106.592 Y113.65 E2.02298
G1 X105.813 Y113.835 E2.05093
G1 X106.623 Y113.024 E2.09095
G1 X106.319 Y112.735 E2.10561
G1 X105.034 Y114.02 E2.16907
G1 X104.27 Y114.19 E2.19639
G1 X105.667 Y112.793 E2.2654
G1 X104.781 Y113.085 E2.29797
G1 X103.507 Y114.359 E2.36087
G1 X103.467 Y114.368 E2.36232
G1 X103.354 Y113.919 E2.37849
G1 X104.218 Y113.054 E2.42119
G1 E.42119 F2400
G92 E0
G1 X107.792 Y114.883 F7200
G1 E2 F2400
;TYPE:Internal infill
;WIDTH:0.45
G1 F3600
G1 X106.851 Y114.006 E2.04353
G1 X105.726 Y114.274 E2.08267
G1 X102.937 Y117.063 E2.21617
G1 X105.549 Y117.063 E2.30456
G1 X103.306 Y114.82 E2.41189
G1 X103.168 Y114.851 E2.41668
G1 X103.112 Y114.626 E2.42455
G1 X102.278 Y113.792 E2.46444
G1 X102.01 Y113.834 E2.47363
G1 X100.409 Y113.834 E2.52783
G1 X97.18 Y117.063 E2.68237
G1 X99.792 Y117.063 E2.77076
G1 X96.563 Y113.834 E2.9253
G1 X95.937 Y113.834 E2.94649
G1 X95.937 Y115.651 E3.00797
G1 E1.00797 F2400
G92 E0
G1 X106.252 Y117.063 F7200
G1 E2 F2400
G1 F3600
G1 X108.694 Y117.063 E2.08267
G1 X109.388 Y116.369 E2.11587
G1 X109.479 Y116.455 E2.1201
G1 X110.115 Y116.053 E2.14555
G1 X110.525 Y116.444 E2.16469
G1 X110.624 Y116.381 E2.16868
G1 X111.306 Y117.063 E2.20131
G1 X112.383 Y117.063 E2.23778
G1 X111.383 Y116.134 E2.28398
G1 X111.81 Y116.224 F7200
;TYPE:Solid infill
;WIDTH:0.53102
G1 F3000
G1 X112.651 Y115.383 E2.33227
G1 X112.743 Y115.937 F7200
;TYPE:Internal infill
;WIDTH:0.45
G1 F3600
G1 X113.009 Y114.877 E2.36928
G1 X113.89 Y114.321 E2.40454
G1 X114.133 Y114.133 E2.41495
G1 X117.063 Y117.063 E2.55517
G1 X114.451 Y117.063 E2.64356
G1 X124.063 Y107.451 E3.10365
G1 X124.063 Y106.792 E3.12597
G1 X120.208 Y102.937 E3.31048
G1 X122.82 Y102.937 E3.39887
G1 X116.21 Y109.547 E3.71527
G1 X116.21 Y110.453 E3.74593
G1 X122.82 Y117.063 E4.06233
G1 X120.208 Y117.063 E4.15072
G1 X124.063 Y113.208 E4.33523
G1 X124.063 Y112.549 E4.35755
G1 X114.451 Y102.937 E4.81764
G1 X117.063 Y102.937 E4.90603
G1 X114.133 Y105.867 E5.04625
G1 X113.89 Y105.679 E5.05666
G1 X113.009 Y105.123 E5.09192
G1 X112.743 Y104.063 E5.12893
G1 X112.246 Y104.859 F7200
;TYPE:Solid infill
;WIDTH:0.503825
G1 F3000
G1 X112.467 Y104.638 E5.14091
G1 X112.337 Y104.117 E5.16149
G1 X111.98 Y104.474 E5.18085
G1 X111.58 Y104.222 E5.19896
G1 X112.357 Y103.445 E5.24108
G1 X111.262 Y103.934 F7200
;TYPE:Internal infill
;WIDTH:0.45
G1 F3600
G1 X112.305 Y102.937 E5.28992
G1 X111.306 Y102.937 E5.32375
G1 X110.624 Y103.619 E5.35638
G1 X110.572 Y103.586 E5.35848
G1 X110.156 Y103.973 E5.37768
G1 X109.457 Y103.531 E5.40568
G1 X109.37 Y103.613 E5.40972
G1 X108.694 Y102.937 E5.44205
G1 X106.252 Y102.937 E5.52472
G1 E3.52472 F2400
G92 E0
G1 X107.785 Y105.095 F7200
G1 E2 F2400
G1 F3600
G1 X106.83 Y105.989 E2.04427
G1 X105.726 Y105.726 E2.08267
G1 X102.937 Y102.937 E2.21617
G1 X105.549 Y102.937 E2.30456
G1 X103.306 Y105.18 E2.41189
G1 X103.168 Y105.149 E2.41668
G1 X103.112 Y105.374 E2.42455
G1 X102.278 Y106.208 E2.46444
G1 X102.01 Y106.166 E2.47363
G1 X100.409 Y106.166 E2.52783
G1 X97.18 Y102.937 E2.68237
G1 X99.792 Y102.937 E2.77076
G1 X96.563 Y106.166 E2.9253
G1 X95.937 Y106.166 E2.94649
G1 X95.937 Y104.349 E3.00797
G1 E1.00797 F2400
G92 E0
G1 X106.838 Y106.221 F7200
G1 E2 F2400
;TYPE:Solid infill
;WIDTH:0.45314
G1 F3000
G1 X105.806 Y107.253 E2.0498
G1 X105.37 Y107.109 E2.06547
G1 X106.217 Y106.261 E2.10636
G1 X105.749 Y106.15 E2.12279
G1 X104.933 Y106.965 E2.16212
G1 X104.487 Y106.831 E2.17801
G1 X105.28 Y106.039 E2.21626
G1 X104.809 Y105.929 E2.23275
G1 X104.035 Y106.704 E2.27011
G1 X103.582 Y106.576 E2.28615
G1 X104.334 Y105.824 E2.32242
G1 X103.859 Y105.719 E2.33902
G1 X103.053 Y106.525 E2.37792
G1 E.37792 F2400
G92 E0
G1 X112.033 Y111.729 F7200
G1 E2 F2400
;TYPE:Top solid infill
;WIDTH:0.402604
G1 F1800
G1 X111.434 Y112.328 E2.02533
G1 X110.892 Y112.837 E2.04759
G1 X110.678 Y113.002 E2.05564
G1 X109.523 Y113.731 E2.09649
G1 X112.177 Y111.077 E2.20872
G1 X112.326 Y110.483 E2.22703
G1 X112.326 Y110.419 E2.22894
G1 X108.481 Y114.264 E2.39157
G1 X108.22 Y114.016 E2.40233
G1 X112.326 Y109.911 E2.57598
G1 X112.326 Y109.517 E2.58777
G1 X112.303 Y109.425 E2.59059
G1 X107.959 Y113.768 E2.7743
G1 X107.699 Y113.52 E2.78506
G1 X112.201 Y109.018 E2.97547
G1 X112.156 Y108.84 E2.98096
G1 X112.056 Y108.654 E2.98728
G1 X107.438 Y113.272 E3.18261
G1 X107.178 Y113.024 E3.19337
G1 X111.879 Y108.323 E3.39222
G1 X111.693 Y108 E3.40335
G1 X109.303 Y110.39 E3.50442
G1 X109.237 Y110.567 E3.51007
G1 X109 Y110.989 E3.52456
G1 X108.569 Y111.409 E3.54255
G1 X107.93 Y111.83 E3.56542
G1 X107.8 Y111.893 E3.56977
G1 X106.917 Y112.776 E3.60711
G1 X106.656 Y112.528 E3.61787
G1 X107.158 Y112.027 E3.63908
G1 E1.63908 F2400
G92 E0
G1 X109.178 Y110.006 F7200
G1 E2 F2400
G1 F1800
G1 X111.472 Y107.713 E2.09701
G1 X111.212 Y107.464 E2.10777
G1 X109.233 Y109.443 E2.19149
G1 X109.055 Y109.113 E2.20272
G1 X110.95 Y107.217 E2.28288
G1 X110.892 Y107.163 E2.28527
G1 X110.668 Y106.991 E2.29371
G1 X108.821 Y108.837 E2.37179
G1 X108.563 Y108.587 E2.38255
G1 X110.356 Y106.794 E2.45836
G1 X110.044 Y106.598 E2.46939
G1 X108.256 Y108.385 E2.54498
G1 X107.95 Y108.183 E2.55597
G1 X109.732 Y106.401 E2.63134
G1 X109.42 Y106.204 E2.64237
G1 X107.61 Y108.014 E2.71893
G1 X107.267 Y107.848 E2.73031
G1 X109.108 Y106.007 E2.80815
G1 X108.796 Y105.811 E2.81918
G1 X106.787 Y107.819 E2.90415
G1 E.90415 F2400
G92 E0
G1 X115.343 Y112.402 F7200
G1 E2 F2400
;TYPE:Solid infill
;WIDTH:0.465294
G1 F3000
G1 X114.45 Y113.295 E2.04437
G1 X113.97 Y113.745 E2.06747
G1 X113.657 Y113.987 E2.08138
G1 X112.312 Y114.835 E2.13719
G1 X115.562 Y111.585 E2.29861
G1 X115.762 Y110.788 E2.32748
G1 X112.451 Y114.099 E2.49198
G1 X110.833 Y115.119 E2.55912
G1 X115.803 Y110.15 E2.80594
G1 X115.803 Y109.553 E2.82692
G1 X109.468 Y115.888 E3.14155
G1 X109.159 Y115.599 E3.1564
G1 X115.719 Y109.039 E3.48224
G1 X115.599 Y108.562 E3.49953
G1 X108.849 Y115.311 E3.83477
G1 X108.54 Y115.023 E3.84962
G1 X109.138 Y114.425 E3.87932
G1 X108.511 Y114.821 E3.90536
G1 X108.324 Y114.642 E3.91444
G1 X108.231 Y114.735 E3.91906
G1 X107.922 Y114.447 E3.9339
G1 X108.018 Y114.351 E3.93867
G1 X107.712 Y114.06 E3.95351
G1 X107.483 Y114.289 E3.96487
G1 E1.96487 F2400
G92 E0
G1 X110.469 Y116.081 F7200
G1 E2 F2400
G1 F3000
G1 X111.734 Y114.816 E2.06284
G1 E.06284 F2400
G92 E0
G1 X112.347 Y111.217 F7200
G1 E2 F2400
G1 F3000
G1 X115.425 Y108.139 E2.15287
G1 X115.216 Y107.75 E2.16837
G1 X112.708 Y110.258 E2.29295
G1 X112.708 Y109.661 E2.31393
G1 X115.003 Y107.366 E2.42793
G1 X114.744 Y107.028 E2.4429
G1 X112.626 Y109.145 E2.54806
G1 X112.5 Y108.674 E2.56519
G1 X114.46 Y106.714 E2.66251
G1 X114.151 Y106.425 E2.67735
G1 X112.292 Y108.285 E2.76972
G1 X112.084 Y107.896 E2.78521
G1 X113.333 Y106.647 E2.84726
G1 X113.025 Y106.357 E2.8621
G1 X111.83 Y107.552 E2.92143
G1 X111.741 Y107.435 E2.92658
G1 X111.539 Y107.246 E2.93631
G1 X112.703 Y106.082 E2.99413
G1 X112.548 Y105.962 E3.00102
G1 X112.35 Y105.837 E3.00922
G1 X111.231 Y106.957 E3.06483
G1 X110.902 Y106.688 E3.07973
G1 X111.984 Y105.606 E3.13346
G1 X111.618 Y105.375 E3.14867
G1 X110.536 Y106.457 E3.20237
G1 X110.17 Y106.225 E3.21758
G1 X111.251 Y105.144 E3.27129
G1 X110.885 Y104.913 E3.2865
G1 X109.804 Y105.994 E3.3402
G1 X109.437 Y105.763 E3.35541
G1 X110.519 Y104.682 E3.40912
G1 X110.152 Y104.451 E3.42433
G1 X109.071 Y105.532 E3.47803
G1 X108.705 Y105.301 E3.49324
G1 X109.919 Y104.087 E3.55354
G1 E1.55354 F2400
G92 E0
G1 X113.491 Y106.488 F7200
G1 E2 F2400
G1 F3000
G1 X113.832 Y106.148 E2.0169
G1 X113.48 Y105.902 E2.03196
G1 X113.313 Y106.069 E2.0403
G1 X112.993 Y105.792 E2.05517
G1 X113.114 Y105.671 E2.06118
G1 X112.748 Y105.44 E2.07639
G1 X112.645 Y105.542 E2.08148
G1 X112.279 Y105.311 E2.09669
G1 X112.382 Y105.209 E2.10178
G1 X112.015 Y104.978 E2.11699
G1 X111.913 Y105.08 E2.12208
G1 X111.546 Y104.849 E2.13729
G1 X111.649 Y104.747 E2.14238
G1 X111.283 Y104.516 E2.15759
G1 X111.18 Y104.618 E2.16268
G1 X110.814 Y104.387 E2.17789
G1 X111.049 Y104.152 E2.18957
;LAYER_CHANGE
;Z:3.4
;HEIGHT:0.2
G1 Z3.4 F7200
G1 E.18957 F2400
G92 E0
G1 X110.064 Y110.391 F7200
G1 E2 F2400
;TYPE:Perimeter
;WIDTH:0.449999
G1 X110.12 Y110.28 E2.00422
G1 X110.136 Y109.86 E2.01845
G1 X110.064 Y109.572 E2.02851
G1 X109.794 Y109.134 E2.04591
G1 X109.398 Y108.779 E2.0639
G1 X108.865 Y108.448 E2.08515
G1 X108.158 Y108.111 E2.11168
G1 X107.227 Y107.75 E2.14547
G1 X106.006 Y107.348 E2.18897
G1 X104.415 Y106.887 E2.24505
G1 X102.156 Y106.302 E2.32403
G1 X102.003 Y106.283 E2.32925
G1 X95.632 Y106.283 E2.54489
G1 X95.632 Y102.632 E2.66847
G1 X124.368 Y102.632 E3.64114
G1 X124.368 Y117.368 E4.13993
G1 X95.632 Y117.368 E5.11261
G1 X95.632 Y113.717 E5.23618
G1 X102.003 Y113.717 E5.45182
G1 X102.156 Y113.698 E5.45704
G1 X104.398 Y113.117 E5.53545
G1 X106.006 Y112.652 E5.59211
G1 X107.227 Y112.25 E5.6356
G1 X108.2 Y111.871 E5.67096
G1 X108.927 Y111.518 E5.69833
G1 X109.49 Y111.15 E5.7211
G1 X109.863 Y110.789 E5.73865
G1 X110.037 Y110.445 E5.7517
G1 X109.703 Y110.239 F7200
;TYPE:External perimeter
G1 F1800
G1 X109.729 Y109.86 E5.76458
G1 X109.555 Y109.484 E5.77861
G1 X109.181 Y109.123 E5.79619
G1 X108.69 Y108.815 E5.81584
G1 X108.01 Y108.49 E5.84133
G1 X107.099 Y108.137 E5.8744
G1 X105.893 Y107.739 E5.91739
G1 X104.296 Y107.277 E5.97366
G1 X102.054 Y106.697 E6.05206
G1 X95.225 Y106.69 E6.28321
G1 X95.225 Y102.225 E6.43434
G1 X124.775 Y102.225 E7.43457
G1 X124.775 Y117.775 E7.96092
G1 X95.225 Y117.775 E8.96115
G1 X95.225 Y113.31 E9.11229
G1 X102.054 Y113.303 E9.34343
G1 X104.296 Y112.723 E9.42184
G1 X105.893 Y112.261 E9.47811
G1 X107.099 Y111.863 E9.52109
G1 X108.024 Y111.504 E9.55469
G1 X108.71 Y111.174 E9.58046
G1 X109.181 Y110.877 E9.59931
G1 X109.515 Y110.569 E9.61468
G1 X109.674 Y110.291 E9.62549
G1 X110.072 Y110.145 F7200
G1 E7.62549 F2400
G92 E0
G1 X107.167 Y112.398 F7200
G1 E2 F2400
;TYPE:Solid infill
;WIDTH:0.495692
G1 F3000
G1 X108.197 Y113.428 E2.05481
G1 X107.679 Y113.551 E2.07483
G1 X106.831 Y112.702 E2.12001
G1 X106.349 Y112.861 E2.1391
G1 X107.162 Y113.674 E2.18238
G1 X106.643 Y113.794 E2.20246
G1 X105.86 Y113.012 E2.24411
G1 X105.364 Y113.156 E2.26358
G1 X106.118 Y113.91 E2.30376
G1 X105.594 Y114.026 E2.32397
G1 X104.719 Y113.151 E2.37057
G1 E.37057 F2400
G92 E0
G1 X107.915 Y113.955 F7200
G1 E2 F2400
;TYPE:Internal infill
;WIDTH:0.45
G1 F3600
G1 X107.88 Y113.921 E2.00164
G1 X105.546 Y114.454 E2.08267
G1 X102.937 Y117.063 E2.20754
G1 X105.549 Y117.063 E2.29593
G1 X102.428 Y113.942 E2.4453
G1 X102.226 Y113.995 E2.45237
G1 X102.009 Y114.022 E2.45977
G1 X100.221 Y114.022 E2.52031
G1 X97.18 Y117.063 E2.66585
G1 X99.792 Y117.063 E2.75424
G1 X96.751 Y114.022 E2.89977
G1 X95.937 Y114.022 E2.92733
G1 X95.937 Y115.651 E2.98245
G1 E.98245 F2400
G92 E0
G1 X106.252 Y117.063 F7200
G1 E2 F2400
G1 F3600
G1 X108.694 Y117.063 E2.08267
G1 X109.905 Y115.852 E2.14061
G1 X110.525 Y116.444 E2.16961
G1 X110.624 Y116.381 E2.17359
G1 X111.306 Y117.063 E2.20622
G1 X113.436 Y117.063 E2.27834
G1 X113.211 Y116.847 E2.28889
G1 X113.332 Y115.105 F7200
;TYPE:Solid infill
;WIDTH:0.501088
G1 F3000
G1 X113.551 Y115.324 E2.30067
G1 X113.421 Y115.842 E2.32101
G1 X113.067 Y115.488 E2.34004
G1 X112.67 Y115.739 E2.35794
G1 X113.442 Y116.511 E2.3995
G1 E.3995 F2400
G92 E0
G1 X116.353 Y112.93 F7200
G1 E2 F2400
;TYPE:Internal infill
;WIDTH:0.45
G1 F3600
G1 X116.005 Y113.383 E2.01935
G1 X115.343 Y114.004 E2.05007
G1 X114.999 Y114.27 E2.06479
G1 X114.552 Y114.552 E2.08267
G1 X117.063 Y117.063 E2.20285
G1 X114.451 Y117.063 E2.29124
G1 X124.063 Y107.451 E2.75132
G1 X124.063 Y106.792 E2.77365
G1 X120.208 Y102.937 E2.95815
G1 X122.82 Y102.937 E3.04654
G1 X117.113 Y108.644 E3.31972
G1 X117.286 Y109.333 E3.34375
G1 X117.286 Y110.667 E3.38893
G1 X117.113 Y111.356 E3.41296
G1 X122.82 Y117.063 E3.68613
G1 X120.208 Y117.063 E3.77452
G1 X124.063 Y113.208 E3.95902
G1 X124.063 Y112.549 E3.98135
G1 X114.451 Y102.937 E4.44144
G1 X117.063 Y102.937 E4.52983
G1 X114.552 Y105.448 E4.65
G1 X114.999 Y105.73 E4.66788
G1 X115.343 Y105.996 E4.68261
G1 X116.005 Y106.617 E4.71333
G1 X116.353 Y107.07 E4.73268
G1 E2.73268 F2400
G92 E0
G1 X114.453 Y105.65 F7200
G1 E2 F2400
;TYPE:Solid infill
;WIDTH:0.462911
G1 F3000
G1 X115.731 Y106.928 E2.06311
G1 X116.114 Y107.427 E2.08511
G1 X116.64 Y108.431 E2.12466
G1 X112.845 Y104.636 E2.31207
G1 X112.992 Y105.377 F7200
G1 F3000
G1 X116.839 Y109.224 E2.50204
G1 X116.879 Y109.383 E2.50777
G1 X116.879 Y109.858 E2.52435
G1 X111.971 Y104.949 E2.76675
G1 X110.62 Y104.097 E2.82253
G1 X110.57 Y104.143 E2.82487
G1 X116.879 Y110.452 E3.13642
G1 X116.879 Y110.617 E3.14221
G1 X116.793 Y110.96 E3.15454
G1 X110.263 Y104.43 E3.47703
G1 X109.955 Y104.716 E3.4917
G1 X116.674 Y111.434 E3.8235
G1 X116.629 Y111.611 E3.82986
G1 X116.499 Y111.854 E3.83948
G1 X113.67 Y109.024 E3.97923
G1 X113.784 Y109.479 E3.99561
G1 X113.784 Y109.732 E4.00445
G1 X116.292 Y112.241 E4.12833
G1 X116.078 Y112.62 E4.14355
G1 X113.784 Y110.326 E4.25684
G1 X113.784 Y110.521 E4.26362
G1 X113.704 Y110.84 E4.27512
G1 X115.82 Y112.956 E4.37963
G1 X115.702 Y113.109 E4.38636
G1 X115.535 Y113.266 E4.39436
G1 X113.58 Y111.31 E4.49096
G1 X113.372 Y111.697 E4.50628
G1 X114.702 Y113.027 E4.57195
G1 X114.801 Y112.898 E4.57761
G1 X115.124 Y113.146 E4.59183
G1 X114.992 Y113.317 E4.59936
G1 X115.229 Y113.553 E4.61104
G1 X114.908 Y113.826 E4.62575
G1 X114.7 Y113.618 E4.63602
G1 X114.393 Y113.906 E4.6507
G1 X114.556 Y114.068 E4.65873
G1 X114.192 Y114.298 E4.67376
G1 X114.073 Y114.18 E4.67962
G1 X113.725 Y114.425 E4.6945
G1 X113.828 Y114.528 E4.69956
G1 X113.463 Y114.758 E4.7146
G1 X113.361 Y114.655 E4.71966
G1 X112.997 Y114.885 E4.7347
G1 X113.099 Y114.987 E4.73976
G1 X112.735 Y115.217 E4.7548
G1 X112.632 Y115.115 E4.75986
G1 X112.268 Y115.344 E4.7749
G1 X112.371 Y115.447 E4.77996
G1 X112.006 Y115.676 E4.795
G1 X111.771 Y115.441 E4.80662
G1 E2.80662 F2400
G92 E0
G1 X114.542 Y113.46 F7200
G1 E2 F2400
G1 F3000
G1 X113.165 Y112.084 E2.06798
G1 X112.912 Y112.424 E2.0828
G1 X114.105 Y113.618 E2.14174
G1 X113.783 Y113.889 E2.15647
G1 X112.621 Y112.728 E2.21384
G1 X112.315 Y113.015 E2.22851
G1 X113.43 Y114.13 E2.28358
G1 X113.066 Y114.36 E2.29861
G1 X111.984 Y113.279 E2.35202
G1 X111.62 Y113.508 E2.36706
G1 X112.701 Y114.59 E2.42046
G1 X112.337 Y114.819 E2.4355
G1 X111.256 Y113.738 E2.4889
G1 X110.892 Y113.968 E2.50394
G1 X111.973 Y115.049 E2.55734
G1 X111.609 Y115.279 E2.57238
G1 X110.527 Y114.198 E2.62578
G1 X110.163 Y114.427 E2.64082
G1 X111.244 Y115.508 E2.69422
G1 X110.88 Y115.738 E2.70926
G1 X109.799 Y114.657 E2.76266
G1 X109.639 Y114.758 E2.76927
G1 X108.617 Y113.806 E2.81804
G1 X108.456 Y113.908 E2.82469
G1 X110.649 Y116.101 E2.93299
G1 E.93299 F2400
G92 E0
G1 X110.898 Y106.253 F7200
G1 E2 F2400
G1 F3000
G1 X109.648 Y105.003 E2.06175
G1 X109.34 Y105.289 E2.07642
G1 X109.444 Y105.392 E2.08152
G1 X109.137 Y105.679 E2.09619
G1 X109.033 Y105.576 E2.10132
G1 X108.725 Y105.862 E2.116
G1 X108.959 Y106.096 E2.12756
G1 E.12756 F2400
G92 E0
G1 X111.567 Y103.952 F7200
G1 E2 F2400
G1 F3000
G1 X112.862 Y105.247 E2.06395
G1 X113.731 Y104.641 F7200
;WIDTH:0.531415
G1 F3000
G1 X112.892 Y103.802 E2.11214
G1 X113.292 Y103.118 F7200
;TYPE:Internal infill
;WIDTH:0.45
G1 F3600
G1 X113.484 Y102.937 E2.12108
G1 X111.306 Y102.937 E2.19482
G1 X110.624 Y103.619 E2.22745
G1 X110.572 Y103.586 E2.22955
G1 X109.935 Y104.178 E2.25897
G1 X108.694 Y102.937 E2.31838
G1 X106.252 Y102.937 E2.40106
G1 E.40106 F2400
G92 E0
G1 X107.411 Y106.197 F7200
G1 E2 F2400
;TYPE:Solid infill
;WIDTH:0.480271
G1 F3000
G1 X107.978 Y106.764 E2.02913
G1 X107.658 Y107.063 E2.04504
G1 X106.847 Y106.252 E2.08676
G1 X106.051 Y106.075 E2.11639
G1 X107.338 Y107.362 E2.18258
G1 X107.256 Y107.438 E2.18666
G1 X106.571 Y107.212 E2.21292
G1 X105.257 Y105.899 E2.28047
G1 X105.127 Y105.87 E2.28531
G1 X105.022 Y106.282 E2.30078
G1 X105.942 Y107.202 E2.34807
G1 E.34807 F2400
G92 E0
G1 X107.918 Y106.057 F7200
G1 E2 F2400
;TYPE:Internal infill
;WIDTH:0.45
G1 F3600
G1 X107.892 Y106.082 E2.00121
G1 X105.546 Y105.546 E2.08267
G1 X102.937 Y102.937 E2.20754
G1 X105.549 Y102.937 E2.29593
G1 X102.428 Y106.058 E2.4453
G1 X102.226 Y106.005 E2.45237
G1 X102.009 Y105.978 E2.45977
G1 X100.221 Y105.978 E2.52031
G1 X97.18 Y102.937 E2.66585
G1 X99.792 Y102.937 E2.75424
G1 X96.751 Y105.978 E2.89977
G1 X95.937 Y105.978 E2.92733
G1 X95.937 Y104.349 E2.98245
G1 E.98245 F2400
G92 E0
G1 X113.132 Y108.324 F7200
G1 E2 F2400
;TYPE:Top solid infill
;WIDTH:0.41781
G1 F1800
G1 X112 Y107.214 E2.04943
G1 X111.787 Y107.049 E2.05782
G1 X110.541 Y106.263 E2.10375
G1 X113.267 Y108.988 E2.22391
G1 X113.402 Y109.527 E2.2412
G1 X113.402 Y109.654 E2.24516
G1 X109.557 Y105.809 E2.41464
G1 X109.283 Y106.065 E2.42634
G1 X113.402 Y110.184 E2.60789
G1 X113.402 Y110.473 E2.61692
G1 X113.353 Y110.666 E2.6231
G1 X109.009 Y106.322 E2.8146
G1 X108.735 Y106.578 E2.8263
G1 X113.247 Y111.09 E3.02519
G1 X113.232 Y111.15 E3.02712
G1 X113.073 Y111.446 E3.0376
G1 X108.462 Y106.834 E3.2409
G1 X108.188 Y107.09 E3.25259
G1 X112.888 Y111.791 E3.45982
G1 X112.824 Y111.912 E3.46409
G1 X112.674 Y112.107 E3.47176
G1 X110.417 Y109.85 E3.57127
G1 X110.362 Y109.551 E3.58074
G1 X110.087 Y109.042 E3.59878
G1 X109.678 Y108.642 E3.61661
G1 X109.074 Y108.243 E3.63918
G1 X108.563 Y107.996 E3.65685
G1 X107.8 Y107.233 E3.6905
G1 X107.932 Y107.895 F7200
G1 F1800
G1 X107.526 Y107.489 E3.7084
G1 E1.7084 F2400
G92 E0
G1 X110.248 Y110.211 F7200
G1 E2 F2400
G1 F1800
G1 X112.425 Y112.388 E2.09597
G1 X112.151 Y112.645 E2.10766
G1 X110.226 Y110.719 E2.19254
G1 X110.158 Y110.846 E2.19703
G1 X110.013 Y111.036 E2.20448
G1 X111.867 Y112.89 E2.28621
G1 X111.548 Y113.102 E2.29813
G1 X109.737 Y111.291 E2.37797
G1 X109.553 Y111.455 E2.38566
G1 X109.441 Y111.525 E2.38978
G1 X111.223 Y113.307 E2.46836
G1 X110.898 Y113.512 E2.48034
G1 X109.113 Y111.727 E2.55902
G1 X108.766 Y111.91 E2.57126
G1 X110.573 Y113.717 E2.65093
G1 X110.248 Y113.922 E2.66291
G1 X108.406 Y112.081 E2.74409
G1 X108.033 Y112.238 E2.75671
G1 X110.039 Y114.244 E2.84513
;LAYER_CHANGE
;Z:3.6
;HEIGHT:0.2
G1 Z3.6 F7200
G1 E.84513 F2400
G92 E0
G1 X111.146 Y110.394 F7200
G1 E2 F2400
;TYPE:Perimeter
;WIDTH:0.449999
G1 X111.177 Y110.336 E2.00221
G1 X111.212 Y109.87 E2.01804
G1 X111.14 Y109.582 E2.02811
G1 X110.88 Y109.165 E2.04473
G1 X110.507 Y108.83 E2.0617
G1 X110.009 Y108.52 E2.08155
G1 X109.35 Y108.207 E2.10624
G1 X108.486 Y107.872 E2.13761
G1 X107.354 Y107.499 E2.17795
G1 X105.881 Y107.073 E2.22987
G1 X103.877 Y106.553 E2.29995
G1 X102.145 Y106.137 E2.36023
G1 X102.003 Y106.12 E2.36509
G1 X95.632 Y106.12 E2.58073
G1 X95.632 Y102.632 E2.69878
G1 X124.368 Y102.632 E3.67145
G1 X124.368 Y117.368 E4.17024
G1 X95.632 Y117.368 E5.14292
G1 X95.632 Y113.88 E5.26097
G1 X102.003 Y113.88 E5.4766
G1 X102.145 Y113.863 E5.48146
G1 X103.888 Y113.445 E5.54212
G1 X105.864 Y112.931 E5.61125
G1 X107.354 Y112.501 E5.66375
G1 X108.516 Y112.117 E5.70516
G1 X109.393 Y111.774 E5.73702
G1 X110.071 Y111.445 E5.76254
G1 X110.507 Y111.17 E5.78
G1 X110.949 Y110.759 E5.80044
G1 X111.117 Y110.447 E5.81244
G1 X110.781 Y110.226 F7200
;TYPE:External perimeter
G1 F1800
G1 X110.805 Y109.87 E5.82453
G1 X110.642 Y109.514 E5.83779
G1 X110.29 Y109.174 E5.85434
G1 X109.833 Y108.888 E5.8726
G1 X109.203 Y108.587 E5.89624
G1 X108.358 Y108.259 E5.9269
G1 X107.249 Y107.893 E5.96646
G1 X105.768 Y107.464 E6.01865
G1 X103.785 Y106.949 E6.08797
G1 X102.05 Y106.532 E6.14837
G1 X95.225 Y106.527 E6.3794
G1 X95.225 Y102.225 E6.52501
G1 X124.775 Y102.225 E7.52524
G1 X124.775 Y117.775 E8.05159
G1 X95.225 Y117.775 E9.05182
G1 X95.225 Y113.473 E9.19743
G1 X102.05 Y113.468 E9.42845
G1 X103.785 Y113.051 E9.48886
G1 X105.762 Y112.537 E9.55799
G1 X107.241 Y112.11 E9.61011
G1 X108.368 Y111.738 E9.65028
G1 X109.217 Y111.407 E9.68111
G1 X109.854 Y111.101 E9.70503
G1 X110.29 Y110.826 E9.72249
G1 X110.602 Y110.538 E9.73683
G1 X110.751 Y110.278 E9.74699
G1 X111.127 Y110.138 F7200
G1 E7.74699 F2400
G92 E0
G1 X109.12 Y112.986 F7200
G1 E2 F2400
;TYPE:Solid infill
;WIDTH:0.50834
G1 F3000
G1 X108.619 Y113.486 E2.0274
G1 X107.774 Y113.673 E2.0609
G1 X108.654 Y112.794 E2.10904
G1 X108.342 Y112.497 E2.1257
G1 X108.268 Y112.521 E2.12871
G1 X106.929 Y113.86 E2.20201
G1 X106.684 Y113.915 E2.21172
G1 X106.583 Y113.548 E2.22644
G1 X107.574 Y112.557 E2.28068
G1 E.28068 F2400
G92 E0
G1 X108.238 Y107.662 F7200
G1 E2 F2400
;WIDTH:0.494115
G1 F3000
G1 X109.239 Y106.661 E2.05311
G1 X108.723 Y106.538 E2.07299
G1 X107.903 Y107.358 E2.1165
G1 X107.422 Y107.201 E2.13549
G1 X108.202 Y106.421 E2.17688
G1 X107.679 Y106.306 E2.19696
G1 X106.927 Y107.058 E2.23689
G1 X106.459 Y106.923 E2.25516
G1 X106.472 Y106.875 E2.25703
G1 X107.311 Y106.037 E2.3015
G1 E.3015 F2400
G92 E0
G1 X112.009 Y102.937 F7200
G1 E2 F2400
;TYPE:Internal infill
;WIDTH:0.45
G1 F3600
G1 X114.451 Y102.937 E2.08267
G1 X114.508 Y102.994 E2.08539
G1 X113.389 Y104.066 E2.13783
G1 X112.728 Y103.649 E2.16431
G1 X112.315 Y104.037 E2.18349
G1 X111.616 Y103.596 E2.21147
G1 X110.458 Y104.701 E2.26564
G1 X108.694 Y102.937 E2.35007
G1 X111.306 Y102.937 E2.43846
G1 X108.232 Y106.011 E2.5856
G1 X106.399 Y105.606 E2.64914
G1 X106.228 Y106.228 E2.67099
G1 X102.937 Y102.937 E2.82851
G1 X105.549 Y102.937 E2.91689
G1 X102.563 Y105.923 E3.05982
G1 X102.211 Y105.838 E3.07208
G1 X102.009 Y105.814 E3.07897
G1 X100.057 Y105.814 E3.14501
G1 X97.18 Y102.937 E3.28274
G1 X99.792 Y102.937 E3.37113
G1 X96.915 Y105.814 E3.50885
G1 X95.937 Y105.814 E3.54193
G1 X95.937 Y104.349 E3.59152
G1 E1.59152 F2400
G92 E0
G1 X95.937 Y115.651 F7200
G1 E2 F2400
G1 F3600
G1 X95.937 Y114.186 E2.0496
G1 X96.915 Y114.186 E2.08267
G1 X99.792 Y117.063 E2.2204
G1 X97.18 Y117.063 E2.30879
G1 X100.057 Y114.186 E2.44651
G1 X102.009 Y114.186 E2.51255
G1 X102.211 Y114.162 E2.51944
G1 X102.563 Y114.077 E2.53171
G1 X105.549 Y117.063 E2.67463
G1 X102.937 Y117.063 E2.76302
G1 X106.224 Y113.776 E2.92033
G1 X106.394 Y114.396 E2.94207
G1 X108.232 Y113.989 E3.0058
G1 X111.306 Y117.063 E3.15293
G1 X108.694 Y117.063 E3.24132
G1 X110.471 Y115.286 E3.32636
G1 X111.65 Y116.382 E3.38086
G1 X112.298 Y115.974 E3.40677
G1 X112.707 Y116.364 E3.4259
G1 X113.389 Y115.934 E3.45322
G1 X114.508 Y117.006 E3.50567
G1 X114.451 Y117.063 E3.50838
G1 X112.009 Y117.063 E3.59106
G1 E1.59106 F2400
G92 E0
G1 X114.807 Y115.349 F7200
G1 E2 F2400
;TYPE:Solid infill
;WIDTH:0.531415
G1 F3000
G1 X114.102 Y116.053 E2.04047
G1 X113.749 Y115.715 E2.06031
G1 X114.358 Y115.106 E2.09529
G1 E.09529 F2400
G92 E0
G1 X114.217 Y111.65 F7200
G1 E2 F2400
;TYPE:Top solid infill
;WIDTH:0.415025
G1 F1800
G1 X113.109 Y112.736 E2.04798
G1 X112.896 Y112.9 E2.05631
G1 X111.662 Y113.678 E2.10145
G1 X114.344 Y110.997 E2.21878
G1 X114.478 Y110.463 E2.2358
G1 X114.478 Y110.337 E2.23972
G1 X110.647 Y114.167 E2.40732
G1 X110.378 Y113.91 E2.41884
G1 X114.478 Y109.811 E2.59823
G1 X114.478 Y109.537 E2.60671
G1 X114.427 Y109.335 E2.61314
G1 X110.109 Y113.653 E2.80211
G1 X109.839 Y113.397 E2.81362
G1 X114.322 Y108.914 E3.00975
G1 X114.148 Y108.562 E3.02192
G1 X109.57 Y113.14 E3.22224
G1 X109.301 Y112.883 E3.23375
G1 X113.964 Y108.219 E3.43783
G1 X113.91 Y108.118 E3.44136
G1 X113.749 Y107.908 E3.44956
G1 X111.489 Y110.168 E3.54846
G1 X111.473 Y110.318 E3.55311
G1 X111.389 Y110.547 E3.56067
G1 X111.173 Y110.929 E3.57424
G1 X110.787 Y111.307 E3.59097
G1 X110.218 Y111.684 E3.6121
G1 X109.744 Y111.913 E3.62838
G1 X109.031 Y112.626 E3.65957
G1 X108.762 Y112.369 E3.67108
G1 X109.121 Y112.01 E3.6868
G1 E1.6868 F2400
G92 E0
G1 X111.328 Y109.803 F7200
G1 E2 F2400
G1 F1800
G1 X113.5 Y107.631 E2.09504
G1 X113.228 Y107.376 E2.10656
G1 X111.306 Y109.298 E2.19067
G1 X111.245 Y109.184 E2.19469
G1 X111.093 Y108.986 E2.20242
G1 X112.943 Y107.136 E2.28336
G1 X112.624 Y106.928 E2.29513
G1 X110.818 Y108.734 E2.37417
G1 X110.662 Y108.596 E2.38062
G1 X110.519 Y108.507 E2.38583
G1 X112.301 Y106.725 E2.46384
G1 X111.979 Y106.521 E2.47565
G1 X110.193 Y108.306 E2.55376
G1 X109.843 Y108.13 E2.56589
G1 X111.656 Y106.318 E2.64522
G1 X111.333 Y106.114 E2.65702
G1 X109.486 Y107.962 E2.73787
G1 X109.107 Y107.814 E2.75044
G1 X111.127 Y105.794 E2.83882
G1 E.83882 F2400
G92 E0
G1 X114.417 Y104.931 F7200
G1 E2 F2400
;TYPE:Solid infill
;WIDTH:0.498407
G1 F3000
G1 X114.634 Y104.715 E2.01158
G1 X114.504 Y104.2 E2.03169
G1 X114.155 Y104.549 E2.05039
G1 X113.76 Y104.3 E2.06808
G1 X114.526 Y103.534 E2.10911
G1 E.10911 F2400
G92 E0
G1 X119.505 Y102.937 F7200
G1 E2 F2400
;TYPE:Internal infill
;WIDTH:0.45
G1 F3600
G1 X117.063 Y102.937 E2.08267
G1 X115.1 Y104.9 E2.17663
G1 X114.66 Y103.146 E2.23786
G1 X124.063 Y112.549 E2.68798
G1 X124.063 Y113.208 E2.71031
G1 X120.208 Y117.063 E2.89481
G1 X122.82 Y117.063 E2.9832
G1 X117.885 Y112.128 E3.21942
G1 X118.088 Y111.749 E3.23397
G1 X118.362 Y110.658 E3.27206
G1 X118.362 Y109.343 E3.31657
G1 X118.088 Y108.251 E3.35466
G1 X117.885 Y107.872 E3.36921
G1 X122.82 Y102.937 E3.60544
G1 X120.208 Y102.937 E3.69383
G1 X124.063 Y106.792 E3.87833
G1 X124.063 Y107.451 E3.90066
G1 X114.66 Y116.854 E4.35078
G1 X115.1 Y115.1 E4.41201
G1 X117.063 Y117.063 E4.50596
G1 X119.505 Y117.063 E4.58864
G1 E2.58864 F2400
G92 E0
G1 X117.513 Y112.349 F7200
G1 E2 F2400
;TYPE:Solid infill
;WIDTH:0.460719
G1 F3000
G1 X116.675 Y113.186 E2.04114
G1 X116.188 Y113.643 E2.06435
G1 X115.874 Y113.885 E2.07812
G1 X114.549 Y114.721 E2.13256
G1 X117.717 Y111.553 E2.28821
G1 X117.915 Y110.764 E2.31647
G1 X114.705 Y113.975 E2.4742
G1 X113.105 Y114.983 E2.53989
G1 X117.955 Y110.134 E2.77815
G1 X117.955 Y109.543 E2.79867
G1 X111.661 Y115.836 E3.10787
G1 X111.355 Y115.552 E3.12239
G1 X117.866 Y109.041 E3.44229
G1 X117.748 Y108.568 E3.45921
G1 X111.049 Y115.267 E3.78834
G1 X110.742 Y114.983 E3.80286
G1 X111.48 Y114.245 E3.8391
G1 X110.695 Y114.74 E3.87136
G1 X110.541 Y114.594 E3.87875
G1 X110.436 Y114.698 E3.88389
G1 X110.13 Y114.414 E3.89842
G1 X110.238 Y114.305 E3.90376
G1 X109.936 Y114.017 E3.91827
G1 X109.694 Y114.259 E3.93017
G1 E1.93017 F2400
G92 E0
G1 X112.665 Y116.015 F7200
G1 E2 F2400
G1 F3000
G1 X113.988 Y114.691 E2.06502
G1 E.06502 F2400
G92 E0
G1 X114.474 Y111.251 F7200
G1 E2 F2400
G1 F3000
G1 X117.573 Y108.152 E2.15227
G1 X117.367 Y107.767 E2.16743
G1 X114.86 Y110.275 E2.2906
G1 X114.86 Y109.684 E2.31113
G1 X117.151 Y107.392 E2.4237
G1 X116.894 Y107.058 E2.43834
G1 X114.78 Y109.172 E2.54221
G1 X114.658 Y108.704 E2.55903
G1 X116.609 Y106.752 E2.65491
G1 X116.305 Y106.466 E2.66944
G1 X116.07 Y106.701 E2.68097
G1 X116.221 Y106.897 E2.68957
G1 X115.898 Y107.145 E2.70371
G1 X115.78 Y106.991 E2.71045
G1 X114.452 Y108.319 E2.77569
G1 X114.246 Y107.935 E2.79086
G1 X115.489 Y106.691 E2.85196
G1 X115.184 Y106.405 E2.86648
G1 X113.992 Y107.597 E2.92506
G1 X113.914 Y107.496 E2.92949
G1 X113.702 Y107.296 E2.93961
G1 X114.861 Y106.137 E2.99656
G1 X114.766 Y106.064 E3.00075
G1 X114.507 Y105.901 E3.01137
G1 X113.397 Y107.01 E3.06589
G1 X113.063 Y106.753 E3.08053
G1 X114.145 Y105.672 E3.13365
G1 X113.782 Y105.444 E3.14854
G1 X112.701 Y106.525 E3.20166
G1 X112.339 Y106.296 E3.21654
G1 X113.42 Y105.215 E3.26966
G1 X113.057 Y104.987 E3.28455
G1 X111.976 Y106.068 E3.33767
G1 X111.614 Y105.839 E3.35255
G1 X112.695 Y104.758 E3.40567
G1 X112.333 Y104.53 E3.42056
G1 X111.252 Y105.611 E3.47368
G1 X110.889 Y105.382 E3.48856
G1 X112.103 Y104.168 E3.54821
G1 E1.54821 F2400
G92 E0
G1 X115.648 Y106.532 F7200
G1 E2 F2400
G1 F3000
G1 X115.982 Y106.198 E2.01644
G1 X115.629 Y105.96 E2.03122
G1 X115.472 Y106.117 E2.03893
G1 X115.151 Y105.847 E2.0535
G1 X115.267 Y105.731 E2.05919
G1 X114.905 Y105.503 E2.07407
G1 X114.802 Y105.605 E2.07911
G1 X114.44 Y105.377 E2.09399
G1 X114.542 Y105.274 E2.09902
G1 X114.18 Y105.046 E2.1139
G1 X114.077 Y105.148 E2.11894
G1 X113.715 Y104.92 E2.13382
G1 X113.817 Y104.817 E2.13886
G1 X113.455 Y104.589 E2.15374
G1 X113.353 Y104.691 E2.15877
G1 X112.99 Y104.463 E2.17366
G1 X113.226 Y104.228 E2.18522
;LAYER_CHANGE
;Z:3.8
;HEIGHT:0.2
G1 Z3.8 F7200
G1 E.18522 F2400
G92 E0
G1 X112.239 Y110.318 F7200
G1 E2 F2400
;TYPE:Perimeter
;WIDTH:0.449999
G1 X112.288 Y110.12 E2.0069
G1 X112.257 Y109.686 E2.02165
G1 X112.036 Y109.272 E2.03753
G1 X111.616 Y108.881 E2.05695
G1 X111.152 Y108.593 E2.07542
G1 X110.543 Y108.304 E2.09826
G1 X109.745 Y107.994 E2.12721
G1 X108.702 Y107.651 E2.16438
G1 X107.33 Y107.254 E2.21272
G1 X105.498 Y106.778 E2.27682
G1 X102.142 Y105.991 E2.39349
G1 X102.002 Y105.975 E2.39824
G1 X95.632 Y105.975 E2.61387
G1 X95.632 Y102.632 E2.72703
G1 X124.368 Y102.632 E3.69971
G1 X124.368 Y117.368 E4.1985
G1 X95.632 Y117.368 E5.17117
G1 X95.632 Y114.025 E5.28433
G1 X102.002 Y114.025 E5.49996
G1 X102.142 Y114.009 E5.50472
G1 X105.498 Y113.222 E5.62138
G1 X107.33 Y112.746 E5.68548
G1 X108.702 Y112.349 E5.73382
G1 X109.775 Y111.995 E5.77207
G1 X110.585 Y111.678 E5.80151
G1 X111.152 Y111.407 E5.82279
G1 X111.616 Y111.119 E5.84126
G1 X111.967 Y110.805 E5.85719
G1 X112.224 Y110.376 E5.87412
G1 X111.857 Y110.216 F7200
;TYPE:External perimeter
G1 F1800
G1 X111.881 Y109.88 E5.88554
G1 X111.729 Y109.544 E5.89803
G1 X111.43 Y109.249 E5.91225
G1 X110.977 Y108.96 E5.93042
G1 X110.396 Y108.683 E5.95222
G1 X109.618 Y108.381 E5.98046
G1 X108.597 Y108.044 E6.01686
G1 X107.234 Y107.65 E6.06489
G1 X105.405 Y107.175 E6.12885
G1 X102.049 Y106.388 E6.24552
G1 X95.225 Y106.382 E6.4765
G1 X95.225 Y102.225 E6.61723
G1 X124.775 Y102.225 E7.61746
G1 X124.775 Y117.775 E8.1438
G1 X95.225 Y117.775 E9.14404
G1 X95.225 Y113.618 E9.28476
G1 X102.049 Y113.612 E9.51574
G1 X105.405 Y112.825 E9.63241
G1 X107.228 Y112.352 E9.69618
G1 X108.589 Y111.958 E9.74414
G1 X109.618 Y111.619 E9.7808
G1 X110.41 Y111.311 E9.80956
G1 X110.977 Y111.04 E9.83084
G1 X111.399 Y110.775 E9.84771
G1 X111.689 Y110.508 E9.86103
G1 X111.827 Y110.268 E9.87041
G1 X112.184 Y110.134 F7200
G1 E7.87041 F2400
G92 E0
G1 X109.284 Y112.286 F7200
G1 E2 F2400
;TYPE:Solid infill
;WIDTH:0.49827
G1 F3000
G1 X110.252 Y113.254 E2.05183
G1 X109.725 Y113.371 E2.07228
G1 X108.945 Y112.591 E2.11405
G1 X108.45 Y112.74 E2.13361
G1 X109.198 Y113.487 E2.17363
G1 X108.67 Y113.604 E2.19408
G1 X107.803 Y112.736 E2.24054
G1 E.24054 F2400
G92 E0
G1 X110.211 Y107.057 F7200
G1 E2 F2400
;WIDTH:0.466168
G1 F3000
G1 X109.799 Y106.646 E2.02049
G1 X109.031 Y106.476 E2.0482
G1 X109.775 Y107.22 E2.08526
G1 X109.469 Y107.513 E2.10015
G1 X108.262 Y106.306 E2.16023
G1 X108.199 Y106.292 E2.16249
G1 X108.081 Y106.723 E2.17823
G1 X108.967 Y107.609 E2.22233
G1 E.22233 F2400
G92 E0
G1 X115.302 Y108.377 F7200
G1 E2 F2400
;TYPE:Top solid infill
;WIDTH:0.413412
G1 F1800
G1 X114.218 Y107.315 E2.04675
G1 X114.005 Y107.151 E2.05505
G1 X112.777 Y106.376 E2.09979
G1 X115.422 Y109.021 E2.21502
G1 X115.554 Y109.547 E2.23172
G1 X115.554 Y109.677 E2.23573
G1 X111.745 Y105.868 E2.40168
G1 X111.477 Y106.124 E2.41309
G1 X115.554 Y110.201 E2.59072
G1 X115.554 Y110.453 E2.5985
G1 X115.499 Y110.67 E2.60539
G1 X111.209 Y106.38 E2.79232
G1 X110.941 Y106.636 E2.80373
G1 X115.394 Y111.089 E2.99776
G1 X115.219 Y111.438 E3.00978
G1 X110.673 Y106.892 E3.20785
G1 X110.405 Y107.148 E3.21927
G1 X115.036 Y111.779 E3.42105
G1 X114.818 Y112.085 E3.43262
G1 X112.565 Y109.832 E3.53079
G1 X112.555 Y109.723 E3.53415
G1 X112.466 Y109.464 E3.54261
G1 X112.261 Y109.104 E3.55536
G1 X112.16 Y108.992 E3.56
G1 X111.771 Y108.647 E3.57603
G1 X111.277 Y108.342 E3.5939
G1 X110.89 Y108.157 E3.60712
G1 X110.137 Y107.403 E3.63994
G1 X109.869 Y107.659 E3.65136
G1 X110.287 Y108.078 E3.66958
G1 E1.66958 F2400
G92 E0
G1 X112.396 Y110.187 F7200
G1 E2 F2400
G1 F1800
G1 X114.567 Y112.358 E2.09458
G1 X114.296 Y112.611 E2.106
G1 X112.373 Y110.687 E2.18982
G1 X112.261 Y110.898 E2.19716
G1 X112.159 Y110.998 E2.20155
G1 X114.008 Y112.847 E2.28212
G1 X113.687 Y113.05 E2.29382
G1 X111.895 Y111.257 E2.37191
G1 X111.58 Y111.466 E2.38356
G1 X113.366 Y113.253 E2.46137
G1 X113.045 Y113.455 E2.47308
G1 X111.253 Y111.664 E2.55112
G1 X110.9 Y111.835 E2.56321
G1 X112.723 Y113.658 E2.64264
G1 X112.402 Y113.86 E2.65435
G1 X110.54 Y111.998 E2.73547
G1 X110.162 Y112.145 E2.74795
G1 X112.197 Y114.18 E2.83661
G1 E.83661 F2400
G92 E0
G1 X115.503 Y115.033 F7200
G1 E2 F2400
;TYPE:Solid infill
;WIDTH:0.495748
G1 F3000
G1 X115.717 Y115.247 E2.01139
G1 X115.588 Y115.759 E2.03126
G1 X115.243 Y115.413 E2.04965
G1 X114.85 Y115.661 E2.06713
G1 X115.611 Y116.422 E2.10764
G1 E.10764 F2400
G92 E0
G1 X118.568 Y112.811 F7200
G1 E2 F2400
;TYPE:Internal infill
;WIDTH:0.45
G1 F3600
G1 X122.82 Y117.063 E2.20354
G1 X120.208 Y117.063 E2.29193
G1 X124.063 Y113.208 E2.47644
G1 X124.063 Y112.549 E2.49876
G1 X116.093 Y104.579 E2.88028
G1 X115.958 Y104.042 E2.89901
G1 X117.063 Y102.937 E2.95189
G1 X114.451 Y102.937 E3.04028
G1 X115.094 Y103.58 E3.07105
G1 X114.51 Y104.124 E3.09808
G1 X113.797 Y103.675 E3.12659
G1 X113.389 Y104.066 E3.14572
G1 X112.728 Y103.649 E3.1722
G1 X111.016 Y105.259 E3.25174
G1 X108.694 Y102.937 E3.36285
G1 X111.306 Y102.937 E3.45124
G1 X108.338 Y105.905 E3.59332
G1 X107.909 Y105.811 E3.60816
G1 X107.711 Y106.532 E3.63348
G1 X107.31 Y106.933 E3.6527
G1 X106.801 Y106.801 E3.67048
G1 X102.937 Y102.937 E3.85545
G1 X105.549 Y102.937 E3.94384
G1 X102.682 Y105.804 E4.08108
G1 X102.206 Y105.693 E4.09762
G1 X102.008 Y105.67 E4.10435
G1 X99.913 Y105.67 E4.17527
G1 X97.18 Y102.937 E4.30608
G1 X99.792 Y102.937 E4.39447
G1 X97.059 Y105.67 E4.52528
G1 X95.937 Y105.67 E4.56325
G1 X95.937 Y104.349 E4.60796
G1 E2.60796 F2400
G92 E0
G1 X95.937 Y115.651 F7200
G1 E2 F2400
G1 F3600
G1 X95.937 Y114.33 E2.04471
G1 X97.059 Y114.33 E2.08267
G1 X99.792 Y117.063 E2.21348
G1 X97.18 Y117.063 E2.30187
G1 X99.913 Y114.33 E2.43268
G1 X102.008 Y114.33 E2.50361
G1 X102.206 Y114.307 E2.51034
G1 X102.682 Y114.196 E2.52688
G1 X105.549 Y117.063 E2.66412
G1 X102.937 Y117.063 E2.75251
G1 X106.802 Y113.198 E2.93748
G1 X107.31 Y113.067 E2.95525
G1 X107.705 Y113.462 E2.97418
G1 X107.905 Y114.19 E2.99975
G1 X108.338 Y114.095 E3.01474
G1 X111.306 Y117.063 E3.15682
G1 X108.694 Y117.063 E3.24521
G1 X111.013 Y114.744 E3.35618
G1 X112.707 Y116.364 E3.43552
G1 X113.389 Y115.934 E3.46284
G1 X113.797 Y116.325 E3.48197
G1 X114.48 Y115.894 E3.5093
G1 X115.062 Y116.452 E3.53658
G1 X114.451 Y117.063 E3.56579
G1 X117.063 Y117.063 E3.65418
G1 X115.958 Y115.958 E3.70706
G1 X116.093 Y115.421 E3.72579
G1 X124.063 Y107.451 E4.1073
G1 X124.063 Y106.792 E4.12963
G1 X120.208 Y102.937 E4.31413
G1 X122.82 Y102.937 E4.40252
G1 X118.57 Y107.187 E4.60595
G1 X118.598 Y107.678 F7200
;TYPE:Solid infill
;WIDTH:0.458523
G1 F3000
G1 X117.787 Y106.868 E4.64555
G1 X117.297 Y106.408 E4.6688
G1 X116.983 Y106.165 E4.68248
G1 X115.667 Y105.335 E4.73625
G1 X118.795 Y108.463 E4.88911
G1 X118.992 Y109.248 E4.91707
G1 X115.831 Y106.087 E5.07153
G1 X114.24 Y105.084 E5.13654
G1 X119.031 Y109.874 E5.37067
G1 X119.031 Y110.462 E5.39098
G1 X112.752 Y104.184 E5.69781
G1 X112.45 Y104.469 E5.71218
G1 X118.94 Y110.959 E6.02936
G1 X118.822 Y111.429 E6.0461
G1 X112.147 Y104.754 E6.37233
G1 X111.844 Y105.039 E6.3867
G1 X112.648 Y105.843 E6.42603
G1 X111.786 Y105.3 E6.46125
G1 X111.649 Y105.431 E6.46784
G1 X111.541 Y105.323 E6.4731
G1 X111.238 Y105.608 E6.48747
G1 X111.348 Y105.718 E6.49285
G1 X111.047 Y106.005 E6.50722
G1 X110.805 Y105.764 E6.51904
G1 E4.51904 F2400
G92 E0
G1 X113.762 Y104.018 F7200
G1 E2 F2400
G1 F3000
G1 X115.114 Y105.371 E2.06608
G1 E.06608 F2400
G92 E0
G1 X115.534 Y108.728 F7200
G1 E2 F2400
G1 F3000
G1 X118.647 Y111.842 E2.15215
G1 X118.442 Y112.225 E2.16716
G1 X115.936 Y109.718 E2.28964
G1 X115.936 Y110.306 E2.30995
G1 X118.222 Y112.592 E2.42169
G1 X117.969 Y112.927 E2.43619
G1 X115.857 Y110.815 E2.53942
G1 X115.736 Y111.282 E2.55608
G1 X117.681 Y113.227 E2.65113
G1 X117.38 Y113.514 E2.6655
G1 X117.147 Y113.281 E2.67688
G1 X117.318 Y113.059 E2.68654
G1 X116.995 Y112.811 E2.70061
G1 X116.857 Y112.991 E2.70842
G1 X115.531 Y111.665 E2.77323
G1 X115.326 Y112.047 E2.78824
G1 X116.567 Y113.288 E2.84887
G1 X116.263 Y113.572 E2.86324
G1 X115.072 Y112.381 E2.92144
G1 X115.001 Y112.474 E2.92548
G1 X114.782 Y112.679 E2.93584
G1 X115.939 Y113.836 E2.99236
G1 X115.874 Y113.885 E2.99517
G1 X115.584 Y114.069 E3.00704
G1 X114.479 Y112.964 E3.06103
G1 X114.142 Y113.215 E3.07555
G1 X115.224 Y114.296 E3.12839
G1 X114.863 Y114.523 E3.14312
G1 X113.782 Y113.442 E3.19596
G1 X113.421 Y113.669 E3.21069
G1 X114.503 Y114.751 E3.26353
G1 X114.142 Y114.978 E3.27826
G1 X113.061 Y113.897 E3.3311
G1 X112.7 Y114.124 E3.34582
G1 X113.782 Y115.205 E3.39867
G1 X113.421 Y115.432 E3.41339
G1 X112.34 Y114.351 E3.46624
G1 X111.98 Y114.578 E3.48096
G1 X113.194 Y115.793 E3.5403
G1 E1.5403 F2400
G92 E0
G1 X116.725 Y113.446 F7200
G1 E2 F2400
G1 F3000
G1 X117.057 Y113.778 E2.01621
G1 X116.702 Y114.012 E2.03087
G1 X116.551 Y113.86 E2.03826
G1 X116.229 Y114.126 E2.05269
G1 X116.342 Y114.239 E2.05821
G1 X115.982 Y114.466 E2.07294
G1 X115.879 Y114.364 E2.07795
G1 X115.519 Y114.591 E2.09267
G1 X115.621 Y114.694 E2.09768
G1 X115.261 Y114.921 E2.11241
G1 X115.158 Y114.818 E2.11742
G1 X114.798 Y115.046 E2.13214
G1 X114.9 Y115.148 E2.13715
G1 X114.54 Y115.375 E2.15188
G1 X114.437 Y115.273 E2.15688
G1 X114.077 Y115.5 E2.17161
G1 X114.312 Y115.736 E2.18311
G1 E.18311 F2400
G92 E0
G1 X115.9 Y104.729 F7200
G1 E2 F2400
;WIDTH:0.522244
G1 F3000
G1 X115.075 Y103.904 E2.0465
;LAYER_CHANGE
;Z:4
;HEIGHT:0.2
G1 Z4 F7200
G1 E.0465 F2400
G92 E0
G1 X113.293 Y110.355 F7200
G1 E2 F2400
;TYPE:Perimeter
;WIDTH:0.449999
G1 X113.355 Y110.216 E2.00515
G1 X113.343 Y109.728 E2.02165
G1 X113.123 Y109.302 E2.0379
G1 X112.725 Y108.932 E2.05628
G1 X112.296 Y108.666 E2.07337
G1 X111.736 Y108.4 E2.09436
G1 X111.005 Y108.117 E2.1209
G1 X110.051 Y107.802 E2.1549
G1 X108.796 Y107.44 E2.19909
G1 X107.136 Y107.009 E2.25717
G1 X104.837 Y106.462 E2.33714
G1 X102.135 Y105.862 E2.43085
G1 X102.002 Y105.848 E2.43535
G1 X95.632 Y105.848 E2.65098
G1 X95.632 Y102.632 E2.75982
G1 X124.368 Y102.632 E3.7325
G1 X124.368 Y117.368 E4.23129
G1 X95.632 Y117.368 E5.20396
G1 X95.632 Y114.152 E5.31281
G1 X102.002 Y114.152 E5.52843
G1 X102.135 Y114.138 E5.53294
G1 X104.837 Y113.538 E5.62664
G1 X107.136 Y112.991 E5.70661
G1 X108.813 Y112.556 E5.76526
G1 X110.051 Y112.198 E5.80888
G1 X111.035 Y111.873 E5.84396
G1 X111.778 Y111.582 E5.87098
G1 X112.358 Y111.3 E5.89282
G1 X112.817 Y110.997 E5.91142
G1 X113.174 Y110.618 E5.92905
G1 X113.268 Y110.409 E5.9368
G1 X112.933 Y110.201 F7200
;TYPE:External perimeter
G1 F1800
G1 X112.957 Y109.89 E5.94738
G1 X112.815 Y109.574 E5.95909
G1 X112.539 Y109.3 E5.97229
G1 X112.12 Y109.033 E5.98907
G1 X111.588 Y108.779 E6.00903
G1 X110.877 Y108.503 E6.03485
G1 X109.938 Y108.193 E6.06834
G1 X108.699 Y107.835 E6.11197
G1 X107.029 Y107.402 E6.17037
G1 X104.752 Y106.86 E6.2496
G1 X102.002 Y106.255 E6.34491
G1 X95.225 Y106.255 E6.57431
G1 X95.225 Y102.225 E6.71072
G1 X124.775 Y102.225 E7.71095
G1 X124.775 Y117.775 E8.2373
G1 X95.225 Y117.775 E9.23753
G1 X95.225 Y113.745 E9.37393
G1 X102.046 Y113.74 E9.60483
G1 X104.749 Y113.141 E9.69854
G1 X107.029 Y112.598 E9.77787
G1 X108.694 Y112.166 E9.83609
G1 X109.945 Y111.804 E9.88016
G1 X110.887 Y111.493 E9.91376
G1 X111.602 Y111.215 E9.93974
G1 X112.12 Y110.967 E9.95917
G1 X112.508 Y110.724 E9.97465
G1 X112.775 Y110.478 E9.98695
G1 X112.905 Y110.254 E9.99572
G1 X113.237 Y110.126 F7200
G1 E7.99572 F2400
G92 E0
G1 X110.716 Y112.592 F7200
G1 E2 F2400
;TYPE:Internal infill
;WIDTH:0.45
G1 F3600
G1 X111.569 Y113.408 E2.03997
G1 X111.077 Y113.719 E2.05966
G1 X111.568 Y114.189 E2.08267
G1 X108.694 Y117.063 E2.22023
G1 X111.306 Y117.063 E2.30862
G1 X107.464 Y113.221 E2.49249
G1 X106.557 Y113.443 E2.5241
G1 X102.937 Y117.063 E2.69738
G1 X105.549 Y117.063 E2.78577
G1 X102.791 Y114.305 E2.91779
G1 X105.174 Y113.772 E3.00046
G1 E1.00046 F2400
G92 E0
G1 X102.234 Y117.063 F7200
G1 E2 F2400
G1 F3600
G1 X99.792 Y117.063 E2.08267
G1 X97.187 Y114.458 E2.20738
G1 X99.785 Y114.458 E2.29535
G1 X97.18 Y117.063 E2.42005
G1 X95.937 Y117.063 E2.46213
G1 X95.937 Y115.863 E2.50273
G1 E.50273 F2400
G92 E0
G1 X95.937 Y104.137 F7200
G1 E2 F2400
G1 F3600
G1 X95.937 Y102.937 E2.0406
G1 X97.18 Y102.937 E2.08267
G1 X99.785 Y105.542 E2.20738
G1 X97.187 Y105.542 E2.29535
G1 X99.792 Y102.937 E2.42005
G1 X102.234 Y102.937 E2.50273
G1 E.50273 F2400
G92 E0
G1 X105.174 Y106.228 F7200
G1 E2 F2400
G1 F3600
G1 X102.791 Y105.695 E2.08267
G1 X105.549 Y102.937 E2.21469
G1 X102.937 Y102.937 E2.30308
G1 X106.557 Y106.557 E2.47635
G1 X107.464 Y106.779 E2.50796
G1 X111.306 Y102.937 E2.69184
G1 X108.694 Y102.937 E2.78023
G1 X111.568 Y105.811 E2.91779
G1 X111.077 Y106.281 E2.9408
G1 X111.569 Y106.591 E2.96048
G1 X110.708 Y107.401 E3.00046
G1 E1.00046 F2400
G92 E0
G1 X112.009 Y102.937 F7200
G1 E2 F2400
G1 F3600
G1 X114.451 Y102.937 E2.08267
G1 X115.541 Y104.027 E2.13481
G1 X116.598 Y102.937 E2.1862
G1 X115.674 Y102.937 E2.21749
G1 E.21749 F2400
G92 E0
G1 X116.938 Y104.589 F7200
G1 E2 F2400
;TYPE:Solid infill
;WIDTH:0.523648
G1 F3000
G1 X116.681 Y104.845 E2.0145
G1 X116.264 Y104.582 E2.0342
G1 X116.651 Y104.196 E2.05603
G1 X116.514 Y103.653 E2.07842
G1 X115.715 Y104.452 E2.12361
G1 E.12361 F2400
G92 E0
G1 X119.505 Y102.937 F7200
G1 E2 F2400
;TYPE:Internal infill
;WIDTH:0.45
G1 F3600
G1 X117.063 Y102.937 E2.08267
G1 X116.816 Y103.184 E2.09447
G1 X117.337 Y105.259 E2.16688
G1 X118.326 Y105.882 E2.20646
G1 X118.67 Y106.148 E2.22118
G1 X119.154 Y106.603 E2.24366
G1 X122.82 Y102.937 E2.41912
G1 X120.208 Y102.937 E2.50751
G1 X124.063 Y106.792 E2.69201
G1 X124.063 Y107.451 E2.71434
G1 X120.392 Y111.122 E2.89004
G1 X120.514 Y110.638 E2.90695
G1 X120.514 Y109.362 E2.95011
G1 X120.392 Y108.878 E2.96701
G1 X124.063 Y112.549 E3.14271
G1 X124.063 Y113.208 E3.16504
G1 X120.208 Y117.063 E3.34954
G1 X122.82 Y117.063 E3.43793
G1 X119.154 Y113.397 E3.61339
G1 X118.67 Y113.852 E3.63587
G1 X118.326 Y114.118 E3.65059
G1 X117.337 Y114.741 E3.69017
G1 X116.816 Y116.816 E3.76257
G1 X117.063 Y117.063 E3.77438
G1 X119.505 Y117.063 E3.85705
G1 E1.85705 F2400
G92 E0
G1 X116.857 Y115.734 F7200
G1 E2 F2400
;TYPE:Solid infill
;WIDTH:0.450206
G1 F3000
G1 X116.32 Y116.271 E2.02569
G1 X116.041 Y115.974 E2.03948
G1 X117.05 Y114.965 E2.08778
G1 X116.241 Y116.78 F7200
;TYPE:Internal infill
;WIDTH:0.45
G1 F3600
G1 X116.507 Y117.063 E2.10089
G1 X114.451 Y117.063 E2.17046
G1 X115.51 Y116.004 E2.22116
G1 X116.241 Y116.78 E2.25726
G1 E.25726 F2400
G92 E0
G1 X116.386 Y111.597 F7200
G1 E2 F2400
;TYPE:Top solid infill
;WIDTH:0.410097
G1 F1800
G1 X115.327 Y112.634 E2.04523
G1 X115.114 Y112.798 E2.05346
G1 X113.901 Y113.563 E2.09725
G1 X116.498 Y110.966 E2.2094
G1 X116.63 Y110.443 E2.22585
G1 X116.63 Y110.316 E2.22975
G1 X112.845 Y114.1 E2.39316
G1 X112.58 Y113.846 E2.40437
G1 X116.63 Y109.796 E2.57924
G1 X116.63 Y109.557 E2.58656
G1 X116.574 Y109.333 E2.59359
G1 X112.314 Y113.592 E2.7775
G1 X112.049 Y113.339 E2.78871
G1 X116.469 Y108.918 E2.97958
G1 X116.295 Y108.573 E2.99138
G1 X111.783 Y113.085 E3.18619
G1 X111.518 Y112.831 E3.1974
G1 X116.114 Y108.235 E3.39585
G1 X115.896 Y107.934 E3.4072
G1 X113.634 Y110.196 E3.50488
G1 X113.614 Y110.345 E3.50948
G1 X113.541 Y110.528 E3.51549
G1 X113.347 Y110.868 E3.52745
G1 X113.007 Y111.203 E3.54202
G1 X112.877 Y111.304 E3.54702
G1 X112.421 Y111.585 E3.5634
G1 X112.083 Y111.747 E3.57483
G1 X111.253 Y112.577 E3.61068
G1 X110.987 Y112.323 E3.62189
G1 X111.487 Y111.823 E3.64348
G1 E1.64348 F2400
G92 E0
G1 X113.478 Y109.833 F7200
G1 E2 F2400
G1 F1800
G1 X115.645 Y107.665 E2.0936
G1 X115.378 Y107.414 E2.10481
G1 X113.457 Y109.334 E2.18772
G1 X113.347 Y109.132 E2.19473
G1 X113.243 Y109.029 E2.19921
G1 X115.087 Y107.185 E2.27885
G1 X114.769 Y106.984 E2.29034
G1 X112.978 Y108.774 E2.36765
G1 X112.667 Y108.567 E2.37908
G1 X114.45 Y106.783 E2.45609
G1 X114.132 Y106.582 E2.46759
G1 X112.338 Y108.376 E2.54502
G1 X111.987 Y108.208 E2.55691
G1 X113.813 Y106.381 E2.63576
G1 X113.495 Y106.18 E2.64725
G1 X111.62 Y108.056 E2.72822
G1 X111.247 Y107.909 E2.74045
G1 X113.293 Y105.863 E2.8288
G1 E.8288 F2400
G92 E0
G1 X119.683 Y112.295 F7200
G1 E2 F2400
;TYPE:Solid infill
;WIDTH:0.456319
G1 F3000
G1 X118.899 Y113.078 E2.03809
G1 X118.405 Y113.542 E2.06136
G1 X118.092 Y113.784 E2.07496
G1 X116.785 Y114.608 E2.1281
G1 X119.872 Y111.521 E2.27819
G1 X120.068 Y110.74 E2.30586
G1 X116.957 Y113.851 E2.45709
G1 X115.375 Y114.849 E2.52141
G1 X120.107 Y110.117 E2.75144
G1 X120.107 Y109.532 E2.77154
G1 X113.838 Y115.801 E3.07625
G1 X113.54 Y115.515 E3.09047
G1 X120.013 Y109.041 E3.40516
G1 X119.896 Y108.574 E3.42172
G1 X113.241 Y115.228 E3.74523
G1 X112.943 Y114.942 E3.75944
G1 X113.817 Y114.068 E3.80194
G1 X112.878 Y114.66 E3.84009
G1 X112.756 Y114.544 E3.84587
G1 X112.644 Y114.656 E3.85133
G1 X112.346 Y114.37 E3.86554
G1 X112.458 Y114.258 E3.87099
G1 X112.159 Y113.972 E3.8852
G1 X112.047 Y114.084 E3.89064
G1 X111.748 Y113.798 E3.90485
G1 X111.989 Y113.557 E3.91657
G1 E1.91657 F2400
G92 E0
G1 X114.86 Y115.948 F7200
G1 E2 F2400
G1 F3000
G1 X116.241 Y114.568 E2.06713
G1 E.06713 F2400
G92 E0
G1 X116.593 Y111.292 F7200
G1 E2 F2400
G1 F3000
G1 X119.721 Y108.164 E2.15203
G1 X119.517 Y107.784 E2.16687
G1 X117.012 Y110.289 E2.28865
G1 X117.012 Y109.704 E2.30875
G1 X119.298 Y107.418 E2.41988
G1 X119.044 Y107.087 E2.43422
G1 X116.933 Y109.198 E2.53681
G1 X116.814 Y108.732 E2.55333
G1 X118.758 Y106.789 E2.6478
G1 X118.456 Y106.506 E2.66202
G1 X118.225 Y106.737 E2.67326
G1 X118.414 Y106.984 E2.68396
G1 X118.091 Y107.232 E2.69796
G1 X117.934 Y107.027 E2.70682
G1 X116.61 Y108.352 E2.7712
G1 X116.406 Y107.971 E2.78604
G1 X117.644 Y106.733 E2.84621
G1 X117.342 Y106.45 E2.86042
G1 X116.152 Y107.64 E2.91826
G1 X116.088 Y107.556 E2.9219
G1 X115.863 Y107.345 E2.93251
G1 X117.017 Y106.191 E2.98859
G1 X116.983 Y106.165 E2.99004
G1 X116.661 Y105.962 E3.00314
G1 X115.56 Y107.063 E3.05666
G1 X115.221 Y106.817 E3.07105
G1 X116.303 Y105.736 E3.12362
G1 X115.944 Y105.51 E3.13819
G1 X114.863 Y106.591 E3.19075
G1 X114.504 Y106.365 E3.20532
G1 X115.585 Y105.284 E3.25788
G1 X115.227 Y105.058 E3.27245
G1 X114.146 Y106.139 E3.32501
G1 X113.787 Y105.913 E3.33958
G1 X114.868 Y104.832 E3.39215
G1 X114.51 Y104.606 E3.40672
G1 X113.429 Y105.687 E3.45928
G1 X113.07 Y105.461 E3.47385
G1 X114.284 Y104.247 E3.53286
G1 E1.53286 F2400
G92 E0
G1 X117.802 Y106.575 F7200
G1 E2 F2400
G1 F3000
G1 X118.131 Y106.246 E2.01598
G1 X117.776 Y106.017 E2.03051
G1 X117.63 Y106.162 E2.03759
G1 X117.307 Y105.901 E2.05188
G1 X117.417 Y105.791 E2.05724
G1 X117.059 Y105.565 E2.07181
G1 X116.956 Y105.667 E2.0768
G1 X116.598 Y105.441 E2.09137
G1 X116.7 Y105.339 E2.09635
G1 X116.342 Y105.112 E2.11092
G1 X116.239 Y105.215 E2.1159
G1 X115.881 Y104.989 E2.13047
G1 X115.983 Y104.886 E2.13545
G1 X115.625 Y104.66 E2.15002
G1 X115.522 Y104.763 E2.15501
G1 X115.164 Y104.537 E2.16958
G1 X115.399 Y104.301 E2.18102
M106 S221.85
;LAYER_CHANGE
;Z:4.2
;HEIGHT:0.2
G1 Z4.2 F7200
G1 E.18102 F2400
G92 E0
G1 X114.366 Y110.36 F7200
G1 E2 F2400
;TYPE:Perimeter
;WIDTH:0.449999
G1 X114.421 Y110.252 E2.00411
G1 X114.431 Y109.794 E2.01959
G1 X114.261 Y109.412 E2.03375
G1 X113.926 Y109.054 E2.05035
G1 X113.44 Y108.739 E2.06997
G1 X112.929 Y108.496 E2.08912
G1 X112.264 Y108.239 E2.11324
G1 X111.399 Y107.954 E2.14408
G1 X110.262 Y107.625 E2.18412
G1 X108.748 Y107.232 E2.23709
G1 X106.676 Y106.74 E2.30917
G1 X102.132 Y105.75 E2.46657
G1 X102.002 Y105.736 E2.471
G1 X95.632 Y105.736 E2.68662
G1 X95.632 Y102.632 E2.79167
G1 X124.368 Y102.632 E3.76434
G1 X124.368 Y117.368 E4.26313
G1 X95.632 Y117.368 E5.23581
G1 X95.632 Y114.264 E5.34086
G1 X102.002 Y114.264 E5.55648
G1 X102.132 Y114.25 E5.56091
G1 X106.676 Y113.26 E5.71831
G1 X108.748 Y112.768 E5.79039
G1 X110.262 Y112.375 E5.84336
G1 X111.42 Y112.04 E5.88417
G1 X112.294 Y111.75 E5.91532
G1 X112.971 Y111.486 E5.93992
G1 X113.44 Y111.261 E5.95751
G1 X113.834 Y111.017 E5.9732
G1 X114.21 Y110.668 E5.99056
G1 X114.339 Y110.413 E6.00024
G1 X114.01 Y110.183 F7200
;TYPE:External perimeter
G1 F1800
G1 X114.033 Y109.9 E6.00986
G1 X113.902 Y109.604 E6.0208
G1 X113.648 Y109.351 E6.03296
G1 X113.264 Y109.106 E6.04836
G1 X112.781 Y108.876 E6.06648
G1 X112.137 Y108.625 E6.08987
G1 X111.286 Y108.345 E6.12021
G1 X110.165 Y108.021 E6.15968
G1 X108.653 Y107.628 E6.21256
G1 X106.589 Y107.137 E6.28437
G1 X102.046 Y106.147 E6.44178
G1 X95.225 Y106.143 E6.67265
G1 X95.225 Y102.225 E6.80525
G1 X124.775 Y102.225 E7.80548
G1 X124.775 Y117.775 E8.33183
G1 X95.225 Y117.775 E9.33206
G1 X95.225 Y113.857 E9.46467
G1 X102.046 Y113.853 E9.69554
G1 X106.589 Y112.863 E9.85295
G1 X108.653 Y112.372 E9.92476
G1 X110.16 Y111.981 E9.97745
G1 X111.286 Y111.655 E10.01711
G1 X112.147 Y111.371 E10.0478
G1 X112.795 Y111.118 E10.07136
G1 X113.264 Y110.894 E10.08895
G1 X113.617 Y110.673 E10.10305
G1 X113.862 Y110.448 E10.11431
G1 X113.986 Y110.237 E10.1226
G1 X114.286 Y110.114 F7200
G1 E8.1226 F2400
G92 E0
G1 X117.47 Y108.427 F7200
G1 E2 F2400
;TYPE:Top solid infill
;WIDTH:0.406436
G1 F1800
G1 X116.436 Y107.417 E2.04368
G1 X116.223 Y107.252 E2.05183
G1 X115.027 Y106.499 E2.09455
G1 X117.575 Y109.046 E2.20345
G1 X117.706 Y109.567 E2.21967
G1 X117.706 Y109.691 E2.22343
G1 X113.946 Y105.931 E2.38413
G1 X113.683 Y106.183 E2.39512
G1 X117.706 Y110.205 E2.56706
G1 X117.706 Y110.433 E2.57397
G1 X117.648 Y110.662 E2.58108
G1 X113.421 Y106.434 E2.76178
G1 X113.158 Y106.686 E2.77277
G1 X117.545 Y111.073 E2.96029
G1 X117.373 Y111.414 E2.97186
G1 X112.896 Y106.937 E3.16323
G1 X112.633 Y107.189 E3.17422
G1 X117.193 Y111.749 E3.36915
G1 X116.975 Y112.045 E3.38026
G1 X114.709 Y109.779 E3.47713
G1 X114.618 Y109.483 E3.48648
G1 X114.433 Y109.162 E3.49768
G1 X114.114 Y108.846 E3.51126
G1 X113.649 Y108.534 E3.52819
G1 X113.292 Y108.361 E3.54018
G1 X112.371 Y107.441 E3.57954
G1 X112.108 Y107.692 E3.59053
G1 X112.693 Y108.277 E3.61552
G1 E1.61552 F2400
G92 E0
G1 X114.554 Y110.138 F7200
G1 E2 F2400
G1 F1800
G1 X116.724 Y112.308 E2.09276
G1 X116.461 Y112.559 E2.10375
G1 X114.545 Y110.643 E2.18566
G1 X114.433 Y110.838 E2.19246
G1 X114.329 Y110.941 E2.19689
G1 X116.169 Y112.781 E2.27554
G1 X115.854 Y112.98 E2.28681
G1 X114.065 Y111.192 E2.36327
G1 X113.755 Y111.395 E2.37449
G1 X115.539 Y113.179 E2.45075
G1 X115.224 Y113.378 E2.46201
G1 X113.424 Y111.579 E2.53893
G1 X113.075 Y111.744 E2.55059
G1 X114.908 Y113.577 E2.62894
G1 X114.593 Y113.775 E2.64021
G1 X112.708 Y111.89 E2.72079
G1 X112.335 Y112.032 E2.73284
G1 X114.394 Y114.091 E2.82085
G1 E.82085 F2400
G92 E0
G1 X112.009 Y117.063 F7200
G1 E2 F2400
;TYPE:Internal infill
;WIDTH:0.45
G1 F3600
G1 X114.451 Y117.063 E2.08267
G1 X115.51 Y116.004 E2.13337
G1 X115.535 Y116.029 E2.13457
G1 X115.869 Y115.869 E2.14712
G1 X117.063 Y117.063 E2.20425
G1 X119.505 Y117.063 E2.28693
G1 X118.189 Y115.622 F7200
G1 F3600
G1 X118.435 Y114.641 E2.32115
G1 X118.913 Y114.395 E2.33935
G1 X119.435 Y114.067 E2.36021
G1 X119.654 Y113.897 E2.36959
G1 X122.82 Y117.063 E2.52113
G1 X120.208 Y117.063 E2.60951
G1 X124.063 Y113.208 E2.79402
G1 X124.063 Y112.549 E2.81635
G1 X121.59 Y110.076 E2.93473
G1 X121.59 Y109.924 E2.93985
G1 X124.063 Y107.451 E3.05823
G1 X124.063 Y106.792 E3.08056
G1 X120.208 Y102.937 E3.26506
G1 X122.82 Y102.937 E3.35345
G1 X119.654 Y106.103 E3.50498
G1 X119.435 Y105.933 E3.51437
G1 X118.913 Y105.605 E3.53523
G1 X118.435 Y105.359 E3.55342
G1 X118.3 Y104.819 E3.57224
G1 X117.889 Y104.623 E3.58765
G1 X118.214 Y105.395 F7200
;TYPE:Solid infill
;WIDTH:0.531415
G1 F3000
G1 X117.507 Y104.688 E3.62826
G1 X118.891 Y105.855 F7200
;WIDTH:0.454109
G1 F3000
G1 X120.057 Y107.022 E3.68468
G1 X120.461 Y107.548 E3.70736
G1 X120.933 Y108.429 E3.74153
G1 X120.95 Y108.496 E3.74388
G1 X117.718 Y105.264 E3.90017
G1 X117.497 Y105.625 F7200
G1 F3000
G1 X121.145 Y109.272 E4.07653
G1 X121.183 Y109.423 E4.08184
G1 X121.183 Y109.891 E4.09786
G1 X116.509 Y105.218 E4.32382
G1 X114.966 Y104.256 E4.38602
G1 X121.183 Y110.473 E4.68662
G1 X121.183 Y110.577 E4.69019
G1 X121.087 Y110.959 E4.70363
G1 X114.664 Y104.536 E5.01417
G1 X114.363 Y104.817 E5.02824
G1 X120.97 Y111.424 E5.3477
G1 X120.933 Y111.571 E5.3529
G1 X120.795 Y111.83 E5.36293
G1 X117.955 Y108.99 E5.50025
G1 X118.088 Y109.519 E5.51892
G1 X118.088 Y109.704 E5.52524
G1 X120.592 Y112.208 E5.64632
G1 X120.461 Y112.452 E5.65578
G1 X120.371 Y112.569 E5.66083
G1 X118.088 Y110.286 E5.77125
G1 X118.088 Y110.481 E5.77792
G1 X118.01 Y110.79 E5.78881
G1 X120.119 Y112.898 E5.89077
G1 X120.049 Y112.989 E5.89466
G1 X119.832 Y113.193 E5.90486
G1 X117.892 Y111.253 E5.99864
G1 X117.69 Y111.632 E6.01333
G1 X119.012 Y112.954 E6.07727
G1 X119.193 Y112.719 E6.08741
G1 X119.516 Y112.967 E6.10133
G1 X119.302 Y113.245 E6.11331
G1 X119.532 Y113.474 E6.1244
G1 X119.205 Y113.729 E6.13856
G1 X119.009 Y113.533 E6.14805
G1 X118.709 Y113.815 E6.16211
G1 X118.849 Y113.955 E6.16888
G1 X118.481 Y114.168 E6.18343
G1 X118.385 Y114.072 E6.18808
G1 X118.033 Y114.302 E6.20244
G1 X118.088 Y114.356 E6.20507
G1 X117.695 Y114.544 E6.21997
G1 X117.544 Y114.394 E6.22725
G1 X118.851 Y113.375 F7200
G1 F3000
G1 X117.483 Y112.007 E6.2934
G1 X117.233 Y112.338 E6.30759
G1 X118.421 Y113.527 E6.36507
G1 X118.095 Y113.782 E6.37923
G1 X116.942 Y112.629 E6.43496
G1 X116.64 Y112.908 E6.44903
G1 X117.738 Y114.007 E6.50215
G1 X117.382 Y114.232 E6.51656
G1 X116.3 Y113.15 E6.56885
G1 X115.944 Y113.375 E6.58326
G1 X117.025 Y114.457 E6.63554
G1 X116.668 Y114.681 E6.64996
G1 X115.587 Y113.6 E6.70224
G1 X115.231 Y113.825 E6.71665
G1 X116.312 Y114.906 E6.76894
G1 X115.955 Y115.131 E6.78335
G1 X114.874 Y114.05 E6.83563
G1 X114.839 Y114.072 E6.83704
G1 X114.517 Y114.275 E6.85005
G1 X115.599 Y115.356 E6.90233
G1 X115.242 Y115.581 E6.91674
G1 X114.028 Y114.367 E6.97545
G1 E4.97545 F2400
G92 E0
G1 X115.572 Y106.607 F7200
G1 E2 F2400
G1 F3000
G1 X114.062 Y105.097 E2.073
G1 X113.761 Y105.377 E2.08707
G1 X113.864 Y105.481 E2.09207
G1 X113.567 Y105.765 E2.10613
G1 X113.46 Y105.657 E2.11134
G1 X113.158 Y105.938 E2.1254
G1 X113.27 Y106.05 E2.13081
G1 X112.973 Y106.334 E2.14488
G1 X112.727 Y106.088 E2.15676
G1 E.15676 F2400
G92 E0
G1 X110.494 Y107.374 F7200
G1 E2 F2400
;TYPE:Internal infill
;WIDTH:0.45
G1 F3600
G1 X111.563 Y107.686 E2.03766
G1 X112.523 Y106.766 E2.08267
G1 X108.694 Y102.937 E2.26594
G1 X111.306 Y102.937 E2.35433
G1 X107.598 Y106.645 E2.53181
G1 X106.358 Y106.358 E2.57488
G1 X102.937 Y102.937 E2.73863
G1 X105.549 Y102.937 E2.82702
G1 X102.885 Y105.601 E2.95453
G1 X105.271 Y106.121 E3.03721
G1 E1.03721 F2400
G92 E0
G1 X102.234 Y102.937 F7200
G1 E2 F2400
G1 F3600
G1 X99.792 Y102.937 E2.08267
G1 X97.299 Y105.43 E2.20201
G1 X99.673 Y105.43 E2.28238
G1 X97.18 Y102.937 E2.40171
G1 X95.937 Y102.937 E2.44378
G1 X95.937 Y104.137 E2.48438
G1 E.48438 F2400
G92 E0
G1 X95.937 Y115.863 F7200
G1 E2 F2400
G1 F3600
G1 X95.937 Y117.063 E2.0406
G1 X97.18 Y117.063 E2.08267
G1 X99.673 Y114.57 E2.20201
G1 X97.299 Y114.57 E2.28238
G1 X99.792 Y117.063 E2.40171
G1 X102.234 Y117.063 E2.48438
G1 E.48438 F2400
G92 E0
G1 X105.271 Y113.879 F7200
G1 E2 F2400
G1 F3600
G1 X102.885 Y114.399 E2.08267
G1 X105.549 Y117.063 E2.21018
G1 X102.937 Y117.063 E2.29857
G1 X106.358 Y113.642 E2.46231
G1 X107.598 Y113.355 E2.5054
G1 X111.306 Y117.063 E2.68288
G1 X108.694 Y117.063 E2.77127
G1 X112.523 Y113.234 E2.95453
G1 X111.562 Y112.314 E2.99957
G1 X110.495 Y112.625 E3.03721
G1 E1.03721 F2400
G92 E0
G1 X118.045 Y115.278 F7200
G1 E2 F2400
;TYPE:Solid infill
;WIDTH:0.512124
G1 F3000
G1 X117.741 Y114.974 E2.01678
G1 X117.292 Y115.188 E2.03619
G1 X117.761 Y115.657 E2.06206
G1 X117.628 Y116.188 E2.0834
G1 X116.706 Y115.266 E2.13426
G1 E.13426 F2400
G92 E0
G1 X119.505 Y102.937 F7200
G1 E2 F2400
;TYPE:Internal infill
;WIDTH:0.45
G1 F3600
G1 X117.063 Y102.937 E2.08267
G1 X115.869 Y104.131 E2.1398
G1 X115.576 Y103.99 E2.15081
G1 X115.541 Y104.027 E2.15252
G1 X114.451 Y102.937 E2.20466
G1 X112.009 Y102.937 E2.28734
M106 S216.75
;LAYER_CHANGE
;Z:4.4
;HEIGHT:0.2
G1 Z4.4 F7200
G1 E.28734 F2400
G92 E0
G1 X115.464 Y110.295 F7200
G1 E2 F2400
;TYPE:Perimeter
;WIDTH:0.449999
G1 X115.516 Y110.09 E2.00714
G1 X115.483 Y109.711 E2.02003
G1 X115.296 Y109.362 E2.03342
G1 X114.908 Y109.013 E2.05109
G1 X114.121 Y108.592 E2.08129
G1 X113.524 Y108.361 E2.10298
G1 X112.747 Y108.105 E2.13067
G1 X111.745 Y107.815 E2.16598
G1 X110.372 Y107.459 E2.214
G1 X108.528 Y107.02 E2.27814
G1 X105.891 Y106.437 E2.36957
G1 X102.127 Y105.65 E2.49971
G1 X102.002 Y105.637 E2.50397
G1 X95.632 Y105.637 E2.71959
G1 X95.632 Y102.632 E2.82131
G1 X124.368 Y102.632 E3.79398
G1 X124.368 Y117.368 E4.29277
G1 X95.632 Y117.368 E5.26545
G1 X95.632 Y114.363 E5.36717
G1 X102.002 Y114.363 E5.58279
G1 X102.127 Y114.35 E5.58704
G1 X105.891 Y113.563 E5.71718
G1 X108.528 Y112.98 E5.80862
G1 X110.384 Y112.538 E5.87319
G1 X111.728 Y112.189 E5.92021
G1 X112.747 Y111.895 E5.95609
G1 X113.553 Y111.628 E5.98485
G1 X114.191 Y111.375 E6.00806
G1 X114.908 Y110.987 E6.03567
G1 X115.227 Y110.715 E6.04987
G1 X115.449 Y110.353 E6.06424
G1 X115.085 Y110.166 F7200
;TYPE:External perimeter
G1 F1800
G1 X115.109 Y109.91 E6.07294
G1 X114.989 Y109.634 E6.0831
G1 X114.714 Y109.371 E6.09599
G1 X113.974 Y108.972 E6.12446
G1 X113.396 Y108.748 E6.14544
G1 X112.634 Y108.496 E6.17261
G1 X111.626 Y108.205 E6.20811
G1 X110.282 Y107.856 E6.25513
G1 X108.434 Y107.417 E6.31941
G1 X105.81 Y106.836 E6.41039
G1 X102.044 Y106.049 E6.54061
G1 X95.225 Y106.044 E6.77142
G1 X95.225 Y102.225 E6.90071
G1 X124.775 Y102.225 E7.90094
G1 X124.775 Y117.775 E8.42729
G1 X95.225 Y117.775 E9.42752
G1 X95.225 Y113.956 E9.5568
G1 X102.044 Y113.951 E9.78761
G1 X105.807 Y113.165 E9.91775
G1 X108.431 Y112.584 E10.0087
G1 X110.277 Y112.145 E10.07295
G1 X111.631 Y111.794 E10.1203
G1 X112.641 Y111.501 E10.15587
G1 X113.406 Y111.249 E10.18315
G1 X113.997 Y111.017 E10.20463
G1 X114.714 Y110.629 E10.23224
G1 X114.949 Y110.418 E10.24292
G1 X115.065 Y110.221 E10.25067
G1 X115.335 Y110.106 F7200
G1 E8.25067 F2400
G92 E0
G1 X113.079 Y112.678 F7200
G1 E2 F2400
;TYPE:Internal infill
;WIDTH:0.45
G1 F3600
G1 X108.694 Y117.063 E2.20989
G1 X111.306 Y117.063 E2.29828
G1 X107.715 Y113.472 E2.47016
G1 X106.191 Y113.809 E2.52301
G1 X102.937 Y117.063 E2.67874
G1 X105.549 Y117.063 E2.76713
G1 X102.971 Y114.485 E2.89051
G1 X102.184 Y114.65 E2.91771
G1 X102.007 Y114.668 E2.92374
G1 X100.547 Y114.668 E2.97318
G1 E.97318 F2400
G92 E0
G1 X102.234 Y117.063 F7200
G1 E2 F2400
G1 F3600
G1 X99.792 Y117.063 E2.08267
G1 X97.397 Y114.668 E2.19731
G1 X99.575 Y114.668 E2.27103
G1 X97.18 Y117.063 E2.38566
G1 X95.937 Y117.063 E2.42774
G1 X95.937 Y115.863 E2.46834
G1 E.46834 F2400
G92 E0
G1 X100.547 Y105.332 F7200
G1 E2 F2400
G1 F3600
G1 X102.007 Y105.332 E2.04944
G1 X102.184 Y105.35 E2.05547
G1 X102.971 Y105.515 E2.08267
G1 X105.549 Y102.937 E2.20605
G1 X102.937 Y102.937 E2.29444
G1 X106.19 Y106.19 E2.45016
G1 X107.715 Y106.528 E2.50302
G1 X111.306 Y102.937 E2.6749
G1 X108.694 Y102.937 E2.76328
G1 X113.067 Y107.31 E2.97262
G1 E.97262 F2400
G92 E0
G1 X114.786 Y104.804 F7200
G1 E2 F2400
G1 F3600
G1 X113.269 Y106.367 E2.07372
G1 X113.492 Y106.508 E2.08267
G1 X112.332 Y107.668 E2.1382
G1 X111.828 Y107.522 E2.15597
G1 X109.97 Y107.05 E2.22087
G1 E.22087 F2400
G92 E0
G1 X112.009 Y102.937 F7200
G1 E2 F2400
G1 F3600
G1 X114.451 Y102.937 E2.08267
G1 X115.541 Y104.027 E2.13481
G1 X115.576 Y103.99 E2.13653
G1 X115.869 Y104.131 E2.14754
G1 X117.063 Y102.937 E2.20466
G1 X119.505 Y102.937 E2.28734
G1 X118.24 Y104.32 F7200
G1 F3600
G1 X119.385 Y104.866 E2.3303
G1 X119.52 Y105.403 E2.34904
G1 X120.071 Y105.686 E2.37
G1 X122.82 Y102.937 E2.50158
G1 X120.208 Y102.937 E2.58997
G1 X124.063 Y106.792 E2.77448
G1 X124.063 Y107.451 E2.7968
G1 X122.558 Y108.956 E2.86881
G1 X122.666 Y109.382 E2.88371
G1 X122.666 Y110.618 E2.92552
G1 X122.558 Y111.044 E2.94041
G1 X124.063 Y112.549 E3.01242
G1 X124.063 Y113.208 E3.03475
G1 X120.208 Y117.063 E3.21925
G1 X122.82 Y117.063 E3.30764
G1 X120.071 Y114.314 E3.43922
G1 X119.52 Y114.597 E3.46018
G1 X119.076 Y116.365 E3.52188
G1 X119.505 Y117.063 F7200
G1 F3600
G1 X117.063 Y117.063 E3.60456
G1 X115.869 Y115.869 E3.66168
G1 X115.535 Y116.029 E3.67424
G1 X115.51 Y116.004 E3.67544
G1 X114.451 Y117.063 E3.72613
G1 X112.009 Y117.063 E3.80881
G1 E1.80881 F2400
G92 E0
G1 X114.775 Y115.222 F7200
G1 E2 F2400
G1 F3600
G1 X113.277 Y113.628 E2.07404
G1 X113.492 Y113.492 E2.08267
G1 X112.332 Y112.332 E2.1382
G1 X111.806 Y112.484 E2.15673
G1 X109.97 Y112.95 E2.22088
G1 E.22088 F2400
G92 E0
G1 X118.556 Y111.545 F7200
G1 E2 F2400
;TYPE:Top solid infill
;WIDTH:0.405019
G1 F1800
G1 X117.545 Y112.532 E2.04253
G1 X117.332 Y112.697 E2.05064
G1 X116.141 Y113.448 E2.09305
G1 X118.653 Y110.935 E2.20003
G1 X118.782 Y110.423 E2.21592
G1 X118.782 Y110.295 E2.21979
G1 X115.043 Y114.033 E2.37898
G1 X114.782 Y113.783 E2.38989
G1 X118.782 Y109.783 E2.56021
G1 X118.782 Y109.576 E2.56642
G1 X118.72 Y109.332 E2.574
G1 X114.52 Y113.532 E2.75283
G1 X114.259 Y113.281 E2.76374
G1 X118.617 Y108.923 E2.94932
G1 X118.443 Y108.585 E2.96076
G1 X113.998 Y113.03 E3.15003
G1 X113.737 Y112.779 E3.16094
G1 X118.264 Y108.252 E3.35373
G1 X118.044 Y107.96 E3.36474
G1 X115.786 Y110.218 E3.46089
G1 X115.693 Y110.507 E3.47
G1 X115.52 Y110.808 E3.48047
G1 X115.224 Y111.102 E3.49304
G1 X115.046 Y111.231 E3.49967
G1 X114.462 Y111.542 E3.51959
G1 X113.475 Y112.529 E3.56159
G1 X113.214 Y112.278 E3.57249
G1 X113.852 Y111.64 E3.59965
G1 E1.59965 F2400
G92 E0
G1 X115.628 Y109.864 F7200
G1 E2 F2400
G1 F1800
G1 X117.792 Y107.7 E2.09216
G1 X117.526 Y107.454 E2.10307
G1 X115.614 Y109.366 E2.1845
G1 X115.521 Y109.193 E2.19042
G1 X115.398 Y109.07 E2.19566
G1 X117.229 Y107.239 E2.27365
G1 X116.915 Y107.041 E2.28482
G1 X115.128 Y108.828 E2.36093
G1 X114.805 Y108.639 E2.3722
G1 X116.601 Y106.842 E2.44868
G1 X116.287 Y106.644 E2.45985
G1 X114.473 Y108.459 E2.5371
G1 X114.122 Y108.297 E2.54873
G1 X115.973 Y106.446 E2.62754
G1 X115.659 Y106.248 E2.63872
G1 X113.755 Y108.152 E2.71977
G1 X113.377 Y108.018 E2.73185
G1 X115.461 Y105.934 E2.82059
G1 E.82059 F2400
G92 E0
G1 X118.733 Y105.23 F7200
G1 E2 F2400
;TYPE:Solid infill
;WIDTH:0.480393
G1 F3000
G1 X118.885 Y105.079 E2.00779
G1 X118.466 Y104.879 E2.02467
G1 X118.452 Y104.892 E2.02538
G1 X117.628 Y104.479 E2.05891
G1 X117.478 Y104.629 E2.06664
G1 E.06664 F2400
G92 E0
G1 X121.854 Y112.238 F7200
G1 E2 F2400
;WIDTH:0.453782
G1 F3000
G1 X121.102 Y112.991 E2.03635
G1 X120.623 Y113.44 E2.05876
G1 X120.31 Y113.682 E2.07229
G1 X119.85 Y113.972 E2.09087
G1 X119.225 Y114.287 E2.11477
G1 X122.029 Y111.483 E2.25024
G1 X122.223 Y110.707 E2.27756
G1 X119.192 Y113.738 E2.42402
G1 X118.495 Y114.161 E2.45187
G1 X117.906 Y114.443 E2.47417
G1 X122.258 Y110.091 E2.68445
G1 X122.258 Y109.51 E2.7043
G1 X116.792 Y114.976 E2.96841
G1 X115.678 Y115.51 E3.01061
G1 X122.157 Y109.03 E3.32367
G1 X122.041 Y108.565 E3.34003
G1 X115.358 Y115.248 E3.66288
G1 X115.077 Y114.948 E3.67692
G1 X116.1 Y113.925 E3.72636
G1 X115.061 Y114.58 E3.76832
G1 X114.96 Y114.484 E3.77309
G1 X114.795 Y114.649 E3.78106
G1 X114.514 Y114.349 E3.79511
G1 X114.664 Y114.199 E3.80237
G1 X114.367 Y113.915 E3.8164
G1 X114.232 Y114.05 E3.82295
G1 X113.95 Y113.751 E3.83699
G1 X114.201 Y113.501 E3.84907
G1 E1.84907 F2400
G92 E0
G1 X118.545 Y114.386 F7200
G1 E2 F2400
G1 F3000
G1 X118.111 Y114.82 E2.02096
G1 X116.996 Y115.353 E2.06316
G1 X117.43 Y114.919 E2.08412
G1 E.08412 F2400
G92 E0
G1 X118.736 Y111.289 F7200
G1 E2 F2400
G1 F3000
G1 X121.862 Y108.164 E2.15101
G1 X121.659 Y107.785 E2.16568
G1 X119.164 Y110.281 E2.28624
G1 X119.164 Y109.7 E2.30609
G1 X121.434 Y107.429 E2.41577
G1 X121.182 Y107.101 E2.42993
G1 X119.081 Y109.201 E2.5314
G1 X118.96 Y108.741 E2.54765
G1 X120.89 Y106.811 E2.64091
G1 X120.587 Y106.533 E2.65496
G1 X120.365 Y106.755 E2.66568
G1 X120.617 Y107.082 E2.67979
G1 X120.294 Y107.33 E2.69369
G1 X120.075 Y107.045 E2.70597
G1 X118.757 Y108.363 E2.76964
G1 X118.549 Y107.99 E2.78422
G1 X119.78 Y106.759 E2.84373
G1 X119.477 Y106.481 E2.85778
G1 X118.296 Y107.662 E2.91484
G1 X118.003 Y107.374 E2.92887
G1 X119.145 Y106.232 E2.98405
G1 X118.789 Y106.007 E2.99844
G1 X117.695 Y107.101 E3.05129
G1 X117.351 Y106.864 E3.06556
G1 X118.415 Y105.8 E3.11694
G1 X118.022 Y105.612 E3.13183
G1 X116.995 Y106.639 E3.18145
G1 X116.638 Y106.414 E3.19584
G1 X117.629 Y105.424 E3.24368
G1 X117.236 Y105.236 E3.25857
G1 X116.282 Y106.19 E3.30464
G1 X115.926 Y105.965 E3.31903
G1 X116.843 Y105.048 E3.36334
G1 X116.45 Y104.86 E3.37822
G1 X115.569 Y105.74 E3.42075
G1 X115.213 Y105.515 E3.43514
G1 X116.194 Y104.534 E3.48254
G1 E1.48254 F2400
G92 E0
G1 X119.939 Y106.6 F7200
G1 E2 F2400
G1 F3000
G1 X120.255 Y106.284 E2.0153
G1 X119.899 Y106.059 E2.02969
G1 X119.767 Y106.19 E2.03605
G1 X119.44 Y105.937 E2.0502
G1 X119.522 Y105.855 E2.05415
G1 X119.129 Y105.667 E2.06904
G1 X119.084 Y105.712 E2.0712
G1 X118.718 Y105.497 E2.0857
G1 X118.736 Y105.479 E2.08654
G1 X117.934 Y105.119 E2.11657
G1 X117.95 Y105.103 E2.11733
G1 X117.557 Y104.915 E2.13221
G1 X117.541 Y104.931 E2.13297
G1 X117.148 Y104.743 E2.14785
G1 X117.164 Y104.727 E2.14861
G1 X116.771 Y104.539 E2.16349
G1 X116.618 Y104.692 E2.17089
G1 E.17089 F2400
G92 E0
G1 X119.195 Y114.973 F7200
G1 E2 F2400
;WIDTH:0.531415
G1 F3000
G1 X118.473 Y115.695 E2.04144
G1 X118.109 Y115.368 E2.06131
G1 X118.683 Y114.794 E2.09428
G1 E.09428 F2400
G92 E0
G1 X102.234 Y102.937 F7200
G1 E2 F2400
;TYPE:Internal infill
;WIDTH:0.45
G1 F3600
G1 X99.792 Y102.937 E2.08267
G1 X97.397 Y105.332 E2.19731
G1 X99.575 Y105.332 E2.27103
G1 X97.18 Y102.937 E2.38566
G1 X95.937 Y102.937 E2.42774
G1 X95.937 Y104.137 E2.46834
;LAYER_CHANGE
;Z:4.6
;HEIGHT:0.2
G1 Z4.6 F7200
G1 E.46834 F2400
G92 E0
G1 X116.525 Y110.345 F7200
G1 E2 F2400
;TYPE:Perimeter
;WIDTH:0.449999
G1 X116.559 Y110.279 E2.00253
G1 X116.592 Y109.92 E2.01474
G1 X116.52 Y109.631 E2.02481
G1 X116.314 Y109.315 E2.03757
G1 X116.017 Y109.064 E2.05074
G1 X115.314 Y108.689 E2.07772
G1 X114.783 Y108.483 E2.09699
G1 X114.095 Y108.257 E2.12151
G1 X113.194 Y107.996 E2.15324
G1 X111.996 Y107.685 E2.19516
G1 X110.36 Y107.297 E2.25208
G1 X108.038 Y106.783 E2.33256
G1 X102.125 Y105.565 E2.5369
G1 X95.632 Y105.552 E2.75669
G1 X95.632 Y102.632 E2.85554
G1 X124.368 Y102.632 E3.82821
G1 X124.368 Y117.368 E4.327
G1 X95.632 Y117.368 E5.29967
G1 X95.632 Y114.448 E5.39852
G1 X102.125 Y114.435 E5.61831
G1 X108.047 Y113.215 E5.82295
G1 X110.369 Y112.701 E5.90346
G1 X111.996 Y112.315 E5.96005
G1 X113.21 Y111.999 E6.00253
G1 X114.117 Y111.737 E6.03447
G1 X114.813 Y111.506 E6.05929
G1 X115.384 Y111.279 E6.08008
G1 X116.144 Y110.844 E6.10973
G1 X116.403 Y110.581 E6.12224
G1 X116.497 Y110.399 E6.12917
G1 X116.164 Y110.142 F7200
;TYPE:External perimeter
G1 F1800
G1 X116.185 Y109.92 E6.13671
G1 X116.076 Y109.665 E6.14611
G1 X115.823 Y109.422 E6.15797
G1 X115.167 Y109.068 E6.18321
G1 X114.655 Y108.87 E6.20177
G1 X113.982 Y108.648 E6.22578
G1 X113.092 Y108.391 E6.25713
G1 X111.906 Y108.082 E6.29862
G1 X110.275 Y107.695 E6.35536
G1 X107.959 Y107.182 E6.43565
G1 X102.043 Y105.963 E6.64009
G1 X95.225 Y105.959 E6.87088
G1 X95.225 Y102.225 E6.99728
G1 X124.775 Y102.225 E7.99751
G1 X124.775 Y117.775 E8.52386
G1 X95.225 Y117.775 E9.52409
G1 X95.225 Y114.041 E9.65049
G1 X102.043 Y114.037 E9.88128
G1 X107.956 Y112.818 E10.08562
G1 X110.272 Y112.306 E10.1659
G1 X111.902 Y111.919 E10.22261
G1 X113.092 Y111.609 E10.26424
G1 X113.989 Y111.35 E10.29585
G1 X114.665 Y111.127 E10.31996
G1 X115.19 Y110.921 E10.33902
G1 X115.823 Y110.578 E10.3634
G1 X116.036 Y110.388 E10.37306
G1 X116.148 Y110.198 E10.38052
G1 X116.381 Y110.089 F7200
G1 E8.38052 F2400
G92 E0
G1 X119.64 Y108.481 F7200
G1 E2 F2400
;TYPE:Top solid infill
;WIDTH:0.402528
G1 F1800
G1 X119.043 Y107.884 E2.02528
G1 X118.654 Y107.519 E2.04121
G1 X118.441 Y107.354 E2.04927
G1 X118.032 Y107.097 E2.06372
G1 X117.465 Y106.815 E2.08266
G1 X119.73 Y109.08 E2.17846
G1 X119.858 Y109.586 E2.19407
G1 X119.858 Y109.716 E2.19793
G1 X116.49 Y106.348 E2.34035
G1 X115.951 Y106.09 E2.3582
G1 X115.839 Y106.206 E2.36302
G1 X119.858 Y110.224 E2.53295
G1 X119.858 Y110.413 E2.53861
G1 X119.793 Y110.669 E2.54648
G1 X115.588 Y106.464 E2.72429
G1 X115.338 Y106.722 E2.73505
G1 X119.691 Y111.075 E2.91915
G1 X119.517 Y111.409 E2.93041
G1 X115.087 Y106.98 E3.11772
G1 X114.837 Y107.238 E3.12847
G1 X119.338 Y111.739 E3.31882
G1 X119.117 Y112.027 E3.32966
G1 X116.86 Y109.769 E3.42512
G1 X116.824 Y109.627 E3.42951
G1 X116.636 Y109.263 E3.44177
G1 X116.509 Y109.114 E3.44762
G1 X116.332 Y108.948 E3.45487
G1 X116.155 Y108.82 E3.46142
G1 X115.633 Y108.542 E3.47908
G1 X114.586 Y107.496 E3.52334
G1 X114.336 Y107.754 E3.53409
G1 X115.034 Y108.452 E3.56363
G1 E1.56363 F2400
G92 E0
G1 X116.708 Y110.126 F7200
G1 E2 F2400
G1 F1800
G1 X118.865 Y112.283 E2.09123
G1 X118.598 Y112.524 E2.102
G1 X116.698 Y110.625 E2.18233
G1 X116.635 Y110.738 E2.18621
G1 X116.479 Y110.914 E2.19324
G1 X118.3 Y112.735 E2.27022
G1 X117.985 Y112.929 E2.28127
G1 X116.202 Y111.146 E2.35668
G1 X115.876 Y111.328 E2.36786
G1 X117.646 Y113.099 E2.44272
G1 X117.302 Y113.263 E2.45412
G1 X115.544 Y111.505 E2.52848
G1 X115.19 Y111.66 E2.54002
G1 X116.958 Y113.428 E2.6148
G1 X116.614 Y113.592 E2.6262
G1 X114.821 Y111.799 E2.70203
G1 X114.439 Y111.925 E2.71407
G1 X116.391 Y113.878 E2.79662
G1 E.79662 F2400
G92 E0
G1 X122.879 Y112.401 F7200
G1 E2 F2400
;TYPE:Solid infill
;WIDTH:0.475867
G1 F3000
G1 X123.617 Y113.138 E2.03755
G1 X123.202 Y113.336 E2.05409
G1 X122.766 Y112.9 E2.0763
G1 X122.485 Y113.231 E2.09194
G1 X122.788 Y113.534 E2.10736
G1 X122.373 Y113.732 E2.12389
G1 X122.174 Y113.533 E2.134
G1 X121.845 Y113.816 E2.14963
G1 X121.959 Y113.929 E2.15539
G1 X121.542 Y114.125 E2.17196
G1 X121.487 Y114.07 E2.17476
G1 X121.107 Y114.302 E2.1908
G1 X121.253 Y114.448 E2.19823
G1 E.19823 F2400
G92 E0
G1 X124.063 Y115.463 F7200
G1 E2 F2400
;TYPE:Internal infill
;WIDTH:0.45
G1 F3600
G1 X124.063 Y113.377 E2.07061
G1 X123.741 Y113.53 E2.08267
G1 X120.208 Y117.063 E2.25178
G1 X122.82 Y117.063 E2.34017
G1 X120.69 Y114.934 E2.44209
G1 X118.875 Y115.713 E2.50896
G1 X118.642 Y115.489 E2.51992
G1 X117.984 Y115.803 E2.54459
G1 X117.642 Y115.496 E2.56016
G1 X116.751 Y115.922 E2.59357
G1 X116.165 Y115.349 E2.62131
G1 X114.451 Y117.063 E2.70336
G1 X117.063 Y117.063 E2.79175
G1 X112.499 Y112.499 E3.01019
G1 X113.534 Y112.223 E3.04644
G1 X108.694 Y117.063 E3.27812
G1 X111.306 Y117.063 E3.36651
G1 X107.817 Y113.574 E3.53349
G1 X106.065 Y113.935 E3.59406
G1 X102.937 Y117.063 E3.74376
G1 X105.549 Y117.063 E3.83215
G1 X103.044 Y114.557 E3.95207
G1 X102.153 Y114.741 E3.98284
G1 X100.62 Y114.744 E4.03475
G1 E2.03475 F2400
G92 E0
G1 X102.234 Y117.063 F7200
G1 E2 F2400
G1 F3600
G1 X99.792 Y117.063 E2.08267
G1 X97.479 Y114.75 E2.19338
G1 X99.497 Y114.746 E2.26169
G1 X97.18 Y117.063 E2.37259
G1 X95.937 Y117.063 E2.41466
G1 X95.937 Y115.863 E2.45526
G1 E.45526 F2400
G92 E0
G1 X100.62 Y105.247 F7200
G1 E2 F2400
G1 F3600
G1 X102.007 Y105.247 E2.04695
G1 X102.182 Y105.265 E2.05289
G1 X103.044 Y105.442 E2.08267
G1 X105.549 Y102.937 E2.20258
G1 X102.937 Y102.937 E2.29097
G1 X106.065 Y106.065 E2.44067
G1 X107.817 Y106.426 E2.50124
G1 X111.306 Y102.937 E2.66823
G1 X108.694 Y102.937 E2.75662
G1 X113.534 Y107.777 E2.98829
G1 X112.499 Y107.501 E3.02454
G1 X117.063 Y102.937 E3.24299
G1 X114.451 Y102.937 E3.33138
G1 X116.045 Y104.531 E3.40767
G1 X116.538 Y103.976 E3.43279
G1 X117.238 Y104.311 E3.45906
G1 X117.516 Y103.974 E3.47385
G1 X118.578 Y104.481 E3.51369
G1 X118.803 Y104.256 E3.52446
G1 X120.69 Y105.066 E3.59398
G1 X122.82 Y102.937 E3.6959
G1 X120.208 Y102.937 E3.78429
G1 X123.741 Y106.47 E3.95341
G1 X124.063 Y106.624 E3.96546
G1 X124.063 Y104.537 E4.03608
G1 E2.03608 F2400
G92 E0
G1 X122.343 Y106.051 F7200
G1 E2 F2400
;TYPE:Solid infill
;WIDTH:0.527456
G1 F3000
G1 X123.52 Y107.228 E2.06708
G1 X123.04 Y107.434 E2.08811
G1 X121.087 Y105.48 E2.1994
G1 E.1994 F2400
G92 E0
G1 X122.963 Y107.831 F7200
G1 E2 F2400
;WIDTH:0.466235
G1 F3000
G1 X121.9 Y106.767 E2.05293
G1 X121.632 Y106.533 E2.06548
G1 X121.017 Y106.116 E2.09161
G1 X120.276 Y105.742 E2.12084
G1 X123.109 Y108.575 E2.26187
G1 X123.309 Y109.308 E2.2886
G1 X123.312 Y109.377 E2.29105
G1 X120.156 Y106.221 E2.44815
G1 X119.639 Y105.911 E2.46938
G1 X118.889 Y105.553 E2.49864
G1 X123.338 Y110.002 E2.7201
G1 X123.354 Y110.385 E2.7336
G1 X123.313 Y110.576 E2.74047
G1 X117.741 Y105.003 E3.01786
G1 X116.639 Y104.476 E3.06088
G1 X116.627 Y104.488 E3.06147
G1 X123.209 Y111.07 E3.38912
G1 X123.141 Y111.397 E3.40087
G1 X123.074 Y111.534 E3.40622
G1 X116.346 Y104.806 E3.74113
G1 X116.064 Y105.123 E3.75606
G1 X117.211 Y106.27 E3.81314
G1 X116.063 Y105.72 E3.85794
G1 X115.783 Y105.44 E3.87189
G1 X115.502 Y105.757 E3.88681
G1 X115.623 Y105.879 E3.89288
G1 X115.329 Y106.183 E3.90778
G1 X115.22 Y106.075 E3.91318
G1 X114.939 Y106.392 E3.9281
G1 X115.163 Y106.616 E3.93927
G1 E1.93927 F2400
G92 E0
G1 X118.743 Y104.808 F7200
G1 E2 F2400
G1 F3000
G1 X119.172 Y105.237 E2.02135
G1 X118.023 Y104.687 E2.06615
G1 X117.598 Y104.261 E2.08734
G1 E.08734 F2400
G92 E0
G1 X119.907 Y108.965 F7200
G1 E2 F2400
G1 F3000
G1 X122.877 Y111.935 E2.14787
G1 X122.664 Y112.321 E2.16338
G1 X120.24 Y109.897 E2.28408
G1 X120.233 Y110.488 E2.30491
G1 X122.421 Y112.677 E2.41385
G1 X122.146 Y113.001 E2.4288
G1 X120.113 Y110.967 E2.53004
G1 X120.047 Y111.229 E2.53954
G1 X119.952 Y111.405 E2.54659
G1 X121.297 Y112.75 E2.61351
G1 X121.391 Y112.627 E2.61896
G1 X121.714 Y112.875 E2.63329
G1 X121.587 Y113.04 E2.64062
G1 X121.838 Y113.291 E2.65311
G1 X121.509 Y113.56 E2.66808
G1 X121.306 Y113.358 E2.67818
G1 X120.997 Y113.647 E2.69308
G1 X121.15 Y113.801 E2.70072
G1 X121.077 Y113.847 E2.70376
G1 X120.771 Y114.02 E2.71614
G1 X120.67 Y113.918 E2.7212
G1 X120.313 Y114.161 E2.73637
G1 X120.367 Y114.214 E2.73903
G1 X119.962 Y114.408 E2.75483
G1 X119.941 Y114.387 E2.75588
G1 X119.541 Y114.586 E2.77158
G1 X119.556 Y114.601 E2.77232
G1 X119.151 Y114.795 E2.78812
G1 X119.137 Y114.78 E2.78884
G1 X118.34 Y115.181 E2.82022
G1 X118.189 Y115.03 E2.82774
G1 E.82774 F2400
G92 E0
G1 X121.147 Y113.199 F7200
G1 E2 F2400
G1 F3000
G1 X119.743 Y111.795 E2.06989
G1 X119.666 Y111.939 E2.07564
G1 X119.502 Y112.153 E2.08512
G1 X120.709 Y113.359 E2.14518
G1 X120.379 Y113.628 E2.16016
G1 X119.223 Y112.471 E2.21774
G1 X118.914 Y112.761 E2.23265
G1 X120.018 Y113.866 E2.28763
G1 X119.641 Y114.087 E2.30303
G1 X118.57 Y113.016 E2.35635
G1 X118.201 Y113.246 E2.37164
G1 X119.236 Y114.281 E2.42315
G1 X118.831 Y114.475 E2.43895
G1 X117.803 Y113.447 E2.49012
G1 X117.399 Y113.641 E2.50592
G1 X118.426 Y114.669 E2.55709
G1 X118.022 Y114.862 E2.57289
G1 X116.994 Y113.835 E2.62405
G1 X116.589 Y114.028 E2.63985
G1 X117.617 Y115.056 E2.69102
G1 X117.212 Y115.25 E2.70682
G1 X116.184 Y114.222 E2.75799
G1 X115.842 Y114.386 E2.77132
G1 X114.871 Y113.354 E2.8212
G1 X114.767 Y113.404 E2.82528
G1 X116.944 Y115.581 E2.93367
G1 E.93367 F2400
G92 E0
G1 X124.063 Y110.106 F7200
G1 E2 F2400
;TYPE:Internal infill
;WIDTH:0.45
G1 F3600
G1 X124.063 Y112.549 E2.08267
G1 X123.37 Y111.856 E2.11585
G1 X123.529 Y111.531 E2.1281
G1 X123.762 Y110.419 E2.16656
G1 X123.714 Y109.245 E2.20632
G1 X123.441 Y108.248 E2.24131
G1 X123.38 Y108.134 E2.2457
G1 X124.063 Y107.451 E2.27837
G1 X124.063 Y109.894 E2.36104
G1 E.36104 F2400
G92 E0
G1 X102.234 Y102.937 F7200
G1 E2 F2400
G1 F3600
G1 X99.792 Y102.937 E2.08267
G1 X97.482 Y105.247 E2.19323
G1 X99.49 Y105.247 E2.26119
G1 X97.18 Y102.937 E2.37175
G1 X95.937 Y102.937 E2.41382
G1 X95.937 Y104.137 E2.45442
M106 S221.85
;LAYER_CHANGE
;Z:4.8
;HEIGHT:0.2
G1 Z4.8 F7200
G1 E.45442 F2400
G92 E0
G1 X117.603 Y110.307 F7200
G1 E2 F2400
;TYPE:Perimeter
;WIDTH:0.449999
G1 X117.659 Y110.176 E2.00484
G1 X117.649 Y109.779 E2.01828
G1 X117.521 Y109.502 E2.02859
G1 X117.35 Y109.303 E2.0375
G1 X116.847 Y108.946 E2.05837
G1 X116.042 Y108.606 E2.08794
G1 X115.443 Y108.408 E2.1093
G1 X114.66 Y108.182 E2.13688
G1 X113.62 Y107.912 E2.17326
G1 X112.21 Y107.577 E2.22231
G1 X110.196 Y107.131 E2.29213
G1 X107.176 Y106.5 E2.39658
G1 X102.122 Y105.491 E2.57102
G1 X95.632 Y105.48 E2.79069
G1 X95.632 Y102.632 E2.88707
G1 X124.368 Y102.632 E3.85975
G1 X124.368 Y117.368 E4.35854
G1 X95.632 Y117.368 E5.33121
G1 X95.632 Y114.52 E5.42759
G1 X102.122 Y114.509 E5.64726
G1 X107.17 Y113.501 E5.82152
G1 X110.189 Y112.87 E5.9259
G1 X112.21 Y112.423 E5.99597
G1 X113.62 Y112.088 E6.04502
G1 X114.66 Y111.818 E6.0814
G1 X115.465 Y111.585 E6.10975
G1 X116.091 Y111.376 E6.13209
G1 X116.847 Y111.054 E6.15991
G1 X117.35 Y110.697 E6.18078
G1 X117.521 Y110.498 E6.18969
G1 X117.579 Y110.362 E6.19466
G1 X117.237 Y110.166 F7200
;TYPE:External perimeter
G1 F1800
G1 X117.255 Y109.879 E6.20439
G1 X117.105 Y109.628 E6.21429
G1 X116.687 Y109.321 E6.23187
G1 X115.915 Y108.992 E6.26027
G1 X115.33 Y108.799 E6.28111
G1 X114.558 Y108.576 E6.30832
G1 X113.526 Y108.308 E6.34442
G1 X112.116 Y107.973 E6.39347
G1 X110.108 Y107.529 E6.46307
G1 X107.092 Y106.899 E6.56735
G1 X102.042 Y105.891 E6.74167
G1 X95.225 Y105.887 E6.97242
G1 X95.225 Y102.225 E7.09636
G1 X124.775 Y102.225 E8.09659
G1 X124.775 Y117.775 E8.62294
G1 X95.225 Y117.775 E9.62317
G1 X95.225 Y114.113 E9.74712
G1 X102.042 Y114.109 E9.97786
G1 X107.091 Y113.102 E10.15212
G1 X110.106 Y112.472 E10.25639
G1 X112.113 Y112.028 E10.32596
G1 X113.53 Y111.691 E10.37526
G1 X114.563 Y111.422 E10.41141
G1 X115.337 Y111.199 E10.43868
G1 X115.931 Y111.002 E10.45985
G1 X116.687 Y110.679 E10.48767
G1 X117.105 Y110.372 E10.50525
G1 X117.205 Y110.217 E10.51148
G1 X117.518 Y110.107 F7200
G1 E8.51148 F2400
G92 E0
G1 X120.727 Y111.488 F7200
G1 E2 F2400
;TYPE:Top solid infill
;WIDTH:0.402586
G1 F1800
G1 X120.129 Y112.087 E2.02532
G1 X119.763 Y112.43 E2.04031
G1 X119.55 Y112.595 E2.04837
G1 X119.032 Y112.91 E2.0665
G1 X118.581 Y113.126 E2.08145
G1 X120.81 Y110.897 E2.17569
G1 X120.933 Y110.404 E2.19092
G1 X120.933 Y110.265 E2.19507
G1 X117.606 Y113.592 E2.33581
G1 X117.096 Y113.836 E2.3527
G1 X116.974 Y113.716 E2.35784
G1 X120.933 Y109.756 E2.52532
G1 X120.933 Y109.596 E2.53009
G1 X120.863 Y109.317 E2.53869
G1 X116.716 Y113.464 E2.71409
G1 X116.459 Y113.213 E2.72484
G1 X120.76 Y108.913 E2.90672
G1 X120.582 Y108.581 E2.91796
G1 X116.202 Y112.961 E3.1032
G1 X115.945 Y112.71 E3.11396
G1 X120.398 Y108.257 E3.30231
G1 X120.178 Y107.969 E3.31316
G1 X117.927 Y110.219 E3.40833
G1 X117.922 Y110.291 E3.41048
G1 X117.768 Y110.632 E3.42168
G1 X117.634 Y110.818 E3.42853
G1 X117.139 Y111.207 E3.44735
G1 X116.961 Y111.31 E3.45351
G1 X116.744 Y111.402 E3.46055
G1 X115.688 Y112.458 E3.50522
G1 X115.431 Y112.207 E3.51598
G1 X116.162 Y111.476 E3.54688
G1 E1.54688 F2400
G92 E0
G1 X117.778 Y109.859 F7200
G1 E2 F2400
G1 F1800
G1 X119.92 Y107.718 E2.09059
G1 X119.648 Y107.481 E2.10137
G1 X117.756 Y109.373 E2.18137
G1 X117.638 Y109.185 E2.188
G1 X117.531 Y109.09 E2.19229
G1 X119.345 Y107.276 E2.269
G1 X119.025 Y107.087 E2.2801
G1 X117.241 Y108.87 E2.35554
G1 X116.927 Y108.676 E2.36659
G1 X118.681 Y106.922 E2.44078
G1 X118.337 Y106.757 E2.45218
G1 X116.57 Y108.525 E2.52694
G1 X116.212 Y108.374 E2.53854
G1 X117.993 Y106.593 E2.61386
G1 X117.649 Y106.428 E2.62527
G1 X115.835 Y108.242 E2.70199
G1 X115.45 Y108.118 E2.71408
G1 X117.426 Y106.143 E2.79763
G1 E.79763 F2400
G92 E0
G1 X123.392 Y106.573 F7200
G1 E2 F2400
;TYPE:Internal infill
;WIDTH:0.45
G1 F3600
G1 X123.991 Y107.523 E2.03801
G1 X124.063 Y107.451 E2.04143
G1 X124.063 Y106.792 E2.06376
G1 X120.208 Y102.937 E2.24826
G1 X122.82 Y102.937 E2.33665
G1 X120.69 Y105.066 E2.43857
G1 X118.803 Y104.256 E2.5081
G1 X118.578 Y104.481 E2.51886
G1 X117.516 Y103.974 E2.5587
G1 X116.599 Y105.085 E2.60746
G1 X114.451 Y102.937 E2.71025
G1 X117.063 Y102.937 E2.79864
G1 X112.636 Y107.364 E3.01056
G1 X113.273 Y107.516 E3.03273
G1 X108.694 Y102.937 E3.2519
G1 X111.306 Y102.937 E3.34029
G1 X107.903 Y106.34 E3.50318
G1 X105.943 Y105.943 E3.57088
G1 X102.937 Y102.937 E3.71474
G1 X105.549 Y102.937 E3.80313
G1 X103.109 Y105.377 E3.91992
G1 X102.176 Y105.191 E3.9521
G1 X102.007 Y105.174 E3.95786
G1 X100.686 Y105.174 E4.0026
G1 E2.0026 F2400
G92 E0
G1 X102.234 Y102.937 F7200
G1 E2 F2400
G1 F3600
G1 X99.792 Y102.937 E2.08267
G1 X97.555 Y105.174 E2.18976
G1 X99.417 Y105.174 E2.2528
G1 X97.18 Y102.937 E2.35988
G1 X95.937 Y102.937 E2.40196
G1 X95.937 Y104.137 E2.44256
G1 E.44256 F2400
G92 E0
G1 X100.685 Y114.816 F7200
G1 E2 F2400
G1 F3600
G1 X102.153 Y114.813 E2.04968
G1 X103.109 Y114.623 E2.08267
G1 X105.549 Y117.063 E2.19947
G1 X102.937 Y117.063 E2.28786
G1 X105.943 Y114.057 E2.43173
G1 X107.903 Y113.66 E2.49942
G1 X111.306 Y117.063 E2.66231
G1 X108.694 Y117.063 E2.7507
G1 X113.273 Y112.484 E2.96987
G1 X112.636 Y112.636 E2.99204
G1 X117.063 Y117.063 E3.20396
G1 X114.451 Y117.063 E3.29235
G1 X116.786 Y114.728 E3.4041
G1 X117.984 Y115.803 E3.45857
G1 X118.642 Y115.489 E3.48325
G1 X118.875 Y115.713 E3.4942
G1 X120.69 Y114.934 E3.56108
G1 X122.82 Y117.063 E3.663
G1 X120.208 Y117.063 E3.75139
G1 X124.063 Y113.208 E3.93589
G1 X124.063 Y112.549 E3.95822
G1 X123.991 Y112.477 E3.96164
G1 X123.392 Y113.427 E3.99965
G1 E1.99965 F2400
G92 E0
G1 X121.415 Y114.379 F7200
G1 E2 F2400
;TYPE:Solid infill
;WIDTH:0.452277
G1 F3000
G1 X123.84 Y111.953 E2.11675
G1 X124.063 Y111.601 E2.13093
G1 X124.063 Y111.152 E2.14621
G1 X123.379 Y111.835 E2.17909
G1 X123.529 Y111.531 E2.19065
G1 X123.641 Y110.995 E2.20929
G1 X124.063 Y110.573 E2.22957
G1 X124.063 Y109.994 E2.24928
G1 X123.758 Y110.3 E2.26396
G1 X123.735 Y109.743 E2.28291
G1 X124.063 Y109.416 E2.29869
G1 X124.063 Y108.837 E2.3184
G1 X123.701 Y109.198 E2.33579
G1 X123.577 Y108.743 E2.35183
G1 X124.008 Y108.312 E2.37258
G1 X123.784 Y107.957 E2.38687
G1 X123.453 Y108.289 E2.40282
G1 X123.257 Y107.905 E2.41747
G1 X123.56 Y107.602 E2.43205
G1 X123.336 Y107.247 E2.44634
G1 X123.055 Y107.529 E2.4599
G1 X122.824 Y107.181 E2.47411
G1 X123.112 Y106.892 E2.488
G1 X122.888 Y106.537 E2.50229
G1 X122.565 Y106.861 E2.51787
G1 X122.281 Y106.566 E2.5318
G1 X122.512 Y106.335 E2.54295
G1 X122.12 Y106.148 E2.55773
G1 X121.977 Y106.291 E2.56463
G1 X121.65 Y106.039 E2.57868
G1 X121.728 Y105.961 E2.58246
G1 X121.327 Y105.783 E2.59739
G1 X121.166 Y105.944 E2.60517
G1 E.60517 F2400
G92 E0
G1 X121.083 Y114.057 F7200
G1 E2 F2400
;WIDTH:0.462205
G1 F3000
G1 X122.188 Y112.952 E2.05449
G1 X122.452 Y112.641 E2.06871
G1 X122.814 Y112.063 E2.09248
G1 X123.132 Y111.414 E2.11769
G1 X120.301 Y114.246 E2.25731
G1 X119.167 Y114.787 E2.30112
G1 X123.296 Y110.657 E2.50473
G1 X123.354 Y110.385 E2.51444
G1 X123.339 Y110.022 E2.5271
G1 X118.048 Y115.313 E2.78797
G1 X117.735 Y115.033 E2.80261
G1 X123.315 Y109.452 E3.07774
G1 X123.309 Y109.308 E3.08279
G1 X123.214 Y108.96 E3.09534
G1 X121.179 Y110.996 E3.19571
G1 X121.123 Y111.219 E3.20371
G1 X120.753 Y111.909 E3.231
G1 X120.435 Y112.323 E3.24922
G1 X120.011 Y112.721 E3.26949
G1 X119.769 Y112.908 E3.28016
G1 X119.207 Y113.25 E3.30309
G1 X118.666 Y113.509 E3.32399
G1 X117.422 Y114.752 E3.38531
G1 X117.11 Y114.472 E3.39995
G1 X117.529 Y114.053 E3.42061
G1 X117.02 Y114.296 E3.44028
G1 X116.855 Y114.134 E3.44836
G1 X116.797 Y114.192 E3.45118
G1 X116.485 Y113.911 E3.46582
G1 X116.555 Y113.841 E3.46929
G1 X116.255 Y113.548 E3.48391
G1 X116.042 Y113.761 E3.4944
G1 E1.4944 F2400
G92 E0
G1 X121.125 Y110.457 F7200
G1 E2 F2400
G1 F3000
G1 X123.087 Y108.495 E2.09672
G1 X123.061 Y108.4 E2.10016
G1 X122.896 Y108.093 E2.11231
G1 X121.316 Y109.673 E2.19023
G1 X121.316 Y109.549 E2.19455
G1 X121.221 Y109.174 E2.20802
G1 X122.686 Y107.71 E2.28024
G1 X122.444 Y107.359 E2.2951
G1 X121.088 Y108.715 E2.362
G1 X120.881 Y108.329 E2.37727
G1 X122.173 Y107.037 E2.44099
G1 X121.874 Y106.743 E2.4556
G1 X120.654 Y107.963 E2.51572
G1 X120.39 Y107.634 E2.53043
G1 X121.552 Y106.472 E2.58772
G1 X121.315 Y106.303 E2.59787
G1 X121.2 Y106.231 E2.60259
G1 X120.084 Y107.347 E2.65764
G1 X119.755 Y107.083 E2.67234
G1 X120.828 Y106.01 E2.72525
G1 X120.43 Y105.816 E2.74072
G1 X119.391 Y106.854 E2.7919
G1 X119.001 Y106.651 E2.80724
G1 X120.028 Y105.624 E2.8579
G1 X119.627 Y105.433 E2.87341
G1 X118.6 Y106.46 E2.92404
G1 X118.199 Y106.268 E2.93954
G1 X119.225 Y105.241 E2.99017
G1 X118.824 Y105.049 E3.00567
G1 X117.798 Y106.076 E3.05627
G1 X117.397 Y105.884 E3.07177
G1 X118.423 Y104.858 E3.12235
G1 X118.021 Y104.666 E3.13786
G1 X115.846 Y106.841 E3.2451
G1 E1.2451 F2400
G92 E0
G1 X102.234 Y117.063 F7200
G1 E2 F2400
;TYPE:Internal infill
;WIDTH:0.45
G1 F3600
G1 X99.792 Y117.063 E2.08267
G1 X97.551 Y114.822 E2.18992
G1 X99.424 Y114.819 E2.25331
G1 X97.18 Y117.063 E2.36072
G1 X95.937 Y117.063 E2.4028
G1 X95.937 Y115.863 E2.4434
;LAYER_CHANGE
;Z:5
;HEIGHT:0.2
G1 Z5 F7200
G1 E.4434 F2400
G92 E0
G1 X118.705 Y110.248 F7200
G1 E2 F2400
;TYPE:Perimeter
;WIDTH:0.449999
G1 X118.728 Y110.201 E2.00177
G1 X118.744 Y109.94 E2.01064
G1 X118.681 Y109.669 E2.02005
G1 X118.421 Y109.321 E2.03474
G1 X118.235 Y109.166 E2.04295
G1 X117.682 Y108.875 E2.06408
G1 X116.782 Y108.557 E2.0964
G1 X115.263 Y108.144 E2.14969
G1 X112.338 Y107.476 E2.25123
G1 X109.782 Y106.942 E2.33964
G1 X102.12 Y105.43 E2.60397
G1 X95.632 Y105.419 E2.82359
G1 X95.632 Y102.632 E2.9179
G1 X124.368 Y102.632 E3.89058
G1 X124.368 Y117.368 E4.38937
G1 X95.632 Y117.368 E5.36204
G1 X95.632 Y114.581 E5.45636
G1 X102.12 Y114.57 E5.67598
G1 X109.788 Y113.057 E5.94053
G1 X112.349 Y112.522 E6.02909
G1 X115.263 Y111.856 E6.13026
G1 X116.782 Y111.443 E6.18354
G1 X117.769 Y111.086 E6.21906
G1 X118.328 Y110.772 E6.24076
G1 X118.61 Y110.442 E6.25548
G1 X118.678 Y110.302 E6.26074
G1 X118.332 Y110.107 F7200
;TYPE:External perimeter
G1 F1800
G1 X118.316 Y109.849 E6.26948
G1 X118.041 Y109.524 E6.2839
G1 X117.546 Y109.259 E6.30291
G1 X116.675 Y108.95 E6.33419
G1 X115.156 Y108.536 E6.38747
G1 X112.259 Y107.875 E6.48807
G1 X109.705 Y107.342 E6.57637
G1 X102.042 Y105.829 E6.84078
G1 X95.225 Y105.826 E7.07151
G1 X95.225 Y102.225 E7.19338
G1 X124.775 Y102.225 E8.19361
G1 X124.775 Y117.775 E8.71996
G1 X95.225 Y117.775 E9.72019
G1 X95.225 Y114.174 E9.84207
G1 X102.042 Y114.171 E10.0728
G1 X109.703 Y112.659 E10.33713
G1 X112.259 Y112.125 E10.42551
G1 X115.148 Y111.466 E10.52582
G1 X116.675 Y111.05 E10.57939
G1 X117.575 Y110.729 E10.61173
G1 X118.072 Y110.456 E10.63093
G1 X118.296 Y110.155 E10.6436
G1 X118.581 Y110.038 F7200
G1 E8.6436 F2400
G92 E0
G1 X121.833 Y108.575 F7200
G1 E2 F2400
;TYPE:Top solid infill
;WIDTH:0.415063
G1 F1800
G1 X120.972 Y107.714 E2.03769
G1 X120.805 Y107.569 E2.04453
G1 X120.586 Y107.41 E2.05293
G1 X120.228 Y107.191 E2.06591
G1 X119.637 Y106.906 E2.0862
G1 X121.897 Y109.165 E2.18506
G1 X121.992 Y109.512 E2.19622
G1 X122.003 Y109.798 E2.20506
G1 X118.631 Y106.425 E2.35264
G1 X117.99 Y106.12 E2.3746
G1 X117.904 Y106.225 E2.37881
G1 X122.011 Y110.332 E2.55853
G1 X121.919 Y110.767 E2.57228
G1 X117.666 Y106.513 E2.75842
G1 X117.428 Y106.801 E2.76999
G1 X121.783 Y111.157 E2.96059
G1 X121.606 Y111.506 E2.97271
G1 X117.19 Y107.089 E3.16599
G1 X116.952 Y107.378 E3.17756
G1 X121.401 Y111.827 E3.37228
G1 X121.159 Y112.111 E3.38383
G1 X119.023 Y109.975 E3.4773
G1 X119.001 Y109.734 E3.48479
G1 X118.932 Y109.542 E3.49111
G1 X118.638 Y109.144 E3.50641
G1 X118.504 Y109.01 E3.51228
G1 X118.371 Y108.921 E3.51724
G1 X117.781 Y108.613 E3.53783
G1 X117.595 Y108.547 E3.54395
G1 X116.714 Y107.666 E3.5825
G1 X116.476 Y107.954 E3.59407
G1 X117.045 Y108.524 E3.61898
G1 E1.61898 F2400
G92 E0
G1 X118.816 Y110.295 F7200
G1 E2 F2400
G1 F1800
G1 X120.885 Y112.364 E2.09054
G1 X120.586 Y112.591 E2.10217
G1 X118.728 Y110.733 E2.18344
G1 X118.638 Y110.856 E2.18815
G1 X118.477 Y111.008 E2.19501
G1 X120.26 Y112.791 E2.27302
G1 X119.908 Y112.965 E2.28518
G1 X118.142 Y111.199 E2.36247
G1 X117.796 Y111.38 E2.37454
G1 X119.552 Y113.135 E2.45137
G1 X119.195 Y113.305 E2.46358
G1 X117.409 Y111.519 E2.54177
G1 X117.019 Y111.656 E2.55454
G1 X118.839 Y113.475 E2.63416
G1 X118.483 Y113.645 E2.64638
G1 X116.485 Y111.648 E2.7338
G1 E.7338 F2400
G92 E0
G1 X123.392 Y113.427 F7200
G1 E2 F2400
;TYPE:Internal infill
;WIDTH:0.45
G1 F3600
G1 X123.991 Y112.477 E2.03801
G1 X124.063 Y112.549 E2.04143
G1 X124.063 Y113.208 E2.06376
G1 X120.208 Y117.063 E2.24826
G1 X122.82 Y117.063 E2.33665
G1 X120.69 Y114.934 E2.43857
G1 X118.875 Y115.713 E2.50545
G1 X117.308 Y114.206 E2.57904
G1 X114.451 Y117.063 E2.7158
G1 X117.063 Y117.063 E2.80419
G1 X112.745 Y112.745 E3.01089
G1 X113.092 Y112.665 E3.02294
G1 X108.694 Y117.063 E3.23343
G1 X111.306 Y117.063 E3.32182
G1 X107.97 Y113.727 E3.48151
G1 X105.856 Y114.144 E3.55442
G1 X102.937 Y117.063 E3.69415
G1 X105.549 Y117.063 E3.78254
G1 X103.162 Y114.675 E3.89681
G1 X102.153 Y114.875 E3.93161
G1 X100.739 Y114.877 E3.97948
G1 E1.97948 F2400
G92 E0
G1 X102.234 Y117.063 F7200
G1 E2 F2400
G1 F3600
G1 X99.792 Y117.063 E2.08267
G1 X97.612 Y114.883 E2.18699
G1 X99.363 Y114.88 E2.24625
G1 X97.18 Y117.063 E2.35073
G1 X95.937 Y117.063 E2.39281
G1 X95.937 Y115.863 E2.43341
G1 E.43341 F2400
G92 E0
G1 X95.937 Y104.137 F7200
G1 E2 F2400
G1 F3600
G1 X95.937 Y102.937 E2.0406
G1 X97.18 Y102.937 E2.08267
G1 X99.356 Y105.113 E2.18683
G1 X97.616 Y105.113 E2.24574
G1 X99.792 Y102.937 E2.34989
G1 X102.234 Y102.937 E2.43257
G1 E.43257 F2400
G92 E0
G1 X100.739 Y105.113 F7200
G1 E2 F2400
G1 F3600
G1 X102.007 Y105.113 E2.04292
G1 X102.175 Y105.13 E2.04862
G1 X103.162 Y105.324 E2.08267
G1 X105.549 Y102.937 E2.19694
G1 X102.937 Y102.937 E2.28533
G1 X105.856 Y105.856 E2.42505
G1 X107.97 Y106.273 E2.49797
G1 X111.306 Y102.937 E2.65766
G1 X108.694 Y102.937 E2.74605
G1 X113.092 Y107.335 E2.95654
G1 X112.745 Y107.255 E2.96859
G1 X117.063 Y102.937 E3.17529
G1 X114.451 Y102.937 E3.26368
G1 X117.287 Y105.773 E3.3994
G1 X118.803 Y104.256 E3.472
G1 X120.69 Y105.066 E3.54152
G1 X122.82 Y102.937 E3.64344
G1 X120.208 Y102.937 E3.73183
G1 X124.063 Y106.792 E3.91633
G1 X124.063 Y107.451 E3.93866
G1 X123.991 Y107.523 E3.94208
G1 X123.392 Y106.573 E3.98009
G1 E1.98009 F2400
G92 E0
G1 X124.246 Y108.451 F7200
G1 E2 F2400
;TYPE:Solid infill
;WIDTH:0.451933
G1 F3000
G1 X121.78 Y105.985 E2.1186
G1 X120.752 Y105.536 E2.15675
G1 X124.063 Y108.847 E2.31598
G1 X124.063 Y109.425 E2.33565
G1 X119.738 Y105.101 E2.54363
G1 X118.896 Y104.739 E2.57482
G1 X118.847 Y104.788 E2.57716
G1 X124.063 Y110.003 E2.82801
G1 X124.063 Y110.582 E2.84769
G1 X122.118 Y108.637 E2.94122
G1 X121.897 Y108.226 E2.95708
G1 X121.737 Y107.983 E2.96699
G1 X121.407 Y107.597 E2.98425
G1 X121.173 Y107.379 E2.99515
G1 X120.909 Y107.168 E3.00662
G1 X120.533 Y106.925 E3.02184
G1 X120.26 Y106.78 E3.03236
G1 X118.558 Y105.077 E3.11424
G1 X118.269 Y105.366 E3.12815
G1 X119.154 Y106.252 E3.17074
G1 X118.048 Y105.724 E3.21242
G1 X117.85 Y105.526 E3.22194
G1 X116.982 Y106.394 F7200
G1 F3000
G1 X117.269 Y106.681 E3.23574
G1 E1.23574 F2400
G92 E0
G1 X122.116 Y109.214 F7200
G1 E2 F2400
G1 F3000
G1 X124.063 Y111.16 E2.09362
G1 X124.063 Y111.601 E2.10862
G1 X124.009 Y111.685 E2.11201
G1 X122.397 Y110.073 E2.18956
G1 X122.407 Y110.306 E2.19748
G1 X122.345 Y110.599 E2.20768
G1 X123.786 Y112.04 E2.27697
G1 X123.562 Y112.395 E2.29124
G1 X122.244 Y111.077 E2.3546
G1 X122.056 Y111.468 E2.36934
G1 X123.338 Y112.75 E2.43099
G1 X123.114 Y113.104 E2.44525
G1 X121.851 Y111.841 E2.506
G1 X121.609 Y112.177 E2.52009
G1 X122.891 Y113.459 E2.58175
G1 X122.867 Y113.496 E2.58323
G1 X122.517 Y113.663 E2.59646
G1 X121.329 Y112.475 E2.65358
G1 X121.022 Y112.747 E2.66752
G1 X122.125 Y113.85 E2.72059
G1 X121.733 Y114.037 E2.73534
G1 X120.679 Y112.983 E2.78603
G1 X120.313 Y113.195 E2.80043
G1 X121.333 Y114.215 E2.84946
G1 X120.928 Y114.388 E2.86444
G1 X119.922 Y113.382 E2.91284
G1 X119.53 Y113.569 E2.9276
G1 X120.523 Y114.562 E2.97538
G1 X120.119 Y114.736 E2.99035
G1 X119.139 Y113.756 E3.0375
G1 X118.747 Y113.943 E3.05225
G1 X119.714 Y114.91 E3.09877
G1 X119.309 Y115.083 E3.11375
G1 X117.84 Y113.614 E3.18442
M106 S229.5
;LAYER_CHANGE
;Z:5.2
;HEIGHT:0.2
G1 Z5.2 F7200
G1 E1.18442 F2400
G92 E0
G1 X119.795 Y110.149 F7200
G1 E2 F2400
;TYPE:Perimeter
;WIDTH:0.449999
G1 X119.822 Y110.043 E2.00369
G1 X119.751 Y109.699 E2.01557
G1 X119.58 Y109.413 E2.02684
G1 X119.306 Y109.196 E2.03867
G1 X118.549 Y108.846 E2.06692
G1 X117.585 Y108.551 E2.10103
G1 X115.878 Y108.13 E2.16054
G1 X112.404 Y107.387 E2.28079
G1 X108.97 Y106.701 E2.39933
G1 X102.118 Y105.379 E2.63554
G1 X95.632 Y105.368 E2.85508
G1 X95.632 Y102.632 E2.94769
G1 X124.368 Y102.632 E3.92036
G1 X124.368 Y117.368 E4.41915
G1 X95.632 Y117.368 E5.39183
G1 X95.632 Y114.632 E5.48444
G1 X102.118 Y114.621 E5.70397
G1 X108.966 Y113.299 E5.94005
G1 X112.396 Y112.614 E6.05845
G1 X115.878 Y111.87 E6.17898
G1 X117.585 Y111.449 E6.23849
G1 X118.61 Y111.132 E6.27481
G1 X119.198 Y110.876 E6.2965
G1 X119.611 Y110.557 E6.31416
G1 X119.75 Y110.33 E6.32317
G1 X119.781 Y110.207 E6.32748
G1 X119.412 Y110.078 F7200
;TYPE:External perimeter
G1 F1800
G1 X119.335 Y109.751 E6.33884
G1 X119.133 Y109.564 E6.34817
G1 X118.429 Y109.235 E6.37445
G1 X117.488 Y108.947 E6.40779
G1 X115.793 Y108.528 E6.46687
G1 X112.319 Y107.785 E6.58712
G1 X108.89 Y107.101 E6.70547
G1 X102.041 Y105.779 E6.9416
G1 X95.225 Y105.775 E7.1723
G1 X95.225 Y102.225 E7.29247
G1 X124.775 Y102.225 E8.2927
G1 X124.775 Y117.775 E8.81905
G1 X95.225 Y117.775 E9.81928
G1 X95.225 Y114.225 E9.93945
G1 X102.037 Y114.222 E10.17004
G1 X108.889 Y112.9 E10.40623
G1 X112.316 Y112.215 E10.52454
G1 X115.799 Y111.47 E10.6451
G1 X117.488 Y111.053 E10.70397
G1 X118.45 Y110.757 E10.73805
G1 X118.979 Y110.531 E10.75751
G1 X119.273 Y110.318 E10.76981
G1 X119.382 Y110.13 E10.77716
G1 X119.718 Y109.94 F7200
G1 E8.77716 F2400
G92 E0
G1 X122.982 Y110.911 F7200
G1 E2 F2400
;TYPE:Top solid infill
;WIDTH:0.413048
G1 F1800
G1 X120.961 Y112.933 E2.08799
G1 X120.043 Y113.326 E2.11871
G1 X122.821 Y110.548 E2.23963
G1 X122.821 Y110.025 E2.25574
G1 X119.212 Y113.634 E2.41283
G1 X118.945 Y113.377 E2.42422
G1 X122.821 Y109.501 E2.59292
G1 X122.821 Y108.978 E2.60903
G1 X118.679 Y113.121 E2.78934
G1 X118.412 Y112.864 E2.80073
G1 X122.643 Y108.633 E2.9849
G1 X122.441 Y108.312 E2.99658
G1 X118.145 Y112.607 E3.18355
G1 X117.878 Y112.351 E3.19494
G1 X118.938 Y111.291 E3.24106
G1 X119.336 Y111.121 E3.25438
G1 X119.687 Y110.867 E3.26771
G1 X119.824 Y110.741 E3.27345
G1 X119.999 Y110.46 E3.28361
G1 X120.076 Y110.258 E3.29027
G1 X120.091 Y110.138 E3.294
G1 X122.238 Y107.991 E3.38747
G1 X122.036 Y107.67 E3.39915
G1 X120.033 Y109.672 E3.4863
G1 X119.921 Y109.39 E3.49564
G1 X119.86 Y109.323 E3.49846
G1 X121.745 Y107.437 E3.58053
G1 X121.391 Y107.268 E3.59261
G1 X119.6 Y109.059 E3.67058
G1 X119.453 Y108.956 E3.67611
G1 X119.266 Y108.87 E3.68244
G1 X121.036 Y107.1 E3.75948
G1 X120.669 Y106.942 E3.77174
G1 X118.907 Y108.705 E3.84844
G1 X118.539 Y108.55 E3.86074
G1 X120.303 Y106.785 E3.93754
G1 X119.937 Y106.628 E3.94981
G1 X118.138 Y108.427 E4.02813
G1 X117.737 Y108.305 E4.04103
G1 X119.571 Y106.471 E4.12086
G1 X119.205 Y106.313 E4.13313
G1 X117.188 Y108.33 E4.2209
G1 E2.2209 F2400
G92 E0
G1 X118.373 Y111.333 F7200
G1 E2 F2400
G1 F1800
G1 X117.612 Y112.094 E2.03313
G1 X117.345 Y111.837 E2.04452
G1 X117.619 Y111.563 E2.05646
G1 E.05646 F2400
G92 E0
G1 X95.937 Y115.863 F7200
G1 E2 F2400
;TYPE:Internal infill
;WIDTH:0.45
G1 F3600
G1 X95.937 Y117.063 E2.0406
G1 X97.18 Y117.063 E2.08267
G1 X99.313 Y114.93 E2.18475
G1 X97.663 Y114.934 E2.2406
G1 X99.792 Y117.063 E2.34252
G1 X102.234 Y117.063 E2.42519
G1 E.42519 F2400
G92 E0
G1 X100.784 Y114.927 F7200
G1 E2 F2400
G1 F3600
G1 X102.153 Y114.925 E2.04631
G1 X103.207 Y114.721 E2.08267
G1 X105.549 Y117.063 E2.19475
G1 X102.937 Y117.063 E2.28314
G1 X105.774 Y114.226 E2.41892
G1 X108.033 Y113.79 E2.49681
G1 X111.306 Y117.063 E2.65346
G1 X108.694 Y117.063 E2.74185
G1 X112.949 Y112.808 E2.94549
G1 X112.833 Y112.833 E2.94949
G1 X117.063 Y117.063 E3.15195
G1 X114.451 Y117.063 E3.24034
G1 X118.263 Y113.251 E3.42281
G1 X119.165 Y114.119 E3.46519
G1 X119.663 Y113.906 E3.48351
G1 X122.82 Y117.063 E3.63463
G1 X120.208 Y117.063 E3.72302
G1 X124.063 Y113.208 E3.90752
G1 X124.063 Y112.549 E3.92985
G1 X123.012 Y111.499 E3.98012
G1 X123.204 Y111.196 E3.99224
G1 X123.204 Y108.804 E4.07319
G1 X123.012 Y108.501 E4.08531
G1 X124.063 Y107.451 E4.13557
G1 X124.063 Y106.792 E4.1579
G1 X120.208 Y102.937 E4.34241
G1 X122.82 Y102.937 E4.43079
G1 X119.663 Y106.094 E4.58192
G1 X119.111 Y105.858 E4.60224
G1 X118.241 Y106.727 E4.64387
G1 X114.451 Y102.937 E4.8253
G1 X117.063 Y102.937 E4.91368
G1 X112.833 Y107.167 E5.11615
G1 X112.949 Y107.192 E5.12015
G1 X108.694 Y102.937 E5.32379
G1 X111.306 Y102.937 E5.41218
G1 X108.033 Y106.21 E5.56883
G1 X105.774 Y105.774 E5.64672
G1 X102.937 Y102.937 E5.7825
G1 X105.549 Y102.937 E5.87088
G1 X103.207 Y105.279 E5.98296
G1 X102.171 Y105.079 E6.01869
G1 X102.007 Y105.063 E6.02427
G1 X100.785 Y105.063 E6.06563
G1 E4.06563 F2400
G92 E0
G1 X102.234 Y102.937 F7200
G1 E2 F2400
G1 F3600
G1 X99.792 Y102.937 E2.08267
G1 X97.666 Y105.063 E2.18442
G1 X99.306 Y105.063 E2.23993
G1 X97.18 Y102.937 E2.34167
G1 X95.937 Y102.937 E2.38375
G1 X95.937 Y104.137 E2.42435
M106 S221.85
;LAYER_CHANGE
;Z:5.4
;HEIGHT:0.2
G1 Z5.4 F7200
G1 E.42435 F2400
G92 E0
G1 X120.578 Y109.478 F7200
G1 E2 F2400
;TYPE:Perimeter
;WIDTH:0.449999
G1 X120.503 Y109.341 E2.0053
G1 X120.24 Y109.146 E2.01637
G1 X119.516 Y108.872 E2.04258
G1 X118.487 Y108.591 E2.07869
G1 X116.648 Y108.171 E2.14253
G1 X112.339 Y107.296 E2.29136
G1 X102.117 Y105.339 E2.64365
G1 X95.632 Y105.328 E2.86315
G1 X95.632 Y102.632 E2.95442
G1 X124.368 Y102.632 E3.92709
G1 X124.368 Y117.368 E4.42588
G1 X95.632 Y117.368 E5.39855
G1 X95.632 Y114.672 E5.48982
G1 X102.117 Y114.661 E5.70932
G1 X112.339 Y112.704 E6.06161
G1 X116.633 Y111.832 E6.20994
G1 X117.738 Y111.587 E6.24823
G1 X119.038 Y111.266 E6.29357
G1 X119.764 Y111.047 E6.31924
G1 X120.254 Y110.849 E6.33712
G1 X120.509 Y110.652 E6.34802
G1 X120.599 Y110.483 E6.3545
G1 X120.632 Y110.284 E6.36133
G1 X120.632 Y109.716 E6.38055
G1 X120.601 Y109.533 E6.38685
G1 X120.213 Y109.648 F7200
;TYPE:External perimeter
G1 F1800
G1 X120.094 Y109.526 E6.39262
G1 X119.408 Y109.264 E6.41747
G1 X118.396 Y108.988 E6.45299
G1 X116.553 Y108.567 E6.517
G1 X112.265 Y107.696 E6.66509
G1 X102.04 Y105.739 E7.01746
G1 X95.225 Y105.735 E7.24815
G1 X95.225 Y102.225 E7.36698
G1 X124.775 Y102.225 E8.36721
G1 X124.775 Y117.775 E8.89356
G1 X95.225 Y117.775 E9.89379
G1 X95.225 Y114.265 E10.01262
G1 X102.037 Y114.261 E10.2432
G1 X112.263 Y112.304 E10.5956
G1 X116.552 Y111.433 E10.74377
G1 X117.64 Y111.192 E10.78149
G1 X118.941 Y110.871 E10.82683
G1 X119.665 Y110.651 E10.85246
G1 X120.184 Y110.407 E10.87186
G1 X120.225 Y110.284 E10.87624
G1 X120.214 Y109.708 E10.89573
G1 X120.302 Y109.502 F7200
G1 E8.89573 F2400
G92 E0
G1 X123.248 Y107.264 F7200
G1 E2 F2400
;TYPE:Solid infill
;WIDTH:0.459543
G1 F3000
G1 X122.081 Y106.098 E2.05715
G1 X121.726 Y105.799 E2.07324
G1 X121.455 Y105.604 E2.0848
G1 X121.064 Y105.365 E2.10068
G1 X120.484 Y105.09 E2.12291
G1 X123.411 Y108.016 E2.26629
G1 X123.532 Y108.346 E2.27846
G1 X123.674 Y108.869 E2.29723
G1 X119.632 Y104.826 E2.49528
G1 X118.938 Y104.722 E2.51957
G1 X123.778 Y109.562 E2.75669
G1 X123.794 Y110.167 E2.77765
G1 X118.631 Y105.004 E3.0306
G1 X118.336 Y105.299 E3.04503
G1 X123.748 Y110.711 E3.31017
G1 X123.657 Y111.208 E3.3277
G1 X118.042 Y105.593 E3.60279
G1 X117.747 Y105.888 E3.61723
G1 X123.527 Y111.668 E3.90039
G1 X123.364 Y112.094 E3.9162
G1 X120.929 Y109.659 E4.0355
G1 X120.886 Y109.41 E4.04425
G1 X120.745 Y109.153 E4.05442
G1 X120.554 Y108.97 E4.0636
G1 X120.355 Y108.863 E4.07142
G1 X119.999 Y108.729 E4.0846
G1 X117.453 Y106.183 E4.20934
G1 X117.158 Y106.477 E4.22377
G1 X119.131 Y108.45 E4.32044
G1 X118.334 Y108.243 E4.34896
G1 X116.863 Y106.772 E4.42103
G1 X116.569 Y107.066 E4.43546
G1 X117.571 Y108.069 E4.48457
G1 X116.808 Y107.895 E4.51169
G1 X116.274 Y107.361 E4.53784
G1 X115.98 Y107.656 E4.55228
G1 X116.3 Y107.976 E4.56796
G1 E2.56796 F2400
G92 E0
G1 X120.748 Y110.067 F7200
G1 E2 F2400
G1 F3000
G1 X123.173 Y112.492 E2.11879
G1 X122.955 Y112.864 E2.13371
G1 X120.814 Y110.723 E2.23861
G1 X120.754 Y110.836 E2.24305
G1 X120.539 Y111.036 E2.25324
G1 X122.712 Y113.21 E2.35972
G1 X122.446 Y113.533 E2.37422
G1 X120.139 Y111.226 E2.48724
G1 X119.705 Y111.381 E2.5032
G1 X122.156 Y113.832 E2.62326
G1 X121.878 Y114.08 E2.63617
G1 X121.843 Y114.108 E2.63772
G1 X119.255 Y111.52 E2.7645
G1 X118.788 Y111.642 E2.78123
G1 X121.506 Y114.361 E2.91442
G1 X121.292 Y114.501 E2.92332
G1 X121.145 Y114.588 E2.92923
G1 X118.315 Y111.759 E3.06784
G1 X117.843 Y111.876 E3.08469
G1 X120.758 Y114.791 E3.22751
G1 X120.592 Y114.866 E3.23382
G1 X120.343 Y114.965 E3.2431
G1 X117.361 Y111.983 E3.38919
G1 X116.879 Y112.09 E3.4063
G1 X119.897 Y115.108 E3.55416
G1 X119.416 Y115.216 E3.57125
G1 X116.237 Y112.037 E3.727
G1 E1.727 F2400
G92 E0
G1 X117.956 Y115.477 F7200
G1 E2 F2400
;TYPE:Bridge infill
;WIDTH:0.406459
;HEIGHT:0.4
M106 S255
G1 F3600
G1 X114.979 Y112.501 E2.22706
G1 X114.443 Y112.61 E2.25659
G1 X117.108 Y115.275 E2.45989
G1 X116.462 Y115.275 E2.49471
G1 X113.906 Y112.719 E2.68969
G1 X113.37 Y112.828 E2.71923
G1 X115.816 Y115.275 E2.90589
G1 X115.171 Y115.275 E2.94071
G1 X112.833 Y112.937 E3.11906
G1 X112.296 Y113.045 E3.14864
G1 X114.525 Y115.275 E3.31874
G1 X113.88 Y115.275 E3.35357
G1 X111.754 Y113.149 E3.51576
G1 X111.212 Y113.253 E3.54552
G1 X113.234 Y115.275 E3.69981
G1 X112.973 Y115.275 E3.71388
G1 X113.013 Y115.699 E3.73684
G1 X110.67 Y113.356 E3.91555
G1 X110.519 Y113.385 E3.92384
G1 X110.567 Y113.898 E3.95164
G1 X113.078 Y116.41 E4.14326
G1 X113.098 Y116.625 E4.1549
G1 X112.648 Y116.625 E4.1792
G1 X110.632 Y114.61 E4.33296
G1 X110.698 Y115.321 E4.37149
G1 X112.002 Y116.625 E4.47098
G1 X111.357 Y116.625 E4.5058
G1 X110.54 Y115.808 E4.56813
M106 S221.85
G1 X112.009 Y117.063 F7200
;TYPE:Internal infill
;WIDTH:0.45
;HEIGHT:0.2
G1 F3600
G1 X114.451 Y117.063 E4.6508
G1 X115.81 Y115.704 E4.71586
G1 X115.704 Y115.704 E4.71948
G1 X117.063 Y117.063 E4.78454
G1 X119.505 Y117.063 E4.86721
G1 X118.558 Y115.703 F7200
G1 F3600
G1 X119.11 Y115.671 E4.88595
G1 X119.674 Y115.582 E4.90526
G1 X120.219 Y115.438 E4.92435
G1 X120.921 Y115.164 E4.94985
G1 X122.82 Y117.063 E5.04073
G1 X120.208 Y117.063 E5.12912
G1 X124.063 Y113.208 E5.31362
G1 X124.063 Y112.549 E5.33595
G1 X123.747 Y112.233 E5.35105
G1 X123.46 Y112.815 E5.37302
G1 X123.155 Y113.295 E5.39226
G1 X122.75 Y113.804 E5.41428
G1 X122.347 Y114.211 E5.43368
G1 E3.43368 F2400
G92 E0
G1 X122.347 Y105.789 F7200
G1 E2 F2400
G1 F3600
G1 X122.75 Y106.196 E2.01941
G1 X123.154 Y106.703 E2.04135
G1 X123.459 Y107.183 E2.0606
G1 X123.747 Y107.767 E2.08264
G1 X124.063 Y107.451 E2.09773
G1 X124.063 Y106.792 E2.12006
G1 X120.208 Y102.937 E2.30456
G1 X122.82 Y102.937 E2.39295
G1 X120.921 Y104.836 E2.48384
G1 X120.219 Y104.562 E2.50934
G1 X119.669 Y104.417 E2.52858
G1 X119.108 Y104.329 E2.54783
G1 X118.558 Y104.297 E2.56647
G1 X117.891 Y104.523 F7200
;TYPE:Bridge infill
;WIDTH:0.40117
;HEIGHT:0.4
M106 S255
G1 F3600
G1 X118.199 Y104.83 E2.58933
G1 X117.88 Y105.149 E2.61304
G1 X117.456 Y104.725 E2.64455
G1 X116.818 Y104.725 E2.67809
G1 X117.561 Y105.468 E2.73331
G1 X117.242 Y105.787 E2.75702
G1 X116.18 Y104.725 E2.83596
G1 X115.542 Y104.725 E2.86949
G1 X116.923 Y106.106 E2.97215
G1 X116.604 Y106.425 E2.99585
G1 X114.904 Y104.725 E3.12222
G1 X114.266 Y104.725 E3.15575
G1 X116.285 Y106.744 E3.30582
G1 X115.966 Y107.063 E3.32953
G1 X113.425 Y104.522 E3.51837
M106 S221.85
G1 X113.269 Y103.728 F7200
M106 S255
G1 F3600
G1 X112.915 Y103.375 E3.54464
G1 X112.277 Y103.375 E3.57817
G1 X113.215 Y104.312 E3.64784
M106 S221.85
G1 E1.64784 F2400
G92 E0
G1 X111.437 Y103.172 F7200
G1 E2 F2400
M106 S255
G1 F3600
G1 X115.647 Y107.382 E2.31288
G1 X115.438 Y107.592 E2.32843
G1 X115.162 Y107.536 E2.3432
G1 X111.001 Y103.375 E2.65243
G1 X110.819 Y103.375 E2.66202
G1 X110.78 Y103.792 E2.68403
G1 X114.361 Y107.373 E2.95018
G1 X113.561 Y107.21 E2.99312
G1 X110.726 Y104.376 E3.20377
G1 X110.672 Y104.96 E3.23459
G1 X112.76 Y107.048 E3.38975
G1 X111.966 Y106.892 E3.43228
G1 X110.618 Y105.544 E3.53243
G1 X110.564 Y106.128 E3.56325
G1 X111.432 Y106.996 E3.62771
M106 S221.85
G1 E1.62771 F2400
G92 E0
G1 X112.009 Y102.937 F7200
G1 E2 F2400
;TYPE:Internal infill
;WIDTH:0.45
;HEIGHT:0.2
G1 F3600
G1 X114.451 Y102.937 E2.08267
G1 X115.81 Y104.296 E2.14773
G1 X115.704 Y104.296 E2.15135
G1 X117.063 Y102.937 E2.21641
G1 X119.505 Y102.937 E2.29909
G1 E.29909 F2400
G92 E0
G1 X113.552 Y103.117 F7200
G1 E2 F2400
G1 F3600
G1 X113.568 Y102.946 E2.00578
G1 X108.694 Y102.937 E2.17076
G1 X110.282 Y104.525 E2.24676
G1 X110.34 Y103.903 E2.26789
G1 X108.074 Y106.169 E2.37633
G1 X105.718 Y105.718 E2.45755
G1 X102.937 Y102.937 E2.59063
G1 X105.549 Y102.937 E2.67902
G1 X103.242 Y105.244 E2.78943
G1 X102.169 Y105.039 E2.8264
G1 X102.007 Y105.023 E2.83193
G1 X100.82 Y105.023 E2.87211
G1 E.87211 F2400
G92 E0
G1 X102.234 Y102.937 F7200
G1 E2 F2400
G1 F3600
G1 X99.792 Y102.937 E2.08267
G1 X97.706 Y105.023 E2.18252
G1 X99.266 Y105.023 E2.23533
G1 X97.18 Y102.937 E2.33517
G1 X95.937 Y102.937 E2.37724
G1 X95.937 Y104.137 E2.41784
G1 E.41784 F2400
G92 E0
G1 X95.937 Y115.863 F7200
G1 E2 F2400
G1 F3600
G1 X95.937 Y117.063 E2.0406
G1 X97.18 Y117.063 E2.08267
G1 X99.273 Y114.97 E2.18284
G1 X97.702 Y114.973 E2.23599
G1 X99.792 Y117.063 E2.33601
G1 X102.234 Y117.063 E2.41868
G1 E.41868 F2400
G92 E0
G1 X100.819 Y114.967 F7200
G1 E2 F2400
G1 F3600
G1 X102.152 Y114.965 E2.04512
G1 X103.242 Y114.756 E2.08267
G1 X105.549 Y117.063 E2.19309
G1 X102.937 Y117.063 E2.28148
G1 X105.718 Y114.282 E2.41457
G1 X108.074 Y113.831 E2.49578
G1 X110.339 Y116.096 E2.60421
G1 X110.282 Y115.475 E2.62534
G1 X108.694 Y117.063 E2.70134
G1 X113.568 Y117.054 E2.86631
G1 X113.552 Y116.883 E2.87209
;LAYER_CHANGE
;Z:5.6
;HEIGHT:0.2
G1 Z5.6 F7200
G1 E.87209 F2400
G92 E0
G1 X120.624 Y109.366 F7200
G1 E2 F2400
;TYPE:Perimeter
;WIDTH:0.449999
G1 X120.607 Y109.25 E2.00398
G1 X120.436 Y108.976 E2.0149
G1 X120.158 Y108.829 E2.02557
G1 X118.797 Y108.518 E2.0728
G1 X115.712 Y107.891 E2.17936
G1 X102.116 Y105.309 E2.6478
G1 X95.632 Y105.299 E2.86727
G1 X95.632 Y102.632 E2.95754
G1 X124.368 Y102.632 E3.93021
G1 X124.368 Y117.368 E4.429
G1 X95.632 Y117.368 E5.40167
G1 X95.632 Y114.701 E5.49194
G1 X102.116 Y114.691 E5.71141
G1 X115.712 Y112.109 E6.17985
G1 X118.783 Y111.485 E6.2859
G1 X120.158 Y111.171 E6.33364
G1 X120.436 Y111.024 E6.34431
G1 X120.607 Y110.75 E6.35523
G1 X120.632 Y110.576 E6.36118
G1 X120.632 Y109.426 E6.40011
G1 X120.225 Y109.424 F7200
;TYPE:External perimeter
G1 F1800
G1 X120.193 Y109.315 E6.40397
G1 X120.067 Y109.226 E6.4092
G1 X118.702 Y108.914 E6.4566
G1 X115.639 Y108.291 E6.56238
G1 X102.04 Y105.709 E7.03092
G1 X95.225 Y105.706 E7.2616
G1 X95.225 Y102.225 E7.37942
G1 X124.775 Y102.225 E8.37965
G1 X124.775 Y117.775 E8.906
G1 X95.225 Y117.775 E9.90623
G1 X95.225 Y114.294 E10.02405
G1 X102.037 Y114.291 E10.25464
G1 X115.637 Y111.709 E10.72318
G1 X118.702 Y111.086 E10.82905
G1 X120.067 Y110.774 E10.87645
G1 X120.16 Y110.725 E10.88001
G1 X120.225 Y110.576 E10.88553
G1 X120.225 Y109.484 E10.92248
G1 X120.312 Y109.351 F7200
G1 E8.92248 F2400
G92 E0
G1 X122.347 Y105.789 F7200
G1 E2 F2400
;TYPE:Internal infill
;WIDTH:0.45
G1 F3600
G1 X122.75 Y106.196 E2.01941
G1 X123.154 Y106.703 E2.04135
G1 X123.459 Y107.183 E2.0606
G1 X123.747 Y107.767 E2.08264
G1 X124.063 Y107.451 E2.09773
G1 X124.063 Y106.792 E2.12006
G1 X120.208 Y102.937 E2.30456
G1 X122.82 Y102.937 E2.39295
G1 X120.921 Y104.836 E2.48384
G1 X120.219 Y104.562 E2.50934
G1 X119.669 Y104.417 E2.52858
G1 X119.108 Y104.329 E2.54783
G1 X118.558 Y104.297 E2.56647
G1 X119.505 Y102.937 F7200
G1 F3600
G1 X117.063 Y102.937 E2.64915
G1 X115.704 Y104.296 E2.71421
G1 X115.81 Y104.296 E2.71783
G1 X114.451 Y102.937 E2.78288
G1 X112.009 Y102.937 E2.86556
G1 X113.552 Y103.117 F7200
G1 F3600
G1 X113.568 Y102.946 E2.87134
G1 X108.694 Y102.937 E3.03632
G1 X110.282 Y104.525 E3.11232
G1 X110.34 Y103.903 E3.13345
G1 X108.107 Y106.136 E3.24033
G1 X110.098 Y106.514 E3.30894
G1 X110.136 Y106.1 E3.323
G1 E1.323 F2400
G92 E0
G1 X107.991 Y102.937 F7200
G1 E2 F2400
G1 F3600
G1 X105.549 Y102.937 E2.08267
G1 X103.269 Y105.218 E2.19182
G1 X105.674 Y105.674 E2.27471
G1 X102.937 Y102.937 E2.40573
G1 X99.792 Y102.937 E2.5122
G1 X97.736 Y104.993 E2.61063
G1 X99.236 Y104.993 E2.66143
G1 X97.18 Y102.937 E2.75985
G1 X95.937 Y102.937 E2.80193
G1 X95.937 Y104.137 E2.84253
G1 E.84253 F2400
G92 E0
G1 X95.937 Y115.863 F7200
G1 E2 F2400
G1 F3600
G1 X95.937 Y117.063 E2.0406
G1 X97.18 Y117.063 E2.08267
G1 X99.243 Y115 E2.18141
G1 X97.732 Y115.003 E2.23256
G1 X99.792 Y117.063 E2.33116
G1 X102.937 Y117.063 E2.43764
G1 X105.674 Y114.326 E2.56866
G1 X103.268 Y114.782 E2.65155
G1 X105.549 Y117.063 E2.7607
G1 X107.991 Y117.063 E2.84338
G1 E.84338 F2400
G92 E0
G1 X110.136 Y113.9 F7200
G1 E2 F2400
G1 F3600
G1 X110.098 Y113.486 E2.01407
G1 X108.107 Y113.864 E2.08267
G1 X110.339 Y116.096 E2.18955
G1 X110.282 Y115.475 E2.21067
G1 X108.694 Y117.063 E2.28667
G1 X113.568 Y117.054 E2.45164
G1 X113.552 Y116.883 E2.45743
G1 X112.009 Y117.063 F7200
G1 F3600
G1 X114.451 Y117.063 E2.5401
G1 X115.81 Y115.704 E2.60516
G1 X115.704 Y115.704 E2.60878
G1 X117.063 Y117.063 E2.67384
G1 X119.505 Y117.063 E2.75651
G1 X118.558 Y115.703 F7200
G1 F3600
G1 X119.11 Y115.671 E2.77524
G1 X119.674 Y115.582 E2.79456
G1 X120.219 Y115.438 E2.81364
G1 X120.921 Y115.164 E2.83915
G1 X122.82 Y117.063 E2.93003
G1 X120.208 Y117.063 E3.01842
G1 X124.063 Y113.208 E3.20292
G1 X124.063 Y112.549 E3.22525
G1 X123.747 Y112.233 E3.24035
G1 X123.46 Y112.815 E3.26231
G1 X123.155 Y113.295 E3.28156
G1 X122.75 Y113.804 E3.30357
G1 X122.347 Y114.211 E3.32298
G1 X123.24 Y112.75 F7200
;TYPE:Solid infill
;WIDTH:0.451131
G1 F3000
G1 X122.128 Y113.859 E3.37629
G1 X121.726 Y114.201 E3.39421
G1 X121.455 Y114.396 E3.40554
G1 X121.064 Y114.635 E3.4211
G1 X120.514 Y114.898 E3.4418
G1 X123.398 Y112.015 E3.58024
G1 X123.532 Y111.654 E3.5933
G1 X123.666 Y111.169 E3.61037
G1 X119.67 Y115.165 E3.80216
G1 X118.983 Y115.274 E3.82577
G1 X123.774 Y110.484 E4.05571
G1 X123.795 Y109.885 E4.07605
G1 X118.384 Y115.296 E4.33581
G1 X117.807 Y115.296 E4.3554
G1 X123.756 Y109.347 E4.64099
G1 X123.671 Y108.855 E4.65795
G1 X117.229 Y115.296 E4.96718
G1 X116.652 Y115.296 E4.98678
G1 X123.548 Y108.4 E5.31782
G1 X123.394 Y107.977 E5.33311
G1 X120.937 Y110.434 E5.45104
G1 X120.937 Y110.583 E5.45611
G1 X120.9 Y110.837 E5.46482
G1 X120.795 Y111.068 E5.47342
G1 X120.645 Y111.248 E5.48139
G1 X120.472 Y111.374 E5.48864
G1 X120.233 Y111.467 E5.49736
G1 X119.807 Y111.564 E5.5122
G1 X116.075 Y115.296 E5.69135
G1 X115.497 Y115.296 E5.71094
G1 X119.058 Y111.736 E5.88187
G1 X118.327 Y111.89 E5.90724
G1 X114.92 Y115.296 E6.07078
G1 X114.343 Y115.296 E6.09038
G1 X117.603 Y112.037 E6.24685
G1 X116.878 Y112.184 E6.27195
G1 X113.582 Y115.48 E6.43015
G1 X113.279 Y116.36 F7200
G1 F3000
G1 X112.993 Y116.646 E6.4439
G1 X112.415 Y116.646 E6.4635
G1 X113.23 Y115.832 E6.50262
G1 X111.655 Y116.83 F7200
G1 F3000
G1 X116.154 Y112.331 E6.71856
G1 X115.435 Y112.473 E6.74343
G1 X111.261 Y116.646 E6.94378
G1 X110.799 Y116.646 E6.95946
G1 X110.789 Y116.541 E6.96306
G1 X114.722 Y112.608 E7.15185
G1 X114.01 Y112.743 E7.17647
G1 X110.74 Y116.012 E7.33339
G1 X110.692 Y115.484 E7.3514
G1 X113.297 Y112.878 E7.47647
G1 X112.584 Y113.014 E7.50108
G1 X110.643 Y114.955 E7.59429
G1 X110.594 Y114.427 E7.6123
G1 X111.872 Y113.149 E7.67364
G1 X111.159 Y113.284 E7.69826
G1 X110.377 Y114.067 E7.73582
G1 E5.73582 F2400
G92 E0
G1 X120.754 Y110.04 F7200
G1 E2 F2400
G1 F3000
G1 X123.212 Y107.582 E2.11799
G1 X123.003 Y107.213 E2.13236
G1 X120.92 Y109.297 E2.23237
G1 X120.9 Y109.163 E2.23696
G1 X120.795 Y108.932 E2.24556
G1 X120.755 Y108.884 E2.24769
G1 X122.771 Y106.868 E2.34446
G1 X122.515 Y106.547 E2.35841
G1 X120.447 Y108.615 E2.4577
G1 X120.304 Y108.552 E2.46301
G1 X120.002 Y108.483 E2.47352
G1 X122.237 Y106.248 E2.58081
G1 X121.937 Y105.97 E2.59468
G1 X119.533 Y108.374 E2.71008
G1 X119.064 Y108.266 E2.72642
G1 X121.614 Y105.716 E2.84881
G1 X121.268 Y105.485 E2.86293
G1 X118.589 Y108.164 E2.99154
G1 X118.109 Y108.066 E3.00816
G1 X120.897 Y105.278 E3.14201
G1 X120.502 Y105.097 E3.15679
G1 X117.629 Y107.969 E3.29467
G1 X117.149 Y107.871 E3.31129
G1 X120.077 Y104.944 E3.45182
G1 X119.62 Y104.824 E3.46786
G1 X116.67 Y107.774 E3.60948
G1 X116.19 Y107.676 E3.6261
G1 X119.125 Y104.741 E3.76699
G1 X118.584 Y104.705 E3.78539
G1 X115.709 Y107.58 E3.92339
G1 X115.224 Y107.487 E3.94015
G1 X118.008 Y104.704 E4.07378
G1 X117.431 Y104.704 E4.09337
G1 X114.739 Y107.395 E4.22258
G1 X114.254 Y107.303 E4.23935
G1 X116.853 Y104.704 E4.36413
G1 X116.276 Y104.704 E4.38373
G1 X113.769 Y107.211 E4.50409
G1 X113.284 Y107.119 E4.52086
G1 X115.699 Y104.704 E4.6368
G1 X115.122 Y104.704 E4.6564
G1 X112.798 Y107.027 E4.76792
G1 X112.313 Y106.935 E4.78468
G1 X114.544 Y104.704 E4.89178
G1 X113.967 Y104.704 E4.91138
G1 X111.828 Y106.843 E5.01406
G1 X111.343 Y106.75 E5.03082
G1 X113.39 Y104.704 E5.12908
G1 X112.997 Y104.704 E5.14241
G1 X113.016 Y104.5 E5.14934
G1 X110.858 Y106.658 E5.25294
G1 X110.5 Y106.59 E5.2653
G1 X110.515 Y106.423 E5.271
G1 X113.075 Y103.864 E5.39384
G1 X113.122 Y103.354 E5.41125
G1 X113.008 Y103.354 E5.41511
G1 X110.574 Y105.787 E5.53193
G1 X110.633 Y105.151 E5.55361
G1 X112.431 Y103.354 E5.6399
G1 X111.853 Y103.354 E5.65949
G1 X110.692 Y104.515 E5.71525
G1 X110.751 Y103.879 E5.73693
G1 X111.459 Y103.17 E5.77094
;LAYER_CHANGE
;Z:5.8
;HEIGHT:0.2
G1 Z5.8 F7200
G1 E3.77094 F2400
G92 E0
G1 X120.62 Y109.225 F7200
G1 E2 F2400
;TYPE:Perimeter
;WIDTH:0.449999
G1 X120.594 Y109.084 E2.00486
G1 X120.494 Y108.909 E2.01169
G1 X120.36 Y108.787 E2.01781
G1 X120.138 Y108.696 E2.02594
G1 X116.907 Y108.065 E2.13739
G1 X102.115 Y105.29 E2.64683
G1 X95.632 Y105.279 E2.86625
G1 X95.632 Y102.632 E2.95585
G1 X124.368 Y102.632 E3.92852
G1 X124.368 Y117.368 E4.42731
G1 X95.632 Y117.368 E5.39998
G1 X95.632 Y114.721 E5.48958
G1 X102.115 Y114.71 E5.70901
G1 X116.903 Y111.936 E6.2183
G1 X120.138 Y111.304 E6.32989
G1 X120.22 Y111.282 E6.33277
G1 X120.494 Y111.091 E6.34407
G1 X120.594 Y110.916 E6.3509
G1 X120.632 Y110.705 E6.35816
G1 X120.63 Y109.284 E6.40624
G1 X120.225 Y109.295 F7200
;TYPE:External perimeter
G1 F1800
G1 X120.179 Y109.166 E6.41086
G1 X120.06 Y109.095 E6.41554
G1 X116.829 Y108.465 E6.52699
G1 X102.04 Y105.69 E7.03633
G1 X95.225 Y105.686 E7.26699
G1 X95.225 Y102.225 E7.38415
G1 X124.775 Y102.225 E8.38438
G1 X124.775 Y117.775 E8.91073
G1 X95.225 Y117.775 E9.91096
G1 X95.225 Y114.314 E10.02811
G1 X102.037 Y114.311 E10.2587
G1 X116.828 Y111.535 E10.76807
G1 X120.06 Y110.905 E10.87957
G1 X120.179 Y110.834 E10.88425
G1 X120.225 Y110.705 E10.88887
G1 X120.225 Y109.355 E10.93456
G1 X120.326 Y109.203 F7200
G1 E8.93456 F2400
G92 E0
G1 X123.24 Y107.25 F7200
G1 E2 F2400
;TYPE:Solid infill
;WIDTH:0.451133
G1 F3000
G1 X122.128 Y106.141 E2.05331
G1 X121.726 Y105.799 E2.07123
G1 X121.455 Y105.604 E2.08256
G1 X121.064 Y105.365 E2.09812
G1 X120.514 Y105.101 E2.11883
G1 X123.398 Y107.986 E2.25728
G1 X123.532 Y108.346 E2.27034
G1 X123.666 Y108.831 E2.28741
G1 X119.67 Y104.835 E2.47921
G1 X118.983 Y104.726 E2.50282
G1 X123.774 Y109.516 E2.73277
G1 X123.795 Y110.115 E2.75311
G1 X118.384 Y104.704 E3.01287
G1 X117.807 Y104.704 E3.03247
G1 X123.756 Y110.653 E3.31806
G1 X123.671 Y111.145 E3.33502
G1 X117.229 Y104.704 E3.64425
G1 X116.652 Y104.704 E3.66384
G1 X123.548 Y111.6 E3.99489
G1 X123.394 Y112.023 E4.01017
G1 X120.937 Y109.566 E4.1281
G1 X120.937 Y110.144 E4.14769
G1 X123.212 Y112.418 E4.25689
G1 X123.003 Y112.787 E4.27126
G1 X120.936 Y110.72 E4.37047
G1 X120.924 Y110.863 E4.37536
G1 X120.88 Y111.025 E4.38105
G1 X120.802 Y111.163 E4.38642
G1 X122.771 Y113.132 E4.48095
G1 X122.515 Y113.453 E4.4949
G1 X120.53 Y111.468 E4.59021
G1 X120.323 Y111.57 E4.59804
G1 X120.106 Y111.622 E4.6056
G1 X122.237 Y113.753 E4.7079
G1 X121.937 Y114.03 E4.72176
G1 X119.623 Y111.716 E4.83284
G1 X119.14 Y111.81 E4.84954
G1 X121.614 Y114.284 E4.96829
G1 X121.268 Y114.515 E4.98241
G1 X118.657 Y111.904 E5.10775
G1 X118.174 Y111.999 E5.12446
G1 X120.897 Y114.722 E5.25519
G1 X120.501 Y114.903 E5.26997
G1 X117.691 Y112.093 E5.40488
G1 X117.208 Y112.187 E5.42159
G1 X120.077 Y115.056 E5.55932
G1 X119.62 Y115.176 E5.57536
G1 X116.723 Y112.28 E5.7144
G1 X116.237 Y112.371 E5.73119
G1 X119.125 Y115.259 E5.86981
G1 X119.065 Y115.266 E5.87187
G1 X118.584 Y115.295 E5.88821
G1 X115.751 Y112.462 E6.0242
G1 X115.265 Y112.553 E6.04099
G1 X118.008 Y115.296 E6.17265
G1 X117.431 Y115.296 E6.19225
G1 X114.779 Y112.645 E6.31954
G1 X114.293 Y112.736 E6.33633
G1 X116.853 Y115.296 E6.45924
G1 X116.276 Y115.296 E6.47884
G1 X113.807 Y112.827 E6.59737
G1 X113.334 Y112.916 E6.61371
G1 X113.335 Y112.933 E6.61429
G1 X115.699 Y115.296 E6.72775
G1 X115.122 Y115.296 E6.74734
G1 X112.854 Y113.029 E6.85619
G1 X112.789 Y113.041 E6.85845
G1 X112.786 Y113.019 E6.85921
G1 X112.349 Y113.101 E6.87434
G1 X114.544 Y115.296 E6.97974
G1 X113.967 Y115.296 E6.99933
G1 X111.862 Y113.192 E7.10035
G1 X111.376 Y113.283 E7.11714
G1 X113.39 Y115.296 E7.21378
G1 X112.997 Y115.296 E7.22711
G1 X113.016 Y115.5 E7.23405
G1 X110.89 Y113.374 E7.33608
G1 X110.503 Y113.447 E7.34944
G1 X110.515 Y113.577 E7.35387
G1 X113.075 Y116.136 E7.47671
G1 X113.122 Y116.646 E7.49411
G1 X113.008 Y116.646 E7.49798
G1 X110.574 Y114.213 E7.6148
G1 X110.633 Y114.849 E7.63648
G1 X112.43 Y116.646 E7.72277
G1 X111.853 Y116.646 E7.74236
G1 X110.692 Y115.485 E7.79811
G1 X110.751 Y116.121 E7.81979
G1 X111.459 Y116.83 E7.8538
G1 E5.8538 F2400
G92 E0
G1 X119.895 Y108.524 F7200
G1 E2 F2400
G1 F3000
G1 X116.075 Y104.704 E2.18339
G1 X115.497 Y104.704 E2.20298
G1 X118.946 Y108.152 E2.36852
G1 X118.229 Y108.012 E2.39332
G1 X114.92 Y104.704 E2.55214
G1 X114.343 Y104.704 E2.57174
G1 X117.511 Y107.872 E2.72384
G1 X116.796 Y107.734 E2.74858
G1 X113.582 Y104.52 E2.90283
G1 X113.279 Y103.64 F7200
G1 F3000
G1 X112.993 Y103.354 E2.91659
G1 X112.415 Y103.354 E2.93618
G1 X113.23 Y104.169 E2.97531
G1 X111.655 Y103.17 F7200
G1 F3000
G1 X116.085 Y107.6 E3.18796
G1 X115.374 Y107.467 E3.2125
G1 X111.261 Y103.354 E3.40996
G1 X110.799 Y103.354 E3.42563
G1 X110.789 Y103.459 E3.42924
G1 X114.664 Y107.334 E3.61522
G1 X113.953 Y107.2 E3.63976
G1 X110.741 Y103.988 E3.79396
G1 X110.692 Y104.516 E3.81198
G1 X113.214 Y107.038 E3.93304
G1 X112.789 Y106.959 E3.94771
G1 X112.786 Y106.981 E3.94848
G1 X112.532 Y106.934 E3.95728
G1 X110.643 Y105.045 E4.04794
G1 X110.594 Y105.573 E4.06596
G1 X111.821 Y106.8 E4.12486
G1 X111.11 Y106.667 E4.1494
G1 X110.377 Y105.933 E4.18462
G1 X110.142 Y106.038 F7200
;TYPE:Internal infill
;WIDTH:0.45
G1 F3600
G1 X110.102 Y106.478 E4.19954
G1 X108.135 Y106.109 E4.26729
G1 X110.34 Y103.903 E4.37284
G1 X110.282 Y104.525 E4.39397
G1 X108.694 Y102.937 E4.46998
G1 X113.568 Y102.946 E4.63495
G1 X113.552 Y103.117 E4.64073
G1 X112.009 Y102.937 F7200
G1 F3600
G1 X114.451 Y102.937 E4.72341
G1 X115.81 Y104.296 E4.78847
G1 X115.704 Y104.296 E4.79209
G1 X117.063 Y102.937 E4.85715
G1 X119.505 Y102.937 E4.93982
G1 X118.558 Y104.297 F7200
G1 F3600
G1 X119.108 Y104.329 E4.95846
G1 X119.669 Y104.417 E4.97771
G1 X120.219 Y104.562 E4.99696
G1 X120.921 Y104.836 E5.02246
G1 X122.82 Y102.937 E5.11334
G1 X120.208 Y102.937 E5.20173
G1 X124.063 Y106.792 E5.38623
G1 X124.063 Y107.451 E5.40856
G1 X123.747 Y107.767 E5.42366
G1 X123.459 Y107.183 E5.44569
G1 X123.154 Y106.703 E5.46494
G1 X122.75 Y106.196 E5.48689
G1 X122.347 Y105.789 E5.50629
G1 E3.50629 F2400
G92 E0
G1 X122.347 Y114.211 F7200
G1 E2 F2400
G1 F3600
G1 X122.75 Y113.804 E2.01941
G1 X123.155 Y113.295 E2.04142
G1 X123.46 Y112.815 E2.06067
G1 X123.747 Y112.233 E2.08264
G1 X124.063 Y112.549 E2.09773
G1 X124.063 Y113.208 E2.12006
G1 X120.208 Y117.063 E2.30456
G1 X122.82 Y117.063 E2.39295
G1 X120.921 Y115.164 E2.48384
G1 X120.219 Y115.438 E2.50934
G1 X119.674 Y115.582 E2.52842
G1 X119.11 Y115.671 E2.54774
G1 X118.558 Y115.703 E2.56647
G1 X119.505 Y117.063 F7200
G1 F3600
G1 X117.063 Y117.063 E2.64915
G1 X115.704 Y115.704 E2.71421
G1 X115.81 Y115.704 E2.71782
G1 X114.451 Y117.063 E2.78288
G1 X112.009 Y117.063 E2.86556
G1 X113.552 Y116.883 F7200
G1 F3600
G1 X113.568 Y117.054 E2.87134
G1 X108.694 Y117.063 E3.03631
G1 X110.282 Y115.475 E3.11231
G1 X110.339 Y116.096 E3.13344
G1 X108.134 Y113.891 E3.23898
G1 X110.102 Y113.522 E3.30673
G1 X110.142 Y113.962 E3.32166
G1 E1.32166 F2400
G92 E0
G1 X107.991 Y117.063 F7200
G1 E2 F2400
G1 F3600
G1 X105.549 Y117.063 E2.08267
G1 X103.287 Y114.801 E2.19094
G1 X105.641 Y114.359 E2.27199
G1 X102.937 Y117.063 E2.40139
G1 X99.792 Y117.063 E2.50787
G1 X97.752 Y115.023 E2.60552
G1 X99.223 Y115.02 E2.65534
G1 X97.18 Y117.063 E2.75314
G1 X95.937 Y117.063 E2.79521
G1 X95.937 Y115.863 E2.83581
G1 E.83581 F2400
G92 E0
G1 X95.937 Y104.137 F7200
G1 E2 F2400
G1 F3600
G1 X95.937 Y102.937 E2.0406
G1 X97.18 Y102.937 E2.08267
G1 X99.217 Y104.974 E2.18015
G1 X97.755 Y104.974 E2.22962
G1 X99.792 Y102.937 E2.3271
G1 X102.937 Y102.937 E2.43358
G1 X105.641 Y105.641 E2.56298
G1 X103.287 Y105.199 E2.64403
G1 X105.549 Y102.937 E2.75229
G1 X107.991 Y102.937 E2.83496
M106 S211.65
;LAYER_CHANGE
;Z:6
;HEIGHT:0.2
G1 Z6 F7200
G1 E.83496 F2400
G92 E0
G1 X120.62 Y109.17 F7200
G1 E2 F2400
;TYPE:Perimeter
;WIDTH:0.449999
G1 X120.595 Y109.03 E2.00481
G1 X120.497 Y108.856 E2.01159
G1 X120.364 Y108.734 E2.01768
G1 X120.133 Y108.639 E2.02613
G1 X102.114 Y105.28 E2.64658
G1 X95.632 Y105.269 E2.86598
G1 X95.632 Y102.632 E2.95524
G1 X124.368 Y102.632 E3.92791
G1 X124.368 Y117.368 E4.4267
G1 X95.632 Y117.368 E5.39938
G1 X95.632 Y114.731 E5.48864
G1 X102.114 Y114.72 E5.70804
G1 X120.133 Y111.361 E6.32849
G1 X120.225 Y111.336 E6.33172
G1 X120.497 Y111.144 E6.34296
G1 X120.595 Y110.97 E6.34974
G1 X120.632 Y110.761 E6.35693
G1 X120.63 Y109.229 E6.40878
G1 X120.225 Y109.239 F7200
;TYPE:External perimeter
G1 F1800
G1 X120.18 Y109.111 E6.41337
G1 X120.059 Y109.039 E6.41814
G1 X102.039 Y105.68 E7.03859
G1 X95.225 Y105.676 E7.26924
G1 X95.225 Y102.225 E7.38607
G1 X124.775 Y102.225 E8.3863
G1 X124.775 Y117.775 E8.91264
G1 X95.225 Y117.775 E9.91288
G1 X95.225 Y114.324 E10.0297
G1 X102.037 Y114.321 E10.26028
G1 X120.059 Y110.961 E10.8808
G1 X120.18 Y110.889 E10.88557
G1 X120.225 Y110.761 E10.89016
G1 X120.225 Y109.299 E10.93964
G1 X120.325 Y109.148 F7200
G1 E8.93964 F2400
G92 E0
G1 X122.347 Y105.789 F7200
G1 E2 F2400
;TYPE:Internal infill
;WIDTH:0.45
G1 F3600
G1 X122.75 Y106.196 E2.01941
G1 X123.154 Y106.703 E2.04135
G1 X123.459 Y107.183 E2.0606
G1 X123.747 Y107.767 E2.08264
G1 X124.063 Y107.451 E2.09773
G1 X124.063 Y106.792 E2.12006
G1 X120.208 Y102.937 E2.30456
G1 X122.82 Y102.937 E2.39295
G1 X120.921 Y104.836 E2.48384
G1 X120.219 Y104.562 E2.50934
G1 X119.669 Y104.417 E2.52858
G1 X119.108 Y104.329 E2.54783
G1 X118.558 Y104.297 E2.56647
G1 X119.505 Y102.937 F7200
G1 F3600
G1 X117.063 Y102.937 E2.64915
G1 X115.704 Y104.296 E2.71421
G1 X115.81 Y104.296 E2.71783
G1 X114.451 Y102.937 E2.78289
G1 X112.009 Y102.937 E2.86556
G1 X112.625 Y104.296 F7200
G1 F3600
G1 X111.659 Y104.296 E2.89827
G1 X111.523 Y105.766 E2.94824
G1 X108.694 Y102.937 E3.08365
G1 X111.306 Y102.937 E3.17204
G1 X108.149 Y106.094 E3.32314
G1 X110.55 Y106.542 E3.40582
G1 E1.40582 F2400
G92 E0
G1 X107.991 Y102.937 F7200
G1 E2 F2400
G1 F3600
G1 X105.549 Y102.937 E2.08267
G1 X103.297 Y105.189 E2.19048
G1 X105.623 Y105.623 E2.27059
G1 X102.937 Y102.937 E2.39916
G1 X99.792 Y102.937 E2.50563
G1 X97.765 Y104.964 E2.60264
G1 X99.207 Y104.964 E2.65144
G1 X97.18 Y102.937 E2.74845
G1 X95.937 Y102.937 E2.79052
G1 X95.937 Y104.137 E2.83113
G1 E.83113 F2400
G92 E0
G1 X95.937 Y115.863 F7200
G1 E2 F2400
G1 F3600
G1 X95.937 Y117.063 E2.0406
G1 X97.18 Y117.063 E2.08267
G1 X99.213 Y115.03 E2.18
G1 X97.761 Y115.032 E2.22915
G1 X99.792 Y117.063 E2.32633
G1 X102.937 Y117.063 E2.43281
G1 X105.623 Y114.377 E2.56138
G1 X103.297 Y114.811 E2.64149
G1 X105.549 Y117.063 E2.7493
G1 X107.991 Y117.063 E2.83197
G1 E.83197 F2400
G92 E0
G1 X112.009 Y117.063 F7200
G1 E2 F2400
G1 F3600
G1 X114.451 Y117.063 E2.08267
G1 X115.81 Y115.704 E2.14773
G1 X115.704 Y115.704 E2.15135
G1 X117.063 Y117.063 E2.21641
G1 X119.505 Y117.063 E2.29908
G1 X118.558 Y115.703 F7200
G1 F3600
G1 X119.11 Y115.671 E2.31782
G1 X119.674 Y115.582 E2.33713
G1 X120.219 Y115.438 E2.35622
G1 X120.921 Y115.164 E2.38172
G1 X122.82 Y117.063 E2.4726
G1 X120.208 Y117.063 E2.56099
G1 X124.063 Y113.208 E2.7455
G1 X124.063 Y112.549 E2.76782
G1 X123.747 Y112.233 E2.78292
G1 X123.46 Y112.815 E2.80489
G1 X123.155 Y113.295 E2.82414
G1 X122.75 Y113.804 E2.84615
G1 X122.347 Y114.211 E2.86556
G1 X123.197 Y112.825 F7200
;TYPE:Top solid infill
;WIDTH:0.404336
G1 F1800
G1 X122.158 Y113.864 E2.90971
G1 X121.894 Y114.099 E2.92034
G1 X121.305 Y114.522 E2.94214
G1 X121.014 Y114.69 E2.95222
G1 X120.64 Y114.872 E2.96473
G1 X123.372 Y112.139 E3.08087
G1 X123.533 Y111.728 E3.09413
G1 X123.645 Y111.355 E3.10584
G1 X119.854 Y115.146 E3.26697
G1 X119.217 Y115.272 E3.2865
G1 X123.773 Y110.716 E3.48013
G1 X123.819 Y110.159 E3.49694
G1 X118.66 Y115.318 E3.71621
G1 X118.146 Y115.321 E3.73167
G1 X123.81 Y109.657 E3.97241
G1 X123.76 Y109.196 E3.98634
G1 X117.634 Y115.321 E4.24666
G1 X117.123 Y115.321 E4.26202
G1 X123.677 Y108.768 E4.54054
G1 X123.565 Y108.369 E4.553
G1 X116.612 Y115.321 E4.84848
G1 X116.101 Y115.321 E4.86384
G1 X119.694 Y111.728 E5.01656
G1 X119.066 Y111.845 E5.03576
G1 X115.59 Y115.321 E5.1835
G1 X115.079 Y115.321 E5.19886
G1 X118.438 Y111.962 E5.34162
G1 X117.81 Y112.08 E5.36082
G1 X114.568 Y115.321 E5.4986
G1 X114.057 Y115.321 E5.51396
G1 X117.181 Y112.197 E5.64677
G1 X116.553 Y112.314 E5.66597
G1 X113.545 Y115.321 E5.7938
G1 X113.034 Y115.321 E5.80916
G1 X115.925 Y112.431 E5.93201
G1 X115.297 Y112.548 E5.95121
G1 X112.523 Y115.321 E6.06908
G1 X112.012 Y115.321 E6.08444
G1 X114.668 Y112.665 E6.19734
G1 X114.04 Y112.782 E6.21654
G1 X111.964 Y114.858 E6.30476
G1 X111.921 Y114.39 E6.31888
G1 X113.412 Y112.899 E6.38224
G1 X112.784 Y113.016 E6.40144
G1 X111.878 Y113.922 E6.43994
G1 X111.835 Y113.454 E6.45406
G1 X112.356 Y112.933 E6.47623
G1 E4.47623 F2400
G92 E0
G1 X120.752 Y110.671 F7200
G1 E2 F2400
G1 F1800
G1 X123.428 Y107.994 E2.11376
G1 X123.27 Y107.642 E2.12538
G1 X120.912 Y109.999 E2.22557
G1 X120.912 Y109.488 E2.24093
G1 X123.091 Y107.309 E2.33352
G1 X122.892 Y106.997 E2.34465
G1 X120.874 Y109.015 E2.43042
G1 X120.86 Y108.934 E2.4329
G1 X120.707 Y108.671 E2.44203
G1 X122.676 Y106.702 E2.52573
G1 X122.442 Y106.425 E2.53663
G1 X120.418 Y108.449 E2.62262
G1 X120.321 Y108.4 E2.62589
G1 X120.023 Y108.333 E2.63507
G1 X122.19 Y106.166 E2.72716
G1 X121.921 Y105.924 E2.73804
G1 X119.592 Y108.253 E2.83702
G1 X119.161 Y108.172 E2.85019
G1 X121.634 Y105.7 E2.95527
G1 X121.329 Y105.493 E2.96633
G1 X118.73 Y108.092 E3.07678
G1 X118.3 Y108.012 E3.08995
G1 X121.006 Y105.306 E3.20496
G1 X120.662 Y105.138 E3.21645
G1 X117.869 Y107.931 E3.33516
G1 X117.438 Y107.851 E3.34833
G1 X120.298 Y104.991 E3.46988
G1 X119.909 Y104.869 E3.48213
G1 X117.007 Y107.771 E3.60545
G1 X116.576 Y107.691 E3.61862
G1 X119.494 Y104.773 E3.74263
G1 X119.049 Y104.707 E3.75616
G1 X116.145 Y107.61 E3.87955
G1 X115.715 Y107.53 E3.89272
G1 X118.565 Y104.679 E4.01387
G1 X118.055 Y104.679 E4.02921
G1 X115.284 Y107.45 E4.14698
G1 X114.853 Y107.369 E4.16015
G1 X117.544 Y104.679 E4.27451
G1 X117.033 Y104.679 E4.28987
G1 X114.422 Y107.289 E4.40081
G1 X113.991 Y107.209 E4.41398
G1 X116.522 Y104.679 E4.5215
G1 X116.01 Y104.679 E4.53686
G1 X113.561 Y107.128 E4.64098
G1 X113.13 Y107.048 E4.65415
G1 X115.499 Y104.679 E4.75485
G1 X114.988 Y104.679 E4.77021
G1 X112.699 Y106.968 E4.8675
G1 X112.268 Y106.887 E4.88067
G1 X114.477 Y104.679 E4.97455
G1 X113.966 Y104.679 E4.98991
G1 X111.837 Y106.807 E5.08037
G1 X111.811 Y106.802 E5.08118
G1 X111.86 Y106.273 E5.09713
G1 X113.455 Y104.679 E5.16492
G1 X112.944 Y104.679 E5.18028
G1 X111.912 Y105.71 E5.22413
G1 X111.964 Y105.147 E5.24112
G1 X112.593 Y104.518 E5.26786
G1 E3.26786 F2400
G92 E0
G1 X110.55 Y113.458 F7200
G1 E2 F2400
;TYPE:Internal infill
;WIDTH:0.45
G1 F3600
G1 X108.149 Y113.906 E2.08267
G1 X111.306 Y117.063 E2.23378
G1 X108.694 Y117.063 E2.32217
G1 X111.523 Y114.234 E2.45758
G1 X111.659 Y115.704 E2.50754
G1 X112.625 Y115.704 E2.54026
M106 S234.6
;LAYER_CHANGE
;Z:6.2
;HEIGHT:0.2
G1 Z6.2 F7200
G1 E.54026 F2400
G92 E0
G1 X121.462 Y109.008 F7200
G1 E2 F2400
;TYPE:Perimeter
;WIDTH:0.449999
G1 X121.18 Y108.383 E2.02322
G1 X120.806 Y107.884 E2.04431
G1 X120.438 Y107.543 E2.0613
G1 X119.943 Y107.223 E2.08126
G1 X119.481 Y107.028 E2.09823
G1 X119.012 Y106.911 E2.11459
G1 X118.501 Y106.868 E2.13195
G1 X110.643 Y106.868 E2.39793
G1 X102.114 Y105.28 E2.69159
G1 X95.632 Y105.269 E2.91099
G1 X95.632 Y102.632 E3.00025
G1 X124.368 Y102.632 E3.97292
G1 X124.368 Y117.368 E4.47171
G1 X95.632 Y117.368 E5.44439
G1 X95.632 Y114.731 E5.53365
G1 X102.114 Y114.72 E5.75305
G1 X110.641 Y113.132 E6.04665
G1 X118.501 Y113.132 E6.31269
G1 X118.981 Y113.095 E6.32901
G1 X119.481 Y112.972 E6.34641
G1 X120.05 Y112.719 E6.3675
G1 X120.465 Y112.436 E6.38449
G1 X120.887 Y112.025 E6.40444
G1 X121.179 Y111.617 E6.42142
G1 X121.397 Y111.186 E6.43778
G1 X121.565 Y110.635 E6.45729
G1 X121.631 Y110.063 E6.47676
G1 X121.597 Y109.548 E6.49423
G1 X121.477 Y109.066 E6.51105
G1 X121.106 Y109.242 F7200
;TYPE:External perimeter
G1 F1800
G1 X121.076 Y109.113 E6.51553
G1 X120.849 Y108.62 E6.53389
G1 X120.529 Y108.182 E6.55225
G1 X120.161 Y107.841 E6.56924
G1 X119.785 Y107.598 E6.58441
G1 X119.323 Y107.403 E6.60138
G1 X118.921 Y107.308 E6.61535
G1 X118.501 Y107.275 E6.62962
G1 X110.605 Y107.275 E6.89687
G1 X102.039 Y105.68 E7.19181
G1 X95.225 Y105.676 E7.42246
G1 X95.225 Y102.225 E7.53928
G1 X124.775 Y102.225 E8.53951
G1 X124.775 Y117.775 E9.06586
G1 X95.225 Y117.775 E10.06609
G1 X95.225 Y114.324 E10.18291
G1 X102.037 Y114.321 E10.4135
G1 X110.604 Y112.725 E10.70845
G1 X118.501 Y112.725 E10.97576
G1 X118.891 Y112.696 E10.989
G1 X119.323 Y112.597 E11.00399
G1 X119.821 Y112.383 E11.02234
G1 X120.235 Y112.1 E11.03933
G1 X120.556 Y111.787 E11.0545
G1 X120.849 Y111.38 E11.07148
G1 X121.031 Y111.01 E11.08544
G1 X121.159 Y110.594 E11.10016
G1 X121.223 Y110.088 E11.11741
G1 X121.2 Y109.639 E11.13265
G1 X121.12 Y109.3 E11.14442
G1 X121.205 Y109.154 F7200
G1 E9.14442 F2400
G92 E0
G1 X110.551 Y106.54 F7200
G1 E2 F2400
;TYPE:Internal infill
;WIDTH:0.45
G1 F3600
G1 X108.15 Y106.093 E2.08267
G1 X111.306 Y102.937 E2.23374
G1 X108.694 Y102.937 E2.32213
G1 X112.32 Y106.563 E2.49566
G1 X113.437 Y106.563 E2.5335
G1 X117.063 Y102.937 E2.70704
G1 X114.451 Y102.937 E2.79543
G1 X118.077 Y106.563 E2.96896
G1 X118.504 Y106.563 E2.98344
G1 X118.951 Y106.594 E2.99859
G1 X119.126 Y106.63 E3.00467
G1 X122.82 Y102.937 E3.18145
G1 X120.208 Y102.937 E3.26984
G1 X124.063 Y106.792 E3.45435
G1 X124.063 Y107.451 E3.47667
G1 X121.91 Y109.603 E3.5797
G1 X121.937 Y110.066 E3.59539
G1 X121.9 Y110.386 E3.60629
G1 X124.063 Y112.549 E3.7098
G1 X124.063 Y113.208 E3.73213
G1 X120.208 Y117.063 E3.91663
G1 X122.82 Y117.063 E4.00502
G1 X119.129 Y113.372 E4.18168
G1 X119.033 Y113.396 E4.18504
G1 X118.505 Y113.437 E4.20297
G1 X118.077 Y113.437 E4.21746
G1 X114.451 Y117.063 E4.391
G1 X117.063 Y117.063 E4.47939
G1 X113.437 Y113.437 E4.65293
G1 X112.32 Y113.437 E4.69076
G1 X108.694 Y117.063 E4.8643
G1 X111.306 Y117.063 E4.95269
G1 X108.15 Y113.907 E5.10376
G1 X110.551 Y113.459 E5.18644
G1 E3.18644 F2400
G92 E0
G1 X107.991 Y117.063 F7200
G1 E2 F2400
G1 F3600
G1 X105.549 Y117.063 E2.08267
G1 X103.297 Y114.811 E2.19047
G1 X105.623 Y114.377 E2.27056
G1 X102.937 Y117.063 E2.39909
G1 X99.792 Y117.063 E2.50557
G1 X97.761 Y115.032 E2.60276
G1 X99.213 Y115.03 E2.65191
G1 X97.18 Y117.063 E2.74923
G1 X95.937 Y117.063 E2.7913
G1 X95.937 Y115.863 E2.8319
G1 E.8319 F2400
G92 E0
G1 X95.937 Y104.137 F7200
G1 E2 F2400
G1 F3600
G1 X95.937 Y102.937 E2.0406
G1 X97.18 Y102.937 E2.08267
G1 X99.207 Y104.964 E2.17968
G1 X97.765 Y104.964 E2.22848
G1 X99.792 Y102.937 E2.32549
G1 X102.937 Y102.937 E2.43197
G1 X105.622 Y105.622 E2.5605
G1 X103.297 Y105.189 E2.64057
G1 X105.549 Y102.937 E2.74837
G1 X107.991 Y102.937 E2.83104
;LAYER_CHANGE
;Z:6.4
;HEIGHT:0.2
G1 Z6.4 F7200
G1 E.83104 F2400
G92 E0
G1 X121.463 Y109.01 F7200
G1 E2 F2400
;TYPE:Perimeter
;WIDTH:0.449999
G1 X121.18 Y108.383 E2.02331
G1 X120.806 Y107.884 E2.0444
G1 X120.438 Y107.543 E2.06139
G1 X120.037 Y107.272 E2.07776
G1 X119.487 Y107.03 E2.0981
G1 X119.013 Y106.912 E2.11465
G1 X118.501 Y106.868 E2.13204
G1 X110.559 Y106.868 E2.40086
G1 X102.114 Y105.289 E2.69166
G1 X95.632 Y105.279 E2.91107
G1 X95.632 Y102.632 E3.00067
G1 X124.368 Y102.632 E3.97334
G1 X124.368 Y117.368 E4.47213
G1 X95.632 Y117.368 E5.4448
G1 X95.632 Y114.721 E5.5344
G1 X102.114 Y114.711 E5.75381
G1 X110.559 Y113.132 E6.04461
G1 X118.501 Y113.132 E6.31343
G1 X119.027 Y113.085 E6.3313
G1 X119.513 Y112.961 E6.34828
G1 X119.957 Y112.771 E6.36465
G1 X120.459 Y112.441 E6.38499
G1 X120.887 Y112.025 E6.40517
G1 X121.179 Y111.617 E6.42215
G1 X121.397 Y111.186 E6.43851
G1 X121.566 Y110.63 E6.45817
G1 X121.631 Y110.063 E6.47749
G1 X121.597 Y109.55 E6.49489
G1 X121.477 Y109.069 E6.51169
G1 X121.095 Y109.196 F7200
;TYPE:External perimeter
G1 F1800
G1 X121.076 Y109.113 E6.51456
G1 X120.849 Y108.62 E6.53292
G1 X120.529 Y108.182 E6.55128
G1 X120.161 Y107.841 E6.56827
G1 X119.816 Y107.614 E6.58224
G1 X119.329 Y107.405 E6.6002
G1 X118.921 Y107.308 E6.61437
G1 X118.501 Y107.275 E6.62865
G1 X110.521 Y107.275 E6.89874
G1 X102.039 Y105.69 E7.19082
G1 X95.225 Y105.686 E7.42148
G1 X95.225 Y102.225 E7.53863
G1 X124.775 Y102.225 E8.53887
G1 X124.775 Y117.775 E9.06521
G1 X95.225 Y117.775 E10.06545
G1 X95.225 Y114.314 E10.1826
G1 X102.037 Y114.311 E10.41318
G1 X110.521 Y112.725 E10.70534
G1 X118.501 Y112.725 E10.97543
G1 X118.926 Y112.691 E10.98988
G1 X119.412 Y112.567 E11.00686
G1 X119.79 Y112.4 E11.02083
G1 X120.23 Y112.104 E11.03879
G1 X120.556 Y111.787 E11.05417
G1 X120.849 Y111.38 E11.07115
G1 X121.031 Y111.01 E11.08511
G1 X121.16 Y110.59 E11.09998
G1 X121.223 Y110.088 E11.11709
G1 X121.2 Y109.641 E11.13225
G1 X121.109 Y109.254 E11.1457
G1 X121.159 Y109.139 F7200
G1 E9.1457 F2400
G92 E0
G1 X110.539 Y106.554 F7200
G1 E2 F2400
;TYPE:Internal infill
;WIDTH:0.45
G1 F3600
G1 X108.138 Y106.105 E2.08267
G1 X111.306 Y102.937 E2.2343
G1 X108.694 Y102.937 E2.32269
G1 X112.32 Y106.563 E2.49622
G1 X113.437 Y106.563 E2.53406
G1 X117.063 Y102.937 E2.7076
G1 X114.451 Y102.937 E2.79599
G1 X118.077 Y106.563 E2.96952
G1 X118.504 Y106.563 E2.984
G1 X118.951 Y106.594 E2.99915
G1 X119.126 Y106.631 E3.00522
G1 X122.82 Y102.937 E3.18202
G1 X120.208 Y102.937 E3.27041
G1 X124.063 Y106.792 E3.45491
G1 X124.063 Y107.451 E3.47724
G1 X121.905 Y109.609 E3.58052
G1 X121.937 Y110.065 E3.59601
G1 X121.9 Y110.386 E3.60694
G1 X124.063 Y112.549 E3.71046
G1 X124.063 Y113.208 E3.73279
G1 X120.208 Y117.063 E3.9173
G1 X122.82 Y117.063 E4.00568
G1 X119.129 Y113.372 E4.18235
G1 X119.033 Y113.396 E4.18569
G1 X118.505 Y113.437 E4.20363
G1 X118.077 Y113.437 E4.21813
G1 X114.451 Y117.063 E4.39167
G1 X117.063 Y117.063 E4.48005
G1 X113.437 Y113.437 E4.65359
G1 X112.32 Y113.437 E4.69143
G1 X108.694 Y117.063 E4.86497
G1 X111.306 Y117.063 E4.95335
G1 X108.138 Y113.895 E5.10498
G1 X110.539 Y113.446 E5.18765
G1 E3.18765 F2400
G92 E0
G1 X107.991 Y117.063 F7200
G1 E2 F2400
G1 F3600
G1 X105.549 Y117.063 E2.08267
G1 X103.288 Y114.802 E2.1909
G1 X105.637 Y114.363 E2.27181
G1 X102.937 Y117.063 E2.40106
G1 X99.792 Y117.063 E2.50754
G1 X97.752 Y115.023 E2.6052
G1 X99.223 Y115.02 E2.65502
G1 X97.18 Y117.063 E2.75281
G1 X95.937 Y117.063 E2.79489
G1 X95.937 Y115.863 E2.83549
G1 E.83549 F2400
G92 E0
G1 X95.937 Y104.137 F7200
G1 E2 F2400
G1 F3600
G1 X95.937 Y102.937 E2.0406
G1 X97.18 Y102.937 E2.08267
G1 X99.217 Y104.974 E2.18015
G1 X97.755 Y104.974 E2.22962
G1 X99.792 Y102.937 E2.3271
G1 X102.937 Y102.937 E2.43358
G1 X105.637 Y105.637 E2.56283
G1 X103.288 Y105.198 E2.64374
G1 X105.549 Y102.937 E2.75196
G1 X107.991 Y102.937 E2.83464
;LAYER_CHANGE
;Z:6.6
;HEIGHT:0.2
G1 Z6.6 F7200
G1 E.83464 F2400
G92 E0
G1 X121.463 Y109.012 F7200
G1 E2 F2400
;TYPE:Perimeter
;WIDTH:0.449999
G1 X121.18 Y108.383 E2.02336
G1 X120.886 Y107.975 E2.04035
G1 X120.447 Y107.55 E2.06105
G1 X119.943 Y107.223 E2.08139
G1 X119.481 Y107.028 E2.09837
G1 X119.012 Y106.911 E2.11473
G1 X118.501 Y106.868 E2.13208
G1 X110.39 Y106.868 E2.40664
G1 X102.115 Y105.309 E2.69164
G1 X95.632 Y105.299 E2.91109
G1 X95.632 Y102.632 E3.00135
G1 X124.368 Y102.632 E3.97402
G1 X124.368 Y117.368 E4.47281
G1 X95.632 Y117.368 E5.44548
G1 X95.632 Y114.701 E5.53575
G1 X102.115 Y114.691 E5.75519
G1 X110.39 Y113.132 E6.04021
G1 X118.501 Y113.132 E6.31475
G1 X119.027 Y113.085 E6.33263
G1 X119.513 Y112.961 E6.3496
G1 X119.957 Y112.771 E6.36597
G1 X120.456 Y112.443 E6.38616
G1 X120.887 Y112.025 E6.40649
G1 X121.179 Y111.617 E6.42347
G1 X121.435 Y111.086 E6.44342
G1 X121.571 Y110.604 E6.4604
G1 X121.631 Y110.063 E6.47882
G1 X121.595 Y109.539 E6.49659
G1 X121.478 Y109.07 E6.51296
G1 X121.084 Y109.147 F7200
;TYPE:External perimeter
G1 F1800
G1 X120.849 Y108.62 E6.53247
G1 X120.556 Y108.213 E6.54946
G1 X120.17 Y107.848 E6.56746
G1 X119.785 Y107.598 E6.58298
G1 X119.323 Y107.403 E6.59996
G1 X118.921 Y107.308 E6.61393
G1 X118.501 Y107.275 E6.6282
G1 X110.352 Y107.275 E6.90404
G1 X102.04 Y105.709 E7.19033
G1 X95.225 Y105.706 E7.421
G1 X95.225 Y102.225 E7.53882
G1 X124.775 Y102.225 E8.53905
G1 X124.775 Y117.775 E9.0654
G1 X95.225 Y117.775 E10.06563
G1 X95.225 Y114.294 E10.18346
G1 X102.037 Y114.291 E10.41404
G1 X110.352 Y112.725 E10.70043
G1 X118.501 Y112.725 E10.97626
G1 X118.926 Y112.691 E10.99071
G1 X119.412 Y112.567 E11.00769
G1 X119.79 Y112.4 E11.02166
G1 X120.227 Y112.107 E11.03947
G1 X120.556 Y111.787 E11.055
G1 X120.849 Y111.38 E11.07198
G1 X121.043 Y110.976 E11.08715
G1 X121.179 Y110.493 E11.10413
G1 X121.223 Y110.083 E11.11809
G1 X121.199 Y109.63 E11.13344
G1 X121.098 Y109.205 E11.14823
G1 X121.347 Y108.846 F7200
G1 E9.14823 F2400
G92 E0
G1 X110.516 Y106.563 F7200
G1 E2 F2400
;TYPE:Internal infill
;WIDTH:0.45
G1 F3600
G1 X110.418 Y106.563 E2.00333
G1 X108.114 Y106.129 E2.08267
G1 X111.306 Y102.937 E2.23544
G1 X108.694 Y102.937 E2.32383
G1 X112.32 Y106.563 E2.49737
G1 X113.437 Y106.563 E2.5352
G1 X117.063 Y102.937 E2.70874
G1 X114.451 Y102.937 E2.79713
G1 X118.077 Y106.563 E2.97067
G1 X118.504 Y106.563 E2.98515
G1 X118.951 Y106.594 E3.00029
G1 X119.126 Y106.63 E3.00637
G1 X122.82 Y102.937 E3.18316
G1 X120.208 Y102.937 E3.27155
G1 X124.063 Y106.792 E3.45605
G1 X124.063 Y107.451 E3.47838
G1 X121.911 Y109.603 E3.58137
G1 X121.937 Y110.065 E3.59704
G1 X121.905 Y110.391 E3.60814
G1 X124.063 Y112.549 E3.7114
G1 X124.063 Y113.208 E3.73373
G1 X120.208 Y117.063 E3.91823
G1 X122.82 Y117.063 E4.00662
G1 X119.128 Y113.371 E4.18335
G1 X119.034 Y113.396 E4.18663
G1 X118.505 Y113.437 E4.20461
G1 X118.077 Y113.437 E4.2191
G1 X114.451 Y117.063 E4.39264
G1 X117.063 Y117.063 E4.48103
G1 X113.437 Y113.437 E4.65456
G1 X112.32 Y113.437 E4.6924
G1 X108.694 Y117.063 E4.86594
G1 X111.306 Y117.063 E4.95433
G1 X108.114 Y113.871 E5.10709
G1 X110.418 Y113.437 E5.18645
G1 X110.516 Y113.437 E5.18977
G1 E3.18977 F2400
G92 E0
G1 X107.991 Y117.063 F7200
G1 E2 F2400
G1 F3600
G1 X105.549 Y117.063 E2.08267
G1 X103.27 Y114.784 E2.19176
G1 X105.668 Y114.332 E2.27436
G1 X102.937 Y117.063 E2.40506
G1 X99.792 Y117.063 E2.51154
G1 X97.732 Y115.003 E2.61014
G1 X99.243 Y115 E2.66129
G1 X97.18 Y117.063 E2.76003
G1 X95.937 Y117.063 E2.80211
G1 X95.937 Y115.863 E2.84271
G1 E.84271 F2400
G92 E0
G1 X95.937 Y104.137 F7200
G1 E2 F2400
G1 F3600
G1 X95.937 Y102.937 E2.0406
G1 X97.18 Y102.937 E2.08267
G1 X99.236 Y104.993 E2.1811
G1 X97.736 Y104.993 E2.2319
G1 X99.792 Y102.937 E2.33032
G1 X102.937 Y102.937 E2.4368
G1 X105.668 Y105.668 E2.56751
G1 X103.27 Y105.216 E2.6501
G1 X105.549 Y102.937 E2.75919
G1 X107.991 Y102.937 E2.84186
;LAYER_CHANGE
;Z:6.8
;HEIGHT:0.2
G1 Z6.8 F7200
G1 E.84186 F2400
G92 E0
G1 X121.406 Y108.852 F7200
G1 E2 F2400
;TYPE:Perimeter
;WIDTH:0.449999
G1 X121.179 Y108.383 E2.01765
G1 X120.806 Y107.884 E2.03873
G1 X120.438 Y107.543 E2.05572
G1 X119.943 Y107.223 E2.07567
G1 X119.481 Y107.028 E2.09265
G1 X119.012 Y106.911 E2.10901
G1 X118.501 Y106.868 E2.12636
G1 X110.134 Y106.868 E2.40955
G1 X108.875 Y106.645 E2.45286
G1 X108.548 Y106.565 E2.46424
G1 X102.116 Y105.339 E2.68587
G1 X95.632 Y105.328 E2.90535
G1 X95.632 Y102.632 E2.99662
G1 X124.368 Y102.632 E3.96929
G1 X124.368 Y117.368 E4.46808
G1 X95.632 Y117.368 E5.44075
G1 X95.632 Y114.672 E5.53202
G1 X102.116 Y114.661 E5.75151
G1 X108.548 Y113.435 E5.97312
G1 X108.753 Y113.377 E5.98034
G1 X110.136 Y113.132 E6.02787
G1 X118.501 Y113.132 E6.31102
G1 X118.981 Y113.095 E6.32733
G1 X119.481 Y112.972 E6.34474
G1 X119.943 Y112.777 E6.36173
G1 X120.452 Y112.446 E6.38228
G1 X120.815 Y112.107 E6.39909
G1 X121.162 Y111.646 E6.41861
G1 X121.391 Y111.2 E6.43559
G1 X121.567 Y110.621 E6.45608
G1 X121.63 Y110.017 E6.47662
G1 X121.571 Y109.397 E6.49772
G1 X121.432 Y108.906 E6.51498
G1 X121.067 Y109.107 F7200
;TYPE:External perimeter
G1 F1800
G1 X121.043 Y109.024 E6.51791
G1 X120.849 Y108.62 E6.53307
G1 X120.529 Y108.182 E6.55143
G1 X120.161 Y107.841 E6.56841
G1 X119.785 Y107.598 E6.58358
G1 X119.323 Y107.403 E6.60056
G1 X118.921 Y107.308 E6.61452
G1 X118.501 Y107.275 E6.62879
G1 X110.099 Y107.275 E6.91319
G1 X108.804 Y107.046 E6.95771
G1 X108.472 Y106.964 E6.96927
G1 X102.04 Y105.739 E7.1909
G1 X95.225 Y105.735 E7.42158
G1 X95.225 Y102.225 E7.54041
G1 X124.775 Y102.225 E8.54064
G1 X124.775 Y117.775 E9.06699
G1 X95.225 Y117.775 E10.06722
G1 X95.225 Y114.265 E10.18604
G1 X102.037 Y114.261 E10.41663
G1 X108.472 Y113.036 E10.63835
G1 X108.658 Y112.981 E10.64493
G1 X110.1 Y112.725 E10.69448
G1 X118.501 Y112.725 E10.97885
G1 X118.891 Y112.696 E10.99209
G1 X119.323 Y112.597 E11.00708
G1 X119.785 Y112.402 E11.02407
G1 X120.223 Y112.109 E11.04191
G1 X120.532 Y111.815 E11.05635
G1 X120.799 Y111.461 E11.07137
G1 X121.028 Y111.014 E11.08835
G1 X121.163 Y110.571 E11.10402
G1 X121.224 Y110.048 E11.12187
G1 X121.179 Y109.507 E11.14023
G1 X121.083 Y109.165 E11.15226
G1 X121.129 Y109.047 F7200
G1 E9.15226 F2400
G92 E0
G1 X102.234 Y102.937 F7200
G1 E2 F2400
;TYPE:Internal infill
;WIDTH:0.45
G1 F3600
G1 X99.792 Y102.937 E2.08267
G1 X97.706 Y105.023 E2.18252
G1 X99.266 Y105.023 E2.23533
G1 X97.18 Y102.937 E2.33517
G1 X95.937 Y102.937 E2.37724
G1 X95.937 Y104.137 E2.41784
G1 E.41784 F2400
G92 E0
G1 X100.821 Y105.023 F7200
G1 E2 F2400
G1 F3600
G1 X102.007 Y105.023 E2.04015
G1 X102.169 Y105.038 E2.04566
G1 X103.243 Y105.243 E2.08267
G1 X105.549 Y102.937 E2.19305
G1 X102.937 Y102.937 E2.28143
G1 X105.714 Y105.714 E2.41434
G1 X108.079 Y106.164 E2.49583
G1 X111.306 Y102.937 E2.6503
G1 X108.694 Y102.937 E2.73869
G1 X112.32 Y106.563 E2.91223
G1 X113.437 Y106.563 E2.95006
G1 X117.063 Y102.937 E3.1236
G1 X114.451 Y102.937 E3.21199
G1 X118.077 Y106.563 E3.38553
G1 X118.504 Y106.563 E3.4
G1 X118.951 Y106.594 E3.41515
G1 X119.126 Y106.63 E3.42123
G1 X122.82 Y102.937 E3.59802
G1 X120.208 Y102.937 E3.68641
G1 X124.063 Y106.792 E3.87091
G1 X124.063 Y107.451 E3.89324
G1 X121.905 Y109.609 E3.99651
G1 X121.935 Y110.003 E4.0099
G1 X121.896 Y110.382 E4.0228
G1 X124.063 Y112.549 E4.1265
G1 X124.063 Y113.208 E4.14883
G1 X120.208 Y117.063 E4.33333
G1 X122.82 Y117.063 E4.42172
G1 X119.123 Y113.366 E4.59867
G1 X118.952 Y113.406 E4.60462
G1 X118.504 Y113.437 E4.6198
G1 X118.077 Y113.437 E4.63428
G1 X114.451 Y117.063 E4.80782
G1 X117.063 Y117.063 E4.89621
G1 X113.437 Y113.437 E5.06975
G1 X112.32 Y113.437 E5.10758
G1 X108.694 Y117.063 E5.28112
G1 X111.306 Y117.063 E5.36951
G1 X108.079 Y113.836 E5.52398
G1 X105.714 Y114.286 E5.60547
G1 X102.937 Y117.063 E5.73838
G1 X105.549 Y117.063 E5.82676
G1 X103.243 Y114.757 E5.93714
G1 X102.152 Y114.965 E5.97472
G1 X100.82 Y114.967 E6.01981
G1 E4.01981 F2400
G92 E0
G1 X102.234 Y117.063 F7200
G1 E2 F2400
G1 F3600
G1 X99.792 Y117.063 E2.08267
G1 X97.702 Y114.973 E2.18269
G1 X99.273 Y114.97 E2.23585
G1 X97.18 Y117.063 E2.33601
G1 X95.937 Y117.063 E2.37808
G1 X95.937 Y115.863 E2.41868
;LAYER_CHANGE
;Z:7
;HEIGHT:0.2
G1 Z7 F7200
G1 E.41868 F2400
G92 E0
G1 X121.464 Y109.015 F7200
G1 E2 F2400
;TYPE:Perimeter
;WIDTH:0.449999
G1 X121.447 Y108.946 E2.0024
G1 X121.18 Y108.383 E2.0235
G1 X120.806 Y107.884 E2.04459
G1 X120.438 Y107.543 E2.06158
G1 X119.943 Y107.223 E2.08153
G1 X119.481 Y107.028 E2.09851
G1 X119.012 Y106.911 E2.11487
G1 X118.501 Y106.868 E2.13222
G1 X109.803 Y106.868 E2.42662
G1 X108.984 Y106.732 E2.45475
G1 X108.55 Y106.623 E2.4699
G1 X102.118 Y105.379 E2.69163
G1 X95.632 Y105.368 E2.91117
G1 X95.632 Y102.632 E3.00378
G1 X124.368 Y102.632 E3.97646
G1 X124.368 Y117.368 E4.47525
G1 X95.632 Y117.368 E5.44792
G1 X95.632 Y114.632 E5.54053
G1 X102.118 Y114.621 E5.76007
G1 X108.549 Y113.377 E5.9818
G1 X108.922 Y113.28 E5.99483
G1 X109.805 Y113.132 E6.02514
G1 X118.501 Y113.132 E6.31948
G1 X119.025 Y113.086 E6.3373
G1 X119.593 Y112.933 E6.3572
G1 X120.05 Y112.719 E6.37429
G1 X120.465 Y112.436 E6.39127
G1 X120.887 Y112.025 E6.41123
G1 X121.179 Y111.617 E6.4282
G1 X121.397 Y111.186 E6.44456
G1 X121.564 Y110.637 E6.464
G1 X121.631 Y110.063 E6.48355
G1 X121.597 Y109.55 E6.50094
G1 X121.478 Y109.073 E6.5176
G1 X121.072 Y109.105 F7200
;TYPE:External perimeter
G1 F1800
G1 X120.849 Y108.62 E6.53564
G1 X120.529 Y108.182 E6.554
G1 X120.161 Y107.841 E6.57099
G1 X119.785 Y107.598 E6.58616
G1 X119.323 Y107.403 E6.60313
G1 X118.921 Y107.308 E6.6171
G1 X118.501 Y107.275 E6.63137
G1 X109.77 Y107.275 E6.92691
G1 X108.917 Y107.133 E6.95617
G1 X108.472 Y107.022 E6.97168
G1 X102.041 Y105.779 E7.19341
G1 X95.225 Y105.775 E7.42411
G1 X95.225 Y102.225 E7.54429
G1 X124.775 Y102.225 E8.54452
G1 X124.775 Y117.775 E9.07087
G1 X95.225 Y117.775 E10.0711
G1 X95.225 Y114.225 E10.19127
G1 X102.037 Y114.222 E10.42185
G1 X108.472 Y112.978 E10.6437
G1 X108.835 Y112.881 E10.65642
G1 X109.771 Y112.725 E10.68853
G1 X118.501 Y112.725 E10.98402
G1 X118.891 Y112.696 E10.99728
G1 X119.394 Y112.573 E11.0148
G1 X119.821 Y112.383 E11.03062
G1 X120.235 Y112.1 E11.0476
G1 X120.556 Y111.787 E11.06276
G1 X120.849 Y111.38 E11.07974
G1 X121.031 Y111.01 E11.0937
G1 X121.16 Y110.586 E11.10869
G1 X121.223 Y110.088 E11.12567
G1 X121.2 Y109.641 E11.14084
G1 X121.087 Y109.162 E11.15748
G1 X121.332 Y108.801 F7200
G1 E9.15748 F2400
G92 E0
G1 X102.234 Y102.937 F7200
G1 E2 F2400
;TYPE:Internal infill
;WIDTH:0.45
G1 F3600
G1 X99.792 Y102.937 E2.08267
G1 X97.666 Y105.063 E2.18442
G1 X99.306 Y105.063 E2.23993
G1 X97.18 Y102.937 E2.34168
G1 X95.937 Y102.937 E2.38375
G1 X95.937 Y104.137 E2.42435
G1 E.42435 F2400
G92 E0
G1 X100.785 Y105.063 F7200
G1 E2 F2400
G1 F3600
G1 X102.007 Y105.063 E2.04137
G1 X102.171 Y105.079 E2.04696
G1 X103.207 Y105.279 E2.08267
G1 X105.549 Y102.937 E2.19476
G1 X102.937 Y102.937 E2.28315
G1 X105.775 Y105.775 E2.41901
G1 X108.031 Y106.212 E2.49678
G1 X111.306 Y102.937 E2.65352
G1 X108.694 Y102.937 E2.74191
G1 X112.32 Y106.563 E2.91544
G1 X113.437 Y106.563 E2.95328
G1 X117.063 Y102.937 E3.12682
G1 X114.451 Y102.937 E3.21521
G1 X118.077 Y106.563 E3.38874
G1 X118.504 Y106.563 E3.40322
G1 X118.951 Y106.594 E3.41837
G1 X119.126 Y106.63 E3.42445
G1 X122.82 Y102.937 E3.60124
G1 X120.208 Y102.937 E3.68962
G1 X124.063 Y106.792 E3.87413
G1 X124.063 Y107.451 E3.89646
G1 X121.905 Y109.609 E3.99972
G1 X121.936 Y110.024 E4.01383
G1 X121.897 Y110.383 E4.02605
G1 X124.063 Y112.549 E4.12971
G1 X124.063 Y113.208 E4.15204
G1 X120.208 Y117.063 E4.33654
G1 X122.82 Y117.063 E4.42493
G1 X119.124 Y113.367 E4.60186
G1 X118.952 Y113.406 E4.60782
G1 X118.504 Y113.437 E4.62301
G1 X118.077 Y113.437 E4.63749
G1 X114.451 Y117.063 E4.81103
G1 X117.063 Y117.063 E4.89941
G1 X113.437 Y113.437 E5.07295
G1 X112.32 Y113.437 E5.11079
G1 X108.694 Y117.063 E5.28433
G1 X111.306 Y117.063 E5.37271
G1 X108.031 Y113.788 E5.52945
G1 X105.776 Y114.224 E5.60722
G1 X102.937 Y117.063 E5.74308
G1 X105.549 Y117.063 E5.83147
G1 X103.207 Y114.721 E5.94356
G1 X102.153 Y114.925 E5.97992
G1 X100.784 Y114.927 E6.02624
G1 E4.02624 F2400
G92 E0
G1 X102.234 Y117.063 F7200
G1 E2 F2400
G1 F3600
G1 X99.792 Y117.063 E2.08267
G1 X97.663 Y114.934 E2.18459
G1 X99.313 Y114.93 E2.24045
G1 X97.18 Y117.063 E2.34252
G1 X95.937 Y117.063 E2.38459
G1 X95.937 Y115.863 E2.42519
;LAYER_CHANGE
;Z:7.2
;HEIGHT:0.2
G1 Z7.2 F7200
G1 E.42519 F2400
G92 E0
G1 X121.464 Y109.014 F7200
G1 E2 F2400
;TYPE:Perimeter
;WIDTH:0.449999
G1 X121.18 Y108.383 E2.02343
G1 X120.886 Y107.975 E2.04042
G1 X120.458 Y107.558 E2.06066
G1 X120.04 Y107.274 E2.07776
G1 X119.504 Y107.036 E2.0976
G1 X119.015 Y106.912 E2.11468
G1 X118.501 Y106.868 E2.13216
G1 X109.412 Y106.868 E2.43981
G1 X102.12 Y105.43 E2.69137
G1 X95.632 Y105.419 E2.91099
G1 X95.632 Y102.632 E3.00531
G1 X124.368 Y102.632 E3.97798
G1 X124.368 Y117.368 E4.47677
G1 X95.632 Y117.368 E5.44944
G1 X95.632 Y114.581 E5.54376
G1 X102.12 Y114.57 E5.76335
G1 X109.404 Y113.132 E6.01467
G1 X118.501 Y113.132 E6.3226
G1 X118.981 Y113.095 E6.33891
G1 X119.481 Y112.972 E6.35632
G1 X119.943 Y112.777 E6.3733
G1 X120.445 Y112.452 E6.39354
G1 X120.814 Y112.108 E6.41063
G1 X121.162 Y111.646 E6.43018
G1 X121.432 Y111.098 E6.45087
G1 X121.569 Y110.612 E6.46796
G1 X121.63 Y110.029 E6.48781
G1 X121.593 Y109.525 E6.5049
G1 X121.479 Y109.072 E6.52074
G1 X121.062 Y109.083 F7200
;TYPE:External perimeter
G1 F1800
G1 X120.849 Y108.62 E6.53797
G1 X120.556 Y108.213 E6.55497
G1 X120.18 Y107.856 E6.57252
G1 X119.817 Y107.615 E6.58725
G1 X119.345 Y107.411 E6.60467
G1 X118.922 Y107.308 E6.61939
G1 X118.501 Y107.275 E6.6337
G1 X109.372 Y107.275 E6.9427
G1 X102.041 Y105.829 E7.1956
G1 X95.225 Y105.826 E7.42633
G1 X95.225 Y102.225 E7.54821
G1 X124.775 Y102.225 E8.54844
G1 X124.775 Y117.775 E9.07479
G1 X95.225 Y117.775 E10.07502
G1 X95.225 Y114.174 E10.19689
G1 X102.041 Y114.171 E10.42762
G1 X107.895 Y113.024 E10.62954
G1 X108.941 Y112.797 E10.66577
G1 X109.372 Y112.725 E10.68054
G1 X118.501 Y112.725 E10.98954
G1 X118.891 Y112.696 E11.00279
G1 X119.323 Y112.597 E11.01778
G1 X119.785 Y112.402 E11.03476
G1 X120.217 Y112.115 E11.05232
G1 X120.532 Y111.815 E11.06704
G1 X120.799 Y111.461 E11.08207
G1 X121.028 Y111.014 E11.09905
G1 X121.158 Y110.597 E11.11383
G1 X121.223 Y110.088 E11.13122
G1 X121.197 Y109.617 E11.14715
G1 X121.082 Y109.139 E11.16381
G1 X121.322 Y108.779 F7200
G1 E9.16381 F2400
G92 E0
G1 X102.234 Y102.937 F7200
G1 E2 F2400
;TYPE:Internal infill
;WIDTH:0.45
G1 F3600
G1 X99.792 Y102.937 E2.08267
G1 X97.616 Y105.113 E2.18683
G1 X99.356 Y105.113 E2.24574
G1 X97.18 Y102.937 E2.34989
G1 X95.937 Y102.937 E2.39197
G1 X95.937 Y104.137 E2.43257
G1 E.43257 F2400
G92 E0
G1 X100.739 Y105.113 F7200
G1 E2 F2400
G1 F3600
G1 X102.007 Y105.113 E2.04292
G1 X102.174 Y105.13 E2.04861
G1 X103.162 Y105.324 E2.08267
G1 X105.549 Y102.937 E2.19693
G1 X102.937 Y102.937 E2.28532
G1 X105.855 Y105.855 E2.42501
G1 X107.97 Y106.273 E2.49798
G1 X111.306 Y102.937 E2.65763
G1 X108.694 Y102.937 E2.74602
G1 X112.32 Y106.563 E2.91956
G1 X113.437 Y106.563 E2.95739
G1 X117.063 Y102.937 E3.13093
G1 X114.451 Y102.937 E3.21932
G1 X118.077 Y106.563 E3.39286
G1 X118.504 Y106.563 E3.40733
G1 X118.951 Y106.594 E3.42249
G1 X119.126 Y106.631 E3.42854
G1 X122.82 Y102.937 E3.60536
G1 X120.208 Y102.937 E3.69375
G1 X124.063 Y106.792 E3.87825
G1 X124.063 Y107.451 E3.90058
G1 X121.904 Y109.61 E4.00392
G1 X121.936 Y110.019 E4.01781
G1 X121.898 Y110.384 E4.03022
G1 X124.063 Y112.549 E4.13385
G1 X124.063 Y113.208 E4.15618
G1 X120.208 Y117.063 E4.34068
G1 X122.82 Y117.063 E4.42907
G1 X119.129 Y113.372 E4.60573
G1 X119.033 Y113.396 E4.60909
G1 X118.505 Y113.437 E4.62702
G1 X118.077 Y113.437 E4.64151
G1 X114.451 Y117.063 E4.81505
G1 X117.063 Y117.063 E4.90344
G1 X113.437 Y113.437 E5.07698
G1 X112.32 Y113.437 E5.11481
G1 X108.694 Y117.063 E5.28835
G1 X111.306 Y117.063 E5.37674
G1 X107.969 Y113.726 E5.53647
G1 X105.857 Y114.143 E5.60933
G1 X102.937 Y117.063 E5.74909
G1 X105.549 Y117.063 E5.83748
G1 X103.161 Y114.675 E5.95176
G1 X102.153 Y114.875 E5.98656
G1 X100.738 Y114.877 E6.03443
G1 E4.03443 F2400
G92 E0
G1 X102.234 Y117.063 F7200
G1 E2 F2400
G1 F3600
G1 X99.792 Y117.063 E2.08267
G1 X97.612 Y114.883 E2.18699
G1 X99.363 Y114.88 E2.24625
G1 X97.18 Y117.063 E2.35073
G1 X95.937 Y117.063 E2.39281
G1 X95.937 Y115.863 E2.43341
;LAYER_CHANGE
;Z:7.4
;HEIGHT:0.2
G1 Z7.4 F7200
G1 E.43341 F2400
G92 E0
G1 X121.474 Y109.052 F7200
G1 E2 F2400
;TYPE:Perimeter
;WIDTH:0.449999
G1 X121.448 Y108.948 E2.00364
G1 X121.204 Y108.423 E2.02326
G1 X120.908 Y108.001 E2.04067
G1 X120.465 Y107.564 E2.06176
G1 X119.943 Y107.223 E2.08286
G1 X119.481 Y107.028 E2.09984
G1 X119.012 Y106.911 E2.1162
G1 X118.501 Y106.868 E2.13356
G1 X108.946 Y106.868 E2.45697
G1 X102.123 Y105.492 E2.69258
G1 X95.632 Y105.48 E2.91229
G1 X95.632 Y102.632 E3.00867
G1 X124.368 Y102.632 E3.98135
G1 X124.368 Y117.368 E4.48014
G1 X95.632 Y117.368 E5.45281
G1 X95.632 Y114.52 E5.54919
G1 X102.123 Y114.508 E5.7689
G1 X108.947 Y113.132 E6.00455
G1 X118.501 Y113.132 E6.32792
G1 X118.981 Y113.095 E6.34424
G1 X119.481 Y112.972 E6.36164
G1 X120.05 Y112.719 E6.38273
G1 X120.465 Y112.436 E6.39972
G1 X120.887 Y112.025 E6.41967
G1 X121.179 Y111.617 E6.43665
G1 X121.397 Y111.186 E6.45301
G1 X121.564 Y110.637 E6.47244
G1 X121.63 Y110.029 E6.49315
G1 X121.593 Y109.521 E6.51038
G1 X121.489 Y109.111 E6.5247
G1 X121.05 Y109.062 F7200
;TYPE:External perimeter
G1 F1800
G1 X120.883 Y108.68 E6.53881
G1 X120.617 Y108.286 E6.55492
G1 X120.236 Y107.9 E6.57328
G1 X119.785 Y107.598 E6.59164
G1 X119.323 Y107.403 E6.60863
G1 X118.921 Y107.308 E6.62259
G1 X118.501 Y107.275 E6.63686
G1 X108.906 Y107.275 E6.96165
G1 X102.042 Y105.891 E7.19864
G1 X95.225 Y105.887 E7.4294
G1 X95.225 Y102.225 E7.55334
G1 X124.775 Y102.225 E8.55357
G1 X124.775 Y117.775 E9.07992
G1 X95.225 Y117.775 E10.08015
G1 X95.225 Y114.113 E10.20409
G1 X102.042 Y114.109 E10.43485
G1 X108.907 Y112.725 E10.67188
G1 X118.501 Y112.725 E10.99663
G1 X118.891 Y112.696 E11.00987
G1 X119.323 Y112.597 E11.02486
G1 X119.821 Y112.383 E11.04322
G1 X120.235 Y112.1 E11.0602
G1 X120.556 Y111.787 E11.07537
G1 X120.849 Y111.38 E11.09235
G1 X121.031 Y111.01 E11.10631
G1 X121.16 Y110.586 E11.1213
G1 X121.223 Y110.088 E11.13828
G1 X121.201 Y109.648 E11.15321
G1 X121.074 Y109.117 E11.17168
G1 X121.313 Y108.761 F7200
G1 E9.17168 F2400
G92 E0
G1 X102.234 Y102.937 F7200
G1 E2 F2400
;TYPE:Internal infill
;WIDTH:0.45
G1 F3600
G1 X99.792 Y102.937 E2.08267
G1 X97.555 Y105.174 E2.18976
G1 X99.417 Y105.174 E2.2528
G1 X97.18 Y102.937 E2.35988
G1 X95.937 Y102.937 E2.40196
G1 X95.937 Y104.137 E2.44256
G1 E.44256 F2400
G92 E0
G1 X100.684 Y105.174 F7200
G1 E2 F2400
G1 F3600
G1 X102.007 Y105.174 E2.04478
G1 X102.178 Y105.191 E2.0506
G1 X103.107 Y105.379 E2.08267
G1 X105.549 Y102.937 E2.19954
G1 X102.937 Y102.937 E2.28793
G1 X105.953 Y105.953 E2.43227
G1 X107.898 Y106.345 E2.49944
G1 X111.306 Y102.937 E2.66257
G1 X108.694 Y102.937 E2.75096
G1 X112.32 Y106.563 E2.92449
G1 X113.437 Y106.563 E2.96233
G1 X117.063 Y102.937 E3.13587
G1 X114.451 Y102.937 E3.22426
G1 X118.077 Y106.563 E3.39779
G1 X118.504 Y106.563 E3.41227
G1 X118.951 Y106.594 E3.42742
G1 X119.126 Y106.63 E3.4335
G1 X122.82 Y102.937 E3.61028
G1 X120.208 Y102.937 E3.69867
G1 X124.063 Y106.792 E3.88318
G1 X124.063 Y107.451 E3.9055
G1 X121.903 Y109.611 E4.00888
G1 X121.937 Y110.065 E4.0243
G1 X121.9 Y110.386 E4.03522
G1 X124.063 Y112.549 E4.13876
G1 X124.063 Y113.208 E4.16109
G1 X120.208 Y117.063 E4.34559
G1 X122.82 Y117.063 E4.43398
G1 X119.131 Y113.374 E4.61056
G1 X118.505 Y113.437 E4.63186
G1 X118.077 Y113.437 E4.64636
G1 X114.451 Y117.063 E4.8199
G1 X117.063 Y117.063 E4.90828
G1 X113.437 Y113.437 E5.08182
G1 X112.32 Y113.437 E5.11966
G1 X108.694 Y117.063 E5.2932
G1 X111.306 Y117.063 E5.38158
G1 X107.898 Y113.655 E5.5447
G1 X105.953 Y114.047 E5.61188
G1 X102.937 Y117.063 E5.75622
G1 X105.549 Y117.063 E5.84461
G1 X103.107 Y114.621 E5.96148
G1 X102.153 Y114.813 E5.99442
G1 X100.684 Y114.816 E6.04416
G1 E4.04416 F2400
G92 E0
G1 X102.234 Y117.063 F7200
G1 E2 F2400
G1 F3600
G1 X99.792 Y117.063 E2.08267
G1 X97.551 Y114.822 E2.18992
G1 X99.424 Y114.819 E2.25331
G1 X97.18 Y117.063 E2.36072
G1 X95.937 Y117.063 E2.4028
G1 X95.937 Y115.863 E2.4434
;LAYER_CHANGE
;Z:7.6
;HEIGHT:0.2
G1 Z7.6 F7200
G1 E.4434 F2400
G92 E0
G1 X121.438 Y108.941 F7200
G1 E2 F2400
;TYPE:Perimeter
;WIDTH:0.449999
G1 X121.41 Y108.848 E2.0033
G1 X121.179 Y108.383 E2.02087
G1 X120.808 Y107.886 E2.04186
G1 X120.382 Y107.499 E2.06133
G1 X119.943 Y107.223 E2.0789
G1 X119.481 Y107.028 E2.09589
G1 X119.012 Y106.911 E2.11224
G1 X118.501 Y106.868 E2.1296
G1 X108.425 Y106.868 E2.47066
G1 X102.126 Y105.565 E2.68838
G1 X95.632 Y105.552 E2.90819
G1 X95.632 Y102.632 E3.00703
G1 X124.368 Y102.632 E3.97971
G1 X124.368 Y117.368 E4.4785
G1 X95.632 Y117.368 E5.45117
G1 X95.632 Y114.448 E5.55001
G1 X102.124 Y114.435 E5.76976
G1 X108.425 Y113.132 E5.98755
G1 X118.501 Y113.132 E6.32861
G1 X119.024 Y113.086 E6.34638
G1 X119.579 Y112.938 E6.36584
G1 X120.048 Y112.721 E6.38331
G1 X120.519 Y112.392 E6.40277
G1 X120.887 Y112.025 E6.42035
G1 X121.179 Y111.617 E6.43733
G1 X121.397 Y111.186 E6.45369
G1 X121.564 Y110.637 E6.47312
G1 X121.63 Y110.017 E6.49421
G1 X121.572 Y109.4 E6.5152
G1 X121.454 Y108.999 E6.52934
G1 X121.054 Y109.054 F7200
;TYPE:External perimeter
G1 F1800
G1 X120.849 Y108.62 E6.5456
G1 X120.556 Y108.213 E6.56258
G1 X120.186 Y107.861 E6.57985
G1 X119.785 Y107.598 E6.5961
G1 X119.323 Y107.403 E6.61308
G1 X118.921 Y107.308 E6.62705
G1 X118.501 Y107.275 E6.64132
G1 X108.383 Y107.275 E6.98378
G1 X102.002 Y105.959 E7.20432
G1 X95.225 Y105.959 E7.43372
G1 X95.225 Y102.225 E7.56012
G1 X124.775 Y102.225 E8.56035
G1 X124.775 Y117.775 E9.0867
G1 X95.225 Y117.775 E10.08693
G1 X95.225 Y114.041 E10.21333
G1 X102.002 Y114.041 E10.44273
G1 X106.408 Y113.146 E10.59491
G1 X108.382 Y112.725 E10.66323
G1 X118.501 Y112.725 E11.00573
G1 X118.891 Y112.696 E11.01899
G1 X119.382 Y112.577 E11.03607
G1 X119.788 Y112.401 E11.05108
G1 X120.21 Y112.12 E11.06822
G1 X120.556 Y111.787 E11.08447
G1 X120.849 Y111.38 E11.10145
G1 X121.031 Y111.01 E11.11541
G1 X121.16 Y110.586 E11.1304
G1 X121.224 Y110.048 E11.14876
G1 X121.186 Y109.547 E11.16575
G1 X121.07 Y109.112 E11.18098
G1 X121.311 Y108.747 F7200
G1 E9.18098 F2400
G92 E0
G1 X102.234 Y102.937 F7200
G1 E2 F2400
;TYPE:Internal infill
;WIDTH:0.45
G1 F3600
G1 X99.792 Y102.937 E2.08267
G1 X97.482 Y105.247 E2.19323
G1 X99.49 Y105.247 E2.26119
G1 X97.18 Y102.937 E2.37175
G1 X95.937 Y102.937 E2.41382
G1 X95.937 Y104.137 E2.45442
G1 E.45442 F2400
G92 E0
G1 X100.62 Y105.247 F7200
G1 E2 F2400
G1 F3600
G1 X102.007 Y105.247 E2.04697
G1 X102.183 Y105.265 E2.05293
G1 X103.043 Y105.443 E2.08267
G1 X105.549 Y102.937 E2.20261
G1 X102.937 Y102.937 E2.291
G1 X106.069 Y106.069 E2.4409
G1 X107.813 Y106.43 E2.5012
G1 X111.306 Y102.937 E2.66837
G1 X108.694 Y102.937 E2.75676
G1 X112.32 Y106.563 E2.9303
G1 X113.437 Y106.563 E2.96813
G1 X117.063 Y102.937 E3.14167
G1 X114.451 Y102.937 E3.23006
G1 X118.077 Y106.563 E3.4036
G1 X118.504 Y106.563 E3.41808
G1 X118.951 Y106.594 E3.43322
G1 X119.126 Y106.63 E3.4393
G1 X122.82 Y102.937 E3.61609
G1 X120.208 Y102.937 E3.70448
G1 X124.063 Y106.792 E3.88898
G1 X124.063 Y107.451 E3.91131
G1 X121.897 Y109.617 E4.01497
G1 X121.935 Y109.998 E4.02795
G1 X121.903 Y110.389 E4.04121
G1 X124.063 Y112.549 E4.1446
G1 X124.063 Y113.208 E4.16693
G1 X120.208 Y117.063 E4.35143
G1 X122.82 Y117.063 E4.43982
G1 X119.128 Y113.371 E4.61654
G1 X119.034 Y113.396 E4.61983
G1 X118.505 Y113.437 E4.6378
G1 X118.077 Y113.437 E4.65229
G1 X114.451 Y117.063 E4.82583
G1 X117.063 Y117.063 E4.91422
G1 X113.437 Y113.437 E5.08775
G1 X112.32 Y113.437 E5.12559
G1 X108.694 Y117.063 E5.29913
G1 X111.306 Y117.063 E5.38752
G1 X107.817 Y113.574 E5.55451
G1 X106.055 Y113.945 E5.61548
G1 X102.937 Y117.063 E5.7647
G1 X105.549 Y117.063 E5.85309
G1 X103.045 Y114.559 E5.97294
G1 X102.153 Y114.741 E6.00374
G1 X100.621 Y114.744 E6.05561
G1 E4.05561 F2400
G92 E0
G1 X102.234 Y117.063 F7200
G1 E2 F2400
G1 F3600
G1 X99.792 Y117.063 E2.08267
G1 X97.479 Y114.75 E2.19338
G1 X99.497 Y114.746 E2.26169
G1 X97.18 Y117.063 E2.37259
G1 X95.937 Y117.063 E2.41466
G1 X95.937 Y115.863 E2.45526
;LAYER_CHANGE
;Z:7.8
;HEIGHT:0.2
G1 Z7.8 F7200
G1 E.45526 F2400
G92 E0
G1 X121.464 Y109.013 F7200
G1 E2 F2400
;TYPE:Perimeter
;WIDTH:0.449999
G1 X121.18 Y108.383 E2.0234
G1 X120.809 Y107.886 E2.04438
G1 X120.386 Y107.502 E2.0637
G1 X119.943 Y107.223 E2.08144
G1 X119.481 Y107.028 E2.09842
G1 X119.012 Y106.911 E2.11478
G1 X118.501 Y106.868 E2.13213
G1 X107.832 Y106.868 E2.49326
G1 X105.99 Y106.463 E2.55708
G1 X105.833 Y106.449 E2.56245
G1 X104.136 Y106.065 E2.62134
G1 X102.002 Y105.637 E2.69499
G1 X95.632 Y105.637 E2.91061
G1 X95.632 Y102.632 E3.01234
G1 X124.368 Y102.632 E3.98501
G1 X124.368 Y117.368 E4.4838
G1 X95.632 Y117.368 E5.45647
G1 X95.632 Y114.363 E5.5582
G1 X102.002 Y114.363 E5.77382
G1 X104.136 Y113.935 E5.84747
G1 X105.67 Y113.588 E5.90073
G1 X106 Y113.535 E5.91202
G1 X107.006 Y113.298 E5.94701
G1 X107.837 Y113.132 E5.97571
G1 X118.501 Y113.132 E6.33665
G1 X118.981 Y113.095 E6.35297
G1 X119.481 Y112.972 E6.37037
G1 X120.047 Y112.721 E6.39134
G1 X120.515 Y112.395 E6.41067
G1 X120.887 Y112.025 E6.4284
G1 X121.179 Y111.617 E6.44538
G1 X121.432 Y111.096 E6.46499
G1 X121.572 Y110.599 E6.48249
G1 X121.63 Y110.027 E6.50192
G1 X121.591 Y109.512 E6.51942
G1 X121.479 Y109.071 E6.53482
G1 X121.046 Y109.048 F7200
;TYPE:External perimeter
G1 F1800
G1 X120.849 Y108.62 E6.55074
G1 X120.556 Y108.213 E6.56773
G1 X120.19 Y107.864 E6.58485
G1 X119.785 Y107.598 E6.60125
G1 X119.323 Y107.403 E6.61823
G1 X118.921 Y107.308 E6.63219
G1 X118.501 Y107.275 E6.64646
G1 X107.788 Y107.275 E7.00908
G1 X105.903 Y106.861 E7.07441
G1 X105.79 Y106.857 E7.07823
G1 X104.053 Y106.464 E7.13851
G1 X102.002 Y106.044 E7.20937
G1 X95.225 Y106.044 E7.43877
G1 X95.225 Y102.225 E7.56805
G1 X124.775 Y102.225 E8.56828
G1 X124.775 Y117.775 E9.09463
G1 X95.225 Y117.775 E10.09486
G1 X95.225 Y113.956 E10.22415
G1 X102.002 Y113.956 E10.45355
G1 X104.053 Y113.536 E10.52441
G1 X105.58 Y113.191 E10.57741
G1 X105.906 Y113.139 E10.58857
G1 X106.919 Y112.9 E10.62381
G1 X107.797 Y112.725 E10.65411
G1 X118.501 Y112.725 E11.01641
G1 X118.891 Y112.696 E11.02965
G1 X119.323 Y112.597 E11.04464
G1 X119.785 Y112.402 E11.06163
G1 X120.207 Y112.123 E11.07875
G1 X120.556 Y111.787 E11.09515
G1 X120.849 Y111.38 E11.11213
G1 X121.031 Y111.009 E11.12609
G1 X121.16 Y110.584 E11.14114
G1 X121.223 Y110.087 E11.1581
G1 X121.195 Y109.605 E11.17446
G1 X121.071 Y109.102 E11.19198
G1 X121.304 Y108.743 F7200
G1 E9.19198 F2400
G92 E0
G1 X102.234 Y102.937 F7200
G1 E2 F2400
;TYPE:Internal infill
;WIDTH:0.45
G1 F3600
G1 X99.792 Y102.937 E2.08267
G1 X97.397 Y105.332 E2.19731
G1 X99.575 Y105.332 E2.27103
G1 X97.18 Y102.937 E2.38566
G1 X95.937 Y102.937 E2.42774
G1 X95.937 Y104.137 E2.46834
G1 E.46834 F2400
G92 E0
G1 X100.548 Y105.332 F7200
G1 E2 F2400
G1 F3600
G1 X102.007 Y105.332 E2.0494
G1 X102.182 Y105.35 E2.05535
G1 X102.973 Y105.513 E2.08267
G1 X105.549 Y102.937 E2.20598
G1 X102.937 Y102.937 E2.29436
G1 X106.196 Y106.196 E2.45033
G1 X107.714 Y106.529 E2.50295
G1 X111.306 Y102.937 E2.67489
G1 X108.694 Y102.937 E2.76328
G1 X112.32 Y106.563 E2.93682
G1 X113.437 Y106.563 E2.97465
G1 X117.063 Y102.937 E3.14819
G1 X114.451 Y102.937 E3.23658
G1 X118.077 Y106.563 E3.41012
G1 X118.504 Y106.563 E3.4246
G1 X118.951 Y106.594 E3.43974
G1 X119.126 Y106.63 E3.44582
G1 X122.82 Y102.937 E3.62261
G1 X120.208 Y102.937 E3.711
G1 X124.063 Y106.792 E3.8955
G1 X124.063 Y107.451 E3.91783
G1 X121.903 Y109.611 E4.0212
G1 X121.935 Y110.013 E4.03485
G1 X121.9 Y110.386 E4.04755
G1 X124.063 Y112.549 E4.15106
G1 X124.063 Y113.208 E4.17339
G1 X120.208 Y117.063 E4.35789
G1 X122.82 Y117.063 E4.44628
G1 X119.123 Y113.366 E4.62323
G1 X118.952 Y113.406 E4.62918
G1 X118.504 Y113.437 E4.64437
G1 X118.077 Y113.437 E4.65885
G1 X114.451 Y117.063 E4.83238
G1 X117.063 Y117.063 E4.92077
G1 X113.437 Y113.437 E5.09431
G1 X112.32 Y113.437 E5.13215
G1 X108.694 Y117.063 E5.30568
G1 X111.306 Y117.063 E5.39407
G1 X107.711 Y113.468 E5.56612
G1 X107.071 Y113.596 E5.58824
G1 X106.198 Y113.802 E5.61858
G1 X102.937 Y117.063 E5.77468
G1 X105.549 Y117.063 E5.86306
G1 X102.973 Y114.487 E5.98638
G1 X102.153 Y114.656 E6.01469
G1 X100.547 Y114.659 E6.06905
G1 E4.06905 F2400
G92 E0
G1 X102.234 Y117.063 F7200
G1 E2 F2400
G1 F3600
G1 X99.792 Y117.063 E2.08267
G1 X97.394 Y114.665 E2.19745
G1 X99.582 Y114.661 E2.27152
G1 X97.18 Y117.063 E2.3865
G1 X95.937 Y117.063 E2.42858
G1 X95.937 Y115.863 E2.46918
;LAYER_CHANGE
;Z:8
;HEIGHT:0.2
G1 Z8 F7200
G1 E.46918 F2400
G92 E0
G1 X121.464 Y109.012 F7200
G1 E2 F2400
;TYPE:Perimeter
;WIDTH:0.449999
G1 X121.18 Y108.383 E2.02338
G1 X120.809 Y107.887 E2.04434
G1 X120.39 Y107.505 E2.06352
G1 X119.943 Y107.223 E2.08141
G1 X119.481 Y107.028 E2.0984
G1 X119.012 Y106.911 E2.11475
G1 X118.501 Y106.868 E2.13211
G1 X107.225 Y106.868 E2.51378
G1 X105.943 Y106.581 E2.55826
G1 X105.521 Y106.522 E2.57267
G1 X104.706 Y106.303 E2.60124
G1 X102.131 Y105.749 E2.6904
G1 X102.002 Y105.736 E2.69477
G1 X95.632 Y105.736 E2.9104
G1 X95.632 Y102.632 E3.01545
G1 X124.368 Y102.632 E3.98812
G1 X124.368 Y117.368 E4.48691
G1 X95.632 Y117.368 E5.45958
G1 X95.632 Y114.264 E5.56463
G1 X102.002 Y114.264 E5.78025
G1 X102.131 Y114.251 E5.78462
G1 X104.706 Y113.697 E5.87379
G1 X104.976 Y113.6 E5.8835
G1 X105.548 Y113.472 E5.90335
G1 X105.996 Y113.411 E5.91863
G1 X107.224 Y113.132 E5.96126
G1 X118.501 Y113.132 E6.34297
G1 X118.981 Y113.095 E6.35929
G1 X119.481 Y112.972 E6.37669
G1 X119.943 Y112.777 E6.39367
G1 X120.438 Y112.457 E6.41363
G1 X120.886 Y112.025 E6.43471
G1 X121.179 Y111.617 E6.4517
G1 X121.397 Y111.186 E6.46806
G1 X121.564 Y110.637 E6.48749
G1 X121.63 Y110.027 E6.50826
G1 X121.59 Y109.507 E6.5259
G1 X121.479 Y109.07 E6.54116
G1 X121.044 Y109.043 F7200
;TYPE:External perimeter
G1 F1800
G1 X120.849 Y108.62 E6.55693
G1 X120.556 Y108.213 E6.57392
G1 X120.193 Y107.867 E6.59089
G1 X119.785 Y107.598 E6.60744
G1 X119.323 Y107.403 E6.62442
G1 X118.921 Y107.308 E6.63838
G1 X118.501 Y107.275 E6.65265
G1 X107.18 Y107.275 E7.03584
G1 X105.854 Y106.978 E7.08184
G1 X105.432 Y106.92 E7.09627
G1 X104.62 Y106.701 E7.12471
G1 X102.002 Y106.143 E7.21533
G1 X95.225 Y106.143 E7.44473
G1 X95.225 Y102.225 E7.57734
G1 X124.775 Y102.225 E8.57757
G1 X124.775 Y117.775 E9.10392
G1 X95.225 Y117.775 E10.10415
G1 X95.225 Y113.857 E10.23675
G1 X102.002 Y113.857 E10.46616
G1 X104.62 Y113.299 E10.55677
G1 X104.857 Y113.21 E10.56533
G1 X105.459 Y113.074 E10.58621
G1 X105.906 Y113.014 E10.60146
G1 X107.178 Y112.725 E10.64563
G1 X118.501 Y112.725 E11.0289
G1 X118.891 Y112.696 E11.04214
G1 X119.323 Y112.597 E11.05713
G1 X119.785 Y112.402 E11.07411
G1 X120.161 Y112.159 E11.08928
G1 X120.556 Y111.787 E11.10763
G1 X120.849 Y111.38 E11.12462
G1 X121.031 Y111.01 E11.13858
G1 X121.16 Y110.586 E11.15357
G1 X121.223 Y110.088 E11.17055
G1 X121.194 Y109.6 E11.18709
G1 X121.069 Y109.098 E11.20462
G1 X121.302 Y108.738 F7200
G1 E9.20462 F2400
G92 E0
G1 X105.264 Y106.152 F7200
G1 E2 F2400
;TYPE:Internal infill
;WIDTH:0.45
G1 F3600
G1 X105.065 Y106.107 E2.0069
G1 X104.776 Y106.006 E2.01725
G1 X102.887 Y105.599 E2.08267
G1 X105.549 Y102.937 E2.21011
G1 X102.937 Y102.937 E2.29849
G1 X106.362 Y106.362 E2.46243
G1 X107.259 Y106.563 E2.49354
G1 X107.68 Y106.563 E2.50781
G1 X111.306 Y102.937 E2.68134
G1 X108.694 Y102.937 E2.76973
G1 X112.32 Y106.563 E2.94327
G1 X113.437 Y106.563 E2.98111
G1 X117.063 Y102.937 E3.15464
G1 X114.451 Y102.937 E3.24303
G1 X118.077 Y106.563 E3.41657
G1 X118.504 Y106.563 E3.43105
G1 X118.951 Y106.594 E3.44619
G1 X119.126 Y106.63 E3.45227
G1 X122.82 Y102.937 E3.62906
G1 X120.208 Y102.937 E3.71745
G1 X124.063 Y106.792 E3.90195
G1 X124.063 Y107.451 E3.92428
G1 X121.903 Y109.611 E4.02767
G1 X121.935 Y110.012 E4.04129
G1 X121.899 Y110.385 E4.05398
G1 X124.063 Y112.549 E4.15753
G1 X124.063 Y113.208 E4.17986
G1 X120.208 Y117.063 E4.36437
G1 X122.82 Y117.063 E4.45275
G1 X119.123 Y113.366 E4.6297
G1 X118.952 Y113.406 E4.63565
G1 X118.504 Y113.437 E4.65084
G1 X118.077 Y113.437 E4.66532
G1 X114.451 Y117.063 E4.83886
G1 X117.063 Y117.063 E4.92725
G1 X113.437 Y113.437 E5.10078
G1 X112.32 Y113.437 E5.13862
G1 X108.694 Y117.063 E5.31216
G1 X111.306 Y117.063 E5.40055
G1 X107.68 Y113.437 E5.57408
G1 X107.258 Y113.437 E5.58839
G1 X106.359 Y113.641 E5.61958
G1 X102.937 Y117.063 E5.78337
G1 X105.549 Y117.063 E5.87176
G1 X102.886 Y114.4 E5.99921
G1 X104.776 Y113.994 E6.06465
G1 X105.064 Y113.893 E6.07496
G1 X105.263 Y113.848 E6.08189
G1 E4.08189 F2400
G92 E0
G1 X102.234 Y117.063 F7200
G1 E2 F2400
G1 F3600
G1 X99.792 Y117.063 E2.08267
G1 X97.296 Y114.567 E2.20214
G1 X99.681 Y114.562 E2.28286
G1 X97.18 Y117.063 E2.40255
G1 X95.937 Y117.063 E2.44462
G1 X95.937 Y115.863 E2.48522
G1 E.48522 F2400
G92 E0
G1 X95.937 Y104.137 F7200
G1 E2 F2400
G1 F3600
G1 X95.937 Y102.937 E2.0406
G1 X97.18 Y102.937 E2.08267
G1 X99.673 Y105.43 E2.20201
G1 X97.299 Y105.43 E2.28238
G1 X99.792 Y102.937 E2.40171
G1 X102.234 Y102.937 E2.48438
;LAYER_CHANGE
;Z:8.2
;HEIGHT:0.2
G1 Z8.2 F7200
G1 E.48438 F2400
G92 E0
G1 X121.405 Y108.852 F7200
G1 E2 F2400
;TYPE:Perimeter
;WIDTH:0.449999
G1 X121.179 Y108.383 E2.01763
G1 X120.806 Y107.884 E2.03872
G1 X120.438 Y107.543 E2.0557
G1 X119.943 Y107.223 E2.07566
G1 X119.481 Y107.028 E2.09263
G1 X119.012 Y106.911 E2.10899
G1 X118.501 Y106.868 E2.12635
G1 X106.527 Y106.868 E2.53165
G1 X105.259 Y106.605 E2.57546
G1 X104.711 Y106.439 E2.59488
G1 X102.136 Y105.863 E2.68419
G1 X102.002 Y105.848 E2.68873
G1 X95.632 Y105.848 E2.90436
G1 X95.632 Y102.632 E3.0132
G1 X124.368 Y102.632 E3.98588
G1 X124.368 Y117.368 E4.48467
G1 X95.632 Y117.368 E5.45734
G1 X95.632 Y114.152 E5.56619
G1 X102.002 Y114.152 E5.78181
G1 X102.136 Y114.138 E5.78635
G1 X104.711 Y113.561 E5.87566
G1 X105.248 Y113.395 E5.89472
G1 X106.003 Y113.266 E5.92064
G1 X106.56 Y113.132 E5.94004
G1 X118.501 Y113.132 E6.34421
G1 X119.022 Y113.086 E6.36193
G1 X119.566 Y112.943 E6.38096
G1 X120.046 Y112.721 E6.39886
G1 X120.508 Y112.401 E6.41789
G1 X120.887 Y112.025 E6.43595
G1 X121.179 Y111.617 E6.45293
G1 X121.397 Y111.186 E6.46929
G1 X121.564 Y110.637 E6.48872
G1 X121.63 Y110.017 E6.50981
G1 X121.571 Y109.397 E6.5309
G1 X121.431 Y108.906 E6.54818
G1 X121.043 Y109.024 F7200
;TYPE:External perimeter
G1 F1800
G1 X120.849 Y108.62 E6.56335
G1 X120.529 Y108.182 E6.5817
G1 X120.161 Y107.841 E6.59869
G1 X119.785 Y107.598 E6.61386
G1 X119.323 Y107.403 E6.63083
G1 X118.921 Y107.308 E6.6448
G1 X118.501 Y107.275 E6.65907
G1 X106.485 Y107.275 E7.06578
G1 X105.177 Y107.004 E7.111
G1 X104.622 Y106.836 E7.13064
G1 X102.002 Y106.255 E7.22146
G1 X95.225 Y106.255 E7.45086
G1 X95.225 Y102.225 E7.58727
G1 X124.775 Y102.225 E8.5875
G1 X124.775 Y117.775 E9.11385
G1 X95.225 Y117.775 E10.11408
G1 X95.225 Y113.745 E10.25048
G1 X102.002 Y113.745 E10.47989
G1 X104.622 Y113.164 E10.5707
G1 X105.16 Y112.997 E10.58978
G1 X105.908 Y112.87 E10.61547
G1 X106.512 Y112.725 E10.6365
G1 X118.501 Y112.725 E11.04229
G1 X118.891 Y112.696 E11.05555
G1 X119.369 Y112.581 E11.0722
G1 X119.788 Y112.401 E11.08762
G1 X120.2 Y112.128 E11.10434
G1 X120.556 Y111.787 E11.12103
G1 X120.849 Y111.38 E11.13801
G1 X121.031 Y111.01 E11.15197
G1 X121.16 Y110.586 E11.16696
G1 X121.224 Y110.048 E11.18532
G1 X121.179 Y109.507 E11.20368
G1 X121.06 Y109.082 E11.21864
G1 X121.298 Y108.715 F7200
G1 E9.21864 F2400
G92 E0
G1 X105.163 Y106.267 F7200
G1 E2 F2400
;TYPE:Internal infill
;WIDTH:0.45
G1 F3600
G1 X104.782 Y106.142 E2.01358
G1 X102.79 Y105.696 E2.08268
G1 X105.549 Y102.937 E2.21473
G1 X102.937 Y102.937 E2.30312
G1 X106.563 Y106.563 E2.47666
G1 X107.68 Y106.563 E2.51449
G1 X111.306 Y102.937 E2.68803
G1 X108.694 Y102.937 E2.77642
G1 X112.32 Y106.563 E2.94996
G1 X113.437 Y106.563 E2.98779
G1 X117.063 Y102.937 E3.16133
G1 X114.451 Y102.937 E3.24972
G1 X118.077 Y106.563 E3.42326
G1 X118.504 Y106.563 E3.43773
G1 X118.951 Y106.594 E3.45288
G1 X119.126 Y106.63 E3.45896
G1 X122.82 Y102.937 E3.63575
G1 X120.208 Y102.937 E3.72413
G1 X124.063 Y106.792 E3.90864
G1 X124.063 Y107.451 E3.93097
G1 X121.905 Y109.609 E4.03426
G1 X121.937 Y110.066 E4.04976
G1 X121.895 Y110.381 E4.06052
G1 X124.063 Y112.549 E4.16428
G1 X124.063 Y113.208 E4.18661
G1 X120.208 Y117.063 E4.37111
G1 X122.82 Y117.063 E4.4595
G1 X119.121 Y113.364 E4.63654
G1 X118.953 Y113.406 E4.64242
G1 X118.504 Y113.437 E4.65763
G1 X118.077 Y113.437 E4.67211
G1 X114.451 Y117.063 E4.84565
G1 X117.063 Y117.063 E4.93404
G1 X113.437 Y113.437 E5.10757
G1 X112.32 Y113.437 E5.14541
G1 X108.694 Y117.063 E5.31895
G1 X111.306 Y117.063 E5.40734
G1 X107.68 Y113.437 E5.58087
G1 X106.552 Y113.448 E5.61906
G1 X102.937 Y117.063 E5.7921
G1 X105.549 Y117.063 E5.88049
G1 X102.789 Y114.303 E6.01257
G1 X104.782 Y113.858 E6.08168
G1 X105.163 Y113.733 E6.09525
G1 E4.09525 F2400
G92 E0
G1 X102.234 Y117.063 F7200
G1 E2 F2400
G1 F3600
G1 X99.792 Y117.063 E2.08267
G1 X97.184 Y114.455 E2.2075
G1 X99.793 Y114.45 E2.29582
G1 X97.18 Y117.063 E2.42089
G1 X95.937 Y117.063 E2.46297
G1 X95.937 Y115.863 E2.50357
G1 E.50357 F2400
G92 E0
G1 X95.937 Y104.137 F7200
G1 E2 F2400
G1 F3600
G1 X95.937 Y102.937 E2.0406
G1 X97.18 Y102.937 E2.08267
G1 X99.785 Y105.542 E2.20738
G1 X97.187 Y105.542 E2.29535
G1 X99.792 Y102.937 E2.42005
G1 X102.234 Y102.937 E2.50273
;LAYER_CHANGE
;Z:8.4
;HEIGHT:0.2
G1 Z8.4 F7200
G1 E.50273 F2400
G92 E0
G1 X121.464 Y109.014 F7200
G1 E2 F2400
;TYPE:Perimeter
;WIDTH:0.449999
G1 X121.18 Y108.383 E2.02342
G1 X120.81 Y107.887 E2.04435
G1 X120.397 Y107.511 E2.06324
G1 X119.943 Y107.223 E2.08145
G1 X119.481 Y107.028 E2.09844
G1 X119.012 Y106.911 E2.11479
G1 X118.501 Y106.868 E2.13215
G1 X105.827 Y106.868 E2.56115
G1 X105.225 Y106.741 E2.58196
G1 X104.351 Y106.5 E2.61265
G1 X102.139 Y105.991 E2.68947
G1 X102.002 Y105.975 E2.69414
G1 X95.632 Y105.975 E2.90977
G1 X95.632 Y102.632 E3.02293
G1 X124.368 Y102.632 E3.99561
G1 X124.368 Y117.368 E4.4944
G1 X95.632 Y117.368 E5.46707
G1 X95.632 Y114.025 E5.58023
G1 X102.002 Y114.025 E5.79586
G1 X102.139 Y114.009 E5.80053
G1 X104.351 Y113.5 E5.87735
G1 X105.292 Y113.24 E5.91038
G1 X105.833 Y113.132 E5.92907
G1 X118.501 Y113.132 E6.35785
G1 X118.981 Y113.095 E6.37417
G1 X119.481 Y112.972 E6.39157
G1 X119.943 Y112.777 E6.40855
G1 X120.438 Y112.457 E6.4285
G1 X120.806 Y112.116 E6.44548
G1 X121.162 Y111.646 E6.46543
G1 X121.433 Y111.095 E6.48624
G1 X121.574 Y110.585 E6.50415
G1 X121.631 Y110.063 E6.52192
G1 X121.597 Y109.55 E6.53931
G1 X121.478 Y109.072 E6.556
G1 X121.043 Y109.042 F7200
;TYPE:External perimeter
G1 F1800
G1 X120.849 Y108.62 E6.57173
G1 X120.556 Y108.213 E6.58872
G1 X120.2 Y107.872 E6.60541
G1 X119.785 Y107.598 E6.62224
G1 X119.323 Y107.403 E6.63922
G1 X118.921 Y107.308 E6.65319
G1 X118.501 Y107.275 E6.66746
G1 X105.786 Y107.275 E7.09783
G1 X105.117 Y107.133 E7.121
G1 X104.26 Y106.897 E7.15109
G1 X102.002 Y106.382 E7.22945
G1 X95.225 Y106.382 E7.45886
G1 X95.225 Y102.225 E7.59958
G1 X124.775 Y102.225 E8.59981
G1 X124.775 Y117.775 E9.12616
G1 X95.225 Y117.775 E10.12639
G1 X95.225 Y113.618 E10.26712
G1 X102.002 Y113.618 E10.49652
G1 X104.26 Y113.103 E10.57489
G1 X105.198 Y112.844 E10.60783
G1 X105.793 Y112.725 E10.62838
G1 X118.501 Y112.725 E11.05852
G1 X118.891 Y112.696 E11.07177
G1 X119.323 Y112.597 E11.08676
G1 X119.785 Y112.402 E11.10373
G1 X120.161 Y112.159 E11.1189
G1 X120.529 Y111.818 E11.13588
G1 X120.799 Y111.461 E11.15105
G1 X121.028 Y111.014 E11.16803
G1 X121.163 Y110.572 E11.18369
G1 X121.223 Y110.087 E11.20023
G1 X121.2 Y109.641 E11.21534
G1 X121.068 Y109.097 E11.23428
G1 X121.302 Y108.737 F7200
G1 E9.23428 F2400
G92 E0
G1 X95.937 Y104.349 F7200
G1 E2 F2400
;TYPE:Internal infill
;WIDTH:0.45
G1 F3600
G1 X95.937 Y105.67 E2.04471
G1 X97.059 Y105.67 E2.08267
G1 X99.792 Y102.937 E2.21348
G1 X97.18 Y102.937 E2.30187
G1 X99.913 Y105.67 E2.43268
G1 X102.008 Y105.67 E2.5036
G1 X102.202 Y105.692 E2.51021
G1 X102.683 Y105.803 E2.52692
G1 X105.549 Y102.937 E2.66408
G1 X102.937 Y102.937 E2.75247
G1 X106.563 Y106.563 E2.92601
G1 X107.68 Y106.563 E2.96385
G1 X111.306 Y102.937 E3.13738
G1 X108.694 Y102.937 E3.22577
G1 X112.32 Y106.563 E3.39931
G1 X113.437 Y106.563 E3.43715
G1 X117.063 Y102.937 E3.61068
G1 X114.451 Y102.937 E3.69907
G1 X118.077 Y106.563 E3.87261
G1 X118.505 Y106.563 E3.88712
G1 X119.13 Y106.627 E3.90839
G1 X122.82 Y102.937 E4.08499
G1 X120.208 Y102.937 E4.17338
G1 X124.063 Y106.792 E4.35788
G1 X124.063 Y107.451 E4.38021
G1 X121.905 Y109.609 E4.4835
G1 X121.937 Y110.065 E4.49897
G1 X121.902 Y110.388 E4.50996
G1 X124.063 Y112.549 E4.6134
G1 X124.063 Y113.208 E4.63573
G1 X120.208 Y117.063 E4.82024
G1 X122.82 Y117.063 E4.90862
G1 X119.129 Y113.372 E5.08529
G1 X119.033 Y113.396 E5.08864
G1 X118.505 Y113.437 E5.10657
G1 X118.077 Y113.437 E5.12107
G1 X114.451 Y117.063 E5.29461
G1 X117.063 Y117.063 E5.383
G1 X113.437 Y113.437 E5.55653
G1 X112.32 Y113.437 E5.59437
G1 X108.694 Y117.063 E5.76791
G1 X111.306 Y117.063 E5.8563
G1 X107.68 Y113.437 E6.02983
G1 X106.563 Y113.437 E6.06767
G1 X102.937 Y117.063 E6.24121
G1 X105.549 Y117.063 E6.3296
G1 X102.683 Y114.196 E6.4668
G1 X102.155 Y114.318 E6.48513
G1 X99.921 Y114.322 E6.56074
G1 X97.18 Y117.063 E6.69193
G1 X99.792 Y117.063 E6.78031
G1 X97.057 Y114.328 E6.91124
G1 X95.937 Y114.33 E6.94912
G1 X95.937 Y115.653 E6.99391
;LAYER_CHANGE
;Z:8.6
;HEIGHT:0.200001
G1 Z8.6 F7200
G1 E4.99391 F2400
G92 E0
G1 X121.463 Y109.01 F7200
G1 E2 F2400
;TYPE:Perimeter
;WIDTH:0.449999
G1 X121.18 Y108.383 E2.02329
G1 X120.81 Y107.888 E2.0442
G1 X120.401 Y107.514 E2.06295
G1 X119.943 Y107.223 E2.08132
G1 X119.481 Y107.028 E2.09831
G1 X119.012 Y106.911 E2.11466
G1 X118.501 Y106.868 E2.13202
G1 X105.499 Y106.868 E2.57211
G1 X105.192 Y106.889 E2.58254
G1 X104.86 Y106.804 E2.59414
G1 X104.276 Y106.69 E2.61426
G1 X103.436 Y106.45 E2.64385
G1 X102.146 Y106.137 E2.68876
G1 X102.003 Y106.12 E2.69366
G1 X95.632 Y106.12 E2.9093
G1 X95.632 Y102.632 E3.02735
G1 X124.368 Y102.632 E4.00002
G1 X124.368 Y117.368 E4.49881
G1 X95.632 Y117.368 E5.47149
G1 X95.632 Y113.88 E5.58954
G1 X102.003 Y113.88 E5.80517
G1 X102.146 Y113.863 E5.81008
G1 X103.436 Y113.55 E5.85499
G1 X104.277 Y113.31 E5.88459
G1 X104.679 Y113.241 E5.8984
G1 X105.192 Y113.111 E5.91632
G1 X105.499 Y113.132 E5.92674
G1 X118.864 Y113.109 E6.37913
G1 X119.387 Y113.001 E6.39718
G1 X119.913 Y112.793 E6.41634
G1 X120.434 Y112.461 E6.43725
G1 X120.837 Y112.081 E6.456
G1 X121.162 Y111.647 E6.47437
G1 X121.433 Y111.094 E6.4952
G1 X121.575 Y110.58 E6.51325
G1 X121.63 Y110.025 E6.53213
G1 X121.588 Y109.494 E6.55018
G1 X121.478 Y109.068 E6.56507
G1 X121.044 Y109.044 F7200
;TYPE:External perimeter
G1 F1800
G1 X120.849 Y108.62 E6.58086
G1 X120.556 Y108.213 E6.59785
G1 X120.203 Y107.875 E6.61439
G1 X119.785 Y107.598 E6.63137
G1 X119.323 Y107.403 E6.64835
G1 X118.921 Y107.308 E6.66232
G1 X118.501 Y107.275 E6.67659
G1 X105.499 Y107.275 E7.11667
G1 X105.155 Y107.3 E7.12836
G1 X104.171 Y107.083 E7.16246
G1 X103.34 Y106.845 E7.19172
G1 X102.003 Y106.527 E7.23825
G1 X95.225 Y106.527 E7.46767
G1 X95.225 Y102.225 E7.61328
G1 X124.775 Y102.225 E8.61351
G1 X124.775 Y117.775 E9.13986
G1 X95.225 Y117.775 E10.14009
G1 X95.225 Y113.473 E10.2857
G1 X102.003 Y113.473 E10.51511
G1 X103.34 Y113.155 E10.56165
G1 X104.171 Y112.916 E10.59092
G1 X104.624 Y112.837 E10.60647
G1 X105.155 Y112.7 E10.62505
G1 X105.499 Y112.725 E10.63672
G1 X118.751 Y112.713 E11.08528
G1 X119.21 Y112.629 E11.10108
G1 X119.7 Y112.445 E11.11879
G1 X120.129 Y112.184 E11.13578
G1 X120.492 Y111.857 E11.15232
G1 X120.799 Y111.461 E11.1693
G1 X121.028 Y111.014 E11.18629
G1 X121.164 Y110.567 E11.20209
G1 X121.223 Y110.086 E11.21849
G1 X121.197 Y109.622 E11.23424
G1 X121.069 Y109.099 E11.25248
G1 X121.303 Y108.739 F7200
G1 E9.25248 F2400
G92 E0
G1 X95.937 Y104.349 F7200
G1 E2 F2400
;TYPE:Internal infill
;WIDTH:0.45
G1 F3600
G1 X95.937 Y105.814 E2.0496
G1 X96.915 Y105.814 E2.08267
G1 X99.792 Y102.937 E2.2204
G1 X97.18 Y102.937 E2.30879
G1 X100.057 Y105.814 E2.44651
G1 X102.009 Y105.814 E2.51255
G1 X102.212 Y105.839 E2.5195
G1 X102.562 Y105.924 E2.53169
G1 X105.549 Y102.937 E2.67464
G1 X102.937 Y102.937 E2.76303
G1 X106.563 Y106.563 E2.93657
G1 X107.68 Y106.563 E2.9744
G1 X111.306 Y102.937 E3.14794
G1 X108.694 Y102.937 E3.23633
G1 X112.32 Y106.563 E3.40987
G1 X113.437 Y106.563 E3.4477
G1 X117.063 Y102.937 E3.62124
G1 X114.451 Y102.937 E3.70963
G1 X118.077 Y106.563 E3.88317
G1 X118.505 Y106.563 E3.89768
G1 X119.13 Y106.627 E3.91895
G1 X122.82 Y102.937 E4.09555
G1 X120.208 Y102.937 E4.18394
G1 X124.063 Y106.792 E4.36844
G1 X124.063 Y107.451 E4.39077
G1 X121.902 Y109.612 E4.49419
G1 X121.936 Y110.013 E4.50782
G1 X121.899 Y110.385 E4.52047
G1 X124.063 Y112.549 E4.62404
G1 X124.063 Y113.208 E4.64637
G1 X120.208 Y117.063 E4.83087
G1 X122.82 Y117.063 E4.91926
G1 X119.123 Y113.366 E5.0962
G1 X118.902 Y113.413 E5.10385
G1 X118.1 Y113.414 E5.13101
G1 X114.451 Y117.063 E5.30566
G1 X117.063 Y117.063 E5.39405
G1 X113.423 Y113.423 E5.56828
G1 X112.332 Y113.425 E5.6052
G1 X108.694 Y117.063 E5.77934
G1 X111.306 Y117.063 E5.86773
G1 X107.676 Y113.433 E6.04146
G1 X106.565 Y113.435 E6.07909
G1 X102.937 Y117.063 E6.25272
G1 X105.549 Y117.063 E6.34111
G1 X102.562 Y114.076 E6.48406
G1 X102.212 Y114.161 E6.49625
G1 X102.009 Y114.186 E6.5032
G1 X100.057 Y114.186 E6.56924
G1 X97.18 Y117.063 E6.70697
G1 X99.792 Y117.063 E6.79536
G1 X96.915 Y114.186 E6.93308
G1 X95.937 Y114.186 E6.96616
G1 X95.937 Y115.651 E7.01575
;LAYER_CHANGE
;Z:8.8
;HEIGHT:0.2
G1 Z8.8 F7200
G1 E5.01575 F2400
G92 E0
G1 X121.463 Y109.012 F7200
G1 E2 F2400
;TYPE:Perimeter
;WIDTH:0.449999
G1 X121.18 Y108.383 E2.02337
G1 X120.806 Y107.884 E2.04446
G1 X120.438 Y107.543 E2.06145
G1 X119.943 Y107.223 E2.0814
G1 X119.364 Y106.992 E2.10249
G1 X118.752 Y106.88 E2.12357
G1 X105.5 Y106.868 E2.57213
G1 X105.086 Y106.897 E2.58618
G1 X104.709 Y106.978 E2.59922
G1 X103.928 Y106.806 E2.62629
G1 X103.442 Y106.628 E2.64381
G1 X102.153 Y106.302 E2.68883
G1 X102.003 Y106.283 E2.69395
G1 X95.632 Y106.283 E2.90959
G1 X95.632 Y102.632 E3.03316
G1 X124.368 Y102.632 E4.00584
G1 X124.368 Y117.368 E4.50463
G1 X95.632 Y117.368 E5.4773
G1 X95.632 Y113.717 E5.60088
G1 X102.003 Y113.717 E5.81652
G1 X102.153 Y113.698 E5.82163
G1 X103.442 Y113.372 E5.86666
G1 X104.121 Y113.141 E5.89093
G1 X104.683 Y113.016 E5.91042
G1 X104.966 Y113.085 E5.92028
G1 X105.499 Y113.132 E5.93839
G1 X118.872 Y113.108 E6.39105
G1 X119.48 Y112.972 E6.41214
G1 X120.045 Y112.722 E6.43304
G1 X120.497 Y112.41 E6.45165
G1 X120.886 Y112.025 E6.47018
G1 X121.179 Y111.617 E6.48716
G1 X121.397 Y111.186 E6.50352
G1 X121.564 Y110.637 E6.52295
G1 X121.631 Y110.063 E6.5425
G1 X121.597 Y109.55 E6.5599
G1 X121.478 Y109.07 E6.57664
G1 X121.045 Y109.046 F7200
;TYPE:External perimeter
G1 F1800
G1 X120.849 Y108.62 E6.59252
G1 X120.529 Y108.182 E6.61088
G1 X120.161 Y107.841 E6.62786
G1 X119.785 Y107.598 E6.64303
G1 X119.284 Y107.391 E6.66138
G1 X118.751 Y107.287 E6.67974
G1 X105.499 Y107.275 E7.1283
G1 X105.116 Y107.303 E7.14133
G1 X104.713 Y107.396 E7.15532
G1 X103.812 Y107.198 E7.18653
G1 X103.342 Y107.023 E7.20351
G1 X102.003 Y106.69 E7.25023
G1 X95.225 Y106.69 E7.47964
G1 X95.225 Y102.225 E7.63078
G1 X124.775 Y102.225 E8.63101
G1 X124.775 Y117.775 E9.15736
G1 X95.225 Y117.775 E10.15759
G1 X95.225 Y113.31 E10.30873
G1 X102.003 Y113.31 E10.53814
G1 X103.342 Y112.977 E10.58486
G1 X103.703 Y112.843 E10.5979
G1 X104.196 Y112.699 E10.61527
G1 X104.704 Y112.602 E10.63278
G1 X104.926 Y112.656 E10.6405
G1 X105.499 Y112.725 E10.66005
G1 X118.791 Y112.709 E11.10998
G1 X119.322 Y112.597 E11.12834
G1 X119.785 Y112.402 E11.14533
G1 X120.19 Y112.136 E11.16172
G1 X120.556 Y111.787 E11.17885
G1 X120.849 Y111.38 E11.19583
G1 X121.031 Y111.01 E11.2098
G1 X121.16 Y110.586 E11.22478
G1 X121.223 Y110.088 E11.24176
G1 X121.2 Y109.641 E11.25693
G1 X121.07 Y109.101 E11.27573
G1 X121.304 Y108.741 F7200
G1 E9.27573 F2400
G92 E0
G1 X95.937 Y104.349 F7200
G1 E2 F2400
;TYPE:Internal infill
;WIDTH:0.45
G1 F3600
G1 X95.937 Y105.978 E2.05512
G1 X96.751 Y105.978 E2.08267
G1 X99.792 Y102.937 E2.22821
G1 X97.18 Y102.937 E2.3166
G1 X100.221 Y105.978 E2.46214
G1 X102.009 Y105.978 E2.52267
G1 X102.222 Y106.004 E2.52992
G1 X102.429 Y106.057 E2.53717
G1 X105.549 Y102.937 E2.6865
G1 X102.937 Y102.937 E2.77489
G1 X106.564 Y106.564 E2.94847
G1 X107.678 Y106.565 E2.9862
G1 X111.306 Y102.937 E3.15984
G1 X108.694 Y102.937 E3.24823
G1 X112.326 Y106.569 E3.42207
G1 X113.43 Y106.57 E3.45944
G1 X117.063 Y102.937 E3.63333
G1 X114.451 Y102.937 E3.72172
G1 X118.088 Y106.574 E3.89582
G1 X118.757 Y106.575 E3.91846
G1 X119.121 Y106.636 E3.93095
G1 X122.82 Y102.937 E4.108
G1 X120.208 Y102.937 E4.19639
G1 X124.063 Y106.792 E4.38089
G1 X124.063 Y107.451 E4.40322
G1 X121.91 Y109.604 E4.50625
G1 X121.937 Y110.067 E4.52194
G1 X121.9 Y110.386 E4.53284
G1 X124.063 Y112.549 E4.63635
G1 X124.063 Y113.208 E4.65868
G1 X120.208 Y117.063 E4.84318
G1 X122.82 Y117.063 E4.93157
G1 X119.12 Y113.364 E5.10864
G1 X118.903 Y113.413 E5.11618
G1 X118.1 Y113.414 E5.14338
G1 X114.451 Y117.063 E5.31803
G1 X117.063 Y117.063 E5.40642
G1 X113.423 Y113.423 E5.58065
G1 X112.332 Y113.425 E5.61757
G1 X108.694 Y117.063 E5.79171
G1 X111.306 Y117.063 E5.8801
G1 X107.676 Y113.433 E6.05383
G1 X106.565 Y113.435 E6.09146
G1 X102.937 Y117.063 E6.26509
G1 X105.549 Y117.063 E6.35348
G1 X102.429 Y113.943 E6.50281
G1 X102.222 Y113.996 E6.51006
G1 X102.009 Y114.022 E6.51731
G1 X100.221 Y114.022 E6.57784
G1 X97.18 Y117.063 E6.72338
G1 X99.792 Y117.063 E6.81177
G1 X96.751 Y114.022 E6.95731
G1 X95.937 Y114.022 E6.98486
G1 X95.937 Y115.651 E7.03998
;LAYER_CHANGE
;Z:9
;HEIGHT:0.2
G1 Z9 F7200
G1 E5.03998 F2400
G92 E0
G1 X121.463 Y109.011 F7200
G1 E2 F2400
;TYPE:Perimeter
;WIDTH:0.449999
G1 X121.18 Y108.383 E2.02334
G1 X120.811 Y107.888 E2.04422
G1 X120.408 Y107.52 E2.06269
G1 X119.943 Y107.223 E2.08138
G1 X119.364 Y106.992 E2.10247
G1 X118.752 Y106.88 E2.12355
G1 X105.436 Y106.869 E2.57428
G1 X104.764 Y106.959 E2.5972
G1 X104.315 Y107.115 E2.61331
G1 X103.454 Y106.847 E2.64381
G1 X102.165 Y106.493 E2.68908
G1 X102.003 Y106.471 E2.6946
G1 X95.632 Y106.471 E2.91025
G1 X95.632 Y102.632 E3.04019
G1 X124.368 Y102.632 E4.01286
G1 X124.368 Y117.368 E4.51165
G1 X95.632 Y117.368 E5.48433
G1 X95.632 Y113.529 E5.61427
G1 X102.003 Y113.529 E5.82991
G1 X102.165 Y113.507 E5.83544
G1 X103.454 Y113.153 E5.88071
G1 X104.314 Y112.884 E5.91118
G1 X104.788 Y113.047 E5.92815
G1 X105.438 Y113.131 E5.95033
G1 X118.872 Y113.108 E6.40507
G1 X119.48 Y112.972 E6.42617
G1 X120.045 Y112.723 E6.44705
G1 X120.494 Y112.412 E6.46552
G1 X120.886 Y112.025 E6.4842
G1 X121.179 Y111.617 E6.50118
G1 X121.397 Y111.186 E6.51754
G1 X121.564 Y110.637 E6.53698
G1 X121.631 Y110.063 E6.55652
G1 X121.597 Y109.55 E6.57392
G1 X121.478 Y109.07 E6.59069
G1 X121.046 Y109.048 F7200
;TYPE:External perimeter
G1 F1800
G1 X120.849 Y108.62 E6.60664
G1 X120.556 Y108.213 E6.62363
G1 X120.21 Y107.88 E6.63988
G1 X119.785 Y107.598 E6.65715
G1 X119.284 Y107.391 E6.67551
G1 X118.751 Y107.287 E6.69386
G1 X105.435 Y107.276 E7.1446
G1 X104.822 Y107.362 E7.16555
G1 X104.35 Y107.537 E7.18259
G1 X103.832 Y107.397 E7.20074
G1 X103.346 Y107.24 E7.21804
G1 X102.003 Y106.878 E7.26513
G1 X95.225 Y106.878 E7.49455
G1 X95.225 Y102.225 E7.65205
G1 X124.775 Y102.225 E8.65228
G1 X124.775 Y117.775 E9.17863
G1 X95.225 Y117.775 E10.17886
G1 X95.225 Y113.122 E10.33636
G1 X102.003 Y113.122 E10.56579
G1 X103.346 Y112.76 E10.61288
G1 X104.355 Y112.465 E10.64845
G1 X104.844 Y112.644 E10.66607
G1 X105.438 Y112.724 E10.68636
G1 X118.791 Y112.709 E11.13836
G1 X119.322 Y112.597 E11.15673
G1 X119.785 Y112.402 E11.17372
G1 X120.186 Y112.139 E11.18996
G1 X120.556 Y111.787 E11.20724
G1 X120.849 Y111.38 E11.22422
G1 X121.031 Y111.01 E11.23818
G1 X121.16 Y110.586 E11.25317
G1 X121.223 Y110.088 E11.27015
G1 X121.2 Y109.641 E11.28532
G1 X121.071 Y109.103 E11.30404
G1 X121.305 Y108.743 F7200
G1 E9.30404 F2400
G92 E0
G1 X105.59 Y106.747 F7200
G1 E2 F2400
;TYPE:Solid infill
;WIDTH:0.4518
G1 F3000
G1 X104.766 Y105.924 E2.03958
G1 X104.016 Y105.752 E2.06574
G1 X104.899 Y106.635 E2.10818
G1 X104.666 Y106.666 E2.11616
G1 X104.434 Y106.748 E2.12454
G1 X103.28 Y105.594 E2.18001
G1 X103.156 Y106.048 E2.19601
G1 X104.003 Y106.895 E2.23674
G1 E.23674 F2400
G92 E0
G1 X104.57 Y113.105 F7200
G1 E2 F2400
;WIDTH:0.501206
G1 F3000
G1 X105.397 Y113.932 E2.04455
G1 X104.87 Y114.053 E2.06516
G1 X104.091 Y113.274 E2.10714
G1 X103.597 Y113.428 E2.12686
G1 X104.342 Y114.173 E2.16703
G1 X103.815 Y114.294 E2.18765
G1 X102.941 Y113.42 E2.23474
G1 E.23474 F2400
G92 E0
G1 X95.937 Y115.651 F7200
G1 E2 F2400
;TYPE:Internal infill
;WIDTH:0.45
G1 F3600
G1 X95.937 Y113.834 E2.06149
G1 X96.563 Y113.834 E2.08267
G1 X99.792 Y117.063 E2.23721
G1 X97.18 Y117.063 E2.3256
G1 X100.409 Y113.834 E2.48014
G1 X102.01 Y113.834 E2.53433
G1 X102.279 Y113.792 E2.54354
G1 X102.928 Y114.442 E2.57464
G1 X103.048 Y114.887 E2.59025
G1 X103.313 Y114.827 E2.59943
G1 X105.549 Y117.063 E2.70646
G1 X102.937 Y117.063 E2.79485
G1 X105.726 Y114.274 E2.92832
G1 X105.817 Y114.254 E2.93148
G1 X105.821 Y114.179 E2.934
G1 X106.564 Y113.436 E2.9696
G1 X107.678 Y113.435 E3.00728
G1 X111.306 Y117.063 E3.18095
G1 X108.694 Y117.063 E3.26934
G1 X112.326 Y113.431 E3.4432
G1 X113.43 Y113.43 E3.48054
G1 X117.063 Y117.063 E3.65445
G1 X114.451 Y117.063 E3.74284
G1 X118.088 Y113.426 E3.91695
G1 X118.761 Y113.425 E3.93971
G1 X119.119 Y113.362 E3.95201
G1 X122.82 Y117.063 E4.12917
G1 X120.208 Y117.063 E4.21756
G1 X124.063 Y113.208 E4.40206
G1 X124.063 Y112.549 E4.42439
G1 X121.899 Y110.385 E4.52795
G1 X121.931 Y110.169 E4.53534
G1 X121.903 Y109.611 E4.55426
G1 X124.063 Y107.451 E4.65764
G1 X124.063 Y106.792 E4.67997
G1 X120.208 Y102.937 E4.86447
G1 X122.82 Y102.937 E4.95286
G1 X119.119 Y106.638 E5.13003
G1 X118.761 Y106.575 E5.14233
G1 X118.088 Y106.574 E5.16509
G1 X114.451 Y102.937 E5.33919
G1 X117.063 Y102.937 E5.42758
G1 X113.43 Y106.57 E5.60149
G1 X112.326 Y106.57 E5.63883
G1 X108.694 Y102.937 E5.8127
G1 X111.306 Y102.937 E5.90109
G1 X107.678 Y106.565 E6.07476
G1 X106.565 Y106.565 E6.11244
G1 X105.819 Y105.819 E6.14811
G1 X105.815 Y105.746 E6.15059
G1 X105.726 Y105.726 E6.1537
G1 X102.937 Y102.937 E6.28717
G1 X105.549 Y102.937 E6.37556
G1 X103.313 Y105.173 E6.48259
G1 X102.993 Y105.1 E6.49368
G1 X102.845 Y105.641 E6.51265
G1 X102.279 Y106.208 E6.53978
G1 X102.01 Y106.166 E6.54899
G1 X100.409 Y106.166 E6.60318
G1 X97.18 Y102.937 E6.75772
G1 X99.792 Y102.937 E6.84611
G1 X96.563 Y106.166 E7.00065
G1 X95.937 Y106.166 E7.02184
G1 X95.937 Y104.349 E7.08332
M106 S232.05
;LAYER_CHANGE
;Z:9.2
;HEIGHT:0.2
G1 Z9.2 F7200
G1 E5.08332 F2400
G92 E0
G1 X121.463 Y109.007 F7200
G1 E2 F2400
;TYPE:Perimeter
;WIDTH:0.449999
G1 X121.18 Y108.383 E2.02319
G1 X120.811 Y107.889 E2.04406
G1 X120.412 Y107.522 E2.06239
G1 X119.943 Y107.223 E2.08123
G1 X119.364 Y106.992 E2.10232
G1 X118.752 Y106.88 E2.1234
G1 X105.415 Y106.869 E2.57484
G1 X104.86 Y106.939 E2.59377
G1 X104.206 Y107.153 E2.61705
G1 X103.985 Y107.266 E2.62545
G1 X102.182 Y106.713 E2.68929
G1 X102.003 Y106.686 E2.69542
G1 X95.632 Y106.686 E2.91107
G1 X95.632 Y102.632 E3.0483
G1 X124.368 Y102.632 E4.02098
G1 X124.368 Y117.368 E4.51977
G1 X95.632 Y117.368 E5.49244
G1 X95.632 Y113.314 E5.62967
G1 X102.003 Y113.314 E5.84532
G1 X102.18 Y113.288 E5.85136
G1 X103.984 Y112.736 E5.91523
G1 X104.119 Y112.809 E5.92042
G1 X104.617 Y113 E5.93846
G1 X105.417 Y113.131 E5.96591
G1 X118.751 Y113.12 E6.41726
G1 X119.331 Y113.017 E6.4372
G1 X119.912 Y112.793 E6.45829
G1 X120.348 Y112.527 E6.47555
G1 X120.783 Y112.141 E6.49523
G1 X121.095 Y111.749 E6.51221
G1 X121.377 Y111.231 E6.53216
G1 X121.564 Y110.637 E6.55325
G1 X121.63 Y110.024 E6.57413
G1 X121.586 Y109.48 E6.5926
G1 X121.478 Y109.065 E6.60712
G1 X121.047 Y109.05 F7200
;TYPE:External perimeter
G1 F1800
G1 X120.849 Y108.62 E6.62311
G1 X120.556 Y108.213 E6.6401
G1 X120.213 Y107.883 E6.6562
G1 X119.785 Y107.598 E6.67362
G1 X119.284 Y107.391 E6.69197
G1 X118.751 Y107.287 E6.71033
G1 X105.415 Y107.277 E7.16175
G1 X104.986 Y107.326 E7.17635
G1 X104.333 Y107.54 E7.19964
G1 X104.038 Y107.708 E7.21113
G1 X102.003 Y107.093 E7.28307
G1 X95.225 Y107.093 E7.51251
G1 X95.225 Y102.225 E7.67729
G1 X124.775 Y102.225 E8.67753
G1 X124.775 Y117.775 E9.20387
G1 X95.225 Y117.775 E10.20411
G1 X95.225 Y112.907 E10.36889
G1 X102.003 Y112.907 E10.59833
G1 X104.037 Y112.293 E10.67023
G1 X104.248 Y112.42 E10.67856
G1 X104.687 Y112.599 E10.69461
G1 X105.417 Y112.724 E10.71969
G1 X118.751 Y112.713 E11.17103
G1 X119.192 Y112.635 E11.18619
G1 X119.7 Y112.446 E11.20454
G1 X120.128 Y112.184 E11.22153
G1 X120.464 Y111.887 E11.2367
G1 X120.777 Y111.495 E11.25368
G1 X120.991 Y111.102 E11.26885
G1 X121.16 Y110.586 E11.2872
G1 X121.223 Y110.088 E11.30419
G1 X121.195 Y109.609 E11.32044
G1 X121.072 Y109.104 E11.33804
G1 X121.305 Y108.745 F7200
G1 E9.33804 F2400
G92 E0
G1 X104.331 Y106.983 F7200
G1 E2 F2400
;TYPE:Solid infill
;WIDTH:0.45647
G1 F3000
G1 X105.154 Y106.156 E2.04011
G1 X104.682 Y106.048 E2.05677
G1 X103.83 Y106.899 E2.09818
G1 X103.383 Y106.762 E2.11427
G1 X104.206 Y105.939 E2.1543
G1 X103.73 Y105.83 E2.17109
G1 X102.935 Y106.625 E2.20973
G1 X102.488 Y106.487 E2.22583
G1 X103.255 Y105.72 E2.26315
G1 X102.781 Y105.609 E2.27989
G1 X102.009 Y106.381 E2.31742
G1 X101.647 Y106.381 E2.32986
G1 X101.73 Y106.076 E2.34074
G1 X102.46 Y105.346 E2.37623
G1 E.37623 F2400
G92 E0
G1 X95.937 Y104.349 F7200
G1 E2 F2400
;TYPE:Internal infill
;WIDTH:0.45
G1 F3600
G1 X95.937 Y106.381 E2.06877
G1 X96.348 Y106.381 E2.08267
G1 X99.792 Y102.937 E2.24752
G1 X97.18 Y102.937 E2.33591
G1 X100.624 Y106.381 E2.50075
G1 X101.226 Y106.381 E2.52112
G1 X101.62 Y104.92 E2.57235
G1 X103.198 Y105.289 E2.62718
G1 X105.549 Y102.937 E2.73973
G1 X102.937 Y102.937 E2.82811
G1 X106.565 Y106.565 E3.00177
G1 X107.677 Y106.566 E3.03941
G1 X111.306 Y102.937 E3.21311
G1 X108.694 Y102.937 E3.3015
G1 X112.327 Y106.57 E3.47538
G1 X113.429 Y106.571 E3.5127
G1 X117.063 Y102.937 E3.68662
G1 X114.451 Y102.937 E3.77501
G1 X118.088 Y106.574 E3.94912
G1 X118.757 Y106.575 E3.97174
G1 X119.121 Y106.636 E3.98424
G1 X122.82 Y102.937 E4.16129
G1 X120.208 Y102.937 E4.24968
G1 X124.063 Y106.792 E4.43418
G1 X124.063 Y107.451 E4.45651
G1 X121.909 Y109.605 E4.55961
G1 X121.937 Y110.066 E4.57523
G1 X121.9 Y110.386 E4.58613
G1 X124.063 Y112.549 E4.68967
G1 X124.063 Y113.208 E4.712
G1 X120.208 Y117.063 E4.8965
G1 X122.82 Y117.063 E4.98489
G1 X119.126 Y113.369 E5.1617
G1 X118.759 Y113.425 E5.17426
G1 X118.088 Y113.426 E5.19696
G1 X114.451 Y117.063 E5.37107
G1 X117.063 Y117.063 E5.45946
G1 X113.429 Y113.429 E5.63338
G1 X112.327 Y113.43 E5.6707
G1 X108.694 Y117.063 E5.84458
G1 X111.306 Y117.063 E5.93297
G1 X107.677 Y113.434 E6.10667
G1 X106.565 Y113.435 E6.14431
G1 X102.937 Y117.063 E6.31796
G1 X105.549 Y117.063 E6.40635
G1 X103.198 Y114.711 E6.5189
G1 X101.631 Y115.078 E6.57337
G1 X101.238 Y113.619 E6.6245
G1 X100.624 Y113.619 E6.64529
G1 X97.18 Y117.063 E6.81013
G1 X99.792 Y117.063 E6.89852
G1 X96.348 Y113.619 E7.06336
G1 X95.937 Y113.619 E7.07726
G1 X95.937 Y115.651 E7.14603
G1 E5.14603 F2400
G92 E0
G1 X104.125 Y114.267 F7200
G1 E2 F2400
;TYPE:Solid infill
;WIDTH:0.503561
G1 F3000
G1 X105.022 Y113.37 E2.04858
G1 X104.465 Y113.276 E2.07022
G1 X103.524 Y114.217 E2.1212
G1 X102.673 Y114.416 E2.15464
G1 X104.004 Y113.086 E2.22671
G1 X103.955 Y113.065 E2.22874
G1 X103.117 Y113.321 E2.26229
G1 X101.905 Y114.533 E2.32793
G1 X101.767 Y114.019 E2.34829
G1 X102.455 Y113.331 E2.38556
M106 S229.5
;LAYER_CHANGE
;Z:9.4
;HEIGHT:0.2
G1 Z9.4 F7200
G1 E.38556 F2400
G92 E0
G1 X121.41 Y108.864 F7200
G1 E2 F2400
;TYPE:Perimeter
;WIDTH:0.449999
G1 X121.162 Y108.354 E2.01922
G1 X120.806 Y107.884 E2.03917
G1 X120.347 Y107.473 E2.06001
G1 X119.887 Y107.195 E2.0782
G1 X119.364 Y106.992 E2.0972
G1 X118.751 Y106.88 E2.11828
G1 X105.356 Y106.872 E2.57169
G1 X104.716 Y106.969 E2.5936
G1 X104.196 Y107.155 E2.61231
G1 X103.668 Y107.468 E2.63309
G1 X102.75 Y107.149 E2.66596
G1 X102.003 Y106.936 E2.69225
G1 X95.632 Y106.936 E2.90791
G1 X95.632 Y102.632 E3.05361
G1 X124.368 Y102.632 E4.02628
G1 X124.368 Y117.368 E4.52507
G1 X95.632 Y117.368 E5.49774
G1 X95.632 Y113.064 E5.64344
G1 X102.003 Y113.064 E5.8591
G1 X102.193 Y113.033 E5.86559
G1 X103.669 Y112.531 E5.91839
G1 X103.847 Y112.658 E5.92578
G1 X104.307 Y112.894 E5.94328
G1 X104.848 Y113.062 E5.96247
G1 X105.36 Y113.128 E5.97994
G1 X118.866 Y113.109 E6.4371
G1 X119.404 Y112.996 E6.45571
G1 X119.913 Y112.793 E6.47423
G1 X120.348 Y112.527 E6.4915
G1 X120.783 Y112.141 E6.51117
G1 X121.162 Y111.647 E6.53226
G1 X121.391 Y111.2 E6.54925
G1 X121.564 Y110.637 E6.5692
G1 X121.63 Y110.017 E6.59029
G1 X121.571 Y109.397 E6.61138
G1 X121.427 Y108.922 E6.62819
G1 X121.051 Y109.066 F7200
;TYPE:External perimeter
G1 F1800
G1 X121.028 Y108.986 E6.631
G1 X120.799 Y108.539 E6.64798
G1 X120.529 Y108.182 E6.66315
G1 X120.161 Y107.841 E6.68013
G1 X119.764 Y107.587 E6.69609
G1 X119.283 Y107.391 E6.71365
G1 X118.751 Y107.287 E6.732
G1 X105.356 Y107.279 E7.18541
G1 X104.88 Y107.347 E7.20169
G1 X104.431 Y107.494 E7.21767
G1 X104.016 Y107.715 E7.23359
G1 X103.743 Y107.927 E7.24531
G1 X102.624 Y107.536 E7.28543
G1 X102.003 Y107.344 E7.30742
G1 X95.225 Y107.344 E7.53687
G1 X95.225 Y102.225 E7.71012
G1 X124.775 Y102.225 E8.71035
G1 X124.775 Y117.775 E9.2367
G1 X95.225 Y117.775 E10.23693
G1 X95.225 Y112.656 E10.41019
G1 X102.003 Y112.656 E10.63963
G1 X102.9 Y112.374 E10.67146
G1 X103.744 Y112.072 E10.70178
G1 X104.009 Y112.28 E10.71319
G1 X104.38 Y112.482 E10.7275
G1 X104.871 Y112.65 E10.74506
G1 X105.36 Y112.721 E10.7618
G1 X118.751 Y112.713 E11.21506
G1 X119.227 Y112.625 E11.23145
G1 X119.7 Y112.445 E11.24857
G1 X120.128 Y112.184 E11.26556
G1 X120.464 Y111.887 E11.28072
G1 X120.799 Y111.461 E11.29908
G1 X121.028 Y111.014 E11.31606
G1 X121.16 Y110.586 E11.33123
G1 X121.224 Y110.048 E11.34958
G1 X121.179 Y109.507 E11.36795
G1 X121.068 Y109.123 E11.38147
G1 X121.111 Y109.008 F7200
G1 E9.38147 F2400
G92 E0
G1 X105.39 Y106.266 F7200
G1 E2 F2400
;TYPE:Solid infill
;WIDTH:0.456052
G1 F3000
G1 X105.69 Y106.567 E2.01461
G1 X105.348 Y106.567 E2.02636
G1 X105.138 Y106.599 E2.03366
G1 X104.851 Y106.312 E2.04762
G1 X104.053 Y106.098 E2.076
G1 X104.632 Y106.677 E2.1041
G1 X104.199 Y106.828 E2.11985
G1 X103.24 Y105.869 E2.16644
G1 X102.471 Y105.684 E2.19361
G1 X103.81 Y107.023 E2.25864
G1 X103.622 Y107.128 E2.26602
G1 X103.181 Y106.979 E2.28201
G1 X101.808 Y105.605 E2.34875
G1 X101.223 Y105.605 E2.36882
G1 X102.298 Y106.68 E2.42102
G1 X102.011 Y106.631 E2.431
G1 X101.665 Y106.631 E2.4429
G1 X100.639 Y105.605 E2.49274
G1 X100.055 Y105.605 E2.51281
G1 X101.081 Y106.631 E2.56265
G1 X100.496 Y106.631 E2.58272
G1 X99.471 Y105.605 E2.63255
G1 X98.886 Y105.605 E2.65262
G1 X99.912 Y106.631 E2.70246
G1 X99.328 Y106.631 E2.72253
G1 X98.302 Y105.605 E2.77236
G1 X97.718 Y105.605 E2.79243
G1 X98.744 Y106.631 E2.84227
G1 X98.159 Y106.631 E2.86234
G1 X97.134 Y105.605 E2.91218
G1 X96.549 Y105.605 E2.93225
G1 X97.575 Y106.631 E2.98208
G1 X96.991 Y106.631 E3.00215
G1 X95.965 Y105.605 E3.05199
G1 X95.937 Y105.605 E3.05294
G1 X95.937 Y106.162 E3.07206
G1 X96.59 Y106.814 E3.10375
G1 E1.10375 F2400
G92 E0
G1 X95.937 Y104.137 F7200
G1 E2 F2400
;TYPE:Internal infill
;WIDTH:0.45
G1 F3600
G1 X95.937 Y102.937 E2.0406
G1 X97.18 Y102.937 E2.08267
G1 X99.441 Y105.198 E2.1909
G1 X97.531 Y105.198 E2.25557
G1 X99.792 Y102.937 E2.3638
G1 X102.234 Y102.937 E2.44648
G1 E.44648 F2400
G92 E0
G1 X100.658 Y105.198 F7200
G1 E2 F2400
G1 F3600
G1 X102.179 Y105.198 E2.05147
G1 X103.076 Y105.41 E2.08267
G1 X105.549 Y102.937 E2.20103
G1 X102.937 Y102.937 E2.28942
G1 X106.27 Y106.27 E2.44896
G1 X107.383 Y106.568 E2.48794
G1 X107.675 Y106.568 E2.49783
G1 X111.306 Y102.937 E2.67164
G1 X108.694 Y102.937 E2.76002
G1 X112.328 Y106.571 E2.93396
G1 X113.428 Y106.572 E2.97121
G1 X117.063 Y102.937 E3.14518
G1 X114.451 Y102.937 E3.23357
G1 X118.089 Y106.575 E3.40768
G1 X118.757 Y106.575 E3.4303
G1 X119.121 Y106.636 E3.44281
G1 X122.82 Y102.937 E3.61984
G1 X120.208 Y102.937 E3.70823
G1 X124.063 Y106.792 E3.89274
G1 X124.063 Y107.451 E3.91506
G1 X121.903 Y109.611 E4.01846
G1 X121.931 Y110.168 E4.03733
G1 X121.903 Y110.389 E4.04486
G1 X124.063 Y112.549 E4.14826
G1 X124.063 Y113.208 E4.17058
G1 X120.208 Y117.063 E4.35509
G1 X122.82 Y117.063 E4.44348
G1 X119.123 Y113.366 E4.62043
G1 X118.756 Y113.425 E4.633
G1 X118.089 Y113.425 E4.6556
G1 X114.451 Y117.063 E4.82972
G1 X117.063 Y117.063 E4.9181
G1 X113.428 Y113.428 E5.09207
G1 X112.328 Y113.429 E5.12932
G1 X108.694 Y117.063 E5.30326
G1 X111.306 Y117.063 E5.39165
G1 X107.675 Y113.432 E5.56544
G1 X107.382 Y113.432 E5.57535
G1 X106.27 Y113.73 E5.61433
G1 X102.937 Y117.063 E5.77386
G1 X105.549 Y117.063 E5.86224
G1 X103.076 Y114.59 E5.9806
G1 X102.179 Y114.802 E6.01181
G1 X100.658 Y114.802 E6.06328
G1 E4.06328 F2400
G92 E0
G1 X102.234 Y117.063 F7200
G1 E2 F2400
G1 F3600
G1 X99.792 Y117.063 E2.08267
G1 X97.531 Y114.802 E2.1909
G1 X99.441 Y114.802 E2.25557
G1 X97.18 Y117.063 E2.3638
G1 X95.937 Y117.063 E2.40588
G1 X95.937 Y115.863 E2.44648
G1 E.44648 F2400
G92 E0
G1 X105.708 Y113.649 F7200
G1 E2 F2400
;TYPE:Solid infill
;WIDTH:0.460466
G1 F3000
G1 X105.493 Y113.433 E2.01056
G1 X105.354 Y113.434 E2.0154
G1 X104.837 Y113.368 E2.03348
G1 X105.093 Y113.624 E2.04604
G1 X104.627 Y113.748 E2.06278
G1 X103.895 Y113.016 E2.09871
G1 X103.623 Y112.871 E2.10943
G1 X103.277 Y112.988 E2.12212
G1 X104.161 Y113.873 E2.16556
G1 X103.702 Y114.005 E2.18214
G1 X102.836 Y113.138 E2.22469
G1 X102.395 Y113.287 E2.24086
G1 X103.238 Y114.131 E2.28229
G1 X102.764 Y114.247 E2.29925
G1 X101.886 Y113.369 E2.34237
G1 X101.295 Y113.369 E2.36287
G1 X102.285 Y114.359 E2.41148
G1 X102.132 Y114.395 E2.41695
G1 X101.73 Y114.395 E2.43089
G1 X100.705 Y113.369 E2.48126
G1 X100.114 Y113.369 E2.50176
G1 X101.14 Y114.395 E2.55213
G1 X100.549 Y114.395 E2.57263
G1 X99.524 Y113.369 E2.623
G1 X98.933 Y113.369 E2.6435
G1 X99.959 Y114.395 E2.69386
G1 X99.369 Y114.395 E2.71437
G1 X98.343 Y113.369 E2.76473
G1 X97.752 Y113.369 E2.78524
G1 X98.778 Y114.395 E2.8356
G1 X98.188 Y114.395 E2.85611
G1 X97.162 Y113.369 E2.90647
G1 X96.571 Y113.369 E2.92698
G1 X97.597 Y114.395 E2.97734
G1 X97.007 Y114.395 E2.99785
G1 X95.981 Y113.369 E3.04821
G1 X95.937 Y113.369 E3.04972
G1 X95.937 Y113.916 E3.06872
G1 X96.599 Y114.578 E3.10121
;LAYER_CHANGE
;Z:9.6
;HEIGHT:0.200001
G1 Z9.6 F7200
G1 E1.10121 F2400
G92 E0
G1 X121.463 Y109.01 F7200
G1 E2 F2400
;TYPE:Perimeter
;WIDTH:0.449999
G1 X121.18 Y108.383 E2.02329
G1 X120.806 Y107.884 E2.04438
G1 X120.348 Y107.473 E2.06522
G1 X119.892 Y107.197 E2.08326
G1 X119.364 Y106.992 E2.10242
G1 X118.751 Y106.88 E2.1235
G1 X105.358 Y106.872 E2.57685
G1 X104.54 Y107.021 E2.605
G1 X104.065 Y107.219 E2.62242
G1 X103.805 Y107.381 E2.63278
G1 X103.361 Y107.723 E2.65177
G1 X102.837 Y107.502 E2.67101
G1 X102.242 Y107.28 E2.69251
G1 X102.004 Y107.233 E2.70072
G1 X95.632 Y107.233 E2.9164
G1 X95.632 Y102.632 E3.07212
G1 X124.368 Y102.632 E4.04479
G1 X124.368 Y117.368 E4.54358
G1 X95.632 Y117.368 E5.51626
G1 X95.632 Y112.767 E5.67198
G1 X102.004 Y112.767 E5.88766
G1 X102.238 Y112.721 E5.89575
G1 X102.862 Y112.488 E5.91829
G1 X103.363 Y112.276 E5.93669
G1 X103.536 Y112.436 E5.94469
G1 X104.12 Y112.808 E5.96812
G1 X104.78 Y113.046 E5.99186
G1 X105.361 Y113.128 E6.01173
G1 X118.751 Y113.12 E6.46496
G1 X119.331 Y113.017 E6.4849
G1 X119.912 Y112.793 E6.50599
G1 X120.432 Y112.463 E6.52682
G1 X120.821 Y112.099 E6.54487
G1 X121.162 Y111.647 E6.56402
G1 X121.391 Y111.2 E6.58101
G1 X121.564 Y110.637 E6.60096
G1 X121.631 Y110.063 E6.62051
G1 X121.597 Y109.55 E6.6379
G1 X121.477 Y109.068 E6.65473
G1 X121.045 Y109.047 F7200
;TYPE:External perimeter
G1 F1800
G1 X120.849 Y108.62 E6.67061
G1 X120.529 Y108.182 E6.68897
G1 X120.161 Y107.841 E6.70596
G1 X119.768 Y107.589 E6.72177
G1 X119.283 Y107.391 E6.73948
G1 X118.751 Y107.287 E6.75783
G1 X105.358 Y107.279 E7.21118
G1 X104.696 Y107.397 E7.23393
G1 X104.184 Y107.615 E7.25279
G1 X103.74 Y107.921 E7.27101
G1 X103.462 Y108.208 E7.28457
G1 X102.528 Y107.821 E7.3188
G1 X102.004 Y107.64 E7.33756
G1 X95.225 Y107.64 E7.56701
G1 X95.225 Y102.225 E7.7503
G1 X124.775 Y102.225 E8.75053
G1 X124.775 Y117.775 E9.27688
G1 X95.225 Y117.775 E10.27711
G1 X95.225 Y112.36 E10.46039
G1 X102.004 Y112.36 E10.68984
G1 X102.704 Y112.113 E10.71496
G1 X103.462 Y111.792 E10.74286
G1 X103.763 Y112.098 E10.75737
G1 X104.266 Y112.428 E10.77774
G1 X104.842 Y112.644 E10.79857
G1 X105.361 Y112.721 E10.81634
G1 X118.751 Y112.713 E11.26956
G1 X119.192 Y112.635 E11.28473
G1 X119.7 Y112.446 E11.30308
G1 X120.129 Y112.184 E11.32007
G1 X120.477 Y111.873 E11.33588
G1 X120.799 Y111.461 E11.35359
G1 X121.028 Y111.014 E11.37057
G1 X121.16 Y110.586 E11.38574
G1 X121.223 Y110.088 E11.40272
G1 X121.2 Y109.641 E11.41789
G1 X121.07 Y109.101 E11.43668
G1 X121.304 Y108.742 F7200
G1 E9.43668 F2400
G92 E0
G1 X105.252 Y106.317 F7200
G1 E2 F2400
;TYPE:Internal infill
;WIDTH:0.45
G1 F3600
G1 X103.765 Y105.762 E2.05373
G1 X102.937 Y105.549 E2.08267
G1 X105.549 Y102.937 E2.2077
G1 X102.937 Y102.937 E2.29609
G1 X106.567 Y106.567 E2.46985
G1 X107.675 Y106.568 E2.50734
G1 X111.306 Y102.937 E2.68114
G1 X108.694 Y102.937 E2.76953
G1 X112.328 Y106.571 E2.94347
G1 X113.428 Y106.572 E2.98071
G1 X117.063 Y102.937 E3.15469
G1 X114.451 Y102.937 E3.24307
G1 X118.089 Y106.575 E3.41719
G1 X118.757 Y106.575 E3.4398
G1 X119.121 Y106.636 E3.45231
G1 X122.82 Y102.937 E3.62935
G1 X120.208 Y102.937 E3.71774
G1 X124.063 Y106.792 E3.90224
G1 X124.063 Y107.451 E3.92457
G1 X121.91 Y109.604 E4.0276
G1 X121.937 Y110.067 E4.04329
G1 X121.9 Y110.386 E4.05419
G1 X124.063 Y112.549 E4.1577
G1 X124.063 Y113.208 E4.18003
G1 X120.208 Y117.063 E4.36453
G1 X122.82 Y117.063 E4.45292
G1 X119.126 Y113.369 E4.62972
G1 X118.759 Y113.425 E4.64229
G1 X118.089 Y113.425 E4.66499
G1 X114.451 Y117.063 E4.8391
G1 X117.063 Y117.063 E4.92749
G1 X113.428 Y113.428 E5.10146
G1 X112.328 Y113.429 E5.13871
G1 X108.694 Y117.063 E5.31264
G1 X111.306 Y117.063 E5.40103
G1 X107.675 Y113.432 E5.57482
G1 X106.567 Y113.433 E5.61232
G1 X102.937 Y117.063 E5.78608
G1 X105.549 Y117.063 E5.87447
G1 X102.937 Y114.451 E5.99949
G1 X103.803 Y114.225 E6.0298
G1 X105.252 Y113.681 E6.08216
G1 X105.027 Y113.203 F7200
;TYPE:Solid infill
;WIDTH:0.455498
G1 F3000
G1 X104.823 Y113.408 E6.09208
G1 X103.888 Y113.758 E6.12631
G1 X104.403 Y113.243 E6.15129
G1 X103.984 Y113.08 E6.16675
G1 X103.065 Y113.999 E6.21133
G1 X102.284 Y114.196 E6.23895
G1 X103.624 Y112.856 E6.30397
G1 X103.303 Y112.631 E6.31739
G1 X103.241 Y112.656 E6.31971
G1 X101.665 Y114.231 E6.39616
G1 X101.081 Y114.231 E6.41617
G1 X102.288 Y113.025 E6.47469
G1 X102.162 Y113.059 E6.47914
G1 X102.008 Y113.073 E6.48445
G1 X101.657 Y113.073 E6.49651
G1 X100.498 Y114.231 E6.55272
G1 X99.914 Y114.231 E6.57274
G1 X101.073 Y113.073 E6.62896
G1 X100.49 Y113.073 E6.64898
G1 X99.331 Y114.231 E6.70519
G1 X98.748 Y114.231 E6.72521
G1 X99.906 Y113.073 E6.78143
G1 X99.323 Y113.073 E6.80145
G1 X98.164 Y114.231 E6.85766
G1 X97.581 Y114.231 E6.87768
G1 X98.739 Y113.073 E6.9339
G1 X98.156 Y113.073 E6.95392
G1 X96.997 Y114.231 E7.01013
G1 X96.414 Y114.231 E7.03015
G1 X97.572 Y113.073 E7.08637
G1 X96.989 Y113.073 E7.10638
G1 X95.937 Y114.124 E7.1574
G1 X95.937 Y113.541 E7.17742
G1 X96.589 Y112.889 E7.20901
G1 E5.20901 F2400
G92 E0
G1 X95.937 Y115.863 F7200
G1 E2 F2400
;TYPE:Internal infill
;WIDTH:0.45
G1 F3600
G1 X95.937 Y117.063 E2.0406
G1 X97.18 Y117.063 E2.08267
G1 X99.605 Y114.638 E2.19872
G1 X97.368 Y114.638 E2.27444
G1 X99.792 Y117.063 E2.39048
G1 X102.234 Y117.063 E2.47315
G1 E.47315 F2400
G92 E0
G1 X104.08 Y107.081 F7200
G1 E2 F2400
;TYPE:Solid infill
;WIDTH:0.465542
G1 F3000
G1 X104.638 Y106.522 E2.02775
G1 X104.203 Y106.36 E2.04407
G1 X103.225 Y107.338 E2.0927
G1 X102.795 Y107.17 E2.10891
G1 X103.768 Y106.197 E2.15725
G1 X103.305 Y106.062 E2.17419
G1 X102.366 Y107.002 E2.22086
G1 X102.013 Y106.927 E2.23354
G1 X101.842 Y106.927 E2.23953
G1 X102.828 Y105.942 E2.28852
G1 X102.351 Y105.821 E2.30581
G1 X101.245 Y106.927 E2.3608
G1 X100.647 Y106.927 E2.3818
G1 X101.806 Y105.769 E2.43939
G1 X101.208 Y105.769 E2.46039
G1 X100.049 Y106.927 E2.51798
G1 X99.452 Y106.927 E2.53898
G1 X100.611 Y105.769 E2.59657
G1 X100.013 Y105.769 E2.61757
G1 X98.854 Y106.927 E2.67516
G1 X98.256 Y106.927 E2.69616
G1 X99.415 Y105.769 E2.75375
G1 X98.817 Y105.769 E2.77475
G1 X97.659 Y106.927 E2.83234
G1 X97.061 Y106.927 E2.85334
G1 X98.22 Y105.769 E2.91093
G1 X97.622 Y105.769 E2.93193
G1 X96.463 Y106.927 E2.98952
G1 X95.937 Y106.927 E3.008
G1 X95.937 Y106.856 E3.01052
G1 X97.024 Y105.769 E3.06455
G1 X96.427 Y105.769 E3.08555
G1 X95.754 Y106.441 E3.11898
G1 E1.11898 F2400
G92 E0
G1 X95.937 Y104.137 F7200
G1 E2 F2400
;TYPE:Internal infill
;WIDTH:0.45
G1 F3600
G1 X95.937 Y102.937 E2.0406
G1 X97.18 Y102.937 E2.08267
G1 X99.605 Y105.362 E2.19872
G1 X97.368 Y105.362 E2.27444
G1 X99.792 Y102.937 E2.39048
G1 X102.234 Y102.937 E2.47315
;LAYER_CHANGE
;Z:9.8
;HEIGHT:0.2
G1 Z9.8 F7200
G1 E.47315 F2400
G92 E0
G1 X121.41 Y108.864 F7200
G1 E2 F2400
;TYPE:Perimeter
;WIDTH:0.449999
G1 X121.101 Y108.258 E2.02302
G1 X120.77 Y107.845 E2.04093
G1 X120.341 Y107.469 E2.06024
G1 X119.803 Y107.154 E2.08133
G1 X119.213 Y106.953 E2.10243
G1 X118.626 Y106.871 E2.12249
G1 X105.267 Y106.879 E2.57469
G1 X105.138 Y106.892 E2.57907
G1 X104.404 Y107.07 E2.60465
G1 X103.718 Y107.428 E2.63082
G1 X103.299 Y107.776 E2.64926
G1 X103.054 Y108.052 E2.66176
G1 X102.717 Y107.865 E2.67481
G1 X102.256 Y107.657 E2.69192
G1 X102.005 Y107.602 E2.70063
G1 X95.632 Y107.602 E2.91634
G1 X95.632 Y102.632 E3.08457
G1 X124.368 Y102.632 E4.05725
G1 X124.368 Y117.368 E4.55604
G1 X95.632 Y117.368 E5.52871
G1 X95.632 Y112.398 E5.69695
G1 X102.005 Y112.398 E5.91265
G1 X102.281 Y112.332 E5.92225
G1 X103.055 Y111.941 E5.95162
G1 X103.311 Y112.223 E5.96453
G1 X103.795 Y112.622 E5.98575
G1 X104.507 Y112.966 E6.01252
G1 X105.265 Y113.121 E6.0387
G1 X118.717 Y113.122 E6.49405
G1 X119.227 Y113.045 E6.51152
G1 X119.772 Y112.86 E6.53098
G1 X120.313 Y112.551 E6.55207
G1 X120.783 Y112.141 E6.57317
G1 X121.095 Y111.749 E6.59015
G1 X121.377 Y111.231 E6.61011
G1 X121.564 Y110.637 E6.63119
G1 X121.63 Y110.017 E6.65229
G1 X121.571 Y109.397 E6.67339
G1 X121.427 Y108.921 E6.6902
G1 X121.051 Y109.064 F7200
;TYPE:External perimeter
G1 F1800
G1 X121.028 Y108.986 E6.69296
G1 X120.799 Y108.539 E6.70995
G1 X120.519 Y108.171 E6.72561
G1 X120.129 Y107.816 E6.74347
G1 X119.664 Y107.537 E6.76183
G1 X119.153 Y107.355 E6.78019
G1 X118.626 Y107.278 E6.79819
G1 X105.267 Y107.286 E7.25038
G1 X104.584 Y107.435 E7.27405
G1 X103.932 Y107.779 E7.29899
G1 X103.533 Y108.115 E7.31664
G1 X103.199 Y108.561 E7.33552
;TYPE:Overhang perimeter
;WIDTH:0.4
;HEIGHT:0.4
M106 S255
G1 F3600
G1 X103.179 Y108.589 E7.33733
G1 X102.878 Y108.421 E7.35534
M106 S229.5
;TYPE:External perimeter
;WIDTH:0.449999
;HEIGHT:0.2
G1 F1800
G1 X102.531 Y108.228 E7.3688
G1 X102.005 Y108.009 E7.38807
G1 X95.225 Y108.009 E7.61755
G1 X95.225 Y102.225 E7.81335
G1 X124.775 Y102.225 E8.81358
G1 X124.775 Y117.775 E9.33993
G1 X95.225 Y117.775 E10.34016
G1 X95.225 Y111.991 E10.53595
G1 X102.005 Y111.991 E10.76543
G1 X102.113 Y111.961 E10.76923
G1 X102.568 Y111.754 E10.78615
G1 X102.833 Y111.599 E10.79657
;TYPE:Overhang perimeter
;WIDTH:0.4
;HEIGHT:0.4
M106 S255
G1 F3600
G1 X103.166 Y111.404 E10.81668
G1 X103.195 Y111.441 E10.81913
M106 S229.5
;TYPE:External perimeter
;WIDTH:0.449999
;HEIGHT:0.2
G1 F1800
G1 X103.579 Y111.917 E10.83985
G1 X103.981 Y112.26 E10.85773
G1 X104.596 Y112.569 E10.88102
G1 X105.265 Y112.714 E10.90419
G1 X118.657 Y112.72 E11.35749
G1 X119.152 Y112.645 E11.37446
G1 X119.577 Y112.502 E11.38962
G1 X120.051 Y112.239 E11.40798
G1 X120.464 Y111.888 E11.42634
G1 X120.777 Y111.495 E11.44333
G1 X120.991 Y111.102 E11.45849
G1 X121.16 Y110.586 E11.47685
G1 X121.224 Y110.048 E11.49521
G1 X121.179 Y109.507 E11.51357
G1 X121.068 Y109.122 E11.52715
G1 X121.109 Y109.007 F7200
G1 E9.52715 F2400
G92 E0
G1 X104.545 Y106.896 F7200
G1 E2 F2400
;TYPE:Solid infill
;WIDTH:0.47249
G1 F3000
G1 X104.235 Y106.585 E2.01568
G1 X103.64 Y106.365 E2.03836
G1 X103.317 Y106.275 E2.05033
G1 X103.983 Y106.941 E2.08396
G1 X103.584 Y107.149 E2.10003
G1 X102.479 Y106.044 E2.15586
G1 X102.15 Y105.957 E2.16801
G1 X101.784 Y105.957 E2.1811
G1 X103.249 Y107.422 E2.25514
G1 X102.983 Y107.668 E2.26807
G1 X102.799 Y107.579 E2.27538
G1 X101.176 Y105.957 E2.35734
G1 X100.569 Y105.957 E2.37904
G1 X101.909 Y107.297 E2.44675
G1 X101.302 Y107.297 E2.46845
G1 X99.961 Y105.957 E2.53616
G1 X99.354 Y105.957 E2.55786
G1 X100.694 Y107.297 E2.62557
G1 X100.087 Y107.297 E2.64727
G1 X98.746 Y105.957 E2.71498
G1 X98.139 Y105.957 E2.73668
G1 X99.479 Y107.297 E2.80439
G1 X98.872 Y107.297 E2.82609
G1 X97.531 Y105.957 E2.89379
G1 X96.924 Y105.957 E2.91549
G1 X98.264 Y107.297 E2.9832
G1 X97.656 Y107.297 E3.0049
G1 X96.316 Y105.957 E3.07261
G1 X95.937 Y105.957 E3.08614
G1 X95.937 Y106.185 E3.09431
G1 X97.049 Y107.297 E3.15046
G1 X96.441 Y107.297 E3.17216
G1 X95.754 Y106.61 E3.20688
G1 E1.20688 F2400
G92 E0
G1 X95.937 Y104.349 F7200
G1 E2 F2400
;TYPE:Internal infill
;WIDTH:0.45
G1 F3600
G1 X95.937 Y105.55 E2.04063
G1 X97.179 Y105.55 E2.08267
G1 X99.792 Y102.937 E2.20772
G1 X97.18 Y102.937 E2.29611
G1 X99.793 Y105.55 E2.42115
G1 X102.203 Y105.55 E2.50276
G1 X102.782 Y105.704 E2.52303
G1 X105.549 Y102.937 E2.65546
G1 X102.937 Y102.937 E2.74385
G1 X106.574 Y106.574 E2.91791
G1 X107.669 Y106.574 E2.955
G1 X111.306 Y102.937 E3.12907
G1 X108.694 Y102.937 E3.21745
G1 X112.331 Y106.574 E3.39154
G1 X113.426 Y106.574 E3.4286
G1 X117.063 Y102.937 E3.60269
G1 X114.451 Y102.937 E3.69108
G1 X118.089 Y106.575 E3.8652
G1 X118.756 Y106.575 E3.8878
G1 X119.119 Y106.638 E3.90024
G1 X122.82 Y102.937 E4.07741
G1 X120.208 Y102.937 E4.1658
G1 X124.063 Y106.792 E4.3503
G1 X124.063 Y107.451 E4.37263
G1 X121.905 Y109.609 E4.47592
G1 X121.937 Y110.065 E4.4914
G1 X121.9 Y110.386 E4.50232
G1 X124.063 Y112.549 E4.60586
G1 X124.063 Y113.208 E4.62819
G1 X120.208 Y117.063 E4.81269
G1 X122.82 Y117.063 E4.90108
G1 X119.126 Y113.369 E5.07789
G1 X118.755 Y113.425 E5.09058
G1 X118.089 Y113.425 E5.11314
G1 X114.451 Y117.063 E5.28726
G1 X117.063 Y117.063 E5.37565
G1 X113.426 Y113.426 E5.54975
G1 X112.331 Y113.426 E5.5868
G1 X108.694 Y117.063 E5.76089
G1 X111.306 Y117.063 E5.84928
G1 X107.669 Y113.426 E6.02335
G1 X106.574 Y113.426 E6.06043
G1 X102.937 Y117.063 E6.2345
G1 X105.549 Y117.063 E6.32289
G1 X102.782 Y114.296 E6.45532
G1 X102.203 Y114.45 E6.47559
G1 X99.793 Y114.45 E6.5572
G1 X97.18 Y117.063 E6.68224
G1 X99.792 Y117.063 E6.77063
G1 X97.179 Y114.45 E6.89567
G1 X95.937 Y114.45 E6.93772
G1 X95.937 Y115.651 E6.97835
G1 E4.97835 F2400
G92 E0
G1 X104.114 Y112.922 F7200
G1 E2 F2400
;TYPE:Solid infill
;WIDTH:0.458796
G1 F3000
G1 X104.5 Y113.308 E2.01888
G1 X104.073 Y113.47 E2.03464
G1 X102.954 Y112.351 E2.08938
G1 X102.557 Y112.542 E2.10461
G1 X103.647 Y113.633 E2.15793
G1 X103.188 Y113.761 E2.17443
G1 X102.119 Y112.692 E2.22672
G1 X101.542 Y112.703 E2.24668
G1 X102.728 Y113.889 E2.3047
G1 X102.264 Y114.013 E2.32132
G1 X100.953 Y112.703 E2.38539
G1 X100.365 Y112.703 E2.40573
G1 X101.706 Y114.043 E2.47128
G1 X101.118 Y114.043 E2.49162
G1 X99.777 Y112.703 E2.55717
G1 X99.189 Y112.703 E2.57751
G1 X100.529 Y114.043 E2.64306
G1 X99.941 Y114.043 E2.6634
G1 X98.601 Y112.703 E2.72895
G1 X98.013 Y112.703 E2.74929
G1 X99.353 Y114.043 E2.81484
G1 X98.765 Y114.043 E2.83518
G1 X97.425 Y112.703 E2.90073
G1 X96.836 Y112.703 E2.92107
G1 X98.177 Y114.043 E2.98662
G1 X97.589 Y114.043 E3.00696
G1 X96.248 Y112.703 E3.07251
G1 X95.937 Y112.703 E3.08326
G1 X95.937 Y112.98 E3.09285
G1 X97.001 Y114.043 E3.14484
G1 X96.412 Y114.043 E3.16518
G1 X95.754 Y113.385 E3.19737
;LAYER_CHANGE
;Z:10
;HEIGHT:0.2
G1 Z10 F7200
G1 E1.19737 F2400
G92 E0
G1 X121.41 Y108.864 F7200
G1 E2 F2400
;TYPE:Perimeter
;WIDTH:0.449999
G1 X121.101 Y108.258 E2.023
G1 X120.773 Y107.849 E2.04077
G1 X120.341 Y107.469 E2.06024
G1 X119.803 Y107.154 E2.08133
G1 X119.213 Y106.953 E2.10243
G1 X118.626 Y106.871 E2.12248
G1 X105.499 Y106.868 E2.56682
G1 X104.987 Y106.912 E2.58422
G1 X104.473 Y107.043 E2.60219
G1 X103.964 Y107.272 E2.62108
G1 X103.51 Y107.588 E2.6398
G1 X103.019 Y108.096 E2.66371
G1 X102.752 Y108.511 E2.68041
G1 X102.337 Y108.204 E2.69788
G1 X102.006 Y108.106 E2.70954
G1 X95.632 Y108.106 E2.9253
G1 X95.632 Y102.632 E3.1106
G1 X124.368 Y102.632 E4.08327
G1 X124.368 Y117.368 E4.58206
G1 X95.632 Y117.368 E5.55473
G1 X95.632 Y111.894 E5.74003
G1 X101.896 Y111.894 E5.95205
G1 X102.211 Y111.859 E5.96279
G1 X102.755 Y111.493 E5.98496
G1 X102.882 Y111.717 E5.99368
G1 X103.216 Y112.141 E6.01196
G1 X103.596 Y112.485 E6.02929
G1 X104.007 Y112.752 E6.0459
G1 X104.496 Y112.965 E6.06395
G1 X104.975 Y113.086 E6.08068
G1 X105.499 Y113.132 E6.09849
G1 X118.717 Y113.122 E6.5459
G1 X119.227 Y113.045 E6.56337
G1 X119.772 Y112.86 E6.58283
G1 X120.313 Y112.551 E6.60392
G1 X120.783 Y112.141 E6.62501
G1 X121.095 Y111.749 E6.642
G1 X121.377 Y111.231 E6.66195
G1 X121.564 Y110.637 E6.68304
G1 X121.63 Y110.017 E6.70414
G1 X121.571 Y109.397 E6.72523
G1 X121.427 Y108.921 E6.74205
G1 X121.049 Y109.056 F7200
;TYPE:External perimeter
G1 F1800
G1 X120.799 Y108.539 E6.76148
G1 X120.522 Y108.175 E6.777
G1 X120.129 Y107.816 E6.795
G1 X119.664 Y107.537 E6.81336
G1 X119.153 Y107.355 E6.83172
G1 X118.626 Y107.278 E6.84973
G1 X105.499 Y107.275 E7.29406
G1 X105.113 Y107.303 E7.30716
G1 X104.667 Y107.406 E7.32266
G1 X104.218 Y107.596 E7.33916
G1 X103.803 Y107.871 E7.35602
G1 X103.312 Y108.379 E7.37993
G1 X103.062 Y108.785 E7.39608
G1 X102.981 Y108.984 E7.40335
;TYPE:Overhang perimeter
;WIDTH:0.4
;HEIGHT:0.4
M106 S255
G1 F3600
G1 X102.905 Y109.171 E7.41387
G1 X102.292 Y108.659 E7.45561
G1 X102.006 Y108.513 E7.47237
G1 X95.225 Y108.513 E7.82666
G1 X95.225 Y108.434 E7.83078
M106 S229.5
;TYPE:External perimeter
;WIDTH:0.449999
;HEIGHT:0.2
G1 F1800
G1 X95.225 Y102.225 E8.04096
G1 X124.775 Y102.225 E9.04119
G1 X124.775 Y117.775 E9.56754
G1 X95.225 Y117.775 E10.56777
G1 X95.225 Y111.566 E10.77795
;TYPE:Overhang perimeter
;WIDTH:0.4
;HEIGHT:0.4
M106 S255
G1 F3600
G1 X95.225 Y111.487 E10.78208
G1 X101.896 Y111.487 E11.1306
G1 X102.127 Y111.447 E11.14286
G1 X102.624 Y111.084 E11.17499
G1 X102.907 Y110.819 E11.19524
G1 X102.981 Y111.02 E11.2064
M106 S229.5
;TYPE:External perimeter
;WIDTH:0.449999
;HEIGHT:0.2
G1 F1800
G1 X103.236 Y111.515 E11.22525
G1 X103.532 Y111.884 E11.24127
G1 X103.864 Y112.178 E11.25629
G1 X104.223 Y112.407 E11.2707
G1 X104.653 Y112.589 E11.2865
G1 X105.069 Y112.69 E11.30098
G1 X105.499 Y112.725 E11.3156
G1 X118.657 Y112.72 E11.76096
G1 X119.152 Y112.645 E11.77793
G1 X119.577 Y112.502 E11.7931
G1 X120.051 Y112.239 E11.81145
G1 X120.464 Y111.888 E11.82981
G1 X120.777 Y111.495 E11.8468
G1 X120.991 Y111.102 E11.86197
G1 X121.16 Y110.586 E11.88032
G1 X121.224 Y110.048 E11.89868
G1 X121.179 Y109.507 E11.91705
G1 X121.065 Y109.114 E11.9309
G1 X121.303 Y108.748 F7200
G1 E9.9309 F2400
G92 E0
G1 X104.276 Y112.994 F7200
G1 E2 F2400
;TYPE:Solid infill
;WIDTH:0.45178
G1 F3000
G1 X103.999 Y113.271 E2.01335
G1 X103.155 Y113.536 E2.0434
G1 X103.745 Y112.946 E2.07177
G1 X103.397 Y112.716 E2.08596
G1 X102.335 Y113.778 E2.13704
G1 X102.158 Y113.828 E2.14328
G1 X101.707 Y113.828 E2.15862
G1 X103.089 Y112.446 E2.22504
G1 X102.822 Y112.134 E2.23899
G1 X101.129 Y113.828 E2.32042
G1 X100.551 Y113.828 E2.34008
G1 X102.214 Y112.165 E2.42003
G1 X102.02 Y112.199 E2.42669
G1 X101.602 Y112.199 E2.44093
G1 X99.972 Y113.828 E2.51926
G1 X99.394 Y113.828 E2.53892
G1 X101.023 Y112.199 E2.61724
G1 X100.445 Y112.199 E2.6369
G1 X98.816 Y113.828 E2.71523
G1 X98.238 Y113.828 E2.73488
G1 X99.867 Y112.199 E2.81321
G1 X99.289 Y112.199 E2.83287
G1 X97.66 Y113.828 E2.91119
G1 X97.081 Y113.828 E2.93085
G1 X98.71 Y112.199 E3.00918
G1 X98.132 Y112.199 E3.02883
G1 X96.503 Y113.828 E3.10716
G1 X95.937 Y113.828 E3.12639
G1 X97.554 Y112.199 E3.20442
G1 X96.976 Y112.199 E3.22408
G1 X95.937 Y113.237 E3.274
G1 X95.937 Y112.659 E3.29366
G1 X96.581 Y112.016 E3.32459
G1 E1.32459 F2400
G92 E0
G1 X95.937 Y115.651 F7200
G1 E2 F2400
;TYPE:Internal infill
;WIDTH:0.45
G1 F3600
G1 X95.937 Y114.235 E2.04792
G1 X96.964 Y114.235 E2.08267
G1 X99.792 Y117.063 E2.21802
G1 X97.18 Y117.063 E2.30641
G1 X100.008 Y114.235 E2.44176
G1 X102.214 Y114.235 E2.51644
G1 X102.61 Y114.124 E2.53036
G1 X105.549 Y117.063 E2.67103
G1 X102.937 Y117.063 E2.75942
G1 X106.565 Y113.435 E2.93307
G1 X107.678 Y113.435 E2.97074
G1 X111.306 Y117.063 E3.1444
G1 X108.694 Y117.063 E3.23279
G1 X112.322 Y113.435 E3.40646
G1 X113.435 Y113.435 E3.44411
G1 X117.063 Y117.063 E3.61778
G1 X114.451 Y117.063 E3.70617
G1 X118.08 Y113.434 E3.87985
G1 X118.634 Y113.434 E3.89863
G1 X119.116 Y113.359 E3.91514
G1 X122.82 Y117.063 E4.09241
G1 X120.208 Y117.063 E4.1808
G1 X124.063 Y113.208 E4.3653
G1 X124.063 Y112.549 E4.38763
G1 X121.903 Y110.389 E4.49103
G1 X121.931 Y110.168 E4.49856
G1 X121.903 Y109.611 E4.51742
G1 X124.063 Y107.451 E4.62082
G1 X124.063 Y106.792 E4.64315
G1 X120.208 Y102.937 E4.82765
G1 X122.82 Y102.937 E4.91604
G1 X119.119 Y106.638 E5.09321
G1 X118.756 Y106.575 E5.10565
G1 X118.088 Y106.574 E5.12827
G1 X114.451 Y102.937 E5.30237
G1 X117.063 Y102.937 E5.39076
G1 X113.429 Y106.571 E5.56469
G1 X112.327 Y106.57 E5.602
G1 X108.694 Y102.937 E5.77589
G1 X111.306 Y102.937 E5.86428
G1 X107.677 Y106.567 E6.038
G1 X106.566 Y106.566 E6.0756
G1 X102.937 Y102.937 E6.24929
G1 X105.549 Y102.937 E6.33767
G1 X102.61 Y105.876 E6.47835
G1 X102.214 Y105.765 E6.49226
G1 X100.008 Y105.765 E6.56695
G1 X97.18 Y102.937 E6.70229
G1 X99.792 Y102.937 E6.79068
G1 X96.964 Y105.765 E6.92603
G1 X95.937 Y105.765 E6.96079
G1 X95.937 Y104.349 E7.0087
G1 E5.0087 F2400
G92 E0
G1 X102.63 Y108.253 F7200
G1 E2 F2400
;TYPE:Solid infill
;WIDTH:0.461739
G1 F3000
G1 X104.117 Y106.766 E2.07325
G1 X103.666 Y106.624 E2.0897
G1 X102.39 Y107.901 E2.15255
G1 X102.059 Y107.802 E2.16457
G1 X101.896 Y107.802 E2.17024
G1 X103.216 Y106.483 E2.23521
G1 X102.762 Y106.344 E2.25174
G1 X101.304 Y107.802 E2.32352
G1 X100.712 Y107.802 E2.34415
G1 X102.301 Y106.212 E2.42243
G1 X102.158 Y106.172 E2.42761
G1 X101.749 Y106.172 E2.44185
G1 X100.12 Y107.802 E2.52211
G1 X99.527 Y107.802 E2.54274
G1 X101.157 Y106.172 E2.623
G1 X100.565 Y106.172 E2.64362
G1 X98.935 Y107.801 E2.72388
G1 X98.343 Y107.801 E2.7445
G1 X99.972 Y106.172 E2.82475
G1 X99.38 Y106.172 E2.84538
G1 X97.751 Y107.801 E2.92563
G1 X97.159 Y107.801 E2.94625
G1 X98.788 Y106.172 E3.02649
G1 X98.196 Y106.172 E3.04712
G1 X96.566 Y107.801 E3.12736
G1 X95.974 Y107.801 E3.14798
G1 X97.603 Y106.172 E3.22822
G1 X97.011 Y106.172 E3.24884
G1 X95.937 Y107.246 E3.30172
G1 X95.937 Y106.653 E3.32235
G1 X96.602 Y105.989 E3.35507
M106 S226.95
;LAYER_CHANGE
;Z:10.2
;HEIGHT:0.2
G1 Z10.2 F7200
G1 E1.35507 F2400
G92 E0
G1 X95.632 Y102.632 F7200
G1 E2 F2400
;TYPE:Perimeter
;WIDTH:0.449999
G1 X124.368 Y102.632 E2.97267
G1 X124.368 Y117.368 E3.47146
G1 X95.632 Y117.368 E4.44414
G1 X95.632 Y111.062 E4.6576
;TYPE:Overhang perimeter
;WIDTH:0.4
;HEIGHT:0.4
M106 S255
G1 F3600
G1 X95.632 Y108.938 E4.76852
M106 S226.95
;TYPE:Perimeter
;WIDTH:0.449999
;HEIGHT:0.2
G1 F2400
G1 X95.632 Y102.692 E4.97995
G1 X95.225 Y102.225 F7200
;TYPE:External perimeter
G1 F1800
G1 X124.775 Y102.225 E5.98018
G1 X124.775 Y117.775 E6.50653
G1 X95.225 Y117.775 E7.50676
G1 X95.225 Y111.062 E7.734
;TYPE:Overhang perimeter
;WIDTH:0.4
;HEIGHT:0.4
M106 S255
G1 F3600
G1 X95.225 Y108.938 E7.84493
M106 S226.95
;TYPE:External perimeter
;WIDTH:0.449999
;HEIGHT:0.2
G1 F1800
G1 X95.225 Y102.285 E8.07014
G1 E6.07014 F2400
G92 E0
G1 X121.365 Y108.76 F7200
G1 E2 F2400
;TYPE:Perimeter
G1 X121.537 Y109.244 E2.0174
G1 X121.627 Y109.861 E2.0385
G1 X121.592 Y110.483 E2.05959
G1 X121.447 Y111.054 E2.07954
G1 X121.24 Y111.512 E2.09652
G1 X120.919 Y111.987 E2.11595
G1 X120.596 Y112.326 E2.13179
G1 X120.226 Y112.612 E2.14763
G1 X119.817 Y112.84 E2.16347
G1 X119.379 Y113.005 E2.17931
G1 X118.921 Y113.102 E2.19515
G1 X118.501 Y113.132 E2.20942
G1 X105.499 Y113.132 E2.64952
G1 X104.957 Y113.082 E2.66793
G1 X104.373 Y112.92 E2.68845
G1 X103.877 Y112.676 E2.70716
G1 X103.434 Y112.352 E2.72574
G1 X103.05 Y111.947 E2.74463
G1 X102.736 Y111.468 E2.76401
G1 X102.503 Y110.902 E2.78474
G1 X102.458 Y110.679 E2.79243
;TYPE:Overhang perimeter
;WIDTH:0.4
;HEIGHT:0.4
M106 S255
G1 F3600
G1 X102.388 Y110.34 E2.81051
G1 X102.377 Y109.79 E2.83924
M106 S226.95
M106 S255
G1 X102.451 Y109.321 E2.86408
M106 S226.95
;TYPE:Perimeter
;WIDTH:0.449999
;HEIGHT:0.2
G1 F2400
G1 X102.465 Y109.234 E2.86706
G1 X102.671 Y108.661 E2.88768
G1 X102.935 Y108.205 E2.90552
G1 X103.316 Y107.758 E2.92538
G1 X103.766 Y107.395 E2.94495
G1 X104.282 Y107.117 E2.96479
G1 X104.817 Y106.945 E2.98383
G1 X105.5 Y106.868 E3.00707
G1 X118.501 Y106.868 E3.44715
G1 X119.06 Y106.921 E3.46617
G1 X119.659 Y107.093 E3.48727
G1 X120.212 Y107.38 E3.50836
G1 X120.698 Y107.772 E3.52946
G1 X121.071 Y108.215 E3.54908
G1 X121.345 Y108.703 E3.56803
G1 X121.039 Y109.039 F7200
;TYPE:External perimeter
G1 F1800
G1 X121.151 Y109.374 E3.58
G1 X121.223 Y109.912 E3.59836
G1 X121.186 Y110.453 E3.61671
G1 X121.076 Y110.887 E3.63188
G1 X120.869 Y111.344 E3.64886
G1 X120.621 Y111.711 E3.66385
G1 X120.342 Y112.008 E3.67763
G1 X120.022 Y112.26 E3.69142
G1 X119.668 Y112.461 E3.7052
G1 X119.289 Y112.608 E3.71898
G1 X118.891 Y112.696 E3.73277
G1 X118.501 Y112.725 E3.74601
G1 X105.499 Y112.725 E4.18611
G1 X104.996 Y112.677 E4.20319
G1 X104.49 Y112.53 E4.22106
G1 X104.033 Y112.295 E4.23844
G1 X103.654 Y112.003 E4.25464
G1 X103.327 Y111.643 E4.2711
G1 X103.06 Y111.212 E4.28824
G1 X102.872 Y110.718 E4.30617
G1 X102.796 Y110.288 E4.32094
;TYPE:Overhang perimeter
;WIDTH:0.4
;HEIGHT:0.4
M106 S255
G1 F3600
G1 X102.784 Y109.789 E4.34701
M106 S226.95
M106 S255
G1 X102.797 Y109.715 E4.35095
M106 S226.95
;TYPE:External perimeter
;WIDTH:0.449999
;HEIGHT:0.2
G1 F1800
G1 X102.876 Y109.268 E4.36631
G1 X103.068 Y108.772 E4.3843
G1 X103.305 Y108.386 E4.39963
G1 X103.649 Y108.001 E4.41712
G1 X104.047 Y107.696 E4.4341
G1 X104.503 Y107.465 E4.45137
G1 X104.973 Y107.327 E4.46796
G1 X105.5 Y107.275 E4.48587
G1 X118.501 Y107.275 E4.92596
G1 X119.02 Y107.326 E4.94361
G1 X119.539 Y107.482 E4.96197
G1 X120.018 Y107.738 E4.98033
G1 X120.436 Y108.083 E4.99869
G1 X120.754 Y108.471 E5.01566
G1 X120.991 Y108.898 E5.03221
G1 X121.02 Y108.982 E5.0352
G1 X121.388 Y109.093 F7200
G1 E3.0352 F2400
G92 E0
G1 X104.966 Y106.615 F7200
G1 E2 F2400
;TYPE:Internal infill
;WIDTH:0.45
G1 F3600
G1 X104.833 Y106.628 E2.0045
G1 X104.616 Y106.691 E2.01217
G1 X103.985 Y106.206 E2.0391
G1 X103.347 Y105.795 E2.06479
G1 X102.84 Y105.646 E2.08267
G1 X105.549 Y102.937 E2.21234
G1 X102.937 Y102.937 E2.30072
G1 X106.563 Y106.563 E2.47426
G1 X107.68 Y106.563 E2.5121
G1 X111.306 Y102.937 E2.68564
G1 X108.694 Y102.937 E2.77402
G1 X112.32 Y106.563 E2.94756
G1 X113.437 Y106.563 E2.9854
G1 X117.063 Y102.937 E3.15894
G1 X114.451 Y102.937 E3.24732
G1 X118.077 Y106.563 E3.42086
G1 X118.506 Y106.563 E3.43539
G1 X119.132 Y106.625 E3.45669
G1 X122.82 Y102.937 E3.63321
G1 X120.208 Y102.937 E3.7216
G1 X124.063 Y106.792 E3.9061
G1 X124.063 Y107.451 E3.92843
G1 X121.897 Y109.617 E4.03212
G1 X121.935 Y109.997 E4.04504
G1 X121.903 Y110.389 E4.05834
G1 X124.063 Y112.549 E4.16173
G1 X124.063 Y113.208 E4.18406
G1 X120.208 Y117.063 E4.36856
G1 X122.82 Y117.063 E4.45695
G1 X119.131 Y113.374 E4.63353
G1 X118.505 Y113.437 E4.65483
G1 X118.077 Y113.437 E4.66933
G1 X114.451 Y117.063 E4.84286
G1 X117.063 Y117.063 E4.93125
G1 X113.437 Y113.437 E5.10479
G1 X112.32 Y113.437 E5.14263
G1 X108.694 Y117.063 E5.31616
G1 X111.306 Y117.063 E5.40455
G1 X107.68 Y113.437 E5.57809
G1 X106.563 Y113.437 E5.61593
G1 X102.937 Y117.063 E5.78946
G1 X105.549 Y117.063 E5.87785
G1 X102.84 Y114.354 E6.00751
G1 X103.357 Y114.201 E6.02577
G1 X104.003 Y113.781 E6.05184
G1 X104.623 Y113.31 E6.07819
G1 X104.967 Y113.39 E6.09015
G1 E4.09015 F2400
G92 E0
G1 X102.234 Y117.063 F7200
G1 E2 F2400
G1 F3600
G1 X99.792 Y117.063 E2.08267
G1 X97.194 Y114.465 E2.20701
G1 X99.778 Y114.465 E2.29447
G1 X97.18 Y117.063 E2.4188
G1 X95.937 Y117.063 E2.46088
G1 X95.937 Y115.863 E2.50148
G1 E.50148 F2400
G92 E0
G1 X103.886 Y106.414 F7200
G1 E2 F2400
;TYPE:Bridge infill
;WIDTH:0.41585
;HEIGHT:0.4
M106 S255
G1 F3600
G1 X103.886 Y106.958 E2.03071
G1 X103.704 Y107.047 E2.04218
G1 X103.42 Y107.257 E2.0621
G1 X103.42 Y106.352 E2.11319
G1 X103.166 Y106.189 E2.13024
G1 X102.954 Y106.127 E2.14272
G1 X102.954 Y107.983 E2.24754
M106 S226.95
G1 E.24754 F2400
G92 E0
G1 X103.886 Y112.812 F7200
G1 E2 F2400
M106 S255
G1 F3600
G1 X103.886 Y113.334 E2.02947
G1 X103.42 Y113.648 E2.0612
G1 X103.42 Y112.746 E2.11216
G1 X103.119 Y112.506 E2.13392
G1 X102.954 Y112.319 E2.14798
G1 X102.954 Y113.873 E2.23574
G1 X102.489 Y114.011 E2.26317
G1 X102.489 Y111.669 E2.39541
G1 X102.38 Y111.487 E2.40742
G1 X102.152 Y110.859 E2.44512
G1 X102.051 Y110.241 E2.48046
G1 X102.063 Y109.634 E2.51479
G1 X102.187 Y109.015 E2.5504
G1 X102.435 Y108.4 E2.5879
G1 X102.489 Y108.316 E2.59349
G1 X102.489 Y105.99 E2.72486
G1 X102.4 Y105.963 E2.7301
G1 X102.023 Y105.963 E2.75138
G1 X102.023 Y114.037 E3.20725
G1 X101.557 Y114.037 E3.23356
G1 X101.557 Y105.963 E3.68943
G1 X101.091 Y105.963 E3.71574
G1 X101.091 Y114.037 E4.17161
G1 X100.625 Y114.037 E4.19792
G1 X100.625 Y105.963 E4.65379
G1 X100.159 Y105.963 E4.6801
G1 X100.159 Y114.037 E5.13597
G1 X99.694 Y114.037 E5.16228
G1 X99.694 Y105.963 E5.61815
G1 X99.228 Y105.963 E5.64446
G1 X99.228 Y114.037 E6.10033
G1 X98.762 Y114.037 E6.12664
G1 X98.762 Y105.963 E6.58251
G1 X98.296 Y105.963 E6.60882
G1 X98.296 Y114.037 E7.06469
G1 X97.83 Y114.037 E7.091
G1 X97.83 Y105.963 E7.54687
G1 X97.364 Y105.963 E7.57318
G1 X97.364 Y114.037 E8.02905
G1 X96.898 Y114.037 E8.05536
G1 X96.898 Y105.963 E8.51123
G1 X96.433 Y105.963 E8.53754
G1 X96.433 Y114.037 E8.99341
G1 X95.967 Y114.037 E9.01972
G1 X95.967 Y105.761 E9.48703
M106 S226.95
G1 X95.937 Y104.137 F7200
;TYPE:Internal infill
;WIDTH:0.45
;HEIGHT:0.2
G1 F3600
G1 X95.937 Y102.937 E9.52763
G1 X97.18 Y102.937 E9.5697
G1 X99.778 Y105.535 E9.69404
G1 X97.194 Y105.535 E9.78149
G1 X99.792 Y102.937 E9.90583
G1 X102.234 Y102.937 E9.9885
M106 S224.4
;LAYER_CHANGE
;Z:10.4
;HEIGHT:0.2
G1 Z10.4 F7200
G1 E7.9885 F2400
G92 E0
G1 X95.632 Y102.632 F7200
G1 E2 F2400
;TYPE:Perimeter
;WIDTH:0.449999
G1 X124.368 Y102.632 E2.97267
G1 X124.368 Y117.368 E3.47146
G1 X95.632 Y117.368 E4.44414
G1 X95.632 Y102.692 E4.94089
G1 X95.225 Y102.225 F7200
;TYPE:External perimeter
G1 F1800
G1 X124.775 Y102.225 E5.94113
G1 X124.775 Y117.775 E6.46747
G1 X95.225 Y117.775 E7.4677
G1 X95.225 Y102.285 E7.99202
G1 X95.62 Y102.289 F7200
G1 E5.99202 F2400
G92 E0
G1 X121.41 Y108.861 F7200
G1 E2 F2400
;TYPE:Perimeter
G1 X121.563 Y109.358 E2.0176
G1 X121.628 Y109.871 E2.0351
G1 X121.592 Y110.483 E2.05585
G1 X121.453 Y111.04 E2.07529
G1 X121.259 Y111.479 E2.09153
G1 X120.944 Y111.955 E2.11084
G1 X120.596 Y112.326 E2.12806
G1 X120.226 Y112.612 E2.1439
G1 X119.817 Y112.84 E2.15974
G1 X119.379 Y113.005 E2.17558
G1 X118.921 Y113.102 E2.19142
G1 X118.501 Y113.132 E2.20569
G1 X105.499 Y113.132 E2.64579
G1 X104.955 Y113.082 E2.66426
G1 X104.37 Y112.919 E2.68484
G1 X103.88 Y112.678 E2.70331
G1 X103.432 Y112.35 E2.7221
G1 X103.044 Y111.94 E2.74123
G1 X102.739 Y111.472 E2.76012
G1 X102.503 Y110.902 E2.78099
G1 X102.388 Y110.335 E2.80058
G1 X102.377 Y109.793 E2.81895
G1 X102.466 Y109.232 E2.83818
G1 X102.673 Y108.657 E2.85886
G1 X102.935 Y108.205 E2.87654
G1 X103.317 Y107.757 E2.89648
G1 X103.771 Y107.391 E2.91621
G1 X104.278 Y107.119 E2.93567
G1 X104.818 Y106.945 E2.95487
G1 X105.438 Y106.871 E2.97602
G1 X118.501 Y106.868 E3.41819
G1 X119.06 Y106.921 E3.43721
G1 X119.659 Y107.093 E3.45831
G1 X120.212 Y107.38 E3.4794
G1 X120.698 Y107.772 E3.5005
G1 X121.096 Y108.251 E3.5216
G1 X121.392 Y108.804 E3.54283
G1 X121.041 Y109.029 F7200
;TYPE:External perimeter
G1 F1800
G1 X121.172 Y109.471 E3.55842
G1 X121.224 Y109.953 E3.57482
G1 X121.186 Y110.453 E3.5918
G1 X121.078 Y110.882 E3.60679
G1 X120.915 Y111.26 E3.62071
G1 X120.643 Y111.681 E3.63767
G1 X120.342 Y112.007 E3.65272
G1 X120.022 Y112.26 E3.6665
G1 X119.668 Y112.461 E3.68029
G1 X119.289 Y112.608 E3.69407
G1 X118.891 Y112.696 E3.70785
G1 X118.501 Y112.725 E3.7211
G1 X105.499 Y112.725 E4.16119
G1 X104.995 Y112.677 E4.17834
G1 X104.487 Y112.529 E4.19625
G1 X104.036 Y112.297 E4.2134
G1 X103.652 Y112.001 E4.22983
G1 X103.322 Y111.636 E4.24647
G1 X103.061 Y111.214 E4.26328
G1 X102.872 Y110.718 E4.28125
G1 X102.785 Y110.226 E4.29815
G1 X102.784 Y109.791 E4.31286
G1 X102.877 Y109.265 E4.33095
G1 X103.069 Y108.769 E4.34896
G1 X103.305 Y108.387 E4.36415
G1 X103.651 Y108 E4.38173
G1 X104.052 Y107.693 E4.39883
G1 X104.498 Y107.467 E4.41576
G1 X104.974 Y107.327 E4.43253
G1 X105.479 Y107.276 E4.44972
G1 X118.501 Y107.275 E4.89051
G1 X119.02 Y107.326 E4.90815
G1 X119.539 Y107.482 E4.92651
G1 X120.018 Y107.738 E4.94488
G1 X120.436 Y108.083 E4.96324
G1 X120.777 Y108.505 E4.9816
G1 X121.021 Y108.973 E4.99946
G1 X121.437 Y109.086 F7200
G1 E2.99946 F2400
G92 E0
G1 X105.726 Y113.254 F7200
G1 E2 F2400
;TYPE:Solid infill
;WIDTH:0.462583
G1 F3000
G1 X104.102 Y114.878 E2.08013
G1 X104.026 Y114.935 E2.08346
G1 X103.757 Y114.629 E2.09766
G1 X104.995 Y113.392 E2.15872
G1 X104.755 Y113.353 E2.16719
G1 X104.517 Y113.276 E2.17591
G1 X103.48 Y114.313 E2.22711
G1 X103.202 Y113.997 E2.24179
G1 X104.078 Y113.122 E2.28499
G1 X103.693 Y112.913 E2.30027
G1 X102.608 Y113.998 E2.3538
G1 X102.406 Y114.058 E2.36115
G1 X101.955 Y114.058 E2.3769
G1 X103.351 Y112.662 E2.44579
G1 X103.13 Y112.487 E2.45561
G1 X103.038 Y112.381 E2.46051
G1 X101.361 Y114.058 E2.54325
G1 X100.768 Y114.058 E2.56396
G1 X102.761 Y112.065 E2.66232
G1 X102.532 Y111.701 E2.67734
G1 X100.174 Y114.058 E2.79368
G1 X99.581 Y114.058 E2.81439
G1 X102.336 Y111.303 E2.95035
G1 X102.178 Y110.868 E2.96652
G1 X98.987 Y114.058 E3.12396
G1 X98.394 Y114.058 E3.14467
G1 X102.093 Y110.359 E3.3272
G1 X102.073 Y110.235 E3.33158
G1 X102.081 Y109.777 E3.34757
G1 X97.8 Y114.058 E3.55884
G1 X97.207 Y114.058 E3.57955
G1 X102.515 Y108.75 E3.84148
G1 E1.84148 F2400
G92 E0
G1 X105.706 Y106.746 F7200
G1 E2 F2400
G1 F3000
G1 X105.94 Y106.511 E2.01156
G1 X105.603 Y106.256 E2.02635
G1 X105.274 Y106.584 E2.04257
G1 X104.834 Y106.628 E2.05799
G1 X104.557 Y106.708 E2.06807
G1 X105.265 Y106 E2.10302
G1 X104.927 Y105.744 E2.1178
G1 X96.613 Y114.058 E2.5281
G1 X96.02 Y114.058 E2.54881
G1 X104.59 Y105.488 E2.97174
G1 X104.252 Y105.232 E2.98652
G1 X95.937 Y113.547 E3.39684
G1 X95.937 Y112.953 E3.41755
G1 X102.825 Y106.066 E3.75744
G1 X102.355 Y105.942 E3.77438
G1 X95.937 Y112.36 E4.09111
G1 X95.937 Y111.766 E4.11182
G1 X101.762 Y105.942 E4.39926
G1 X101.168 Y105.942 E4.41997
G1 X95.937 Y111.173 E4.67811
G1 X95.937 Y110.579 E4.69882
G1 X100.575 Y105.942 E4.92768
G1 X99.981 Y105.942 E4.94839
G1 X95.937 Y109.986 E5.14797
G1 X95.937 Y109.392 E5.16868
G1 X99.388 Y105.942 E5.33896
G1 X98.794 Y105.942 E5.35967
G1 X95.937 Y108.799 E5.50066
G1 X95.937 Y108.206 E5.52137
G1 X98.201 Y105.942 E5.63308
G1 X97.607 Y105.942 E5.65379
G1 X95.937 Y107.612 E5.73621
G1 X95.937 Y107.019 E5.75692
G1 X97.014 Y105.942 E5.81005
G1 X96.42 Y105.942 E5.83076
G1 X95.754 Y106.608 E5.86364
G1 E3.86364 F2400
G92 E0
G1 X95.937 Y104.137 F7200
G1 E2 F2400
;TYPE:Internal infill
;WIDTH:0.45
G1 F3600
G1 X95.937 Y102.937 E2.0406
G1 X97.18 Y102.937 E2.08267
G1 X99.778 Y105.535 E2.20701
G1 X97.194 Y105.535 E2.29447
G1 X99.792 Y102.937 E2.4188
G1 X102.234 Y102.937 E2.50148
G1 E.50148 F2400
G92 E0
G1 X100.413 Y105.535 F7200
G1 E2 F2400
G1 F3600
G1 X102.461 Y105.535 E2.06932
G1 X102.84 Y105.646 E2.08267
G1 X105.549 Y102.937 E2.21234
G1 X102.937 Y102.937 E2.30073
G1 X106.19 Y106.19 E2.45642
G1 X106.682 Y106.563 E2.47732
G1 X107.68 Y106.563 E2.51112
G1 X111.306 Y102.937 E2.68466
G1 X108.694 Y102.937 E2.77304
G1 X112.32 Y106.563 E2.94658
G1 X113.437 Y106.563 E2.98442
G1 X117.063 Y102.937 E3.15796
G1 X114.451 Y102.937 E3.24634
G1 X118.077 Y106.563 E3.41988
G1 X118.506 Y106.563 E3.43441
G1 X119.132 Y106.625 E3.45572
G1 X122.82 Y102.937 E3.63223
G1 X120.208 Y102.937 E3.72062
G1 X124.063 Y106.792 E3.90513
G1 X124.063 Y107.451 E3.92745
G1 X121.902 Y109.612 E4.03087
G1 X121.935 Y109.998 E4.04399
G1 X121.903 Y110.389 E4.05727
G1 X124.063 Y112.549 E4.16065
G1 X124.063 Y113.208 E4.18298
G1 X120.208 Y117.063 E4.36749
G1 X122.82 Y117.063 E4.45588
G1 X119.131 Y113.374 E4.63246
G1 X118.505 Y113.437 E4.65375
G1 X118.077 Y113.437 E4.66825
G1 X114.451 Y117.063 E4.84179
G1 X117.063 Y117.063 E4.93018
G1 X113.437 Y113.437 E5.10371
G1 X112.32 Y113.437 E5.14155
G1 X108.694 Y117.063 E5.31509
G1 X111.306 Y117.063 E5.40348
G1 X107.68 Y113.437 E5.57701
G1 X106.704 Y113.437 E5.61005
G1 X106.139 Y113.861 E5.63396
G1 X102.937 Y117.063 E5.78722
G1 X105.549 Y117.063 E5.87561
G1 X102.84 Y114.354 E6.00527
G1 X102.465 Y114.465 E6.01851
G1 X100.414 Y114.465 E6.08795
G1 E4.08795 F2400
G92 E0
G1 X102.234 Y117.063 F7200
G1 E2 F2400
G1 F3600
G1 X99.792 Y117.063 E2.08267
G1 X97.194 Y114.465 E2.20701
G1 X99.778 Y114.465 E2.29447
G1 X97.18 Y117.063 E2.4188
G1 X95.937 Y117.063 E2.46088
G1 X95.937 Y115.863 E2.50148
;LAYER_CHANGE
;Z:10.6
;HEIGHT:0.200001
G1 Z10.6 F7200
G1 E.50148 F2400
G92 E0
G1 X95.632 Y102.632 F7200
G1 E2 F2400
;TYPE:Perimeter
;WIDTH:0.449999
G1 X124.368 Y102.632 E2.97267
G1 X124.368 Y117.368 E3.47146
G1 X95.632 Y117.368 E4.44414
G1 X95.632 Y102.692 E4.94089
G1 X95.225 Y102.225 F7200
;TYPE:External perimeter
G1 F1800
G1 X124.775 Y102.225 E5.94113
G1 X124.775 Y117.775 E6.46747
G1 X95.225 Y117.775 E7.4677
G1 X95.225 Y102.285 E7.99202
G1 X95.62 Y102.289 F7200
G1 E5.99202 F2400
G92 E0
G1 X121.366 Y108.76 F7200
G1 E2 F2400
;TYPE:Perimeter
G1 X121.537 Y109.244 E2.01738
G1 X121.627 Y109.861 E2.03848
G1 X121.592 Y110.483 E2.05956
G1 X121.453 Y111.04 E2.079
G1 X121.265 Y111.469 E2.09484
G1 X121.007 Y111.874 E2.11109
G1 X120.622 Y112.301 E2.13055
G1 X120.226 Y112.612 E2.14761
G1 X119.817 Y112.84 E2.16345
G1 X119.379 Y113.005 E2.17929
G1 X118.921 Y113.102 E2.19513
G1 X118.501 Y113.132 E2.2094
G1 X105.499 Y113.132 E2.6495
G1 X104.953 Y113.082 E2.66804
G1 X104.366 Y112.917 E2.68868
G1 X103.883 Y112.68 E2.70689
G1 X103.43 Y112.348 E2.7259
G1 X103.038 Y111.932 E2.74526
G1 X102.741 Y111.476 E2.76367
G1 X102.503 Y110.903 E2.78469
G1 X102.388 Y110.331 E2.80445
G1 X102.376 Y109.795 E2.82259
G1 X102.466 Y109.229 E2.84198
G1 X102.675 Y108.654 E2.8627
G1 X102.935 Y108.206 E2.88022
G1 X103.318 Y107.756 E2.90024
G1 X103.776 Y107.388 E2.92013
G1 X104.273 Y107.12 E2.93923
G1 X104.818 Y106.945 E2.95859
G1 X105.438 Y106.871 E2.97973
G1 X118.501 Y106.868 E3.4219
G1 X119.06 Y106.921 E3.44092
G1 X119.659 Y107.093 E3.46202
G1 X120.212 Y107.38 E3.48311
G1 X120.698 Y107.772 E3.50421
G1 X121.076 Y108.223 E3.52414
G1 X121.346 Y108.704 E3.54281
G1 X121.029 Y109.009 F7200
;TYPE:External perimeter
G1 F1800
G1 X121.151 Y109.374 E3.55583
G1 X121.223 Y109.912 E3.5742
G1 X121.186 Y110.453 E3.59255
G1 X121.078 Y110.882 E3.60754
G1 X120.918 Y111.256 E3.62132
G1 X120.7 Y111.606 E3.63525
G1 X120.366 Y111.985 E3.65235
G1 X120.022 Y112.26 E3.66725
G1 X119.668 Y112.461 E3.68103
G1 X119.289 Y112.608 E3.69482
G1 X118.891 Y112.696 E3.7086
G1 X118.501 Y112.725 E3.72184
G1 X105.499 Y112.725 E4.16194
G1 X104.993 Y112.677 E4.17914
G1 X104.484 Y112.527 E4.19711
G1 X104.039 Y112.299 E4.21402
G1 X103.649 Y111.999 E4.23068
G1 X103.317 Y111.629 E4.2475
G1 X103.062 Y111.215 E4.26398
G1 X102.872 Y110.718 E4.28199
G1 X102.785 Y110.222 E4.29904
G1 X102.783 Y109.794 E4.31353
G1 X102.867 Y109.3 E4.33048
G1 X103.055 Y108.799 E4.34859
G1 X103.304 Y108.388 E4.36486
G1 X103.652 Y107.998 E4.38254
G1 X104.057 Y107.69 E4.39977
G1 X104.494 Y107.469 E4.41634
G1 X104.974 Y107.327 E4.4333
G1 X105.479 Y107.276 E4.45047
G1 X118.501 Y107.275 E4.89125
G1 X119.02 Y107.326 E4.9089
G1 X119.539 Y107.482 E4.92726
G1 X120.018 Y107.738 E4.94562
G1 X120.436 Y108.083 E4.96398
G1 X120.759 Y108.478 E4.98125
G1 X121.01 Y108.952 E4.9994
G1 X121.411 Y109.054 F7200
G1 E2.9994 F2400
G92 E0
G1 X105.704 Y106.746 F7200
G1 E2 F2400
;TYPE:Solid infill
;WIDTH:0.462052
G1 F3000
G1 X104.073 Y105.115 E2.08037
G1 X103.789 Y105.423 E2.09499
G1 X104.979 Y106.613 E2.15365
G1 X104.835 Y106.627 E2.15868
G1 X104.498 Y106.725 E2.17091
G1 X103.504 Y105.731 E2.2199
G1 X103.219 Y106.04 E2.23452
G1 X104.071 Y106.891 E2.27648
G1 X103.68 Y107.093 E2.29181
G1 X102.582 Y105.995 E2.34593
G1 X102.403 Y105.942 E2.35243
G1 X101.936 Y105.942 E2.36868
G1 X103.339 Y107.344 E2.4378
G1 X103.21 Y107.439 E2.44337
G1 X103.033 Y107.631 E2.45248
G1 X101.344 Y105.942 E2.53575
G1 X100.751 Y105.942 E2.55641
G1 X102.752 Y107.943 E2.65502
G1 X102.521 Y108.305 E2.66998
G1 X100.158 Y105.942 E2.78643
G1 X99.565 Y105.942 E2.80708
G1 X102.333 Y108.71 E2.94351
G1 X102.209 Y109.015 E2.95498
G1 X102.182 Y109.151 E2.95983
G1 X98.973 Y105.942 E3.11801
G1 X98.38 Y105.942 E3.13867
G1 X102.084 Y109.646 E3.32122
G1 X102.072 Y110.227 E3.34148
G1 X97.787 Y105.942 E3.55269
G1 X97.194 Y105.942 E3.57334
G1 X102.517 Y111.264 E3.83567
G1 E1.83567 F2400
G92 E0
G1 X105.692 Y113.254 F7200
G1 E2 F2400
G1 F3000
G1 X105.94 Y113.502 E2.0122
G1 X105.601 Y113.756 E2.02695
G1 X105.261 Y113.416 E2.04368
G1 X104.919 Y113.385 E2.05565
G1 X104.534 Y113.281 E2.06956
G1 X105.262 Y114.009 E2.10544
G1 X104.923 Y114.263 E2.1202
G1 X96.602 Y105.942 E2.53033
G1 X96.009 Y105.942 E2.55099
G1 X104.584 Y114.517 E2.97363
G1 X104.245 Y114.771 E2.98839
G1 X95.937 Y106.463 E3.39785
G1 X95.937 Y107.056 E3.41851
G1 X102.817 Y113.936 E3.7576
G1 X102.406 Y114.058 E3.77256
G1 X102.347 Y114.058 E3.77462
G1 X95.937 Y107.649 E4.09052
G1 X95.937 Y108.241 E4.11118
G1 X101.754 Y114.058 E4.39786
G1 X101.161 Y114.058 E4.41852
G1 X95.937 Y108.834 E4.67599
G1 X95.937 Y109.427 E4.69665
G1 X100.569 Y114.058 E4.9249
G1 X99.976 Y114.058 E4.94556
G1 X95.937 Y110.02 E5.1446
G1 X95.937 Y110.612 E5.16526
G1 X99.383 Y114.058 E5.33509
G1 X98.79 Y114.058 E5.35574
G1 X95.937 Y111.205 E5.49636
G1 X95.937 Y111.798 E5.51701
G1 X98.198 Y114.058 E5.62841
G1 X97.605 Y114.058 E5.64907
G1 X95.937 Y112.391 E5.73125
G1 X95.937 Y112.983 E5.75191
G1 X97.012 Y114.058 E5.80488
G1 X96.419 Y114.058 E5.82554
G1 X95.754 Y113.393 E5.85832
G1 E3.85832 F2400
G92 E0
G1 X95.937 Y115.863 F7200
G1 E2 F2400
;TYPE:Internal infill
;WIDTH:0.45
G1 F3600
G1 X95.937 Y117.063 E2.0406
G1 X97.18 Y117.063 E2.08267
G1 X99.778 Y114.465 E2.20701
G1 X97.194 Y114.465 E2.29447
G1 X99.792 Y117.063 E2.4188
G1 X102.234 Y117.063 E2.50148
G1 E.50148 F2400
G92 E0
G1 X100.414 Y114.465 F7200
G1 E2 F2400
G1 F3600
G1 X102.465 Y114.465 E2.06944
G1 X102.84 Y114.354 E2.08267
G1 X105.549 Y117.063 E2.21234
G1 X102.937 Y117.063 E2.30073
G1 X106.139 Y113.861 E2.45399
G1 X106.704 Y113.437 E2.4779
G1 X107.68 Y113.437 E2.51093
G1 X111.306 Y117.063 E2.68447
G1 X108.694 Y117.063 E2.77286
G1 X112.32 Y113.437 E2.9464
G1 X113.437 Y113.437 E2.98424
G1 X117.063 Y117.063 E3.15777
G1 X114.451 Y117.063 E3.24616
G1 X118.077 Y113.437 E3.4197
G1 X118.505 Y113.437 E3.43419
G1 X119.033 Y113.396 E3.45211
G1 X119.129 Y113.372 E3.45549
G1 X122.82 Y117.063 E3.63213
G1 X120.208 Y117.063 E3.72052
G1 X124.063 Y113.208 E3.90503
G1 X124.063 Y112.549 E3.92735
G1 X121.903 Y110.389 E4.03074
G1 X121.935 Y109.997 E4.04405
G1 X121.897 Y109.617 E4.05697
G1 X124.063 Y107.451 E4.16065
G1 X124.063 Y106.792 E4.18298
G1 X120.208 Y102.937 E4.36748
G1 X122.82 Y102.937 E4.45587
G1 X119.132 Y106.625 E4.63239
G1 X118.506 Y106.563 E4.6537
G1 X118.077 Y106.563 E4.66822
G1 X114.451 Y102.937 E4.84176
G1 X117.063 Y102.937 E4.93015
G1 X113.437 Y106.563 E5.10369
G1 X112.32 Y106.563 E5.14152
G1 X108.694 Y102.937 E5.31506
G1 X111.306 Y102.937 E5.40345
G1 X107.68 Y106.563 E5.57699
G1 X106.682 Y106.563 E5.61079
G1 X106.19 Y106.19 E5.63169
G1 X102.937 Y102.937 E5.78737
G1 X105.549 Y102.937 E5.87576
G1 X102.84 Y105.646 E6.00543
G1 X102.461 Y105.535 E6.01879
G1 X100.413 Y105.535 E6.08811
G1 E4.08811 F2400
G92 E0
G1 X102.234 Y102.937 F7200
G1 E2 F2400
G1 F3600
G1 X99.792 Y102.937 E2.08267
G1 X97.194 Y105.535 E2.20701
G1 X99.778 Y105.535 E2.29447
G1 X97.18 Y102.937 E2.4188
G1 X95.937 Y102.937 E2.46088
G1 X95.937 Y104.137 E2.50148
;LAYER_CHANGE
;Z:10.8
;HEIGHT:0.2
G1 Z10.8 F7200
G1 X95.632 Y102.632
;TYPE:Perimeter
;WIDTH:0.449999
G1 F2400
G1 X124.368 Y102.632 E3.47415
G1 X124.368 Y117.368 E3.97294
G1 X95.632 Y117.368 E4.94561
G1 X95.632 Y102.692 E5.44237
G1 X95.225 Y102.225 F7200
;TYPE:External perimeter
G1 F1800
G1 X124.775 Y102.225 E6.4426
G1 X124.775 Y117.775 E6.96895
G1 X95.225 Y117.775 E7.96918
G1 X95.225 Y102.285 E8.4935
G1 X95.62 Y102.289 F7200
G1 E6.4935 F2400
G92 E0
G1 X121.366 Y108.761 F7200
G1 E2 F2400
;TYPE:Perimeter
G1 X121.537 Y109.244 E2.01737
G1 X121.627 Y109.861 E2.03846
G1 X121.592 Y110.483 E2.05955
G1 X121.453 Y111.04 E2.07898
G1 X121.265 Y111.469 E2.09482
G1 X121.015 Y111.864 E2.11066
G1 X120.709 Y112.218 E2.1265
G1 X120.343 Y112.53 E2.14277
G1 X119.845 Y112.826 E2.16237
G1 X119.379 Y113.005 E2.17927
G1 X118.921 Y113.102 E2.19511
G1 X118.501 Y113.132 E2.20939
G1 X105.499 Y113.132 E2.64948
G1 X104.952 Y113.081 E2.66809
G1 X104.363 Y112.916 E2.68879
G1 X103.886 Y112.682 E2.70676
G1 X103.429 Y112.347 E2.72597
G1 X103.032 Y111.925 E2.74556
G1 X102.744 Y111.481 E2.76349
G1 X102.503 Y110.903 E2.78466
G1 X102.387 Y110.326 E2.80459
G1 X102.376 Y109.797 E2.82249
G1 X102.467 Y109.227 E2.84204
G1 X102.676 Y108.65 E2.86281
G1 X102.934 Y108.206 E2.88018
G1 X103.319 Y107.755 E2.90028
G1 X103.782 Y107.384 E2.92033
G1 X104.269 Y107.122 E2.93906
G1 X104.818 Y106.945 E2.95858
G1 X105.438 Y106.871 E2.97972
G1 X118.501 Y106.868 E3.42188
G1 X119.06 Y106.921 E3.4409
G1 X119.659 Y107.093 E3.462
G1 X120.212 Y107.38 E3.48309
G1 X120.698 Y107.772 E3.50419
G1 X121.078 Y108.227 E3.52427
G1 X121.346 Y108.704 E3.5428
G1 X121.023 Y108.992 F7200
;TYPE:External perimeter
G1 F1800
G1 X121.151 Y109.374 E3.55646
G1 X121.223 Y109.912 E3.57482
G1 X121.186 Y110.453 E3.59317
G1 X121.078 Y110.882 E3.60816
G1 X120.918 Y111.256 E3.62195
G1 X120.703 Y111.603 E3.63573
G1 X120.44 Y111.913 E3.64951
G1 X120.129 Y112.183 E3.66345
G1 X119.694 Y112.448 E3.68069
G1 X119.289 Y112.608 E3.69544
G1 X118.891 Y112.696 E3.70923
G1 X118.501 Y112.725 E3.72247
G1 X105.499 Y112.725 E4.16257
G1 X104.991 Y112.676 E4.17983
G1 X104.481 Y112.526 E4.19785
G1 X104.042 Y112.301 E4.21453
G1 X103.647 Y111.997 E4.23141
G1 X103.312 Y111.622 E4.24841
G1 X103.062 Y111.216 E4.26455
G1 X102.872 Y110.718 E4.28262
G1 X102.784 Y110.217 E4.29981
G1 X102.783 Y109.796 E4.31407
G1 X102.868 Y109.297 E4.33119
G1 X103.056 Y108.796 E4.34933
G1 X103.304 Y108.388 E4.36546
G1 X103.653 Y107.997 E4.38322
G1 X104.061 Y107.687 E4.40058
G1 X104.489 Y107.47 E4.41681
G1 X104.975 Y107.327 E4.43395
G1 X105.479 Y107.276 E4.4511
G1 X118.501 Y107.275 E4.89187
G1 X119.02 Y107.326 E4.90952
G1 X119.539 Y107.482 E4.92788
G1 X120.018 Y107.738 E4.94625
G1 X120.436 Y108.083 E4.96461
G1 X120.761 Y108.482 E4.98202
G1 X121.004 Y108.935 E4.99941
G1 X121.42 Y109.038 F7200
G1 E2.99941 F2400
G92 E0
G1 X105.726 Y113.254 F7200
G1 E2 F2400
;TYPE:Solid infill
;WIDTH:0.462583
G1 F3000
G1 X104.102 Y114.878 E2.08013
G1 X104.026 Y114.935 E2.08346
G1 X103.757 Y114.629 E2.09766
G1 X104.995 Y113.392 E2.15874
G1 X104.75 Y113.352 E2.16739
G1 X104.517 Y113.276 E2.17594
G1 X103.48 Y114.313 E2.22713
G1 X103.202 Y113.997 E2.24181
G1 X104.077 Y113.122 E2.28499
G1 X103.692 Y112.914 E2.30027
G1 X102.608 Y113.998 E2.35377
G1 X102.406 Y114.058 E2.36113
G1 X101.955 Y114.058 E2.37688
G1 X103.351 Y112.662 E2.4458
G1 X103.124 Y112.481 E2.45594
G1 X103.038 Y112.382 E2.46052
G1 X101.361 Y114.058 E2.54325
G1 X100.768 Y114.058 E2.56396
G1 X102.762 Y112.064 E2.66237
G1 X102.531 Y111.701 E2.67737
G1 X100.174 Y114.058 E2.79368
G1 X99.581 Y114.058 E2.81439
G1 X102.336 Y111.303 E2.95035
G1 X102.178 Y110.868 E2.96651
G1 X98.987 Y114.058 E3.12396
G1 X98.394 Y114.058 E3.14467
G1 X102.093 Y110.359 E3.32723
G1 X102.072 Y110.226 E3.33192
G1 X102.081 Y109.778 E3.34758
G1 X97.8 Y114.058 E3.55882
G1 X97.207 Y114.058 E3.57953
G1 X102.514 Y108.75 E3.84146
G1 E1.84146 F2400
G92 E0
G1 X105.706 Y106.746 F7200
G1 E2 F2400
G1 F3000
G1 X105.94 Y106.511 E2.01156
G1 X105.603 Y106.256 E2.02635
G1 X105.274 Y106.584 E2.04256
G1 X104.835 Y106.627 E2.05795
G1 X104.556 Y106.709 E2.0681
G1 X105.265 Y106 E2.10309
G1 X104.927 Y105.744 E2.11787
G1 X96.613 Y114.058 E2.52817
G1 X96.02 Y114.058 E2.54888
G1 X104.59 Y105.488 E2.97181
G1 X104.252 Y105.232 E2.98659
G1 X95.937 Y113.547 E3.39691
G1 X95.937 Y112.953 E3.41762
G1 X102.825 Y106.066 E3.75751
G1 X102.355 Y105.942 E3.77445
G1 X95.937 Y112.36 E4.09118
G1 X95.937 Y111.766 E4.11189
G1 X101.762 Y105.942 E4.39933
G1 X101.168 Y105.942 E4.42004
G1 X95.937 Y111.173 E4.67818
G1 X95.937 Y110.579 E4.69889
G1 X100.575 Y105.942 E4.92775
G1 X99.981 Y105.942 E4.94846
G1 X95.937 Y109.986 E5.14804
G1 X95.937 Y109.393 E5.16875
G1 X99.388 Y105.942 E5.33903
G1 X98.794 Y105.942 E5.35974
G1 X95.937 Y108.799 E5.50073
G1 X95.937 Y108.206 E5.52145
G1 X98.201 Y105.942 E5.63315
G1 X97.607 Y105.942 E5.65386
G1 X95.937 Y107.612 E5.73628
G1 X95.937 Y107.019 E5.75699
G1 X97.014 Y105.942 E5.81012
G1 X96.42 Y105.942 E5.83083
G1 X95.754 Y106.608 E5.86371
G1 E3.86371 F2400
G92 E0
G1 X95.937 Y104.137 F7200
G1 E2 F2400
;TYPE:Internal infill
;WIDTH:0.45
G1 F3600
G1 X95.937 Y102.937 E2.0406
G1 X97.18 Y102.937 E2.08267
G1 X99.778 Y105.535 E2.20701
G1 X97.194 Y105.535 E2.29447
G1 X99.792 Y102.937 E2.4188
G1 X102.234 Y102.937 E2.50148
G1 E.50148 F2400
G92 E0
G1 X100.413 Y105.535 F7200
G1 E2 F2400
G1 F3600
G1 X102.461 Y105.535 E2.06932
G1 X102.84 Y105.646 E2.08267
G1 X105.549 Y102.937 E2.21234
G1 X102.937 Y102.937 E2.30073
G1 X106.19 Y106.19 E2.45642
G1 X106.682 Y106.563 E2.47732
G1 X107.68 Y106.563 E2.51112
G1 X111.306 Y102.937 E2.68466
G1 X108.694 Y102.937 E2.77304
G1 X112.32 Y106.563 E2.94658
G1 X113.437 Y106.563 E2.98442
G1 X117.063 Y102.937 E3.15796
G1 X114.451 Y102.937 E3.24634
G1 X118.077 Y106.563 E3.41988
G1 X118.506 Y106.563 E3.43441
G1 X119.132 Y106.625 E3.45572
G1 X122.82 Y102.937 E3.63223
G1 X120.208 Y102.937 E3.72062
G1 X124.063 Y106.792 E3.90513
G1 X124.063 Y107.451 E3.92745
G1 X121.897 Y109.617 E4.03114
G1 X121.935 Y109.997 E4.04406
G1 X121.903 Y110.389 E4.05736
G1 X124.063 Y112.549 E4.16075
G1 X124.063 Y113.208 E4.18308
G1 X120.208 Y117.063 E4.36758
G1 X122.82 Y117.063 E4.45597
G1 X119.131 Y113.374 E4.63255
G1 X118.505 Y113.437 E4.65385
G1 X118.077 Y113.437 E4.66835
G1 X114.451 Y117.063 E4.84188
G1 X117.063 Y117.063 E4.93027
G1 X113.437 Y113.437 E5.10381
G1 X112.32 Y113.437 E5.14165
G1 X108.694 Y117.063 E5.31518
G1 X111.306 Y117.063 E5.40357
G1 X107.68 Y113.437 E5.57711
G1 X106.704 Y113.437 E5.61014
G1 X106.139 Y113.861 E5.63405
G1 X102.937 Y117.063 E5.78732
G1 X105.549 Y117.063 E5.87571
G1 X102.84 Y114.354 E6.00537
G1 X102.465 Y114.465 E6.01861
G1 X100.414 Y114.465 E6.08804
G1 E4.08804 F2400
G92 E0
G1 X102.234 Y117.063 F7200
G1 E2 F2400
G1 F3600
G1 X99.792 Y117.063 E2.08267
G1 X97.194 Y114.465 E2.20701
G1 X99.778 Y114.465 E2.29447
G1 X97.18 Y117.063 E2.4188
G1 X95.937 Y117.063 E2.46088
G1 X95.937 Y115.863 E2.50148
M106 S234.6
;LAYER_CHANGE
;Z:11
;HEIGHT:0.2
G1 Z11 F7200
G1 E.50148 F2400
G92 E0
G1 X95.632 Y102.632 F7200
G1 E2 F2400
;TYPE:Perimeter
;WIDTH:0.449999
G1 X124.368 Y102.632 E2.97267
G1 X124.368 Y117.368 E3.47146
G1 X95.632 Y117.368 E4.44414
G1 X95.632 Y102.692 E4.94089
G1 X95.225 Y102.225 F7200
;TYPE:External perimeter
G1 F1800
G1 X124.775 Y102.225 E5.94113
G1 X124.775 Y117.775 E6.46747
G1 X95.225 Y117.775 E7.4677
G1 X95.225 Y102.285 E7.99202
G1 X95.62 Y102.289 F7200
G1 E5.99202 F2400
G92 E0
G1 X121.366 Y108.761 F7200
G1 E2 F2400
;TYPE:Perimeter
G1 X121.537 Y109.244 E2.01735
G1 X121.627 Y109.861 E2.03844
G1 X121.592 Y110.483 E2.05953
G1 X121.448 Y111.052 E2.07941
G1 X121.201 Y111.581 E2.09916
G1 X120.919 Y111.987 E2.1159
G1 X120.596 Y112.326 E2.13174
G1 X120.226 Y112.612 E2.14758
G1 X119.817 Y112.84 E2.16342
G1 X119.379 Y113.005 E2.17926
G1 X118.921 Y113.102 E2.19509
G1 X118.501 Y113.132 E2.20937
G1 X105.499 Y113.132 E2.64946
G1 X104.95 Y113.081 E2.66813
G1 X104.36 Y112.914 E2.68889
G1 X103.889 Y112.684 E2.70662
G1 X103.427 Y112.345 E2.72604
G1 X103.026 Y111.917 E2.74587
G1 X102.746 Y111.485 E2.76329
G1 X102.504 Y110.904 E2.78462
G1 X102.387 Y110.321 E2.80474
G1 X102.376 Y109.799 E2.8224
G1 X102.468 Y109.224 E2.84211
G1 X102.678 Y108.646 E2.86293
G1 X102.934 Y108.207 E2.88014
G1 X103.321 Y107.754 E2.90031
G1 X103.787 Y107.381 E2.92052
G1 X104.265 Y107.124 E2.93889
G1 X104.818 Y106.945 E2.95857
G1 X105.438 Y106.871 E2.9797
G1 X118.501 Y106.868 E3.42186
G1 X119.06 Y106.921 E3.44088
G1 X119.659 Y107.093 E3.46198
G1 X120.212 Y107.38 E3.48307
G1 X120.698 Y107.772 E3.50417
G1 X121.081 Y108.23 E3.52441
G1 X121.346 Y108.705 E3.5428
G1 X121.017 Y108.973 F7200
;TYPE:External perimeter
G1 F1800
G1 X121.151 Y109.374 E3.55712
G1 X121.223 Y109.912 E3.57548
G1 X121.186 Y110.453 E3.59384
G1 X121.076 Y110.886 E3.60898
G1 X120.864 Y111.354 E3.62636
G1 X120.621 Y111.711 E3.64097
G1 X120.342 Y112.008 E3.65475
G1 X120.022 Y112.26 E3.66854
G1 X119.668 Y112.461 E3.68232
G1 X119.289 Y112.608 E3.6961
G1 X118.891 Y112.696 E3.70989
G1 X118.501 Y112.725 E3.72313
G1 X105.499 Y112.725 E4.16323
G1 X104.99 Y112.676 E4.18055
G1 X104.478 Y112.525 E4.19862
G1 X104.045 Y112.303 E4.21507
G1 X103.645 Y111.995 E4.23218
G1 X103.307 Y111.616 E4.24936
G1 X103.063 Y111.218 E4.26517
G1 X102.872 Y110.718 E4.28327
G1 X102.784 Y110.213 E4.30062
G1 X102.783 Y109.798 E4.31465
G1 X102.869 Y109.295 E4.33194
G1 X103.058 Y108.793 E4.35011
G1 X103.303 Y108.389 E4.36609
G1 X103.655 Y107.996 E4.38394
G1 X104.066 Y107.684 E4.40143
G1 X104.485 Y107.472 E4.41731
G1 X104.976 Y107.327 E4.43463
G1 X105.479 Y107.276 E4.45176
G1 X118.501 Y107.275 E4.89254
G1 X119.02 Y107.326 E4.91018
G1 X119.539 Y107.482 E4.92854
G1 X120.018 Y107.738 E4.94691
G1 X120.436 Y108.083 E4.96527
G1 X120.764 Y108.485 E4.98282
G1 X120.997 Y108.916 E4.99942
G1 X121.414 Y109.019 F7200
G1 E2.99942 F2400
G92 E0
G1 X104.371 Y106.763 F7200
G1 E2 F2400
;TYPE:Internal infill
;WIDTH:0.45
G1 F3600
G1 X104.27 Y106.793 E2.00354
G1 X103.734 Y107.053 E2.02372
G1 X103.214 Y107.436 E2.04556
G1 X102.764 Y107.923 E2.06802
G1 X102.531 Y108.288 E2.08267
G1 X97.18 Y102.937 E2.33879
G1 X99.792 Y102.937 E2.42718
G1 X95.937 Y106.792 E2.61169
G1 X95.937 Y107.451 E2.63401
G1 X105.549 Y117.063 E3.0941
G1 X102.937 Y117.063 E3.18249
G1 X106.563 Y113.437 E3.35603
G1 X107.68 Y113.437 E3.39386
G1 X111.306 Y117.063 E3.5674
G1 X108.694 Y117.063 E3.65579
G1 X112.32 Y113.437 E3.82933
G1 X113.437 Y113.437 E3.86716
G1 X117.063 Y117.063 E4.0407
G1 X114.451 Y117.063 E4.12909
G1 X118.077 Y113.437 E4.30263
G1 X118.505 Y113.437 E4.31712
G1 X119.131 Y113.374 E4.33842
G1 X122.82 Y117.063 E4.515
G1 X120.208 Y117.063 E4.60339
G1 X124.063 Y113.208 E4.78789
G1 X124.063 Y112.549 E4.81022
G1 X121.903 Y110.389 E4.91361
G1 X121.935 Y109.997 E4.92692
G1 X121.897 Y109.617 E4.93983
G1 X124.063 Y107.451 E5.04352
G1 X124.063 Y106.792 E5.06585
G1 X120.208 Y102.937 E5.25035
G1 X122.82 Y102.937 E5.33874
G1 X119.132 Y106.625 E5.51526
G1 X118.506 Y106.563 E5.53656
G1 X118.077 Y106.563 E5.55109
G1 X114.451 Y102.937 E5.72463
G1 X117.063 Y102.937 E5.81302
G1 X113.437 Y106.563 E5.98655
G1 X112.32 Y106.563 E6.02439
G1 X108.694 Y102.937 E6.19793
G1 X111.306 Y102.937 E6.28632
G1 X107.68 Y106.563 E6.45985
G1 X106.563 Y106.563 E6.49769
G1 X102.937 Y102.937 E6.67123
G1 X105.549 Y102.937 E6.75962
G1 X95.937 Y112.549 E7.2197
G1 X95.937 Y113.208 E7.24203
G1 X99.792 Y117.063 E7.42654
G1 X97.18 Y117.063 E7.51492
G1 X102.535 Y111.708 E7.77123
G1 X102.706 Y111.998 E7.78262
G1 X103.121 Y112.477 E7.80408
G1 X103.62 Y112.875 E7.82567
G1 X104.124 Y113.148 E7.8451
G1 X104.372 Y113.229 E7.85391
;LAYER_CHANGE
;Z:11.2
;HEIGHT:0.2
G1 Z11.2 F7200
G1 E5.85391 F2400
G92 E0
G1 X95.632 Y102.632 F7200
G1 E2 F2400
;TYPE:Perimeter
;WIDTH:0.449999
G1 X124.368 Y102.632 E2.97267
G1 X124.368 Y117.368 E3.47146
G1 X95.632 Y117.368 E4.44414
G1 X95.632 Y102.692 E4.94089
G1 X95.225 Y102.225 F7200
;TYPE:External perimeter
G1 F1800
G1 X124.775 Y102.225 E5.94113
G1 X124.775 Y117.775 E6.46747
G1 X95.225 Y117.775 E7.4677
G1 X95.225 Y102.285 E7.99202
G1 X95.62 Y102.289 F7200
G1 E5.99202 F2400
G92 E0
G1 X121.366 Y108.762 F7200
G1 E2 F2400
;TYPE:Perimeter
G1 X121.537 Y109.244 E2.01733
G1 X121.627 Y109.861 E2.03843
G1 X121.592 Y110.484 E2.05952
G1 X121.435 Y111.086 E2.08061
G1 X121.188 Y111.605 E2.10004
G1 X120.919 Y111.987 E2.11588
G1 X120.596 Y112.326 E2.13172
G1 X120.226 Y112.612 E2.14756
G1 X119.817 Y112.84 E2.1634
G1 X119.379 Y113.005 E2.17924
G1 X118.921 Y113.102 E2.19508
G1 X118.501 Y113.132 E2.20935
G1 X105.499 Y113.132 E2.64945
G1 X104.948 Y113.081 E2.66818
G1 X104.356 Y112.913 E2.689
G1 X103.892 Y112.686 E2.70648
G1 X103.425 Y112.343 E2.72611
G1 X103.021 Y111.91 E2.74617
G1 X102.735 Y111.467 E2.76401
G1 X102.504 Y110.904 E2.7846
G1 X102.386 Y110.316 E2.80489
G1 X102.376 Y109.802 E2.82232
G1 X102.468 Y109.222 E2.84218
G1 X102.68 Y108.643 E2.86305
G1 X102.933 Y108.207 E2.88011
G1 X103.322 Y107.752 E2.90035
G1 X103.792 Y107.377 E2.92073
G1 X104.261 Y107.126 E2.93873
G1 X104.819 Y106.945 E2.95857
G1 X105.438 Y106.871 E2.9797
G1 X118.501 Y106.868 E3.42185
G1 X119.06 Y106.921 E3.44087
G1 X119.659 Y107.093 E3.46197
G1 X120.212 Y107.38 E3.48307
G1 X120.698 Y107.772 E3.50416
G1 X121.084 Y108.234 E3.52456
G1 X121.346 Y108.705 E3.54281
G1 X121.01 Y108.954 F7200
;TYPE:External perimeter
G1 F1800
G1 X121.151 Y109.374 E3.55781
G1 X121.223 Y109.912 E3.57617
G1 X121.186 Y110.453 E3.59454
G1 X121.043 Y110.976 E3.61289
G1 X120.852 Y111.375 E3.62788
G1 X120.621 Y111.711 E3.64166
G1 X120.342 Y112.008 E3.65545
G1 X120.022 Y112.26 E3.66923
G1 X119.668 Y112.461 E3.68301
G1 X119.289 Y112.608 E3.6968
G1 X118.891 Y112.696 E3.71058
G1 X118.501 Y112.725 E3.72382
G1 X105.499 Y112.725 E4.16392
G1 X104.988 Y112.676 E4.1813
G1 X104.474 Y112.524 E4.19942
G1 X104.048 Y112.305 E4.21564
G1 X103.642 Y111.993 E4.23298
G1 X103.302 Y111.609 E4.25034
G1 X103.064 Y111.219 E4.26581
G1 X102.872 Y110.718 E4.28396
G1 X102.784 Y110.208 E4.30146
G1 X102.783 Y109.801 E4.31527
G1 X102.869 Y109.293 E4.33271
G1 X103.06 Y108.79 E4.35092
G1 X103.303 Y108.39 E4.36675
G1 X103.656 Y107.995 E4.3847
G1 X104.071 Y107.681 E4.40231
G1 X104.481 Y107.474 E4.41784
G1 X104.962 Y107.329 E4.43485
G1 X105.479 Y107.276 E4.45246
G1 X118.501 Y107.275 E4.89323
G1 X119.02 Y107.326 E4.91088
G1 X119.539 Y107.482 E4.92924
G1 X120.018 Y107.738 E4.9476
G1 X120.436 Y108.083 E4.96597
G1 X120.766 Y108.489 E4.98367
G1 X120.991 Y108.897 E4.99944
G1 X121.408 Y108.999 F7200
G1 E2.99944 F2400
G92 E0
G1 X104.371 Y106.764 F7200
G1 E2 F2400
;TYPE:Internal infill
;WIDTH:0.45
G1 F3600
G1 X104.266 Y106.795 E2.00372
G1 X103.739 Y107.05 E2.02353
G1 X103.216 Y107.434 E2.04547
G1 X102.764 Y107.924 E2.06805
G1 X102.531 Y108.288 E2.08267
G1 X97.18 Y102.937 E2.33878
G1 X99.792 Y102.937 E2.42717
G1 X95.937 Y106.792 E2.61168
G1 X95.937 Y107.451 E2.634
G1 X105.549 Y117.063 E3.09409
G1 X102.937 Y117.063 E3.18248
G1 X106.563 Y113.437 E3.35602
G1 X107.68 Y113.437 E3.39385
G1 X111.306 Y117.063 E3.56739
G1 X108.694 Y117.063 E3.65578
G1 X112.32 Y113.437 E3.82932
G1 X113.437 Y113.437 E3.86715
G1 X117.063 Y117.063 E4.04069
G1 X114.451 Y117.063 E4.12908
G1 X118.077 Y113.437 E4.30262
G1 X118.505 Y113.437 E4.31711
G1 X119.033 Y113.396 E4.33503
G1 X119.129 Y113.372 E4.33841
G1 X122.82 Y117.063 E4.51505
G1 X120.208 Y117.063 E4.60344
G1 X124.063 Y113.208 E4.78794
G1 X124.063 Y112.549 E4.81027
G1 X121.905 Y110.391 E4.91356
G1 X121.937 Y109.935 E4.92904
G1 X121.9 Y109.614 E4.93998
G1 X124.063 Y107.451 E5.04349
G1 X124.063 Y106.792 E5.06582
G1 X120.208 Y102.937 E5.25032
G1 X122.82 Y102.937 E5.33871
G1 X119.132 Y106.625 E5.51523
G1 X118.506 Y106.563 E5.53653
G1 X118.077 Y106.563 E5.55106
G1 X114.451 Y102.937 E5.7246
G1 X117.063 Y102.937 E5.81299
G1 X113.437 Y106.563 E5.98653
G1 X112.32 Y106.563 E6.02436
G1 X108.694 Y102.937 E6.1979
G1 X111.306 Y102.937 E6.28629
G1 X107.68 Y106.563 E6.45983
G1 X106.563 Y106.563 E6.49766
G1 X102.937 Y102.937 E6.6712
G1 X105.549 Y102.937 E6.75959
G1 X95.937 Y112.549 E7.21968
G1 X95.937 Y113.208 E7.242
G1 X99.792 Y117.063 E7.42651
G1 X97.18 Y117.063 E7.5149
G1 X102.534 Y111.709 E7.77118
G1 X102.7 Y111.991 E7.78226
G1 X103.117 Y112.474 E7.80388
G1 X103.623 Y112.877 E7.82575
G1 X104.121 Y113.147 E7.84495
G1 X104.372 Y113.229 E7.85386
M106 S209.1
;LAYER_CHANGE
;Z:11.4
;HEIGHT:0.2
G1 Z11.4 F7200
G1 E5.85386 F2400
G92 E0
G1 X95.632 Y102.632 F7200
G1 E2 F2400
;TYPE:Perimeter
;WIDTH:0.449999
G1 X124.368 Y102.632 E2.97267
G1 X124.368 Y117.368 E3.47146
G1 X95.632 Y117.368 E4.44414
G1 X95.632 Y102.692 E4.94089
G1 X95.225 Y102.225 F7200
;TYPE:External perimeter
G1 F1800
G1 X124.775 Y102.225 E5.94113
G1 X124.775 Y117.775 E6.46747
G1 X95.225 Y117.775 E7.4677
G1 X95.225 Y102.285 E7.99202
G1 X95.62 Y102.289 F7200
G1 E5.99202 F2400
G92 E0
G1 X121.41 Y108.865 F7200
G1 E2 F2400
;TYPE:Perimeter
G1 X121.568 Y109.381 E2.01826
G1 X121.631 Y109.937 E2.03722
G1 X121.592 Y110.484 E2.05575
G1 X121.435 Y111.086 E2.07684
G1 X121.188 Y111.605 E2.09627
G1 X120.919 Y111.987 E2.11211
G1 X120.596 Y112.326 E2.12795
G1 X120.226 Y112.612 E2.14379
G1 X119.817 Y112.84 E2.15963
G1 X119.379 Y113.005 E2.17547
G1 X118.921 Y113.102 E2.19131
G1 X118.501 Y113.132 E2.20558
G1 X105.499 Y113.132 E2.64568
G1 X104.946 Y113.08 E2.66447
G1 X104.353 Y112.912 E2.68535
G1 X103.896 Y112.688 E2.70258
G1 X103.423 Y112.341 E2.72242
G1 X103.015 Y111.902 E2.74271
G1 X102.735 Y111.467 E2.76022
G1 X102.504 Y110.905 E2.78081
G1 X102.386 Y110.311 E2.80128
G1 X102.376 Y109.804 E2.81847
G1 X102.469 Y109.22 E2.8385
G1 X102.682 Y108.639 E2.85942
G1 X102.997 Y108.121 E2.87993
G1 X103.41 Y107.67 E2.90065
G1 X103.89 Y107.316 E2.92083
G1 X104.357 Y107.086 E2.93846
G1 X104.892 Y106.928 E2.95734
G1 X105.438 Y106.871 E2.97594
G1 X118.501 Y106.868 E3.41809
G1 X119.06 Y106.921 E3.43711
G1 X119.659 Y107.093 E3.45821
G1 X120.212 Y107.38 E3.4793
G1 X120.698 Y107.772 E3.5004
G1 X121.096 Y108.251 E3.5215
G1 X121.393 Y108.808 E3.54285
G1 X121.006 Y108.944 F7200
;TYPE:External perimeter
G1 F1800
G1 X121.176 Y109.492 E3.56228
G1 X121.224 Y109.953 E3.57795
G1 X121.186 Y110.453 E3.59494
G1 X121.043 Y110.976 E3.6133
G1 X120.852 Y111.375 E3.62828
G1 X120.621 Y111.711 E3.64207
G1 X120.342 Y112.008 E3.65585
G1 X120.022 Y112.26 E3.66963
G1 X119.668 Y112.461 E3.68342
G1 X119.288 Y112.608 E3.6972
G1 X118.891 Y112.696 E3.71099
G1 X118.501 Y112.725 E3.72423
G1 X105.499 Y112.725 E4.16433
G1 X104.986 Y112.675 E4.18177
G1 X104.471 Y112.522 E4.19994
G1 X104.051 Y112.307 E4.21592
G1 X103.64 Y111.99 E4.23348
G1 X103.297 Y111.602 E4.25103
G1 X103.064 Y111.22 E4.26617
G1 X102.872 Y110.718 E4.28437
G1 X102.783 Y110.204 E4.30202
G1 X102.783 Y109.803 E4.31559
G1 X102.87 Y109.29 E4.3332
G1 X103.061 Y108.786 E4.35144
G1 X103.302 Y108.391 E4.36712
G1 X103.657 Y107.994 E4.38516
G1 X104.076 Y107.678 E4.4029
G1 X104.476 Y107.476 E4.41809
G1 X104.962 Y107.329 E4.43528
G1 X105.479 Y107.276 E4.45286
G1 X118.501 Y107.275 E4.89364
G1 X119.02 Y107.326 E4.91129
G1 X119.539 Y107.482 E4.92965
G1 X120.018 Y107.738 E4.94801
G1 X120.436 Y108.083 E4.96637
G1 X120.777 Y108.505 E4.98473
G1 X120.979 Y108.89 E4.99945
G1 X121.403 Y108.995 F7200
G1 E2.99945 F2400
G92 E0
G1 X123.324 Y102.756 F7200
G1 E2 F2400
;TYPE:Bridge infill
;WIDTH:0.404496
;HEIGHT:0.4
M106 S255
G1 F3600
G1 X124.041 Y103.473 E2.05415
G1 X124.041 Y104.116 E2.08849
G1 X122.884 Y102.959 E2.17591
G1 X122.241 Y102.959 E2.21025
G1 X124.041 Y104.759 E2.34622
G1 X124.041 Y105.401 E2.38056
G1 X121.599 Y102.959 E2.56511
G1 X120.956 Y102.959 E2.59945
G1 X124.041 Y106.044 E2.83255
G1 X124.041 Y106.687 E2.86689
G1 X120.313 Y102.959 E3.14856
G1 X119.67 Y102.959 E3.1829
G1 X124.041 Y107.33 E3.51313
G1 X124.041 Y107.972 E3.54747
G1 X119.028 Y102.959 E3.92627
G1 X118.385 Y102.959 E3.96061
G1 X124.041 Y108.615 E4.38797
G1 X124.041 Y109.258 E4.42231
G1 X117.742 Y102.959 E4.89824
G1 X117.099 Y102.959 E4.93258
G1 X124.041 Y109.901 E5.45706
G1 X124.041 Y110.543 E5.4914
G1 X116.457 Y102.959 E6.06446
G1 X115.814 Y102.959 E6.0988
G1 X119.595 Y106.739 E6.38444
G1 X119.919 Y106.848 E6.40271
G1 X120.451 Y107.143 E6.43521
G1 X120.912 Y107.525 E6.4672
G1 X121.033 Y107.649 E6.47647
G1 X121.425 Y108.157 E6.51077
G1 X121.687 Y108.661 E6.5411
G1 X121.763 Y108.908 E6.55489
G1 X124.041 Y111.186 E6.72702
G1 X124.041 Y111.829 E6.76136
G1 X121.934 Y109.722 E6.92054
G1 X121.959 Y109.934 E6.93197
G1 X121.929 Y110.359 E6.95471
G1 X124.041 Y112.472 E7.11433
G1 X124.041 Y113.114 E7.14867
G1 X121.831 Y110.904 E7.31565
G1 X121.747 Y111.184 E7.33125
G1 X121.66 Y111.376 E7.34252
G1 X124.041 Y113.757 E7.52242
G1 X124.041 Y114.4 E7.55676
G1 X121.445 Y111.803 E7.75294
G1 X121.18 Y112.181 E7.77759
G1 X124.041 Y115.043 E7.99378
G1 X124.041 Y115.685 E8.02812
G1 X120.87 Y112.514 E8.26773
G1 X120.517 Y112.804 E8.29213
G1 X124.041 Y116.328 E8.55839
G1 X124.041 Y116.971 E8.59273
G1 X120.12 Y113.05 E8.88898
G1 X119.943 Y113.142 E8.89962
G1 X119.673 Y113.246 E8.91508
G1 X123.469 Y117.041 E9.20184
G1 X122.826 Y117.041 E9.23618
G1 X119.171 Y113.387 E9.51231
G1 X119.034 Y113.418 E9.51982
G1 X118.594 Y113.452 E9.54341
G1 X122.183 Y117.041 E9.81459
G1 X121.54 Y117.041 E9.84893
G1 X117.958 Y113.459 E10.1196
G1 X117.315 Y113.459 E10.15394
G1 X120.898 Y117.041 E10.4246
G1 X120.255 Y117.041 E10.45894
G1 X116.673 Y113.459 E10.7296
G1 X116.03 Y113.459 E10.76394
G1 X119.612 Y117.041 E11.03461
G1 X118.969 Y117.041 E11.06895
G1 X115.387 Y113.459 E11.33961
G1 X114.744 Y113.459 E11.37395
G1 X118.327 Y117.041 E11.64461
G1 X117.684 Y117.041 E11.67895
G1 X114.102 Y113.459 E11.94962
G1 X113.459 Y113.459 E11.98396
G1 X117.041 Y117.041 E12.25462
G1 X116.398 Y117.041 E12.28896
G1 X112.816 Y113.459 E12.55962
G1 X112.173 Y113.459 E12.59396
G1 X115.756 Y117.041 E12.86463
G1 X115.113 Y117.041 E12.89897
G1 X111.531 Y113.459 E13.16963
G1 X110.888 Y113.459 E13.20397
G1 X114.47 Y117.041 E13.47463
G1 X113.827 Y117.041 E13.50897
G1 X110.245 Y113.459 E13.77964
G1 X109.602 Y113.459 E13.81398
G1 X113.185 Y117.041 E14.08464
G1 X112.542 Y117.041 E14.11898
G1 X108.96 Y113.459 E14.38964
G1 X108.317 Y113.459 E14.42398
G1 X111.899 Y117.041 E14.69465
G1 X111.256 Y117.041 E14.72899
G1 X107.674 Y113.459 E14.99965
G1 X107.031 Y113.459 E15.03399
G1 X110.614 Y117.041 E15.30465
G1 X109.971 Y117.041 E15.33899
G1 X106.389 Y113.459 E15.60966
G1 X105.746 Y113.459 E15.644
G1 X109.328 Y117.041 E15.91466
G1 X108.685 Y117.041 E15.949
G1 X104.826 Y113.182 E16.24057
M106 S209.1
G1 E14.24057 F2400
G92 E0
G1 X119.003 Y106.791 F7200
G1 E2 F2400
M106 S255
G1 F3600
G1 X115.171 Y102.959 E2.28952
G1 X114.528 Y102.959 E2.32386
G1 X118.111 Y106.541 E2.59452
G1 X117.468 Y106.541 E2.62886
G1 X113.886 Y102.959 E2.89952
G1 X113.243 Y102.959 E2.93386
G1 X116.825 Y106.541 E3.20453
G1 X116.182 Y106.541 E3.23887
G1 X112.6 Y102.959 E3.50953
G1 X111.957 Y102.959 E3.54387
G1 X115.54 Y106.541 E3.81453
G1 X114.897 Y106.541 E3.84887
G1 X111.315 Y102.959 E4.11954
G1 X110.672 Y102.959 E4.15388
G1 X114.254 Y106.541 E4.42454
G1 X113.611 Y106.541 E4.45888
G1 X110.029 Y102.959 E4.72954
G1 X109.386 Y102.959 E4.76388
G1 X112.969 Y106.541 E5.03455
G1 X112.326 Y106.541 E5.06889
G1 X108.744 Y102.959 E5.33955
G1 X108.101 Y102.959 E5.37389
G1 X111.683 Y106.541 E5.64455
G1 X111.04 Y106.541 E5.67889
G1 X107.458 Y102.959 E5.94956
G1 X106.815 Y102.959 E5.9839
G1 X110.398 Y106.541 E6.25456
G1 X109.755 Y106.541 E6.2889
G1 X106.173 Y102.959 E6.55956
G1 X105.53 Y102.959 E6.5939
G1 X109.112 Y106.541 E6.86456
G1 X108.469 Y106.541 E6.8989
G1 X104.887 Y102.959 E7.16957
G1 X104.244 Y102.959 E7.20391
G1 X107.827 Y106.541 E7.47457
G1 X107.184 Y106.541 E7.50891
G1 X103.602 Y102.959 E7.77957
G1 X102.959 Y102.959 E7.81391
G1 X106.541 Y106.541 E8.08458
G1 X105.898 Y106.541 E8.11892
G1 X102.316 Y102.959 E8.38958
G1 X101.673 Y102.959 E8.42392
G1 X105.277 Y106.562 E8.69618
G1 X104.833 Y106.606 E8.71998
G1 X104.713 Y106.641 E8.72671
G1 X101.031 Y102.959 E9.00491
G1 X100.388 Y102.959 E9.03925
G1 X104.221 Y106.792 E9.32887
G1 X103.788 Y107.002 E9.35457
G1 X99.745 Y102.959 E9.66004
G1 X99.102 Y102.959 E9.69438
G1 X103.409 Y107.266 E10.01979
G1 X103.204 Y107.416 E10.03338
G1 X103.066 Y107.565 E10.04424
G1 X98.46 Y102.959 E10.39228
G1 X97.817 Y102.959 E10.42662
G1 X102.757 Y107.899 E10.79989
G1 X102.504 Y108.289 E10.82471
G1 X97.174 Y102.959 E11.22742
G1 X96.531 Y102.959 E11.26176
G1 X102.302 Y108.73 E11.69777
G1 X102.197 Y108.985 E11.71251
G1 X102.147 Y109.218 E11.72523
G1 X95.959 Y103.029 E12.19281
G1 X95.959 Y103.672 E12.22715
G1 X102.059 Y109.772 E12.68804
G1 X102.049 Y110.208 E12.71133
G1 X102.085 Y110.441 E12.72393
G1 X95.959 Y104.315 E13.1868
G1 X95.959 Y104.957 E13.22114
G1 X102.319 Y111.317 E13.70165
G1 X102.384 Y111.495 E13.71178
G1 X102.672 Y111.987 E13.74227
G1 X103.093 Y112.48 E13.77689
G1 X103.615 Y112.897 E13.81255
G1 X104.11 Y113.166 E13.84266
G1 X104.195 Y113.193 E13.84742
G1 X108.043 Y117.041 E14.13814
G1 X107.4 Y117.041 E14.17248
G1 X95.959 Y105.6 E15.03691
G1 X95.959 Y106.243 E15.07125
G1 X106.757 Y117.041 E15.88711
G1 X106.114 Y117.041 E15.92145
G1 X95.959 Y106.886 E16.68876
G1 X95.959 Y107.528 E16.72309
G1 X105.472 Y117.041 E17.44183
G1 X104.829 Y117.041 E17.47617
G1 X95.959 Y108.171 E18.14635
G1 X95.959 Y108.814 E18.18069
G1 X104.186 Y117.041 E18.8023
G1 X103.543 Y117.041 E18.83664
G1 X95.959 Y109.457 E19.40968
G1 X95.959 Y110.099 E19.44402
G1 X102.901 Y117.041 E19.96851
G1 X102.258 Y117.041 E20.00285
G1 X95.959 Y110.742 E20.47876
G1 X95.959 Y111.385 E20.5131
G1 X101.615 Y117.041 E20.94046
G1 X100.972 Y117.041 E20.9748
G1 X95.959 Y112.028 E21.35359
G1 X95.959 Y112.671 E21.38793
G1 X100.329 Y117.041 E21.71816
G1 X99.687 Y117.041 E21.7525
G1 X95.959 Y113.313 E22.03416
G1 X95.959 Y113.956 E22.0685
G1 X99.044 Y117.041 E22.3016
G1 X98.401 Y117.041 E22.33594
G1 X95.959 Y114.599 E22.52048
G1 X95.959 Y115.242 E22.55482
G1 X97.758 Y117.041 E22.69079
G1 X97.116 Y117.041 E22.72513
G1 X95.959 Y115.884 E22.81254
G1 X95.959 Y116.527 E22.84688
G1 X96.675 Y117.244 E22.90102
M106 S209.1
M106 S198.9
;LAYER_CHANGE
;Z:11.6
;HEIGHT:0.200001
G1 Z11.6 F7200
G1 E20.90102 F2400
G92 E0
G1 X95.632 Y102.632 F7200
G1 E2 F2400
;TYPE:Perimeter
;WIDTH:0.449999
G1 X124.368 Y102.632 E2.97267
G1 X124.368 Y117.368 E3.47146
G1 X95.632 Y117.368 E4.44414
G1 X95.632 Y102.692 E4.94089
G1 X95.225 Y102.225 F7200
;TYPE:External perimeter
G1 F1800
G1 X124.775 Y102.225 E5.94113
G1 X124.775 Y117.775 E6.46747
G1 X95.225 Y117.775 E7.4677
G1 X95.225 Y102.285 E7.99202
G1 X95.62 Y102.289 F7200
G1 E5.99202 F2400
G92 E0
G1 X121.41 Y108.864 F7200
G1 E2 F2400
;TYPE:Perimeter
G1 X121.564 Y109.363 E2.01768
G1 X121.627 Y109.861 E2.03467
G1 X121.592 Y110.483 E2.05576
G1 X121.453 Y111.04 E2.07519
G1 X121.265 Y111.469 E2.09103
G1 X121.005 Y111.876 E2.10739
G1 X120.673 Y112.252 E2.12437
G1 X120.266 Y112.587 E2.14221
G1 X119.817 Y112.84 E2.15965
G1 X119.379 Y113.005 E2.17549
G1 X118.921 Y113.102 E2.19133
G1 X118.501 Y113.132 E2.2056
G1 X105.499 Y113.132 E2.6457
G1 X104.944 Y113.08 E2.66456
G1 X104.349 Y112.91 E2.6855
G1 X103.899 Y112.69 E2.70248
G1 X103.421 Y112.34 E2.72253
G1 X103.009 Y111.895 E2.74305
G1 X102.727 Y111.453 E2.7608
G1 X102.503 Y110.904 E2.78087
G1 X102.385 Y110.307 E2.80147
G1 X102.375 Y109.806 E2.81842
G1 X102.47 Y109.217 E2.8386
G1 X102.683 Y108.636 E2.85957
G1 X102.996 Y108.122 E2.87993
G1 X103.412 Y107.669 E2.90075
G1 X103.894 Y107.313 E2.92104
G1 X104.352 Y107.088 E2.93831
G1 X104.893 Y106.927 E2.9574
G1 X105.438 Y106.871 E2.97594
G1 X118.501 Y106.868 E3.41811
G1 X119.06 Y106.921 E3.43713
G1 X119.659 Y107.093 E3.45823
G1 X120.212 Y107.38 E3.47932
G1 X120.698 Y107.772 E3.50042
G1 X121.096 Y108.251 E3.52152
G1 X121.393 Y108.807 E3.54284
G1 X121.001 Y108.933 F7200
;TYPE:External perimeter
G1 F1800
G1 X121.16 Y109.414 E3.56
G1 X121.223 Y109.912 E3.57699
G1 X121.186 Y110.453 E3.59534
G1 X121.078 Y110.882 E3.61033
G1 X120.918 Y111.256 E3.62412
G1 X120.7 Y111.607 E3.63808
G1 X120.368 Y111.983 E3.65506
G1 X120.022 Y112.26 E3.67005
G1 X119.668 Y112.461 E3.68383
G1 X119.289 Y112.608 E3.69761
G1 X118.891 Y112.696 E3.7114
G1 X118.501 Y112.725 E3.72464
G1 X105.499 Y112.725 E4.16474
G1 X104.984 Y112.675 E4.18224
G1 X104.468 Y112.521 E4.20046
G1 X104.054 Y112.309 E4.21621
G1 X103.638 Y111.988 E4.234
G1 X103.291 Y111.595 E4.25175
G1 X103.058 Y111.208 E4.26705
G1 X102.872 Y110.718 E4.28478
G1 X102.783 Y110.2 E4.30258
G1 X102.782 Y109.805 E4.31592
G1 X102.871 Y109.288 E4.3337
G1 X103.063 Y108.783 E4.35197
G1 X103.302 Y108.391 E4.36751
G1 X103.659 Y107.992 E4.38563
G1 X104.08 Y107.675 E4.4035
G1 X104.472 Y107.477 E4.41834
G1 X104.963 Y107.328 E4.43573
G1 X105.479 Y107.276 E4.45326
G1 X118.501 Y107.275 E4.89405
G1 X119.02 Y107.326 E4.9117
G1 X119.539 Y107.482 E4.93006
G1 X120.018 Y107.738 E4.94842
G1 X120.436 Y108.083 E4.96678
G1 X120.777 Y108.505 E4.98515
G1 X120.973 Y108.879 E4.99944
G1 X121.398 Y108.978 F7200
G1 E2.99944 F2400
G92 E0
G1 X124.246 Y116.414 F7200
G1 E2 F2400
;TYPE:Solid infill
;WIDTH:0.454424
G1 F3000
G1 X123.597 Y117.063 E2.03141
G1 X123.015 Y117.063 E2.05132
G1 X124.063 Y116.015 E2.10203
G1 X124.063 Y115.433 E2.12194
G1 X122.433 Y117.063 E2.20081
G1 X121.851 Y117.063 E2.22072
G1 X124.063 Y114.851 E2.32775
G1 X124.063 Y114.269 E2.34766
G1 X121.269 Y117.063 E2.48285
G1 X120.687 Y117.063 E2.50276
G1 X124.063 Y113.687 E2.66611
G1 X124.063 Y113.105 E2.68602
G1 X120.105 Y117.063 E2.87753
G1 X119.523 Y117.063 E2.89745
G1 X124.063 Y112.523 E3.11712
G1 X124.063 Y111.941 E3.13703
G1 X118.941 Y117.063 E3.38486
G1 X118.359 Y117.063 E3.40477
G1 X124.063 Y111.359 E3.68076
G1 X124.063 Y110.777 E3.70068
G1 X117.777 Y117.063 E4.00483
G1 X117.195 Y117.063 E4.02474
G1 X124.063 Y110.195 E4.35705
G1 X124.063 Y109.613 E4.37697
G1 X116.613 Y117.063 E4.73744
G1 X116.031 Y117.063 E4.75735
G1 X124.063 Y109.031 E5.14599
G1 X124.063 Y108.449 E5.1659
G1 X121.876 Y110.636 E5.27173
G1 X121.934 Y109.996 E5.29375
G1 X124.063 Y107.867 E5.39673
G1 X124.063 Y107.285 E5.41664
G1 X121.878 Y109.47 E5.52234
G1 X121.836 Y109.176 E5.53251
G1 X121.774 Y108.992 E5.53914
G1 X124.063 Y106.703 E5.64987
G1 X124.063 Y106.122 E5.66978
G1 X121.615 Y108.569 E5.78821
G1 X121.415 Y108.187 E5.80296
G1 X124.063 Y105.54 E5.93108
G1 X124.063 Y104.958 E5.951
G1 X121.164 Y107.856 E6.09127
G1 X120.898 Y107.541 E6.1054
G1 X124.063 Y104.376 E6.25856
G1 X124.063 Y103.794 E6.27847
G1 X120.579 Y107.277 E6.44703
G1 X120.439 Y107.161 E6.45328
G1 X120.229 Y107.045 E6.46146
G1 X124.063 Y103.212 E6.64694
G1 X124.063 Y102.937 E6.65633
G1 X123.755 Y102.937 E6.66685
G1 X119.846 Y106.846 E6.85601
G1 X119.41 Y106.7 E6.87174
G1 X123.173 Y102.937 E7.05383
G1 X122.591 Y102.937 E7.07374
G1 X118.927 Y106.602 E7.25106
G1 X118.384 Y106.563 E7.26968
G1 X122.009 Y102.937 E7.44511
G1 X121.427 Y102.937 E7.46502
G1 X117.802 Y106.563 E7.64044
G1 X117.22 Y106.563 E7.66036
G1 X120.845 Y102.937 E7.83578
G1 X120.263 Y102.937 E7.85569
G1 X116.638 Y106.563 E8.03112
G1 X116.056 Y106.563 E8.05103
G1 X119.681 Y102.937 E8.22645
G1 X119.099 Y102.937 E8.24637
G1 X115.474 Y106.563 E8.42179
G1 X114.892 Y106.563 E8.4417
G1 X118.517 Y102.937 E8.61713
G1 X117.935 Y102.937 E8.63704
G1 X114.31 Y106.563 E8.81247
G1 X113.728 Y106.563 E8.83238
G1 X117.354 Y102.937 E9.0078
G1 X116.772 Y102.937 E9.02772
G1 X113.146 Y106.563 E9.20314
G1 X112.564 Y106.563 E9.22305
G1 X116.19 Y102.937 E9.39848
G1 X115.608 Y102.937 E9.41839
G1 X111.982 Y106.563 E9.59381
G1 X111.4 Y106.563 E9.61373
G1 X115.026 Y102.937 E9.78915
G1 X114.444 Y102.937 E9.80906
G1 X110.819 Y106.563 E9.98449
G1 X110.237 Y106.563 E10.0044
G1 X113.862 Y102.937 E10.17983
G1 X113.28 Y102.937 E10.19974
G1 X109.655 Y106.563 E10.37516
G1 X109.073 Y106.563 E10.39507
G1 X112.698 Y102.937 E10.5705
G1 X112.116 Y102.937 E10.59041
G1 X108.491 Y106.563 E10.76584
G1 X107.909 Y106.563 E10.78575
G1 X111.534 Y102.937 E10.96117
G1 X110.952 Y102.937 E10.98109
G1 X107.327 Y106.563 E11.15651
G1 X106.745 Y106.563 E11.17642
G1 X110.37 Y102.937 E11.35185
G1 X109.788 Y102.937 E11.37176
G1 X106.163 Y106.563 E11.54718
G1 X105.581 Y106.563 E11.5671
G1 X109.206 Y102.937 E11.74252
G1 X108.624 Y102.937 E11.76243
G1 X104.705 Y106.857 E11.95211
G1 E9.95211 F2400
G92 E0
G1 X119.383 Y113.129 F7200
G1 E2 F2400
G1 F3000
G1 X115.449 Y117.063 E2.19034
G1 X114.867 Y117.063 E2.21025
G1 X118.493 Y113.437 E2.38568
G1 X117.911 Y113.437 E2.40559
G1 X114.285 Y117.063 E2.58101
G1 X113.703 Y117.063 E2.60093
G1 X117.329 Y113.437 E2.77635
G1 X116.747 Y113.437 E2.79626
G1 X113.122 Y117.063 E2.97169
G1 X112.54 Y117.063 E2.9916
G1 X116.165 Y113.437 E3.16703
G1 X115.583 Y113.437 E3.18694
G1 X111.958 Y117.063 E3.36236
G1 X111.376 Y117.063 E3.38227
G1 X115.001 Y113.437 E3.5577
G1 X114.419 Y113.437 E3.57761
G1 X110.794 Y117.063 E3.75304
G1 X110.212 Y117.063 E3.77295
G1 X113.837 Y113.437 E3.94837
G1 X113.255 Y113.437 E3.96829
G1 X109.63 Y117.063 E4.14371
G1 X109.048 Y117.063 E4.16362
G1 X112.673 Y113.437 E4.33905
G1 X112.091 Y113.437 E4.35896
G1 X108.466 Y117.063 E4.53439
G1 X107.884 Y117.063 E4.5543
G1 X111.509 Y113.437 E4.72972
G1 X110.927 Y113.437 E4.74963
G1 X107.302 Y117.063 E4.92506
G1 X106.72 Y117.063 E4.94497
G1 X110.345 Y113.437 E5.1204
G1 X109.763 Y113.437 E5.14031
G1 X106.138 Y117.063 E5.31573
G1 X105.556 Y117.063 E5.33565
G1 X109.181 Y113.437 E5.51107
G1 X108.599 Y113.437 E5.53098
G1 X104.974 Y117.063 E5.70641
G1 X104.392 Y117.063 E5.72632
G1 X108.017 Y113.437 E5.90174
G1 X107.435 Y113.437 E5.92166
G1 X103.81 Y117.063 E6.09708
G1 X103.228 Y117.063 E6.11699
G1 X106.854 Y113.437 E6.29242
G1 X106.272 Y113.437 E6.31233
G1 X102.646 Y117.063 E6.48776
G1 X102.064 Y117.063 E6.50767
G1 X105.69 Y113.437 E6.68309
G1 X105.14 Y113.405 E6.70192
G1 X101.482 Y117.063 E6.87893
G1 X100.9 Y117.063 E6.89884
G1 X104.645 Y113.318 E7.08003
G1 X104.207 Y113.175 E7.09581
G1 X100.319 Y117.063 E7.28396
G1 X99.737 Y117.063 E7.30387
G1 X103.817 Y112.982 E7.50131
G1 X103.629 Y112.881 E7.50861
G1 X103.466 Y112.751 E7.51573
G1 X99.155 Y117.063 E7.72437
G1 X98.573 Y117.063 E7.74428
G1 X103.142 Y112.493 E7.96541
G1 X102.869 Y112.185 E7.97951
G1 X97.991 Y117.063 E8.21555
G1 X97.409 Y117.063 E8.23547
G1 X102.618 Y111.853 E8.48754
G1 X102.404 Y111.485 E8.50211
G1 X96.827 Y117.063 E8.772
G1 X96.245 Y117.063 E8.79191
G1 X102.248 Y111.06 E9.08238
G1 X102.172 Y110.851 E9.09
G1 X102.131 Y110.594 E9.09888
G1 X95.937 Y116.788 E9.39861
G1 X95.937 Y116.206 E9.41853
G1 X102.073 Y110.07 E9.71545
G1 X102.083 Y109.653 E9.72974
G1 X102.126 Y109.435 E9.73733
G1 X95.937 Y115.624 E10.03682
G1 X95.937 Y115.042 E10.05673
G1 X102.378 Y108.602 E10.36837
G1 X102.467 Y108.386 E10.37636
G1 X102.763 Y107.925 E10.39512
G1 X103.22 Y107.43 E10.41817
G1 X103.749 Y107.044 E10.44057
G1 X104.111 Y106.869 E10.45434
G1 X108.042 Y102.937 E10.64457
G1 X107.46 Y102.937 E10.66448
G1 X95.937 Y114.46 E11.22207
G1 X95.937 Y113.878 E11.24199
G1 X106.878 Y102.937 E11.77142
G1 X106.296 Y102.937 E11.79133
G1 X95.937 Y113.296 E12.2926
G1 X95.937 Y112.714 E12.31251
G1 X105.714 Y102.937 E12.78562
G1 X105.132 Y102.937 E12.80553
G1 X95.937 Y112.132 E13.25048
G1 X95.937 Y111.551 E13.2704
G1 X104.551 Y102.937 E13.68718
G1 X103.969 Y102.937 E13.7071
G1 X95.937 Y110.969 E14.09572
G1 X95.937 Y110.387 E14.11564
G1 X103.387 Y102.937 E14.4761
G1 X102.805 Y102.937 E14.49602
G1 X95.937 Y109.805 E14.82832
G1 X95.937 Y109.223 E14.84824
G1 X102.223 Y102.937 E15.15238
G1 X101.641 Y102.937 E15.17229
G1 X95.937 Y108.641 E15.44828
G1 X95.937 Y108.059 E15.46819
G1 X101.059 Y102.937 E15.71602
G1 X100.477 Y102.937 E15.73593
G1 X95.937 Y107.477 E15.95559
G1 X95.937 Y106.895 E15.97551
G1 X99.895 Y102.937 E16.16701
G1 X99.313 Y102.937 E16.18692
G1 X95.937 Y106.313 E16.35026
G1 X95.937 Y105.731 E16.37018
G1 X98.731 Y102.937 E16.50536
G1 X98.149 Y102.937 E16.52527
G1 X95.937 Y105.149 E16.63229
G1 X95.937 Y104.567 E16.65221
G1 X97.567 Y102.937 E16.73107
G1 X96.985 Y102.937 E16.75098
G1 X95.937 Y103.985 E16.80168
G1 X95.937 Y103.403 E16.82159
G1 X96.586 Y102.754 E16.853
;LAYER_CHANGE
;Z:11.8
;HEIGHT:0.2
G1 Z11.8 F7200
G1 X95.632 Y102.632
;TYPE:Perimeter
;WIDTH:0.449999
G1 F2400
G1 X124.368 Y102.632 E17.82567
G1 X124.368 Y117.368 E18.32446
G1 X95.632 Y117.368 E19.29713
G1 X95.632 Y102.692 E19.79389
G1 X95.225 Y102.225 F7200
;TYPE:External perimeter
G1 F1800
G1 X124.775 Y102.225 E20.79412
G1 X124.775 Y117.775 E21.32047
G1 X95.225 Y117.775 E22.3207
G1 X95.225 Y102.285 E22.84502
G1 X95.62 Y102.289 F7200
G1 E20.84502 F2400
G92 E0
G1 X121.41 Y108.865 F7200
G1 E2 F2400
;TYPE:Perimeter
G1 X121.564 Y109.363 E2.01767
G1 X121.627 Y109.861 E2.03465
G1 X121.592 Y110.483 E2.05574
G1 X121.447 Y111.054 E2.07567
G1 X121.192 Y111.598 E2.09602
G1 X120.919 Y111.987 E2.11211
G1 X120.596 Y112.326 E2.12795
G1 X120.226 Y112.612 E2.14379
G1 X119.817 Y112.84 E2.15963
G1 X119.379 Y113.005 E2.17546
G1 X118.921 Y113.102 E2.1913
G1 X118.501 Y113.132 E2.20558
G1 X105.499 Y113.132 E2.64567
G1 X104.942 Y113.08 E2.6646
G1 X104.346 Y112.909 E2.6856
G1 X103.812 Y112.635 E2.70592
G1 X103.331 Y112.256 E2.72663
G1 X102.939 Y111.801 E2.74698
G1 X102.682 Y111.362 E2.76417
G1 X102.471 Y110.789 E2.78484
G1 X102.375 Y110.196 E2.8052
G1 X102.375 Y109.808 E2.81831
G1 X102.47 Y109.215 E2.83866
G1 X102.685 Y108.632 E2.85967
G1 X102.996 Y108.123 E2.87987
G1 X103.414 Y107.667 E2.9008
G1 X103.899 Y107.31 E2.9212
G1 X104.348 Y107.09 E2.93811
G1 X104.894 Y106.927 E2.9574
G1 X105.438 Y106.871 E2.97592
G1 X118.501 Y106.868 E3.41808
G1 X119.06 Y106.921 E3.4371
G1 X119.659 Y107.093 E3.4582
G1 X120.212 Y107.38 E3.47929
G1 X120.698 Y107.772 E3.50039
G1 X121.096 Y108.251 E3.52149
G1 X121.393 Y108.807 E3.54283
G1 X120.995 Y108.923 F7200
;TYPE:External perimeter
G1 F1800
G1 X121.16 Y109.414 E3.56037
G1 X121.223 Y109.912 E3.57736
G1 X121.186 Y110.453 E3.59571
G1 X121.076 Y110.887 E3.61087
G1 X120.855 Y111.369 E3.62883
G1 X120.621 Y111.711 E3.64285
G1 X120.342 Y112.008 E3.65663
G1 X120.022 Y112.26 E3.67041
G1 X119.668 Y112.461 E3.6842
G1 X119.289 Y112.608 E3.69798
G1 X118.891 Y112.696 E3.71176
G1 X118.501 Y112.725 E3.72501
G1 X105.499 Y112.725 E4.1651
G1 X104.983 Y112.675 E4.18266
G1 X104.465 Y112.52 E4.20094
G1 X104.057 Y112.311 E4.21646
G1 X103.636 Y111.986 E4.23447
G1 X103.287 Y111.588 E4.25239
G1 X103.062 Y111.214 E4.26716
G1 X102.872 Y110.718 E4.28514
G1 X102.783 Y110.195 E4.30309
G1 X102.782 Y109.808 E4.31621
G1 X102.871 Y109.285 E4.33415
G1 X103.064 Y108.78 E4.35245
G1 X103.301 Y108.392 E4.36784
G1 X103.66 Y107.991 E4.38606
G1 X104.085 Y107.672 E4.40405
G1 X104.467 Y107.479 E4.41854
G1 X104.964 Y107.328 E4.43612
G1 X105.479 Y107.276 E4.45362
G1 X118.501 Y107.275 E4.89442
G1 X119.02 Y107.326 E4.91206
G1 X119.539 Y107.482 E4.93042
G1 X120.018 Y107.738 E4.94879
G1 X120.436 Y108.083 E4.96715
G1 X120.777 Y108.505 E4.98551
G1 X120.968 Y108.869 E4.99942
G1 X121.393 Y108.967 F7200
G1 E2.99942 F2400
G92 E0
G1 X124.246 Y103.586 F7200
G1 E2 F2400
;TYPE:Solid infill
;WIDTH:0.454424
G1 F3000
G1 X123.597 Y102.937 E2.03141
G1 X123.015 Y102.937 E2.05132
G1 X124.063 Y103.985 E2.10203
G1 X124.063 Y104.567 E2.12194
G1 X122.433 Y102.937 E2.20081
G1 X121.851 Y102.937 E2.22072
G1 X124.063 Y105.149 E2.32775
G1 X124.063 Y105.731 E2.34766
G1 X121.269 Y102.937 E2.48285
G1 X120.687 Y102.937 E2.50276
G1 X124.063 Y106.313 E2.66611
G1 X124.063 Y106.895 E2.68602
G1 X120.105 Y102.937 E2.87753
G1 X119.523 Y102.937 E2.89745
G1 X124.063 Y107.477 E3.11712
G1 X124.063 Y108.059 E3.13703
G1 X118.941 Y102.937 E3.38486
G1 X118.359 Y102.937 E3.40477
G1 X124.063 Y108.641 E3.68076
G1 X124.063 Y109.223 E3.70068
G1 X117.777 Y102.937 E4.00483
G1 X117.195 Y102.937 E4.02474
G1 X124.063 Y109.805 E4.35705
G1 X124.063 Y110.387 E4.37697
G1 X116.613 Y102.937 E4.73744
G1 X116.031 Y102.937 E4.75735
G1 X120.026 Y106.932 E4.95066
G1 X120.439 Y107.161 E4.9668
G1 X120.898 Y107.541 E4.98718
G1 X121.019 Y107.665 E4.99313
G1 X121.429 Y108.206 E5.01636
G1 X121.565 Y108.471 E5.02655
G1 X124.063 Y110.969 E5.14741
G1 X124.063 Y111.551 E5.16732
G1 X121.861 Y109.349 E5.27386
G1 X121.93 Y109.827 E5.2904
G1 X121.934 Y110.004 E5.29646
G1 X124.063 Y112.133 E5.39945
G1 X124.063 Y112.715 E5.41936
G1 X121.89 Y110.542 E5.52448
G1 X121.781 Y111.015 E5.54109
G1 X124.063 Y113.297 E5.65149
G1 X124.063 Y113.878 E5.6714
G1 X121.604 Y111.42 E5.79038
G1 X121.414 Y111.812 E5.8053
G1 X124.063 Y114.46 E5.93344
G1 X124.063 Y115.042 E5.95335
G1 X121.173 Y112.153 E6.09316
G1 X120.893 Y112.455 E6.10725
G1 X124.063 Y115.624 E6.26063
G1 X124.063 Y116.206 E6.28054
G1 X120.582 Y112.726 E6.44896
G1 X120.438 Y112.84 E6.45526
G1 X120.23 Y112.956 E6.46339
G1 X124.063 Y116.788 E6.64883
G1 X124.063 Y117.063 E6.65822
G1 X123.755 Y117.063 E6.66874
G1 X119.847 Y113.155 E6.85784
G1 X119.419 Y113.309 E6.87341
G1 X123.173 Y117.063 E7.05506
G1 X122.591 Y117.063 E7.07497
G1 X118.932 Y113.404 E7.25201
G1 X118.384 Y113.437 E7.27082
G1 X122.009 Y117.063 E7.44624
G1 X121.427 Y117.063 E7.46615
G1 X117.802 Y113.437 E7.64158
G1 X117.22 Y113.437 E7.66149
G1 X120.845 Y117.063 E7.83691
G1 X120.263 Y117.063 E7.85683
G1 X116.638 Y113.437 E8.03225
G1 X116.056 Y113.437 E8.05216
G1 X119.681 Y117.063 E8.22759
G1 X119.099 Y117.063 E8.2475
G1 X115.474 Y113.437 E8.42293
G1 X114.892 Y113.437 E8.44284
G1 X118.517 Y117.063 E8.61826
G1 X117.935 Y117.063 E8.63818
G1 X114.31 Y113.437 E8.8136
G1 X113.728 Y113.437 E8.83351
G1 X117.354 Y117.063 E9.00894
G1 X116.772 Y117.063 E9.02885
G1 X113.146 Y113.437 E9.20427
G1 X112.564 Y113.437 E9.22419
G1 X116.19 Y117.063 E9.39961
G1 X115.608 Y117.063 E9.41952
G1 X111.982 Y113.437 E9.59495
G1 X111.4 Y113.437 E9.61486
G1 X115.026 Y117.063 E9.79029
G1 X114.444 Y117.063 E9.8102
G1 X110.819 Y113.437 E9.98562
G1 X110.237 Y113.437 E10.00554
G1 X113.862 Y117.063 E10.18096
G1 X113.28 Y117.063 E10.20087
G1 X109.655 Y113.437 E10.3763
G1 X109.073 Y113.437 E10.39621
G1 X112.698 Y117.063 E10.57163
G1 X112.116 Y117.063 E10.59155
G1 X108.491 Y113.437 E10.76697
G1 X107.909 Y113.437 E10.78688
G1 X111.534 Y117.063 E10.96231
G1 X110.952 Y117.063 E10.98222
G1 X107.327 Y113.437 E11.15765
G1 X106.745 Y113.437 E11.17756
G1 X110.37 Y117.063 E11.35298
G1 X109.788 Y117.063 E11.3729
G1 X106.163 Y113.437 E11.54832
G1 X105.581 Y113.437 E11.56823
G1 X109.206 Y117.063 E11.74366
G1 X108.624 Y117.063 E11.76357
G1 X104.708 Y113.146 E11.95308
G1 E9.95308 F2400
G92 E0
G1 X119.403 Y106.891 F7200
G1 E2 F2400
G1 F3000
G1 X115.449 Y102.937 E2.19132
G1 X114.867 Y102.937 E2.21123
G1 X118.493 Y106.563 E2.38666
G1 X117.911 Y106.563 E2.40657
G1 X114.285 Y102.937 E2.582
G1 X113.703 Y102.937 E2.60191
G1 X117.329 Y106.563 E2.77733
G1 X116.747 Y106.563 E2.79725
G1 X113.122 Y102.937 E2.97267
G1 X112.54 Y102.937 E2.99258
G1 X116.165 Y106.563 E3.16801
G1 X115.583 Y106.563 E3.18792
G1 X111.958 Y102.937 E3.36334
G1 X111.376 Y102.937 E3.38326
G1 X115.001 Y106.563 E3.55868
G1 X114.419 Y106.563 E3.57859
G1 X110.794 Y102.937 E3.75402
G1 X110.212 Y102.937 E3.77393
G1 X113.837 Y106.563 E3.94935
G1 X113.255 Y106.563 E3.96927
G1 X109.63 Y102.937 E4.14469
G1 X109.048 Y102.937 E4.1646
G1 X112.673 Y106.563 E4.34003
G1 X112.091 Y106.563 E4.35994
G1 X108.466 Y102.937 E4.53537
G1 X107.884 Y102.937 E4.55528
G1 X111.509 Y106.563 E4.7307
G1 X110.927 Y106.563 E4.75062
G1 X107.302 Y102.937 E4.92604
G1 X106.72 Y102.937 E4.94595
G1 X110.345 Y106.563 E5.12138
G1 X109.763 Y106.563 E5.14129
G1 X106.138 Y102.937 E5.31671
G1 X105.556 Y102.937 E5.33663
G1 X109.181 Y106.563 E5.51205
G1 X108.599 Y106.563 E5.53196
G1 X104.974 Y102.937 E5.70739
G1 X104.392 Y102.937 E5.7273
G1 X108.017 Y106.563 E5.90273
G1 X107.435 Y106.563 E5.92264
G1 X103.81 Y102.937 E6.09806
G1 X103.228 Y102.937 E6.11797
G1 X106.854 Y106.563 E6.2934
G1 X106.272 Y106.563 E6.31331
G1 X102.646 Y102.937 E6.48874
G1 X102.064 Y102.937 E6.50865
G1 X105.69 Y106.563 E6.68407
G1 X105.142 Y106.597 E6.70285
G1 X101.482 Y102.937 E6.87993
G1 X100.9 Y102.937 E6.89985
G1 X104.646 Y106.683 E7.08111
G1 X104.204 Y106.823 E7.09698
G1 X100.319 Y102.937 E7.28501
G1 X99.737 Y102.937 E7.30492
G1 X103.812 Y107.013 E7.50213
G1 X103.467 Y107.25 E7.51645
G1 X99.155 Y102.937 E7.72514
G1 X98.573 Y102.937 E7.74505
G1 X103.146 Y107.511 E7.96636
G1 X102.866 Y107.813 E7.98046
G1 X97.991 Y102.937 E8.21639
G1 X97.409 Y102.937 E8.2363
G1 X102.619 Y108.148 E8.48844
G1 X102.468 Y108.383 E8.498
G1 X102.411 Y108.522 E8.50313
G1 X96.827 Y102.937 E8.77335
G1 X96.245 Y102.937 E8.79326
G1 X102.241 Y108.933 E9.08341
G1 X102.132 Y109.407 E9.10003
G1 X95.937 Y103.212 E9.39981
G1 X95.937 Y103.794 E9.41972
G1 X102.076 Y109.933 E9.71678
G1 X102.07 Y110.202 E9.72601
G1 X102.127 Y110.566 E9.73859
G1 X95.937 Y104.376 E10.03811
G1 X95.937 Y104.958 E10.05802
G1 X102.367 Y111.387 E10.36913
G1 X102.4 Y111.48 E10.3725
G1 X102.682 Y111.966 E10.39173
G1 X103.108 Y112.465 E10.41418
G1 X103.632 Y112.883 E10.43712
G1 X104.128 Y113.149 E10.45638
G1 X108.042 Y117.063 E10.64577
G1 X107.46 Y117.063 E10.66569
G1 X95.937 Y105.54 E11.22328
G1 X95.937 Y106.122 E11.24319
G1 X106.878 Y117.063 E11.77262
G1 X106.296 Y117.063 E11.79253
G1 X95.937 Y106.704 E12.2938
G1 X95.937 Y107.286 E12.31372
G1 X105.714 Y117.063 E12.78683
G1 X105.132 Y117.063 E12.80674
G1 X95.937 Y107.868 E13.25169
G1 X95.937 Y108.449 E13.2716
G1 X104.551 Y117.063 E13.68839
G1 X103.969 Y117.063 E13.7083
G1 X95.937 Y109.031 E14.09693
G1 X95.937 Y109.613 E14.11684
G1 X103.387 Y117.063 E14.47731
G1 X102.805 Y117.063 E14.49722
G1 X95.937 Y110.195 E14.82953
G1 X95.937 Y110.777 E14.84944
G1 X102.223 Y117.063 E15.15359
G1 X101.641 Y117.063 E15.1735
G1 X95.937 Y111.359 E15.44949
G1 X95.937 Y111.941 E15.4694
G1 X101.059 Y117.063 E15.71722
G1 X100.477 Y117.063 E15.73714
G1 X95.937 Y112.523 E15.9568
G1 X95.937 Y113.105 E15.97671
G1 X99.895 Y117.063 E16.16822
G1 X99.313 Y117.063 E16.18813
G1 X95.937 Y113.687 E16.35147
G1 X95.937 Y114.269 E16.37138
G1 X98.731 Y117.063 E16.50657
G1 X98.149 Y117.063 E16.52648
G1 X95.937 Y114.851 E16.6335
G1 X95.937 Y115.433 E16.65341
G1 X97.567 Y117.063 E16.73227
G1 X96.985 Y117.063 E16.75219
G1 X95.937 Y116.015 E16.80289
G1 X95.937 Y116.597 E16.8228
G1 X96.586 Y117.246 E16.8542
M106 S158.1
;LAYER_CHANGE
;Z:12
;HEIGHT:0.2
G1 Z12 F7200
G1 E14.8542 F2400
G92 E0
G1 X95.632 Y102.632 F7200
G1 E2 F2400
;TYPE:Perimeter
;WIDTH:0.449999
G1 X124.368 Y102.632 E2.97267
G1 X124.368 Y117.368 E3.47146
G1 X95.632 Y117.368 E4.44414
G1 X95.632 Y102.692 E4.94089
G1 X95.225 Y102.225 F7200
;TYPE:External perimeter
G1 F1800
G1 X124.775 Y102.225 E5.94113
G1 X124.775 Y117.775 E6.46747
G1 X95.225 Y117.775 E7.4677
G1 X95.225 Y102.285 E7.99202
G1 X95.62 Y102.289 F7200
G1 E5.99202 F2400
G92 E0
G1 X121.411 Y108.867 F7200
G1 E2 F2400
;TYPE:Perimeter
G1 X121.571 Y109.397 E2.01872
G1 X121.63 Y110.017 E2.03981
G1 X121.585 Y110.543 E2.05769
G1 X121.453 Y111.04 E2.07509
G1 X121.265 Y111.469 E2.09093
G1 X121.005 Y111.876 E2.10728
G1 X120.598 Y112.324 E2.12778
G1 X120.226 Y112.612 E2.14371
G1 X119.817 Y112.84 E2.15955
G1 X119.379 Y113.005 E2.17538
G1 X118.921 Y113.102 E2.19122
G1 X118.501 Y113.132 E2.2055
G1 X105.499 Y113.132 E2.64559
G1 X104.94 Y113.079 E2.66458
G1 X104.342 Y112.908 E2.68564
G1 X103.815 Y112.637 E2.70571
G1 X103.328 Y112.254 E2.72667
G1 X102.934 Y111.794 E2.74717
G1 X102.686 Y111.37 E2.76382
G1 X102.471 Y110.789 E2.78477
G1 X102.384 Y110.296 E2.80171
G1 X102.375 Y109.81 E2.81816
G1 X102.471 Y109.212 E2.83866
G1 X102.687 Y108.629 E2.85973
G1 X102.995 Y108.123 E2.87976
G1 X103.326 Y107.748 E2.89671
G1 X103.814 Y107.363 E2.91771
G1 X104.343 Y107.092 E2.93786
G1 X104.894 Y106.927 E2.95734
G1 X105.438 Y106.871 E2.97583
G1 X118.501 Y106.868 E3.418
G1 X119.06 Y106.921 E3.43702
G1 X119.659 Y107.093 E3.45811
G1 X120.212 Y107.38 E3.47921
G1 X120.698 Y107.772 E3.50031
G1 X121.096 Y108.251 E3.5214
G1 X121.394 Y108.81 E3.54283
G1 X120.991 Y108.914 F7200
;TYPE:External perimeter
G1 F1800
G1 X121.028 Y108.986 E3.54559
G1 X121.179 Y109.507 E3.56395
G1 X121.224 Y110.047 E3.58231
G1 X121.18 Y110.488 E3.5973
G1 X121.078 Y110.882 E3.61108
G1 X120.918 Y111.256 E3.62486
G1 X120.7 Y111.607 E3.63882
G1 X120.344 Y112.006 E3.65693
G1 X120.022 Y112.26 E3.67079
G1 X119.668 Y112.461 E3.68458
G1 X119.289 Y112.608 E3.69836
G1 X118.891 Y112.696 E3.71214
G1 X118.501 Y112.725 E3.72539
G1 X105.499 Y112.725 E4.16549
G1 X104.981 Y112.674 E4.1831
G1 X104.462 Y112.519 E4.20143
G1 X104.061 Y112.313 E4.21671
G1 X103.633 Y111.984 E4.23495
G1 X103.282 Y111.582 E4.25305
G1 X103.065 Y111.221 E4.26729
G1 X102.872 Y110.718 E4.28552
G1 X102.782 Y110.191 E4.30362
G1 X102.782 Y109.81 E4.31651
G1 X102.872 Y109.283 E4.33461
G1 X103.066 Y108.777 E4.35295
G1 X103.3 Y108.393 E4.36819
G1 X103.632 Y108.017 E4.38514
G1 X104.06 Y107.688 E4.40342
G1 X104.463 Y107.481 E4.41876
G1 X104.965 Y107.328 E4.43652
G1 X105.479 Y107.276 E4.454
G1 X118.501 Y107.275 E4.8948
G1 X119.02 Y107.326 E4.91244
G1 X119.539 Y107.482 E4.9308
G1 X120.018 Y107.738 E4.94917
G1 X120.436 Y108.083 E4.96753
G1 X120.777 Y108.505 E4.98589
G1 X120.963 Y108.86 E4.99946
G1 X121.072 Y108.914 F7200
G1 E2.99946 F2400
G92 E0
G1 X124.248 Y116.524 F7200
G1 E2 F2400
;TYPE:Top solid infill
;WIDTH:0.40117
G1 F1800
G1 X123.685 Y117.088 E2.02374
G1 X123.178 Y117.088 E2.03884
G1 X124.088 Y116.178 E2.07716
G1 X124.088 Y115.671 E2.09225
G1 X122.671 Y117.088 E2.15191
G1 X122.165 Y117.088 E2.167
G1 X124.088 Y115.165 E2.24801
G1 X124.088 Y114.658 E2.2631
G1 X121.658 Y117.088 E2.36545
G1 X121.151 Y117.088 E2.38054
G1 X124.088 Y114.151 E2.50424
G1 X124.088 Y113.645 E2.51933
G1 X120.645 Y117.088 E2.66437
G1 X120.138 Y117.088 E2.67946
G1 X124.088 Y113.138 E2.84584
G1 X124.088 Y112.632 E2.86093
G1 X119.632 Y117.088 E3.04865
G1 X119.125 Y117.088 E3.06375
G1 X124.088 Y112.125 E3.27281
G1 X124.088 Y111.618 E3.28791
G1 X118.618 Y117.088 E3.51832
G1 X118.112 Y117.088 E3.53341
G1 X124.088 Y111.112 E3.78516
G1 X124.088 Y110.605 E3.80025
G1 X117.605 Y117.088 E4.07335
G1 X117.098 Y117.088 E4.08844
G1 X124.088 Y110.098 E4.38289
G1 X124.088 Y109.592 E4.39798
G1 X116.592 Y117.088 E4.71376
G1 X116.085 Y117.088 E4.72886
G1 X124.088 Y109.085 E5.06598
G1 X124.088 Y108.578 E5.08108
G1 X121.79 Y110.876 E5.17786
G1 X121.861 Y110.592 E5.18658
G1 X121.895 Y110.264 E5.1964
G1 X124.088 Y108.072 E5.28875
G1 X124.088 Y107.565 E5.30384
G1 X121.887 Y109.766 E5.39656
G1 X121.871 Y109.49 E5.40481
G1 X121.828 Y109.318 E5.41007
G1 X124.088 Y107.058 E5.50528
G1 X124.088 Y106.552 E5.52037
G1 X121.725 Y108.915 E5.61991
G1 X121.703 Y108.832 E5.62246
G1 X121.573 Y108.56 E5.63144
G1 X124.088 Y106.045 E5.7374
G1 X124.088 Y105.539 E5.75249
G1 X121.407 Y108.219 E5.8654
G1 X121.189 Y107.931 E5.87618
G1 X124.088 Y105.032 E5.99829
G1 X124.088 Y104.525 E6.01339
G1 X120.966 Y107.647 E6.14489
G1 X120.698 Y107.408 E6.15558
G1 X124.088 Y104.019 E6.29837
G1 X124.088 Y103.512 E6.31346
G1 X120.42 Y107.179 E6.46796
G1 X120.094 Y106.999 E6.47906
G1 X124.088 Y103.005 E6.64728
G1 X124.088 Y102.912 E6.65005
G1 X123.674 Y102.912 E6.66238
G1 X119.747 Y106.84 E6.82782
G1 X119.367 Y106.712 E6.83974
G1 X123.167 Y102.912 E6.99982
G1 X122.661 Y102.912 E7.01491
G1 X118.944 Y106.629 E7.17147
G1 X118.479 Y106.588 E7.18539
G1 X122.154 Y102.912 E7.34022
G1 X121.647 Y102.912 E7.35531
G1 X117.972 Y106.588 E7.51014
G1 X117.465 Y106.588 E7.52523
G1 X121.141 Y102.912 E7.68006
G1 X120.634 Y102.912 E7.69515
G1 X116.959 Y106.588 E7.84998
G1 X116.452 Y106.588 E7.86508
G1 X120.127 Y102.912 E8.0199
G1 X119.621 Y102.912 E8.035
G1 X115.946 Y106.588 E8.18983
G1 X115.439 Y106.588 E8.20492
G1 X119.114 Y102.912 E8.35975
G1 X118.608 Y102.912 E8.37484
G1 X114.932 Y106.588 E8.52967
G1 X114.426 Y106.588 E8.54476
G1 X118.101 Y102.912 E8.69959
G1 X117.594 Y102.912 E8.71468
G1 X113.919 Y106.588 E8.86951
G1 X113.412 Y106.588 E8.8846
G1 X117.088 Y102.912 E9.03943
G1 X116.581 Y102.912 E9.05452
G1 X112.906 Y106.588 E9.20935
G1 X112.399 Y106.588 E9.22444
G1 X116.074 Y102.912 E9.37927
G1 X115.568 Y102.912 E9.39436
G1 X111.892 Y106.588 E9.54919
G1 X111.386 Y106.588 E9.56428
G1 X115.061 Y102.912 E9.71911
G1 X114.554 Y102.912 E9.73421
G1 X110.879 Y106.588 E9.88903
G1 X110.372 Y106.588 E9.90413
G1 X114.048 Y102.912 E10.05895
G1 X113.541 Y102.912 E10.07405
G1 X109.866 Y106.588 E10.22888
G1 X109.359 Y106.588 E10.24397
G1 X113.034 Y102.912 E10.3988
G1 X112.528 Y102.912 E10.41389
G1 X108.853 Y106.588 E10.56872
G1 X108.346 Y106.588 E10.58381
G1 X112.021 Y102.912 E10.73864
G1 X111.515 Y102.912 E10.75373
G1 X107.839 Y106.588 E10.90856
G1 X107.333 Y106.588 E10.92365
G1 X111.008 Y102.912 E11.07848
G1 X110.501 Y102.912 E11.09357
G1 X106.826 Y106.588 E11.2484
G1 X106.319 Y106.588 E11.26349
G1 X109.995 Y102.912 E11.41832
G1 X109.488 Y102.912 E11.43341
G1 X105.813 Y106.588 E11.58824
G1 X105.286 Y106.608 E11.60395
G1 X108.981 Y102.912 E11.75964
G1 X108.475 Y102.912 E11.77473
G1 X104.452 Y106.935 E11.94419
G1 E9.94419 F2400
G92 E0
G1 X119.628 Y113.038 F7200
G1 E2 F2400
G1 F1800
G1 X115.578 Y117.088 E2.1706
G1 X115.072 Y117.088 E2.18569
G1 X118.768 Y113.392 E2.34139
G1 X118.24 Y113.412 E2.35711
G1 X114.565 Y117.088 E2.51194
G1 X114.058 Y117.088 E2.52703
G1 X117.734 Y113.412 E2.68186
G1 X117.227 Y113.412 E2.69695
G1 X113.552 Y117.088 E2.85178
G1 X113.045 Y117.088 E2.86687
G1 X116.72 Y113.412 E3.0217
G1 X116.214 Y113.412 E3.03679
G1 X112.539 Y117.088 E3.19162
G1 X112.032 Y117.088 E3.20671
G1 X115.707 Y113.412 E3.36154
G1 X115.201 Y113.412 E3.37663
G1 X111.525 Y117.088 E3.53146
G1 X111.019 Y117.088 E3.54655
G1 X114.694 Y113.412 E3.70138
G1 X114.187 Y113.412 E3.71647
G1 X110.512 Y117.088 E3.8713
G1 X110.005 Y117.088 E3.88639
G1 X113.681 Y113.412 E4.04122
G1 X113.174 Y113.412 E4.05632
G1 X109.499 Y117.088 E4.21114
G1 X108.992 Y117.088 E4.22624
G1 X112.667 Y113.412 E4.38107
G1 X112.161 Y113.412 E4.39616
G1 X108.485 Y117.088 E4.55099
G1 X107.979 Y117.088 E4.56608
G1 X111.654 Y113.412 E4.72091
G1 X111.147 Y113.412 E4.736
G1 X107.472 Y117.088 E4.89083
G1 X106.965 Y117.088 E4.90592
G1 X110.641 Y113.412 E5.06075
G1 X110.134 Y113.412 E5.07584
G1 X106.459 Y117.088 E5.23067
G1 X105.952 Y117.088 E5.24576
G1 X109.627 Y113.412 E5.40059
G1 X109.121 Y113.412 E5.41568
G1 X105.446 Y117.088 E5.57051
G1 X104.939 Y117.088 E5.5856
G1 X108.614 Y113.412 E5.74043
G1 X108.108 Y113.412 E5.75553
G1 X104.432 Y117.088 E5.91035
G1 X103.926 Y117.088 E5.92545
G1 X107.601 Y113.412 E6.08028
G1 X107.094 Y113.412 E6.09537
G1 X103.419 Y117.088 E6.2502
G1 X102.912 Y117.088 E6.26529
G1 X106.588 Y113.412 E6.42012
G1 X106.081 Y113.412 E6.43521
G1 X102.406 Y117.088 E6.59004
G1 X101.899 Y117.088 E6.60513
G1 X105.574 Y113.412 E6.75996
G1 X105.104 Y113.376 E6.77401
G1 X101.392 Y117.088 E6.93037
G1 X100.886 Y117.088 E6.94546
G1 X104.672 Y113.301 E7.10497
G1 X104.291 Y113.176 E7.11693
G1 X100.379 Y117.088 E7.28173
G1 X99.872 Y117.088 E7.29682
G1 X103.939 Y113.021 E7.46813
G1 X103.616 Y112.837 E7.4792
G1 X99.366 Y117.088 E7.65825
G1 X98.859 Y117.088 E7.67334
G1 X103.334 Y112.613 E7.86186
G1 X103.122 Y112.444 E7.86993
G1 X103.064 Y112.376 E7.87259
G1 X98.353 Y117.088 E8.07109
G1 X97.846 Y117.088 E8.08618
G1 X102.832 Y112.102 E8.29621
G1 X102.698 Y111.945 E8.30237
G1 X102.619 Y111.808 E8.30706
G1 X97.339 Y117.088 E8.52947
G1 X96.833 Y117.088 E8.54456
G1 X102.433 Y111.487 E8.78049
G1 X102.296 Y111.118 E8.79223
G1 X96.326 Y117.088 E9.04373
G1 X95.912 Y117.088 E9.05605
G1 X95.912 Y116.995 E9.05882
G1 X102.178 Y110.729 E9.32279
G1 X102.11 Y110.291 E9.33599
G1 X95.912 Y116.488 E9.59706
G1 X95.912 Y115.981 E9.61215
G1 X102.104 Y109.789 E9.873
G1 X102.107 Y109.66 E9.87685
G1 X102.203 Y109.184 E9.89133
G1 X95.912 Y115.475 E10.15634
G1 X95.912 Y114.968 E10.17144
G1 X107.968 Y102.912 E10.67931
G1 X107.461 Y102.912 E10.6944
G1 X95.912 Y114.461 E11.18093
G1 X95.912 Y113.955 E11.19603
G1 X106.955 Y102.912 E11.66121
G1 X106.448 Y102.912 E11.67631
G1 X95.912 Y113.448 E12.12015
G1 X95.912 Y112.941 E12.13524
G1 X105.941 Y102.912 E12.55774
G1 X105.435 Y102.912 E12.57283
G1 X95.912 Y112.435 E12.97399
G1 X95.912 Y111.928 E12.98908
G1 X104.928 Y102.912 E13.36889
G1 X104.422 Y102.912 E13.38399
G1 X95.912 Y111.422 E13.74246
G1 X95.912 Y110.915 E13.75755
G1 X103.915 Y102.912 E14.09467
G1 X103.408 Y102.912 E14.10977
G1 X95.912 Y110.408 E14.42555
G1 X95.912 Y109.902 E14.44064
G1 X102.902 Y102.912 E14.73508
G1 X102.395 Y102.912 E14.75017
G1 X95.912 Y109.395 E15.02327
G1 X95.912 Y108.888 E15.03836
G1 X101.888 Y102.912 E15.29011
G1 X101.382 Y102.912 E15.3052
G1 X95.912 Y108.382 E15.53561
G1 X95.912 Y107.875 E15.5507
G1 X100.875 Y102.912 E15.75977
G1 X100.368 Y102.912 E15.77486
G1 X95.912 Y107.368 E15.96258
G1 X95.912 Y106.862 E15.97767
G1 X99.862 Y102.912 E16.14405
G1 X99.355 Y102.912 E16.15914
G1 X95.912 Y106.355 E16.30418
G1 X95.912 Y105.848 E16.31927
G1 X98.848 Y102.912 E16.44296
G1 X98.342 Y102.912 E16.45805
G1 X95.912 Y105.342 E16.5604
G1 X95.912 Y104.835 E16.57549
G1 X97.835 Y102.912 E16.65649
G1 X97.329 Y102.912 E16.67159
G1 X95.912 Y104.329 E16.73125
G1 X95.912 Y103.822 E16.74634
G1 X96.822 Y102.912 E16.78466
G1 X96.315 Y102.912 E16.79975
G1 X95.752 Y103.476 E16.82349
G1 E14.82349 F2400
G92 E0
M107
;TYPE:Custom
; Filament-specific end gcode 
;END gcode for filament
M104 S0 ; turn off temperature
G28 X0  ; home X axis
M84     ; disable motors
; filament used [mm] = 1235.86
; filament used [cm3] = 2.97
; total filament used [g] = 0.00
; total filament cost = 0.00
; estimated printing time (normal mode) = 18m 59s

; prusaslicer_config = begin
; avoid_crossing_perimeters = 0
; avoid_crossing_perimeters_max_detour = 0
; bed_shape = 0x0,220x0,220x220,0x220
; bed_temperature = 60
; before_layer_gcode = 
; between_objects_gcode = 
; bottom_fill_pattern = monotonic
; bottom_solid_layers = 4
; bottom_solid_min_thickness = 0
; bridge_acceleration = 0
; bridge_angle = 0
; bridge_fan_speed = 100
; bridge_flow_ratio = 1
; bridge_speed = 60
; brim_separation = 0
; brim_type = outer_only
; brim_width = 0
; clip_multipart_objects = 1
; color_change_gcode = M600
; complete_objects = 0
; cooling = 1
; cooling_tube_length = 5
; cooling_tube_retraction = 91.5
; default_acceleration = 0
; deretract_speed = 0
; disable_fan_first_layers = 3
; dont_support_bridges = 1
; draft_shield = disabled
; duplicate_distance = 6
; elefant_foot_compensation = 0
; end_filament_gcode = "; Filament-specific end gcode \n;END gcode for filament\n"
; end_gcode = M104 S0 ; turn off temperature\nG28 X0  ; home X axis\nM84     ; disable motors\n
; ensure_vertical_shell_thickness = 0
; external_perimeter_extrusion_width = 0
; external_perimeter_speed = 30
; external_perimeters_first = 0
; extra_loading_move = -2
; extra_perimeters = 1
; extruder_clearance_height = 20
; extruder_clearance_radius = 20
; extruder_colour = ""
; extruder_offset = 0x0
; extrusion_axis = E
; extrusion_multiplier = 1
; extrusion_width = 0
; fan_always_on = 0
; fan_below_layer_time = 60
; filament_colour = #29B2B2
; filament_cooling_final_speed = 3.4
; filament_cooling_initial_speed = 2.2
; filament_cooling_moves = 4
; filament_cost = 0
; filament_density = 0
; filament_diameter = 1.75
; filament_load_time = 0
; filament_loading_speed = 28
; filament_loading_speed_start = 3
; filament_max_volumetric_speed = 0
; filament_minimal_purge_on_wipe_tower = 15
; filament_notes = ""
; filament_ramming_parameters = "120 100 6.6 6.8 7.2 7.6 7.9 8.2 8.7 9.4 9.9 10.0| 0.05 6.6 0.45 6.8 0.95 7.8 1.45 8.3 1.95 9.7 2.45 10 2.95 7.6 3.45 7.6 3.95 7.6 4.45 7.6 4.95 7.6"
; filament_settings_id = ""
; filament_soluble = 0
; filament_spool_weight = 0
; filament_toolchange_delay = 0
; filament_type = PLA
; filament_unload_time = 0
; filament_unloading_speed = 90
; filament_unloading_speed_start = 100
; fill_angle = 45
; fill_density = 20%
; fill_pattern = grid
; first_layer_acceleration = 0
; first_layer_acceleration_over_raft = 0
; first_layer_bed_temperature = 60
; first_layer_extrusion_width = 200%
; first_layer_height = 0.2
; first_layer_speed = 30
; first_layer_speed_over_raft = 30
; first_layer_temperature = 205
; full_fan_speed_layer = 0
; fuzzy_skin = none
; fuzzy_skin_point_dist = 0.8
; fuzzy_skin_thickness = 0.3
; gap_fill_enabled = 1
; gap_fill_speed = 20
; gcode_comments = 0
; gcode_flavor = reprap
; gcode_label_objects = 0
; gcode_resolution = 0.0125
; gcode_substitutions = 
; high_current_on_filament_swap = 0
; infill_acceleration = 0
; infill_anchor = 600%
; infill_anchor_max = 50
; infill_every_layers = 1
; infill_extruder = 1
; infill_extrusion_width = 0
; infill_first = 0
; infill_only_where_needed = 0
; infill_overlap = 25%
; infill_speed = 60
; interface_shells = 0
; ironing = 0
; ironing_flowrate = 15%
; ironing_spacing = 0.1
; ironing_speed = 15
; ironing_type = top
; layer_gcode = 
; layer_height = 0.2
; machine_limits_usage = time_estimate_only
; machine_max_acceleration_e = 10000,5000
; machine_max_acceleration_extruding = 1500,1250
; machine_max_acceleration_retracting = 1500,1250
; machine_max_acceleration_travel = 1500,1250
; machine_max_acceleration_x = 9000,1000
; machine_max_acceleration_y = 9000,1000
; machine_max_acceleration_z = 500,200
; machine_max_feedrate_e = 120,120
; machine_max_feedrate_x = 500,200
; machine_max_feedrate_y = 500,200
; machine_max_feedrate_z = 12,12
; machine_max_jerk_e = 2.5,2.5
; machine_max_jerk_x = 10,10
; machine_max_jerk_y = 10,10
; machine_max_jerk_z = 0.2,0.4
; machine_min_extruding_rate = 0,0
; machine_min_travel_rate = 0,0
; max_fan_speed = 100
; max_layer_height = 0
; max_print_height = 250
; max_print_speed = 80
; max_volumetric_extrusion_rate_slope_negative = 0
; max_volumetric_extrusion_rate_slope_positive = 0
; max_volumetric_speed = 0
; min_bead_width = 85%
; min_fan_speed = 35
; min_feature_size = 25%
; min_layer_height = 0.07
; min_print_speed = 10
; min_skirt_length = 0
; mmu_segmented_region_max_width = 0
; notes = 
; nozzle_diameter = 0.4
; only_retract_when_crossing_perimeters = 0
; ooze_prevention = 0
; output_filename_format = [input_filename_base].gcode
; overhangs = 1
; parking_pos_retraction = 92
; pause_print_gcode = M601
; perimeter_acceleration = 0
; perimeter_extruder = 1
; perimeter_extrusion_width = 0
; perimeter_generator = arachne
; perimeter_speed = 40
; perimeters = 2
; physical_printer_settings_id = 
; post_process = 
; print_settings_id = 
; printer_model = 
; printer_notes = 
; printer_settings_id = 
; printer_technology = FFF
; raft_contact_distance = 0.1
; raft_expansion = 1.5
; raft_first_layer_density = 90%
; raft_first_layer_expansion = 3
; raft_layers = 0
; remaining_times = 0
; resolution = 0
; retract_before_travel = 2
; retract_before_wipe = 0%
; retract_layer_change = 0
; retract_length = 2
; retract_length_toolchange = 10
; retract_lift = 0
; retract_lift_above = 0
; retract_lift_below = 0
; retract_restart_extra = 0
; retract_restart_extra_toolchange = 0
; retract_speed = 40
; seam_position = aligned
; silent_mode = 1
; single_extruder_multi_material = 0
; single_extruder_multi_material_priming = 1
; skirt_distance = 6
; skirt_height = 1
; skirts = 1
; slice_closing_radius = 0.049
; slicing_mode = regular
; slowdown_below_layer_time = 5
; small_perimeter_speed = 15
; solid_infill_below_area = 70
; solid_infill_every_layers = 0
; solid_infill_extruder = 1
; solid_infill_extrusion_width = 0
; solid_infill_speed = 50
; spiral_vase = 0
; standby_temperature_delta = -5
; start_filament_gcode = "; Filament gcode\n"
; start_gcode = G28 ; home all axes\nG1 Z5 F5000 ; lift nozzle\n
; support_material = 0
; support_material_angle = 0
; support_material_auto = 1
; support_material_bottom_contact_distance = 0
; support_material_bottom_interface_layers = -1
; support_material_buildplate_only = 0
; support_material_closing_radius = 2
; support_material_contact_distance = 0.2
; support_material_enforce_layers = 0
; support_material_extruder = 1
; support_material_extrusion_width = 0
; support_material_interface_contact_loops = 0
; support_material_interface_extruder = 1
; support_material_interface_layers = 3
; support_material_interface_pattern = rectilinear
; support_material_interface_spacing = 0
; support_material_interface_speed = 100%
; support_material_pattern = rectilinear
; support_material_spacing = 2.5
; support_material_speed = 60
; support_material_style = grid
; support_material_synchronize_layers = 0
; support_material_threshold = 0
; support_material_with_sheath = 1
; support_material_xy_spacing = 50%
; temperature = 200
; template_custom_gcode = 
; thick_bridges = 1
; thin_walls = 1
; threads = 4
; thumbnails = 
; thumbnails_format = PNG
; toolchange_gcode = 
; top_fill_pattern = monotonic
; top_infill_extrusion_width = 0
; top_solid_infill_speed = 30
; top_solid_layers = 4
; top_solid_min_thickness = 0
; travel_speed = 120
; travel_speed_z = 0
; use_firmware_retraction = 0
; use_relative_e_distances = 0
; use_volumetric_e = 0
; variable_layer_height = 1
; wall_distribution_count = 1
; wall_transition_angle = 10
; wall_transition_filter_deviation = 25%
; wall_transition_length = 100%
; wipe = 0
; wipe_into_infill = 0
; wipe_into_objects = 0
; wipe_tower = 0
; wipe_tower_bridging = 10
; wipe_tower_brim_width = 2
; wipe_tower_no_sparse_layers = 0
; wipe_tower_rotation_angle = 0
; wipe_tower_width = 60
; wipe_tower_x = 180
; wipe_tower_y = 140
; wiping_volumes_extruders = 70,70,70,70,70,70,70,70,70,70
; wiping_volumes_matrix = 0,140,140,140,140,140,0,140,140,140,140,140,0,140,140,140,140,140,0,140,140,140,140,140,0
; xy_size_compensation = 0
; z_offset = 0
; prusaslicer_config = end
