ISO-10303-21;
HEADER;
FILE_DESCRIPTION(('Open CASCADE Model'),'2;1');
FILE_NAME('Open CASCADE Shape Model','2026-09-21T16:29:28',('Author'),(
    'Open CASCADE'),'Open CASCADE STEP processor 7.9','Open CASCADE 7.9'
  ,'Unknown');
FILE_SCHEMA(('AUTOMOTIVE_DESIGN { 1 0 10303 214 1 1 1 1 }'));
ENDSEC;
DATA;
#1 = APPLICATION_PROTOCOL_DEFINITION('international standard',
  'automotive_design',2000,#2);
#2 = APPLICATION_CONTEXT(
  'core data for automotive mechanical design processes');
#3 = SHAPE_DEFINITION_REPRESENTATION(#4,#10);
#4 = PRODUCT_DEFINITION_SHAPE('','',#5);
#5 = PRODUCT_DEFINITION('design','',#6,#9);
#6 = PRODUCT_DEFINITION_FORMATION('','',#7);
#7 = PRODUCT('Open CASCADE STEP translator 7.9 1',
  'Open CASCADE STEP translator 7.9 1','',(#8));
#8 = PRODUCT_CONTEXT('',#2,'mechanical');
#9 = PRODUCT_DEFINITION_CONTEXT('part definition',#2,'design');
#10 = ADVANCED_BREP_SHAPE_REPRESENTATION('',(#11,#15),#2439);
#11 = AXIS2_PLACEMENT_3D('',#12,#13,#14);
#12 = CARTESIAN_POINT('',(0.,0.,0.));
#13 = DIRECTION('',(0.,0.,1.));
#14 = DIRECTION('',(1.,0.,-0.));
#15 = MANIFOLD_SOLID_BREP('',#16);
#16 = CLOSED_SHELL('',(#17,#2431,#2435));
#17 = ADVANCED_FACE('',(#18),#319,.F.);
#18 = FACE_BOUND('',#19,.F.);
#19 = EDGE_LOOP('',(#20,#2362,#2396,#2397));
#20 = ORIENTED_EDGE('',*,*,#21,.T.);
#21 = EDGE_CURVE('',#22,#24,#26,.T.);
#22 = VERTEX_POINT('',#23);
#23 = CARTESIAN_POINT('',(13.75,1.901256929671E-15,1.25));
#24 = VERTEX_POINT('',#25);
#25 = CARTESIAN_POINT('',(13.75,-1.227795592279E-08,68.750000385737));
#26 = SEAM_CURVE('',#27,(#318,#2355),.PCURVE_S1.);
#27 = ( BOUNDED_CURVE() B_SPLINE_CURVE(10,(#28,#29,#30,#31,#32,#33,#34,
    #35,#36,#37,#38,#39,#40,#41,#42,#43,#44,#45,#46,#47,#48,#49,#50,#51,
    #52,#53,#54,#55,#56,#57,#58,#59,#60,#61,#62,#63,#64,#65,#66,#67,#68,
    #69,#70,#71,#72,#73,#74,#75,#76,#77,#78,#79,#80,#81,#82,#83,#84,#85,
    #86,#87,#88,#89,#90,#91,#92,#93,#94,#95,#96,#97,#98,#99,#100,#101,
    #102,#103,#104,#105,#106,#107,#108,#109,#110,#111,#112,#113,#114,
    #115,#116,#117,#118,#119,#120,#121,#122,#123,#124,#125,#126,#127,
    #128,#129,#130,#131,#132,#133,#134,#135,#136,#137,#138,#139,#140,
    #141,#142,#143,#144,#145,#146,#147,#148,#149,#150,#151,#152,#153,
    #154,#155,#156,#157,#158,#159,#160,#161,#162,#163,#164,#165,#166,
    #167,#168,#169,#170,#171,#172,#173,#174,#175,#176,#177,#178,#179,
    #180,#181,#182,#183,#184,#185,#186,#187,#188,#189,#190,#191,#192,
    #193,#194,#195,#196,#197,#198,#199,#200,#201,#202,#203,#204,#205,
    #206,#207,#208,#209,#210,#211,#212,#213,#214,#215,#216,#217,#218,
    #219,#220,#221,#222,#223,#224,#225,#226,#227,#228,#229,#230,#231,
    #232,#233,#234,#235,#236,#237,#238,#239,#240,#241,#242,#243,#244,
    #245,#246,#247,#248,#249,#250,#251,#252,#253,#254,#255,#256,#257,
    #258,#259,#260,#261,#262,#263,#264,#265,#266,#267,#268,#269,#270,
    #271,#272,#273,#274,#275,#276,#277,#278,#279,#280,#281,#282,#283,
    #284,#285,#286,#287,#288,#289,#290,#291,#292,#293,#294,#295,#296,
    #297,#298,#299,#300,#301,#302,#303,#304,#305,#306,#307,#308,#309,
    #310,#311,#312,#313,#314,#315,#316,#317),.UNSPECIFIED.,.F.,.F.) 
B_SPLINE_CURVE_WITH_KNOTS((11,9,9,9,9,9,9,9,9,9,9,9,9,9,9,9,9,9,9,9,9,9,
    9,9,9,9,9,9,9,9,9,9,11),(0.,5.70567292687,11.41134585374,
    17.117018780609,22.822691707479,28.528364634349,34.234037561219,
    39.939710488088,45.645383414958,51.351056341828,57.056729268698,
    62.762402195567,68.468075122437,74.173748049307,79.879420976177,
    85.585093903047,91.290766829916,96.996439756786,102.70211268365,
    108.40778561052,114.11345853739,119.81913146426,125.52480439113,
    131.230477318,136.93615024487,142.64182317174,148.34749609861,
    154.05316902548,159.75884195235,165.46451487922,171.17018780609,
176.87586073296,182.58153365983),.UNSPECIFIED.) CURVE() 
GEOMETRIC_REPRESENTATION_ITEM() RATIONAL_B_SPLINE_CURVE((1.669078461068,
    1.669078461068,1.669078461068,1.669078461069,1.669078461068,
    1.669078461069,1.669078461068,1.669078461068,1.669078461068,
    1.669078461068,1.669078461068,1.669078461068,1.669078461068,
    1.669078461068,1.669078461068,1.669078461068,1.669078461068,
    1.669078461068,1.669078461068,1.669078461068,1.669078461068,
    1.669078461068,1.669078461069,1.669078461067,1.669078461069,
    1.669078461068,1.669078461068,1.669078461068,1.669078461068,
    1.669078461068,1.669078461068,1.669078461069,1.669078461068,
    1.669078461068,1.669078461068,1.669078461068,1.669078461068,
    1.669078461068,1.669078461068,1.669078461068,1.669078461069,
    1.669078461068,1.669078461068,1.669078461068,1.669078461068,
    1.669078461068,1.669078461068,1.669078461068,1.669078461068,
    1.669078461069,1.669078461067,1.669078461069,1.669078461068,
    1.669078461068,1.669078461068,1.669078461068,1.669078461069,
    1.669078461068,1.669078461069,1.669078461067,1.669078461069,
    1.669078461068,1.669078461068,1.669078461068,1.669078461068,
    1.669078461068,1.669078461068,1.669078461068,1.669078461068,
    1.669078461068,1.669078461068,1.669078461068,1.669078461068,
    1.669078461068,1.669078461068,1.669078461068,1.669078461069,
    1.669078461068,1.669078461069,1.669078461068,1.669078461068,
    1.669078461068,1.669078461068,1.669078461068,1.669078461068,
    1.669078461069,1.669078461068,1.669078461069,1.669078461068,
    1.669078461068,1.669078461068,1.669078461068,1.669078461069,
    1.669078461068,1.669078461069,1.669078461067,1.669078461069,
    1.669078461068,1.669078461068,1.669078461068,1.669078461068,
    1.669078461069,1.669078461067,1.66907846107,1.669078461067,
    1.669078461069,1.669078461068,1.669078461068,1.669078461068,
    1.669078461068,1.669078461068,1.669078461068,1.669078461069,
    1.669078461068,1.669078461068,1.669078461068,1.669078461068,
    1.669078461068,1.669078461068,1.669078461068,1.669078461068,
    1.669078461069,1.669078461068,1.669078461069,1.669078461068,
    1.669078461068,1.669078461068,1.669078461068,1.669078461069,
    1.669078461067,1.669078461069,1.669078461067,1.669078461069,
    1.669078461068,1.669078461068,1.669078461068,1.669078461068,
    1.669078461069,1.669078461068,1.669078461069,1.669078461067,
    1.669078461069,1.669078461068,1.669078461068,1.669078461068,
    1.669078461068,1.669078461068,1.669078461069,1.669078461067,
    1.669078461069,1.669078461068,1.669078461069,1.669078461068,
    1.669078461068,1.669078461068,1.669078461068,1.669078461068,
    1.669078461069,1.669078461068,1.669078461068,1.669078461068,
    1.669078461068,1.669078461068,1.669078461068,1.669078461069,
    1.669078461067,1.669078461069,1.669078461067,1.669078461069,
    1.669078461068,1.669078461068,1.669078461068,1.669078461068,
    1.669078461068,1.669078461069,1.669078461068,1.669078461069,
    1.669078461068,1.669078461069,1.669078461068,1.669078461068,
    1.669078461068,1.669078461068,1.669078461068,1.669078461069,
    1.669078461067,1.669078461069,1.669078461068,1.669078461068,
    1.669078461068,1.669078461068,1.669078461068,1.669078461068,
    1.669078461068,1.669078461068,1.669078461068,1.669078461068,
    1.669078461068,1.669078461068,1.669078461068,1.669078461068,
    1.669078461068,1.669078461069,1.669078461068,1.669078461068,
    1.669078461068,1.669078461068,1.669078461068,1.669078461068,
    1.669078461068,1.669078461068,1.669078461068,1.669078461068,
    1.669078461068,1.669078461068,1.669078461068,1.669078461068,
    1.669078461068,1.669078461068,1.669078461068,1.669078461068,
    1.669078461069,1.669078461068,1.669078461068,1.669078461068,
    1.669078461068,1.669078461068,1.669078461068,1.669078461069,
    1.669078461068,1.669078461069,1.669078461068,1.669078461068,
    1.669078461068,1.669078461068,1.669078461068,1.669078461068,
    1.669078461069,1.669078461067,1.669078461069,1.669078461068,
    1.669078461069,1.669078461068,1.669078461068,1.669078461068,
    1.669078461068,1.669078461069,1.669078461067,1.669078461069,
    1.669078461068,1.669078461069,1.669078461068,1.669078461068,
    1.669078461068,1.669078461068,1.669078461068,1.669078461069,
    1.669078461068,1.669078461069,1.669078461068,1.669078461068,
    1.669078461068,1.669078461068,1.669078461068,1.669078461069,
    1.669078461068,1.669078461069,1.669078461068,1.669078461069,
    1.669078461068,1.669078461068,1.669078461068,1.669078461068,
    1.669078461068,1.669078461069,1.669078461068,1.669078461069,
    1.669078461068,1.669078461068,1.669078461068,1.669078461068,
    1.669078461068,1.669078461068,1.669078461068,1.669078461069,
    1.669078461068,1.669078461069,1.669078461068,1.669078461068,
1.669078461068)) REPRESENTATION_ITEM('') );
#28 = CARTESIAN_POINT('',(13.75,1.901256929671E-15,1.25));
#29 = CARTESIAN_POINT('',(13.749999999561,7.289478922508,1.460939621302)
  );
#30 = CARTESIAN_POINT('',(9.456848179015,14.579875176125,1.67186908236)
  );
#31 = CARTESIAN_POINT('',(0.863870216004,19.017499856945,1.882822930817)
  );
#32 = CARTESIAN_POINT('',(-9.842190513545,17.792705202936,2.093741381405
    ));
#33 = CARTESIAN_POINT('',(-18.45411833111,9.863931741904,2.304688283151)
  );
#34 = CARTESIAN_POINT('',(-20.26212175661,-1.701614998089,2.515632898616
    ));
#35 = CARTESIAN_POINT('',(-15.33253268326,-11.28383866953,2.726553360449
    ));
#36 = CARTESIAN_POINT('',(-6.868779814483,-15.96322651641,2.93750566242)
  );
#37 = CARTESIAN_POINT('',(1.578110467791,-15.48252468278,3.148436149192)
  );
#38 = CARTESIAN_POINT('',(13.700070928593,-7.382889660473,3.57031424319)
  );
#39 = CARTESIAN_POINT('',(17.376666489396,0.237062752728,3.781244660112)
  );
#40 = CARTESIAN_POINT('',(16.292413831492,9.847275002387,3.992197214789)
  );
#41 = CARTESIAN_POINT('',(9.326065598305,18.068579697034,4.203117107297)
  );
#42 = CARTESIAN_POINT('',(-2.050999302348,20.824145478036,4.414062682819
    ));
#43 = CARTESIAN_POINT('',(-12.67187288037,15.901971875398,4.625008297379
    ));
#44 = CARTESIAN_POINT('',(-17.90046771338,6.479570129351,4.835928155543)
  );
#45 = CARTESIAN_POINT('',(-17.08902736699,-3.15751178706,5.046880736629)
  );
#46 = CARTESIAN_POINT('',(-11.99649759474,-9.913780744405,5.257811136035
    ));
#47 = CARTESIAN_POINT('',(1.472703194325,-15.49290639262,5.679689249646)
  );
#48 = CARTESIAN_POINT('',(9.851069126016,-14.31646514015,5.89061965025)
  );
#49 = CARTESIAN_POINT('',(17.239290076918,-8.075794144393,6.101572227005
    ));
#50 = CARTESIAN_POINT('',(20.204759393525,2.284024885401,6.312492094919)
  );
#51 = CARTESIAN_POINT('',(16.175170006524,13.274618950344,6.52343769305)
  );
#52 = CARTESIAN_POINT('',(6.181891021339,19.370939451321,6.734383290587)
  );
#53 = CARTESIAN_POINT('',(-4.557401355454,18.483551236297,6.945303159031
    ));
#54 = CARTESIAN_POINT('',(-12.11953001775,12.454787400174,7.156255735367
    ));
#55 = CARTESIAN_POINT('',(-14.90790439614,4.466921725815,7.367186136259)
  );
#56 = CARTESIAN_POINT('',(-12.06369081486,-9.831905568721,7.789064249534
    ));
#57 = CARTESIAN_POINT('',(-6.430744949809,-16.1446665009,7.999994650426)
  );
#58 = CARTESIAN_POINT('',(2.862858978871,-18.82061667126,8.210947226784)
  );
#59 = CARTESIAN_POINT('',(13.124260170298,-15.53070722175,8.421867095146
    ));
#60 = CARTESIAN_POINT('',(20.023885241779,-6.074179190826,8.63281269286)
  );
#61 = CARTESIAN_POINT('',(19.540822150743,5.621862814032,8.843758290716)
  );
#62 = CARTESIAN_POINT('',(12.83655464741,14.058251605463,9.054678158961)
  );
#63 = CARTESIAN_POINT('',(3.622527134881,16.996530063291,9.265630735395)
  );
#64 = CARTESIAN_POINT('',(-4.568278243649,14.877158232591,9.476561136252
    ));
#65 = CARTESIAN_POINT('',(-14.87715822851,4.568278256938,9.89843924954)
  );
#66 = CARTESIAN_POINT('',(-16.9965300665,-3.622527119709,10.10936965041)
  );
#67 = CARTESIAN_POINT('',(-14.05825161696,-12.83655463483,
    10.320322226811));
#68 = CARTESIAN_POINT('',(-5.621862831431,-19.54082214576,10.53124209511
    ));
#69 = CARTESIAN_POINT('',(6.074179172892,-20.02388524715,10.742187692896
    ));
#70 = CARTESIAN_POINT('',(15.530707210065,-13.12426018421,
    10.953133290686));
#71 = CARTESIAN_POINT('',(18.820616668694,-2.862858995649,
    11.164053158982));
#72 = CARTESIAN_POINT('',(16.144666506649,6.430744935377,11.375005735384
    ));
#73 = CARTESIAN_POINT('',(9.831905579495,12.063690806089,11.585936136256
    ));
#74 = CARTESIAN_POINT('',(-4.4669217125,14.907904400129,12.007814249537)
  );
#75 = CARTESIAN_POINT('',(-12.45478738935,12.11953002888,12.218744650419
    ));
#76 = CARTESIAN_POINT('',(-18.48355123221,4.55740137195,12.429697226796)
  );
#77 = CARTESIAN_POINT('',(-19.37093945685,-6.181891004022,12.64061709513
    ));
#78 = CARTESIAN_POINT('',(-13.27461896477,-16.17516999468,
    12.851562692876));
#79 = CARTESIAN_POINT('',(-2.284024903451,-20.20475939147,
    13.062508290702));
#80 = CARTESIAN_POINT('',(8.075794128994,-17.23929008413,13.27342815897)
  );
#81 = CARTESIAN_POINT('',(14.316465131365,-9.851069138799,
    13.484380735391));
#82 = CARTESIAN_POINT('',(15.492906391302,-1.472703208163,
    13.695311136253));
#83 = CARTESIAN_POINT('',(9.913780755127,11.996497585892,14.11718924954)
  );
#84 = CARTESIAN_POINT('',(3.157511802283,17.089027364168,14.328119650407
    ));
#85 = CARTESIAN_POINT('',(-6.479570113255,17.900467719204,
    14.539072226817));
#86 = CARTESIAN_POINT('',(-15.90197186429,12.671872894528,
    14.749992095103));
#87 = CARTESIAN_POINT('',(-20.82414547588,2.050999321013,14.960937692905
    ));
#88 = CARTESIAN_POINT('',(-18.06857970575,-9.326065582245,
    15.171883290677));
#89 = CARTESIAN_POINT('',(-9.847275016549,-16.29241382262,
    15.382803158989));
#90 = CARTESIAN_POINT('',(-0.237062768559,-17.37666648924,15.59375573538
    ));
#91 = CARTESIAN_POINT('',(7.382889648439,-13.70007093514,15.804686136256
    ));
#92 = CARTESIAN_POINT('',(15.48252468096,-1.578110481703,16.226564249539
    ));
#93 = CARTESIAN_POINT('',(15.963226524871,6.868779800701,16.437494650409
    ));
#94 = CARTESIAN_POINT('',(11.283838676831,15.332532671879,
    16.648447226815));
#95 = CARTESIAN_POINT('',(1.70161502864,20.262121757647,16.859367095106)
  );
#96 = CARTESIAN_POINT('',(-9.86393174418,18.454118336077,17.070312692901
    ));
#97 = CARTESIAN_POINT('',(-17.79270517145,9.842190534101,17.281258290681
    ));
#98 = CARTESIAN_POINT('',(-19.0174998801,-0.863870203625,17.492178158987
    ));
#99 = CARTESIAN_POINT('',(-14.57987516649,-9.456848162275,
    17.703130735381));
#100 = CARTESIAN_POINT('',(-7.28947894662,-13.74999999548,
    17.914061136257));
#101 = CARTESIAN_POINT('',(7.28947893434,-13.75000000199,18.335939249538
    ));
#102 = CARTESIAN_POINT('',(14.579875158048,-9.456848175295,
    18.546869650412));
#103 = CARTESIAN_POINT('',(19.017499879347,-0.863870220612,
    18.75782222681));
#104 = CARTESIAN_POINT('',(17.792705180229,9.84219051821,18.968742095111
    ));
#105 = CARTESIAN_POINT('',(9.863931760676,18.454118327269,
    19.179687692897));
#106 = CARTESIAN_POINT('',(-1.701615010552,20.262121759167,
    19.390633290685));
#107 = CARTESIAN_POINT('',(-11.28383866313,15.332532681955,
    19.601553158981));
#108 = CARTESIAN_POINT('',(-15.96322651873,6.86877981496,19.812505735387
    ));
#109 = CARTESIAN_POINT('',(-15.48252468236,-1.578110467877,
    20.023436136252));
#110 = CARTESIAN_POINT('',(-7.382889660676,-13.70007092854,
    20.445314249548));
#111 = CARTESIAN_POINT('',(0.237062753046,-17.37666648947,
    20.656244650382));
#112 = CARTESIAN_POINT('',(9.847275001985,-16.29241383138,
    20.867197226857));
#113 = CARTESIAN_POINT('',(18.068579697448,-9.326065598441,
    21.078117095057));
#114 = CARTESIAN_POINT('',(20.824145477688,2.050999302485,
    21.289062692949));
#115 = CARTESIAN_POINT('',(15.901971875632,12.671872880268,
    21.500008290638));
#116 = CARTESIAN_POINT('',(6.47957012923,17.90046771345,21.710928159019)
  );
#117 = CARTESIAN_POINT('',(-3.157511787018,17.089027366976,
    21.921880735364));
#118 = CARTESIAN_POINT('',(-9.913780744412,11.996497594748,
    22.132811136261));
#119 = CARTESIAN_POINT('',(-15.49290639261,-1.472703194327,
    22.554689249539));
#120 = CARTESIAN_POINT('',(-14.31646514015,-9.851069126015,
    22.765619650406));
#121 = CARTESIAN_POINT('',(-8.075794144397,-17.23929007691,
    22.976572226819));
#122 = CARTESIAN_POINT('',(2.284024885413,-20.20475939353,
    23.187492095101));
#123 = CARTESIAN_POINT('',(13.274618950325,-16.17517000651,
    23.398437692905));
#124 = CARTESIAN_POINT('',(19.370939451339,-6.181891021351,
    23.609383290677));
#125 = CARTESIAN_POINT('',(18.483551236286,4.55740135546,23.820303158989
    ));
#126 = CARTESIAN_POINT('',(12.454787400178,12.119530017749,
    24.03125573538));
#127 = CARTESIAN_POINT('',(4.466921725814,14.907904396141,
    24.242186136257));
#128 = CARTESIAN_POINT('',(-9.831905568721,12.063690814869,
    24.66406424954));
#129 = CARTESIAN_POINT('',(-16.1446665009,6.4307449498,24.874994650408)
  );
#130 = CARTESIAN_POINT('',(-18.82061667125,-2.862858978853,
    25.085947226816));
#131 = CARTESIAN_POINT('',(-15.53070722178,-13.12426017032,
    25.296867095104));
#132 = CARTESIAN_POINT('',(-6.074179190773,-20.02388524175,
    25.507812692905));
#133 = CARTESIAN_POINT('',(5.621862813976,-19.54082215076,
    25.718758290676));
#134 = CARTESIAN_POINT('',(14.058251605501,-12.83655464739,
    25.92967815899));
#135 = CARTESIAN_POINT('',(16.996530063275,-3.622527134886,
    26.14063073538));
#136 = CARTESIAN_POINT('',(14.877158232593,4.56827824365,26.351561136255
    ));
#137 = CARTESIAN_POINT('',(4.568278256937,14.877158228513,
    26.773439249544));
#138 = CARTESIAN_POINT('',(-3.622527119711,16.996530066515,
    26.984369650396));
#139 = CARTESIAN_POINT('',(-12.83655463482,14.058251616954,
    27.195322226833));
#140 = CARTESIAN_POINT('',(-19.54082214577,5.621862831444,
    27.406242095088));
#141 = CARTESIAN_POINT('',(-20.02388524713,-6.074179172902,
    27.617187692918));
#142 = CARTESIAN_POINT('',(-13.12426018422,-15.53070721005,
    27.828133290663));
#143 = CARTESIAN_POINT('',(-2.862858995645,-18.82061666869,
    28.039053159002));
#144 = CARTESIAN_POINT('',(6.430744935377,-16.14466650664,
    28.250005735372));
#145 = CARTESIAN_POINT('',(12.063690806089,-9.831905579496,
    28.460936136259));
#146 = CARTESIAN_POINT('',(14.90790440013,4.4669217125,28.882814249537)
  );
#147 = CARTESIAN_POINT('',(12.119530028876,12.454787389352,
    29.093744650416));
#148 = CARTESIAN_POINT('',(4.557401371966,18.483551232218,
    29.304697226801));
#149 = CARTESIAN_POINT('',(-6.181891004054,19.370939456861,
    29.515617095123));
#150 = CARTESIAN_POINT('',(-16.17516999464,13.274618964768,
    29.726562692886));
#151 = CARTESIAN_POINT('',(-20.20475939151,2.284024903459,29.93750829069
    ));
#152 = CARTESIAN_POINT('',(-17.23929008411,-8.075794128997,
    30.148428158983));
#153 = CARTESIAN_POINT('',(-9.851069138807,-14.31646513136,
    30.359380735382));
#154 = CARTESIAN_POINT('',(-1.472703208162,-15.4929063913,
    30.570311136256));
#155 = CARTESIAN_POINT('',(11.996497585892,-9.913780755127,
    30.992189249539));
#156 = CARTESIAN_POINT('',(17.089027364166,-3.157511802282,
    31.203119650409));
#157 = CARTESIAN_POINT('',(17.900467719211,6.479570113253,
    31.414072226814));
#158 = CARTESIAN_POINT('',(12.671872894514,15.901971864291,
    31.624992095106));
#159 = CARTESIAN_POINT('',(2.050999321032,20.824145475887,
    31.835937692901));
#160 = CARTESIAN_POINT('',(-9.326065582262,18.068579705753,
    32.04688329068));
#161 = CARTESIAN_POINT('',(-16.29241382261,9.84727501655,32.257803158988
    ));
#162 = CARTESIAN_POINT('',(-17.37666648925,0.237062768559,32.46875573538
    ));
#163 = CARTESIAN_POINT('',(-13.70007093514,-7.382889648439,
    32.679686136256));
#164 = CARTESIAN_POINT('',(-1.578110481704,-15.48252468096,
    33.10156424954));
#165 = CARTESIAN_POINT('',(6.868779800704,-15.96322652486,
    33.312494650406));
#166 = CARTESIAN_POINT('',(15.332532671873,-11.28383867683,
    33.523447226822));
#167 = CARTESIAN_POINT('',(20.262121757656,-1.70161502864,
    33.734367095095));
#168 = CARTESIAN_POINT('',(18.454118336064,9.863931744189,
    33.945312692914));
#169 = CARTESIAN_POINT('',(9.842190534118,17.792705171442,
    34.156258290667));
#170 = CARTESIAN_POINT('',(-0.863870203639,19.017499880117,
    34.367178158999));
#171 = CARTESIAN_POINT('',(-9.456848162269,14.579875166493,
    34.578130735372));
#172 = CARTESIAN_POINT('',(-13.74999999548,7.289478946621,
    34.789061136261));
#173 = CARTESIAN_POINT('',(-13.75000000199,-7.28947893434,
    35.210939249529));
#174 = CARTESIAN_POINT('',(-9.456848175308,-14.57987515804,
    35.421869650443));
#175 = CARTESIAN_POINT('',(-0.863870220588,-19.01749987935,
    35.632822226752));
#176 = CARTESIAN_POINT('',(9.842190518181,-17.7927051802,35.843742095189
    ));
#177 = CARTESIAN_POINT('',(18.454118327291,-9.863931760711,
    36.054687692814));
#178 = CARTESIAN_POINT('',(20.262121759153,1.701615010588,
    36.265633290757));
#179 = CARTESIAN_POINT('',(15.332532681963,11.283838663109,
    36.47655315893));
#180 = CARTESIAN_POINT('',(6.868779814957,15.963226518747,
    36.687505735413));
#181 = CARTESIAN_POINT('',(-1.578110467876,15.482524682368,
    36.898436136246));
#182 = CARTESIAN_POINT('',(-13.70007092855,7.382889660675,
    37.320314249546));
#183 = CARTESIAN_POINT('',(-17.37666648946,-0.237062753039,
    37.531244650396));
#184 = CARTESIAN_POINT('',(-16.29241383139,-9.847275002001,
    37.742197226832));
#185 = CARTESIAN_POINT('',(-9.326065598406,-18.06857969742,
    37.953117095087));
#186 = CARTESIAN_POINT('',(2.050999302435,-20.82414547771,38.16406269292
    ));
#187 = CARTESIAN_POINT('',(12.671872880318,-15.9019718756,
    38.375008290664));
#188 = CARTESIAN_POINT('',(17.900467713417,-6.479570129245,
    38.585928158998));
#189 = CARTESIAN_POINT('',(17.089027366989,3.157511787023,
    38.796880735376));
#190 = CARTESIAN_POINT('',(11.996497594746,9.913780744411,
    39.007811136256));
#191 = CARTESIAN_POINT('',(-1.472703194325,15.492906392619,
    39.429689249545));
#192 = CARTESIAN_POINT('',(-9.851069126021,14.316465140155,
    39.640619650393));
#193 = CARTESIAN_POINT('',(-17.2392900769,8.075794144409,39.851572226835
    ));
#194 = CARTESIAN_POINT('',(-20.20475939355,-2.28402488543,
    40.062492095089));
#195 = CARTESIAN_POINT('',(-16.17517000648,-13.27461895031,
    40.273437692915));
#196 = CARTESIAN_POINT('',(-6.181891021378,-19.37093945134,
    40.484383290666));
#197 = CARTESIAN_POINT('',(4.557401355478,-18.48355123628,
    40.695303159002));
#198 = CARTESIAN_POINT('',(12.119530017742,-12.45478740017,
    40.906255735371));
#199 = CARTESIAN_POINT('',(14.907904396143,-4.466921725815,
    41.11718613626));
#200 = CARTESIAN_POINT('',(12.063690814868,9.831905568721,
    41.539064249534));
#201 = CARTESIAN_POINT('',(6.430744949804,16.144666500907,
    41.749994650424));
#202 = CARTESIAN_POINT('',(-2.862858978854,18.820616671247,
    41.96094722679));
#203 = CARTESIAN_POINT('',(-13.12426017033,15.53070722179,
    42.171867095136));
#204 = CARTESIAN_POINT('',(-20.02388524172,6.074179190778,42.38281269287
    ));
#205 = CARTESIAN_POINT('',(-19.54082215078,-5.621862813992,
    42.59375829071));
#206 = CARTESIAN_POINT('',(-12.83655464738,-14.05825160548,
    42.804678158964));
#207 = CARTESIAN_POINT('',(-3.622527134887,-16.99653006328,
    43.015630735395));
#208 = CARTESIAN_POINT('',(4.568278243649,-14.87715823259,
    43.226561136251));
#209 = CARTESIAN_POINT('',(14.877158228513,-4.568278256936,
    43.648439249543));
#210 = CARTESIAN_POINT('',(16.996530066516,3.622527119706,
    43.859369650404));
#211 = CARTESIAN_POINT('',(14.058251616951,12.83655463484,
    44.070322226816));
#212 = CARTESIAN_POINT('',(5.621862831451,19.540822145749,44.28124209511
    ));
#213 = CARTESIAN_POINT('',(-6.074179172911,20.023885247166,
    44.492187692897));
#214 = CARTESIAN_POINT('',(-15.53070721005,13.124260184206,
    44.703133290679));
#215 = CARTESIAN_POINT('',(-18.82061666869,2.862858995655,
    44.914053158996));
#216 = CARTESIAN_POINT('',(-16.14466650664,-6.430744935379,
    45.125005735369));
#217 = CARTESIAN_POINT('',(-9.831905579496,-12.06369080608,
    45.335936136266));
#218 = CARTESIAN_POINT('',(4.466921712502,-14.90790440012,
    45.757814249518));
#219 = CARTESIAN_POINT('',(12.454787389343,-12.11953002887,
    45.968744650475));
#220 = CARTESIAN_POINT('',(18.48355123224,-4.557401371963,
    46.179697226709));
#221 = CARTESIAN_POINT('',(19.37093945682,6.181891004053,46.390617095228
    ));
#222 = CARTESIAN_POINT('',(13.274618964822,16.175169994641,
    46.601562692784));
#223 = CARTESIAN_POINT('',(2.284024903409,20.204759391512,
    46.812508290783));
#224 = CARTESIAN_POINT('',(-8.075794128966,17.239290084115,
    47.023428158908));
#225 = CARTESIAN_POINT('',(-14.31646513137,9.851069138807,47.23438073543
    ));
#226 = CARTESIAN_POINT('',(-15.49290639129,1.472703208161,
    47.445311136236));
#227 = CARTESIAN_POINT('',(-9.913780755129,-11.99649758589,
    47.867189249569));
#228 = CARTESIAN_POINT('',(-3.157511802271,-17.08902736417,
    48.078119650318));
#229 = CARTESIAN_POINT('',(6.479570113232,-17.90046771917,
    48.289072226968));
#230 = CARTESIAN_POINT('',(15.90197186432,-12.67187289457,
    48.499992094912));
#231 = CARTESIAN_POINT('',(20.824145475865,-2.050999320956,
    48.710937693104));
#232 = CARTESIAN_POINT('',(18.06857970576,9.326065582199,48.921883290499
    ));
#233 = CARTESIAN_POINT('',(9.84727501655,16.292413822649,49.132803159119
    ));
#234 = CARTESIAN_POINT('',(0.237062768557,17.376666489236,
    49.343755735315));
#235 = CARTESIAN_POINT('',(-7.38288964844,13.700070935146,
    49.554686136268));
#236 = CARTESIAN_POINT('',(-15.48252468096,1.578110481705,
    49.976564249556));
#237 = CARTESIAN_POINT('',(-15.96322652487,-6.868779800703,
    50.187494650332));
#238 = CARTESIAN_POINT('',(-11.28383867681,-15.33253267187,
    50.398447226958));
#239 = CARTESIAN_POINT('',(-1.701615028677,-20.26212175764,
    50.609367094921));
#240 = CARTESIAN_POINT('',(9.863931744229,-18.45411833607,
    50.820312693093));
#241 = CARTESIAN_POINT('',(17.792705171412,-9.84219053411,
    51.031258290508));
#242 = CARTESIAN_POINT('',(19.017499880135,0.863870203639,
    51.242178159117));
#243 = CARTESIAN_POINT('',(14.579875166487,9.456848162266,
    51.453130735307));
#244 = CARTESIAN_POINT('',(7.289478946623,13.749999995486,51.66406113628
    ));
#245 = CARTESIAN_POINT('',(-7.289478934341,13.750000001991,
    52.085939249524));
#246 = CARTESIAN_POINT('',(-14.57987515805,9.456848175305,
    52.296869650441));
#247 = CARTESIAN_POINT('',(-19.01749987933,0.863870220584,
    52.507822226767));
#248 = CARTESIAN_POINT('',(-17.79270518024,-9.84219051816,
    52.718742095162));
#249 = CARTESIAN_POINT('',(-9.863931760664,-18.45411832732,
    52.929687692843));
#250 = CARTESIAN_POINT('',(1.701615010553,-20.26212175911,
    53.140633290733));
#251 = CARTESIAN_POINT('',(11.283838663131,-15.33253268198,
    53.351553158949));
#252 = CARTESIAN_POINT('',(15.963226518739,-6.868779814951,53.5625057354
    ));
#253 = CARTESIAN_POINT('',(15.48252468237,1.578110467876,53.773436136253
    ));
#254 = CARTESIAN_POINT('',(7.382889660673,13.700070928551,
    54.195314249535));
#255 = CARTESIAN_POINT('',(-0.237062753022,17.376666489456,
    54.406244650431));
#256 = CARTESIAN_POINT('',(-9.847275002046,16.292413831423,
    54.617197226768));
#257 = CARTESIAN_POINT('',(-18.06857969734,9.326065598364,
    54.828117095174));
#258 = CARTESIAN_POINT('',(-20.8241454778,-2.050999302376,
    55.039062692824));
#259 = CARTESIAN_POINT('',(-15.90197187554,-12.67187288037,
    55.25000829075));
#260 = CARTESIAN_POINT('',(-6.479570129276,-17.90046771338,
    55.46092815894));
#261 = CARTESIAN_POINT('',(3.15751178703,-17.089027367,55.671880735404)
  );
#262 = CARTESIAN_POINT('',(9.91378074441,-11.99649759474,55.882811136251
    ));
#263 = CARTESIAN_POINT('',(15.492906392619,1.472703194326,56.30468924954
    ));
#264 = CARTESIAN_POINT('',(14.316465140159,9.851069126012,
    56.515619650406));
#265 = CARTESIAN_POINT('',(8.075794144391,17.239290076928,
    56.726572226829));
#266 = CARTESIAN_POINT('',(-2.2840248854,20.204759393507,56.937492095077
    ));
#267 = CARTESIAN_POINT('',(-13.27461895034,16.175170006552,
    57.148437692936));
#268 = CARTESIAN_POINT('',(-19.37093945132,6.181891021309,
    57.359383290651));
#269 = CARTESIAN_POINT('',(-18.48355123629,-4.557401355437,
    57.570303159009));
#270 = CARTESIAN_POINT('',(-12.45478740017,-12.11953001775,
    57.781255735364));
#271 = CARTESIAN_POINT('',(-4.466921725815,-14.90790439614,
    57.992186136268));
#272 = CARTESIAN_POINT('',(9.831905568723,-12.06369081486,
    58.414064249512));
#273 = CARTESIAN_POINT('',(16.144666500891,-6.430744949815,
    58.624994650494));
#274 = CARTESIAN_POINT('',(18.820616671293,2.862858978882,
    58.835947226676));
#275 = CARTESIAN_POINT('',(15.53070722171,13.124260170283,59.04686709527
    ));
#276 = CARTESIAN_POINT('',(6.074179190874,20.02388524179,59.257812692737
    ));
#277 = CARTESIAN_POINT('',(-5.621862814068,19.540822150737,
    59.468758290827));
#278 = CARTESIAN_POINT('',(-14.05825160544,12.836554647413,
    59.679678158879));
#279 = CARTESIAN_POINT('',(-16.99653006329,3.622527134882,
    59.890630735436));
#280 = CARTESIAN_POINT('',(-14.87715823259,-4.568278243649,
    60.101561136247));
#281 = CARTESIAN_POINT('',(-4.568278256935,-14.87715822851,
    60.523439249523));
#282 = CARTESIAN_POINT('',(3.622527119696,-16.9965300665,60.734369650476
    ));
#283 = CARTESIAN_POINT('',(12.836554634877,-14.05825161695,60.9453222267
    ));
#284 = CARTESIAN_POINT('',(19.540822145677,-5.621862831446,
    61.156242095242));
#285 = CARTESIAN_POINT('',(20.023885247257,6.074179172907,
    61.367187692771));
#286 = CARTESIAN_POINT('',(13.12426018413,15.530707210058,
    61.578133290789));
#287 = CARTESIAN_POINT('',(2.862858995695,18.820616668694,
    61.789053158912));
#288 = CARTESIAN_POINT('',(-6.430744935392,16.144666506651,
    62.000005735416));
#289 = CARTESIAN_POINT('',(-12.06369080608,9.831905579494,
    62.210936136253));
#290 = CARTESIAN_POINT('',(-14.90790440012,-4.466921712501,
    62.632814249523));
#291 = CARTESIAN_POINT('',(-12.11953002888,-12.45478738933,
    62.843744650478));
#292 = CARTESIAN_POINT('',(-4.557401371944,-18.48355123226,
    63.054697226678));
#293 = CARTESIAN_POINT('',(6.181891004013,-19.37093945678,
    63.265617095309));
#294 = CARTESIAN_POINT('',(16.175169994684,-13.27461896486,
    63.476562692645));
#295 = CARTESIAN_POINT('',(20.204759391481,-2.284024903376,
    63.687508290956));
#296 = CARTESIAN_POINT('',(17.239290084129,8.075794128957,
    63.898428158741));
#297 = CARTESIAN_POINT('',(9.851069138804,14.316465131371,
    64.109380735559));
#298 = CARTESIAN_POINT('',(1.472703208163,15.492906391305,
    64.320311136154));
#299 = CARTESIAN_POINT('',(-11.99649758589,9.913780755118,
    64.742189249733));
#300 = CARTESIAN_POINT('',(-17.08902736416,3.157511802333,
    64.953119649255));
#301 = CARTESIAN_POINT('',(-17.9004677192,-6.479570113398,
    65.164072230101));
#302 = CARTESIAN_POINT('',(-12.67187289453,-15.90197186401,
    65.374992088593));
#303 = CARTESIAN_POINT('',(-2.050999320998,-20.82414547628,
    65.585937702803));
#304 = CARTESIAN_POINT('',(9.326065582215,-18.06857970529,
    65.796883278648));
#305 = CARTESIAN_POINT('',(16.292413822667,-9.847275016971,
    66.00780317089));
#306 = CARTESIAN_POINT('',(17.376666489198,-0.237062768238,
    66.218755725755));
#307 = CARTESIAN_POINT('',(13.700070935182,7.382889648237,
    66.429686142572));
#308 = CARTESIAN_POINT('',(1.578110481623,15.482524681371,
    66.851564236653));
#309 = CARTESIAN_POINT('',(-6.868779800232,15.963226522555,
    67.062494723208));
#310 = CARTESIAN_POINT('',(-15.33253267318,11.283838683222,
    67.273447025651));
#311 = CARTESIAN_POINT('',(-20.2621217551,1.701615016208,67.484367486756
    ));
#312 = CARTESIAN_POINT('',(-18.4541183399,-9.863931725451,
    67.695312103134));
#313 = CARTESIAN_POINT('',(-9.842190529469,-17.79270519411,
    67.90625900389));
#314 = CARTESIAN_POINT('',(0.863870199051,-19.01749985773,
    68.117177455412));
#315 = CARTESIAN_POINT('',(9.456848165974,-14.57987518455,68.32813130313
    ));
#316 = CARTESIAN_POINT('',(13.749999993056,-7.289478934796,
    68.539060764653));
#317 = CARTESIAN_POINT('',(13.75,-1.227795592279E-08,68.750000385737));
#318 = PCURVE('',#319,#2350);
#319 = ( BOUNDED_SURFACE() B_SPLINE_SURFACE(6,10,(
    (#320,#321,#322,#323,#324,#325,#326,#327,#328,#329,#330,#331,#332
      ,#333,#334,#335,#336,#337,#338,#339,#340,#341,#342,#343,#344,#345
      ,#346,#347,#348,#349,#350,#351,#352,#353,#354,#355,#356,#357,#358
      ,#359,#360,#361,#362,#363,#364,#365,#366,#367,#368,#369,#370,#371
      ,#372,#373,#374,#375,#376,#377,#378,#379,#380,#381,#382,#383,#384
      ,#385,#386,#387,#388,#389,#390,#391,#392,#393,#394,#395,#396,#397
      ,#398,#399,#400,#401,#402,#403,#404,#405,#406,#407,#408,#409,#410
      ,#411,#412,#413,#414,#415,#416,#417,#418,#419,#420,#421,#422,#423
      ,#424,#425,#426,#427,#428,#429,#430,#431,#432,#433,#434,#435,#436
      ,#437,#438,#439,#440,#441,#442,#443,#444,#445,#446,#447,#448,#449
      ,#450,#451,#452,#453,#454,#455,#456,#457,#458,#459,#460,#461,#462
      ,#463,#464,#465,#466,#467,#468,#469,#470,#471,#472,#473,#474,#475
      ,#476,#477,#478,#479,#480,#481,#482,#483,#484,#485,#486,#487,#488
      ,#489,#490,#491,#492,#493,#494,#495,#496,#497,#498,#499,#500,#501
      ,#502,#503,#504,#505,#506,#507,#508,#509,#510,#511,#512,#513,#514
      ,#515,#516,#517,#518,#519,#520,#521,#522,#523,#524,#525,#526,#527
      ,#528,#529,#530,#531,#532,#533,#534,#535,#536,#537,#538,#539,#540
      ,#541,#542,#543,#544,#545,#546,#547,#548,#549,#550,#551,#552,#553
      ,#554,#555,#556,#557,#558,#559,#560,#561,#562,#563,#564,#565,#566
      ,#567,#568,#569,#570,#571,#572,#573,#574,#575,#576,#577,#578,#579
      ,#580,#581,#582,#583,#584,#585,#586,#587,#588,#589,#590,#591,#592
      ,#593,#594,#595,#596,#597,#598,#599,#600,#601,#602,#603,#604,#605
      ,#606,#607,#608,#609)
    ,(#610,#611,#612,#613,#614,#615,#616,#617,#618,#619,#620,#621,#622
      ,#623,#624,#625,#626,#627,#628,#629,#630,#631,#632,#633,#634,#635
      ,#636,#637,#638,#639,#640,#641,#642,#643,#644,#645,#646,#647,#648
      ,#649,#650,#651,#652,#653,#654,#655,#656,#657,#658,#659,#660,#661
      ,#662,#663,#664,#665,#666,#667,#668,#669,#670,#671,#672,#673,#674
      ,#675,#676,#677,#678,#679,#680,#681,#682,#683,#684,#685,#686,#687
      ,#688,#689,#690,#691,#692,#693,#694,#695,#696,#697,#698,#699,#700
      ,#701,#702,#703,#704,#705,#706,#707,#708,#709,#710,#711,#712,#713
      ,#714,#715,#716,#717,#718,#719,#720,#721,#722,#723,#724,#725,#726
      ,#727,#728,#729,#730,#731,#732,#733,#734,#735,#736,#737,#738,#739
      ,#740,#741,#742,#743,#744,#745,#746,#747,#748,#749,#750,#751,#752
      ,#753,#754,#755,#756,#757,#758,#759,#760,#761,#762,#763,#764,#765
      ,#766,#767,#768,#769,#770,#771,#772,#773,#774,#775,#776,#777,#778
      ,#779,#780,#781,#782,#783,#784,#785,#786,#787,#788,#789,#790,#791
      ,#792,#793,#794,#795,#796,#797,#798,#799,#800,#801,#802,#803,#804
      ,#805,#806,#807,#808,#809,#810,#811,#812,#813,#814,#815,#816,#817
      ,#818,#819,#820,#821,#822,#823,#824,#825,#826,#827,#828,#829,#830
      ,#831,#832,#833,#834,#835,#836,#837,#838,#839,#840,#841,#842,#843
      ,#844,#845,#846,#847,#848,#849,#850,#851,#852,#853,#854,#855,#856
      ,#857,#858,#859,#860,#861,#862,#863,#864,#865,#866,#867,#868,#869
      ,#870,#871,#872,#873,#874,#875,#876,#877,#878,#879,#880,#881,#882
      ,#883,#884,#885,#886,#887,#888,#889,#890,#891,#892,#893,#894,#895
      ,#896,#897,#898,#899)
    ,(#900,#901,#902,#903,#904,#905,#906,#907,#908,#909,#910,#911,#912
      ,#913,#914,#915,#916,#917,#918,#919,#920,#921,#922,#923,#924,#925
      ,#926,#927,#928,#929,#930,#931,#932,#933,#934,#935,#936,#937,#938
      ,#939,#940,#941,#942,#943,#944,#945,#946,#947,#948,#949,#950,#951
      ,#952,#953,#954,#955,#956,#957,#958,#959,#960,#961,#962,#963,#964
      ,#965,#966,#967,#968,#969,#970,#971,#972,#973,#974,#975,#976,#977
      ,#978,#979,#980,#981,#982,#983,#984,#985,#986,#987,#988,#989,#990
      ,#991,#992,#993,#994,#995,#996,#997,#998,#999,#1000,#1001,#1002
      ,#1003,#1004,#1005,#1006,#1007,#1008,#1009,#1010,#1011,#1012,#1013
      ,#1014,#1015,#1016,#1017,#1018,#1019,#1020,#1021,#1022,#1023,#1024
      ,#1025,#1026,#1027,#1028,#1029,#1030,#1031,#1032,#1033,#1034,#1035
      ,#1036,#1037,#1038,#1039,#1040,#1041,#1042,#1043,#1044,#1045,#1046
      ,#1047,#1048,#1049,#1050,#1051,#1052,#1053,#1054,#1055,#1056,#1057
      ,#1058,#1059,#1060,#1061,#1062,#1063,#1064,#1065,#1066,#1067,#1068
      ,#1069,#1070,#1071,#1072,#1073,#1074,#1075,#1076,#1077,#1078,#1079
      ,#1080,#1081,#1082,#1083,#1084,#1085,#1086,#1087,#1088,#1089,#1090
      ,#1091,#1092,#1093,#1094,#1095,#1096,#1097,#1098,#1099,#1100,#1101
      ,#1102,#1103,#1104,#1105,#1106,#1107,#1108,#1109,#1110,#1111,#1112
      ,#1113,#1114,#1115,#1116,#1117,#1118,#1119,#1120,#1121,#1122,#1123
      ,#1124,#1125,#1126,#1127,#1128,#1129,#1130,#1131,#1132,#1133,#1134
      ,#1135,#1136,#1137,#1138,#1139,#1140,#1141,#1142,#1143,#1144,#1145
      ,#1146,#1147,#1148,#1149,#1150,#1151,#1152,#1153,#1154,#1155,#1156
      ,#1157,#1158,#1159,#1160,#1161,#1162,#1163,#1164,#1165,#1166,#1167
      ,#1168,#1169,#1170,#1171,#1172,#1173,#1174,#1175,#1176,#1177,#1178
      ,#1179,#1180,#1181,#1182,#1183,#1184,#1185,#1186,#1187,#1188,#1189
      )
    ,(#1190,#1191,#1192,#1193,#1194,#1195,#1196,#1197,#1198,#1199,#1200
      ,#1201,#1202,#1203,#1204,#1205,#1206,#1207,#1208,#1209,#1210,#1211
      ,#1212,#1213,#1214,#1215,#1216,#1217,#1218,#1219,#1220,#1221,#1222
      ,#1223,#1224,#1225,#1226,#1227,#1228,#1229,#1230,#1231,#1232,#1233
      ,#1234,#1235,#1236,#1237,#1238,#1239,#1240,#1241,#1242,#1243,#1244
      ,#1245,#1246,#1247,#1248,#1249,#1250,#1251,#1252,#1253,#1254,#1255
      ,#1256,#1257,#1258,#1259,#1260,#1261,#1262,#1263,#1264,#1265,#1266
      ,#1267,#1268,#1269,#1270,#1271,#1272,#1273,#1274,#1275,#1276,#1277
      ,#1278,#1279,#1280,#1281,#1282,#1283,#1284,#1285,#1286,#1287,#1288
      ,#1289,#1290,#1291,#1292,#1293,#1294,#1295,#1296,#1297,#1298,#1299
      ,#1300,#1301,#1302,#1303,#1304,#1305,#1306,#1307,#1308,#1309,#1310
      ,#1311,#1312,#1313,#1314,#1315,#1316,#1317,#1318,#1319,#1320,#1321
      ,#1322,#1323,#1324,#1325,#1326,#1327,#1328,#1329,#1330,#1331,#1332
      ,#1333,#1334,#1335,#1336,#1337,#1338,#1339,#1340,#1341,#1342,#1343
      ,#1344,#1345,#1346,#1347,#1348,#1349,#1350,#1351,#1352,#1353,#1354
      ,#1355,#1356,#1357,#1358,#1359,#1360,#1361,#1362,#1363,#1364,#1365
      ,#1366,#1367,#1368,#1369,#1370,#1371,#1372,#1373,#1374,#1375,#1376
      ,#1377,#1378,#1379,#1380,#1381,#1382,#1383,#1384,#1385,#1386,#1387
      ,#1388,#1389,#1390,#1391,#1392,#1393,#1394,#1395,#1396,#1397,#1398
      ,#1399,#1400,#1401,#1402,#1403,#1404,#1405,#1406,#1407,#1408,#1409
      ,#1410,#1411,#1412,#1413,#1414,#1415,#1416,#1417,#1418,#1419,#1420
      ,#1421,#1422,#1423,#1424,#1425,#1426,#1427,#1428,#1429,#1430,#1431
      ,#1432,#1433,#1434,#1435,#1436,#1437,#1438,#1439,#1440,#1441,#1442
      ,#1443,#1444,#1445,#1446,#1447,#1448,#1449,#1450,#1451,#1452,#1453
      ,#1454,#1455,#1456,#1457,#1458,#1459,#1460,#1461,#1462,#1463,#1464
      ,#1465,#1466,#1467,#1468,#1469,#1470,#1471,#1472,#1473,#1474,#1475
      ,#1476,#1477,#1478,#1479)
    ,(#1480,#1481,#1482,#1483,#1484,#1485,#1486,#1487,#1488,#1489,#1490
      ,#1491,#1492,#1493,#1494,#1495,#1496,#1497,#1498,#1499,#1500,#1501
      ,#1502,#1503,#1504,#1505,#1506,#1507,#1508,#1509,#1510,#1511,#1512
      ,#1513,#1514,#1515,#1516,#1517,#1518,#1519,#1520,#1521,#1522,#1523
      ,#1524,#1525,#1526,#1527,#1528,#1529,#1530,#1531,#1532,#1533,#1534
      ,#1535,#1536,#1537,#1538,#1539,#1540,#1541,#1542,#1543,#1544,#1545
      ,#1546,#1547,#1548,#1549,#1550,#1551,#1552,#1553,#1554,#1555,#1556
      ,#1557,#1558,#1559,#1560,#1561,#1562,#1563,#1564,#1565,#1566,#1567
      ,#1568,#1569,#1570,#1571,#1572,#1573,#1574,#1575,#1576,#1577,#1578
      ,#1579,#1580,#1581,#1582,#1583,#1584,#1585,#1586,#1587,#1588,#1589
      ,#1590,#1591,#1592,#1593,#1594,#1595,#1596,#1597,#1598,#1599,#1600
      ,#1601,#1602,#1603,#1604,#1605,#1606,#1607,#1608,#1609,#1610,#1611
      ,#1612,#1613,#1614,#1615,#1616,#1617,#1618,#1619,#1620,#1621,#1622
      ,#1623,#1624,#1625,#1626,#1627,#1628,#1629,#1630,#1631,#1632,#1633
      ,#1634,#1635,#1636,#1637,#1638,#1639,#1640,#1641,#1642,#1643,#1644
      ,#1645,#1646,#1647,#1648,#1649,#1650,#1651,#1652,#1653,#1654,#1655
      ,#1656,#1657,#1658,#1659,#1660,#1661,#1662,#1663,#1664,#1665,#1666
      ,#1667,#1668,#1669,#1670,#1671,#1672,#1673,#1674,#1675,#1676,#1677
      ,#1678,#1679,#1680,#1681,#1682,#1683,#1684,#1685,#1686,#1687,#1688
      ,#1689,#1690,#1691,#1692,#1693,#1694,#1695,#1696,#1697,#1698,#1699
      ,#1700,#1701,#1702,#1703,#1704,#1705,#1706,#1707,#1708,#1709,#1710
      ,#1711,#1712,#1713,#1714,#1715,#1716,#1717,#1718,#1719,#1720,#1721
      ,#1722,#1723,#1724,#1725,#1726,#1727,#1728,#1729,#1730,#1731,#1732
      ,#1733,#1734,#1735,#1736,#1737,#1738,#1739,#1740,#1741,#1742,#1743
      ,#1744,#1745,#1746,#1747,#1748,#1749,#1750,#1751,#1752,#1753,#1754
      ,#1755,#1756,#1757,#1758,#1759,#1760,#1761,#1762,#1763,#1764,#1765
      ,#1766,#1767,#1768,#1769)
    ,(#1770,#1771,#1772,#1773,#1774,#1775,#1776,#1777,#1778,#1779,#1780
      ,#1781,#1782,#1783,#1784,#1785,#1786,#1787,#1788,#1789,#1790,#1791
      ,#1792,#1793,#1794,#1795,#1796,#1797,#1798,#1799,#1800,#1801,#1802
      ,#1803,#1804,#1805,#1806,#1807,#1808,#1809,#1810,#1811,#1812,#1813
      ,#1814,#1815,#1816,#1817,#1818,#1819,#1820,#1821,#1822,#1823,#1824
      ,#1825,#1826,#1827,#1828,#1829,#1830,#1831,#1832,#1833,#1834,#1835
      ,#1836,#1837,#1838,#1839,#1840,#1841,#1842,#1843,#1844,#1845,#1846
      ,#1847,#1848,#1849,#1850,#1851,#1852,#1853,#1854,#1855,#1856,#1857
      ,#1858,#1859,#1860,#1861,#1862,#1863,#1864,#1865,#1866,#1867,#1868
      ,#1869,#1870,#1871,#1872,#1873,#1874,#1875,#1876,#1877,#1878,#1879
      ,#1880,#1881,#1882,#1883,#1884,#1885,#1886,#1887,#1888,#1889,#1890
      ,#1891,#1892,#1893,#1894,#1895,#1896,#1897,#1898,#1899,#1900,#1901
      ,#1902,#1903,#1904,#1905,#1906,#1907,#1908,#1909,#1910,#1911,#1912
      ,#1913,#1914,#1915,#1916,#1917,#1918,#1919,#1920,#1921,#1922,#1923
      ,#1924,#1925,#1926,#1927,#1928,#1929,#1930,#1931,#1932,#1933,#1934
      ,#1935,#1936,#1937,#1938,#1939,#1940,#1941,#1942,#1943,#1944,#1945
      ,#1946,#1947,#1948,#1949,#1950,#1951,#1952,#1953,#1954,#1955,#1956
      ,#1957,#1958,#1959,#1960,#1961,#1962,#1963,#1964,#1965,#1966,#1967
      ,#1968,#1969,#1970,#1971,#1972,#1973,#1974,#1975,#1976,#1977,#1978
      ,#1979,#1980,#1981,#1982,#1983,#1984,#1985,#1986,#1987,#1988,#1989
      ,#1990,#1991,#1992,#1993,#1994,#1995,#1996,#1997,#1998,#1999,#2000
      ,#2001,#2002,#2003,#2004,#2005,#2006,#2007,#2008,#2009,#2010,#2011
      ,#2012,#2013,#2014,#2015,#2016,#2017,#2018,#2019,#2020,#2021,#2022
      ,#2023,#2024,#2025,#2026,#2027,#2028,#2029,#2030,#2031,#2032,#2033
      ,#2034,#2035,#2036,#2037,#2038,#2039,#2040,#2041,#2042,#2043,#2044
      ,#2045,#2046,#2047,#2048,#2049,#2050,#2051,#2052,#2053,#2054,#2055
      ,#2056,#2057,#2058,#2059)
    ,(#2060,#2061,#2062,#2063,#2064,#2065,#2066,#2067,#2068,#2069,#2070
      ,#2071,#2072,#2073,#2074,#2075,#2076,#2077,#2078,#2079,#2080,#2081
      ,#2082,#2083,#2084,#2085,#2086,#2087,#2088,#2089,#2090,#2091,#2092
      ,#2093,#2094,#2095,#2096,#2097,#2098,#2099,#2100,#2101,#2102,#2103
      ,#2104,#2105,#2106,#2107,#2108,#2109,#2110,#2111,#2112,#2113,#2114
      ,#2115,#2116,#2117,#2118,#2119,#2120,#2121,#2122,#2123,#2124,#2125
      ,#2126,#2127,#2128,#2129,#2130,#2131,#2132,#2133,#2134,#2135,#2136
      ,#2137,#2138,#2139,#2140,#2141,#2142,#2143,#2144,#2145,#2146,#2147
      ,#2148,#2149,#2150,#2151,#2152,#2153,#2154,#2155,#2156,#2157,#2158
      ,#2159,#2160,#2161,#2162,#2163,#2164,#2165,#2166,#2167,#2168,#2169
      ,#2170,#2171,#2172,#2173,#2174,#2175,#2176,#2177,#2178,#2179,#2180
      ,#2181,#2182,#2183,#2184,#2185,#2186,#2187,#2188,#2189,#2190,#2191
      ,#2192,#2193,#2194,#2195,#2196,#2197,#2198,#2199,#2200,#2201,#2202
      ,#2203,#2204,#2205,#2206,#2207,#2208,#2209,#2210,#2211,#2212,#2213
      ,#2214,#2215,#2216,#2217,#2218,#2219,#2220,#2221,#2222,#2223,#2224
      ,#2225,#2226,#2227,#2228,#2229,#2230,#2231,#2232,#2233,#2234,#2235
      ,#2236,#2237,#2238,#2239,#2240,#2241,#2242,#2243,#2244,#2245,#2246
      ,#2247,#2248,#2249,#2250,#2251,#2252,#2253,#2254,#2255,#2256,#2257
      ,#2258,#2259,#2260,#2261,#2262,#2263,#2264,#2265,#2266,#2267,#2268
      ,#2269,#2270,#2271,#2272,#2273,#2274,#2275,#2276,#2277,#2278,#2279
      ,#2280,#2281,#2282,#2283,#2284,#2285,#2286,#2287,#2288,#2289,#2290
      ,#2291,#2292,#2293,#2294,#2295,#2296,#2297,#2298,#2299,#2300,#2301
      ,#2302,#2303,#2304,#2305,#2306,#2307,#2308,#2309,#2310,#2311,#2312
      ,#2313,#2314,#2315,#2316,#2317,#2318,#2319,#2320,#2321,#2322,#2323
      ,#2324,#2325,#2326,#2327,#2328,#2329,#2330,#2331,#2332,#2333,#2334
      ,#2335,#2336,#2337,#2338,#2339,#2340,#2341,#2342,#2343,#2344,#2345
      ,#2346,#2347,#2348,#2349
)),.UNSPECIFIED.,.T.,.F.,.F.) B_SPLINE_SURFACE_WITH_KNOTS((1,6,6,1),(11,
    9,9,9,9,9,9,9,9,9,9,9,9,9,9,9,9,9,9,9,9,9,9,9,9,9,9,9,9,9,9,9,11),(
    -6.28318530718,0.,6.28318530718,12.566370614359),(0.,5.70567292687,
    11.41134585374,17.117018780609,22.822691707479,28.528364634349,
    34.234037561219,39.939710488088,45.645383414958,51.351056341828,
    57.056729268698,62.762402195567,68.468075122437,74.173748049307,
    79.879420976177,85.585093903047,91.290766829916,96.996439756786,
    102.70211268365,108.40778561052,114.11345853739,119.81913146426,
    125.52480439113,131.230477318,136.93615024487,142.64182317174,
    148.34749609861,154.05316902548,159.75884195235,165.46451487922,
    171.17018780609,176.87586073296,182.58153365983),.UNSPECIFIED.) 
GEOMETRIC_REPRESENTATION_ITEM() RATIONAL_B_SPLINE_SURFACE((
    (1.669078461068,1.669078461068,1.669078461068,1.669078461069
      ,1.669078461068,1.669078461069,1.669078461068,1.669078461068
      ,1.669078461068,1.669078461068,1.669078461068,1.669078461068
      ,1.669078461068,1.669078461068,1.669078461068,1.669078461068
      ,1.669078461068,1.669078461068,1.669078461068,1.669078461068
      ,1.669078461068,1.669078461068,1.669078461069,1.669078461067
      ,1.669078461069,1.669078461068,1.669078461068,1.669078461068
      ,1.669078461068,1.669078461068,1.669078461068,1.669078461069
      ,1.669078461068,1.669078461068,1.669078461068,1.669078461068
      ,1.669078461068,1.669078461068,1.669078461068,1.669078461068
      ,1.669078461069,1.669078461068,1.669078461068,1.669078461068
      ,1.669078461068,1.669078461068,1.669078461068,1.669078461068
      ,1.669078461068,1.669078461069,1.669078461067,1.669078461069
      ,1.669078461068,1.669078461068,1.669078461068,1.669078461068
      ,1.669078461069,1.669078461068,1.669078461069,1.669078461067
      ,1.669078461069,1.669078461068,1.669078461068,1.669078461068
      ,1.669078461068,1.669078461068,1.669078461068,1.669078461068
      ,1.669078461068,1.669078461068,1.669078461068,1.669078461068
      ,1.669078461068,1.669078461068,1.669078461068,1.669078461068
      ,1.669078461069,1.669078461068,1.669078461069,1.669078461068
      ,1.669078461068,1.669078461068,1.669078461068,1.669078461068
      ,1.669078461068,1.669078461069,1.669078461068,1.669078461069
      ,1.669078461068,1.669078461068,1.669078461068,1.669078461068
      ,1.669078461069,1.669078461068,1.669078461069,1.669078461067
      ,1.669078461069,1.669078461068,1.669078461068,1.669078461068
      ,1.669078461068,1.669078461069,1.669078461067,1.66907846107
      ,1.669078461067,1.669078461069,1.669078461068,1.669078461068
      ,1.669078461068,1.669078461068,1.669078461068,1.669078461068
      ,1.669078461069,1.669078461068,1.669078461068,1.669078461068
      ,1.669078461068,1.669078461068,1.669078461068,1.669078461068
      ,1.669078461068,1.669078461069,1.669078461068,1.669078461069
      ,1.669078461068,1.669078461068,1.669078461068,1.669078461068
      ,1.669078461069,1.669078461067,1.669078461069,1.669078461067
      ,1.669078461069,1.669078461068,1.669078461068,1.669078461068
      ,1.669078461068,1.669078461069,1.669078461068,1.669078461069
      ,1.669078461067,1.669078461069,1.669078461068,1.669078461068
      ,1.669078461068,1.669078461068,1.669078461068,1.669078461069
      ,1.669078461067,1.669078461069,1.669078461068,1.669078461069
      ,1.669078461068,1.669078461068,1.669078461068,1.669078461068
      ,1.669078461068,1.669078461069,1.669078461068,1.669078461068
      ,1.669078461068,1.669078461068,1.669078461068,1.669078461068
      ,1.669078461069,1.669078461067,1.669078461069,1.669078461067
      ,1.669078461069,1.669078461068,1.669078461068,1.669078461068
      ,1.669078461068,1.669078461068,1.669078461069,1.669078461068
      ,1.669078461069,1.669078461068,1.669078461069,1.669078461068
      ,1.669078461068,1.669078461068,1.669078461068,1.669078461068
      ,1.669078461069,1.669078461067,1.669078461069,1.669078461068
      ,1.669078461068,1.669078461068,1.669078461068,1.669078461068
      ,1.669078461068,1.669078461068,1.669078461068,1.669078461068
      ,1.669078461068,1.669078461068,1.669078461068,1.669078461068
      ,1.669078461068,1.669078461068,1.669078461069,1.669078461068
      ,1.669078461068,1.669078461068,1.669078461068,1.669078461068
      ,1.669078461068,1.669078461068,1.669078461068,1.669078461068
      ,1.669078461068,1.669078461068,1.669078461068,1.669078461068
      ,1.669078461068,1.669078461068,1.669078461068,1.669078461068
      ,1.669078461068,1.669078461069,1.669078461068,1.669078461068
      ,1.669078461068,1.669078461068,1.669078461068,1.669078461068
      ,1.669078461069,1.669078461068,1.669078461069,1.669078461068
      ,1.669078461068,1.669078461068,1.669078461068,1.669078461068
      ,1.669078461068,1.669078461069,1.669078461067,1.669078461069
      ,1.669078461068,1.669078461069,1.669078461068,1.669078461068
      ,1.669078461068,1.669078461068,1.669078461069,1.669078461067
      ,1.669078461069,1.669078461068,1.669078461069,1.669078461068
      ,1.669078461068,1.669078461068,1.669078461068,1.669078461068
      ,1.669078461069,1.669078461068,1.669078461069,1.669078461068
      ,1.669078461068,1.669078461068,1.669078461068,1.669078461068
      ,1.669078461069,1.669078461068,1.669078461069,1.669078461068
      ,1.669078461069,1.669078461068,1.669078461068,1.669078461068
      ,1.669078461068,1.669078461068,1.669078461069,1.669078461068
      ,1.669078461069,1.669078461068,1.669078461068,1.669078461068
      ,1.669078461068,1.669078461068,1.669078461068,1.669078461068
      ,1.669078461069,1.669078461068,1.669078461069,1.669078461068
      ,1.669078461068,1.669078461068)
    ,(1.03672962321,1.03672962321,1.036729623209,1.03672962321
      ,1.036729623209,1.03672962321,1.036729623209,1.03672962321
      ,1.03672962321,1.03672962321,1.03672962321,1.03672962321
      ,1.03672962321,1.03672962321,1.03672962321,1.03672962321
      ,1.03672962321,1.03672962321,1.03672962321,1.03672962321
      ,1.03672962321,1.036729623209,1.03672962321,1.036729623209
      ,1.03672962321,1.036729623209,1.03672962321,1.03672962321
      ,1.03672962321,1.03672962321,1.036729623209,1.03672962321
      ,1.036729623209,1.03672962321,1.03672962321,1.03672962321
      ,1.03672962321,1.03672962321,1.03672962321,1.036729623209
      ,1.03672962321,1.036729623209,1.03672962321,1.036729623209
      ,1.03672962321,1.03672962321,1.03672962321,1.03672962321
      ,1.036729623209,1.03672962321,1.036729623209,1.03672962321
      ,1.036729623209,1.03672962321,1.03672962321,1.03672962321
      ,1.03672962321,1.036729623209,1.03672962321,1.036729623209
      ,1.03672962321,1.036729623209,1.03672962321,1.03672962321
      ,1.03672962321,1.03672962321,1.03672962321,1.03672962321
      ,1.03672962321,1.03672962321,1.03672962321,1.03672962321
      ,1.03672962321,1.03672962321,1.03672962321,1.036729623209
      ,1.03672962321,1.036729623209,1.03672962321,1.036729623209
      ,1.03672962321,1.03672962321,1.03672962321,1.03672962321
      ,1.036729623209,1.03672962321,1.036729623209,1.03672962321
      ,1.036729623209,1.03672962321,1.03672962321,1.03672962321
      ,1.03672962321,1.036729623209,1.03672962321,1.036729623209
      ,1.03672962321,1.036729623209,1.03672962321,1.03672962321
      ,1.03672962321,1.03672962321,1.036729623209,1.03672962321
      ,1.036729623209,1.03672962321,1.036729623209,1.03672962321
      ,1.03672962321,1.03672962321,1.03672962321,1.036729623209
      ,1.03672962321,1.036729623209,1.03672962321,1.036729623209
      ,1.03672962321,1.03672962321,1.03672962321,1.03672962321
      ,1.036729623209,1.03672962321,1.036729623209,1.03672962321
      ,1.036729623209,1.03672962321,1.03672962321,1.03672962321
      ,1.03672962321,1.036729623209,1.03672962321,1.036729623209
      ,1.03672962321,1.036729623209,1.03672962321,1.03672962321
      ,1.03672962321,1.03672962321,1.036729623209,1.03672962321
      ,1.036729623209,1.03672962321,1.036729623209,1.03672962321
      ,1.03672962321,1.03672962321,1.036729623209,1.03672962321
      ,1.036729623209,1.03672962321,1.036729623209,1.03672962321
      ,1.03672962321,1.03672962321,1.03672962321,1.03672962321
      ,1.03672962321,1.03672962321,1.03672962321,1.03672962321
      ,1.03672962321,1.03672962321,1.03672962321,1.03672962321
      ,1.03672962321,1.036729623209,1.03672962321,1.036729623209
      ,1.03672962321,1.036729623209,1.03672962321,1.03672962321
      ,1.03672962321,1.03672962321,1.03672962321,1.036729623209
      ,1.03672962321,1.036729623209,1.03672962321,1.03672962321
      ,1.03672962321,1.03672962321,1.03672962321,1.036729623209
      ,1.03672962321,1.036729623209,1.03672962321,1.036729623209
      ,1.03672962321,1.03672962321,1.03672962321,1.03672962321
      ,1.03672962321,1.03672962321,1.03672962321,1.03672962321
      ,1.03672962321,1.03672962321,1.03672962321,1.03672962321
      ,1.03672962321,1.036729623209,1.03672962321,1.036729623209
      ,1.03672962321,1.03672962321,1.03672962321,1.03672962321
      ,1.03672962321,1.03672962321,1.03672962321,1.03672962321
      ,1.03672962321,1.03672962321,1.03672962321,1.03672962321
      ,1.03672962321,1.03672962321,1.03672962321,1.03672962321
      ,1.03672962321,1.03672962321,1.03672962321,1.03672962321
      ,1.03672962321,1.03672962321,1.03672962321,1.036729623209
      ,1.03672962321,1.036729623209,1.03672962321,1.036729623209
      ,1.03672962321,1.03672962321,1.03672962321,1.03672962321
      ,1.03672962321,1.03672962321,1.036729623209,1.03672962321
      ,1.036729623209,1.03672962321,1.03672962321,1.03672962321
      ,1.03672962321,1.03672962321,1.03672962321,1.036729623209
      ,1.03672962321,1.03672962321,1.03672962321,1.03672962321
      ,1.03672962321,1.03672962321,1.03672962321,1.03672962321
      ,1.03672962321,1.03672962321,1.03672962321,1.03672962321
      ,1.03672962321,1.03672962321,1.03672962321,1.03672962321
      ,1.03672962321,1.036729623209,1.03672962321,1.036729623209
      ,1.03672962321,1.036729623209,1.03672962321,1.03672962321
      ,1.03672962321,1.036729623209,1.03672962321,1.036729623209
      ,1.03672962321,1.036729623209,1.03672962321,1.03672962321
      ,1.03672962321,1.03672962321,1.03672962321,1.036729623209
      ,1.03672962321,1.036729623209,1.03672962321,1.03672962321
      ,1.03672962321,1.03672962321)
    ,(1.038346699848,1.038346699848,1.038346699847,1.038346699848
      ,1.038346699847,1.038346699848,1.038346699847,1.038346699848
      ,1.038346699847,1.038346699848,1.038346699848,1.038346699847
      ,1.038346699848,1.038346699847,1.038346699848,1.038346699847
      ,1.038346699848,1.038346699847,1.038346699848,1.038346699847
      ,1.038346699848,1.038346699847,1.038346699848,1.038346699847
      ,1.038346699848,1.038346699847,1.038346699848,1.038346699847
      ,1.038346699848,1.038346699848,1.038346699847,1.038346699848
      ,1.038346699847,1.038346699847,1.038346699848,1.038346699847
      ,1.038346699848,1.038346699847,1.038346699848,1.038346699847
      ,1.038346699848,1.038346699847,1.038346699848,1.038346699847
      ,1.038346699848,1.038346699848,1.038346699847,1.038346699848
      ,1.038346699847,1.038346699848,1.038346699847,1.038346699848
      ,1.038346699847,1.038346699848,1.038346699848,1.038346699847
      ,1.038346699848,1.038346699847,1.038346699848,1.038346699847
      ,1.038346699848,1.038346699847,1.038346699848,1.038346699847
      ,1.038346699848,1.038346699848,1.038346699847,1.038346699848
      ,1.038346699847,1.038346699848,1.038346699847,1.038346699848
      ,1.038346699848,1.038346699847,1.038346699848,1.038346699847
      ,1.038346699848,1.038346699847,1.038346699848,1.038346699847
      ,1.038346699848,1.038346699847,1.038346699847,1.038346699848
      ,1.038346699847,1.038346699848,1.038346699847,1.038346699848
      ,1.038346699847,1.038346699848,1.038346699848,1.038346699847
      ,1.038346699848,1.038346699847,1.038346699848,1.038346699847
      ,1.038346699848,1.038346699847,1.038346699848,1.038346699848
      ,1.038346699847,1.038346699848,1.038346699847,1.038346699848
      ,1.038346699846,1.038346699848,1.038346699847,1.038346699848
      ,1.038346699847,1.038346699848,1.038346699848,1.038346699847
      ,1.038346699848,1.038346699847,1.038346699848,1.038346699848
      ,1.038346699847,1.038346699848,1.038346699847,1.038346699848
      ,1.038346699847,1.038346699848,1.038346699847,1.038346699848
      ,1.038346699847,1.038346699848,1.038346699848,1.038346699847
      ,1.038346699848,1.038346699847,1.038346699848,1.038346699847
      ,1.038346699848,1.038346699847,1.038346699848,1.038346699847
      ,1.038346699847,1.038346699848,1.038346699847,1.038346699848
      ,1.038346699847,1.038346699848,1.038346699847,1.038346699848
      ,1.038346699847,1.038346699848,1.038346699847,1.038346699848
      ,1.038346699847,1.038346699848,1.038346699847,1.038346699848
      ,1.038346699847,1.038346699848,1.038346699847,1.038346699848
      ,1.038346699847,1.038346699848,1.038346699847,1.038346699848
      ,1.038346699847,1.038346699848,1.038346699848,1.038346699847
      ,1.038346699848,1.038346699847,1.038346699848,1.038346699847
      ,1.038346699848,1.038346699847,1.038346699848,1.038346699848
      ,1.038346699847,1.038346699848,1.038346699847,1.038346699848
      ,1.038346699847,1.038346699847,1.038346699848,1.038346699847
      ,1.038346699848,1.038346699847,1.038346699848,1.038346699847
      ,1.038346699848,1.038346699847,1.038346699848,1.038346699847
      ,1.038346699848,1.038346699847,1.038346699848,1.038346699847
      ,1.038346699848,1.038346699847,1.038346699848,1.038346699847
      ,1.038346699848,1.038346699847,1.038346699848,1.038346699847
      ,1.038346699848,1.038346699847,1.038346699848,1.038346699847
      ,1.038346699848,1.038346699847,1.038346699848,1.038346699847
      ,1.038346699848,1.038346699848,1.038346699848,1.038346699847
      ,1.038346699848,1.038346699847,1.038346699848,1.038346699847
      ,1.038346699848,1.038346699848,1.038346699847,1.038346699848
      ,1.038346699847,1.038346699848,1.038346699847,1.038346699848
      ,1.038346699847,1.038346699848,1.038346699848,1.038346699847
      ,1.038346699848,1.038346699847,1.038346699848,1.038346699847
      ,1.038346699848,1.038346699847,1.038346699848,1.038346699848
      ,1.038346699847,1.038346699848,1.038346699847,1.038346699848
      ,1.038346699847,1.038346699848,1.038346699847,1.038346699847
      ,1.038346699848,1.038346699847,1.038346699848,1.038346699847
      ,1.038346699848,1.038346699847,1.038346699848,1.038346699847
      ,1.038346699848,1.038346699847,1.038346699848,1.038346699847
      ,1.038346699848,1.038346699847,1.038346699848,1.038346699847
      ,1.038346699848,1.038346699847,1.038346699848,1.038346699847
      ,1.038346699848,1.038346699847,1.038346699848,1.038346699847
      ,1.038346699848,1.038346699847,1.038346699848,1.038346699847
      ,1.038346699848,1.038346699847,1.038346699848,1.038346699847
      ,1.038346699848,1.038346699847,1.038346699848,1.038346699847
      ,1.038346699848,1.038346699848,1.038346699848,1.038346699847
      ,1.038346699848,1.038346699847,1.038346699848,1.038346699847
      ,1.038346699848,1.038346699848)
    ,(0.853534330196,0.853534330196,0.853534330196,0.853534330196
      ,0.853534330196,0.853534330196,0.853534330196,0.853534330196
      ,0.853534330196,0.853534330196,0.853534330196,0.853534330196
      ,0.853534330196,0.853534330196,0.853534330196,0.853534330196
      ,0.853534330196,0.853534330196,0.853534330196,0.853534330196
      ,0.853534330196,0.853534330196,0.853534330197,0.853534330196
      ,0.853534330197,0.853534330196,0.853534330196,0.853534330196
      ,0.853534330196,0.853534330196,0.853534330196,0.853534330196
      ,0.853534330196,0.853534330196,0.853534330196,0.853534330196
      ,0.853534330196,0.853534330196,0.853534330196,0.853534330196
      ,0.853534330196,0.853534330196,0.853534330196,0.853534330196
      ,0.853534330196,0.853534330196,0.853534330196,0.853534330196
      ,0.853534330196,0.853534330196,0.853534330196,0.853534330196
      ,0.853534330196,0.853534330196,0.853534330196,0.853534330196
      ,0.853534330196,0.853534330196,0.853534330197,0.853534330195
      ,0.853534330197,0.853534330196,0.853534330196,0.853534330196
      ,0.853534330196,0.853534330196,0.853534330196,0.853534330196
      ,0.853534330196,0.853534330196,0.853534330196,0.853534330196
      ,0.853534330196,0.853534330196,0.853534330196,0.853534330196
      ,0.853534330196,0.853534330196,0.853534330196,0.853534330196
      ,0.853534330196,0.853534330196,0.853534330196,0.853534330196
      ,0.853534330196,0.853534330197,0.853534330196,0.853534330196
      ,0.853534330196,0.853534330196,0.853534330196,0.853534330196
      ,0.853534330196,0.853534330196,0.853534330197,0.853534330196
      ,0.853534330196,0.853534330196,0.853534330196,0.853534330196
      ,0.853534330196,0.853534330196,0.853534330196,0.853534330197
      ,0.853534330196,0.853534330197,0.853534330196,0.853534330196
      ,0.853534330196,0.853534330196,0.853534330196,0.853534330196
      ,0.853534330196,0.853534330196,0.853534330196,0.853534330196
      ,0.853534330196,0.853534330196,0.853534330196,0.853534330196
      ,0.853534330196,0.853534330196,0.853534330196,0.853534330196
      ,0.853534330196,0.853534330196,0.853534330196,0.853534330196
      ,0.853534330196,0.853534330196,0.853534330197,0.853534330195
      ,0.853534330197,0.853534330196,0.853534330196,0.853534330196
      ,0.853534330196,0.853534330196,0.853534330196,0.853534330197
      ,0.853534330196,0.853534330196,0.853534330196,0.853534330196
      ,0.853534330196,0.853534330196,0.853534330196,0.853534330196
      ,0.853534330196,0.853534330196,0.853534330196,0.853534330196
      ,0.853534330196,0.853534330196,0.853534330196,0.853534330196
      ,0.853534330196,0.853534330196,0.853534330196,0.853534330196
      ,0.853534330196,0.853534330196,0.853534330196,0.853534330196
      ,0.853534330196,0.853534330196,0.853534330197,0.853534330196
      ,0.853534330197,0.853534330196,0.853534330196,0.853534330196
      ,0.853534330196,0.853534330196,0.853534330196,0.853534330196
      ,0.853534330196,0.853534330196,0.853534330196,0.853534330196
      ,0.853534330196,0.853534330196,0.853534330196,0.853534330196
      ,0.853534330196,0.853534330196,0.853534330196,0.853534330196
      ,0.853534330196,0.853534330196,0.853534330196,0.853534330196
      ,0.853534330196,0.853534330196,0.853534330196,0.853534330196
      ,0.853534330196,0.853534330196,0.853534330196,0.853534330196
      ,0.853534330196,0.853534330196,0.853534330197,0.853534330196
      ,0.853534330196,0.853534330196,0.853534330196,0.853534330196
      ,0.853534330196,0.853534330196,0.853534330196,0.853534330196
      ,0.853534330196,0.853534330196,0.853534330196,0.853534330196
      ,0.853534330196,0.853534330196,0.853534330196,0.853534330196
      ,0.853534330196,0.853534330196,0.853534330196,0.853534330196
      ,0.853534330196,0.853534330196,0.853534330196,0.853534330196
      ,0.853534330196,0.853534330196,0.853534330197,0.853534330196
      ,0.853534330196,0.853534330196,0.853534330196,0.853534330196
      ,0.853534330196,0.853534330196,0.853534330196,0.853534330196
      ,0.853534330196,0.853534330196,0.853534330196,0.853534330196
      ,0.853534330196,0.853534330196,0.853534330196,0.853534330196
      ,0.853534330196,0.853534330196,0.853534330196,0.853534330196
      ,0.853534330196,0.853534330196,0.853534330196,0.853534330196
      ,0.853534330196,0.853534330196,0.853534330196,0.853534330196
      ,0.853534330196,0.853534330196,0.853534330196,0.853534330196
      ,0.853534330196,0.853534330196,0.853534330197,0.853534330196
      ,0.853534330196,0.853534330196,0.853534330196,0.853534330196
      ,0.853534330196,0.853534330196,0.853534330197,0.853534330196
      ,0.853534330197,0.853534330196,0.853534330196,0.853534330196
      ,0.853534330196,0.853534330196,0.853534330196,0.853534330196
      ,0.853534330196,0.853534330196,0.853534330196,0.853534330196
      ,0.853534330196,0.853534330196)
    ,(1.038346699848,1.038346699848,1.038346699847,1.038346699848
      ,1.038346699847,1.038346699848,1.038346699847,1.038346699848
      ,1.038346699847,1.038346699848,1.038346699848,1.038346699847
      ,1.038346699848,1.038346699847,1.038346699848,1.038346699847
      ,1.038346699848,1.038346699847,1.038346699848,1.038346699847
      ,1.038346699848,1.038346699847,1.038346699848,1.038346699847
      ,1.038346699848,1.038346699847,1.038346699848,1.038346699847
      ,1.038346699848,1.038346699848,1.038346699847,1.038346699848
      ,1.038346699847,1.038346699848,1.038346699847,1.038346699848
      ,1.038346699848,1.038346699847,1.038346699848,1.038346699847
      ,1.038346699848,1.038346699847,1.038346699848,1.038346699847
      ,1.038346699848,1.038346699848,1.038346699847,1.038346699848
      ,1.038346699847,1.038346699848,1.038346699847,1.038346699848
      ,1.038346699847,1.038346699848,1.038346699848,1.038346699847
      ,1.038346699848,1.038346699847,1.038346699848,1.038346699847
      ,1.038346699848,1.038346699847,1.038346699848,1.038346699847
      ,1.038346699848,1.038346699848,1.038346699847,1.038346699848
      ,1.038346699847,1.038346699848,1.038346699847,1.038346699848
      ,1.038346699848,1.038346699847,1.038346699848,1.038346699847
      ,1.038346699848,1.038346699847,1.038346699848,1.038346699847
      ,1.038346699848,1.038346699847,1.038346699847,1.038346699848
      ,1.038346699847,1.038346699848,1.038346699847,1.038346699848
      ,1.038346699847,1.038346699848,1.038346699848,1.038346699847
      ,1.038346699848,1.038346699847,1.038346699848,1.038346699847
      ,1.038346699848,1.038346699847,1.038346699848,1.038346699848
      ,1.038346699847,1.038346699848,1.038346699847,1.038346699848
      ,1.038346699847,1.038346699848,1.038346699847,1.038346699848
      ,1.038346699847,1.038346699847,1.038346699848,1.038346699847
      ,1.038346699848,1.038346699847,1.038346699848,1.038346699847
      ,1.038346699848,1.038346699848,1.038346699847,1.038346699848
      ,1.038346699847,1.038346699848,1.038346699847,1.038346699848
      ,1.038346699847,1.038346699848,1.038346699847,1.038346699847
      ,1.038346699848,1.038346699847,1.038346699848,1.038346699847
      ,1.038346699848,1.038346699847,1.038346699848,1.038346699848
      ,1.038346699847,1.038346699848,1.038346699847,1.038346699848
      ,1.038346699847,1.038346699848,1.038346699847,1.038346699848
      ,1.038346699847,1.038346699848,1.038346699847,1.038346699848
      ,1.038346699847,1.038346699848,1.038346699847,1.038346699848
      ,1.038346699847,1.038346699848,1.038346699847,1.038346699848
      ,1.038346699847,1.038346699848,1.038346699847,1.038346699848
      ,1.038346699847,1.038346699848,1.038346699848,1.038346699847
      ,1.038346699848,1.038346699847,1.038346699848,1.038346699847
      ,1.038346699848,1.038346699847,1.038346699848,1.038346699847
      ,1.038346699848,1.038346699847,1.038346699848,1.038346699847
      ,1.038346699848,1.038346699847,1.038346699848,1.038346699847
      ,1.038346699848,1.038346699847,1.038346699848,1.038346699847
      ,1.038346699848,1.038346699847,1.038346699848,1.038346699847
      ,1.038346699848,1.038346699847,1.038346699848,1.038346699847
      ,1.038346699848,1.038346699847,1.038346699848,1.038346699847
      ,1.038346699848,1.038346699847,1.038346699848,1.038346699847
      ,1.038346699848,1.038346699847,1.038346699848,1.038346699847
      ,1.038346699848,1.038346699847,1.038346699848,1.038346699847
      ,1.038346699848,1.038346699847,1.038346699848,1.038346699847
      ,1.038346699848,1.038346699847,1.038346699848,1.038346699847
      ,1.038346699848,1.038346699848,1.038346699847,1.038346699848
      ,1.038346699847,1.038346699848,1.038346699847,1.038346699848
      ,1.038346699847,1.038346699848,1.038346699848,1.038346699847
      ,1.038346699848,1.038346699847,1.038346699848,1.038346699847
      ,1.038346699848,1.038346699847,1.038346699848,1.038346699848
      ,1.038346699847,1.038346699848,1.038346699847,1.038346699848
      ,1.038346699847,1.038346699848,1.038346699847,1.038346699848
      ,1.038346699848,1.038346699847,1.038346699848,1.038346699847
      ,1.038346699848,1.038346699847,1.038346699848,1.038346699847
      ,1.038346699848,1.038346699847,1.038346699848,1.038346699847
      ,1.038346699848,1.038346699847,1.038346699848,1.038346699847
      ,1.038346699848,1.038346699847,1.038346699848,1.038346699847
      ,1.038346699848,1.038346699847,1.038346699848,1.038346699847
      ,1.038346699848,1.038346699847,1.038346699848,1.038346699847
      ,1.038346699848,1.038346699847,1.038346699848,1.038346699847
      ,1.038346699848,1.038346699847,1.038346699848,1.038346699847
      ,1.038346699848,1.038346699848,1.038346699847,1.038346699848
      ,1.038346699848,1.038346699847,1.038346699848,1.038346699847
      ,1.038346699848,1.038346699848)
    ,(1.03672962321,1.03672962321,1.036729623209,1.03672962321
      ,1.036729623209,1.03672962321,1.036729623209,1.03672962321
      ,1.03672962321,1.03672962321,1.03672962321,1.03672962321
      ,1.03672962321,1.03672962321,1.03672962321,1.03672962321
      ,1.03672962321,1.03672962321,1.03672962321,1.03672962321
      ,1.03672962321,1.036729623209,1.03672962321,1.036729623209
      ,1.03672962321,1.03672962321,1.03672962321,1.03672962321
      ,1.03672962321,1.03672962321,1.03672962321,1.03672962321
      ,1.03672962321,1.03672962321,1.03672962321,1.03672962321
      ,1.03672962321,1.03672962321,1.03672962321,1.036729623209
      ,1.03672962321,1.036729623209,1.03672962321,1.036729623209
      ,1.03672962321,1.03672962321,1.03672962321,1.03672962321
      ,1.036729623209,1.03672962321,1.036729623209,1.03672962321
      ,1.036729623209,1.03672962321,1.03672962321,1.03672962321
      ,1.03672962321,1.036729623209,1.03672962321,1.036729623209
      ,1.03672962321,1.036729623209,1.03672962321,1.03672962321
      ,1.03672962321,1.03672962321,1.03672962321,1.03672962321
      ,1.036729623209,1.03672962321,1.03672962321,1.03672962321
      ,1.03672962321,1.03672962321,1.03672962321,1.036729623209
      ,1.03672962321,1.036729623209,1.03672962321,1.036729623209
      ,1.03672962321,1.03672962321,1.03672962321,1.03672962321
      ,1.036729623209,1.03672962321,1.036729623209,1.03672962321
      ,1.036729623209,1.03672962321,1.03672962321,1.03672962321
      ,1.03672962321,1.036729623209,1.03672962321,1.036729623209
      ,1.03672962321,1.036729623209,1.03672962321,1.03672962321
      ,1.03672962321,1.03672962321,1.036729623209,1.036729623211
      ,1.036729623209,1.03672962321,1.036729623209,1.03672962321
      ,1.03672962321,1.03672962321,1.03672962321,1.036729623209
      ,1.03672962321,1.036729623209,1.03672962321,1.036729623209
      ,1.03672962321,1.03672962321,1.03672962321,1.03672962321
      ,1.03672962321,1.03672962321,1.036729623209,1.03672962321
      ,1.03672962321,1.03672962321,1.03672962321,1.03672962321
      ,1.03672962321,1.036729623209,1.03672962321,1.036729623209
      ,1.03672962321,1.036729623209,1.03672962321,1.03672962321
      ,1.03672962321,1.03672962321,1.036729623209,1.03672962321
      ,1.036729623209,1.03672962321,1.036729623209,1.03672962321
      ,1.03672962321,1.03672962321,1.036729623209,1.03672962321
      ,1.036729623209,1.03672962321,1.036729623209,1.03672962321
      ,1.03672962321,1.03672962321,1.03672962321,1.03672962321
      ,1.03672962321,1.03672962321,1.036729623209,1.03672962321
      ,1.03672962321,1.03672962321,1.03672962321,1.03672962321
      ,1.03672962321,1.036729623209,1.03672962321,1.036729623209
      ,1.03672962321,1.036729623209,1.03672962321,1.03672962321
      ,1.03672962321,1.03672962321,1.03672962321,1.03672962321
      ,1.03672962321,1.036729623209,1.03672962321,1.03672962321
      ,1.03672962321,1.03672962321,1.03672962321,1.036729623209
      ,1.03672962321,1.036729623209,1.03672962321,1.03672962321
      ,1.03672962321,1.03672962321,1.03672962321,1.03672962321
      ,1.03672962321,1.036729623209,1.03672962321,1.03672962321
      ,1.03672962321,1.03672962321,1.03672962321,1.03672962321
      ,1.03672962321,1.036729623209,1.03672962321,1.036729623209
      ,1.03672962321,1.036729623209,1.03672962321,1.03672962321
      ,1.03672962321,1.03672962321,1.03672962321,1.03672962321
      ,1.03672962321,1.03672962321,1.03672962321,1.03672962321
      ,1.03672962321,1.03672962321,1.03672962321,1.03672962321
      ,1.036729623209,1.03672962321,1.036729623209,1.03672962321
      ,1.03672962321,1.03672962321,1.03672962321,1.03672962321
      ,1.03672962321,1.036729623209,1.03672962321,1.036729623209
      ,1.03672962321,1.03672962321,1.03672962321,1.03672962321
      ,1.03672962321,1.03672962321,1.036729623209,1.03672962321
      ,1.036729623209,1.03672962321,1.03672962321,1.03672962321
      ,1.03672962321,1.03672962321,1.03672962321,1.036729623209
      ,1.03672962321,1.036729623209,1.03672962321,1.03672962321
      ,1.03672962321,1.03672962321,1.03672962321,1.036729623209
      ,1.03672962321,1.036729623209,1.03672962321,1.036729623209
      ,1.03672962321,1.03672962321,1.03672962321,1.036729623209
      ,1.03672962321,1.036729623209,1.03672962321,1.036729623209
      ,1.03672962321,1.036729623209,1.03672962321,1.03672962321
      ,1.03672962321,1.036729623209,1.03672962321,1.036729623209
      ,1.03672962321,1.036729623209,1.03672962321,1.03672962321
      ,1.03672962321,1.03672962321,1.03672962321,1.036729623209
      ,1.03672962321,1.036729623209,1.03672962321,1.03672962321
      ,1.03672962321,1.03672962321)
    ,(1.669078461068,1.669078461068,1.669078461068,1.669078461069
      ,1.669078461068,1.669078461069,1.669078461068,1.669078461068
      ,1.669078461068,1.669078461068,1.669078461068,1.669078461068
      ,1.669078461068,1.669078461068,1.669078461068,1.669078461068
      ,1.669078461068,1.669078461068,1.669078461068,1.669078461068
      ,1.669078461068,1.669078461068,1.669078461069,1.669078461067
      ,1.669078461069,1.669078461068,1.669078461068,1.669078461068
      ,1.669078461068,1.669078461068,1.669078461068,1.669078461069
      ,1.669078461068,1.669078461068,1.669078461068,1.669078461068
      ,1.669078461068,1.669078461068,1.669078461068,1.669078461068
      ,1.669078461069,1.669078461068,1.669078461068,1.669078461068
      ,1.669078461068,1.669078461068,1.669078461068,1.669078461068
      ,1.669078461068,1.669078461069,1.669078461067,1.669078461069
      ,1.669078461068,1.669078461068,1.669078461068,1.669078461068
      ,1.669078461069,1.669078461068,1.669078461069,1.669078461067
      ,1.669078461069,1.669078461068,1.669078461068,1.669078461068
      ,1.669078461068,1.669078461068,1.669078461068,1.669078461068
      ,1.669078461068,1.669078461068,1.669078461068,1.669078461068
      ,1.669078461068,1.669078461068,1.669078461068,1.669078461068
      ,1.669078461069,1.669078461068,1.669078461069,1.669078461068
      ,1.669078461068,1.669078461068,1.669078461068,1.669078461068
      ,1.669078461068,1.669078461069,1.669078461068,1.669078461069
      ,1.669078461068,1.669078461068,1.669078461068,1.669078461068
      ,1.669078461069,1.669078461068,1.669078461069,1.669078461067
      ,1.669078461069,1.669078461068,1.669078461068,1.669078461068
      ,1.669078461068,1.669078461069,1.669078461067,1.66907846107
      ,1.669078461067,1.669078461069,1.669078461068,1.669078461068
      ,1.669078461068,1.669078461068,1.669078461068,1.669078461068
      ,1.669078461069,1.669078461068,1.669078461068,1.669078461068
      ,1.669078461068,1.669078461068,1.669078461068,1.669078461068
      ,1.669078461068,1.669078461069,1.669078461068,1.669078461069
      ,1.669078461068,1.669078461068,1.669078461068,1.669078461068
      ,1.669078461069,1.669078461067,1.669078461069,1.669078461067
      ,1.669078461069,1.669078461068,1.669078461068,1.669078461068
      ,1.669078461068,1.669078461069,1.669078461068,1.669078461069
      ,1.669078461067,1.669078461069,1.669078461068,1.669078461068
      ,1.669078461068,1.669078461068,1.669078461068,1.669078461069
      ,1.669078461067,1.669078461069,1.669078461068,1.669078461069
      ,1.669078461068,1.669078461068,1.669078461068,1.669078461068
      ,1.669078461068,1.669078461069,1.669078461068,1.669078461068
      ,1.669078461068,1.669078461068,1.669078461068,1.669078461068
      ,1.669078461069,1.669078461067,1.669078461069,1.669078461067
      ,1.669078461069,1.669078461068,1.669078461068,1.669078461068
      ,1.669078461068,1.669078461068,1.669078461069,1.669078461068
      ,1.669078461069,1.669078461068,1.669078461069,1.669078461068
      ,1.669078461068,1.669078461068,1.669078461068,1.669078461068
      ,1.669078461069,1.669078461067,1.669078461069,1.669078461068
      ,1.669078461068,1.669078461068,1.669078461068,1.669078461068
      ,1.669078461068,1.669078461068,1.669078461068,1.669078461068
      ,1.669078461068,1.669078461068,1.669078461068,1.669078461068
      ,1.669078461068,1.669078461068,1.669078461069,1.669078461068
      ,1.669078461068,1.669078461068,1.669078461068,1.669078461068
      ,1.669078461068,1.669078461068,1.669078461068,1.669078461068
      ,1.669078461068,1.669078461068,1.669078461068,1.669078461068
      ,1.669078461068,1.669078461068,1.669078461068,1.669078461068
      ,1.669078461068,1.669078461069,1.669078461068,1.669078461068
      ,1.669078461068,1.669078461068,1.669078461068,1.669078461068
      ,1.669078461069,1.669078461068,1.669078461069,1.669078461068
      ,1.669078461068,1.669078461068,1.669078461068,1.669078461068
      ,1.669078461068,1.669078461069,1.669078461067,1.669078461069
      ,1.669078461068,1.669078461069,1.669078461068,1.669078461068
      ,1.669078461068,1.669078461068,1.669078461069,1.669078461067
      ,1.669078461069,1.669078461068,1.669078461069,1.669078461068
      ,1.669078461068,1.669078461068,1.669078461068,1.669078461068
      ,1.669078461069,1.669078461068,1.669078461069,1.669078461068
      ,1.669078461068,1.669078461068,1.669078461068,1.669078461068
      ,1.669078461069,1.669078461068,1.669078461069,1.669078461068
      ,1.669078461069,1.669078461068,1.669078461068,1.669078461068
      ,1.669078461068,1.669078461068,1.669078461069,1.669078461068
      ,1.669078461069,1.669078461068,1.669078461068,1.669078461068
      ,1.669078461068,1.669078461068,1.669078461068,1.669078461068
      ,1.669078461069,1.669078461068,1.669078461069,1.669078461068
,1.669078461068,1.669078461068))) REPRESENTATION_ITEM('') SURFACE() );
#320 = CARTESIAN_POINT('',(13.75,1.901256929671E-15,1.25));
#321 = CARTESIAN_POINT('',(13.749999999561,7.289478922508,1.460939621302
    ));
#322 = CARTESIAN_POINT('',(9.456848179015,14.579875176125,1.67186908236)
  );
#323 = CARTESIAN_POINT('',(0.863870216004,19.017499856945,1.882822930817
    ));
#324 = CARTESIAN_POINT('',(-9.842190513545,17.792705202936,
    2.093741381405));
#325 = CARTESIAN_POINT('',(-18.45411833111,9.863931741904,2.304688283151
    ));
#326 = CARTESIAN_POINT('',(-20.26212175661,-1.701614998089,
    2.515632898616));
#327 = CARTESIAN_POINT('',(-15.33253268326,-11.28383866953,
    2.726553360449));
#328 = CARTESIAN_POINT('',(-6.868779814483,-15.96322651641,2.93750566242
    ));
#329 = CARTESIAN_POINT('',(1.578110467791,-15.48252468278,3.148436149192
    ));
#330 = CARTESIAN_POINT('',(13.700070928593,-7.382889660473,3.57031424319
    ));
#331 = CARTESIAN_POINT('',(17.376666489396,0.237062752728,3.781244660112
    ));
#332 = CARTESIAN_POINT('',(16.292413831492,9.847275002387,3.992197214789
    ));
#333 = CARTESIAN_POINT('',(9.326065598305,18.068579697034,4.203117107297
    ));
#334 = CARTESIAN_POINT('',(-2.050999302348,20.824145478036,
    4.414062682819));
#335 = CARTESIAN_POINT('',(-12.67187288037,15.901971875398,
    4.625008297379));
#336 = CARTESIAN_POINT('',(-17.90046771338,6.479570129351,4.835928155543
    ));
#337 = CARTESIAN_POINT('',(-17.08902736699,-3.15751178706,5.046880736629
    ));
#338 = CARTESIAN_POINT('',(-11.99649759474,-9.913780744405,
    5.257811136035));
#339 = CARTESIAN_POINT('',(1.472703194325,-15.49290639262,5.679689249646
    ));
#340 = CARTESIAN_POINT('',(9.851069126016,-14.31646514015,5.89061965025)
  );
#341 = CARTESIAN_POINT('',(17.239290076918,-8.075794144393,
    6.101572227005));
#342 = CARTESIAN_POINT('',(20.204759393525,2.284024885401,6.312492094919
    ));
#343 = CARTESIAN_POINT('',(16.175170006524,13.274618950344,6.52343769305
    ));
#344 = CARTESIAN_POINT('',(6.181891021339,19.370939451321,6.734383290587
    ));
#345 = CARTESIAN_POINT('',(-4.557401355454,18.483551236297,
    6.945303159031));
#346 = CARTESIAN_POINT('',(-12.11953001775,12.454787400174,
    7.156255735367));
#347 = CARTESIAN_POINT('',(-14.90790439614,4.466921725815,7.367186136259
    ));
#348 = CARTESIAN_POINT('',(-12.06369081486,-9.831905568721,
    7.789064249534));
#349 = CARTESIAN_POINT('',(-6.430744949809,-16.1446665009,7.999994650426
    ));
#350 = CARTESIAN_POINT('',(2.862858978871,-18.82061667126,8.210947226784
    ));
#351 = CARTESIAN_POINT('',(13.124260170298,-15.53070722175,
    8.421867095146));
#352 = CARTESIAN_POINT('',(20.023885241779,-6.074179190826,8.63281269286
    ));
#353 = CARTESIAN_POINT('',(19.540822150743,5.621862814032,8.843758290716
    ));
#354 = CARTESIAN_POINT('',(12.83655464741,14.058251605463,9.054678158961
    ));
#355 = CARTESIAN_POINT('',(3.622527134881,16.996530063291,9.265630735395
    ));
#356 = CARTESIAN_POINT('',(-4.568278243649,14.877158232591,
    9.476561136252));
#357 = CARTESIAN_POINT('',(-14.87715822851,4.568278256938,9.89843924954)
  );
#358 = CARTESIAN_POINT('',(-16.9965300665,-3.622527119709,10.10936965041
    ));
#359 = CARTESIAN_POINT('',(-14.05825161696,-12.83655463483,
    10.320322226811));
#360 = CARTESIAN_POINT('',(-5.621862831431,-19.54082214576,
    10.53124209511));
#361 = CARTESIAN_POINT('',(6.074179172892,-20.02388524715,
    10.742187692896));
#362 = CARTESIAN_POINT('',(15.530707210065,-13.12426018421,
    10.953133290686));
#363 = CARTESIAN_POINT('',(18.820616668694,-2.862858995649,
    11.164053158982));
#364 = CARTESIAN_POINT('',(16.144666506649,6.430744935377,
    11.375005735384));
#365 = CARTESIAN_POINT('',(9.831905579495,12.063690806089,
    11.585936136256));
#366 = CARTESIAN_POINT('',(-4.4669217125,14.907904400129,12.007814249537
    ));
#367 = CARTESIAN_POINT('',(-12.45478738935,12.11953002888,
    12.218744650419));
#368 = CARTESIAN_POINT('',(-18.48355123221,4.55740137195,12.429697226796
    ));
#369 = CARTESIAN_POINT('',(-19.37093945685,-6.181891004022,
    12.64061709513));
#370 = CARTESIAN_POINT('',(-13.27461896477,-16.17516999468,
    12.851562692876));
#371 = CARTESIAN_POINT('',(-2.284024903451,-20.20475939147,
    13.062508290702));
#372 = CARTESIAN_POINT('',(8.075794128994,-17.23929008413,13.27342815897
    ));
#373 = CARTESIAN_POINT('',(14.316465131365,-9.851069138799,
    13.484380735391));
#374 = CARTESIAN_POINT('',(15.492906391302,-1.472703208163,
    13.695311136253));
#375 = CARTESIAN_POINT('',(9.913780755127,11.996497585892,14.11718924954
    ));
#376 = CARTESIAN_POINT('',(3.157511802283,17.089027364168,
    14.328119650407));
#377 = CARTESIAN_POINT('',(-6.479570113255,17.900467719204,
    14.539072226817));
#378 = CARTESIAN_POINT('',(-15.90197186429,12.671872894528,
    14.749992095103));
#379 = CARTESIAN_POINT('',(-20.82414547588,2.050999321013,
    14.960937692905));
#380 = CARTESIAN_POINT('',(-18.06857970575,-9.326065582245,
    15.171883290677));
#381 = CARTESIAN_POINT('',(-9.847275016549,-16.29241382262,
    15.382803158989));
#382 = CARTESIAN_POINT('',(-0.237062768559,-17.37666648924,
    15.59375573538));
#383 = CARTESIAN_POINT('',(7.382889648439,-13.70007093514,
    15.804686136256));
#384 = CARTESIAN_POINT('',(15.48252468096,-1.578110481703,
    16.226564249539));
#385 = CARTESIAN_POINT('',(15.963226524871,6.868779800701,
    16.437494650409));
#386 = CARTESIAN_POINT('',(11.283838676831,15.332532671879,
    16.648447226815));
#387 = CARTESIAN_POINT('',(1.70161502864,20.262121757647,16.859367095106
    ));
#388 = CARTESIAN_POINT('',(-9.86393174418,18.454118336077,
    17.070312692901));
#389 = CARTESIAN_POINT('',(-17.79270517145,9.842190534101,
    17.281258290681));
#390 = CARTESIAN_POINT('',(-19.0174998801,-0.863870203625,
    17.492178158987));
#391 = CARTESIAN_POINT('',(-14.57987516649,-9.456848162275,
    17.703130735381));
#392 = CARTESIAN_POINT('',(-7.28947894662,-13.74999999548,
    17.914061136257));
#393 = CARTESIAN_POINT('',(7.28947893434,-13.75000000199,18.335939249538
    ));
#394 = CARTESIAN_POINT('',(14.579875158048,-9.456848175295,
    18.546869650412));
#395 = CARTESIAN_POINT('',(19.017499879347,-0.863870220612,
    18.75782222681));
#396 = CARTESIAN_POINT('',(17.792705180229,9.84219051821,18.968742095111
    ));
#397 = CARTESIAN_POINT('',(9.863931760676,18.454118327269,
    19.179687692897));
#398 = CARTESIAN_POINT('',(-1.701615010552,20.262121759167,
    19.390633290685));
#399 = CARTESIAN_POINT('',(-11.28383866313,15.332532681955,
    19.601553158981));
#400 = CARTESIAN_POINT('',(-15.96322651873,6.86877981496,19.812505735387
    ));
#401 = CARTESIAN_POINT('',(-15.48252468236,-1.578110467877,
    20.023436136252));
#402 = CARTESIAN_POINT('',(-7.382889660676,-13.70007092854,
    20.445314249548));
#403 = CARTESIAN_POINT('',(0.237062753046,-17.37666648947,
    20.656244650382));
#404 = CARTESIAN_POINT('',(9.847275001985,-16.29241383138,
    20.867197226857));
#405 = CARTESIAN_POINT('',(18.068579697448,-9.326065598441,
    21.078117095057));
#406 = CARTESIAN_POINT('',(20.824145477688,2.050999302485,
    21.289062692949));
#407 = CARTESIAN_POINT('',(15.901971875632,12.671872880268,
    21.500008290638));
#408 = CARTESIAN_POINT('',(6.47957012923,17.90046771345,21.710928159019)
  );
#409 = CARTESIAN_POINT('',(-3.157511787018,17.089027366976,
    21.921880735364));
#410 = CARTESIAN_POINT('',(-9.913780744412,11.996497594748,
    22.132811136261));
#411 = CARTESIAN_POINT('',(-15.49290639261,-1.472703194327,
    22.554689249539));
#412 = CARTESIAN_POINT('',(-14.31646514015,-9.851069126015,
    22.765619650406));
#413 = CARTESIAN_POINT('',(-8.075794144397,-17.23929007691,
    22.976572226819));
#414 = CARTESIAN_POINT('',(2.284024885413,-20.20475939353,
    23.187492095101));
#415 = CARTESIAN_POINT('',(13.274618950325,-16.17517000651,
    23.398437692905));
#416 = CARTESIAN_POINT('',(19.370939451339,-6.181891021351,
    23.609383290677));
#417 = CARTESIAN_POINT('',(18.483551236286,4.55740135546,23.820303158989
    ));
#418 = CARTESIAN_POINT('',(12.454787400178,12.119530017749,
    24.03125573538));
#419 = CARTESIAN_POINT('',(4.466921725814,14.907904396141,
    24.242186136257));
#420 = CARTESIAN_POINT('',(-9.831905568721,12.063690814869,
    24.66406424954));
#421 = CARTESIAN_POINT('',(-16.1446665009,6.4307449498,24.874994650408)
  );
#422 = CARTESIAN_POINT('',(-18.82061667125,-2.862858978853,
    25.085947226816));
#423 = CARTESIAN_POINT('',(-15.53070722178,-13.12426017032,
    25.296867095104));
#424 = CARTESIAN_POINT('',(-6.074179190773,-20.02388524175,
    25.507812692905));
#425 = CARTESIAN_POINT('',(5.621862813976,-19.54082215076,
    25.718758290676));
#426 = CARTESIAN_POINT('',(14.058251605501,-12.83655464739,
    25.92967815899));
#427 = CARTESIAN_POINT('',(16.996530063275,-3.622527134886,
    26.14063073538));
#428 = CARTESIAN_POINT('',(14.877158232593,4.56827824365,26.351561136255
    ));
#429 = CARTESIAN_POINT('',(4.568278256937,14.877158228513,
    26.773439249544));
#430 = CARTESIAN_POINT('',(-3.622527119711,16.996530066515,
    26.984369650396));
#431 = CARTESIAN_POINT('',(-12.83655463482,14.058251616954,
    27.195322226833));
#432 = CARTESIAN_POINT('',(-19.54082214577,5.621862831444,
    27.406242095088));
#433 = CARTESIAN_POINT('',(-20.02388524713,-6.074179172902,
    27.617187692918));
#434 = CARTESIAN_POINT('',(-13.12426018422,-15.53070721005,
    27.828133290663));
#435 = CARTESIAN_POINT('',(-2.862858995645,-18.82061666869,
    28.039053159002));
#436 = CARTESIAN_POINT('',(6.430744935377,-16.14466650664,
    28.250005735372));
#437 = CARTESIAN_POINT('',(12.063690806089,-9.831905579496,
    28.460936136259));
#438 = CARTESIAN_POINT('',(14.90790440013,4.4669217125,28.882814249537)
  );
#439 = CARTESIAN_POINT('',(12.119530028876,12.454787389352,
    29.093744650416));
#440 = CARTESIAN_POINT('',(4.557401371966,18.483551232218,
    29.304697226801));
#441 = CARTESIAN_POINT('',(-6.181891004054,19.370939456861,
    29.515617095123));
#442 = CARTESIAN_POINT('',(-16.17516999464,13.274618964768,
    29.726562692886));
#443 = CARTESIAN_POINT('',(-20.20475939151,2.284024903459,29.93750829069
    ));
#444 = CARTESIAN_POINT('',(-17.23929008411,-8.075794128997,
    30.148428158983));
#445 = CARTESIAN_POINT('',(-9.851069138807,-14.31646513136,
    30.359380735382));
#446 = CARTESIAN_POINT('',(-1.472703208162,-15.4929063913,
    30.570311136256));
#447 = CARTESIAN_POINT('',(11.996497585892,-9.913780755127,
    30.992189249539));
#448 = CARTESIAN_POINT('',(17.089027364166,-3.157511802282,
    31.203119650409));
#449 = CARTESIAN_POINT('',(17.900467719211,6.479570113253,
    31.414072226814));
#450 = CARTESIAN_POINT('',(12.671872894514,15.901971864291,
    31.624992095106));
#451 = CARTESIAN_POINT('',(2.050999321032,20.824145475887,
    31.835937692901));
#452 = CARTESIAN_POINT('',(-9.326065582262,18.068579705753,
    32.04688329068));
#453 = CARTESIAN_POINT('',(-16.29241382261,9.84727501655,32.257803158988
    ));
#454 = CARTESIAN_POINT('',(-17.37666648925,0.237062768559,32.46875573538
    ));
#455 = CARTESIAN_POINT('',(-13.70007093514,-7.382889648439,
    32.679686136256));
#456 = CARTESIAN_POINT('',(-1.578110481704,-15.48252468096,
    33.10156424954));
#457 = CARTESIAN_POINT('',(6.868779800704,-15.96322652486,
    33.312494650406));
#458 = CARTESIAN_POINT('',(15.332532671873,-11.28383867683,
    33.523447226822));
#459 = CARTESIAN_POINT('',(20.262121757656,-1.70161502864,
    33.734367095095));
#460 = CARTESIAN_POINT('',(18.454118336064,9.863931744189,
    33.945312692914));
#461 = CARTESIAN_POINT('',(9.842190534118,17.792705171442,
    34.156258290667));
#462 = CARTESIAN_POINT('',(-0.863870203639,19.017499880117,
    34.367178158999));
#463 = CARTESIAN_POINT('',(-9.456848162269,14.579875166493,
    34.578130735372));
#464 = CARTESIAN_POINT('',(-13.74999999548,7.289478946621,
    34.789061136261));
#465 = CARTESIAN_POINT('',(-13.75000000199,-7.28947893434,
    35.210939249529));
#466 = CARTESIAN_POINT('',(-9.456848175308,-14.57987515804,
    35.421869650443));
#467 = CARTESIAN_POINT('',(-0.863870220588,-19.01749987935,
    35.632822226752));
#468 = CARTESIAN_POINT('',(9.842190518181,-17.7927051802,35.843742095189
    ));
#469 = CARTESIAN_POINT('',(18.454118327291,-9.863931760711,
    36.054687692814));
#470 = CARTESIAN_POINT('',(20.262121759153,1.701615010588,
    36.265633290757));
#471 = CARTESIAN_POINT('',(15.332532681963,11.283838663109,
    36.47655315893));
#472 = CARTESIAN_POINT('',(6.868779814957,15.963226518747,
    36.687505735413));
#473 = CARTESIAN_POINT('',(-1.578110467876,15.482524682368,
    36.898436136246));
#474 = CARTESIAN_POINT('',(-13.70007092855,7.382889660675,
    37.320314249546));
#475 = CARTESIAN_POINT('',(-17.37666648946,-0.237062753039,
    37.531244650396));
#476 = CARTESIAN_POINT('',(-16.29241383139,-9.847275002001,
    37.742197226832));
#477 = CARTESIAN_POINT('',(-9.326065598406,-18.06857969742,
    37.953117095087));
#478 = CARTESIAN_POINT('',(2.050999302435,-20.82414547771,38.16406269292
    ));
#479 = CARTESIAN_POINT('',(12.671872880318,-15.9019718756,
    38.375008290664));
#480 = CARTESIAN_POINT('',(17.900467713417,-6.479570129245,
    38.585928158998));
#481 = CARTESIAN_POINT('',(17.089027366989,3.157511787023,
    38.796880735376));
#482 = CARTESIAN_POINT('',(11.996497594746,9.913780744411,
    39.007811136256));
#483 = CARTESIAN_POINT('',(-1.472703194325,15.492906392619,
    39.429689249545));
#484 = CARTESIAN_POINT('',(-9.851069126021,14.316465140155,
    39.640619650393));
#485 = CARTESIAN_POINT('',(-17.2392900769,8.075794144409,39.851572226835
    ));
#486 = CARTESIAN_POINT('',(-20.20475939355,-2.28402488543,
    40.062492095089));
#487 = CARTESIAN_POINT('',(-16.17517000648,-13.27461895031,
    40.273437692915));
#488 = CARTESIAN_POINT('',(-6.181891021378,-19.37093945134,
    40.484383290666));
#489 = CARTESIAN_POINT('',(4.557401355478,-18.48355123628,
    40.695303159002));
#490 = CARTESIAN_POINT('',(12.119530017742,-12.45478740017,
    40.906255735371));
#491 = CARTESIAN_POINT('',(14.907904396143,-4.466921725815,
    41.11718613626));
#492 = CARTESIAN_POINT('',(12.063690814868,9.831905568721,
    41.539064249534));
#493 = CARTESIAN_POINT('',(6.430744949804,16.144666500907,
    41.749994650424));
#494 = CARTESIAN_POINT('',(-2.862858978854,18.820616671247,
    41.96094722679));
#495 = CARTESIAN_POINT('',(-13.12426017033,15.53070722179,
    42.171867095136));
#496 = CARTESIAN_POINT('',(-20.02388524172,6.074179190778,42.38281269287
    ));
#497 = CARTESIAN_POINT('',(-19.54082215078,-5.621862813992,
    42.59375829071));
#498 = CARTESIAN_POINT('',(-12.83655464738,-14.05825160548,
    42.804678158964));
#499 = CARTESIAN_POINT('',(-3.622527134887,-16.99653006328,
    43.015630735395));
#500 = CARTESIAN_POINT('',(4.568278243649,-14.87715823259,
    43.226561136251));
#501 = CARTESIAN_POINT('',(14.877158228513,-4.568278256936,
    43.648439249543));
#502 = CARTESIAN_POINT('',(16.996530066516,3.622527119706,
    43.859369650404));
#503 = CARTESIAN_POINT('',(14.058251616951,12.83655463484,
    44.070322226816));
#504 = CARTESIAN_POINT('',(5.621862831451,19.540822145749,44.28124209511
    ));
#505 = CARTESIAN_POINT('',(-6.074179172911,20.023885247166,
    44.492187692897));
#506 = CARTESIAN_POINT('',(-15.53070721005,13.124260184206,
    44.703133290679));
#507 = CARTESIAN_POINT('',(-18.82061666869,2.862858995655,
    44.914053158996));
#508 = CARTESIAN_POINT('',(-16.14466650664,-6.430744935379,
    45.125005735369));
#509 = CARTESIAN_POINT('',(-9.831905579496,-12.06369080608,
    45.335936136266));
#510 = CARTESIAN_POINT('',(4.466921712502,-14.90790440012,
    45.757814249518));
#511 = CARTESIAN_POINT('',(12.454787389343,-12.11953002887,
    45.968744650475));
#512 = CARTESIAN_POINT('',(18.48355123224,-4.557401371963,
    46.179697226709));
#513 = CARTESIAN_POINT('',(19.37093945682,6.181891004053,46.390617095228
    ));
#514 = CARTESIAN_POINT('',(13.274618964822,16.175169994641,
    46.601562692784));
#515 = CARTESIAN_POINT('',(2.284024903409,20.204759391512,
    46.812508290783));
#516 = CARTESIAN_POINT('',(-8.075794128966,17.239290084115,
    47.023428158908));
#517 = CARTESIAN_POINT('',(-14.31646513137,9.851069138807,47.23438073543
    ));
#518 = CARTESIAN_POINT('',(-15.49290639129,1.472703208161,
    47.445311136236));
#519 = CARTESIAN_POINT('',(-9.913780755129,-11.99649758589,
    47.867189249569));
#520 = CARTESIAN_POINT('',(-3.157511802271,-17.08902736417,
    48.078119650318));
#521 = CARTESIAN_POINT('',(6.479570113232,-17.90046771917,
    48.289072226968));
#522 = CARTESIAN_POINT('',(15.90197186432,-12.67187289457,
    48.499992094912));
#523 = CARTESIAN_POINT('',(20.824145475865,-2.050999320956,
    48.710937693104));
#524 = CARTESIAN_POINT('',(18.06857970576,9.326065582199,48.921883290499
    ));
#525 = CARTESIAN_POINT('',(9.84727501655,16.292413822649,49.132803159119
    ));
#526 = CARTESIAN_POINT('',(0.237062768557,17.376666489236,
    49.343755735315));
#527 = CARTESIAN_POINT('',(-7.38288964844,13.700070935146,
    49.554686136268));
#528 = CARTESIAN_POINT('',(-15.48252468096,1.578110481705,
    49.976564249556));
#529 = CARTESIAN_POINT('',(-15.96322652487,-6.868779800703,
    50.187494650332));
#530 = CARTESIAN_POINT('',(-11.28383867681,-15.33253267187,
    50.398447226958));
#531 = CARTESIAN_POINT('',(-1.701615028677,-20.26212175764,
    50.609367094921));
#532 = CARTESIAN_POINT('',(9.863931744229,-18.45411833607,
    50.820312693093));
#533 = CARTESIAN_POINT('',(17.792705171412,-9.84219053411,
    51.031258290508));
#534 = CARTESIAN_POINT('',(19.017499880135,0.863870203639,
    51.242178159117));
#535 = CARTESIAN_POINT('',(14.579875166487,9.456848162266,
    51.453130735307));
#536 = CARTESIAN_POINT('',(7.289478946623,13.749999995486,51.66406113628
    ));
#537 = CARTESIAN_POINT('',(-7.289478934341,13.750000001991,
    52.085939249524));
#538 = CARTESIAN_POINT('',(-14.57987515805,9.456848175305,
    52.296869650441));
#539 = CARTESIAN_POINT('',(-19.01749987933,0.863870220584,
    52.507822226767));
#540 = CARTESIAN_POINT('',(-17.79270518024,-9.84219051816,
    52.718742095162));
#541 = CARTESIAN_POINT('',(-9.863931760664,-18.45411832732,
    52.929687692843));
#542 = CARTESIAN_POINT('',(1.701615010553,-20.26212175911,
    53.140633290733));
#543 = CARTESIAN_POINT('',(11.283838663131,-15.33253268198,
    53.351553158949));
#544 = CARTESIAN_POINT('',(15.963226518739,-6.868779814951,53.5625057354
    ));
#545 = CARTESIAN_POINT('',(15.48252468237,1.578110467876,53.773436136253
    ));
#546 = CARTESIAN_POINT('',(7.382889660673,13.700070928551,
    54.195314249535));
#547 = CARTESIAN_POINT('',(-0.237062753022,17.376666489456,
    54.406244650431));
#548 = CARTESIAN_POINT('',(-9.847275002046,16.292413831423,
    54.617197226768));
#549 = CARTESIAN_POINT('',(-18.06857969734,9.326065598364,
    54.828117095174));
#550 = CARTESIAN_POINT('',(-20.8241454778,-2.050999302376,
    55.039062692824));
#551 = CARTESIAN_POINT('',(-15.90197187554,-12.67187288037,
    55.25000829075));
#552 = CARTESIAN_POINT('',(-6.479570129276,-17.90046771338,
    55.46092815894));
#553 = CARTESIAN_POINT('',(3.15751178703,-17.089027367,55.671880735404)
  );
#554 = CARTESIAN_POINT('',(9.91378074441,-11.99649759474,55.882811136251
    ));
#555 = CARTESIAN_POINT('',(15.492906392619,1.472703194326,56.30468924954
    ));
#556 = CARTESIAN_POINT('',(14.316465140159,9.851069126012,
    56.515619650406));
#557 = CARTESIAN_POINT('',(8.075794144391,17.239290076928,
    56.726572226829));
#558 = CARTESIAN_POINT('',(-2.2840248854,20.204759393507,56.937492095077
    ));
#559 = CARTESIAN_POINT('',(-13.27461895034,16.175170006552,
    57.148437692936));
#560 = CARTESIAN_POINT('',(-19.37093945132,6.181891021309,
    57.359383290651));
#561 = CARTESIAN_POINT('',(-18.48355123629,-4.557401355437,
    57.570303159009));
#562 = CARTESIAN_POINT('',(-12.45478740017,-12.11953001775,
    57.781255735364));
#563 = CARTESIAN_POINT('',(-4.466921725815,-14.90790439614,
    57.992186136268));
#564 = CARTESIAN_POINT('',(9.831905568723,-12.06369081486,
    58.414064249512));
#565 = CARTESIAN_POINT('',(16.144666500891,-6.430744949815,
    58.624994650494));
#566 = CARTESIAN_POINT('',(18.820616671293,2.862858978882,
    58.835947226676));
#567 = CARTESIAN_POINT('',(15.53070722171,13.124260170283,59.04686709527
    ));
#568 = CARTESIAN_POINT('',(6.074179190874,20.02388524179,59.257812692737
    ));
#569 = CARTESIAN_POINT('',(-5.621862814068,19.540822150737,
    59.468758290827));
#570 = CARTESIAN_POINT('',(-14.05825160544,12.836554647413,
    59.679678158879));
#571 = CARTESIAN_POINT('',(-16.99653006329,3.622527134882,
    59.890630735436));
#572 = CARTESIAN_POINT('',(-14.87715823259,-4.568278243649,
    60.101561136247));
#573 = CARTESIAN_POINT('',(-4.568278256935,-14.87715822851,
    60.523439249523));
#574 = CARTESIAN_POINT('',(3.622527119696,-16.9965300665,60.734369650476
    ));
#575 = CARTESIAN_POINT('',(12.836554634877,-14.05825161695,60.9453222267
    ));
#576 = CARTESIAN_POINT('',(19.540822145677,-5.621862831446,
    61.156242095242));
#577 = CARTESIAN_POINT('',(20.023885247257,6.074179172907,
    61.367187692771));
#578 = CARTESIAN_POINT('',(13.12426018413,15.530707210058,
    61.578133290789));
#579 = CARTESIAN_POINT('',(2.862858995695,18.820616668694,
    61.789053158912));
#580 = CARTESIAN_POINT('',(-6.430744935392,16.144666506651,
    62.000005735416));
#581 = CARTESIAN_POINT('',(-12.06369080608,9.831905579494,
    62.210936136253));
#582 = CARTESIAN_POINT('',(-14.90790440012,-4.466921712501,
    62.632814249523));
#583 = CARTESIAN_POINT('',(-12.11953002888,-12.45478738933,
    62.843744650478));
#584 = CARTESIAN_POINT('',(-4.557401371944,-18.48355123226,
    63.054697226678));
#585 = CARTESIAN_POINT('',(6.181891004013,-19.37093945678,
    63.265617095309));
#586 = CARTESIAN_POINT('',(16.175169994684,-13.27461896486,
    63.476562692645));
#587 = CARTESIAN_POINT('',(20.204759391481,-2.284024903376,
    63.687508290956));
#588 = CARTESIAN_POINT('',(17.239290084129,8.075794128957,
    63.898428158741));
#589 = CARTESIAN_POINT('',(9.851069138804,14.316465131371,
    64.109380735559));
#590 = CARTESIAN_POINT('',(1.472703208163,15.492906391305,
    64.320311136154));
#591 = CARTESIAN_POINT('',(-11.99649758589,9.913780755118,
    64.742189249733));
#592 = CARTESIAN_POINT('',(-17.08902736416,3.157511802333,
    64.953119649255));
#593 = CARTESIAN_POINT('',(-17.9004677192,-6.479570113398,
    65.164072230101));
#594 = CARTESIAN_POINT('',(-12.67187289453,-15.90197186401,
    65.374992088593));
#595 = CARTESIAN_POINT('',(-2.050999320998,-20.82414547628,
    65.585937702803));
#596 = CARTESIAN_POINT('',(9.326065582215,-18.06857970529,
    65.796883278648));
#597 = CARTESIAN_POINT('',(16.292413822667,-9.847275016971,
    66.00780317089));
#598 = CARTESIAN_POINT('',(17.376666489198,-0.237062768238,
    66.218755725755));
#599 = CARTESIAN_POINT('',(13.700070935182,7.382889648237,
    66.429686142572));
#600 = CARTESIAN_POINT('',(1.578110481623,15.482524681371,
    66.851564236653));
#601 = CARTESIAN_POINT('',(-6.868779800232,15.963226522555,
    67.062494723208));
#602 = CARTESIAN_POINT('',(-15.33253267318,11.283838683222,
    67.273447025651));
#603 = CARTESIAN_POINT('',(-20.2621217551,1.701615016208,67.484367486756
    ));
#604 = CARTESIAN_POINT('',(-18.4541183399,-9.863931725451,
    67.695312103134));
#605 = CARTESIAN_POINT('',(-9.842190529469,-17.79270519411,
    67.90625900389));
#606 = CARTESIAN_POINT('',(0.863870199051,-19.01749985773,
    68.117177455412));
#607 = CARTESIAN_POINT('',(9.456848165974,-14.57987518455,68.32813130313
    ));
#608 = CARTESIAN_POINT('',(13.749999993056,-7.289478934796,
    68.539060764653));
#609 = CARTESIAN_POINT('',(13.75,-1.227795592279E-08,68.750000385737));
#610 = CARTESIAN_POINT('',(13.75,2.213507155346E-15,3.326928844464));
#611 = CARTESIAN_POINT('',(13.749996488428,7.289478778731,3.537868465766
    ));
#612 = CARTESIAN_POINT('',(9.456858434944,14.579875819786,3.74879792682)
  );
#613 = CARTESIAN_POINT('',(0.863850978193,19.017494134246,3.95975177529)
  );
#614 = CARTESIAN_POINT('',(-9.842168973141,17.792718503842,
    4.170670225851));
#615 = CARTESIAN_POINT('',(-18.45413081784,9.86390920831,4.381617127638)
  );
#616 = CARTESIAN_POINT('',(-20.2621203822,-1.701590604777,4.592561743059
    ));
#617 = CARTESIAN_POINT('',(-15.33252705047,-11.28385635468,
    4.803482204926));
#618 = CARTESIAN_POINT('',(-6.868783989509,-15.96321766068,
    5.014434506878));
#619 = CARTESIAN_POINT('',(1.578111846377,-15.48252645563,5.225364993656
    ));
#620 = CARTESIAN_POINT('',(13.700069197781,-7.382887344405,
    5.647243087654));
#621 = CARTESIAN_POINT('',(17.376672203843,0.237055382669,5.858173504576
    ));
#622 = CARTESIAN_POINT('',(16.292399028038,9.847286827412,6.069126059254
    ));
#623 = CARTESIAN_POINT('',(9.326087973206,18.068570181356,6.280045951756
    ));
#624 = CARTESIAN_POINT('',(-2.051024436708,20.824142510273,
    6.490991527291));
#625 = CARTESIAN_POINT('',(-12.67185219244,15.901984836866,
    6.701937141834));
#626 = CARTESIAN_POINT('',(-17.9004791047,6.479555336839,6.912857000013)
  );
#627 = CARTESIAN_POINT('',(-17.08902238985,-3.157503292933,
    7.123809581091));
#628 = CARTESIAN_POINT('',(-11.99649829111,-9.913782893819,
    7.334739980499));
#629 = CARTESIAN_POINT('',(1.472704152681,-15.49290365782,7.75661809411)
  );
#630 = CARTESIAN_POINT('',(9.851066181672,-14.31647399978,7.967548494711
    ));
#631 = CARTESIAN_POINT('',(17.239291673724,-8.075775249224,
    8.178501071477));
#632 = CARTESIAN_POINT('',(20.204763923503,2.284000977586,8.389420939367
    ));
#633 = CARTESIAN_POINT('',(16.175153565791,13.27463821416,8.600366537535
    ));
#634 = CARTESIAN_POINT('',(6.181913298136,19.370929441542,8.811312135031
    ));
#635 = CARTESIAN_POINT('',(-4.557419986806,18.483552494381,
    9.022232003508));
#636 = CARTESIAN_POINT('',(-12.11952018884,12.454787979165,
    9.233184579825));
#637 = CARTESIAN_POINT('',(-14.90790657039,4.466921110982,9.444114980724
    ));
#638 = CARTESIAN_POINT('',(-12.06368800844,-9.831904846349,
    9.865993093998));
#639 = CARTESIAN_POINT('',(-6.430753952238,-16.14466897468,
    10.076923494889));
#640 = CARTESIAN_POINT('',(2.862875576901,-18.82060750165,
    10.287876071251));
#641 = CARTESIAN_POINT('',(13.124242808291,-15.53072427048,
    10.498795939601));
#642 = CARTESIAN_POINT('',(20.023892125139,-6.07415481867,
    10.709741537336));
#643 = CARTESIAN_POINT('',(19.540826204217,5.621838730546,
    10.920687135167));
#644 = CARTESIAN_POINT('',(12.836545342447,14.058267795765,
    11.131607003433));
#645 = CARTESIAN_POINT('',(3.622533076943,16.996522212541,
    11.342559579856));
#646 = CARTESIAN_POINT('',(-4.568279962816,14.877159698834,
    11.553489980717));
#647 = CARTESIAN_POINT('',(-14.87715606871,4.568276324804,
    11.975368094003));
#648 = CARTESIAN_POINT('',(-16.99653712487,-3.622521008797,
    12.186298494874));
#649 = CARTESIAN_POINT('',(-14.0582347713,-12.83656334129,
    12.397251071277));
#650 = CARTESIAN_POINT('',(-5.621886652792,-19.54081718144,
    12.608170939568));
#651 = CARTESIAN_POINT('',(6.074203261837,-20.02387743014,
    12.819116537371));
#652 = CARTESIAN_POINT('',(15.530689437333,-13.12427693451,
    13.030062135138));
#653 = CARTESIAN_POINT('',(18.820624960893,-2.862842264079,
    13.240982003454));
#654 = CARTESIAN_POINT('',(16.14466328022,6.430735633124,13.451934579844
    ));
#655 = CARTESIAN_POINT('',(9.831905843512,12.063693050117,
    13.662864980721));
#656 = CARTESIAN_POINT('',(-4.466922119086,14.907901530891,14.084743094)
  );
#657 = CARTESIAN_POINT('',(-12.45478622974,12.119539292719,
    14.295673494881));
#658 = CARTESIAN_POINT('',(-18.48354911239,4.557382528295,
    14.506626071265));
#659 = CARTESIAN_POINT('',(-19.37094856366,-6.181868439323,
    14.717545939582));
#660 = CARTESIAN_POINT('',(-13.274599082,-16.17518568093,14.928491537357
    ));
#661 = CARTESIAN_POINT('',(-2.284048704868,-20.20475392001,
    15.13943713515));
#662 = CARTESIAN_POINT('',(8.075812647722,-17.23928768325,
    15.350357003445));
#663 = CARTESIAN_POINT('',(14.316455604298,-9.85107162419,15.56130957985
    ));
#664 = CARTESIAN_POINT('',(15.492908403829,-1.472702180967,
    15.772239980718));
#665 = CARTESIAN_POINT('',(9.913778143547,11.99649632989,16.194118094004
    ));
#666 = CARTESIAN_POINT('',(3.157520149159,17.089031546708,
    16.405048494872));
#667 = CARTESIAN_POINT('',(-6.479584603547,17.900455487664,
    16.61600107128));
#668 = CARTESIAN_POINT('',(-15.90195816177,12.671893002828,
    16.826920939564));
#669 = CARTESIAN_POINT('',(-20.82414747239,2.050974074297,
    17.037866537375));
#670 = CARTESIAN_POINT('',(-18.06858837964,-9.32604275233,
    17.248812135133));
#671 = CARTESIAN_POINT('',(-9.847262731901,-16.2924278865,
    17.459732003459));
#672 = CARTESIAN_POINT('',(-0.237070128013,-17.3766599486,
    17.670684579841));
#673 = CARTESIAN_POINT('',(7.382891620616,-13.70007203781,
    17.881614980721));
#674 = CARTESIAN_POINT('',(15.482522185719,-1.578109008053,
    18.303493094003));
#675 = CARTESIAN_POINT('',(15.963234639802,6.868775184226,
    18.514423494871));
#676 = CARTESIAN_POINT('',(11.283820456297,15.332537924631,
    18.725376071283));
#677 = CARTESIAN_POINT('',(1.701639360796,20.262121536006,
    18.936295939561));
#678 = CARTESIAN_POINT('',(-9.863953845267,18.454105969782,
    19.147241537378));
#679 = CARTESIAN_POINT('',(-17.79269100801,9.842210429798,
    19.358187135132));
#680 = CARTESIAN_POINT('',(-19.01750474881,-0.863888231409,
    19.569107003459));
#681 = CARTESIAN_POINT('',(-14.57987381684,-9.456838409326,
    19.780059579841));
#682 = CARTESIAN_POINT('',(-7.289478767776,-13.75000224789,
    19.990989980721));
#683 = CARTESIAN_POINT('',(7.289478773354,-13.74999710856,
    20.412868094002));
#684 = CARTESIAN_POINT('',(14.579875828005,-9.456857487376,
    20.623798494876));
#685 = CARTESIAN_POINT('',(19.017494124055,-0.863852152554,
    20.834751071276));
#686 = CARTESIAN_POINT('',(17.79271851418,9.842170163684,21.045670939568
    ));
#687 = CARTESIAN_POINT('',(9.863909199747,18.45412983323,21.256616537371
    ));
#688 = CARTESIAN_POINT('',(-1.701590599077,20.26212103623,
    21.467562135138));
#689 = CARTESIAN_POINT('',(-11.28385635762,15.332526714389,
    21.678482003452));
#690 = CARTESIAN_POINT('',(-15.96321765961,6.868784111235,
    21.889434579848));
#691 = CARTESIAN_POINT('',(-15.48252645583,-1.578111867964,
    22.100364980716));
#692 = CARTESIAN_POINT('',(-7.382887344296,-13.70006918717,
    22.522243094011));
#693 = CARTESIAN_POINT('',(0.237055382446,-17.37667222006,
    22.733173494846));
#694 = CARTESIAN_POINT('',(9.84728682778,-16.29239900791,22.944126071322
    ));
#695 = CARTESIAN_POINT('',(18.068570180876,-9.326087993619,
    23.155045939516));
#696 = CARTESIAN_POINT('',(20.824142510758,2.051024453595,
    23.365991537421));
#697 = CARTESIAN_POINT('',(15.901984836494,12.671852181232,
    23.576937135093));
#698 = CARTESIAN_POINT('',(6.479555337049,17.900479110459,
    23.787857003489));
#699 = CARTESIAN_POINT('',(-3.157503293014,17.089022387781,
    23.998809579825));
#700 = CARTESIAN_POINT('',(-9.913782893805,11.996498291474,
    24.209739980725));
#701 = CARTESIAN_POINT('',(-15.49290365782,-1.472704152862,
    24.631618094002));
#702 = CARTESIAN_POINT('',(-14.31647399979,-9.851066181385,
    24.842548494871));
#703 = CARTESIAN_POINT('',(-8.075775249191,-17.2392916741,
    25.053501071284));
#704 = CARTESIAN_POINT('',(2.284000977532,-20.20476392308,
    25.264420939561));
#705 = CARTESIAN_POINT('',(13.274638214223,-16.17515356616,
    25.475366537377));
#706 = CARTESIAN_POINT('',(19.370929441493,-6.181913297877,
    25.686312135133));
#707 = CARTESIAN_POINT('',(18.483552494405,4.557419986668,
    25.897232003458));
#708 = CARTESIAN_POINT('',(12.454787979159,12.1195201889,26.108184579841
    ));
#709 = CARTESIAN_POINT('',(4.466921110981,14.907906570387,
    26.319114980721));
#710 = CARTESIAN_POINT('',(-9.831904846346,12.063688008438,
    26.740993094003));
#711 = CARTESIAN_POINT('',(-16.14466897468,6.43075395227,26.951923494871
    ));
#712 = CARTESIAN_POINT('',(-18.82060750164,-2.862875576984,
    27.162876071284));
#713 = CARTESIAN_POINT('',(-15.53072427048,-13.12424280815,
    27.373795939559));
#714 = CARTESIAN_POINT('',(-6.074154818674,-20.02389212529,
    27.584741537381));
#715 = CARTESIAN_POINT('',(5.621838730555,-19.54082620408,
    27.795687135127));
#716 = CARTESIAN_POINT('',(14.058267795753,-12.83654534252,
    28.006607003462));
#717 = CARTESIAN_POINT('',(16.99652221255,-3.622533076916,
    28.217559579841));
#718 = CARTESIAN_POINT('',(14.877159698832,4.568279962815,
    28.428489980719));
#719 = CARTESIAN_POINT('',(4.568276324796,14.877156068703,
    28.850368094007));
#720 = CARTESIAN_POINT('',(-3.622521008748,16.996537124913,
    29.061298494859));
#721 = CARTESIAN_POINT('',(-12.83656334141,14.058234771255,
    29.272251071299));
#722 = CARTESIAN_POINT('',(-19.54081718125,5.621886652846,
    29.483170939545));
#723 = CARTESIAN_POINT('',(-20.02387743035,-6.074203261874,
    29.694116537393));
#724 = CARTESIAN_POINT('',(-13.12427693434,-15.53068943731,
    29.905062135116));
#725 = CARTESIAN_POINT('',(-2.862842264179,-18.82062496089,
    30.115982003473));
#726 = CARTESIAN_POINT('',(6.430735633164,-16.14466328022,
    30.326934579833));
#727 = CARTESIAN_POINT('',(12.06369305011,-9.83190584351,30.537864980724
    ));
#728 = CARTESIAN_POINT('',(14.907901530892,4.466922119086,30.959743094)
  );
#729 = CARTESIAN_POINT('',(12.119539292724,12.454786229741,
    31.17067349488));
#730 = CARTESIAN_POINT('',(4.557382528279,18.483549112415,
    31.381626071267));
#731 = CARTESIAN_POINT('',(-6.181868439292,19.370948563628,
    31.592545939581));
#732 = CARTESIAN_POINT('',(-16.17518568097,13.274599082055,
    31.80349153736));
#733 = CARTESIAN_POINT('',(-20.20475391997,2.284048704818,
    32.014437135143));
#734 = CARTESIAN_POINT('',(-17.23928768327,-8.075812647682,
    32.225357003454));
#735 = CARTESIAN_POINT('',(-9.851071624181,-14.31645560432,
    32.436309579843));
#736 = CARTESIAN_POINT('',(-1.472702180969,-15.49290840382,
    32.647239980721));
#737 = CARTESIAN_POINT('',(11.996496329891,-9.913778143551,
    33.069118094002));
#738 = CARTESIAN_POINT('',(17.089031546709,-3.157520149152,
    33.280048494873));
#739 = CARTESIAN_POINT('',(17.900455487659,6.479584603538,
    33.491001071281));
#740 = CARTESIAN_POINT('',(12.671893002832,15.901958161785,
    33.701920939562));
#741 = CARTESIAN_POINT('',(2.050974074298,20.824147472394,
    33.912866537377));
#742 = CARTESIAN_POINT('',(-9.326042752337,18.068588379634,
    34.123812135132));
#743 = CARTESIAN_POINT('',(-16.29242788649,9.84726273191,34.33473200346)
  );
#744 = CARTESIAN_POINT('',(-17.3766599486,0.237070128009,34.545684579841
    ));
#745 = CARTESIAN_POINT('',(-13.70007203781,-7.382891620616,
    34.756614980721));
#746 = CARTESIAN_POINT('',(-1.578109008054,-15.48252218571,
    35.178493094003));
#747 = CARTESIAN_POINT('',(6.868775184223,-15.9632346398,35.389423494869
    ));
#748 = CARTESIAN_POINT('',(15.332537924643,-11.28382045628,
    35.600376071288));
#749 = CARTESIAN_POINT('',(20.262121535977,-1.701639360826,
    35.811295939552));
#750 = CARTESIAN_POINT('',(18.454105969823,9.863953845315,
    36.022241537389));
#751 = CARTESIAN_POINT('',(9.842210429759,17.792691007971,
    36.233187135119));
#752 = CARTESIAN_POINT('',(-0.863888231379,19.017504748849,
    36.444107003471));
#753 = CARTESIAN_POINT('',(-9.456838409347,14.579873816828,
    36.655059579833));
#754 = CARTESIAN_POINT('',(-13.75000224788,7.289478767778,
    36.865989980726));
#755 = CARTESIAN_POINT('',(-13.74999710858,-7.289478773354,
    37.287868093993));
#756 = CARTESIAN_POINT('',(-9.4568574873,-14.57987582801,37.498798494907
    ));
#757 = CARTESIAN_POINT('',(-0.863852152723,-19.017494124,37.709751071217
    ));
#758 = CARTESIAN_POINT('',(9.842170163946,-17.79271851428,
    37.920670939647));
#759 = CARTESIAN_POINT('',(18.454129832935,-9.863909199611,
    38.131616537288));
#760 = CARTESIAN_POINT('',(20.262121036468,1.701590598946,
    38.342562135211));
#761 = CARTESIAN_POINT('',(15.332526714255,11.283856357712,
    38.553482003401));
#762 = CARTESIAN_POINT('',(6.868784111282,15.963217659566,
    38.764434579874));
#763 = CARTESIAN_POINT('',(-1.578111867969,15.482526455844,
    38.975364980711));
#764 = CARTESIAN_POINT('',(-13.70006918718,7.382887344298,
    39.397243094009));
#765 = CARTESIAN_POINT('',(-17.37667222004,-0.23705538248,39.60817349486
    ));
#766 = CARTESIAN_POINT('',(-16.29239900795,-9.847286827687,
    39.819126071297));
#767 = CARTESIAN_POINT('',(-9.326087993558,-18.06857018103,
    40.030045939546));
#768 = CARTESIAN_POINT('',(2.051024453525,-20.82414251057,
    40.240991537393));
#769 = CARTESIAN_POINT('',(12.67185218129,-15.90198483665,
    40.451937135118));
#770 = CARTESIAN_POINT('',(17.900479110428,-6.479555336952,
    40.662857003469));
#771 = CARTESIAN_POINT('',(17.089022387787,3.157503292971,
    40.873809579837));
#772 = CARTESIAN_POINT('',(11.996498291477,9.913782893817,41.08473998072
    ));
#773 = CARTESIAN_POINT('',(-1.472704152868,15.492903657814,
    41.506618094009));
#774 = CARTESIAN_POINT('',(-9.851066181349,14.316473999842,
    41.717548494856));
#775 = CARTESIAN_POINT('',(-17.23929167419,8.075775249123,
    41.928501071301));
#776 = CARTESIAN_POINT('',(-20.20476392295,-2.284000977457,
    42.139420939546));
#777 = CARTESIAN_POINT('',(-16.1751535663,-13.27463821428,
    42.350366537389));
#778 = CARTESIAN_POINT('',(-6.181913297765,-19.37092944145,
    42.561312135119));
#779 = CARTESIAN_POINT('',(4.557419986603,-18.48355249442,
    42.772232003473));
#780 = CARTESIAN_POINT('',(12.119520188929,-12.45478797915,
    42.983184579832));
#781 = CARTESIAN_POINT('',(14.907906570377,-4.466921110984,
    43.194114980725));
#782 = CARTESIAN_POINT('',(12.063688008452,9.831904846349,
    43.615993093997));
#783 = CARTESIAN_POINT('',(6.430753952215,16.14466897469,43.826923494887
    ));
#784 = CARTESIAN_POINT('',(-2.862875576856,18.820607501625,
    44.037876071256));
#785 = CARTESIAN_POINT('',(-13.12424280835,15.530724270537,
    44.248795939593));
#786 = CARTESIAN_POINT('',(-20.02389212506,6.074154818603,
    44.459741537344));
#787 = CARTESIAN_POINT('',(-19.54082620427,-5.621838730491,
    44.670687135163));
#788 = CARTESIAN_POINT('',(-12.83654534241,-14.05826779579,
    44.881607003435));
#789 = CARTESIAN_POINT('',(-3.622533076956,-16.99652221252,
    45.092559579856));
#790 = CARTESIAN_POINT('',(4.56827996282,-14.87715969883,45.303489980716
    ));
#791 = CARTESIAN_POINT('',(14.877156068706,-4.568276324798,
    45.725368094006));
#792 = CARTESIAN_POINT('',(16.996537124904,3.622521008765,
    45.936298494868));
#793 = CARTESIAN_POINT('',(14.058234771258,12.83656334137,
    46.147251071281));
#794 = CARTESIAN_POINT('',(5.621886652867,19.540817181302,
    46.358170939569));
#795 = CARTESIAN_POINT('',(-6.074203261921,20.023877430313,
    46.569116537369));
#796 = CARTESIAN_POINT('',(-15.53068943726,13.12427693435,
    46.780062135134));
#797 = CARTESIAN_POINT('',(-18.82062496092,2.862842264196,
    46.990982003466));
#798 = CARTESIAN_POINT('',(-16.14466328021,-6.43073563319,
    47.201934579831));
#799 = CARTESIAN_POINT('',(-9.83190584351,-12.06369305008,47.41286498073
    ));
#800 = CARTESIAN_POINT('',(4.466922119078,-14.90790153093,
    47.834743093982));
#801 = CARTESIAN_POINT('',(12.45478622982,-12.11953929254,
    48.045673494938));
#802 = CARTESIAN_POINT('',(18.483549112182,-4.557382528645,
    48.256626071176));
#803 = CARTESIAN_POINT('',(19.370948564034,6.181868439813,
    48.467545939683));
#804 = CARTESIAN_POINT('',(13.274599081575,16.175185680432,
    48.678491537261));
#805 = CARTESIAN_POINT('',(2.284048705229,20.204753920398,
    48.889437135233));
#806 = CARTESIAN_POINT('',(-8.075812647948,17.239287683035,
    49.100357003381));
#807 = CARTESIAN_POINT('',(-14.31645560418,9.851071624275,49.31130957989
    ));
#808 = CARTESIAN_POINT('',(-15.49290840387,1.472702180945,49.5222399807)
  );
#809 = CARTESIAN_POINT('',(-9.913778143482,-11.99649632986,
    49.944118094032));
#810 = CARTESIAN_POINT('',(-3.157520149436,-17.08903154676,
    50.155048494783));
#811 = CARTESIAN_POINT('',(6.479584604169,-17.90045548761,
    50.366001071432));
#812 = CARTESIAN_POINT('',(15.901958160827,-12.67189300279,
    50.576920939373));
#813 = CARTESIAN_POINT('',(20.824147473454,-2.050974074425,
    50.787866537574));
#814 = CARTESIAN_POINT('',(18.068588378777,9.32604275251,50.998812134956
    ));
#815 = CARTESIAN_POINT('',(9.8472627324,16.292427886346,51.209732003587)
  );
#816 = CARTESIAN_POINT('',(0.237070127831,17.376659948686,
    51.420684579777));
#817 = CARTESIAN_POINT('',(-7.382891620599,13.700072037799,
    51.631614980732));
#818 = CARTESIAN_POINT('',(-15.48252218568,1.578109008038,
    52.053493094019));
#819 = CARTESIAN_POINT('',(-15.96323463997,-6.868775184066,
    52.264423494796));
#820 = CARTESIAN_POINT('',(-11.28382045593,-15.33253792507,
    52.475376071422));
#821 = CARTESIAN_POINT('',(-1.70163936132,-20.26212153523,
    52.686295939382));
#822 = CARTESIAN_POINT('',(9.863953845804,-18.45410597072,
    52.897241537563));
#823 = CARTESIAN_POINT('',(17.792691007625,-9.842210428978,
    53.108187134966));
#824 = CARTESIAN_POINT('',(19.017504749013,0.863888230887,
    53.319107003585));
#825 = CARTESIAN_POINT('',(14.579873816787,9.456838409557,
    53.530059579769));
#826 = CARTESIAN_POINT('',(7.289478767777,13.750002247842,
    53.740989980744));
#827 = CARTESIAN_POINT('',(-7.289478773351,13.7499971086,54.162868093988
    ));
#828 = CARTESIAN_POINT('',(-14.57987582803,9.45685748729,54.373798494903
    ));
#829 = CARTESIAN_POINT('',(-19.01749412396,0.863852152695,
    54.584751071235));
#830 = CARTESIAN_POINT('',(-17.79271851433,-9.842170163853,
    54.795670939617));
#831 = CARTESIAN_POINT('',(-9.863909199569,-18.45412983308,
    55.006616537319));
#832 = CARTESIAN_POINT('',(1.701590598935,-20.26212103632,
    55.217562135184));
#833 = CARTESIAN_POINT('',(11.283856357701,-15.33252671434,
    55.428482003421));
#834 = CARTESIAN_POINT('',(15.963217659584,-6.86878411124,
    55.639434579861));
#835 = CARTESIAN_POINT('',(15.482526455832,1.578111867958,
    55.850364980717));
#836 = CARTESIAN_POINT('',(7.382887344319,13.700069187197,
    56.272243093998));
#837 = CARTESIAN_POINT('',(-0.237055382566,17.37667222,56.483173494896)
  );
#838 = CARTESIAN_POINT('',(-9.847286827498,16.292399008026,
    56.694126071232));
#839 = CARTESIAN_POINT('',(-18.06857018131,9.326087993492,
    56.905045939635));
#840 = CARTESIAN_POINT('',(-20.82414251027,-2.051024453484,
    57.115991537293));
#841 = CARTESIAN_POINT('',(-15.90198483689,-12.67185218129,
    57.326937135208));
#842 = CARTESIAN_POINT('',(-6.479555336808,-17.90047911044,
    57.537857003408));
#843 = CARTESIAN_POINT('',(3.157503292915,-17.08902238777,
    57.748809579866));
#844 = CARTESIAN_POINT('',(9.913782893822,-11.99649829148,
    57.959739980715));
#845 = CARTESIAN_POINT('',(15.492903657829,1.472704152863,
    58.381618094003));
#846 = CARTESIAN_POINT('',(14.31647399979,9.851066181398,58.592548494869
    ));
#847 = CARTESIAN_POINT('',(8.075775249187,17.239291674064,
    58.803501071296));
#848 = CARTESIAN_POINT('',(-2.284000977489,20.204763923139,
    59.014420939534));
#849 = CARTESIAN_POINT('',(-13.2746382143,16.175153566139,59.22536653741
    ));
#850 = CARTESIAN_POINT('',(-19.37092944139,6.181913297846,
    59.436312135105));
#851 = CARTESIAN_POINT('',(-18.48355249448,-4.557419986612,
    59.647232003479));
#852 = CARTESIAN_POINT('',(-12.45478797911,-12.11952018895,
    59.858184579826));
#853 = CARTESIAN_POINT('',(-4.466921110994,-14.90790657035,
    60.069114980732));
#854 = CARTESIAN_POINT('',(9.831904846362,-12.0636880085,60.490993093976
    ));
#855 = CARTESIAN_POINT('',(16.144668974682,-6.430753951996,
    60.701923494955));
#856 = CARTESIAN_POINT('',(18.820607501568,2.862875576394,
    60.912876071148));
#857 = CARTESIAN_POINT('',(15.530724270704,13.124242809017,
    61.123795939716));
#858 = CARTESIAN_POINT('',(6.074154818354,20.023892124385,
    61.334741537225));
#859 = CARTESIAN_POINT('',(-5.621838730242,19.540826204783,
    61.545687135267));
#860 = CARTESIAN_POINT('',(-14.05826779596,12.836545342148,
    61.756607003358));
#861 = CARTESIAN_POINT('',(-16.99652221245,3.62253307704,61.967559579894
    ));
#862 = CARTESIAN_POINT('',(-14.87715969884,-4.568279962819,
    62.178489980712));
#863 = CARTESIAN_POINT('',(-4.568276324829,-14.87715606874,
    62.600368093986));
#864 = CARTESIAN_POINT('',(3.622521008962,-16.99653712477,
    62.811298494943));
#865 = CARTESIAN_POINT('',(12.836563340892,-14.05823477147,
    63.02225107116));
#866 = CARTESIAN_POINT('',(19.540817182049,-5.621886652642,
    63.233170939708));
#867 = CARTESIAN_POINT('',(20.023877429488,6.074203261752,
    63.444116537234));
#868 = CARTESIAN_POINT('',(13.124276935014,15.530689437352,
    63.655062135252));
#869 = CARTESIAN_POINT('',(2.862842263802,18.820624960909,
    63.865982003377));
#870 = CARTESIAN_POINT('',(-6.430735633026,16.144663280202,
    64.076934579879));
#871 = CARTESIAN_POINT('',(-12.06369305012,9.831905843517,
    64.287864980717));
#872 = CARTESIAN_POINT('',(-14.90790153091,-4.466922119084,
    64.709743093987));
#873 = CARTESIAN_POINT('',(-12.11953929264,-12.45478622979,
    64.920673494941));
#874 = CARTESIAN_POINT('',(-4.557382528394,-18.48354911225,
    65.131626071144));
#875 = CARTESIAN_POINT('',(6.181868439351,-19.3709485639,65.342545939767
    ));
#876 = CARTESIAN_POINT('',(16.175185681064,-13.27459908175,
    65.553491537118));
#877 = CARTESIAN_POINT('',(20.204753919728,-2.284048705051,
    65.76443713541));
#878 = CARTESIAN_POINT('',(17.239287683599,8.075812647804,
    65.975357003211));
#879 = CARTESIAN_POINT('',(9.851071623891,14.316455604284,66.18630958002
    ));
#880 = CARTESIAN_POINT('',(1.472702181163,15.492908403815,
    66.397239980618));
#881 = CARTESIAN_POINT('',(-11.99649633028,9.913778143592,
    66.819118094197));
#882 = CARTESIAN_POINT('',(-17.08903154459,3.157520148972,
    67.030048493719));
#883 = CARTESIAN_POINT('',(-17.90045549337,-6.479584603187,
    67.241001074567));
#884 = CARTESIAN_POINT('',(-12.67189299182,-15.90195816219,
    67.45192093305));
#885 = CARTESIAN_POINT('',(-2.050974090819,-20.82414747216,
    67.662866547278));
#886 = CARTESIAN_POINT('',(9.326042772323,-18.0685883795,67.8738121231)
  );
#887 = CARTESIAN_POINT('',(16.292427866748,-9.847262732354,
    68.084732015362));
#888 = CARTESIAN_POINT('',(17.376659964566,-0.237070127472,
    68.295684570215));
#889 = CARTESIAN_POINT('',(13.700072027352,7.38289162019,68.506614987036
    ));
#890 = CARTESIAN_POINT('',(1.578109029394,15.482522186634,
    68.928493081116));
#891 = CARTESIAN_POINT('',(-6.868775304621,15.963234634429,
    69.139423567673));
#892 = CARTESIAN_POINT('',(-15.33253759211,11.283820471399,
    69.350375870115));
#893 = CARTESIAN_POINT('',(-20.26212218332,1.701639331057,
    69.561296331215));
#894 = CARTESIAN_POINT('',(-18.45410499481,-9.863953800072,
    69.772240947607));
#895 = CARTESIAN_POINT('',(-9.842211609212,-17.79269106308,
    69.983187848342));
#896 = CARTESIAN_POINT('',(0.863889395274,-19.01750469417,
    70.194106299885));
#897 = CARTESIAN_POINT('',(9.456837469908,-14.5798738611,70.405060147589
    ));
#898 = CARTESIAN_POINT('',(13.75000286286,-7.289478738741,
    70.615989609118));
#899 = CARTESIAN_POINT('',(13.749999359082,-1.228523872909E-08,
    70.8269292302));
#900 = CARTESIAN_POINT('',(11.181814761815,-5.932754287841E-15,
    3.625140479057));
#901 = CARTESIAN_POINT('',(11.181810747005,5.927966820824,3.836075742042
    ));
#902 = CARTESIAN_POINT('',(7.690533589946,11.856707685337,4.047021719494
    ));
#903 = CARTESIAN_POINT('',(0.702515945366,15.465418206126,4.257941979258
    ));
#904 = CARTESIAN_POINT('',(-8.003918077608,14.469503988475,
    4.468899567778));
#905 = CARTESIAN_POINT('',(-15.00725267529,8.021510284171,4.679827153192
    ));
#906 = CARTESIAN_POINT('',(-16.47769098777,-1.383754263175,
    4.890757149579));
#907 = CARTESIAN_POINT('',(-12.46871508081,-9.176288800399,
    5.101712617159));
#908 = CARTESIAN_POINT('',(-5.585871281322,-12.98165856868,
    5.312634507761));
#909 = CARTESIAN_POINT('',(1.283360622247,-12.59074320097,5.52357940355)
  );
#910 = CARTESIAN_POINT('',(11.141205852852,-6.003934542305,
    5.945451140779));
#911 = CARTESIAN_POINT('',(14.131123105934,0.192789791505,6.156396110224
    ));
#912 = CARTESIAN_POINT('',(13.249322940012,8.008004192681,6.367317734352
    ));
#913 = CARTESIAN_POINT('',(7.584213517646,14.693841522318,6.578273802276
    ));
#914 = CARTESIAN_POINT('',(-1.667940222279,16.934585942967,
    6.789202786287));
#915 = CARTESIAN_POINT('',(-10.30506463928,12.931927295445,
    7.000131729053));
#916 = CARTESIAN_POINT('',(-14.55705203022,5.26928445993,7.211087833248)
  );
#917 = CARTESIAN_POINT('',(-13.89719850038,-2.567740728856,7.4220094295)
  );
#918 = CARTESIAN_POINT('',(-9.755823394872,-8.062117514086,
    7.632954417424));
#919 = CARTESIAN_POINT('',(1.197633199182,-12.59918141344,8.054826133971
    ));
#920 = CARTESIAN_POINT('',(8.01113021981,-11.64249119664,8.265771120625)
  );
#921 = CARTESIAN_POINT('',(14.01934156237,-6.567400633331,8.476692721467
    ));
#922 = CARTESIAN_POINT('',(16.431045997408,1.857417865565,8.687648815334
    ));
#923 = CARTESIAN_POINT('',(13.153935660332,10.795193484786,
    8.898577775493));
#924 = CARTESIAN_POINT('',(5.027317418538,15.75294195039,9.10950673622)
  );
#925 = CARTESIAN_POINT('',(-3.706214885,15.031204008702,9.320462829566)
  );
#926 = CARTESIAN_POINT('',(-9.855868196225,10.128537932106,
    9.531384430835));
#927 = CARTESIAN_POINT('',(-12.12345080078,3.632598190257,9.742329417187
    ));
#928 = CARTESIAN_POINT('',(-9.810467129522,-7.995525765711,
    10.16420113409));
#929 = CARTESIAN_POINT('',(-5.229632158692,-13.12923288473,
    10.375146120428));
#930 = CARTESIAN_POINT('',(2.328134800318,-15.30530879415,
    10.586067721731));
#931 = CARTESIAN_POINT('',(10.672986565965,-12.62998936842,
    10.79702381504));
#932 = CARTESIAN_POINT('',(16.283810441546,-4.939609624227,
    11.007952775761));
#933 = CARTESIAN_POINT('',(15.891120445757,4.571803965414,
    11.218881736022));
#934 = CARTESIAN_POINT('',(10.438926702289,11.432494567122,
    11.429837829679));
#935 = CARTESIAN_POINT('',(2.945944517211,13.821969087139,
    11.640759430788));
#936 = CARTESIAN_POINT('',(-3.715033377492,12.098444360124,
    11.851704417198));
#937 = CARTESIAN_POINT('',(-12.09844021774,3.71502918792,12.273576134082
    ));
#938 = CARTESIAN_POINT('',(-13.82198613353,-2.945930749662,
    12.484521120457));
#939 = CARTESIAN_POINT('',(-11.43245677569,-10.43894731303,
    12.69544272167));
#940 = CARTESIAN_POINT('',(-4.571858730141,-15.89111013852,
    12.906398815133));
#941 = CARTESIAN_POINT('',(4.939665062325,-16.28379362465,
    13.117327775653));
#942 = CARTESIAN_POINT('',(12.629949559611,-10.67302556164,
    13.328256736116));
#943 = CARTESIAN_POINT('',(15.305328765845,-2.328096667398,
    13.539212829618));
#944 = CARTESIAN_POINT('',(13.129226360036,5.229611240963,
    13.750134430816));
#945 = CARTESIAN_POINT('',(7.995526882364,9.810472914396,13.96107941719)
  );
#946 = CARTESIAN_POINT('',(-3.632599372372,12.123445028928,
    14.382951134087));
#947 = CARTESIAN_POINT('',(-10.1285359553,9.855890018632,14.59389612044)
  );
#948 = CARTESIAN_POINT('',(-15.03120015005,3.706172011804,
    14.804817721706));
#949 = CARTESIAN_POINT('',(-15.752963806,-5.027266156797,15.01577381508)
  );
#950 = CARTESIAN_POINT('',(-10.79514870215,-13.15397241272,
    15.226702775713));
#951 = CARTESIAN_POINT('',(-1.857472406019,-16.43103456206,
    15.437631736065));
#952 = CARTESIAN_POINT('',(6.567443435471,-14.01933698308,
    15.648587829651));
#953 = CARTESIAN_POINT('',(11.642470179211,-8.011136415675,15.8595094308
    ));
#954 = CARTESIAN_POINT('',(12.599186843793,-1.197630913947,
    16.070454417196));
#955 = CARTESIAN_POINT('',(8.06211205819,9.755821171515,16.492326134081)
  );
#956 = CARTESIAN_POINT('',(2.567759971886,13.897208978222,
    16.703271120465));
#957 = CARTESIAN_POINT('',(-5.269317964218,14.557025009411,
    16.914192721651));
#958 = CARTESIAN_POINT('',(-12.93189681468,10.305111278208,
    17.125148815163));
#959 = CARTESIAN_POINT('',(-16.93459162229,1.667882587672,
    17.336077775619));
#960 = CARTESIAN_POINT('',(-14.6938623144,-7.584161839132,
    17.547006736146));
#961 = CARTESIAN_POINT('',(-8.007976606326,-13.24935596155,17.7579628296
    ));
#962 = CARTESIAN_POINT('',(-0.192806619235,-14.13110909137,
    17.968884430823));
#963 = CARTESIAN_POINT('',(6.003939458958,-11.14120908626,18.17982941719
    ));
#964 = CARTESIAN_POINT('',(12.590738321973,-1.283357345809,
    18.601701134083));
#965 = CARTESIAN_POINT('',(12.981677967129,5.585861242046,
    18.812646120463));
#966 = CARTESIAN_POINT('',(9.176247731614,12.468727541356,
    19.023567721653));
#967 = CARTESIAN_POINT('',(1.383809952513,16.477692304964,
    19.234523815164));
#968 = CARTESIAN_POINT('',(-8.021561325155,15.007224248582,
    19.445452775616));
#969 = CARTESIAN_POINT('',(-14.46947261399,8.003965441543,
    19.656381736149));
#970 = CARTESIAN_POINT('',(-15.4654302938,-0.702558574718,
    19.867337829597));
#971 = CARTESIAN_POINT('',(-11.85670541598,-7.690510725784,
    20.078259430825));
#972 = CARTESIAN_POINT('',(-5.927966755289,-11.1818173424,
    20.289204417189));
#973 = CARTESIAN_POINT('',(5.927966788662,-11.18181145083,
    20.711076134085));
#974 = CARTESIAN_POINT('',(11.856707734486,-7.69053251449,
    20.922021120452));
#975 = CARTESIAN_POINT('',(15.465418145205,-0.702517278226,
    21.132942721678));
#976 = CARTESIAN_POINT('',(14.469504050246,8.003919428839,
    21.343898815121));
#977 = CARTESIAN_POINT('',(8.021510233073,15.007251557776,21.55482777567
    ));
#978 = CARTESIAN_POINT('',(-1.383754229224,16.477691730087,
    21.765756736097));
#979 = CARTESIAN_POINT('',(-9.176288817853,12.468714699366,
    21.976712829636));
#980 = CARTESIAN_POINT('',(-12.98165856235,5.58587141948,22.187634430801
    ));
#981 = CARTESIAN_POINT('',(-12.5907432021,-1.283360646748,22.3985794172)
  );
#982 = CARTESIAN_POINT('',(-6.003934541735,-11.14120584081,
    22.820451134066));
#983 = CARTESIAN_POINT('',(0.192789790572,-14.13112312434,
    23.031396120531));
#984 = CARTESIAN_POINT('',(8.00800419394,-13.24932291718,23.242317721508
    ));
#985 = CARTESIAN_POINT('',(14.693841520921,-7.584213540791,
    23.453273815374));
#986 = CARTESIAN_POINT('',(16.93458594422,1.66794024141,23.664202775392)
  );
#987 = CARTESIAN_POINT('',(12.931927294558,10.305064626592,
    23.875131736328));
#988 = CARTESIAN_POINT('',(5.269284460405,14.557052036725,
    24.086087829492));
#989 = CARTESIAN_POINT('',(-2.567740729032,13.897198498045,
    24.297009430866));
#990 = CARTESIAN_POINT('',(-8.062117514056,9.755823395283,
    24.507954417182));
#991 = CARTESIAN_POINT('',(-12.59918141345,-1.197633199385,
    24.929826134085));
#992 = CARTESIAN_POINT('',(-11.64249119665,-8.011130219491,
    25.140771120466));
#993 = CARTESIAN_POINT('',(-6.567400633306,-14.01934156278,
    25.35169272164));
#994 = CARTESIAN_POINT('',(1.857417865527,-16.43104599695,
    25.562648815183));
#995 = CARTESIAN_POINT('',(10.79519348482,-13.15393566073,
    25.773577775597));
#996 = CARTESIAN_POINT('',(15.752941950373,-5.027317418245,
    25.984506736163));
#997 = CARTESIAN_POINT('',(15.031204008702,3.706214884837,26.19546282959
    ));
#998 = CARTESIAN_POINT('',(10.128537932113,9.855868196288,
    26.406384430827));
#999 = CARTESIAN_POINT('',(3.632598190253,12.123450800776,26.61732941719
    ));
#1000 = CARTESIAN_POINT('',(-7.995525765705,9.810467129518,
    27.039201134082));
#1001 = CARTESIAN_POINT('',(-13.12923288475,5.229632158727,
    27.250146120467));
#1002 = CARTESIAN_POINT('',(-15.30530879414,-2.328134800408,
    27.461067721644));
#1003 = CARTESIAN_POINT('',(-12.62998936842,-10.67298656582,
    27.672023815175));
#1004 = CARTESIAN_POINT('',(-4.939609624257,-16.28381044171,
    27.882952775608));
#1005 = CARTESIAN_POINT('',(4.571803965457,-15.89112044562,
    28.093881736152));
#1006 = CARTESIAN_POINT('',(11.432494567081,-10.43892670235,
    28.304837829599));
#1007 = CARTESIAN_POINT('',(13.821969087162,-2.945944517191,
    28.51575943082));
#1008 = CARTESIAN_POINT('',(12.098444360119,3.715033377493,
    28.726704417194));
#1009 = CARTESIAN_POINT('',(3.715029187912,12.098440217734,
    29.148576134073));
#1010 = CARTESIAN_POINT('',(-2.945930749609,13.821986133574,
    29.359521120504));
#1011 = CARTESIAN_POINT('',(-10.43894731316,11.432456775631,
    29.570442721567));
#1012 = CARTESIAN_POINT('',(-15.89111013831,4.571858730199,
    29.781398815284));
#1013 = CARTESIAN_POINT('',(-16.28379362488,-4.939665062361,
    29.992327775494));
#1014 = CARTESIAN_POINT('',(-10.67302556145,-12.6299495596,
    30.203256736241));
#1015 = CARTESIAN_POINT('',(-2.328096667508,-15.30532876583,
    30.414212829545));
#1016 = CARTESIAN_POINT('',(5.229611241007,-13.12922636004,
    30.625134430845));
#1017 = CARTESIAN_POINT('',(9.810472914388,-7.995526882361,
    30.836079417185));
#1018 = CARTESIAN_POINT('',(12.123445028929,3.632599372371,
    31.257951134088));
#1019 = CARTESIAN_POINT('',(9.855890018641,10.128535955296,
    31.468896120447));
#1020 = CARTESIAN_POINT('',(3.706172011779,15.031200150077,
    31.679817721684));
#1021 = CARTESIAN_POINT('',(-5.027266156754,15.752963805962,
    31.890773815122));
#1022 = CARTESIAN_POINT('',(-13.15397241277,10.795148702209,
    32.101702775655));
#1023 = CARTESIAN_POINT('',(-16.43103456202,1.857472405958,
    32.312631736123));
#1024 = CARTESIAN_POINT('',(-14.0193369831,-6.567443435423,
    32.523587829608));
#1025 = CARTESIAN_POINT('',(-8.011136415664,-11.64247017923,
    32.734509430821));
#1026 = CARTESIAN_POINT('',(-1.19763091395,-12.59918684378,
    32.94545441719));
#1027 = CARTESIAN_POINT('',(9.755821171516,-8.062112058195,
    33.367326134084));
#1028 = CARTESIAN_POINT('',(13.897208978222,-2.567759971878,
    33.578271120459));
#1029 = CARTESIAN_POINT('',(14.557025009406,5.269317964209,
    33.789192721658));
#1030 = CARTESIAN_POINT('',(10.305111278217,12.931896814683,
    34.000148815159));
#1031 = CARTESIAN_POINT('',(1.667882587662,16.934591622304,
    34.211077775618));
#1032 = CARTESIAN_POINT('',(-7.584161839125,14.693862314384,
    34.42200673615));
#1033 = CARTESIAN_POINT('',(-13.24935596155,8.007976606342,
    34.632962829594));
#1034 = CARTESIAN_POINT('',(-14.13110909137,0.192806619227,
    34.843884430826));
#1035 = CARTESIAN_POINT('',(-11.14120908626,-6.003939458956,
    35.05482941719));
#1036 = CARTESIAN_POINT('',(-1.283357345809,-12.59073832197,
    35.476701134082));
#1037 = CARTESIAN_POINT('',(5.585861242042,-12.98167796713,
    35.687646120468));
#1038 = CARTESIAN_POINT('',(12.468727541368,-9.176247731592,
    35.898567721638));
#1039 = CARTESIAN_POINT('',(16.477692304939,-1.383809952558,
    36.109523815193));
#1040 = CARTESIAN_POINT('',(15.007224248621,8.021561325216,
    36.320452775576));
#1041 = CARTESIAN_POINT('',(8.0039654415,14.469472613933,36.531381736192
    ));
#1042 = CARTESIAN_POINT('',(-0.702558574681,15.465430293845,
    36.742337829563));
#1043 = CARTESIAN_POINT('',(-7.690510725809,11.85670541597,
    36.953259430845));
#1044 = CARTESIAN_POINT('',(-11.18181734238,5.927966755293,
    37.16420441718));
#1045 = CARTESIAN_POINT('',(-11.18181145085,-5.927966788664,
    37.586076134101));
#1046 = CARTESIAN_POINT('',(-7.690532514402,-11.85670773449,
    37.797021120382));
#1047 = CARTESIAN_POINT('',(-0.70251727842,-15.46541814515,
    38.007942721835));
#1048 = CARTESIAN_POINT('',(8.003919429134,-14.46950405035,
    38.21889881488));
#1049 = CARTESIAN_POINT('',(15.007251557451,-8.02151023291,
    38.429827775943));
#1050 = CARTESIAN_POINT('',(16.477691730342,1.383754229059,
    38.640756735867));
#1051 = CARTESIAN_POINT('',(12.468714699229,9.176288817973,
    38.851712829777));
#1052 = CARTESIAN_POINT('',(5.585871419525,12.981658562298,
    39.062634430744));
#1053 = CARTESIAN_POINT('',(-1.283360646752,12.590743202119,
    39.27357941721));
#1054 = CARTESIAN_POINT('',(-11.14120584082,6.003934541737,
    39.69545113407));
#1055 = CARTESIAN_POINT('',(-14.13112312431,-0.192789790606,
    39.906396120496));
#1056 = CARTESIAN_POINT('',(-13.24932291723,-8.008004193845,
    40.117317721593));
#1057 = CARTESIAN_POINT('',(-7.584213540726,-14.69384152108,
    40.328273815241));
#1058 = CARTESIAN_POINT('',(1.667940241356,-16.93458594402,
    40.539202775543));
#1059 = CARTESIAN_POINT('',(10.305064626621,-12.93192729472,
    40.750131736198));
#1060 = CARTESIAN_POINT('',(14.557052036722,-5.269284460301,
    40.961087829575));
#1061 = CARTESIAN_POINT('',(13.897198498036,2.567740728985,
    41.172009430828));
#1062 = CARTESIAN_POINT('',(9.755823395289,8.06211751407,41.382954417194
    ));
#1063 = CARTESIAN_POINT('',(-1.197633199393,12.599181413439,
    41.80482613407));
#1064 = CARTESIAN_POINT('',(-8.011130219451,11.642491196705,
    42.015771120519));
#1065 = CARTESIAN_POINT('',(-14.01934156288,6.567400633224,
    42.226692721538));
#1066 = CARTESIAN_POINT('',(-16.4310459968,-1.857417865436,
    42.437648815323));
#1067 = CARTESIAN_POINT('',(-13.1539356609,-10.79519348489,
    42.648577775456));
#1068 = CARTESIAN_POINT('',(-5.027317418111,-15.75294195033,
    42.85950673627));
#1069 = CARTESIAN_POINT('',(3.706214884758,-15.03120400871,
    43.070462829529));
#1070 = CARTESIAN_POINT('',(9.855868196323,-10.1285379321,
    43.281384430853));
#1071 = CARTESIAN_POINT('',(12.123450800765,-3.632598190254,
    43.492329417182));
#1072 = CARTESIAN_POINT('',(9.810467129534,7.995525765708,
    43.914201134094));
#1073 = CARTESIAN_POINT('',(5.229632158664,13.129232884756,
    44.12514612042));
#1074 = CARTESIAN_POINT('',(-2.328134800265,15.30530879411,
    44.336067721746));
#1075 = CARTESIAN_POINT('',(-10.67298656604,12.629989368497,
    44.547023815021));
#1076 = CARTESIAN_POINT('',(-16.28381044145,4.939609624157,
    44.75795277578));
#1077 = CARTESIAN_POINT('',(-15.89112044583,-4.571803965366,
    44.968881736008));
#1078 = CARTESIAN_POINT('',(-10.43892670224,-11.43249456714,
    45.179837829688));
#1079 = CARTESIAN_POINT('',(-2.945944517231,-13.82196908713,
    45.390759430783));
#1080 = CARTESIAN_POINT('',(3.715033377498,-12.09844436012,45.6017044172
    ));
#1081 = CARTESIAN_POINT('',(12.098440217738,-3.715029187912,
    46.023576134075));
#1082 = CARTESIAN_POINT('',(13.821986133556,2.945930749621,
    46.234521120484));
#1083 = CARTESIAN_POINT('',(11.432456775649,10.438947313141,
    46.445442721609));
#1084 = CARTESIAN_POINT('',(4.571858730211,15.891110138348,
    46.656398815232));
#1085 = CARTESIAN_POINT('',(-4.939665062417,16.283793624872,
    46.867327775531));
#1086 = CARTESIAN_POINT('',(-12.62994955952,10.673025561445,
    47.078256736234));
#1087 = CARTESIAN_POINT('',(-15.30532876589,2.328096667538,
    47.28921282953));
#1088 = CARTESIAN_POINT('',(-13.12922636001,-5.22961124104,
    47.500134430867));
#1089 = CARTESIAN_POINT('',(-7.995526882362,-9.810472914364,
    47.711079417168));
#1090 = CARTESIAN_POINT('',(3.632599372362,-12.12344502898,
    48.132951134125));
#1091 = CARTESIAN_POINT('',(10.128535955388,-9.855890018439,
    48.343896120287));
#1092 = CARTESIAN_POINT('',(15.031200149803,-3.706172012186,
    48.554817722026));
#1093 = CARTESIAN_POINT('',(15.752963806444,5.027266157327,
    48.76577381462));
#1094 = CARTESIAN_POINT('',(10.795148701633,13.153972412181,
    48.976702776199));
#1095 = CARTESIAN_POINT('',(1.857472406457,16.43103456248,
    49.187631735679));
#1096 = CARTESIAN_POINT('',(-6.567443435746,14.019336982853,
    49.398587829885));
#1097 = CARTESIAN_POINT('',(-11.64247017908,8.011136415764,
    49.609509430693));
#1098 = CARTESIAN_POINT('',(-12.59918684384,1.197630913924,
    49.820454417233));
#1099 = CARTESIAN_POINT('',(-8.062112058115,-9.755821171484,
    50.242326134025));
#1100 = CARTESIAN_POINT('',(-2.567759972199,-13.89720897828,
    50.453271120692));
#1101 = CARTESIAN_POINT('',(5.269317964919,-14.55702500936,
    50.66419272116));
#1102 = CARTESIAN_POINT('',(12.931896813609,-10.30511127814,
    50.875148815896));
#1103 = CARTESIAN_POINT('',(16.934591623486,-1.667882587857,
    51.086077774814));
#1104 = CARTESIAN_POINT('',(14.693862313435,7.584161839379,
    51.297006736803));
#1105 = CARTESIAN_POINT('',(8.00797660688,13.249355961346,51.50796282921
    ));
#1106 = CARTESIAN_POINT('',(0.192806619035,14.13110909149,
    51.718884430974));
#1107 = CARTESIAN_POINT('',(-6.00393945894,11.14120908624,
    51.929829417173));
#1108 = CARTESIAN_POINT('',(-12.59073832193,1.283357345792,
    52.351701134054));
#1109 = CARTESIAN_POINT('',(-12.98167796732,-5.585861241866,
    52.562646120644));
#1110 = CARTESIAN_POINT('',(-9.176247731209,-12.46872754186,
    52.773567721223));
#1111 = CARTESIAN_POINT('',(-1.383809953075,-16.47769230408,
    52.984523815838));
#1112 = CARTESIAN_POINT('',(8.021561325712,-15.00722424965,
    53.195452774844));
#1113 = CARTESIAN_POINT('',(14.469472613597,-8.0039654406,
    53.406381736809));
#1114 = CARTESIAN_POINT('',(15.465430293991,0.702558574112,
    53.617337829179));
#1115 = CARTESIAN_POINT('',(11.856705415943,7.690510726053,
    53.82825943101));
#1116 = CARTESIAN_POINT('',(5.927966755287,11.181817342336,
    54.039204417145));
#1117 = CARTESIAN_POINT('',(-5.927966788657,11.181811450878,
    54.461076134115));
#1118 = CARTESIAN_POINT('',(-11.85670773452,7.690532514392,
    54.672021120373));
#1119 = CARTESIAN_POINT('',(-15.4654181451,0.702517278389,
    54.882942721823));
#1120 = CARTESIAN_POINT('',(-14.46950405041,-8.003919429036,
    55.093898814926));
#1121 = CARTESIAN_POINT('',(-8.021510232871,-15.00725155759,
    55.304827775867));
#1122 = CARTESIAN_POINT('',(1.383754229059,-16.4776917302,
    55.515756735952));
#1123 = CARTESIAN_POINT('',(9.17628881795,-12.46871469932,
    55.726712829711));
#1124 = CARTESIAN_POINT('',(12.981658562324,-5.585871419482,
    55.937634430781));
#1125 = CARTESIAN_POINT('',(12.590743202103,1.283360646739,
    56.148579417195));
#1126 = CARTESIAN_POINT('',(6.003934541762,11.141205840841,
    56.570451134092));
#1127 = CARTESIAN_POINT('',(-0.192789790708,14.131123124268,
    56.781396120408));
#1128 = CARTESIAN_POINT('',(-8.00800419362,13.2493229173,56.992317721781
    ));
#1129 = CARTESIAN_POINT('',(-14.69384152141,7.584213540682,
    57.203273814964));
#1130 = CARTESIAN_POINT('',(-16.93458594366,-1.667940241351,
    57.414202775841));
#1131 = CARTESIAN_POINT('',(-12.93192729501,-10.30506462658,
    57.625131735963));
#1132 = CARTESIAN_POINT('',(-5.269284460136,-14.55705203676,
    57.836087829709));
#1133 = CARTESIAN_POINT('',(2.567740728924,-13.897198498,58.04700943078)
  );
#1134 = CARTESIAN_POINT('',(8.062117514074,-9.755823395296,
    58.257954417197));
#1135 = CARTESIAN_POINT('',(12.599181413457,1.197633199388,
    58.679826134085));
#1136 = CARTESIAN_POINT('',(11.642491196645,8.011130219502,
    58.890771120449));
#1137 = CARTESIAN_POINT('',(6.567400633299,14.019341562751,
    59.101692721671));
#1138 = CARTESIAN_POINT('',(-1.85741786547,16.431045996998,
    59.312648815162));
#1139 = CARTESIAN_POINT('',(-10.79519348493,13.153935660726,
    59.523577775583));
#1140 = CARTESIAN_POINT('',(-15.75294195024,5.027317418206,
    59.734506736211));
#1141 = CARTESIAN_POINT('',(-15.03120400879,-3.706214884775,
    59.945462829532));
#1142 = CARTESIAN_POINT('',(-10.12853793206,-9.855868196343,
    60.156384430873));
#1143 = CARTESIAN_POINT('',(-3.632598190267,-12.12345080074,
    60.367329417163));
#1144 = CARTESIAN_POINT('',(7.995525765722,-9.810467129593,
    60.789201134136));
#1145 = CARTESIAN_POINT('',(13.129232884754,-5.229632158417,
    61.000146120239));
#1146 = CARTESIAN_POINT('',(15.305308794023,2.328134799743,
    61.21106772213));
#1147 = CARTESIAN_POINT('',(12.629989368731,10.672986566787,
    61.422023814465));
#1148 = CARTESIAN_POINT('',(4.93960962382,16.283810440695,
    61.632952776364));
#1149 = CARTESIAN_POINT('',(-4.571803965036,15.891120446395,
    61.843881735556));
#1150 = CARTESIAN_POINT('',(-11.43249456736,10.438926701954,
    62.054837829939));
#1151 = CARTESIAN_POINT('',(-13.82196908703,2.945944517318,
    62.265759430697));
#1152 = CARTESIAN_POINT('',(-12.09844436013,-3.715033377495,
    62.476704417203));
#1153 = CARTESIAN_POINT('',(-3.715029187947,-12.09844021778,
    62.898576134114));
#1154 = CARTESIAN_POINT('',(2.945930749846,-13.82198613341,
    63.10952112029));
#1155 = CARTESIAN_POINT('',(10.438947312595,-11.43245677587,
    63.320442722035));
#1156 = CARTESIAN_POINT('',(15.891110139201,-4.571858729989,
    63.531398814609));
#1157 = CARTESIAN_POINT('',(16.283793623925,4.939665062275,
    63.742327776192));
#1158 = CARTESIAN_POINT('',(10.673025562213,12.629949559572,
    63.953256735712));
#1159 = CARTESIAN_POINT('',(2.328096667081,15.305328765911,
    64.164212829834));
#1160 = CARTESIAN_POINT('',(-5.22961124085,13.129226359992,
    64.375134430744));
#1161 = CARTESIAN_POINT('',(-9.810472914408,7.995526882374,
    64.586079417194));
#1162 = CARTESIAN_POINT('',(-12.12344502894,-3.632599372371,
    65.007951134112));
#1163 = CARTESIAN_POINT('',(-9.855890018552,-10.12853595534,
    65.218896120311));
#1164 = CARTESIAN_POINT('',(-3.706172011906,-15.0312001499,
    65.429817721987));
#1165 = CARTESIAN_POINT('',(5.027266156809,-15.75296380626,
    65.640773814673));
#1166 = CARTESIAN_POINT('',(13.153972412898,-10.79514870186,
    65.85170277615));
#1167 = CARTESIAN_POINT('',(16.431034561712,-1.857472406226,
    66.062631735697));
#1168 = CARTESIAN_POINT('',(14.019336983503,6.56744343556,66.27358782991
    ));
#1169 = CARTESIAN_POINT('',(8.011136415321,11.642470179203,
    66.484509430638));
#1170 = CARTESIAN_POINT('',(1.197630914175,12.59918684377,
    66.695454417287));
#1171 = CARTESIAN_POINT('',(-9.755821171968,8.062112058256,
    67.117326133903));
#1172 = CARTESIAN_POINT('',(-13.89720897578,2.567759971587,
    67.328271121539));
#1173 = CARTESIAN_POINT('',(-14.55702501598,-5.269317963574,
    67.539192718541));
#1174 = CARTESIAN_POINT('',(-10.30511126555,-12.9318968156,
    67.750148821464));
#1175 = CARTESIAN_POINT('',(-1.667882606661,-16.93459162134,
    67.961077765808));
#1176 = CARTESIAN_POINT('',(7.584161862114,-14.69386231508,
    68.172006748333));
#1177 = CARTESIAN_POINT('',(13.249355938835,-8.007976606012,
    68.382962817333));
#1178 = CARTESIAN_POINT('',(14.131109109754,-0.192806619289,
    68.593884440861));
#1179 = CARTESIAN_POINT('',(11.141209074211,6.003939458912,
    68.80482941056));
#1180 = CARTESIAN_POINT('',(1.283357370397,12.590738322117,
    69.226701147633));
#1181 = CARTESIAN_POINT('',(-5.585861380773,12.981677966077,
    69.437646043894));
#1182 = CARTESIAN_POINT('',(-12.4687271582,9.176247734824,
    69.648567933274));
#1183 = CARTESIAN_POINT('',(-16.47769305086,1.383809945864,
    69.859523403011));
#1184 = CARTESIAN_POINT('',(-15.00722312516,-8.021561314668,
    70.070453396541));
#1185 = CARTESIAN_POINT('',(-8.003966800535,-14.46947262713,
    70.28138098489));
#1186 = CARTESIAN_POINT('',(0.702559915792,-15.46543028049,
    70.492338571042));
#1187 = CARTESIAN_POINT('',(7.690509643327,-11.85670542691,
    70.703258832309));
#1188 = CARTESIAN_POINT('',(11.181818051003,-5.927966748078,
    70.914204809018));
#1189 = CARTESIAN_POINT('',(11.181814028872,1.293902542748E-08,
    71.125140072279));
#1190 = CARTESIAN_POINT('',(9.063603848739,4.51028103754E-16,1.25));
#1191 = CARTESIAN_POINT('',(9.063603849944,4.805006927336,1.460931668293
    ));
#1192 = CARTESIAN_POINT('',(6.233675358971,9.610667773218,1.671891268285
    ));
#1193 = CARTESIAN_POINT('',(0.569472864605,12.535712305058,
    1.882783824464));
#1194 = CARTESIAN_POINT('',(-6.487776159197,11.728536453325,
    2.093773693526));
#1195 = CARTESIAN_POINT('',(-12.16428976923,6.501948370826,
    2.304685347022));
#1196 = CARTESIAN_POINT('',(-13.35633701796,-1.121637132035,
    2.515603285785));
#1197 = CARTESIAN_POINT('',(-10.1066816026,-7.437967963573,
    2.726587625692));
#1198 = CARTESIAN_POINT('',(-4.527733733395,-10.52251262755,
    2.937484433347));
#1199 = CARTESIAN_POINT('',(1.040251317511,-10.20562996881,
    3.148441213529));
#1200 = CARTESIAN_POINT('',(9.030685719015,-4.866592373969,
    3.570307707767));
#1201 = CARTESIAN_POINT('',(11.454222726307,0.15628932028,3.781264679974
    ));
#1202 = CARTESIAN_POINT('',(10.739445963821,6.490969199666,
    3.992160792918));
#1203 = CARTESIAN_POINT('',(6.147506404476,11.910414483267,4.20314669795
    ));
#1204 = CARTESIAN_POINT('',(-1.351944859551,13.726526249045,
    4.414061997423));
#1205 = CARTESIAN_POINT('',(-8.352990428109,10.482240173106,
    4.624977189527));
#1206 = CARTESIAN_POINT('',(-11.79941580873,4.271085031972,
    4.835963189007));
#1207 = CARTESIAN_POINT('',(-11.26462357413,-2.081321777957,
    5.046859229335));
#1208 = CARTESIAN_POINT('',(-7.907738527681,-6.534881580011,
    5.257816249699));
#1209 = CARTESIAN_POINT('',(0.970756495349,-10.2124746126,5.679682690018
    ));
#1210 = CARTESIAN_POINT('',(6.49357500884,-9.437008435726,5.890639707089
    ));
#1211 = CARTESIAN_POINT('',(11.363560141549,-5.323333700665,
    6.101535759325));
#1212 = CARTESIAN_POINT('',(13.318519277357,1.505606982603,
    6.312521731992));
#1213 = CARTESIAN_POINT('',(10.662089138754,8.750150455378,
    6.523436969284));
#1214 = CARTESIAN_POINT('',(4.074991333682,12.768878328061,
    6.734352208208));
#1215 = CARTESIAN_POINT('',(-3.004126774427,12.183743394514,
    6.945338179413));
#1216 = CARTESIAN_POINT('',(-7.988845355856,8.209871770687,
    7.156234232809));
#1217 = CARTESIAN_POINT('',(-9.826859590239,2.944458605652,
    7.367191249081));
#1218 = CARTESIAN_POINT('',(-7.952038894477,-6.480901427071,
    7.789057690329));
#1219 = CARTESIAN_POINT('',(-4.238948764552,-10.64213127067,
    8.000014706585));
#1220 = CARTESIAN_POINT('',(1.887065547525,-12.40594068984,
    8.210910759991));
#1221 = CARTESIAN_POINT('',(8.65123931249,-10.23747363776,8.421896731268
    ));
#1222 = CARTESIAN_POINT('',(13.199023554036,-4.003879995148,
    8.632811969927));
#1223 = CARTESIAN_POINT('',(12.880878197755,3.705777243807,
    8.843727207749));
#1224 = CARTESIAN_POINT('',(8.461408984558,9.266765281165,9.054713179669
    ));
#1225 = CARTESIAN_POINT('',(2.387894222309,11.203642523485,
    9.265609232705));
#1226 = CARTESIAN_POINT('',(-3.011282817117,9.806588687305,
    9.476566249105));
#1227 = CARTESIAN_POINT('',(-9.806588698522,3.011282780595,
    9.898432690308));
#1228 = CARTESIAN_POINT('',(-11.20364251459,-2.387894264067,
    10.109389706651));
#1229 = CARTESIAN_POINT('',(-9.266765249652,-8.461409019015,
    10.320285759855));
#1230 = CARTESIAN_POINT('',(-3.705777195804,-12.88087821164,
    10.531271731471));
#1231 = CARTESIAN_POINT('',(4.003880044257,-13.19902353904,
    10.742186969698));
#1232 = CARTESIAN_POINT('',(10.237473670053,-8.651239274417,
    10.953102207945));
#1233 = CARTESIAN_POINT('',(12.405940696814,-1.887065501287,
    11.164088179542));
#1234 = CARTESIAN_POINT('',(10.642131254914,4.238948804182,
    11.374984232764));
#1235 = CARTESIAN_POINT('',(6.480901397446,7.952038918618,
    11.585941249089));
#1236 = CARTESIAN_POINT('',(-2.94445864225,9.826859579272,
    12.007807690322));
#1237 = CARTESIAN_POINT('',(-8.209871800458,7.988845325275,
    12.218764706606));
#1238 = CARTESIAN_POINT('',(-12.18374340567,3.004126729045,
    12.429660759948));
#1239 = CARTESIAN_POINT('',(-12.76887831292,-4.074991381239,
    12.640646731334));
#1240 = CARTESIAN_POINT('',(-8.750150415623,-10.66208917135,
    12.851561969851));
#1241 = CARTESIAN_POINT('',(-1.505606933024,-13.31851928295,
    13.062477207814));
#1242 = CARTESIAN_POINT('',(5.323333743009,-11.36356012172,
    13.273463179626));
#1243 = CARTESIAN_POINT('',(9.437008459902,-6.493574973686,
    13.484359232724));
#1244 = CARTESIAN_POINT('',(10.212474616234,-0.97075645731,
    13.695316249102));
#1245 = CARTESIAN_POINT('',(6.534881550538,7.907738552019,
    14.117182690306));
#1246 = CARTESIAN_POINT('',(2.081321736103,11.264623581904,
    14.328139706664));
#1247 = CARTESIAN_POINT('',(-4.271085076215,11.799415792784,
    14.539035759824));
#1248 = CARTESIAN_POINT('',(-10.48224020364,8.352990389153,
    14.750021731518));
#1249 = CARTESIAN_POINT('',(-13.72652625496,1.351944808276,
    14.960936969644));
#1250 = CARTESIAN_POINT('',(-11.9104144593,-6.147506448647,
    15.171852207993));
#1251 = CARTESIAN_POINT('',(-6.490969160715,-10.73944598819,
    15.382838179511));
#1252 = CARTESIAN_POINT('',(-0.156289276767,-11.45422272672,
    15.593734232777));
#1253 = CARTESIAN_POINT('',(4.866592407051,-9.030685701,15.80469124909)
  );
#1254 = CARTESIAN_POINT('',(10.205629973824,-1.040251279267,
    16.226557690312));
#1255 = CARTESIAN_POINT('',(10.522512604299,4.527733771285,
    16.437514706658));
#1256 = CARTESIAN_POINT('',(7.437967943576,10.106681633918,
    16.64841075983));
#1257 = CARTESIAN_POINT('',(1.12163704794,13.356337015101,
    16.859396731514));
#1258 = CARTESIAN_POINT('',(-6.501948364432,12.164289755634,
    17.070311969645));
#1259 = CARTESIAN_POINT('',(-11.72853653999,6.487776102671,
    17.281227207994));
#1260 = CARTESIAN_POINT('',(-12.53571224129,-0.569472898631,
    17.492213179508));
#1261 = CARTESIAN_POINT('',(-9.610667799723,-6.233675404986,
    17.703109232779));
#1262 = CARTESIAN_POINT('',(-4.80500686104,-9.063603861156,
    17.914066249087));
#1263 = CARTESIAN_POINT('',(4.8050068948,-9.06360384326,18.335932690317)
  );
#1264 = CARTESIAN_POINT('',(9.610667822941,-6.233675369181,
    18.546889706635));
#1265 = CARTESIAN_POINT('',(12.535712243424,-0.569472851952,
    18.757785759882));
#1266 = CARTESIAN_POINT('',(11.728536515819,6.487776146371,
    18.968771731429));
#1267 = CARTESIAN_POINT('',(6.501948319137,12.164289779845,
    19.179686969751));
#1268 = CARTESIAN_POINT('',(-1.121637097703,13.356337010923,
    19.39060220789));
#1269 = CARTESIAN_POINT('',(-7.437967981211,10.106681606217,
    19.601588179589));
#1270 = CARTESIAN_POINT('',(-10.52251262116,4.527733732089,
    19.81248423273));
#1271 = CARTESIAN_POINT('',(-10.20562996994,-1.04025131728,
    20.023441249112));
#1272 = CARTESIAN_POINT('',(-4.866592373416,-9.030685719127,
    20.445307690274));
#1273 = CARTESIAN_POINT('',(0.156289319443,-11.45422272614,
    20.656264706806));
#1274 = CARTESIAN_POINT('',(6.490969200688,-10.73944596401,
    20.867160759528));
#1275 = CARTESIAN_POINT('',(11.910414482247,-6.147506404283,
    21.078146731943));
#1276 = CARTESIAN_POINT('',(13.726526249875,1.351944859392,
    21.289061969191));
#1277 = CARTESIAN_POINT('',(10.482240172563,8.35299042822,
    21.499977208358));
#1278 = CARTESIAN_POINT('',(4.271085032248,11.799415808669,
    21.71096317929));
#1279 = CARTESIAN_POINT('',(-2.081321778056,11.264623574165,
    21.92185923287));
#1280 = CARTESIAN_POINT('',(-6.534881579994,7.907738527674,
    22.132816249071));
#1281 = CARTESIAN_POINT('',(-10.21247461261,-0.970756495344,
    22.554682690315));
#1282 = CARTESIAN_POINT('',(-9.437008435711,-6.493575008856,
    22.765639706668));
#1283 = CARTESIAN_POINT('',(-5.323333700693,-11.36356014151,
    22.976535759801));
#1284 = CARTESIAN_POINT('',(1.505606982653,-13.31851927739,
    23.187521731557));
#1285 = CARTESIAN_POINT('',(8.75015045531,-10.66208913871,
    23.398436969602));
#1286 = CARTESIAN_POINT('',(12.768878328127,-4.074991333703,
    23.609352208025));
#1287 = CARTESIAN_POINT('',(12.183743394468,3.004126774433,
    23.820338179493));
#1288 = CARTESIAN_POINT('',(8.209871770708,7.988845355856,
    24.031234232783));
#1289 = CARTESIAN_POINT('',(2.944458605646,9.826859590238,
    24.242191249089));
#1290 = CARTESIAN_POINT('',(-6.480901427066,7.952038894479,
    24.66405769031));
#1291 = CARTESIAN_POINT('',(-10.64213127069,4.238948764541,
    24.875014706668));
#1292 = CARTESIAN_POINT('',(-12.40594068981,-1.887065547498,
    25.08591075981));
#1293 = CARTESIAN_POINT('',(-10.23747363779,-8.65123931254,
    25.29689673154));
#1294 = CARTESIAN_POINT('',(-4.003879995125,-13.19902355397,
    25.507811969621));
#1295 = CARTESIAN_POINT('',(3.705777243804,-12.88087819782,
    25.718727208007));
#1296 = CARTESIAN_POINT('',(9.266765281156,-8.461408984512,
    25.929713179508));
#1297 = CARTESIAN_POINT('',(11.203642523493,-2.38789422233,
    26.140609232771));
#1298 = CARTESIAN_POINT('',(9.806588687302,3.011282817122,
    26.351566249098));
#1299 = CARTESIAN_POINT('',(3.011282780596,9.806588698519,
    26.773432690289));
#1300 = CARTESIAN_POINT('',(-2.387894264073,11.203642514597,
    26.984389706746));
#1301 = CARTESIAN_POINT('',(-8.461409018998,9.266765249644,
    27.195285759656));
#1302 = CARTESIAN_POINT('',(-12.88087821167,3.705777195809,
    27.406271731753));
#1303 = CARTESIAN_POINT('',(-13.199023539,-4.003880044256,
    27.617186969403));
#1304 = CARTESIAN_POINT('',(-8.651239274438,-10.23747367005,
    27.82810220818));
#1305 = CARTESIAN_POINT('',(-1.887065501279,-12.40594069681,
    28.0390881794));
#1306 = CARTESIAN_POINT('',(4.238948804181,-10.64213125491,
    28.249984232824));
#1307 = CARTESIAN_POINT('',(7.952038918618,-6.480901397446,
    28.460941249078));
#1308 = CARTESIAN_POINT('',(9.826859579272,2.94445864225,28.882807690323
    ));
#1309 = CARTESIAN_POINT('',(7.988845325272,8.209871800455,
    29.093764706623));
#1310 = CARTESIAN_POINT('',(3.004126729059,12.183743405681,
    29.304660759897));
#1311 = CARTESIAN_POINT('',(-4.074991381267,12.768878312913,
    29.515646731427));
#1312 = CARTESIAN_POINT('',(-10.66208917131,8.750150415632,
    29.726561969725));
#1313 = CARTESIAN_POINT('',(-13.31851928299,1.505606933018,
    29.937477207942));
#1314 = CARTESIAN_POINT('',(-11.3635601217,-5.323333743005,
    30.148463179532));
#1315 = CARTESIAN_POINT('',(-6.493574973695,-9.437008459904,
    30.359359232772));
#1316 = CARTESIAN_POINT('',(-0.970756457309,-10.21247461623,
    30.570316249089));
#1317 = CARTESIAN_POINT('',(7.907738552019,-6.534881550539,
    30.992182690313));
#1318 = CARTESIAN_POINT('',(11.264623581902,-2.081321736103,
    31.203139706653));
#1319 = CARTESIAN_POINT('',(11.799415792787,4.271085076217,
    31.414035759836));
#1320 = CARTESIAN_POINT('',(8.352990389151,10.482240203631,
    31.625021731511));
#1321 = CARTESIAN_POINT('',(1.351944808272,13.726526254976,
    31.835936969641));
#1322 = CARTESIAN_POINT('',(-6.147506448638,11.910414459286,
    32.046852208003));
#1323 = CARTESIAN_POINT('',(-10.7394459882,6.490969160727,32.2578381795)
  );
#1324 = CARTESIAN_POINT('',(-11.45422272671,0.156289276761,
    32.468734232783));
#1325 = CARTESIAN_POINT('',(-9.030685701001,-4.86659240705,
    32.679691249089));
#1326 = CARTESIAN_POINT('',(-1.040251279267,-10.20562997382,
    33.10155769031));
#1327 = CARTESIAN_POINT('',(4.527733771285,-10.52251260429,
    33.312514706671));
#1328 = CARTESIAN_POINT('',(10.106681633918,-7.437967943573,
    33.523410759793));
#1329 = CARTESIAN_POINT('',(13.356337015103,-1.121637047953,
    33.734396731582));
#1330 = CARTESIAN_POINT('',(12.164289755629,6.501948364458,
    33.945311969553));
#1331 = CARTESIAN_POINT('',(6.487776102679,11.728536539966,
    34.156227208089));
#1332 = CARTESIAN_POINT('',(-0.569472898638,12.535712241319,
    34.367213179434));
#1333 = CARTESIAN_POINT('',(-6.233675404983,9.610667799713,
    34.578109232824));
#1334 = CARTESIAN_POINT('',(-9.063603861157,4.805006861044,
    34.789066249067));
#1335 = CARTESIAN_POINT('',(-9.063603843258,-4.805006894804,
    35.210932690353));
#1336 = CARTESIAN_POINT('',(-6.233675369194,-9.610667822923,
    35.421889706485));
#1337 = CARTESIAN_POINT('',(-0.569472851921,-12.53571224346,
    35.63278576021));
#1338 = CARTESIAN_POINT('',(6.487776146316,-11.72853651577,
    35.843771730934));
#1339 = CARTESIAN_POINT('',(12.164289779914,-6.501948319173,
    36.054686970306));
#1340 = CARTESIAN_POINT('',(13.356337010856,1.121637097717,
    36.265602207421));
#1341 = CARTESIAN_POINT('',(10.106681606265,7.437967981213,
    36.476588179882));
#1342 = CARTESIAN_POINT('',(4.527733732066,10.522512621163,
    36.687484232606));
#1343 = CARTESIAN_POINT('',(-1.040251317274,10.205629969951,
    36.898441249133));
#1344 = CARTESIAN_POINT('',(-9.030685719132,4.866592373412,
    37.320307690283));
#1345 = CARTESIAN_POINT('',(-11.45422272612,-0.156289319425,
    37.531264706731));
#1346 = CARTESIAN_POINT('',(-10.73944596405,-6.490969200728,
    37.742160759703));
#1347 = CARTESIAN_POINT('',(-6.147506404249,-11.91041448218,
    37.953146731677));
#1348 = CARTESIAN_POINT('',(1.351944859372,-13.72652624994,
    38.16406196949));
#1349 = CARTESIAN_POINT('',(8.352990428219,-10.4822401725,
    38.374977208103));
#1350 = CARTESIAN_POINT('',(11.799415808681,-4.271085032279,
    38.585963179457));
#1351 = CARTESIAN_POINT('',(11.264623574156,2.081321778069,
    38.796859232789));
#1352 = CARTESIAN_POINT('',(7.907738527676,6.534881579991,
    39.007816249097));
#1353 = CARTESIAN_POINT('',(-0.970756495344,10.212474612619,
    39.429682690283));
#1354 = CARTESIAN_POINT('',(-6.493575008865,9.437008435708,
    39.640639706775));
#1355 = CARTESIAN_POINT('',(-11.36356014149,5.323333700702,
    39.851535759601));
#1356 = CARTESIAN_POINT('',(-13.31851927743,-1.505606982672,
    40.062521731823));
#1357 = CARTESIAN_POINT('',(-10.66208913867,-8.750150455281,
    40.273436969335));
#1358 = CARTESIAN_POINT('',(-4.07499133373,-12.76887832815,
    40.48435220823));
#1359 = CARTESIAN_POINT('',(3.004126774445,-12.18374339444,
    40.695338179371));
#1360 = CARTESIAN_POINT('',(7.988845355853,-8.209871770719,
    40.906234232839));
#1361 = CARTESIAN_POINT('',(9.826859590239,-2.944458605644,
    41.117191249071));
#1362 = CARTESIAN_POINT('',(7.952038894478,6.480901427064,
    41.539057690335));
#1363 = CARTESIAN_POINT('',(4.238948764543,10.642131270701,
    41.750014706571));
#1364 = CARTESIAN_POINT('',(-1.887065547499,12.405940689791,
    41.960910760012));
#1365 = CARTESIAN_POINT('',(-8.651239312544,10.237473637821,
    42.171896731242));
#1366 = CARTESIAN_POINT('',(-13.19902355396,4.0038799951,42.382811969954
    ));
#1367 = CARTESIAN_POINT('',(-12.88087819782,-3.705777243789,
    42.593727207725));
#1368 = CARTESIAN_POINT('',(-8.461408984513,-9.266765281163,
    42.804713179686));
#1369 = CARTESIAN_POINT('',(-2.387894222327,-11.20364252349,
    43.015609232695));
#1370 = CARTESIAN_POINT('',(3.01128281712,-9.806588687304,
    43.226566249111));
#1371 = CARTESIAN_POINT('',(9.806588698522,-3.011282780593,
    43.648432690295));
#1372 = CARTESIAN_POINT('',(11.203642514589,2.387894264056,
    43.859389706702));
#1373 = CARTESIAN_POINT('',(9.266765249655,8.461409019039,
    44.070285759747));
#1374 = CARTESIAN_POINT('',(3.705777195811,12.880878211607,
    44.28127173164));
#1375 = CARTESIAN_POINT('',(-4.003880044281,13.199023539077,
    44.492186969488));
#1376 = CARTESIAN_POINT('',(-10.23747367001,8.651239274387,
    44.703102208153));
#1377 = CARTESIAN_POINT('',(-12.40594069684,1.887065501304,
    44.914088179378));
#1378 = CARTESIAN_POINT('',(-10.64213125489,-4.238948804189,
    45.124984232866));
#1379 = CARTESIAN_POINT('',(-6.480901397449,-7.952038918617,
    45.335941249041));
#1380 = CARTESIAN_POINT('',(2.944458642253,-9.826859579271,
    45.757807690406));
#1381 = CARTESIAN_POINT('',(8.209871800447,-7.98884532528,
    45.968764706284));
#1382 = CARTESIAN_POINT('',(12.183743405699,-3.004126729036,
    46.179660760595));
#1383 = CARTESIAN_POINT('',(12.768878312889,4.074991381228,
    46.390646730429));
#1384 = CARTESIAN_POINT('',(8.750150415655,10.662089171367,
    46.601561970795));
#1385 = CARTESIAN_POINT('',(1.505606933005,13.318519282944,
    46.812477207059));
#1386 = CARTESIAN_POINT('',(-5.323333743001,11.363560121739,
    47.023463180094));
#1387 = CARTESIAN_POINT('',(-9.437008459904,6.493574973681,47.2343592325
    ));
#1388 = CARTESIAN_POINT('',(-10.21247461623,0.970756457311,
    47.445316249184));
#1389 = CARTESIAN_POINT('',(-6.534881550541,-7.907738552019,
    47.867182690181));
#1390 = CARTESIAN_POINT('',(-2.081321736084,-11.26462358191,
    48.078139707151));
#1391 = CARTESIAN_POINT('',(4.27108507617,-11.79941579276,
    48.289035758805));
#1392 = CARTESIAN_POINT('',(10.482240203707,-8.35299038918,
    48.500021733011));
#1393 = CARTESIAN_POINT('',(13.726526254894,-1.351944808265,
    48.710936968013));
#1394 = CARTESIAN_POINT('',(11.910414459352,6.147506448661,
    48.921852209336));
#1395 = CARTESIAN_POINT('',(6.490969160687,10.739445988176,
    49.132838178694));
#1396 = CARTESIAN_POINT('',(0.156289276778,11.454222726737,
    49.343734233105));
#1397 = CARTESIAN_POINT('',(-4.866592407054,9.030685700995,
    49.554691249048));
#1398 = CARTESIAN_POINT('',(-10.20562997382,1.04025127927,
    49.976557690245));
#1399 = CARTESIAN_POINT('',(-10.52251260429,-4.527733771289,
    50.187514707053));
#1400 = CARTESIAN_POINT('',(-7.43796794359,-10.10668163391,
    50.398410758926));
#1401 = CARTESIAN_POINT('',(-1.121637047913,-13.35633701509,
    50.6093967329));
#1402 = CARTESIAN_POINT('',(6.501948364389,-12.16428975564,
    50.820311968075));
#1403 = CARTESIAN_POINT('',(11.728536540044,-6.487776102657,
    51.031227209343));
#1404 = CARTESIAN_POINT('',(12.535712241258,0.569472898626,
    51.242213178636));
#1405 = CARTESIAN_POINT('',(9.610667799743,6.233675404986,
    51.453109233179));
#1406 = CARTESIAN_POINT('',(4.805006861036,9.063603861157,
    51.664066248987));
#1407 = CARTESIAN_POINT('',(-4.8050068948,9.063603843258,52.085932690384
    ));
#1408 = CARTESIAN_POINT('',(-9.610667822934,6.233675369193,
    52.296889706468));
#1409 = CARTESIAN_POINT('',(-12.53571224344,0.569472851916,
    52.507785760181));
#1410 = CARTESIAN_POINT('',(-11.72853651579,-6.4877761463,52.71877173103
    ));
#1411 = CARTESIAN_POINT('',(-6.501948319153,-12.16428977993,
    52.929686970156));
#1412 = CARTESIAN_POINT('',(1.121637097707,-13.35633701084,
    53.140602207583));
#1413 = CARTESIAN_POINT('',(7.437967981217,-10.10668160626,
    53.351588179754));
#1414 = CARTESIAN_POINT('',(10.522512621162,-4.527733732067,
    53.562484232681));
#1415 = CARTESIAN_POINT('',(10.205629969951,1.040251317275,
    53.773441249102));
#1416 = CARTESIAN_POINT('',(4.866592373412,9.030685719131,
    54.195307690331));
#1417 = CARTESIAN_POINT('',(-0.156289319413,11.454222726124,
    54.406264706543));
#1418 = CARTESIAN_POINT('',(-6.490969200766,10.739445964051,
    54.617160760098));
#1419 = CARTESIAN_POINT('',(-11.91041448211,6.14750640425,
    54.828146731101));
#1420 = CARTESIAN_POINT('',(-13.72652625002,-1.351944859375,
    55.039061970109));
#1421 = CARTESIAN_POINT('',(-10.48224017244,-8.352990428212,
    55.249977207606));
#1422 = CARTESIAN_POINT('',(-4.271085032313,-11.79941580869,
    55.460963179746));
#1423 = CARTESIAN_POINT('',(2.081321778079,-11.26462357414,
    55.671859232681));
#1424 = CARTESIAN_POINT('',(6.534881579989,-7.907738527679,
    55.882816249106));
#1425 = CARTESIAN_POINT('',(10.21247461262,0.970756495347,
    56.304682690315));
#1426 = CARTESIAN_POINT('',(9.437008435712,6.493575008844,
    56.515639706637));
#1427 = CARTESIAN_POINT('',(5.323333700682,11.363560141551,
    56.726535759849));
#1428 = CARTESIAN_POINT('',(-1.505606982626,13.318519277339,
    56.93752173154));
#1429 = CARTESIAN_POINT('',(-8.750150455346,10.66208913879,
    57.14843696955));
#1430 = CARTESIAN_POINT('',(-12.76887832809,4.074991333644,
    57.359352208137));
#1431 = CARTESIAN_POINT('',(-12.18374339448,-3.004126774404,
    57.570338179367));
#1432 = CARTESIAN_POINT('',(-8.209871770701,-7.988845355864,
    57.781234232882));
#1433 = CARTESIAN_POINT('',(-2.944458605647,-9.826859590238,
    57.992191249029));
#1434 = CARTESIAN_POINT('',(6.480901427066,-7.952038894477,
    58.414057690431));
#1435 = CARTESIAN_POINT('',(10.642131270689,-4.23894876456,
    58.625014706181));
#1436 = CARTESIAN_POINT('',(12.405940689818,1.88706554755,
    58.835910760815));
#1437 = CARTESIAN_POINT('',(10.237473637786,8.651239312446,
    59.046896730106));
#1438 = CARTESIAN_POINT('',(4.003879995126,13.199023554085,
    59.257811971141));
#1439 = CARTESIAN_POINT('',(-3.70577724379,12.880878197717,
    59.468727206794));
#1440 = CARTESIAN_POINT('',(-9.266765281176,8.461408984578,
    59.67971318022));
#1441 = CARTESIAN_POINT('',(-11.20364252347,2.387894222303,59.8906092325
    ));
#1442 = CARTESIAN_POINT('',(-9.806588687307,-3.011282817116,
    60.10156624912));
#1443 = CARTESIAN_POINT('',(-3.011282780591,-9.806588698523,
    60.523432690381));
#1444 = CARTESIAN_POINT('',(2.387894264043,-11.20364251459,
    60.734389706288));
#1445 = CARTESIAN_POINT('',(8.461409019085,-9.266765249631,
    60.94528576062));
#1446 = CARTESIAN_POINT('',(12.880878211522,-3.705777195865,
    61.156271730395));
#1447 = CARTESIAN_POINT('',(13.199023539177,4.003880044358,
    61.367186970798));
#1448 = CARTESIAN_POINT('',(8.651239274309,10.237473669945,
    61.578102207111));
#1449 = CARTESIAN_POINT('',(1.887065501343,12.405940696892,
    61.789088180001));
#1450 = CARTESIAN_POINT('',(-4.238948804201,10.642131254879,
    61.999984232603));
#1451 = CARTESIAN_POINT('',(-7.952038918616,6.480901397453,
    62.210941249099));
#1452 = CARTESIAN_POINT('',(-9.826859579272,-2.944458642255,
    62.632807690377));
#1453 = CARTESIAN_POINT('',(-7.988845325282,-8.209871800431,
    62.843764706327));
#1454 = CARTESIAN_POINT('',(-3.004126729023,-12.18374340574,
    63.054660760547));
#1455 = CARTESIAN_POINT('',(4.074991381194,-12.76887831281,
    63.265646730459));
#1456 = CARTESIAN_POINT('',(10.662089171412,-8.750150415752,
    63.476561970819));
#1457 = CARTESIAN_POINT('',(13.318519282902,-1.505606932923,
    63.687477206952));
#1458 = CARTESIAN_POINT('',(11.363560121765,5.323333742954,
    63.898463180277));
#1459 = CARTESIAN_POINT('',(6.49357497367,9.437008459924,64.109359232294
    ));
#1460 = CARTESIAN_POINT('',(0.970756457315,10.212474616225,
    64.32031624935));
#1461 = CARTESIAN_POINT('',(-7.907738552025,6.534881550555,
    64.742182689822));
#1462 = CARTESIAN_POINT('',(-11.26462358187,2.081321736014,
    64.953139709577));
#1463 = CARTESIAN_POINT('',(-11.79941579284,-4.271085075974,
    65.164035751431));
#1464 = CARTESIAN_POINT('',(-8.352990389044,-10.48224020411,
    65.375021748399));
#1465 = CARTESIAN_POINT('',(-1.351944808423,-13.72652625421,
    65.585936943562));
#1466 = CARTESIAN_POINT('',(6.147506448818,-11.91041446025,
    65.796852240165));
#1467 = CARTESIAN_POINT('',(10.739445988023,-6.490969159731,
    66.007838147304));
#1468 = CARTESIAN_POINT('',(11.454222726876,-0.156289277589,
    66.218734259035));
#1469 = CARTESIAN_POINT('',(9.030685700889,4.866592407602,
    66.429691231783));
#1470 = CARTESIAN_POINT('',(1.040251279499,10.205629972696,
    66.851557725665));
#1471 = CARTESIAN_POINT('',(-4.527733772597,10.522512610667,
    67.062514506897));
#1472 = CARTESIAN_POINT('',(-10.10668163029,7.437967925988,
    67.273411311899));
#1473 = CARTESIAN_POINT('',(-13.35633702214,1.121637082174,
    67.484395656414));
#1474 = CARTESIAN_POINT('',(-12.16428974503,-6.501948415974,
    67.695313589112));
#1475 = CARTESIAN_POINT('',(-6.487776115489,-11.72853647766,
    67.906225248877));
#1476 = CARTESIAN_POINT('',(0.569472911281,-12.5357123028,
    68.117215112776));
#1477 = CARTESIAN_POINT('',(6.233675394775,-9.610667750074,
    68.328107672348));
#1478 = CARTESIAN_POINT('',(9.06360386784,-4.805006893548,
    68.539067270584));
#1479 = CARTESIAN_POINT('',(9.06360384874,3.375292604441E-08,
    68.749998939565));
#1480 = CARTESIAN_POINT('',(11.181814761815,3.455569164146E-15,
    -1.125140479057));
#1481 = CARTESIAN_POINT('',(11.181818777548,5.927967149667,
    -0.914205216072));
#1482 = CARTESIAN_POINT('',(7.690510132932,11.856706213179,
    -0.70325923862));
#1483 = CARTESIAN_POINT('',(0.702559945437,15.465431294885,
    -0.492338978859));
#1484 = CARTESIAN_POINT('',(-8.0039673441,14.469473567101,
    -0.281381390325));
#1485 = CARTESIAN_POINT('',(-15.00722411605,8.021561822236,
    -7.045380494043E-02));
#1486 = CARTESIAN_POINT('',(-16.47769413129,-1.383810054729,
    0.140476191484));
#1487 = CARTESIAN_POINT('',(-12.46872796394,-9.176248351533,
    0.351431659032));
#1488 = CARTESIAN_POINT('',(-5.585861732347,-12.98167882322,
    0.562353549652));
#1489 = CARTESIAN_POINT('',(1.283357469192,-12.59073914615,
    0.773298445435));
#1490 = CARTESIAN_POINT('',(11.141209811505,-6.003939839535,
    1.195170182666));
#1491 = CARTESIAN_POINT('',(14.131110036043,0.192806648051,1.40611515211
    ));
#1492 = CARTESIAN_POINT('',(13.249356797969,8.007977146889,
    1.617036776234));
#1493 = CARTESIAN_POINT('',(7.584162342532,14.693863286246,
    1.827992844176));
#1494 = CARTESIAN_POINT('',(-1.667882735826,16.934592730741,
    2.03892182815));
#1495 = CARTESIAN_POINT('',(-10.30511195601,12.931897650409,
    2.249850770962));
#1496 = CARTESIAN_POINT('',(-14.55702597639,5.269318292863,
    2.460806875118));
#1497 = CARTESIAN_POINT('',(-13.89720988393,-2.567760156336,
    2.671728471393));
#1498 = CARTESIAN_POINT('',(-9.755821802169,-8.06211259802,
    2.882673459309));
#1499 = CARTESIAN_POINT('',(1.197631007263,-12.59918766837,
    3.304545175857));
#1500 = CARTESIAN_POINT('',(8.011136954014,-11.64247093321,
    3.515490162511));
#1501 = CARTESIAN_POINT('',(14.019337910206,-6.567443849717,
    3.726411763347));
#1502 = CARTESIAN_POINT('',(16.431035636604,1.85747254671,3.937367857235
    ));
#1503 = CARTESIAN_POINT('',(13.153973263011,10.795149425223,
    4.148296817355));
#1504 = CARTESIAN_POINT('',(5.027266467802,15.752964844435,4.35922577813
    ));
#1505 = CARTESIAN_POINT('',(-3.706172271998,15.031201131244,
    4.570181871436));
#1506 = CARTESIAN_POINT('',(-9.855890676561,10.128536607862,
    4.781103472727));
#1507 = CARTESIAN_POINT('',(-12.1234458279,3.63259959648,4.992048459072)
  );
#1508 = CARTESIAN_POINT('',(-9.810473548284,-7.995527417896,
    5.413920175977));
#1509 = CARTESIAN_POINT('',(-5.229611568641,-13.12922722679,
    5.624865162316));
#1510 = CARTESIAN_POINT('',(2.328096837868,-15.30532976657,5.83578676361
    ));
#1511 = CARTESIAN_POINT('',(10.673026275758,-12.62995037515,
    6.046742856944));
#1512 = CARTESIAN_POINT('',(16.283794698158,-4.939665367392,
    6.257671817619));
#1513 = CARTESIAN_POINT('',(15.891111174791,4.571859048343,
    6.468600777937));
#1514 = CARTESIAN_POINT('',(10.438947984282,11.432457537215,
    6.679556871545));
#1515 = CARTESIAN_POINT('',(2.945930926731,13.821987043106,
    6.890478472682));
#1516 = CARTESIAN_POINT('',(-3.715029445472,12.098441006582,
    7.101423459082));
#1517 = CARTESIAN_POINT('',(-12.09844515757,3.715033607029,
    7.523295175968));
#1518 = CARTESIAN_POINT('',(-13.82196998987,-2.945944726333,
    7.734240162346));
#1519 = CARTESIAN_POINT('',(-11.43249530451,-10.43892739992,
    7.945161763546));
#1520 = CARTESIAN_POINT('',(-4.571804246729,-15.89112149274,
    8.156117857042));
#1521 = CARTESIAN_POINT('',(4.939609966907,-16.28381150346,
    8.367046817508));
#1522 = CARTESIAN_POINT('',(12.629990208799,-10.67298725094,
    8.577975778033));
#1523 = CARTESIAN_POINT('',(15.305309800212,-2.328134935274,
    8.788931871483));
#1524 = CARTESIAN_POINT('',(13.129233739414,5.229632516759,
    8.999853472711));
#1525 = CARTESIAN_POINT('',(7.995526278513,9.810467781933,9.210798459075
    ));
#1526 = CARTESIAN_POINT('',(-3.632598442441,12.12345159135,
    9.632670175974));
#1527 = CARTESIAN_POINT('',(-10.12853860751,9.855868830696,
    9.843615162324));
#1528 = CARTESIAN_POINT('',(-15.03120499843,3.706215110369,
    10.054536763592));
#1529 = CARTESIAN_POINT('',(-15.75294297722,-5.027317766011,
    10.265492856973));
#1530 = CARTESIAN_POINT('',(-10.79519417734,-13.15393653565,
    10.476421817585));
#1531 = CARTESIAN_POINT('',(-1.857417968233,-16.43104707621,
    10.687350777968));
#1532 = CARTESIAN_POINT('',(6.567401080069,-14.0193424743,
    10.898306871525));
#1533 = CARTESIAN_POINT('',(11.642491969195,-8.011130731174,
    11.109228472691));
#1534 = CARTESIAN_POINT('',(12.59918224081,-1.197633263315,
    11.320173459081));
#1535 = CARTESIAN_POINT('',(8.062118031306,9.755824044199,
    11.742045175967));
#1536 = CARTESIAN_POINT('',(2.567740881192,13.897199412056,
    11.952990162352));
#1537 = CARTESIAN_POINT('',(-5.269284822512,14.557052984982,
    12.163911763532));
#1538 = CARTESIAN_POINT('',(-12.9319281546,10.305065287179,
    12.374867857064));
#1539 = CARTESIAN_POINT('',(-16.93458705595,1.667940331109,
    12.585796817482));
#1540 = CARTESIAN_POINT('',(-14.69384247578,-7.584214054938,
    12.796725778055));
#1541 = CARTESIAN_POINT('',(-8.008004703353,-13.24932379512,
    13.00768187147));
#1542 = CARTESIAN_POINT('',(-0.192789786944,-14.13112405091,
    13.218603472716));
#1543 = CARTESIAN_POINT('',(6.003934948262,-11.14120656427,
    13.429548459075));
#1544 = CARTESIAN_POINT('',(12.590744029003,-1.283360716291,
    13.851420175969));
#1545 = CARTESIAN_POINT('',(12.981659406936,5.585871800693,
    14.062365162351));
#1546 = CARTESIAN_POINT('',(9.176289404997,12.468715527438,
    14.273286763529));
#1547 = CARTESIAN_POINT('',(1.38375430084,16.477692811901,
    14.484242857071));
#1548 = CARTESIAN_POINT('',(-8.02151077631,15.007252532345,
    14.695171817472));
#1549 = CARTESIAN_POINT('',(-14.4695050081,8.003919936789,
    14.906100778065));
#1550 = CARTESIAN_POINT('',(-15.46541915826,-0.70251734219,
    15.117056871463));
#1551 = CARTESIAN_POINT('',(-11.85670850287,-7.690533032394,
    15.327978472719));
#1552 = CARTESIAN_POINT('',(-5.927967164336,-11.18181219075,
    15.538923459074));
#1553 = CARTESIAN_POINT('',(5.927967156865,-11.18181806859,
    15.960795175972));
#1554 = CARTESIAN_POINT('',(11.856706202183,-7.690511216216,
    16.171740162339));
#1555 = CARTESIAN_POINT('',(15.465431308511,-0.702558602874,
    16.382661763557));
#1556 = CARTESIAN_POINT('',(14.469473553289,8.003965983018,
    16.593617857026));
#1557 = CARTESIAN_POINT('',(8.021561833657,15.007225241733,
    16.804546817528));
#1558 = CARTESIAN_POINT('',(-1.383810062316,16.477693383564,
    17.015475778011));
#1559 = CARTESIAN_POINT('',(-9.176248347627,12.468728348179,
    17.226431871504));
#1560 = CARTESIAN_POINT('',(-12.98167882465,5.585861593188,
    17.437353472695));
#1561 = CARTESIAN_POINT('',(-12.59073914589,-1.283357444516,
    17.648298459085));
#1562 = CARTESIAN_POINT('',(-6.003939839682,-11.14120982362,
    18.070170175953));
#1563 = CARTESIAN_POINT('',(0.192806648356,-14.13111001751,
    18.281115162418));
#1564 = CARTESIAN_POINT('',(8.007977146386,-13.24935682092,
    18.492036763388));
#1565 = CARTESIAN_POINT('',(14.693863286896,-7.584162319295,
    18.702992857276));
#1566 = CARTESIAN_POINT('',(16.934592730087,1.667882716647,
    18.913921817254));
#1567 = CARTESIAN_POINT('',(12.931897650911,10.305111968721,
    19.124850778238));
#1568 = CARTESIAN_POINT('',(5.269318292579,14.557025969879,
    19.335806871362));
#1569 = CARTESIAN_POINT('',(-2.567760156228,13.897209886289,
    19.546728472759));
#1570 = CARTESIAN_POINT('',(-8.062112598039,9.755821801754,
    19.757673459067));
#1571 = CARTESIAN_POINT('',(-12.59918766837,-1.197631007056,
    20.179545175971));
#1572 = CARTESIAN_POINT('',(-11.64247093318,-8.011136954347,
    20.390490162354));
#1573 = CARTESIAN_POINT('',(-6.567443849779,-14.01933790976,
    20.601411763519));
#1574 = CARTESIAN_POINT('',(1.857472546813,-16.43103563709,
    20.812367857086));
#1575 = CARTESIAN_POINT('',(10.795149425103,-13.15397326256,
    21.023296817457));
#1576 = CARTESIAN_POINT('',(15.752964844536,-5.027266468123,
    21.234225778075));
#1577 = CARTESIAN_POINT('',(15.031201131186,3.706172272171,
    21.445181871459));
#1578 = CARTESIAN_POINT('',(10.128536607883,9.855890676497,
    21.65610347272));
#1579 = CARTESIAN_POINT('',(3.632599596478,12.123445827916,
    21.867048459075));
#1580 = CARTESIAN_POINT('',(-7.995527417896,9.810473548291,
    22.288920175969));
#1581 = CARTESIAN_POINT('',(-13.1292272268,5.229611568586,
    22.499865162353));
#1582 = CARTESIAN_POINT('',(-15.30532976654,-2.328096837728,
    22.710786763525));
#1583 = CARTESIAN_POINT('',(-12.62995037523,-10.67302627598,
    22.921742857075));
#1584 = CARTESIAN_POINT('',(-4.939665367289,-16.28379469789,
    23.13267181747));
#1585 = CARTESIAN_POINT('',(4.571859048243,-15.89111117501,
    23.343600778063));
#1586 = CARTESIAN_POINT('',(11.432457537284,-10.43894798415,
    23.554556871468));
#1587 = CARTESIAN_POINT('',(13.821987043075,-2.94593092678,
    23.765478472713));
#1588 = CARTESIAN_POINT('',(12.098441006587,3.715029445477,
    23.976423459079));
#1589 = CARTESIAN_POINT('',(3.715033607038,12.098445157577,
    24.398295175959));
#1590 = CARTESIAN_POINT('',(-2.945944726393,13.821969989843,
    24.609240162392));
#1591 = CARTESIAN_POINT('',(-10.43892739977,11.43249530455,
    24.820161763446));
#1592 = CARTESIAN_POINT('',(-15.89112149298,4.571804246689,
    25.031117857188));
#1593 = CARTESIAN_POINT('',(-16.28381150319,-4.93960996688,
    25.242046817354));
#1594 = CARTESIAN_POINT('',(-10.67298725115,-12.6299902088,
    25.452975778154));
#1595 = CARTESIAN_POINT('',(-2.328134935155,-15.30530980021,
    25.663931871413));
#1596 = CARTESIAN_POINT('',(5.229632516714,-13.1292337394,
    25.874853472738));
#1597 = CARTESIAN_POINT('',(9.81046778194,-7.995526278516,26.08579845907
    ));
#1598 = CARTESIAN_POINT('',(12.123451591351,3.632598442443,
    26.507670175974));
#1599 = CARTESIAN_POINT('',(9.855868830678,10.128538607515,
    26.718615162333));
#1600 = CARTESIAN_POINT('',(3.706215110425,15.031204998427,
    26.929536763564));
#1601 = CARTESIAN_POINT('',(-5.027317766114,15.752942977257,
    27.140492857025));
#1602 = CARTESIAN_POINT('',(-13.15393653552,10.79519417729,
    27.351421817516));
#1603 = CARTESIAN_POINT('',(-16.43104707633,1.857417968293,
    27.562350778035));
#1604 = CARTESIAN_POINT('',(-14.01934247423,-6.567401080117,
    27.773306871477));
#1605 = CARTESIAN_POINT('',(-8.011130731202,-11.64249196916,
    27.984228472715));
#1606 = CARTESIAN_POINT('',(-1.197633263311,-12.59918224081,
    28.195173459075));
#1607 = CARTESIAN_POINT('',(9.755824044198,-8.062118031302,
    28.61704517597));
#1608 = CARTESIAN_POINT('',(13.897199412053,-2.5677408812,
    28.827990162346));
#1609 = CARTESIAN_POINT('',(14.557052984994,5.269284822521,
    29.038911763538));
#1610 = CARTESIAN_POINT('',(10.305065287157,12.931928154594,
    29.249867857061));
#1611 = CARTESIAN_POINT('',(1.667940331134,16.934587055952,
    29.460796817479));
#1612 = CARTESIAN_POINT('',(-7.584214054956,14.693842475785,
    29.671725778062));
#1613 = CARTESIAN_POINT('',(-13.24932379512,8.00800470335,
    29.882681871463));
#1614 = CARTESIAN_POINT('',(-14.13112405092,0.192789786945,
    30.093603472719));
#1615 = CARTESIAN_POINT('',(-11.14120656427,-6.003934948262,
    30.304548459075));
#1616 = CARTESIAN_POINT('',(-1.283360716292,-12.590744029,
    30.726420175969));
#1617 = CARTESIAN_POINT('',(5.5858718007,-12.98165940692,30.937365162355
    ));
#1618 = CARTESIAN_POINT('',(12.468715527416,-9.176289405018,
    31.148286763517));
#1619 = CARTESIAN_POINT('',(16.477692811945,-1.383754300809,
    31.359242857096));
#1620 = CARTESIAN_POINT('',(15.007252532279,8.02151077628,
    31.570171817435));
#1621 = CARTESIAN_POINT('',(8.00391993686,14.469505008129,
    31.781100778105));
#1622 = CARTESIAN_POINT('',(-0.702517342247,15.465419158257,
    31.992056871431));
#1623 = CARTESIAN_POINT('',(-7.690533032361,11.856708502876,
    32.202978472739));
#1624 = CARTESIAN_POINT('',(-11.18181219076,5.927967164337,
    32.413923459065));
#1625 = CARTESIAN_POINT('',(-11.18181806856,-5.927967156866,
    32.835795175988));
#1626 = CARTESIAN_POINT('',(-7.690511216329,-11.85670620215,
    33.046740162269));
#1627 = CARTESIAN_POINT('',(-0.702558602627,-15.46543130859,
    33.257661763715));
#1628 = CARTESIAN_POINT('',(8.003965982652,-14.46947355312,
    33.468617856782));
#1629 = CARTESIAN_POINT('',(15.007225242129,-8.021561833882,
    33.679546817804));
#1630 = CARTESIAN_POINT('',(16.477693383245,1.38381006253,
    33.890475777779));
#1631 = CARTESIAN_POINT('',(12.468728348364,9.176248347482,
    34.101431871646));
#1632 = CARTESIAN_POINT('',(5.585861593119,12.981678824716,
    34.312353472637));
#1633 = CARTESIAN_POINT('',(-1.283357444506,12.590739145885,
    34.523298459094));
#1634 = CARTESIAN_POINT('',(-11.14120982362,6.003939839676,
    34.945170175957));
#1635 = CARTESIAN_POINT('',(-14.13111001752,-0.192806648296,
    35.156115162383));
#1636 = CARTESIAN_POINT('',(-13.24935682091,-8.007977146539,
    35.367036763473));
#1637 = CARTESIAN_POINT('',(-7.584162319295,-14.69386328664,
    35.577992857143));
#1638 = CARTESIAN_POINT('',(1.667882716635,-16.93459273037,
    35.788921817404));
#1639 = CARTESIAN_POINT('',(10.305111968739,-12.93189765066,
    35.99985077811));
#1640 = CARTESIAN_POINT('',(14.557025969862,-5.269318292731,
    36.210806871444));
#1641 = CARTESIAN_POINT('',(13.897209886301,2.567760156295,
    36.421728472721));
#1642 = CARTESIAN_POINT('',(9.755821801748,8.06211259802,36.632673459079
    ));
#1643 = CARTESIAN_POINT('',(-1.197631007046,12.599187668393,
    37.054545175957));
#1644 = CARTESIAN_POINT('',(-8.011136954404,11.64247093313,
    37.265490162405));
#1645 = CARTESIAN_POINT('',(-14.01933790961,6.56744384988,
    37.476411763418));
#1646 = CARTESIAN_POINT('',(-16.43103563732,-1.857472546941,
    37.687367857224));
#1647 = CARTESIAN_POINT('',(-13.15397326231,-10.79514942498,
    37.898296817318));
#1648 = CARTESIAN_POINT('',(-5.027266468317,-15.75296484462,
    38.10922577818));
#1649 = CARTESIAN_POINT('',(3.706172272282,-15.03120113113,
    38.320181871399));
#1650 = CARTESIAN_POINT('',(9.855890676452,-10.1285366079,
    38.531103472745));
#1651 = CARTESIAN_POINT('',(12.123445827929,-3.632599596474,
    38.742048459067));
#1652 = CARTESIAN_POINT('',(9.810473548273,7.995527417892,39.16392017598
    ));
#1653 = CARTESIAN_POINT('',(5.229611568656,13.129227226805,
    39.374865162308));
#1654 = CARTESIAN_POINT('',(-2.328096837876,15.305329766559,
    39.585786763622));
#1655 = CARTESIAN_POINT('',(-10.67302627577,12.629950375182,
    39.796742856928));
#1656 = CARTESIAN_POINT('',(-16.28379469812,4.93966536737,
    40.007671817635));
#1657 = CARTESIAN_POINT('',(-15.89111117482,-4.571859048332,
    40.218600777925));
#1658 = CARTESIAN_POINT('',(-10.43894798426,-11.43245753721,
    40.429556871553));
#1659 = CARTESIAN_POINT('',(-2.945930926736,-13.8219870431,
    40.640478472678));
#1660 = CARTESIAN_POINT('',(3.71502944547,-12.09844100658,
    40.851423459085));
#1661 = CARTESIAN_POINT('',(12.098445157576,-3.715033607033,
    41.273295175962));
#1662 = CARTESIAN_POINT('',(13.821969989851,2.945944726358,
    41.484240162371));
#1663 = CARTESIAN_POINT('',(11.432495304543,10.43892739986,
    41.69516176349));
#1664 = CARTESIAN_POINT('',(4.571804246682,15.891121492866,
    41.906117857134));
#1665 = CARTESIAN_POINT('',(-4.939609966855,16.283811503308,
    42.117046817393));
#1666 = CARTESIAN_POINT('',(-12.62999020884,10.67298725109,
    42.327975778144));
#1667 = CARTESIAN_POINT('',(-15.30530980019,2.328134935161,42.5389318714
    ));
#1668 = CARTESIAN_POINT('',(-13.12923373941,-5.229632516692,
    42.74985347276));
#1669 = CARTESIAN_POINT('',(-7.995526278519,-9.810467781964,
    42.960798459053));
#1670 = CARTESIAN_POINT('',(3.632598442456,-12.12345159129,
    43.382670176012));
#1671 = CARTESIAN_POINT('',(10.128538607408,-9.855868830893,
    43.593615162174));
#1672 = CARTESIAN_POINT('',(15.031204998731,-3.706215109988,
    43.804536763905));
#1673 = CARTESIAN_POINT('',(15.752942976728,5.027317765502,
    44.015492856524));
#1674 = CARTESIAN_POINT('',(10.795194177925,13.153936536158,
    44.226421818058));
#1675 = CARTESIAN_POINT('',(1.857417967739,16.431047075839,
    44.437350777592));
#1676 = CARTESIAN_POINT('',(-6.56740107976,14.019342474514,
    44.648306871752));
#1677 = CARTESIAN_POINT('',(-11.64249196934,8.011130731088,
    44.859228472587));
#1678 = CARTESIAN_POINT('',(-12.59918224075,1.197633263338,
    45.070173459117));
#1679 = CARTESIAN_POINT('',(-8.062118031386,-9.755824044229,
    45.492045175911));
#1680 = CARTESIAN_POINT('',(-2.56774088085,-13.897199412,45.702990162578
    ));
#1681 = CARTESIAN_POINT('',(5.269284821748,-14.55705298497,
    45.913911763043));
#1682 = CARTESIAN_POINT('',(12.931928155761,-10.3050652873,
    46.124867857795));
#1683 = CARTESIAN_POINT('',(16.934587054681,-1.667940330865,
    46.335796816679));
#1684 = CARTESIAN_POINT('',(14.693842476796,7.584214054668,
    46.546725778711));
#1685 = CARTESIAN_POINT('',(8.008004702777,13.249323795336,
    46.757681871081));
#1686 = CARTESIAN_POINT('',(0.192789787152,14.131124050814,
    46.968603472866));
#1687 = CARTESIAN_POINT('',(-6.003934948284,11.14120656429,
    47.179548459058));
#1688 = CARTESIAN_POINT('',(-12.59074402904,1.283360716313,
    47.601420175941));
#1689 = CARTESIAN_POINT('',(-12.98165940674,-5.58587180088,
    47.81236516253));
#1690 = CARTESIAN_POINT('',(-9.176289405401,-12.46871552692,
    48.023286763105));
#1691 = CARTESIAN_POINT('',(-1.38375430028,-16.47769281278,
    48.234242857737));
#1692 = CARTESIAN_POINT('',(8.021510775738,-15.00725253127,
    48.44517181671));
#1693 = CARTESIAN_POINT('',(14.469505008532,-8.003919937733,
    48.656100778717));
#1694 = CARTESIAN_POINT('',(15.465419158055,0.702517342802,
    48.86705687105));
#1695 = CARTESIAN_POINT('',(11.856708502932,7.690533032117,
    49.077978472903));
#1696 = CARTESIAN_POINT('',(5.927967164336,11.181812190822,
    49.28892345903));
#1697 = CARTESIAN_POINT('',(-5.927967156869,11.181818068545,
    49.710795176002));
#1698 = CARTESIAN_POINT('',(-11.85670620214,7.690511216337,
    49.92174016226));
#1699 = CARTESIAN_POINT('',(-15.46543130861,0.702558602649,
    50.132661763703));
#1700 = CARTESIAN_POINT('',(-14.46947355312,-8.00396598271,
    50.343617856827));
#1701 = CARTESIAN_POINT('',(-8.021561833859,-15.00722524204,
    50.55454681773));
#1702 = CARTESIAN_POINT('',(1.383810062488,-16.47769338333,
    50.76547577786));
#1703 = CARTESIAN_POINT('',(9.176248347529,-12.46872834829,
    50.976431871582));
#1704 = CARTESIAN_POINT('',(12.981678824682,-5.585861593156,
    51.187353472673));
#1705 = CARTESIAN_POINT('',(12.590739145901,1.283357444519,
    51.39829845908));
#1706 = CARTESIAN_POINT('',(6.003939839648,11.141209823606,
    51.820170175978));
#1707 = CARTESIAN_POINT('',(-0.192806648166,14.131110017564,
    52.031115162297));
#1708 = CARTESIAN_POINT('',(-8.007977146842,13.249356820868,
    52.242036763657));
#1709 = CARTESIAN_POINT('',(-14.69386328617,7.584162319306,
    52.452992856872));
#1710 = CARTESIAN_POINT('',(-16.93459273089,-1.667882716591,
    52.663921817694));
#1711 = CARTESIAN_POINT('',(-12.93189765025,-10.30511196881,
    52.874850777882));
#1712 = CARTESIAN_POINT('',(-5.26931829296,-14.5570259698,
    53.085806871573));
#1713 = CARTESIAN_POINT('',(2.567760156373,-13.89720988633,
    53.296728472675));
#1714 = CARTESIAN_POINT('',(8.062112598014,-9.755821801744,
    53.507673459082));
#1715 = CARTESIAN_POINT('',(12.599187668376,1.197631007056,
    53.929545175971));
#1716 = CARTESIAN_POINT('',(11.642470933197,8.011136954323,
    54.140490162336));
#1717 = CARTESIAN_POINT('',(6.56744384977,14.019337909836,54.35141176355
    ));
#1718 = CARTESIAN_POINT('',(-1.857472546834,16.431035636978,
    54.562367857067));
#1719 = CARTESIAN_POINT('',(-10.79514942503,13.153973262679,
    54.77329681744));
#1720 = CARTESIAN_POINT('',(-15.75296484462,5.027266468067,
    54.984225778127));
#1721 = CARTESIAN_POINT('',(-15.03120113111,-3.706172272186,
    55.195181871397));
#1722 = CARTESIAN_POINT('',(-10.12853660792,-9.855890676454,
    55.406103472767));
#1723 = CARTESIAN_POINT('',(-3.632599596465,-12.12344582795,
    55.617048459047));
#1724 = CARTESIAN_POINT('',(7.995527417881,-9.810473548212,
    56.038920176023));
#1725 = CARTESIAN_POINT('',(13.129227226782,-5.229611568931,
    56.249865162125));
#1726 = CARTESIAN_POINT('',(15.305329766713,2.328096838477,
    56.460786764013));
#1727 = CARTESIAN_POINT('',(12.629950374844,10.673026274882,
    56.671742856363));
#1728 = CARTESIAN_POINT('',(4.93966536782,16.283794699065,
    56.882671818228));
#1729 = CARTESIAN_POINT('',(-4.571859048735,15.891111174111,
    57.093600777465));
#1730 = CARTESIAN_POINT('',(-11.43245753696,10.438947984638,
    57.304556871808));
#1731 = CARTESIAN_POINT('',(-13.8219870432,2.94593092662,57.51547847259)
  );
#1732 = CARTESIAN_POINT('',(-12.09844100657,-3.715029445468,
    57.726423459087));
#1733 = CARTESIAN_POINT('',(-3.715033606995,-12.09844515753,58.148295176
    ));
#1734 = CARTESIAN_POINT('',(2.945944726109,-13.82196998999,
    58.359240162176));
#1735 = CARTESIAN_POINT('',(10.43892740049,-11.43249530429,
    58.570161763916));
#1736 = CARTESIAN_POINT('',(15.891121491852,-4.571804246957,
    58.78111785651));
#1737 = CARTESIAN_POINT('',(16.283811504448,4.939609967077,
    58.992046818056));
#1738 = CARTESIAN_POINT('',(10.672987250167,12.629990208717,
    59.202975777621));
#1739 = CARTESIAN_POINT('',(2.328134935695,15.305309800228,
    59.413931871705));
#1740 = CARTESIAN_POINT('',(-5.229632516905,13.129233739422,
    59.624853472636));
#1741 = CARTESIAN_POINT('',(-9.810467781917,7.995526278509,
    59.835798459079));
#1742 = CARTESIAN_POINT('',(-12.12345159133,-3.632598442448,
    60.257670175998));
#1743 = CARTESIAN_POINT('',(-9.855868830788,-10.12853860742,
    60.468615162198));
#1744 = CARTESIAN_POINT('',(-3.706215110235,-15.0312049987,
    60.679536763866));
#1745 = CARTESIAN_POINT('',(5.027317765943,-15.75294297677,
    60.890492856576));
#1746 = CARTESIAN_POINT('',(13.153936535535,-10.79519417784,
    61.101421818009));
#1747 = CARTESIAN_POINT('',(16.431047076529,-1.857417967848,
    61.312350777611));
#1748 = CARTESIAN_POINT('',(14.019342473909,6.567401079884,
    61.523306871778));
#1749 = CARTESIAN_POINT('',(8.011130731516,11.642491969233,
    61.734228472532));
#1750 = CARTESIAN_POINT('',(1.197633263093,12.599182240826,
    61.945173459171));
#1751 = CARTESIAN_POINT('',(-9.755824043753,8.062118031251,
    62.367045175789));
#1752 = CARTESIAN_POINT('',(-13.89719941446,2.56774088144,
    62.577990163426));
#1753 = CARTESIAN_POINT('',(-14.55705297848,-5.269284823024,
    62.78891176042));
#1754 = CARTESIAN_POINT('',(-10.30506529971,-12.93192815394,
    62.999867863366));
#1755 = CARTESIAN_POINT('',(-1.667940312271,-16.93458705644,
    63.210796807669));
#1756 = CARTESIAN_POINT('',(7.58421403212,-14.69384247572,
    63.421725790244));
#1757 = CARTESIAN_POINT('',(13.249323817696,-8.008004702973,
    63.632681859202));
#1758 = CARTESIAN_POINT('',(14.131124032669,-0.192789787499,
    63.843603482754));
#1759 = CARTESIAN_POINT('',(11.141206576237,6.003934948729,
    64.054548452445));
#1760 = CARTESIAN_POINT('',(1.283360691885,12.590744027994,
    64.476420189519));
#1761 = CARTESIAN_POINT('',(-5.585871662982,12.981659412876,
    64.687365085782));
#1762 = CARTESIAN_POINT('',(-12.46871590778,9.176289388286,
    64.89828697515));
#1763 = CARTESIAN_POINT('',(-16.47769207143,1.383754333771,
    65.109242444918));
#1764 = CARTESIAN_POINT('',(-15.00725364759,-8.021510826352,
    65.320172438397));
#1765 = CARTESIAN_POINT('',(-8.003918587666,-14.46950494714,
    65.531100026806));
#1766 = CARTESIAN_POINT('',(0.702516010847,-15.46541921876,
    65.742057612907));
#1767 = CARTESIAN_POINT('',(7.690534107002,-11.85670845385,
    65.952977874205));
#1768 = CARTESIAN_POINT('',(11.181811487285,-5.927967196488,
    66.163923850901));
#1769 = CARTESIAN_POINT('',(11.181815494758,1.295570783294E-08,
    66.374859114165));
#1770 = CARTESIAN_POINT('',(13.75,7.382983113757E-15,-0.826928844464));
#1771 = CARTESIAN_POINT('',(13.750003510694,7.289479066286,
    -0.615989223161));
#1772 = CARTESIAN_POINT('',(9.456837923084,14.579874532464,
    -0.405059762106));
#1773 = CARTESIAN_POINT('',(0.863889453817,19.017505579644,
    -0.194105913645));
#1774 = CARTESIAN_POINT('',(-9.842212053954,17.792691902031,
    1.68125369399E-02));
#1775 = CARTESIAN_POINT('',(-18.45410584438,9.863954275497,
    0.227759438688));
#1776 = CARTESIAN_POINT('',(-20.26212313102,-1.701639391401,
    0.438704054153));
#1777 = CARTESIAN_POINT('',(-15.33253831606,-11.28382098439,
    0.649624515984));
#1778 = CARTESIAN_POINT('',(-6.868775639457,-15.96323537215,
    0.860576817956));
#1779 = CARTESIAN_POINT('',(1.578109089205,-15.48252290992,
    1.071507304728));
#1780 = CARTESIAN_POINT('',(13.700072659405,-7.38289197654,
    1.493385398726));
#1781 = CARTESIAN_POINT('',(17.376660774948,0.237070122785,
    1.704315815651));
#1782 = CARTESIAN_POINT('',(16.292428634946,9.847263177364,
    1.915268370316));
#1783 = CARTESIAN_POINT('',(9.326043223404,18.068589212707,
    2.126188262851));
#1784 = CARTESIAN_POINT('',(-2.05097416799,20.824148445805,
    2.337133838332));
#1785 = CARTESIAN_POINT('',(-12.6718935683,15.901958913925,
    2.548079452937));
#1786 = CARTESIAN_POINT('',(-17.90045632207,6.479584921865,
    2.758999311065));
#1787 = CARTESIAN_POINT('',(-17.08903234414,-3.157520281188,
    2.969951892172));
#1788 = CARTESIAN_POINT('',(-11.99649689837,-9.913778594992,
    3.18088229157));
#1789 = CARTESIAN_POINT('',(1.472702235969,-15.49290912741,
    3.602760405183));
#1790 = CARTESIAN_POINT('',(9.851072070361,-14.31645628053,
    3.813690805783));
#1791 = CARTESIAN_POINT('',(17.239288480107,-8.075813039559,
    4.024643382547));
#1792 = CARTESIAN_POINT('',(20.204754863556,2.284048793219,4.23556325045
    ));
#1793 = CARTESIAN_POINT('',(16.175186447249,13.274599686513,
    4.446508848589));
#1794 = CARTESIAN_POINT('',(6.181868744542,19.370949461116,
    4.657454446122));
#1795 = CARTESIAN_POINT('',(-4.557382724096,18.483549978203,
    4.868374314567));
#1796 = CARTESIAN_POINT('',(-12.11953984665,12.454786821187,
    5.079326890903));
#1797 = CARTESIAN_POINT('',(-14.90790222188,4.466922340647,
    5.290257291795));
#1798 = CARTESIAN_POINT('',(-12.06369362129,-9.831906291093,
    5.712135405071));
#1799 = CARTESIAN_POINT('',(-6.430735947379,-16.14466402712,
    5.92306580596));
#1800 = CARTESIAN_POINT('',(2.862842380841,-18.82062584087,
    6.134018382322));
#1801 = CARTESIAN_POINT('',(13.124277532309,-15.53069017303,
    6.344938250682));
#1802 = CARTESIAN_POINT('',(20.023878358412,-6.074203562978,
    6.555883848393));
#1803 = CARTESIAN_POINT('',(19.540818097275,5.621886897518,
    6.766829446257));
#1804 = CARTESIAN_POINT('',(12.83656395237,14.05823541516,6.977749314493
    ));
#1805 = CARTESIAN_POINT('',(3.62252119282,16.996537914041,7.188701890933
    ));
#1806 = CARTESIAN_POINT('',(-4.568276524481,14.877156766347,
    7.399632291788));
#1807 = CARTESIAN_POINT('',(-14.87716038831,4.568280189071,
    7.821510405076));
#1808 = CARTESIAN_POINT('',(-16.99652300813,-3.622533230623,
    8.032440805948));
#1809 = CARTESIAN_POINT('',(-14.05826846263,-12.83654592837,
    8.243393382342));
#1810 = CARTESIAN_POINT('',(-5.621839010063,-19.54082711007,
    8.454313250657));
#1811 = CARTESIAN_POINT('',(6.074155083945,-20.02389306416,
    8.665258848417));
#1812 = CARTESIAN_POINT('',(15.530724982793,-13.12424343392,
    8.876204446237));
#1813 = CARTESIAN_POINT('',(18.8206083765,-2.862875727216,9.087124314508
    ));
#1814 = CARTESIAN_POINT('',(16.144669733077,6.430754237628,
    9.298076890924));
#1815 = CARTESIAN_POINT('',(9.831905315479,12.063688562062,
    9.509007291792));
#1816 = CARTESIAN_POINT('',(-4.466921305913,14.907907269366,
    9.930885405073));
#1817 = CARTESIAN_POINT('',(-12.45478854896,12.119520765043,
    10.141815805954));
#1818 = CARTESIAN_POINT('',(-18.48355335203,4.557420215601,
    10.352768382333));
#1819 = CARTESIAN_POINT('',(-19.37093035005,-6.181913568718,
    10.563688250668));
#1820 = CARTESIAN_POINT('',(-13.27463884754,-16.17515430843,
    10.774633848407));
#1821 = CARTESIAN_POINT('',(-2.284001102037,-20.20476486293,
    10.985579446245));
#1822 = CARTESIAN_POINT('',(8.075775610267,-17.23929248502,
    11.196499314502));
#1823 = CARTESIAN_POINT('',(14.316474658432,-9.851066653407,
    11.407451890929));
#1824 = CARTESIAN_POINT('',(15.492904378775,-1.472704235359,
    11.618382291789));
#1825 = CARTESIAN_POINT('',(9.913783366706,11.996498841894,
    12.040260405076));
#1826 = CARTESIAN_POINT('',(3.157503455405,17.089023181627,
    12.251190805945));
#1827 = CARTESIAN_POINT('',(-6.47955562296,17.900479950749,
    12.462143382347));
#1828 = CARTESIAN_POINT('',(-15.9019855668,12.671852786224,
    12.673063250651));
#1829 = CARTESIAN_POINT('',(-20.82414347937,2.051024567732,
    12.884008848426));
#1830 = CARTESIAN_POINT('',(-18.06857103187,-9.326088412159,
    13.094954446227));
#1831 = CARTESIAN_POINT('',(-9.847287301194,-16.29239975874,
    13.305874314517));
#1832 = CARTESIAN_POINT('',(-0.237055409107,-17.37667302989,
    13.51682689092));
#1833 = CARTESIAN_POINT('',(7.382887676263,-13.70006983247,
    13.727757291792));
#1834 = CARTESIAN_POINT('',(15.482527176201,-1.578111955353,
    14.149635405076));
#1835 = CARTESIAN_POINT('',(15.96321840994,6.868784417177,
    14.360565805945));
#1836 = CARTESIAN_POINT('',(11.283856897365,15.332527419128,
    14.571518382348));
#1837 = CARTESIAN_POINT('',(1.701590696487,20.262121979286,
    14.78243825065));
#1838 = CARTESIAN_POINT('',(-9.863909643102,18.454130702375,
    14.993383848425));
#1839 = CARTESIAN_POINT('',(-17.79271933487,9.842170638404,
    15.20432944623));
#1840 = CARTESIAN_POINT('',(-19.0174950114,-0.863852175844,
    15.415249314514));
#1841 = CARTESIAN_POINT('',(-14.57987651615,-9.456857915222,
    15.626201890921));
#1842 = CARTESIAN_POINT('',(-7.289479125465,-13.74999774306,
    15.837132291792));
#1843 = CARTESIAN_POINT('',(7.289479095327,-13.75000289542,
    16.259010405075));
#1844 = CARTESIAN_POINT('',(14.579874488091,-9.456838863213,
    16.469940805948));
#1845 = CARTESIAN_POINT('',(19.017505634637,-0.863888288674,
    16.680893382344));
#1846 = CARTESIAN_POINT('',(17.792691846282,9.842210872742,
    16.891813250652));
#1847 = CARTESIAN_POINT('',(9.863954321599,18.454106821302,
    17.102758848425));
#1848 = CARTESIAN_POINT('',(-1.701639422024,20.262122482109,
    17.31370444623));
#1849 = CARTESIAN_POINT('',(-11.28382096865,15.332538649517,
    17.524624314511));
#1850 = CARTESIAN_POINT('',(-15.96323537786,6.868775518688,
    17.735576890926));
#1851 = CARTESIAN_POINT('',(-15.4825229089,-1.57810906779,
    17.946507291788));
#1852 = CARTESIAN_POINT('',(-7.382891977057,-13.70007266992,
    18.368385405084));
#1853 = CARTESIAN_POINT('',(0.237070123645,-17.37666075887,
    18.579315805919));
#1854 = CARTESIAN_POINT('',(9.847263176192,-16.29242865485,
    18.790268382389));
#1855 = CARTESIAN_POINT('',(18.068589214015,-9.326043203256,
    19.001188250602));
#1856 = CARTESIAN_POINT('',(20.824148444624,2.050974151371,
    19.212133848472));
#1857 = CARTESIAN_POINT('',(15.901958914765,12.671893579305,
    19.423079446187));
#1858 = CARTESIAN_POINT('',(6.479584921413,17.900456316442,
    19.633999314546));
#1859 = CARTESIAN_POINT('',(-3.157520281021,17.089032346171,
    19.844951890904));
#1860 = CARTESIAN_POINT('',(-9.91377859502,11.996496898022,
    20.055882291796));
#1861 = CARTESIAN_POINT('',(-15.4929091274,-1.472702235792,
    20.477760405075));
#1862 = CARTESIAN_POINT('',(-14.31645628051,-9.851072070643,
    20.688690805944));
#1863 = CARTESIAN_POINT('',(-8.075813039604,-17.23928847973,
    20.899643382351));
#1864 = CARTESIAN_POINT('',(2.284048793292,-20.20475486396,
    21.110563250646));
#1865 = CARTESIAN_POINT('',(13.274599686434,-16.17518644687,
    21.321508848428));
#1866 = CARTESIAN_POINT('',(19.370949461176,-6.181868744815,
    21.532454446227));
#1867 = CARTESIAN_POINT('',(18.483549978173,4.557382724249,
    21.743374314516));
#1868 = CARTESIAN_POINT('',(12.454786821195,12.119539846599,
    21.95432689092));
#1869 = CARTESIAN_POINT('',(4.466922340647,14.907902221896,
    22.165257291792));
#1870 = CARTESIAN_POINT('',(-9.831906291095,12.0636936213,
    22.587135405076));
#1871 = CARTESIAN_POINT('',(-16.14466402712,6.430735947331,
    22.798065805944));
#1872 = CARTESIAN_POINT('',(-18.82062584085,-2.862842380723,
    23.009018382349));
#1873 = CARTESIAN_POINT('',(-15.53069017308,-13.12427753249,
    23.219938250648));
#1874 = CARTESIAN_POINT('',(-6.074203562874,-20.02387835821,
    23.430883848429));
#1875 = CARTESIAN_POINT('',(5.6218868974,-19.54081809743,23.641829446225
    ));
#1876 = CARTESIAN_POINT('',(14.058235415247,-12.83656395227,
    23.852749314518));
#1877 = CARTESIAN_POINT('',(16.996537914001,-3.622521192854,
    24.06370189092));
#1878 = CARTESIAN_POINT('',(14.877156766354,4.568276524484,
    24.274632291791));
#1879 = CARTESIAN_POINT('',(4.568280189078,14.877160388322,
    24.69651040508));
#1880 = CARTESIAN_POINT('',(-3.622533230674,16.996523008116,
    24.907440805932));
#1881 = CARTESIAN_POINT('',(-12.83654592824,14.058268462656,
    25.118393382367));
#1882 = CARTESIAN_POINT('',(-19.54082711029,5.62183901004,25.32931325063
    ));
#1883 = CARTESIAN_POINT('',(-20.02389306392,-6.074155083931,
    25.540258848445));
#1884 = CARTESIAN_POINT('',(-13.12424343411,-15.53072498279,
    25.75120444621));
#1885 = CARTESIAN_POINT('',(-2.862875727113,-18.8206083765,
    25.962124314531));
#1886 = CARTESIAN_POINT('',(6.43075423759,-16.14466973307,
    26.173076890911));
#1887 = CARTESIAN_POINT('',(12.063688562068,-9.831905315482,
    26.384007291795));
#1888 = CARTESIAN_POINT('',(14.907907269367,4.466921305915,
    26.805885405073));
#1889 = CARTESIAN_POINT('',(12.119520765027,12.454788548961,
    27.016815805952));
#1890 = CARTESIAN_POINT('',(4.557420215652,18.483553352024,
    27.227768382336));
#1891 = CARTESIAN_POINT('',(-6.181913568815,19.370930350087,
    27.438688250664));
#1892 = CARTESIAN_POINT('',(-16.1751543083,13.274638847488,
    27.649633848414));
#1893 = CARTESIAN_POINT('',(-20.20476486304,2.284001102095,
    27.860579446235));
#1894 = CARTESIAN_POINT('',(-17.23929248495,-8.075775610311,
    28.071499314513));
#1895 = CARTESIAN_POINT('',(-9.851066653432,-14.3164746584,
    28.282451890921));
#1896 = CARTESIAN_POINT('',(-1.472704235356,-15.49290437878,
    28.493382291792));
#1897 = CARTESIAN_POINT('',(11.996498841893,-9.913783366703,
    28.915260405075));
#1898 = CARTESIAN_POINT('',(17.089023181622,-3.15750345541,
    29.126190805946));
#1899 = CARTESIAN_POINT('',(17.900479950766,6.479555622965,
    29.337143382348));
#1900 = CARTESIAN_POINT('',(12.671852786193,15.9019855668,
    29.548063250649));
#1901 = CARTESIAN_POINT('',(2.051024567768,20.824143479376,
    29.759008848427));
#1902 = CARTESIAN_POINT('',(-9.326088412188,18.068571031875,
    29.969954446227));
#1903 = CARTESIAN_POINT('',(-16.29239975872,9.847287301188,
    30.180874314517));
#1904 = CARTESIAN_POINT('',(-17.37667302989,0.23705540911,
    30.391826890919));
#1905 = CARTESIAN_POINT('',(-13.70006983247,-7.382887676263,
    30.602757291792));
#1906 = CARTESIAN_POINT('',(-1.578111955354,-15.4825271762,
    31.024635405076));
#1907 = CARTESIAN_POINT('',(6.868784417185,-15.96321840993,
    31.235565805942));
#1908 = CARTESIAN_POINT('',(15.332527419106,-11.28385689738,
    31.446518382355));
#1909 = CARTESIAN_POINT('',(20.262121979328,-1.701590696454,
    31.657438250639));
#1910 = CARTESIAN_POINT('',(18.454130702313,9.863909643069,
    31.868383848439));
#1911 = CARTESIAN_POINT('',(9.842170638472,17.792719334903,
    32.079329446215));
#1912 = CARTESIAN_POINT('',(-0.863852175899,19.017495011393,
    32.290249314527));
#1913 = CARTESIAN_POINT('',(-9.456857915191,14.579876516156,
    32.501201890912));
#1914 = CARTESIAN_POINT('',(-13.74999774308,7.289479125464,
    32.712132291797));
#1915 = CARTESIAN_POINT('',(-13.7500028954,-7.289479095327,
    33.134010405066));
#1916 = CARTESIAN_POINT('',(-9.456838863314,-14.57987448807,
    33.344940805979));
#1917 = CARTESIAN_POINT('',(-0.863888288455,-19.0175056347,
    33.555893382286));
#1918 = CARTESIAN_POINT('',(9.842210872421,-17.79269184613,
    33.766813250731));
#1919 = CARTESIAN_POINT('',(18.454106821644,-9.863954321809,
    33.97775884834));
#1920 = CARTESIAN_POINT('',(20.26212248184,1.701639422229,
    34.188704446304));
#1921 = CARTESIAN_POINT('',(15.332538649668,11.283820968507,
    34.399624314459));
#1922 = CARTESIAN_POINT('',(6.868775518634,15.963235377928,
    34.610576890952));
#1923 = CARTESIAN_POINT('',(-1.578109067783,15.482522908893,
    34.821507291782));
#1924 = CARTESIAN_POINT('',(-13.70007266991,7.382891977052,
    35.243385405082));
#1925 = CARTESIAN_POINT('',(-17.37666075888,-0.237070123598,
    35.454315805933));
#1926 = CARTESIAN_POINT('',(-16.29242865484,-9.847263176314,
    35.665268382366));
#1927 = CARTESIAN_POINT('',(-9.326043203253,-18.06858921381,
    35.87618825063));
#1928 = CARTESIAN_POINT('',(2.050974151342,-20.82414844485,
    36.087133848445));
#1929 = CARTESIAN_POINT('',(12.67189357935,-15.90195891456,
    36.298079446211));
#1930 = CARTESIAN_POINT('',(17.900456316404,-6.479584921537,
    36.508999314527));
#1931 = CARTESIAN_POINT('',(17.089032346193,3.157520281076,
    36.719951890916));
#1932 = CARTESIAN_POINT('',(11.996496898014,9.913778595004,
    36.930882291791));
#1933 = CARTESIAN_POINT('',(-1.472702235782,15.492909127424,
    37.352760405081));
#1934 = CARTESIAN_POINT('',(-9.851072070694,14.316456280468,
    37.56369080593));
#1935 = CARTESIAN_POINT('',(-17.2392884796,8.075813039695,
    37.774643382367));
#1936 = CARTESIAN_POINT('',(-20.20475486417,-2.284048793408,
    37.985563250634));
#1937 = CARTESIAN_POINT('',(-16.17518644664,-13.27459968632,
    38.196508848438));
#1938 = CARTESIAN_POINT('',(-6.181868744996,-19.37094946125,
    38.407454446215));
#1939 = CARTESIAN_POINT('',(4.557382724353,-18.48354997813,
    38.618374314529));
#1940 = CARTESIAN_POINT('',(12.119539846556,-12.4547868212,
    38.829326890911));
#1941 = CARTESIAN_POINT('',(14.907902221908,-4.466922340645,
    39.040257291796));
#1942 = CARTESIAN_POINT('',(12.063693621284,9.831906291093,
    39.46213540507));
#1943 = CARTESIAN_POINT('',(6.430735947392,16.144664027124,
    39.67306580596));
#1944 = CARTESIAN_POINT('',(-2.86284238085,18.820625840874,
    39.884018382324));
#1945 = CARTESIAN_POINT('',(-13.12427753231,15.530690173037,
    40.094938250679));
#1946 = CARTESIAN_POINT('',(-20.02387835839,6.074203562958,
    40.305883848395));
#1947 = CARTESIAN_POINT('',(-19.54081809728,-5.621886897493,
    40.516829446257));
#1948 = CARTESIAN_POINT('',(-12.83656395236,-14.05823541517,
    40.727749314493));
#1949 = CARTESIAN_POINT('',(-3.622521192819,-16.99653791403,
    40.938701890934));
#1950 = CARTESIAN_POINT('',(4.568276524479,-14.87715676634,
    41.149632291787));
#1951 = CARTESIAN_POINT('',(14.87716038832,-4.568280189075,
    41.571510405079));
#1952 = CARTESIAN_POINT('',(16.996523008129,3.622533230648,
    41.782440805942));
#1953 = CARTESIAN_POINT('',(14.058268462641,12.836545928308,
    41.993393382347));
#1954 = CARTESIAN_POINT('',(5.621839010038,19.540827110203,
    42.204313250657));
#1955 = CARTESIAN_POINT('',(-6.074155083901,20.023893064011,
    42.415258848418));
#1956 = CARTESIAN_POINT('',(-15.53072498284,13.124243434068,
    42.62620444623));
#1957 = CARTESIAN_POINT('',(-18.82060837646,2.862875727113,
    42.837124314522));
#1958 = CARTESIAN_POINT('',(-16.14466973308,-6.43075423757,
    43.04807689091));
#1959 = CARTESIAN_POINT('',(-9.831905315483,-12.06368856208,
    43.259007291801));
#1960 = CARTESIAN_POINT('',(4.466921305926,-14.90790726932,
    43.680885405055));
#1961 = CARTESIAN_POINT('',(12.454788548866,-12.11952076521,
    43.891815806011));
#1962 = CARTESIAN_POINT('',(18.483553352299,-4.557420215283,
    44.102768382243));
#1963 = CARTESIAN_POINT('',(19.370930349605,6.181913568299,
    44.31368825077));
#1964 = CARTESIAN_POINT('',(13.274638848071,16.175154308842,
    44.52463384831));
#1965 = CARTESIAN_POINT('',(2.284001101588,20.204764862632,
    44.73557944633));
#1966 = CARTESIAN_POINT('',(-8.075775609984,17.239292485191,
    44.946499314437));
#1967 = CARTESIAN_POINT('',(-14.31647465856,9.85106665334,
    45.157451890969));
#1968 = CARTESIAN_POINT('',(-15.49290437872,1.472704235378,
    45.368382291771));
#1969 = CARTESIAN_POINT('',(-9.913783366777,-11.99649884191,
    45.790260405106));
#1970 = CARTESIAN_POINT('',(-3.157503455107,-17.08902318158,
    46.001190805854));
#1971 = CARTESIAN_POINT('',(6.479555622301,-17.90047995073,
    46.212143382503));
#1972 = CARTESIAN_POINT('',(15.901985567801,-12.67185278635,
    46.423063250454));
#1973 = CARTESIAN_POINT('',(20.82414347829,-2.051024567489,
    46.634008848631));
#1974 = CARTESIAN_POINT('',(18.068571032732,9.326088411887,
    46.844954446045));
#1975 = CARTESIAN_POINT('',(9.847287300707,16.292399758953,
    47.055874314648));
#1976 = CARTESIAN_POINT('',(0.237055409281,17.376673029786,
    47.266826890854));
#1977 = CARTESIAN_POINT('',(-7.38288767628,13.700069832493,
    47.477757291804));
#1978 = CARTESIAN_POINT('',(-15.48252717623,1.578111955371,
    47.899635405092));
#1979 = CARTESIAN_POINT('',(-15.96321840977,-6.868784417339,
    48.110565805868));
#1980 = CARTESIAN_POINT('',(-11.2838568977,-15.33252741868,
    48.321518382491));
#1981 = CARTESIAN_POINT('',(-1.701590696035,-20.26212198005,
    48.532438250464));
#1982 = CARTESIAN_POINT('',(9.863909642656,-18.45413070143,
    48.743383848619));
#1983 = CARTESIAN_POINT('',(17.792719335195,-9.842170639242,
    48.954329446055));
#1984 = CARTESIAN_POINT('',(19.017495011258,0.863852176391,
    49.165249314646));
#1985 = CARTESIAN_POINT('',(14.579876516185,9.456857914974,
    49.376201890846));
#1986 = CARTESIAN_POINT('',(7.289479125468,13.749997743129,
    49.587132291815));
#1987 = CARTESIAN_POINT('',(-7.289479095331,13.750002895383,
    50.00901040506));
#1988 = CARTESIAN_POINT('',(-14.57987448806,9.456838863321,
    50.219940805979));
#1989 = CARTESIAN_POINT('',(-19.01750563471,0.863888288472,
    50.430893382297));
#1990 = CARTESIAN_POINT('',(-17.79269184614,-9.842210872464,
    50.641813250712));
#1991 = CARTESIAN_POINT('',(-9.863954321769,-18.45410682158,
    50.852758848361));
#1992 = CARTESIAN_POINT('',(1.701639422176,-20.2621224819,
    51.063704446287));
#1993 = CARTESIAN_POINT('',(11.283820968558,-15.33253864961,
    51.274624314473));
#1994 = CARTESIAN_POINT('',(15.963235377895,-6.868775518661,
    51.485576890941));
#1995 = CARTESIAN_POINT('',(15.482522908908,1.578109067793,
    51.696507291788));
#1996 = CARTESIAN_POINT('',(7.382891977028,13.700072669905,
    52.118385405071));
#1997 = CARTESIAN_POINT('',(-0.23707012348,17.376660758913,
    52.329315805968));
#1998 = CARTESIAN_POINT('',(-9.847263176588,16.292428654821,
    52.5402683823));
#1999 = CARTESIAN_POINT('',(-18.06858921338,9.326043203235,
    52.75118825072));
#2000 = CARTESIAN_POINT('',(-20.82414844532,-2.050974151267,
    52.962133848345));
#2001 = CARTESIAN_POINT('',(-15.90195891419,-12.67189357944,
    53.173079446301));
#2002 = CARTESIAN_POINT('',(-6.479584921739,-17.90045631632,
    53.383999314466));
#2003 = CARTESIAN_POINT('',(3.157520281144,-17.08903234623,
    53.594951890944));
#2004 = CARTESIAN_POINT('',(9.913778594999,-11.996496898,53.805882291787
    ));
#2005 = CARTESIAN_POINT('',(15.492909127409,1.472702235789,
    54.227760405076));
#2006 = CARTESIAN_POINT('',(14.316456280527,9.851072070626,
    54.438690805943));
#2007 = CARTESIAN_POINT('',(8.075813039598,17.239288479792,
    54.649643382362));
#2008 = CARTESIAN_POINT('',(-2.284048793314,20.204754863875,
    54.86056325062));
#2009 = CARTESIAN_POINT('',(-13.27459968637,16.175186446964,
    55.071508848461));
#2010 = CARTESIAN_POINT('',(-19.37094946125,6.181868744773,
    55.282454446198));
#2011 = CARTESIAN_POINT('',(-18.4835499781,-4.557382724264,
    55.493374314538));
#2012 = CARTESIAN_POINT('',(-12.45478682122,-12.11953984656,
    55.704326890904));
#2013 = CARTESIAN_POINT('',(-4.466922340636,-14.90790222192,
    55.915257291804));
#2014 = CARTESIAN_POINT('',(9.831906291083,-12.06369362123,
    56.337135405049));
#2015 = CARTESIAN_POINT('',(16.144664027099,-6.430735947632,
    56.548065806027));
#2016 = CARTESIAN_POINT('',(18.820625841023,2.86284238137,
    56.759018382217));
#2017 = CARTESIAN_POINT('',(15.530690172711,13.124277531547,
    56.9699382508));
#2018 = CARTESIAN_POINT('',(6.074203563395,20.023878359202,
    57.180883848278));
#2019 = CARTESIAN_POINT('',(-5.621886897888,19.540818096683,
    57.391829446361));
#2020 = CARTESIAN_POINT('',(-14.05823541492,12.836563952679,
    57.602749314415));
#2021 = CARTESIAN_POINT('',(-16.99653791413,3.622521192725,
    57.813701890973));
#2022 = CARTESIAN_POINT('',(-14.87715676633,-4.568276524479,
    58.024632291783));
#2023 = CARTESIAN_POINT('',(-4.568280189042,-14.87716038828,
    58.446510405059));
#2024 = CARTESIAN_POINT('',(3.622533230429,-16.99652300824,
    58.657440806012));
#2025 = CARTESIAN_POINT('',(12.836545928862,-14.05826846244,
    58.868393382235));
#2026 = CARTESIAN_POINT('',(19.540827109308,-5.621839010245,
    59.07931325078));
#2027 = CARTESIAN_POINT('',(20.023893065023,6.074155084054,
    59.290258848303));
#2028 = CARTESIAN_POINT('',(13.124243433248,15.530724982774,
    59.50120444633));
#2029 = CARTESIAN_POINT('',(2.862875727587,18.820608376472,
    59.712124314445));
#2030 = CARTESIAN_POINT('',(-6.430754237757,16.144669733104,
    59.923076890953));
#2031 = CARTESIAN_POINT('',(-12.06368856204,9.831905315471,
    60.134007291789));
#2032 = CARTESIAN_POINT('',(-14.90790726934,-4.466921305917,
    60.555885405059));
#2033 = CARTESIAN_POINT('',(-12.11952076512,-12.45478854888,
    60.766815806016));
#2034 = CARTESIAN_POINT('',(-4.557420215492,-18.48355335225,
    60.977768382207));
#2035 = CARTESIAN_POINT('',(6.181913568675,-19.37093034966,
    61.188688250861));
#2036 = CARTESIAN_POINT('',(16.175154308303,-13.27463884798,
    61.399633848161));
#2037 = CARTESIAN_POINT('',(20.204764863236,-2.284001101705,
    61.610579446512));
#2038 = CARTESIAN_POINT('',(17.239292484659,8.075775610111,
    61.821499314264));
#2039 = CARTESIAN_POINT('',(9.851066653716,14.316474658458,62.0324518911
    ));
#2040 = CARTESIAN_POINT('',(1.472704235163,15.492904378795,
    62.243382291689));
#2041 = CARTESIAN_POINT('',(-11.9964988415,9.913783366645,62.66526040527
    ));
#2042 = CARTESIAN_POINT('',(-17.08902318374,3.157503455695,
    62.876190804792));
#2043 = CARTESIAN_POINT('',(-17.90047994503,-6.479555623611,
    63.087143385634));
#2044 = CARTESIAN_POINT('',(-12.67185279724,-15.90198556583,
    63.298063244137));
#2045 = CARTESIAN_POINT('',(-2.05102455118,-20.8241434804,
    63.509008858328));
#2046 = CARTESIAN_POINT('',(9.326088392108,-18.06857103108,
    63.719954434195));
#2047 = CARTESIAN_POINT('',(16.292399778587,-9.847287301591,
    63.93087432642));
#2048 = CARTESIAN_POINT('',(17.37667301383,-0.237055409003,
    64.141826881293));
#2049 = CARTESIAN_POINT('',(13.700069843012,7.382887676284,
    64.352757298108));
#2050 = CARTESIAN_POINT('',(1.578111933852,15.482527176108,
    64.774635392189));
#2051 = CARTESIAN_POINT('',(-6.868784295845,15.963218410681,
    64.985565878746));
#2052 = CARTESIAN_POINT('',(-15.33252775424,11.283856895046,
    65.196518181184));
#2053 = CARTESIAN_POINT('',(-20.26212132688,1.701590701359,
    65.407438642301));
#2054 = CARTESIAN_POINT('',(-18.45413168499,-9.863909650832,
    65.618383258658));
#2055 = CARTESIAN_POINT('',(-9.84216944973,-17.79271932514,
    65.829330159438));
#2056 = CARTESIAN_POINT('',(0.863851002831,-19.01749502129,
    66.04024861094));
#2057 = CARTESIAN_POINT('',(9.456858862037,-14.579876508,66.251202458669
    ));
#2058 = CARTESIAN_POINT('',(13.749997123252,-7.289479130851,
    66.462131920189));
#2059 = CARTESIAN_POINT('',(13.750000640918,-1.227064632542E-08,
    66.673071541273));
#2060 = CARTESIAN_POINT('',(13.75,1.901256929671E-15,1.25));
#2061 = CARTESIAN_POINT('',(13.749999999561,7.289478922508,
    1.460939621302));
#2062 = CARTESIAN_POINT('',(9.456848179015,14.579875176125,1.67186908236
    ));
#2063 = CARTESIAN_POINT('',(0.863870216004,19.017499856945,
    1.882822930817));
#2064 = CARTESIAN_POINT('',(-9.842190513545,17.792705202936,
    2.093741381405));
#2065 = CARTESIAN_POINT('',(-18.45411833111,9.863931741904,
    2.304688283151));
#2066 = CARTESIAN_POINT('',(-20.26212175661,-1.701614998089,
    2.515632898616));
#2067 = CARTESIAN_POINT('',(-15.33253268326,-11.28383866953,
    2.726553360449));
#2068 = CARTESIAN_POINT('',(-6.868779814483,-15.96322651641,
    2.93750566242));
#2069 = CARTESIAN_POINT('',(1.578110467791,-15.48252468278,
    3.148436149192));
#2070 = CARTESIAN_POINT('',(13.700070928593,-7.382889660473,
    3.57031424319));
#2071 = CARTESIAN_POINT('',(17.376666489396,0.237062752728,
    3.781244660112));
#2072 = CARTESIAN_POINT('',(16.292413831492,9.847275002387,
    3.992197214789));
#2073 = CARTESIAN_POINT('',(9.326065598305,18.068579697034,
    4.203117107297));
#2074 = CARTESIAN_POINT('',(-2.050999302348,20.824145478036,
    4.414062682819));
#2075 = CARTESIAN_POINT('',(-12.67187288037,15.901971875398,
    4.625008297379));
#2076 = CARTESIAN_POINT('',(-17.90046771338,6.479570129351,
    4.835928155543));
#2077 = CARTESIAN_POINT('',(-17.08902736699,-3.15751178706,
    5.046880736629));
#2078 = CARTESIAN_POINT('',(-11.99649759474,-9.913780744405,
    5.257811136035));
#2079 = CARTESIAN_POINT('',(1.472703194325,-15.49290639262,
    5.679689249646));
#2080 = CARTESIAN_POINT('',(9.851069126016,-14.31646514015,5.89061965025
    ));
#2081 = CARTESIAN_POINT('',(17.239290076918,-8.075794144393,
    6.101572227005));
#2082 = CARTESIAN_POINT('',(20.204759393525,2.284024885401,
    6.312492094919));
#2083 = CARTESIAN_POINT('',(16.175170006524,13.274618950344,
    6.52343769305));
#2084 = CARTESIAN_POINT('',(6.181891021339,19.370939451321,
    6.734383290587));
#2085 = CARTESIAN_POINT('',(-4.557401355454,18.483551236297,
    6.945303159031));
#2086 = CARTESIAN_POINT('',(-12.11953001775,12.454787400174,
    7.156255735367));
#2087 = CARTESIAN_POINT('',(-14.90790439614,4.466921725815,
    7.367186136259));
#2088 = CARTESIAN_POINT('',(-12.06369081486,-9.831905568721,
    7.789064249534));
#2089 = CARTESIAN_POINT('',(-6.430744949809,-16.1446665009,
    7.999994650426));
#2090 = CARTESIAN_POINT('',(2.862858978871,-18.82061667126,
    8.210947226784));
#2091 = CARTESIAN_POINT('',(13.124260170298,-15.53070722175,
    8.421867095146));
#2092 = CARTESIAN_POINT('',(20.023885241779,-6.074179190826,
    8.63281269286));
#2093 = CARTESIAN_POINT('',(19.540822150743,5.621862814032,
    8.843758290716));
#2094 = CARTESIAN_POINT('',(12.83655464741,14.058251605463,
    9.054678158961));
#2095 = CARTESIAN_POINT('',(3.622527134881,16.996530063291,
    9.265630735395));
#2096 = CARTESIAN_POINT('',(-4.568278243649,14.877158232591,
    9.476561136252));
#2097 = CARTESIAN_POINT('',(-14.87715822851,4.568278256938,9.89843924954
    ));
#2098 = CARTESIAN_POINT('',(-16.9965300665,-3.622527119709,
    10.10936965041));
#2099 = CARTESIAN_POINT('',(-14.05825161696,-12.83655463483,
    10.320322226811));
#2100 = CARTESIAN_POINT('',(-5.621862831431,-19.54082214576,
    10.53124209511));
#2101 = CARTESIAN_POINT('',(6.074179172892,-20.02388524715,
    10.742187692896));
#2102 = CARTESIAN_POINT('',(15.530707210065,-13.12426018421,
    10.953133290686));
#2103 = CARTESIAN_POINT('',(18.820616668694,-2.862858995649,
    11.164053158982));
#2104 = CARTESIAN_POINT('',(16.144666506649,6.430744935377,
    11.375005735384));
#2105 = CARTESIAN_POINT('',(9.831905579495,12.063690806089,
    11.585936136256));
#2106 = CARTESIAN_POINT('',(-4.4669217125,14.907904400129,
    12.007814249537));
#2107 = CARTESIAN_POINT('',(-12.45478738935,12.11953002888,
    12.218744650419));
#2108 = CARTESIAN_POINT('',(-18.48355123221,4.55740137195,
    12.429697226796));
#2109 = CARTESIAN_POINT('',(-19.37093945685,-6.181891004022,
    12.64061709513));
#2110 = CARTESIAN_POINT('',(-13.27461896477,-16.17516999468,
    12.851562692876));
#2111 = CARTESIAN_POINT('',(-2.284024903451,-20.20475939147,
    13.062508290702));
#2112 = CARTESIAN_POINT('',(8.075794128994,-17.23929008413,
    13.27342815897));
#2113 = CARTESIAN_POINT('',(14.316465131365,-9.851069138799,
    13.484380735391));
#2114 = CARTESIAN_POINT('',(15.492906391302,-1.472703208163,
    13.695311136253));
#2115 = CARTESIAN_POINT('',(9.913780755127,11.996497585892,
    14.11718924954));
#2116 = CARTESIAN_POINT('',(3.157511802283,17.089027364168,
    14.328119650407));
#2117 = CARTESIAN_POINT('',(-6.479570113255,17.900467719204,
    14.539072226817));
#2118 = CARTESIAN_POINT('',(-15.90197186429,12.671872894528,
    14.749992095103));
#2119 = CARTESIAN_POINT('',(-20.82414547588,2.050999321013,
    14.960937692905));
#2120 = CARTESIAN_POINT('',(-18.06857970575,-9.326065582245,
    15.171883290677));
#2121 = CARTESIAN_POINT('',(-9.847275016549,-16.29241382262,
    15.382803158989));
#2122 = CARTESIAN_POINT('',(-0.237062768559,-17.37666648924,
    15.59375573538));
#2123 = CARTESIAN_POINT('',(7.382889648439,-13.70007093514,
    15.804686136256));
#2124 = CARTESIAN_POINT('',(15.48252468096,-1.578110481703,
    16.226564249539));
#2125 = CARTESIAN_POINT('',(15.963226524871,6.868779800701,
    16.437494650409));
#2126 = CARTESIAN_POINT('',(11.283838676831,15.332532671879,
    16.648447226815));
#2127 = CARTESIAN_POINT('',(1.70161502864,20.262121757647,
    16.859367095106));
#2128 = CARTESIAN_POINT('',(-9.86393174418,18.454118336077,
    17.070312692901));
#2129 = CARTESIAN_POINT('',(-17.79270517145,9.842190534101,
    17.281258290681));
#2130 = CARTESIAN_POINT('',(-19.0174998801,-0.863870203625,
    17.492178158987));
#2131 = CARTESIAN_POINT('',(-14.57987516649,-9.456848162275,
    17.703130735381));
#2132 = CARTESIAN_POINT('',(-7.28947894662,-13.74999999548,
    17.914061136257));
#2133 = CARTESIAN_POINT('',(7.28947893434,-13.75000000199,
    18.335939249538));
#2134 = CARTESIAN_POINT('',(14.579875158048,-9.456848175295,
    18.546869650412));
#2135 = CARTESIAN_POINT('',(19.017499879347,-0.863870220612,
    18.75782222681));
#2136 = CARTESIAN_POINT('',(17.792705180229,9.84219051821,
    18.968742095111));
#2137 = CARTESIAN_POINT('',(9.863931760676,18.454118327269,
    19.179687692897));
#2138 = CARTESIAN_POINT('',(-1.701615010552,20.262121759167,
    19.390633290685));
#2139 = CARTESIAN_POINT('',(-11.28383866313,15.332532681955,
    19.601553158981));
#2140 = CARTESIAN_POINT('',(-15.96322651873,6.86877981496,
    19.812505735387));
#2141 = CARTESIAN_POINT('',(-15.48252468236,-1.578110467877,
    20.023436136252));
#2142 = CARTESIAN_POINT('',(-7.382889660676,-13.70007092854,
    20.445314249548));
#2143 = CARTESIAN_POINT('',(0.237062753046,-17.37666648947,
    20.656244650382));
#2144 = CARTESIAN_POINT('',(9.847275001985,-16.29241383138,
    20.867197226857));
#2145 = CARTESIAN_POINT('',(18.068579697448,-9.326065598441,
    21.078117095057));
#2146 = CARTESIAN_POINT('',(20.824145477688,2.050999302485,
    21.289062692949));
#2147 = CARTESIAN_POINT('',(15.901971875632,12.671872880268,
    21.500008290638));
#2148 = CARTESIAN_POINT('',(6.47957012923,17.90046771345,21.710928159019
    ));
#2149 = CARTESIAN_POINT('',(-3.157511787018,17.089027366976,
    21.921880735364));
#2150 = CARTESIAN_POINT('',(-9.913780744412,11.996497594748,
    22.132811136261));
#2151 = CARTESIAN_POINT('',(-15.49290639261,-1.472703194327,
    22.554689249539));
#2152 = CARTESIAN_POINT('',(-14.31646514015,-9.851069126015,
    22.765619650406));
#2153 = CARTESIAN_POINT('',(-8.075794144397,-17.23929007691,
    22.976572226819));
#2154 = CARTESIAN_POINT('',(2.284024885413,-20.20475939353,
    23.187492095101));
#2155 = CARTESIAN_POINT('',(13.274618950325,-16.17517000651,
    23.398437692905));
#2156 = CARTESIAN_POINT('',(19.370939451339,-6.181891021351,
    23.609383290677));
#2157 = CARTESIAN_POINT('',(18.483551236286,4.55740135546,
    23.820303158989));
#2158 = CARTESIAN_POINT('',(12.454787400178,12.119530017749,
    24.03125573538));
#2159 = CARTESIAN_POINT('',(4.466921725814,14.907904396141,
    24.242186136257));
#2160 = CARTESIAN_POINT('',(-9.831905568721,12.063690814869,
    24.66406424954));
#2161 = CARTESIAN_POINT('',(-16.1446665009,6.4307449498,24.874994650408)
  );
#2162 = CARTESIAN_POINT('',(-18.82061667125,-2.862858978853,
    25.085947226816));
#2163 = CARTESIAN_POINT('',(-15.53070722178,-13.12426017032,
    25.296867095104));
#2164 = CARTESIAN_POINT('',(-6.074179190773,-20.02388524175,
    25.507812692905));
#2165 = CARTESIAN_POINT('',(5.621862813976,-19.54082215076,
    25.718758290676));
#2166 = CARTESIAN_POINT('',(14.058251605501,-12.83655464739,
    25.92967815899));
#2167 = CARTESIAN_POINT('',(16.996530063275,-3.622527134886,
    26.14063073538));
#2168 = CARTESIAN_POINT('',(14.877158232593,4.56827824365,
    26.351561136255));
#2169 = CARTESIAN_POINT('',(4.568278256937,14.877158228513,
    26.773439249544));
#2170 = CARTESIAN_POINT('',(-3.622527119711,16.996530066515,
    26.984369650396));
#2171 = CARTESIAN_POINT('',(-12.83655463482,14.058251616954,
    27.195322226833));
#2172 = CARTESIAN_POINT('',(-19.54082214577,5.621862831444,
    27.406242095088));
#2173 = CARTESIAN_POINT('',(-20.02388524713,-6.074179172902,
    27.617187692918));
#2174 = CARTESIAN_POINT('',(-13.12426018422,-15.53070721005,
    27.828133290663));
#2175 = CARTESIAN_POINT('',(-2.862858995645,-18.82061666869,
    28.039053159002));
#2176 = CARTESIAN_POINT('',(6.430744935377,-16.14466650664,
    28.250005735372));
#2177 = CARTESIAN_POINT('',(12.063690806089,-9.831905579496,
    28.460936136259));
#2178 = CARTESIAN_POINT('',(14.90790440013,4.4669217125,28.882814249537)
  );
#2179 = CARTESIAN_POINT('',(12.119530028876,12.454787389352,
    29.093744650416));
#2180 = CARTESIAN_POINT('',(4.557401371966,18.483551232218,
    29.304697226801));
#2181 = CARTESIAN_POINT('',(-6.181891004054,19.370939456861,
    29.515617095123));
#2182 = CARTESIAN_POINT('',(-16.17516999464,13.274618964768,
    29.726562692886));
#2183 = CARTESIAN_POINT('',(-20.20475939151,2.284024903459,
    29.93750829069));
#2184 = CARTESIAN_POINT('',(-17.23929008411,-8.075794128997,
    30.148428158983));
#2185 = CARTESIAN_POINT('',(-9.851069138807,-14.31646513136,
    30.359380735382));
#2186 = CARTESIAN_POINT('',(-1.472703208162,-15.4929063913,
    30.570311136256));
#2187 = CARTESIAN_POINT('',(11.996497585892,-9.913780755127,
    30.992189249539));
#2188 = CARTESIAN_POINT('',(17.089027364166,-3.157511802282,
    31.203119650409));
#2189 = CARTESIAN_POINT('',(17.900467719211,6.479570113253,
    31.414072226814));
#2190 = CARTESIAN_POINT('',(12.671872894514,15.901971864291,
    31.624992095106));
#2191 = CARTESIAN_POINT('',(2.050999321032,20.824145475887,
    31.835937692901));
#2192 = CARTESIAN_POINT('',(-9.326065582262,18.068579705753,
    32.04688329068));
#2193 = CARTESIAN_POINT('',(-16.29241382261,9.84727501655,
    32.257803158988));
#2194 = CARTESIAN_POINT('',(-17.37666648925,0.237062768559,
    32.46875573538));
#2195 = CARTESIAN_POINT('',(-13.70007093514,-7.382889648439,
    32.679686136256));
#2196 = CARTESIAN_POINT('',(-1.578110481704,-15.48252468096,
    33.10156424954));
#2197 = CARTESIAN_POINT('',(6.868779800704,-15.96322652486,
    33.312494650406));
#2198 = CARTESIAN_POINT('',(15.332532671873,-11.28383867683,
    33.523447226822));
#2199 = CARTESIAN_POINT('',(20.262121757656,-1.70161502864,
    33.734367095095));
#2200 = CARTESIAN_POINT('',(18.454118336064,9.863931744189,
    33.945312692914));
#2201 = CARTESIAN_POINT('',(9.842190534118,17.792705171442,
    34.156258290667));
#2202 = CARTESIAN_POINT('',(-0.863870203639,19.017499880117,
    34.367178158999));
#2203 = CARTESIAN_POINT('',(-9.456848162269,14.579875166493,
    34.578130735372));
#2204 = CARTESIAN_POINT('',(-13.74999999548,7.289478946621,
    34.789061136261));
#2205 = CARTESIAN_POINT('',(-13.75000000199,-7.28947893434,
    35.210939249529));
#2206 = CARTESIAN_POINT('',(-9.456848175308,-14.57987515804,
    35.421869650443));
#2207 = CARTESIAN_POINT('',(-0.863870220588,-19.01749987935,
    35.632822226752));
#2208 = CARTESIAN_POINT('',(9.842190518181,-17.7927051802,
    35.843742095189));
#2209 = CARTESIAN_POINT('',(18.454118327291,-9.863931760711,
    36.054687692814));
#2210 = CARTESIAN_POINT('',(20.262121759153,1.701615010588,
    36.265633290757));
#2211 = CARTESIAN_POINT('',(15.332532681963,11.283838663109,
    36.47655315893));
#2212 = CARTESIAN_POINT('',(6.868779814957,15.963226518747,
    36.687505735413));
#2213 = CARTESIAN_POINT('',(-1.578110467876,15.482524682368,
    36.898436136246));
#2214 = CARTESIAN_POINT('',(-13.70007092855,7.382889660675,
    37.320314249546));
#2215 = CARTESIAN_POINT('',(-17.37666648946,-0.237062753039,
    37.531244650396));
#2216 = CARTESIAN_POINT('',(-16.29241383139,-9.847275002001,
    37.742197226832));
#2217 = CARTESIAN_POINT('',(-9.326065598406,-18.06857969742,
    37.953117095087));
#2218 = CARTESIAN_POINT('',(2.050999302435,-20.82414547771,
    38.16406269292));
#2219 = CARTESIAN_POINT('',(12.671872880318,-15.9019718756,
    38.375008290664));
#2220 = CARTESIAN_POINT('',(17.900467713417,-6.479570129245,
    38.585928158998));
#2221 = CARTESIAN_POINT('',(17.089027366989,3.157511787023,
    38.796880735376));
#2222 = CARTESIAN_POINT('',(11.996497594746,9.913780744411,
    39.007811136256));
#2223 = CARTESIAN_POINT('',(-1.472703194325,15.492906392619,
    39.429689249545));
#2224 = CARTESIAN_POINT('',(-9.851069126021,14.316465140155,
    39.640619650393));
#2225 = CARTESIAN_POINT('',(-17.2392900769,8.075794144409,
    39.851572226835));
#2226 = CARTESIAN_POINT('',(-20.20475939355,-2.28402488543,
    40.062492095089));
#2227 = CARTESIAN_POINT('',(-16.17517000648,-13.27461895031,
    40.273437692915));
#2228 = CARTESIAN_POINT('',(-6.181891021378,-19.37093945134,
    40.484383290666));
#2229 = CARTESIAN_POINT('',(4.557401355478,-18.48355123628,
    40.695303159002));
#2230 = CARTESIAN_POINT('',(12.119530017742,-12.45478740017,
    40.906255735371));
#2231 = CARTESIAN_POINT('',(14.907904396143,-4.466921725815,
    41.11718613626));
#2232 = CARTESIAN_POINT('',(12.063690814868,9.831905568721,
    41.539064249534));
#2233 = CARTESIAN_POINT('',(6.430744949804,16.144666500907,
    41.749994650424));
#2234 = CARTESIAN_POINT('',(-2.862858978854,18.820616671247,
    41.96094722679));
#2235 = CARTESIAN_POINT('',(-13.12426017033,15.53070722179,
    42.171867095136));
#2236 = CARTESIAN_POINT('',(-20.02388524172,6.074179190778,
    42.38281269287));
#2237 = CARTESIAN_POINT('',(-19.54082215078,-5.621862813992,
    42.59375829071));
#2238 = CARTESIAN_POINT('',(-12.83655464738,-14.05825160548,
    42.804678158964));
#2239 = CARTESIAN_POINT('',(-3.622527134887,-16.99653006328,
    43.015630735395));
#2240 = CARTESIAN_POINT('',(4.568278243649,-14.87715823259,
    43.226561136251));
#2241 = CARTESIAN_POINT('',(14.877158228513,-4.568278256936,
    43.648439249543));
#2242 = CARTESIAN_POINT('',(16.996530066516,3.622527119706,
    43.859369650404));
#2243 = CARTESIAN_POINT('',(14.058251616951,12.83655463484,
    44.070322226816));
#2244 = CARTESIAN_POINT('',(5.621862831451,19.540822145749,
    44.28124209511));
#2245 = CARTESIAN_POINT('',(-6.074179172911,20.023885247166,
    44.492187692897));
#2246 = CARTESIAN_POINT('',(-15.53070721005,13.124260184206,
    44.703133290679));
#2247 = CARTESIAN_POINT('',(-18.82061666869,2.862858995655,
    44.914053158996));
#2248 = CARTESIAN_POINT('',(-16.14466650664,-6.430744935379,
    45.125005735369));
#2249 = CARTESIAN_POINT('',(-9.831905579496,-12.06369080608,
    45.335936136266));
#2250 = CARTESIAN_POINT('',(4.466921712502,-14.90790440012,
    45.757814249518));
#2251 = CARTESIAN_POINT('',(12.454787389343,-12.11953002887,
    45.968744650475));
#2252 = CARTESIAN_POINT('',(18.48355123224,-4.557401371963,
    46.179697226709));
#2253 = CARTESIAN_POINT('',(19.37093945682,6.181891004053,
    46.390617095228));
#2254 = CARTESIAN_POINT('',(13.274618964822,16.175169994641,
    46.601562692784));
#2255 = CARTESIAN_POINT('',(2.284024903409,20.204759391512,
    46.812508290783));
#2256 = CARTESIAN_POINT('',(-8.075794128966,17.239290084115,
    47.023428158908));
#2257 = CARTESIAN_POINT('',(-14.31646513137,9.851069138807,
    47.23438073543));
#2258 = CARTESIAN_POINT('',(-15.49290639129,1.472703208161,
    47.445311136236));
#2259 = CARTESIAN_POINT('',(-9.913780755129,-11.99649758589,
    47.867189249569));
#2260 = CARTESIAN_POINT('',(-3.157511802271,-17.08902736417,
    48.078119650318));
#2261 = CARTESIAN_POINT('',(6.479570113232,-17.90046771917,
    48.289072226968));
#2262 = CARTESIAN_POINT('',(15.90197186432,-12.67187289457,
    48.499992094912));
#2263 = CARTESIAN_POINT('',(20.824145475865,-2.050999320956,
    48.710937693104));
#2264 = CARTESIAN_POINT('',(18.06857970576,9.326065582199,
    48.921883290499));
#2265 = CARTESIAN_POINT('',(9.84727501655,16.292413822649,
    49.132803159119));
#2266 = CARTESIAN_POINT('',(0.237062768557,17.376666489236,
    49.343755735315));
#2267 = CARTESIAN_POINT('',(-7.38288964844,13.700070935146,
    49.554686136268));
#2268 = CARTESIAN_POINT('',(-15.48252468096,1.578110481705,
    49.976564249556));
#2269 = CARTESIAN_POINT('',(-15.96322652487,-6.868779800703,
    50.187494650332));
#2270 = CARTESIAN_POINT('',(-11.28383867681,-15.33253267187,
    50.398447226958));
#2271 = CARTESIAN_POINT('',(-1.701615028677,-20.26212175764,
    50.609367094921));
#2272 = CARTESIAN_POINT('',(9.863931744229,-18.45411833607,
    50.820312693093));
#2273 = CARTESIAN_POINT('',(17.792705171412,-9.84219053411,
    51.031258290508));
#2274 = CARTESIAN_POINT('',(19.017499880135,0.863870203639,
    51.242178159117));
#2275 = CARTESIAN_POINT('',(14.579875166487,9.456848162266,
    51.453130735307));
#2276 = CARTESIAN_POINT('',(7.289478946623,13.749999995486,
    51.66406113628));
#2277 = CARTESIAN_POINT('',(-7.289478934341,13.750000001991,
    52.085939249524));
#2278 = CARTESIAN_POINT('',(-14.57987515805,9.456848175305,
    52.296869650441));
#2279 = CARTESIAN_POINT('',(-19.01749987933,0.863870220584,
    52.507822226767));
#2280 = CARTESIAN_POINT('',(-17.79270518024,-9.84219051816,
    52.718742095162));
#2281 = CARTESIAN_POINT('',(-9.863931760664,-18.45411832732,
    52.929687692843));
#2282 = CARTESIAN_POINT('',(1.701615010553,-20.26212175911,
    53.140633290733));
#2283 = CARTESIAN_POINT('',(11.283838663131,-15.33253268198,
    53.351553158949));
#2284 = CARTESIAN_POINT('',(15.963226518739,-6.868779814951,
    53.5625057354));
#2285 = CARTESIAN_POINT('',(15.48252468237,1.578110467876,
    53.773436136253));
#2286 = CARTESIAN_POINT('',(7.382889660673,13.700070928551,
    54.195314249535));
#2287 = CARTESIAN_POINT('',(-0.237062753022,17.376666489456,
    54.406244650431));
#2288 = CARTESIAN_POINT('',(-9.847275002046,16.292413831423,
    54.617197226768));
#2289 = CARTESIAN_POINT('',(-18.06857969734,9.326065598364,
    54.828117095174));
#2290 = CARTESIAN_POINT('',(-20.8241454778,-2.050999302376,
    55.039062692824));
#2291 = CARTESIAN_POINT('',(-15.90197187554,-12.67187288037,
    55.25000829075));
#2292 = CARTESIAN_POINT('',(-6.479570129276,-17.90046771338,
    55.46092815894));
#2293 = CARTESIAN_POINT('',(3.15751178703,-17.089027367,55.671880735404)
  );
#2294 = CARTESIAN_POINT('',(9.91378074441,-11.99649759474,
    55.882811136251));
#2295 = CARTESIAN_POINT('',(15.492906392619,1.472703194326,
    56.30468924954));
#2296 = CARTESIAN_POINT('',(14.316465140159,9.851069126012,
    56.515619650406));
#2297 = CARTESIAN_POINT('',(8.075794144391,17.239290076928,
    56.726572226829));
#2298 = CARTESIAN_POINT('',(-2.2840248854,20.204759393507,
    56.937492095077));
#2299 = CARTESIAN_POINT('',(-13.27461895034,16.175170006552,
    57.148437692936));
#2300 = CARTESIAN_POINT('',(-19.37093945132,6.181891021309,
    57.359383290651));
#2301 = CARTESIAN_POINT('',(-18.48355123629,-4.557401355437,
    57.570303159009));
#2302 = CARTESIAN_POINT('',(-12.45478740017,-12.11953001775,
    57.781255735364));
#2303 = CARTESIAN_POINT('',(-4.466921725815,-14.90790439614,
    57.992186136268));
#2304 = CARTESIAN_POINT('',(9.831905568723,-12.06369081486,
    58.414064249512));
#2305 = CARTESIAN_POINT('',(16.144666500891,-6.430744949815,
    58.624994650494));
#2306 = CARTESIAN_POINT('',(18.820616671293,2.862858978882,
    58.835947226676));
#2307 = CARTESIAN_POINT('',(15.53070722171,13.124260170283,
    59.04686709527));
#2308 = CARTESIAN_POINT('',(6.074179190874,20.02388524179,
    59.257812692737));
#2309 = CARTESIAN_POINT('',(-5.621862814068,19.540822150737,
    59.468758290827));
#2310 = CARTESIAN_POINT('',(-14.05825160544,12.836554647413,
    59.679678158879));
#2311 = CARTESIAN_POINT('',(-16.99653006329,3.622527134882,
    59.890630735436));
#2312 = CARTESIAN_POINT('',(-14.87715823259,-4.568278243649,
    60.101561136247));
#2313 = CARTESIAN_POINT('',(-4.568278256935,-14.87715822851,
    60.523439249523));
#2314 = CARTESIAN_POINT('',(3.622527119696,-16.9965300665,
    60.734369650476));
#2315 = CARTESIAN_POINT('',(12.836554634877,-14.05825161695,
    60.9453222267));
#2316 = CARTESIAN_POINT('',(19.540822145677,-5.621862831446,
    61.156242095242));
#2317 = CARTESIAN_POINT('',(20.023885247257,6.074179172907,
    61.367187692771));
#2318 = CARTESIAN_POINT('',(13.12426018413,15.530707210058,
    61.578133290789));
#2319 = CARTESIAN_POINT('',(2.862858995695,18.820616668694,
    61.789053158912));
#2320 = CARTESIAN_POINT('',(-6.430744935392,16.144666506651,
    62.000005735416));
#2321 = CARTESIAN_POINT('',(-12.06369080608,9.831905579494,
    62.210936136253));
#2322 = CARTESIAN_POINT('',(-14.90790440012,-4.466921712501,
    62.632814249523));
#2323 = CARTESIAN_POINT('',(-12.11953002888,-12.45478738933,
    62.843744650478));
#2324 = CARTESIAN_POINT('',(-4.557401371944,-18.48355123226,
    63.054697226678));
#2325 = CARTESIAN_POINT('',(6.181891004013,-19.37093945678,
    63.265617095309));
#2326 = CARTESIAN_POINT('',(16.175169994684,-13.27461896486,
    63.476562692645));
#2327 = CARTESIAN_POINT('',(20.204759391481,-2.284024903376,
    63.687508290956));
#2328 = CARTESIAN_POINT('',(17.239290084129,8.075794128957,
    63.898428158741));
#2329 = CARTESIAN_POINT('',(9.851069138804,14.316465131371,
    64.109380735559));
#2330 = CARTESIAN_POINT('',(1.472703208163,15.492906391305,
    64.320311136154));
#2331 = CARTESIAN_POINT('',(-11.99649758589,9.913780755118,
    64.742189249733));
#2332 = CARTESIAN_POINT('',(-17.08902736416,3.157511802333,
    64.953119649255));
#2333 = CARTESIAN_POINT('',(-17.9004677192,-6.479570113398,
    65.164072230101));
#2334 = CARTESIAN_POINT('',(-12.67187289453,-15.90197186401,
    65.374992088593));
#2335 = CARTESIAN_POINT('',(-2.050999320998,-20.82414547628,
    65.585937702803));
#2336 = CARTESIAN_POINT('',(9.326065582215,-18.06857970529,
    65.796883278648));
#2337 = CARTESIAN_POINT('',(16.292413822667,-9.847275016971,
    66.00780317089));
#2338 = CARTESIAN_POINT('',(17.376666489198,-0.237062768238,
    66.218755725755));
#2339 = CARTESIAN_POINT('',(13.700070935182,7.382889648237,
    66.429686142572));
#2340 = CARTESIAN_POINT('',(1.578110481623,15.482524681371,
    66.851564236653));
#2341 = CARTESIAN_POINT('',(-6.868779800232,15.963226522555,
    67.062494723208));
#2342 = CARTESIAN_POINT('',(-15.33253267318,11.283838683222,
    67.273447025651));
#2343 = CARTESIAN_POINT('',(-20.2621217551,1.701615016208,
    67.484367486756));
#2344 = CARTESIAN_POINT('',(-18.4541183399,-9.863931725451,
    67.695312103134));
#2345 = CARTESIAN_POINT('',(-9.842190529469,-17.79270519411,
    67.90625900389));
#2346 = CARTESIAN_POINT('',(0.863870199051,-19.01749985773,
    68.117177455412));
#2347 = CARTESIAN_POINT('',(9.456848165974,-14.57987518455,
    68.32813130313));
#2348 = CARTESIAN_POINT('',(13.749999993056,-7.289478934796,
    68.539060764653));
#2349 = CARTESIAN_POINT('',(13.75,-1.227795592279E-08,68.750000385737));
#2350 = DEFINITIONAL_REPRESENTATION('',(#2351),#2354);
#2351 = B_SPLINE_CURVE_WITH_KNOTS('',1,(#2352,#2353),.UNSPECIFIED.,.F.,
  .F.,(2,2),(0.,182.58153365983),.PIECEWISE_BEZIER_KNOTS.);
#2352 = CARTESIAN_POINT('',(6.28318530718,0.));
#2353 = CARTESIAN_POINT('',(6.28318530718,182.58153365983));
#2354 = ( GEOMETRIC_REPRESENTATION_CONTEXT(2) 
PARAMETRIC_REPRESENTATION_CONTEXT() REPRESENTATION_CONTEXT('2D SPACE',''
  ) );
#2355 = PCURVE('',#319,#2356);
#2356 = DEFINITIONAL_REPRESENTATION('',(#2357),#2361);
#2357 = LINE('',#2358,#2359);
#2358 = CARTESIAN_POINT('',(0.,0.));
#2359 = VECTOR('',#2360,1.);
#2360 = DIRECTION('',(0.,1.));
#2361 = ( GEOMETRIC_REPRESENTATION_CONTEXT(2) 
PARAMETRIC_REPRESENTATION_CONTEXT() REPRESENTATION_CONTEXT('2D SPACE',''
  ) );
#2362 = ORIENTED_EDGE('',*,*,#2363,.F.);
#2363 = EDGE_CURVE('',#24,#24,#2364,.T.);
#2364 = SURFACE_CURVE('',#2365,(#2373,#2380),.PCURVE_S1.);
#2365 = ( BOUNDED_CURVE() B_SPLINE_CURVE(6,(#2366,#2367,#2368,#2369,
#2370,#2371,#2372),.UNSPECIFIED.,.T.,.F.) B_SPLINE_CURVE_WITH_KNOTS((1,6
    ,6,1),(-6.28318530718,0.,6.28318530718,12.566370614359),
.UNSPECIFIED.) CURVE() GEOMETRIC_REPRESENTATION_ITEM() 
RATIONAL_B_SPLINE_CURVE((1.669078461068,1.03672962321,1.038346699848,
    0.853534330196,1.038346699848,1.03672962321,1.669078461068)) 
REPRESENTATION_ITEM('') );
#2366 = CARTESIAN_POINT('',(13.75,-1.227795592279E-08,68.750000385737));
#2367 = CARTESIAN_POINT('',(13.749999359082,-1.228523872909E-08,
    70.8269292302));
#2368 = CARTESIAN_POINT('',(11.181814028872,1.293902542748E-08,
    71.125140072279));
#2369 = CARTESIAN_POINT('',(9.06360384874,3.375292604441E-08,
    68.749998939565));
#2370 = CARTESIAN_POINT('',(11.181815494758,1.295570783294E-08,
    66.374859114165));
#2371 = CARTESIAN_POINT('',(13.750000640918,-1.227064632542E-08,
    66.673071541273));
#2372 = CARTESIAN_POINT('',(13.75,-1.227795592279E-08,68.750000385737));
#2373 = PCURVE('',#319,#2374);
#2374 = DEFINITIONAL_REPRESENTATION('',(#2375),#2379);
#2375 = LINE('',#2376,#2377);
#2376 = CARTESIAN_POINT('',(0.,182.58153365983));
#2377 = VECTOR('',#2378,1.);
#2378 = DIRECTION('',(1.,0.));
#2379 = ( GEOMETRIC_REPRESENTATION_CONTEXT(2) 
PARAMETRIC_REPRESENTATION_CONTEXT() REPRESENTATION_CONTEXT('2D SPACE',''
  ) );
#2380 = PCURVE('',#2381,#2386);
#2381 = PLANE('',#2382);
#2382 = AXIS2_PLACEMENT_3D('',#2383,#2384,#2385);
#2383 = CARTESIAN_POINT('',(12.500198029044,-2.103368181255E-12,
    68.750000000061));
#2384 = DIRECTION('',(-9.822235909019E-09,-1.,-3.515518821284E-12));
#2385 = DIRECTION('',(-1.,9.822235909019E-09,0.));
#2386 = DEFINITIONAL_REPRESENTATION('',(#2387),#2395);
#2387 = ( BOUNDED_CURVE() B_SPLINE_CURVE(6,(#2388,#2389,#2390,#2391,
#2392,#2393,#2394),.UNSPECIFIED.,.T.,.F.) B_SPLINE_CURVE_WITH_KNOTS((1,6
    ,6,1),(-6.28318530718,0.,6.28318530718,12.566370614359),
.UNSPECIFIED.) CURVE() GEOMETRIC_REPRESENTATION_ITEM() 
RATIONAL_B_SPLINE_CURVE((1.669078461068,1.03672962321,1.038346699848,
    0.853534330196,1.038346699848,1.03672962321,1.669078461068)) 
REPRESENTATION_ITEM('') );
#2388 = CARTESIAN_POINT('',(-1.249801970956,-3.856755341758E-07));
#2389 = CARTESIAN_POINT('',(-1.249801330038,-2.076929230139));
#2390 = CARTESIAN_POINT('',(1.318384000172,-2.375140072218));
#2391 = CARTESIAN_POINT('',(3.436594180304,1.060496245486E-06));
#2392 = CARTESIAN_POINT('',(1.318382534286,2.375140885896));
#2393 = CARTESIAN_POINT('',(-1.249802611874,2.076928458788));
#2394 = CARTESIAN_POINT('',(-1.249801970956,-3.856755341758E-07));
#2395 = ( GEOMETRIC_REPRESENTATION_CONTEXT(2) 
PARAMETRIC_REPRESENTATION_CONTEXT() REPRESENTATION_CONTEXT('2D SPACE',''
  ) );
#2396 = ORIENTED_EDGE('',*,*,#21,.F.);
#2397 = ORIENTED_EDGE('',*,*,#2398,.T.);
#2398 = EDGE_CURVE('',#22,#22,#2399,.T.);
#2399 = SURFACE_CURVE('',#2400,(#2408,#2415),.PCURVE_S1.);
#2400 = ( BOUNDED_CURVE() B_SPLINE_CURVE(6,(#2401,#2402,#2403,#2404,
#2405,#2406,#2407),.UNSPECIFIED.,.T.,.F.) B_SPLINE_CURVE_WITH_KNOTS((1,6
    ,6,1),(-6.28318530718,0.,6.28318530718,12.566370614359),
.UNSPECIFIED.) CURVE() GEOMETRIC_REPRESENTATION_ITEM() 
RATIONAL_B_SPLINE_CURVE((1.669078461068,1.03672962321,1.038346699848,
    0.853534330196,1.038346699848,1.03672962321,1.669078461068)) 
REPRESENTATION_ITEM('') );
#2401 = CARTESIAN_POINT('',(13.75,1.901256929671E-15,1.25));
#2402 = CARTESIAN_POINT('',(13.75,2.213507155346E-15,3.326928844464));
#2403 = CARTESIAN_POINT('',(11.181814761815,-5.932754287841E-15,
    3.625140479057));
#2404 = CARTESIAN_POINT('',(9.063603848739,4.51028103754E-16,1.25));
#2405 = CARTESIAN_POINT('',(11.181814761815,3.455569164146E-15,
    -1.125140479057));
#2406 = CARTESIAN_POINT('',(13.75,7.382983113757E-15,-0.826928844464));
#2407 = CARTESIAN_POINT('',(13.75,1.901256929671E-15,1.25));
#2408 = PCURVE('',#319,#2409);
#2409 = DEFINITIONAL_REPRESENTATION('',(#2410),#2414);
#2410 = LINE('',#2411,#2412);
#2411 = CARTESIAN_POINT('',(0.,0.));
#2412 = VECTOR('',#2413,1.);
#2413 = DIRECTION('',(1.,0.));
#2414 = ( GEOMETRIC_REPRESENTATION_CONTEXT(2) 
PARAMETRIC_REPRESENTATION_CONTEXT() REPRESENTATION_CONTEXT('2D SPACE',''
  ) );
#2415 = PCURVE('',#2416,#2421);
#2416 = PLANE('',#2417);
#2417 = AXIS2_PLACEMENT_3D('',#2418,#2419,#2420);
#2418 = CARTESIAN_POINT('',(12.500198029044,1.555253915066E-15,1.25));
#2419 = DIRECTION('',(6.55563747378E-16,-1.,-1.569928586889E-15));
#2420 = DIRECTION('',(0.,1.569928586889E-15,-1.));
#2421 = DEFINITIONAL_REPRESENTATION('',(#2422),#2430);
#2422 = ( BOUNDED_CURVE() B_SPLINE_CURVE(6,(#2423,#2424,#2425,#2426,
#2427,#2428,#2429),.UNSPECIFIED.,.T.,.F.) B_SPLINE_CURVE_WITH_KNOTS((1,6
    ,6,1),(-6.28318530718,0.,6.28318530718,12.566370614359),
.UNSPECIFIED.) CURVE() GEOMETRIC_REPRESENTATION_ITEM() 
RATIONAL_B_SPLINE_CURVE((1.669078461068,1.03672962321,1.038346699848,
    0.853534330196,1.038346699848,1.03672962321,1.669078461068)) 
REPRESENTATION_ITEM('') );
#2423 = CARTESIAN_POINT('',(-6.661338147751E-16,1.249801970956));
#2424 = CARTESIAN_POINT('',(-2.076928844464,1.249801970956));
#2425 = CARTESIAN_POINT('',(-2.375140479057,-1.318383267229));
#2426 = CARTESIAN_POINT('',(-7.771561172376E-15,-3.436594180304));
#2427 = CARTESIAN_POINT('',(2.375140479057,-1.318383267229));
#2428 = CARTESIAN_POINT('',(2.076928844464,1.249801970956));
#2429 = CARTESIAN_POINT('',(-6.661338147751E-16,1.249801970956));
#2430 = ( GEOMETRIC_REPRESENTATION_CONTEXT(2) 
PARAMETRIC_REPRESENTATION_CONTEXT() REPRESENTATION_CONTEXT('2D SPACE',''
  ) );
#2431 = ADVANCED_FACE('',(#2432),#2416,.T.);
#2432 = FACE_BOUND('',#2433,.T.);
#2433 = EDGE_LOOP('',(#2434));
#2434 = ORIENTED_EDGE('',*,*,#2398,.T.);
#2435 = ADVANCED_FACE('',(#2436),#2381,.F.);
#2436 = FACE_BOUND('',#2437,.F.);
#2437 = EDGE_LOOP('',(#2438));
#2438 = ORIENTED_EDGE('',*,*,#2363,.T.);
#2439 = ( GEOMETRIC_REPRESENTATION_CONTEXT(3) 
GLOBAL_UNCERTAINTY_ASSIGNED_CONTEXT((#2443)) 
GLOBAL_UNIT_ASSIGNED_CONTEXT((#2440,#2441,#2442)) REPRESENTATION_CONTEXT
('Context #1','3D Context with UNIT and UNCERTAINTY') );
#2440 = ( LENGTH_UNIT() NAMED_UNIT(*) SI_UNIT(.MILLI.,.METRE.) );
#2441 = ( NAMED_UNIT(*) PLANE_ANGLE_UNIT() SI_UNIT($,.RADIAN.) );
#2442 = ( NAMED_UNIT(*) SI_UNIT($,.STERADIAN.) SOLID_ANGLE_UNIT() );
#2443 = UNCERTAINTY_MEASURE_WITH_UNIT(LENGTH_MEASURE(2.E-05),#2440,
  'distance_accuracy_value','confusion accuracy');
#2444 = PRODUCT_RELATED_PRODUCT_CATEGORY('part',$,(#7));
ENDSEC;
END-ISO-10303-21;
