ISO-10303-21;
HEADER;
FILE_DESCRIPTION(('Open CASCADE Model'),'2;1');
FILE_NAME('Open CASCADE Shape Model','2026-09-21T14:59:01',('Author'),(
    'Open CASCADE'),'Open CASCADE STEP processor 7.9','Open CASCADE 7.9'
  ,'Unknown');
FILE_SCHEMA(('AUTOMOTIVE_DESIGN { 1 0 10303 214 1 1 1 1 }'));
ENDSEC;
DATA;
#1 = APPLICATION_PROTOCOL_DEFINITION('international standard',
  'automotive_design',2000,#2);
#2 = APPLICATION_CONTEXT(
  'core data for automotive mechanical design processes');
#3 = SHAPE_DEFINITION_REPRESENTATION(#4,#10);
#4 = PRODUCT_DEFINITION_SHAPE('','',#5);
#5 = PRODUCT_DEFINITION('design','',#6,#9);
#6 = PRODUCT_DEFINITION_FORMATION('','',#7);
#7 = PRODUCT('Open CASCADE STEP translator 7.9 15',
  'Open CASCADE STEP translator 7.9 15','',(#8));
#8 = PRODUCT_CONTEXT('',#2,'mechanical');
#9 = PRODUCT_DEFINITION_CONTEXT('part definition',#2,'design');
#10 = ADVANCED_BREP_SHAPE_REPRESENTATION('',(#11,#15),#8966);
#11 = AXIS2_PLACEMENT_3D('',#12,#13,#14);
#12 = CARTESIAN_POINT('',(0.,0.,0.));
#13 = DIRECTION('',(0.,0.,1.));
#14 = DIRECTION('',(1.,0.,-0.));
#15 = MANIFOLD_SOLID_BREP('',#16);
#16 = CLOSED_SHELL('',(#17,#348,#527,#769,#800,#1115,#1214,#1278,#1421,
    #1565,#1592,#1650,#1656,#1695,#1759,#1823,#1966,#1970,#2009,#2073,
    #2137,#2280,#2319,#2383,#2447,#2590,#2629,#2693,#2757,#2900,#2939,
    #3003,#3067,#3210,#3249,#3313,#3377,#3520,#3559,#3623,#3687,#3830,
    #3869,#3933,#3997,#4140,#4179,#4243,#4307,#4450,#4489,#4553,#4617,
    #4760,#4799,#4863,#4927,#5070,#5109,#5173,#5237,#5380,#5419,#5483,
    #5547,#5690,#5729,#5793,#5857,#6000,#6039,#6103,#6167,#6310,#6349,
    #6413,#6477,#6620,#6659,#6723,#6787,#6930,#6969,#7033,#7097,#7240,
    #7279,#7343,#7407,#7550,#7589,#7653,#7717,#7946,#7985,#8131,#8355,
    #8387,#8631,#8721,#8872,#8878,#8957,#8962));
#17 = ADVANCED_FACE('',(#18),#35,.F.);
#18 = FACE_BOUND('',#19,.F.);
#19 = EDGE_LOOP('',(#20,#129,#222,#315));
#20 = ORIENTED_EDGE('',*,*,#21,.F.);
#21 = EDGE_CURVE('',#22,#24,#26,.T.);
#22 = VERTEX_POINT('',#23);
#23 = CARTESIAN_POINT('',(-35.,3.379669462208,6.696517998761));
#24 = VERTEX_POINT('',#25);
#25 = CARTESIAN_POINT('',(-33.89664844835,7.499999999999,
    1.836970198721E-15));
#26 = SURFACE_CURVE('',#27,(#34,#54),.PCURVE_S1.);
#27 = B_SPLINE_CURVE_WITH_KNOTS('',5,(#28,#29,#30,#31,#32,#33),
  .UNSPECIFIED.,.F.,.F.,(6,6),(0.,1.),.PIECEWISE_BEZIER_KNOTS.);
#28 = CARTESIAN_POINT('',(-37.03824110194,-7.499999999999,
    -9.184850993604E-16));
#29 = CARTESIAN_POINT('',(-36.41180711325,-7.496402230976,4.649856634508
    ));
#30 = CARTESIAN_POINT('',(-35.7768613541,-3.841410447455,9.67068045996)
  );
#31 = CARTESIAN_POINT('',(-35.1580281962,3.841410447455,9.67068045996));
#32 = CARTESIAN_POINT('',(-34.52308243705,7.496402230976,4.649856634508)
  );
#33 = CARTESIAN_POINT('',(-33.89664844835,7.499999999999,
    1.836970198721E-15));
#34 = PCURVE('',#35,#48);
#35 = B_SPLINE_SURFACE_WITH_KNOTS('',5,1,(
    (#36,#37)
    ,(#38,#39)
    ,(#40,#41)
    ,(#42,#43)
    ,(#44,#45)
    ,(#46,#47)),.UNSPECIFIED.,.F.,.F.,.F.,(6,6),(2,2),(0.,1.),(0.,1.),
  .PIECEWISE_BEZIER_KNOTS.);
#36 = CARTESIAN_POINT('',(-38.3599825842,-7.499999999999,
    -9.184850993604E-16));
#37 = CARTESIAN_POINT('',(-37.03824110194,-7.499999999999,
    -9.184850993604E-16));
#38 = CARTESIAN_POINT('',(-37.73354859551,-7.496402230976,4.649856634508
    ));
#39 = CARTESIAN_POINT('',(-36.41180711325,-7.496402230976,4.649856634508
    ));
#40 = CARTESIAN_POINT('',(-37.09860283635,-3.841410447455,9.67068045996)
  );
#41 = CARTESIAN_POINT('',(-35.7768613541,-3.841410447455,9.67068045996)
  );
#42 = CARTESIAN_POINT('',(-36.47976967846,3.841410447455,9.67068045996)
  );
#43 = CARTESIAN_POINT('',(-35.1580281962,3.841410447455,9.67068045996));
#44 = CARTESIAN_POINT('',(-35.8448239193,7.496402230976,4.649856634508)
  );
#45 = CARTESIAN_POINT('',(-34.52308243705,7.496402230976,4.649856634508)
  );
#46 = CARTESIAN_POINT('',(-35.21838993061,7.499999999999,
    1.836970198721E-15));
#47 = CARTESIAN_POINT('',(-33.89664844835,7.499999999999,
    1.836970198721E-15));
#48 = DEFINITIONAL_REPRESENTATION('',(#49),#53);
#49 = LINE('',#50,#51);
#50 = CARTESIAN_POINT('',(0.,1.));
#51 = VECTOR('',#52,1.);
#52 = DIRECTION('',(1.,0.));
#53 = ( GEOMETRIC_REPRESENTATION_CONTEXT(2) 
PARAMETRIC_REPRESENTATION_CONTEXT() REPRESENTATION_CONTEXT('2D SPACE',''
  ) );
#54 = PCURVE('',#55,#68);
#55 = B_SPLINE_SURFACE_WITH_KNOTS('',5,1,(
    (#56,#57)
    ,(#58,#59)
    ,(#60,#61)
    ,(#62,#63)
    ,(#64,#65)
    ,(#66,#67)),.UNSPECIFIED.,.F.,.F.,.F.,(6,6),(2,2),(0.,1.),(0.,1.),
  .PIECEWISE_BEZIER_KNOTS.);
#56 = CARTESIAN_POINT('',(-37.03824110194,-7.499999999999,
    -9.184850993604E-16));
#57 = CARTESIAN_POINT('',(-35.40037504775,-11.99999999999,
    -1.469576158977E-15));
#58 = CARTESIAN_POINT('',(-36.41182159398,-7.496459798593,4.649829532936
    ));
#59 = CARTESIAN_POINT('',(-34.77395553978,-11.99433567774,7.439727252697
    ));
#60 = CARTESIAN_POINT('',(-35.7768248657,-3.841248176104,9.670705072962)
  );
#61 = CARTESIAN_POINT('',(-34.1389588115,-6.145997081766,15.473128116739
    ));
#62 = CARTESIAN_POINT('',(-35.1580646846,3.841248176104,9.670705072962)
  );
#63 = CARTESIAN_POINT('',(-33.5201986304,6.145997081766,15.47312811674)
  );
#64 = CARTESIAN_POINT('',(-34.52306795632,7.496459798593,4.649829532936)
  );
#65 = CARTESIAN_POINT('',(-32.88520190212,11.994335677749,7.439727252697
    ));
#66 = CARTESIAN_POINT('',(-33.89664844835,7.499999999999,
    1.836970198721E-15));
#67 = CARTESIAN_POINT('',(-32.25878239416,11.999999999999,
    2.939152317953E-15));
#68 = DEFINITIONAL_REPRESENTATION('',(#69),#128);
#69 = B_SPLINE_CURVE_WITH_KNOTS('',9,(#70,#71,#72,#73,#74,#75,#76,#77,
    #78,#79,#80,#81,#82,#83,#84,#85,#86,#87,#88,#89,#90,#91,#92,#93,#94,
    #95,#96,#97,#98,#99,#100,#101,#102,#103,#104,#105,#106,#107,#108,
    #109,#110,#111,#112,#113,#114,#115,#116,#117,#118,#119,#120,#121,
    #122,#123,#124,#125,#126,#127),.UNSPECIFIED.,.F.,.F.,(10,8,8,8,8,8,8
    ,10),(0.648868511367,0.692759947446,0.736651383525,0.780542819604,
    0.824434255684,0.912217127842,0.956108563921,1.),.UNSPECIFIED.);
#70 = CARTESIAN_POINT('',(0.648869099306,0.));
#71 = CARTESIAN_POINT('',(0.653745923967,0.));
#72 = CARTESIAN_POINT('',(0.658621563887,0.));
#73 = CARTESIAN_POINT('',(0.663501326472,0.));
#74 = CARTESIAN_POINT('',(0.66837564288,0.));
#75 = CARTESIAN_POINT('',(0.673251916687,0.));
#76 = CARTESIAN_POINT('',(0.678131316105,0.));
#77 = CARTESIAN_POINT('',(0.683006423248,0.));
#78 = CARTESIAN_POINT('',(0.687883435061,0.));
#79 = CARTESIAN_POINT('',(0.697637348062,0.));
#80 = CARTESIAN_POINT('',(0.702515375506,0.));
#81 = CARTESIAN_POINT('',(0.707385126157,0.));
#82 = CARTESIAN_POINT('',(0.712276610384,0.));
#83 = CARTESIAN_POINT('',(0.717137749288,0.));
#84 = CARTESIAN_POINT('',(0.722022977144,0.));
#85 = CARTESIAN_POINT('',(0.726898615219,0.));
#86 = CARTESIAN_POINT('',(0.731774743175,0.));
#87 = CARTESIAN_POINT('',(0.741528405759,0.));
#88 = CARTESIAN_POINT('',(0.746405978921,0.));
#89 = CARTESIAN_POINT('',(0.75128399983,0.));
#90 = CARTESIAN_POINT('',(0.756150796559,0.));
#91 = CARTESIAN_POINT('',(0.761046614366,0.));
#92 = CARTESIAN_POINT('',(0.76590640922,0.));
#93 = CARTESIAN_POINT('',(0.770790379564,0.));
#94 = CARTESIAN_POINT('',(0.775666009755,0.));
#95 = CARTESIAN_POINT('',(0.785419595322,0.));
#96 = CARTESIAN_POINT('',(0.790296391446,0.));
#97 = CARTESIAN_POINT('',(0.795173190429,0.));
#98 = CARTESIAN_POINT('',(0.800049991788,0.));
#99 = CARTESIAN_POINT('',(0.804926795042,0.));
#100 = CARTESIAN_POINT('',(0.809803599707,0.));
#101 = CARTESIAN_POINT('',(0.814680405303,0.));
#102 = CARTESIAN_POINT('',(0.819557211346,0.));
#103 = CARTESIAN_POINT('',(0.834187629372,0.));
#104 = CARTESIAN_POINT('',(0.843941246106,0.));
#105 = CARTESIAN_POINT('',(0.853694868168,0.));
#106 = CARTESIAN_POINT('',(0.863448496169,0.));
#107 = CARTESIAN_POINT('',(0.873202130722,0.));
#108 = CARTESIAN_POINT('',(0.882955772438,0.));
#109 = CARTESIAN_POINT('',(0.892709421927,0.));
#110 = CARTESIAN_POINT('',(0.902463079802,0.));
#111 = CARTESIAN_POINT('',(0.91709358011,0.));
#112 = CARTESIAN_POINT('',(0.92197041861,0.));
#113 = CARTESIAN_POINT('',(0.926847260472,0.));
#114 = CARTESIAN_POINT('',(0.931724103999,0.));
#115 = CARTESIAN_POINT('',(0.936600947489,0.));
#116 = CARTESIAN_POINT('',(0.941477789242,0.));
#117 = CARTESIAN_POINT('',(0.946354627559,0.));
#118 = CARTESIAN_POINT('',(0.95123146074,0.));
#119 = CARTESIAN_POINT('',(0.96098511343,0.));
#120 = CARTESIAN_POINT('',(0.965861961496,0.));
#121 = CARTESIAN_POINT('',(0.970740653435,0.));
#122 = CARTESIAN_POINT('',(0.975614405117,0.));
#123 = CARTESIAN_POINT('',(0.980491658529,0.));
#124 = CARTESIAN_POINT('',(0.985371486318,0.));
#125 = CARTESIAN_POINT('',(0.990245477961,0.));
#126 = CARTESIAN_POINT('',(0.995123143796,0.));
#127 = CARTESIAN_POINT('',(1.,0.));
#128 = ( GEOMETRIC_REPRESENTATION_CONTEXT(2) 
PARAMETRIC_REPRESENTATION_CONTEXT() REPRESENTATION_CONTEXT('2D SPACE',''
  ) );
#129 = ORIENTED_EDGE('',*,*,#130,.F.);
#130 = EDGE_CURVE('',#131,#22,#133,.T.);
#131 = VERTEX_POINT('',#132);
#132 = CARTESIAN_POINT('',(-35.,6.482569229767,3.771776263417));
#133 = SURFACE_CURVE('',#134,(#162,#186),.PCURVE_S1.);
#134 = B_SPLINE_CURVE_WITH_KNOTS('',6,(#135,#136,#137,#138,#139,#140,
    #141,#142,#143,#144,#145,#146,#147,#148,#149,#150,#151,#152,#153,
    #154,#155,#156,#157,#158,#159,#160,#161),.UNSPECIFIED.,.F.,.F.,(7,5,
    5,5,5,7),(0.,5.942639709689E-02,0.234107635434,0.471875809608,
    0.772819900879,1.),.UNSPECIFIED.);
#135 = CARTESIAN_POINT('',(-35.,7.499999999999,1.7763568394E-15));
#136 = CARTESIAN_POINT('',(-35.,7.499936578773,8.19673544098E-02));
#137 = CARTESIAN_POINT('',(-35.,7.498783991784,0.163933853264));
#138 = CARTESIAN_POINT('',(-35.,7.496545975928,0.245881438592));
#139 = CARTESIAN_POINT('',(-35.,7.493226189278,0.327792250868));
#140 = CARTESIAN_POINT('',(-35.,7.488828211077,0.409648629007));
#141 = CARTESIAN_POINT('',(-35.,7.467268874833,0.73183493816));
#142 = CARTESIAN_POINT('',(-35.,7.441896750326,0.971614272327));
#143 = CARTESIAN_POINT('',(-35.,7.407328193129,1.210329933729));
#144 = CARTESIAN_POINT('',(-35.,7.36365185551,1.447545989864));
#145 = CARTESIAN_POINT('',(-35.,7.310964009773,1.682832854885));
#146 = CARTESIAN_POINT('',(-35.,7.165546473333,2.232829668294));
#147 = CARTESIAN_POINT('',(-35.,7.065227753257,2.545534164575));
#148 = CARTESIAN_POINT('',(-35.,6.948703270449,2.85280660633));
#149 = CARTESIAN_POINT('',(-35.,6.816313965316,3.153587185785));
#150 = CARTESIAN_POINT('',(-35.,6.668480142594,3.446839970326));
#151 = CARTESIAN_POINT('',(-35.,6.299720172407,4.091934210679));
#152 = CARTESIAN_POINT('',(-35.,6.069799178932,4.438658378096));
#153 = CARTESIAN_POINT('',(-35.,5.817028136791,4.769664892252));
#154 = CARTESIAN_POINT('',(-35.,5.542704474702,5.083049830893));
#155 = CARTESIAN_POINT('',(-35.,5.248351983169,5.377071893562));
#156 = CARTESIAN_POINT('',(-35.,4.699772970164,5.856347330213));
#157 = CARTESIAN_POINT('',(-35.,4.453384401708,6.050605918098));
#158 = CARTESIAN_POINT('',(-35.,4.197345010259,6.23229331778));
#159 = CARTESIAN_POINT('',(-35.,3.932465437289,6.40082967591));
#160 = CARTESIAN_POINT('',(-35.,3.659604973354,6.555713898936));
#161 = CARTESIAN_POINT('',(-35.,3.379668280451,6.696519606134));
#162 = PCURVE('',#35,#163);
#163 = DEFINITIONAL_REPRESENTATION('',(#164),#185);
#164 = B_SPLINE_CURVE_WITH_KNOTS('',10,(#165,#166,#167,#168,#169,#170,
    #171,#172,#173,#174,#175,#176,#177,#178,#179,#180,#181,#182,#183,
    #184),.UNSPECIFIED.,.F.,.F.,(11,9,11),(0.,0.5,1.),.UNSPECIFIED.);
#165 = CARTESIAN_POINT('',(1.,0.165228929824));
#166 = CARTESIAN_POINT('',(0.982201917937,0.207405572107));
#167 = CARTESIAN_POINT('',(0.964516726961,0.249360026839));
#168 = CARTESIAN_POINT('',(0.946911773777,0.291159939711));
#169 = CARTESIAN_POINT('',(0.929358240817,0.33286580116));
#170 = CARTESIAN_POINT('',(0.911838265089,0.374513408867));
#171 = CARTESIAN_POINT('',(0.894337964464,0.416130126949));
#172 = CARTESIAN_POINT('',(0.876843942088,0.45774302473));
#173 = CARTESIAN_POINT('',(0.859347803429,0.499368025899));
#174 = CARTESIAN_POINT('',(0.841850184393,0.541000246703));
#175 = CARTESIAN_POINT('',(0.806835321185,0.624313252798));
#176 = CARTESIAN_POINT('',(0.789318010147,0.665994199655));
#177 = CARTESIAN_POINT('',(0.771788966843,0.707701227125));
#178 = CARTESIAN_POINT('',(0.754273117924,0.749372925148));
#179 = CARTESIAN_POINT('',(0.736683849344,0.791213696347));
#180 = CARTESIAN_POINT('',(0.719168289243,0.83287252311));
#181 = CARTESIAN_POINT('',(0.701579938933,0.874697243165));
#182 = CARTESIAN_POINT('',(0.684016788958,0.916454562313));
#183 = CARTESIAN_POINT('',(0.66644354775,0.958228582083));
#184 = CARTESIAN_POINT('',(0.648868511367,1.));
#185 = ( GEOMETRIC_REPRESENTATION_CONTEXT(2) 
PARAMETRIC_REPRESENTATION_CONTEXT() REPRESENTATION_CONTEXT('2D SPACE',''
  ) );
#186 = PCURVE('',#187,#192);
#187 = PLANE('',#188);
#188 = AXIS2_PLACEMENT_3D('',#189,#190,#191);
#189 = CARTESIAN_POINT('',(-35.,-2.223446576108,-1.053296283654));
#190 = DIRECTION('',(1.,0.,0.));
#191 = DIRECTION('',(-0.,0.,1.));
#192 = DEFINITIONAL_REPRESENTATION('',(#193),#221);
#193 = B_SPLINE_CURVE_WITH_KNOTS('',6,(#194,#195,#196,#197,#198,#199,
    #200,#201,#202,#203,#204,#205,#206,#207,#208,#209,#210,#211,#212,
    #213,#214,#215,#216,#217,#218,#219,#220),.UNSPECIFIED.,.F.,.F.,(7,5,
    5,5,5,7),(0.,5.942639709689E-02,0.234107635434,0.471875809608,
    0.772819900879,1.),.UNSPECIFIED.);
#194 = CARTESIAN_POINT('',(1.053296283654,-9.723446576107));
#195 = CARTESIAN_POINT('',(1.135263638063,-9.723383154881));
#196 = CARTESIAN_POINT('',(1.217230136918,-9.722230567892));
#197 = CARTESIAN_POINT('',(1.299177722246,-9.719992552036));
#198 = CARTESIAN_POINT('',(1.381088534521,-9.716672765386));
#199 = CARTESIAN_POINT('',(1.46294491266,-9.712274787185));
#200 = CARTESIAN_POINT('',(1.785131221813,-9.690715450941));
#201 = CARTESIAN_POINT('',(2.024910555981,-9.665343326434));
#202 = CARTESIAN_POINT('',(2.263626217382,-9.630774769237));
#203 = CARTESIAN_POINT('',(2.500842273518,-9.587098431618));
#204 = CARTESIAN_POINT('',(2.736129138538,-9.534410585881));
#205 = CARTESIAN_POINT('',(3.286125951948,-9.388993049441));
#206 = CARTESIAN_POINT('',(3.598830448229,-9.288674329365));
#207 = CARTESIAN_POINT('',(3.906102889983,-9.172149846557));
#208 = CARTESIAN_POINT('',(4.206883469438,-9.039760541424));
#209 = CARTESIAN_POINT('',(4.500136253979,-8.891926718702));
#210 = CARTESIAN_POINT('',(5.145230494333,-8.523166748515));
#211 = CARTESIAN_POINT('',(5.491954661749,-8.29324575504));
#212 = CARTESIAN_POINT('',(5.822961175906,-8.040474712899));
#213 = CARTESIAN_POINT('',(6.136346114546,-7.76615105081));
#214 = CARTESIAN_POINT('',(6.430368177216,-7.471798559277));
#215 = CARTESIAN_POINT('',(6.909643613866,-6.923219546272));
#216 = CARTESIAN_POINT('',(7.103902201752,-6.676830977816));
#217 = CARTESIAN_POINT('',(7.285589601434,-6.420791586367));
#218 = CARTESIAN_POINT('',(7.454125959563,-6.155912013397));
#219 = CARTESIAN_POINT('',(7.60901018259,-5.883051549462));
#220 = CARTESIAN_POINT('',(7.749815889787,-5.603114856559));
#221 = ( GEOMETRIC_REPRESENTATION_CONTEXT(2) 
PARAMETRIC_REPRESENTATION_CONTEXT() REPRESENTATION_CONTEXT('2D SPACE',''
  ) );
#222 = ORIENTED_EDGE('',*,*,#223,.F.);
#223 = EDGE_CURVE('',#224,#131,#226,.T.);
#224 = VERTEX_POINT('',#225);
#225 = CARTESIAN_POINT('',(-35.,7.499999999999,9.184850993604E-16));
#226 = SURFACE_CURVE('',#227,(#255,#279),.PCURVE_S1.);
#227 = B_SPLINE_CURVE_WITH_KNOTS('',6,(#228,#229,#230,#231,#232,#233,
    #234,#235,#236,#237,#238,#239,#240,#241,#242,#243,#244,#245,#246,
    #247,#248,#249,#250,#251,#252,#253,#254),.UNSPECIFIED.,.F.,.F.,(7,5,
    5,5,5,7),(0.,5.942639709689E-02,0.234107635434,0.471875809608,
    0.772819900879,1.),.UNSPECIFIED.);
#228 = CARTESIAN_POINT('',(-35.,7.499999999999,1.7763568394E-15));
#229 = CARTESIAN_POINT('',(-35.,7.499936578773,8.19673544098E-02));
#230 = CARTESIAN_POINT('',(-35.,7.498783991784,0.163933853264));
#231 = CARTESIAN_POINT('',(-35.,7.496545975928,0.245881438592));
#232 = CARTESIAN_POINT('',(-35.,7.493226189278,0.327792250868));
#233 = CARTESIAN_POINT('',(-35.,7.488828211077,0.409648629007));
#234 = CARTESIAN_POINT('',(-35.,7.467268874833,0.73183493816));
#235 = CARTESIAN_POINT('',(-35.,7.441896750326,0.971614272327));
#236 = CARTESIAN_POINT('',(-35.,7.407328193129,1.210329933729));
#237 = CARTESIAN_POINT('',(-35.,7.36365185551,1.447545989864));
#238 = CARTESIAN_POINT('',(-35.,7.310964009773,1.682832854885));
#239 = CARTESIAN_POINT('',(-35.,7.165546473333,2.232829668294));
#240 = CARTESIAN_POINT('',(-35.,7.065227753257,2.545534164575));
#241 = CARTESIAN_POINT('',(-35.,6.948703270449,2.85280660633));
#242 = CARTESIAN_POINT('',(-35.,6.816313965316,3.153587185785));
#243 = CARTESIAN_POINT('',(-35.,6.668480142594,3.446839970326));
#244 = CARTESIAN_POINT('',(-35.,6.299720172407,4.091934210679));
#245 = CARTESIAN_POINT('',(-35.,6.069799178932,4.438658378096));
#246 = CARTESIAN_POINT('',(-35.,5.817028136791,4.769664892252));
#247 = CARTESIAN_POINT('',(-35.,5.542704474702,5.083049830893));
#248 = CARTESIAN_POINT('',(-35.,5.248351983169,5.377071893562));
#249 = CARTESIAN_POINT('',(-35.,4.699772970164,5.856347330213));
#250 = CARTESIAN_POINT('',(-35.,4.453384401708,6.050605918098));
#251 = CARTESIAN_POINT('',(-35.,4.197345010259,6.23229331778));
#252 = CARTESIAN_POINT('',(-35.,3.932465437289,6.40082967591));
#253 = CARTESIAN_POINT('',(-35.,3.659604973354,6.555713898936));
#254 = CARTESIAN_POINT('',(-35.,3.379668280451,6.696519606134));
#255 = PCURVE('',#35,#256);
#256 = DEFINITIONAL_REPRESENTATION('',(#257),#278);
#257 = B_SPLINE_CURVE_WITH_KNOTS('',10,(#258,#259,#260,#261,#262,#263,
    #264,#265,#266,#267,#268,#269,#270,#271,#272,#273,#274,#275,#276,
    #277),.UNSPECIFIED.,.F.,.F.,(11,9,11),(0.,0.5,1.),.UNSPECIFIED.);
#258 = CARTESIAN_POINT('',(1.,0.165228929824));
#259 = CARTESIAN_POINT('',(0.982201917937,0.207405572107));
#260 = CARTESIAN_POINT('',(0.964516726961,0.249360026839));
#261 = CARTESIAN_POINT('',(0.946911773777,0.291159939711));
#262 = CARTESIAN_POINT('',(0.929358240817,0.33286580116));
#263 = CARTESIAN_POINT('',(0.911838265089,0.374513408867));
#264 = CARTESIAN_POINT('',(0.894337964464,0.416130126949));
#265 = CARTESIAN_POINT('',(0.876843942088,0.45774302473));
#266 = CARTESIAN_POINT('',(0.859347803429,0.499368025899));
#267 = CARTESIAN_POINT('',(0.841850184393,0.541000246703));
#268 = CARTESIAN_POINT('',(0.806835321185,0.624313252798));
#269 = CARTESIAN_POINT('',(0.789318010147,0.665994199655));
#270 = CARTESIAN_POINT('',(0.771788966843,0.707701227125));
#271 = CARTESIAN_POINT('',(0.754273117924,0.749372925148));
#272 = CARTESIAN_POINT('',(0.736683849344,0.791213696347));
#273 = CARTESIAN_POINT('',(0.719168289243,0.83287252311));
#274 = CARTESIAN_POINT('',(0.701579938933,0.874697243165));
#275 = CARTESIAN_POINT('',(0.684016788958,0.916454562313));
#276 = CARTESIAN_POINT('',(0.66644354775,0.958228582083));
#277 = CARTESIAN_POINT('',(0.648868511367,1.));
#278 = ( GEOMETRIC_REPRESENTATION_CONTEXT(2) 
PARAMETRIC_REPRESENTATION_CONTEXT() REPRESENTATION_CONTEXT('2D SPACE',''
  ) );
#279 = PCURVE('',#280,#285);
#280 = PLANE('',#281);
#281 = AXIS2_PLACEMENT_3D('',#282,#283,#284);
#282 = CARTESIAN_POINT('',(-35.,0.,0.));
#283 = DIRECTION('',(-1.,0.,0.));
#284 = DIRECTION('',(0.,0.,-1.));
#285 = DEFINITIONAL_REPRESENTATION('',(#286),#314);
#286 = B_SPLINE_CURVE_WITH_KNOTS('',6,(#287,#288,#289,#290,#291,#292,
    #293,#294,#295,#296,#297,#298,#299,#300,#301,#302,#303,#304,#305,
    #306,#307,#308,#309,#310,#311,#312,#313),.UNSPECIFIED.,.F.,.F.,(7,5,
    5,5,5,7),(0.,5.942639709689E-02,0.234107635434,0.471875809608,
    0.772819900879,1.),.UNSPECIFIED.);
#287 = CARTESIAN_POINT('',(-1.7763568394E-15,-7.499999999999));
#288 = CARTESIAN_POINT('',(-8.19673544098E-02,-7.499936578773));
#289 = CARTESIAN_POINT('',(-0.163933853264,-7.498783991784));
#290 = CARTESIAN_POINT('',(-0.245881438592,-7.496545975928));
#291 = CARTESIAN_POINT('',(-0.327792250868,-7.493226189278));
#292 = CARTESIAN_POINT('',(-0.409648629007,-7.488828211077));
#293 = CARTESIAN_POINT('',(-0.73183493816,-7.467268874833));
#294 = CARTESIAN_POINT('',(-0.971614272327,-7.441896750326));
#295 = CARTESIAN_POINT('',(-1.210329933729,-7.407328193129));
#296 = CARTESIAN_POINT('',(-1.447545989864,-7.36365185551));
#297 = CARTESIAN_POINT('',(-1.682832854885,-7.310964009773));
#298 = CARTESIAN_POINT('',(-2.232829668294,-7.165546473333));
#299 = CARTESIAN_POINT('',(-2.545534164575,-7.065227753257));
#300 = CARTESIAN_POINT('',(-2.85280660633,-6.948703270449));
#301 = CARTESIAN_POINT('',(-3.153587185785,-6.816313965316));
#302 = CARTESIAN_POINT('',(-3.446839970326,-6.668480142594));
#303 = CARTESIAN_POINT('',(-4.091934210679,-6.299720172407));
#304 = CARTESIAN_POINT('',(-4.438658378096,-6.069799178932));
#305 = CARTESIAN_POINT('',(-4.769664892252,-5.817028136791));
#306 = CARTESIAN_POINT('',(-5.083049830893,-5.542704474702));
#307 = CARTESIAN_POINT('',(-5.377071893562,-5.248351983169));
#308 = CARTESIAN_POINT('',(-5.856347330213,-4.699772970164));
#309 = CARTESIAN_POINT('',(-6.050605918098,-4.453384401708));
#310 = CARTESIAN_POINT('',(-6.23229331778,-4.197345010259));
#311 = CARTESIAN_POINT('',(-6.40082967591,-3.932465437289));
#312 = CARTESIAN_POINT('',(-6.555713898936,-3.659604973354));
#313 = CARTESIAN_POINT('',(-6.696519606134,-3.379668280451));
#314 = ( GEOMETRIC_REPRESENTATION_CONTEXT(2) 
PARAMETRIC_REPRESENTATION_CONTEXT() REPRESENTATION_CONTEXT('2D SPACE',''
  ) );
#315 = ORIENTED_EDGE('',*,*,#316,.T.);
#316 = EDGE_CURVE('',#224,#24,#317,.T.);
#317 = SURFACE_CURVE('',#318,(#321,#328),.PCURVE_S1.);
#318 = B_SPLINE_CURVE_WITH_KNOTS('',1,(#319,#320),.UNSPECIFIED.,.F.,.F.,
  (2,2),(0.,1.),.PIECEWISE_BEZIER_KNOTS.);
#319 = CARTESIAN_POINT('',(-35.21838993061,7.499999999999,
    1.836970198721E-15));
#320 = CARTESIAN_POINT('',(-33.89664844835,7.499999999999,
    1.836970198721E-15));
#321 = PCURVE('',#35,#322);
#322 = DEFINITIONAL_REPRESENTATION('',(#323),#327);
#323 = LINE('',#324,#325);
#324 = CARTESIAN_POINT('',(1.,0.));
#325 = VECTOR('',#326,1.);
#326 = DIRECTION('',(0.,1.));
#327 = ( GEOMETRIC_REPRESENTATION_CONTEXT(2) 
PARAMETRIC_REPRESENTATION_CONTEXT() REPRESENTATION_CONTEXT('2D SPACE',''
  ) );
#328 = PCURVE('',#329,#342);
#329 = B_SPLINE_SURFACE_WITH_KNOTS('',5,1,(
    (#330,#331)
    ,(#332,#333)
    ,(#334,#335)
    ,(#336,#337)
    ,(#338,#339)
    ,(#340,#341)),.UNSPECIFIED.,.F.,.F.,.F.,(6,6),(2,2),(0.,1.),(0.,1.),
  .PIECEWISE_BEZIER_KNOTS.);
#330 = CARTESIAN_POINT('',(-35.21838993061,7.499999999999,0.));
#331 = CARTESIAN_POINT('',(-33.89664844835,7.499999999999,0.));
#332 = CARTESIAN_POINT('',(-34.59195594192,7.496402230976,
    -4.649856634508));
#333 = CARTESIAN_POINT('',(-33.27021445966,7.496402230976,
    -4.649856634508));
#334 = CARTESIAN_POINT('',(-33.95701018276,3.841410447455,-9.67068045996
    ));
#335 = CARTESIAN_POINT('',(-32.63526870051,3.841410447455,-9.67068045996
    ));
#336 = CARTESIAN_POINT('',(-33.33817702487,-3.841410447455,
    -9.67068045996));
#337 = CARTESIAN_POINT('',(-32.01643554261,-3.841410447455,
    -9.67068045996));
#338 = CARTESIAN_POINT('',(-32.70323126571,-7.496402230976,
    -4.649856634508));
#339 = CARTESIAN_POINT('',(-31.38148978346,-7.496402230976,
    -4.649856634508));
#340 = CARTESIAN_POINT('',(-32.07679727702,-7.499999999999,
    -9.184850993604E-16));
#341 = CARTESIAN_POINT('',(-30.75505579476,-7.499999999999,
    -9.184850993604E-16));
#342 = DEFINITIONAL_REPRESENTATION('',(#343),#347);
#343 = LINE('',#344,#345);
#344 = CARTESIAN_POINT('',(0.,0.));
#345 = VECTOR('',#346,1.);
#346 = DIRECTION('',(0.,1.));
#347 = ( GEOMETRIC_REPRESENTATION_CONTEXT(2) 
PARAMETRIC_REPRESENTATION_CONTEXT() REPRESENTATION_CONTEXT('2D SPACE',''
  ) );
#348 = ADVANCED_FACE('',(#349),#55,.F.);
#349 = FACE_BOUND('',#350,.F.);
#350 = EDGE_LOOP('',(#351,#437,#438,#473));
#351 = ORIENTED_EDGE('',*,*,#352,.F.);
#352 = EDGE_CURVE('',#22,#353,#355,.T.);
#353 = VERTEX_POINT('',#354);
#354 = CARTESIAN_POINT('',(-35.,-11.05066906131,4.672820917689));
#355 = SURFACE_CURVE('',#356,(#383,#407),.PCURVE_S1.);
#356 = B_SPLINE_CURVE_WITH_KNOTS('',7,(#357,#358,#359,#360,#361,#362,
    #363,#364,#365,#366,#367,#368,#369,#370,#371,#372,#373,#374,#375,
    #376,#377,#378,#379,#380,#381,#382),.UNSPECIFIED.,.F.,.F.,(8,6,6,6,8
    ),(0.,0.133859023229,0.318229361319,0.613854665868,1.),
  .UNSPECIFIED.);
#357 = CARTESIAN_POINT('',(-35.,3.379670643966,6.696516391387));
#358 = CARTESIAN_POINT('',(-35.,3.162484515959,6.928168978518));
#359 = CARTESIAN_POINT('',(-35.,2.933244960107,7.148512866265));
#360 = CARTESIAN_POINT('',(-35.,2.692925501965,7.357056432293));
#361 = CARTESIAN_POINT('',(-35.,2.44248477544,7.553404637072));
#362 = CARTESIAN_POINT('',(-35.,2.182858522257,7.737248848523));
#363 = CARTESIAN_POINT('',(-35.,1.914951591415,7.908356666664));
#364 = CARTESIAN_POINT('',(-35.,1.260416457334,8.284465059355));
#365 = CARTESIAN_POINT('',(-35.,0.867154894933,8.477880182401));
#366 = CARTESIAN_POINT('',(-35.,0.462092657915,8.646387271146));
#367 = CARTESIAN_POINT('',(-35.,4.7375321648E-02,8.789771280799));
#368 = CARTESIAN_POINT('',(-35.,-0.374963588936,8.907992754913));
#369 = CARTESIAN_POINT('',(-35.,-0.803012818669,9.001158612271));
#370 = CARTESIAN_POINT('',(-35.,-1.927645422808,9.179062373271));
#371 = CARTESIAN_POINT('',(-35.,-2.630338719335,9.224779558186));
#372 = CARTESIAN_POINT('',(-35.,-3.335768790147,9.207595746108));
#373 = CARTESIAN_POINT('',(-35.,-4.037293069625,9.129181230644));
#374 = CARTESIAN_POINT('',(-35.,-4.728919684069,8.991797115847));
#375 = CARTESIAN_POINT('',(-35.,-5.405298250226,8.798196715027));
#376 = CARTESIAN_POINT('',(-35.,-6.919120777745,8.229395587649));
#377 = CARTESIAN_POINT('',(-35.,-7.742510492034,7.816723832758));
#378 = CARTESIAN_POINT('',(-35.,-8.521314466197,7.320624863072));
#379 = CARTESIAN_POINT('',(-35.,-9.247200759717,6.749288946407));
#380 = CARTESIAN_POINT('',(-35.,-9.913680824201,6.111461714342));
#381 = CARTESIAN_POINT('',(-35.,-10.51595875751,5.4162576062));
#382 = CARTESIAN_POINT('',(-35.,-11.05066890773,4.672818819062));
#383 = PCURVE('',#55,#384);
#384 = DEFINITIONAL_REPRESENTATION('',(#385),#406);
#385 = B_SPLINE_CURVE_WITH_KNOTS('',7,(#386,#387,#388,#389,#390,#391,
    #392,#393,#394,#395,#396,#397,#398,#399,#400,#401,#402,#403,#404,
    #405),.UNSPECIFIED.,.F.,.F.,(8,6,6,8),(0.,0.25,0.5,1.),
  .UNSPECIFIED.);
#386 = CARTESIAN_POINT('',(0.648869099306,0.));
#387 = CARTESIAN_POINT('',(0.62520959902,4.537916834279E-02));
#388 = CARTESIAN_POINT('',(0.602207324258,8.948714348408E-02));
#389 = CARTESIAN_POINT('',(0.579801786824,0.132442044025));
#390 = CARTESIAN_POINT('',(0.557947798286,0.174333240661));
#391 = CARTESIAN_POINT('',(0.536603353547,0.215243921705));
#392 = CARTESIAN_POINT('',(0.515727623583,0.255254631864));
#393 = CARTESIAN_POINT('',(0.474850491039,0.333600936664));
#394 = CARTESIAN_POINT('',(0.454849251406,0.371936218199));
#395 = CARTESIAN_POINT('',(0.435250041652,0.409503213295));
#396 = CARTESIAN_POINT('',(0.416032088561,0.446343263687));
#397 = CARTESIAN_POINT('',(0.397160334495,0.48252465086));
#398 = CARTESIAN_POINT('',(0.378620493531,0.518075389611));
#399 = CARTESIAN_POINT('',(0.323937120155,0.622950550048));
#400 = CARTESIAN_POINT('',(0.288731661257,0.69049422279));
#401 = CARTESIAN_POINT('',(0.254630300915,0.755946477067));
#402 = CARTESIAN_POINT('',(0.221556767916,0.819448528356));
#403 = CARTESIAN_POINT('',(0.189401641917,0.881199382238));
#404 = CARTESIAN_POINT('',(0.158087797443,0.941332133481));
#405 = CARTESIAN_POINT('',(0.127525683316,1.));
#406 = ( GEOMETRIC_REPRESENTATION_CONTEXT(2) 
PARAMETRIC_REPRESENTATION_CONTEXT() REPRESENTATION_CONTEXT('2D SPACE',''
  ) );
#407 = PCURVE('',#187,#408);
#408 = DEFINITIONAL_REPRESENTATION('',(#409),#436);
#409 = B_SPLINE_CURVE_WITH_KNOTS('',7,(#410,#411,#412,#413,#414,#415,
    #416,#417,#418,#419,#420,#421,#422,#423,#424,#425,#426,#427,#428,
    #429,#430,#431,#432,#433,#434,#435),.UNSPECIFIED.,.F.,.F.,(8,6,6,6,8
    ),(0.,0.133859023229,0.318229361319,0.613854665868,1.),
  .UNSPECIFIED.);
#410 = CARTESIAN_POINT('',(7.749812675041,-5.603117220074));
#411 = CARTESIAN_POINT('',(7.981465262171,-5.385931092067));
#412 = CARTESIAN_POINT('',(8.201809149918,-5.156691536215));
#413 = CARTESIAN_POINT('',(8.410352715947,-4.916372078073));
#414 = CARTESIAN_POINT('',(8.606700920726,-4.665931351548));
#415 = CARTESIAN_POINT('',(8.790545132176,-4.406305098365));
#416 = CARTESIAN_POINT('',(8.961652950317,-4.138398167523));
#417 = CARTESIAN_POINT('',(9.337761343009,-3.483863033443));
#418 = CARTESIAN_POINT('',(9.531176466055,-3.090601471041));
#419 = CARTESIAN_POINT('',(9.6996835548,-2.685539234023));
#420 = CARTESIAN_POINT('',(9.843067564453,-2.270821897756));
#421 = CARTESIAN_POINT('',(9.961289038566,-1.848482987172));
#422 = CARTESIAN_POINT('',(10.054454895924,-1.420433757439));
#423 = CARTESIAN_POINT('',(10.232358656925,-0.2958011533));
#424 = CARTESIAN_POINT('',(10.278075841839,0.406892143227));
#425 = CARTESIAN_POINT('',(10.260892029761,1.112322214039));
#426 = CARTESIAN_POINT('',(10.182477514298,1.813846493517));
#427 = CARTESIAN_POINT('',(10.045093399501,2.505473107961));
#428 = CARTESIAN_POINT('',(9.85149299868,3.181851674118));
#429 = CARTESIAN_POINT('',(9.282691871302,4.695674201636));
#430 = CARTESIAN_POINT('',(8.870020116411,5.519063915926));
#431 = CARTESIAN_POINT('',(8.373921146726,6.297867890089));
#432 = CARTESIAN_POINT('',(7.802585230061,7.023754183608));
#433 = CARTESIAN_POINT('',(7.164757997996,7.690234248093));
#434 = CARTESIAN_POINT('',(6.469553889854,8.292512181408));
#435 = CARTESIAN_POINT('',(5.726115102716,8.827222331629));
#436 = ( GEOMETRIC_REPRESENTATION_CONTEXT(2) 
PARAMETRIC_REPRESENTATION_CONTEXT() REPRESENTATION_CONTEXT('2D SPACE',''
  ) );
#437 = ORIENTED_EDGE('',*,*,#21,.T.);
#438 = ORIENTED_EDGE('',*,*,#439,.T.);
#439 = EDGE_CURVE('',#24,#440,#442,.T.);
#440 = VERTEX_POINT('',#441);
#441 = CARTESIAN_POINT('',(-32.25878239416,11.999999999999,
    2.939152317953E-15));
#442 = SURFACE_CURVE('',#443,(#446,#453),.PCURVE_S1.);
#443 = B_SPLINE_CURVE_WITH_KNOTS('',1,(#444,#445),.UNSPECIFIED.,.F.,.F.,
  (2,2),(0.,1.),.PIECEWISE_BEZIER_KNOTS.);
#444 = CARTESIAN_POINT('',(-33.89664844835,7.499999999999,
    1.836970198721E-15));
#445 = CARTESIAN_POINT('',(-32.25878239416,11.999999999999,
    2.939152317953E-15));
#446 = PCURVE('',#55,#447);
#447 = DEFINITIONAL_REPRESENTATION('',(#448),#452);
#448 = LINE('',#449,#450);
#449 = CARTESIAN_POINT('',(1.,0.));
#450 = VECTOR('',#451,1.);
#451 = DIRECTION('',(0.,1.));
#452 = ( GEOMETRIC_REPRESENTATION_CONTEXT(2) 
PARAMETRIC_REPRESENTATION_CONTEXT() REPRESENTATION_CONTEXT('2D SPACE',''
  ) );
#453 = PCURVE('',#454,#467);
#454 = B_SPLINE_SURFACE_WITH_KNOTS('',5,1,(
    (#455,#456)
    ,(#457,#458)
    ,(#459,#460)
    ,(#461,#462)
    ,(#463,#464)
    ,(#465,#466)),.UNSPECIFIED.,.F.,.F.,.F.,(6,6),(2,2),(0.,1.),(0.,1.),
  .PIECEWISE_BEZIER_KNOTS.);
#455 = CARTESIAN_POINT('',(-33.89664844835,7.499999999999,0.));
#456 = CARTESIAN_POINT('',(-32.25878239416,11.999999999999,0.));
#457 = CARTESIAN_POINT('',(-33.27022894039,7.496459798593,
    -4.649829532936));
#458 = CARTESIAN_POINT('',(-31.63236288619,11.994335677749,
    -7.439727252697));
#459 = CARTESIAN_POINT('',(-32.63523221211,3.841248176104,
    -9.670705072962));
#460 = CARTESIAN_POINT('',(-30.99736615791,6.145997081766,
    -15.47312811673));
#461 = CARTESIAN_POINT('',(-32.01647203101,-3.841248176104,
    -9.670705072962));
#462 = CARTESIAN_POINT('',(-30.37860597681,-6.145997081766,
    -15.47312811674));
#463 = CARTESIAN_POINT('',(-31.38147530273,-7.496459798593,
    -4.649829532936));
#464 = CARTESIAN_POINT('',(-29.74360924853,-11.99433567774,
    -7.439727252697));
#465 = CARTESIAN_POINT('',(-30.75505579476,-7.499999999999,
    -9.184850993604E-16));
#466 = CARTESIAN_POINT('',(-29.11718974057,-11.99999999999,
    -1.469576158977E-15));
#467 = DEFINITIONAL_REPRESENTATION('',(#468),#472);
#468 = LINE('',#469,#470);
#469 = CARTESIAN_POINT('',(0.,0.));
#470 = VECTOR('',#471,1.);
#471 = DIRECTION('',(0.,1.));
#472 = ( GEOMETRIC_REPRESENTATION_CONTEXT(2) 
PARAMETRIC_REPRESENTATION_CONTEXT() REPRESENTATION_CONTEXT('2D SPACE',''
  ) );
#473 = ORIENTED_EDGE('',*,*,#474,.F.);
#474 = EDGE_CURVE('',#353,#440,#475,.T.);
#475 = SURFACE_CURVE('',#476,(#483,#490),.PCURVE_S1.);
#476 = B_SPLINE_CURVE_WITH_KNOTS('',5,(#477,#478,#479,#480,#481,#482),
  .UNSPECIFIED.,.F.,.F.,(6,6),(0.,1.),.PIECEWISE_BEZIER_KNOTS.);
#477 = CARTESIAN_POINT('',(-35.40037504775,-11.99999999999,
    -1.469576158977E-15));
#478 = CARTESIAN_POINT('',(-34.77395553978,-11.99433567774,
    7.439727252697));
#479 = CARTESIAN_POINT('',(-34.1389588115,-6.145997081766,
    15.473128116739));
#480 = CARTESIAN_POINT('',(-33.5201986304,6.145997081766,15.47312811674)
  );
#481 = CARTESIAN_POINT('',(-32.88520190212,11.994335677749,
    7.439727252697));
#482 = CARTESIAN_POINT('',(-32.25878239416,11.999999999999,
    2.939152317953E-15));
#483 = PCURVE('',#55,#484);
#484 = DEFINITIONAL_REPRESENTATION('',(#485),#489);
#485 = LINE('',#486,#487);
#486 = CARTESIAN_POINT('',(0.,1.));
#487 = VECTOR('',#488,1.);
#488 = DIRECTION('',(1.,0.));
#489 = ( GEOMETRIC_REPRESENTATION_CONTEXT(2) 
PARAMETRIC_REPRESENTATION_CONTEXT() REPRESENTATION_CONTEXT('2D SPACE',''
  ) );
#490 = PCURVE('',#491,#504);
#491 = B_SPLINE_SURFACE_WITH_KNOTS('',5,1,(
    (#492,#493)
    ,(#494,#495)
    ,(#496,#497)
    ,(#498,#499)
    ,(#500,#501)
    ,(#502,#503)),.UNSPECIFIED.,.F.,.F.,.F.,(6,6),(2,2),(0.,1.),(0.,1.),
  .PIECEWISE_BEZIER_KNOTS.);
#492 = CARTESIAN_POINT('',(-35.40037504775,-11.99999999999,
    -1.469576158977E-15));
#493 = CARTESIAN_POINT('',(-33.71466333122,-11.99999999999,
    -1.469576158977E-15));
#494 = CARTESIAN_POINT('',(-34.77396125694,-11.99437204352,
    7.439710133806));
#495 = CARTESIAN_POINT('',(-33.08824954042,-11.99437204352,
    7.439710133806));
#496 = CARTESIAN_POINT('',(-34.13894440527,-6.145894572788,
    15.473143664178));
#497 = CARTESIAN_POINT('',(-32.45323268874,-6.145894572788,
    15.473143664178));
#498 = CARTESIAN_POINT('',(-33.52021303664,6.145894572788,
    15.473143664179));
#499 = CARTESIAN_POINT('',(-31.83450132011,6.145894572788,
    15.473143664179));
#500 = CARTESIAN_POINT('',(-32.88519618496,11.994372043523,
    7.439710133805));
#501 = CARTESIAN_POINT('',(-31.19948446843,11.994372043523,
    7.439710133805));
#502 = CARTESIAN_POINT('',(-32.25878239416,11.999999999999,
    2.939152317953E-15));
#503 = CARTESIAN_POINT('',(-30.57307067763,11.999999999999,
    2.939152317953E-15));
#504 = DEFINITIONAL_REPRESENTATION('',(#505),#526);
#505 = B_SPLINE_CURVE_WITH_KNOTS('',10,(#506,#507,#508,#509,#510,#511,
    #512,#513,#514,#515,#516,#517,#518,#519,#520,#521,#522,#523,#524,
    #525),.UNSPECIFIED.,.F.,.F.,(11,9,11),(0.127525683316,0.563762841658
    ,1.),.UNSPECIFIED.);
#506 = CARTESIAN_POINT('',(0.1275259305,0.));
#507 = CARTESIAN_POINT('',(0.171149614554,0.));
#508 = CARTESIAN_POINT('',(0.214773007671,0.));
#509 = CARTESIAN_POINT('',(0.258400206143,0.));
#510 = CARTESIAN_POINT('',(0.302011018555,0.));
#511 = CARTESIAN_POINT('',(0.345656472511,0.));
#512 = CARTESIAN_POINT('',(0.389258301015,0.));
#513 = CARTESIAN_POINT('',(0.432895111775,0.));
#514 = CARTESIAN_POINT('',(0.476515194243,0.));
#515 = CARTESIAN_POINT('',(0.520139249559,0.));
#516 = CARTESIAN_POINT('',(0.607386680941,0.));
#517 = CARTESIAN_POINT('',(0.651010339289,0.));
#518 = CARTESIAN_POINT('',(0.694634028979,0.));
#519 = CARTESIAN_POINT('',(0.7382577664,0.));
#520 = CARTESIAN_POINT('',(0.781881523421,0.));
#521 = CARTESIAN_POINT('',(0.825505255153,0.));
#522 = CARTESIAN_POINT('',(0.86912892772,0.));
#523 = CARTESIAN_POINT('',(0.912752546027,0.));
#524 = CARTESIAN_POINT('',(0.95637618153,0.));
#525 = CARTESIAN_POINT('',(1.,0.));
#526 = ( GEOMETRIC_REPRESENTATION_CONTEXT(2) 
PARAMETRIC_REPRESENTATION_CONTEXT() REPRESENTATION_CONTEXT('2D SPACE',''
  ) );
#527 = ADVANCED_FACE('',(#528),#329,.F.);
#528 = FACE_BOUND('',#529,.F.);
#529 = EDGE_LOOP('',(#530,#531,#582,#683,#718));
#530 = ORIENTED_EDGE('',*,*,#316,.F.);
#531 = ORIENTED_EDGE('',*,*,#532,.F.);
#532 = EDGE_CURVE('',#533,#224,#535,.T.);
#533 = VERTEX_POINT('',#534);
#534 = CARTESIAN_POINT('',(-35.,7.321474293892,-1.618984276582));
#535 = SURFACE_CURVE('',#536,(#543,#567),.PCURVE_S1.);
#536 = B_SPLINE_CURVE_WITH_KNOTS('',5,(#537,#538,#539,#540,#541,#542),
  .UNSPECIFIED.,.F.,.F.,(6,6),(0.,1.),.PIECEWISE_BEZIER_KNOTS.);
#537 = CARTESIAN_POINT('',(-35.,7.321471715692,-1.618978290545));
#538 = CARTESIAN_POINT('',(-35.,7.392102102551,-1.300310571363));
#539 = CARTESIAN_POINT('',(-35.,7.445544962286,-0.977839863938));
#540 = CARTESIAN_POINT('',(-35.,7.481504843121,-0.652781825068));
#541 = CARTESIAN_POINT('',(-35.,7.499747451866,-0.326400223032));
#542 = CARTESIAN_POINT('',(-35.,7.499999999999,1.7763568394E-15));
#543 = PCURVE('',#329,#544);
#544 = DEFINITIONAL_REPRESENTATION('',(#545),#566);
#545 = B_SPLINE_CURVE_WITH_KNOTS('',10,(#546,#547,#548,#549,#550,#551,
    #552,#553,#554,#555,#556,#557,#558,#559,#560,#561,#562,#563,#564,
    #565),.UNSPECIFIED.,.F.,.F.,(11,9,11),(0.,0.5,1.),.UNSPECIFIED.);
#546 = CARTESIAN_POINT('',(6.961754842581E-02,1.387778780781E-17));
#547 = CARTESIAN_POINT('',(6.615651186321E-02,8.224348511444E-03));
#548 = CARTESIAN_POINT('',(6.26930733635E-02,1.645356772819E-02));
#549 = CARTESIAN_POINT('',(5.922856508661E-02,2.468444307719E-02));
#550 = CARTESIAN_POINT('',(5.577209632334E-02,3.289529320044E-02));
#551 = CARTESIAN_POINT('',(5.228721677195E-02,4.117265416369E-02));
#552 = CARTESIAN_POINT('',(4.883600949561E-02,4.936899246418E-02));
#553 = CARTESIAN_POINT('',(4.535355823628E-02,5.763847200178E-02));
#554 = CARTESIAN_POINT('',(4.188403601975E-02,6.58760982524E-02));
#555 = CARTESIAN_POINT('',(3.840734445987E-02,7.412956180553E-02));
#556 = CARTESIAN_POINT('',(3.145008383886E-02,9.064319352207E-02));
#557 = CARTESIAN_POINT('',(2.796941840732E-02,9.890359389096E-02));
#558 = CARTESIAN_POINT('',(2.44826511188E-02,0.107177159837));
#559 = CARTESIAN_POINT('',(2.100068243466E-02,0.115437995809));
#560 = CARTESIAN_POINT('',(1.750652505579E-02,0.123726302427));
#561 = CARTESIAN_POINT('',(1.4010995577E-02,0.132016378407));
#562 = CARTESIAN_POINT('',(1.052032610022E-02,0.14029338611));
#563 = CARTESIAN_POINT('',(7.013230535361E-03,0.148607707872));
#564 = CARTESIAN_POINT('',(3.509788028837E-03,0.156911681164));
#565 = CARTESIAN_POINT('',(0.,0.165228929824));
#566 = ( GEOMETRIC_REPRESENTATION_CONTEXT(2) 
PARAMETRIC_REPRESENTATION_CONTEXT() REPRESENTATION_CONTEXT('2D SPACE',''
  ) );
#567 = PCURVE('',#568,#573);
#568 = PLANE('',#569);
#569 = AXIS2_PLACEMENT_3D('',#570,#571,#572);
#570 = CARTESIAN_POINT('',(-35.,0.,0.));
#571 = DIRECTION('',(-1.,0.,0.));
#572 = DIRECTION('',(0.,0.,-1.));
#573 = DEFINITIONAL_REPRESENTATION('',(#574),#581);
#574 = B_SPLINE_CURVE_WITH_KNOTS('',5,(#575,#576,#577,#578,#579,#580),
  .UNSPECIFIED.,.F.,.F.,(6,6),(0.,1.),.PIECEWISE_BEZIER_KNOTS.);
#575 = CARTESIAN_POINT('',(1.618978290545,-7.321471715692));
#576 = CARTESIAN_POINT('',(1.300310571363,-7.392102102551));
#577 = CARTESIAN_POINT('',(0.977839863938,-7.445544962286));
#578 = CARTESIAN_POINT('',(0.652781825068,-7.481504843121));
#579 = CARTESIAN_POINT('',(0.326400223032,-7.499747451866));
#580 = CARTESIAN_POINT('',(-1.7763568394E-15,-7.499999999999));
#581 = ( GEOMETRIC_REPRESENTATION_CONTEXT(2) 
PARAMETRIC_REPRESENTATION_CONTEXT() REPRESENTATION_CONTEXT('2D SPACE',''
  ) );
#582 = ORIENTED_EDGE('',*,*,#583,.T.);
#583 = EDGE_CURVE('',#533,#584,#586,.T.);
#584 = VERTEX_POINT('',#585);
#585 = CARTESIAN_POINT('',(-32.07679727702,-7.499999999999,
    -9.184850993604E-16));
#586 = SURFACE_CURVE('',#587,(#594,#601),.PCURVE_S1.);
#587 = B_SPLINE_CURVE_WITH_KNOTS('',5,(#588,#589,#590,#591,#592,#593),
  .UNSPECIFIED.,.F.,.F.,(6,6),(0.,1.),.PIECEWISE_BEZIER_KNOTS.);
#588 = CARTESIAN_POINT('',(-35.21838993061,7.499999999999,0.));
#589 = CARTESIAN_POINT('',(-34.59195594192,7.496402230976,
    -4.649856634508));
#590 = CARTESIAN_POINT('',(-33.95701018276,3.841410447455,-9.67068045996
    ));
#591 = CARTESIAN_POINT('',(-33.33817702487,-3.841410447455,
    -9.67068045996));
#592 = CARTESIAN_POINT('',(-32.70323126571,-7.496402230976,
    -4.649856634508));
#593 = CARTESIAN_POINT('',(-32.07679727702,-7.499999999999,
    -9.184850993604E-16));
#594 = PCURVE('',#329,#595);
#595 = DEFINITIONAL_REPRESENTATION('',(#596),#600);
#596 = LINE('',#597,#598);
#597 = CARTESIAN_POINT('',(0.,0.));
#598 = VECTOR('',#599,1.);
#599 = DIRECTION('',(1.,0.));
#600 = ( GEOMETRIC_REPRESENTATION_CONTEXT(2) 
PARAMETRIC_REPRESENTATION_CONTEXT() REPRESENTATION_CONTEXT('2D SPACE',''
  ) );
#601 = PCURVE('',#602,#615);
#602 = B_SPLINE_SURFACE_WITH_KNOTS('',5,1,(
    (#603,#604)
    ,(#605,#606)
    ,(#607,#608)
    ,(#609,#610)
    ,(#611,#612)
    ,(#613,#614)),.UNSPECIFIED.,.F.,.F.,.F.,(6,6),(2,2),(0.,1.),(0.,1.),
  .PIECEWISE_BEZIER_KNOTS.);
#603 = CARTESIAN_POINT('',(-36.85625598481,11.999999999999,0.));
#604 = CARTESIAN_POINT('',(-35.21838993061,7.499999999999,0.));
#605 = CARTESIAN_POINT('',(-36.22983647685,11.994335677749,
    -7.439727252697));
#606 = CARTESIAN_POINT('',(-34.59197042265,7.496459798593,
    -4.649829532936));
#607 = CARTESIAN_POINT('',(-35.59483974857,6.145997081766,
    -15.47312811673));
#608 = CARTESIAN_POINT('',(-33.95697369437,3.841248176104,
    -9.670705072962));
#609 = CARTESIAN_POINT('',(-34.97607956746,-6.145997081766,
    -15.47312811674));
#610 = CARTESIAN_POINT('',(-33.33821351327,-3.841248176104,
    -9.670705072962));
#611 = CARTESIAN_POINT('',(-34.34108283918,-11.99433567774,
    -7.439727252697));
#612 = CARTESIAN_POINT('',(-32.70321678499,-7.496459798593,
    -4.649829532936));
#613 = CARTESIAN_POINT('',(-33.71466333122,-11.99999999999,
    -1.469576158977E-15));
#614 = CARTESIAN_POINT('',(-32.07679727702,-7.499999999999,
    -9.184850993604E-16));
#615 = DEFINITIONAL_REPRESENTATION('',(#616),#682);
#616 = B_SPLINE_CURVE_WITH_KNOTS('',10,(#617,#618,#619,#620,#621,#622,
    #623,#624,#625,#626,#627,#628,#629,#630,#631,#632,#633,#634,#635,
    #636,#637,#638,#639,#640,#641,#642,#643,#644,#645,#646,#647,#648,
    #649,#650,#651,#652,#653,#654,#655,#656,#657,#658,#659,#660,#661,
    #662,#663,#664,#665,#666,#667,#668,#669,#670,#671,#672,#673,#674,
    #675,#676,#677,#678,#679,#680,#681),.UNSPECIFIED.,.F.,.F.,(11,9,9,9,
    9,9,9,11),(6.961754842581E-02,0.185915354873,0.302213161319,
    0.534808774213,0.65110658066,0.767404387106,0.883702193553,1.),
  .UNSPECIFIED.);
#617 = CARTESIAN_POINT('',(6.961833089359E-02,1.));
#618 = CARTESIAN_POINT('',(8.124813266199E-02,1.));
#619 = CARTESIAN_POINT('',(9.287834475444E-02,1.));
#620 = CARTESIAN_POINT('',(0.104499116369,1.));
#621 = CARTESIAN_POINT('',(0.116156071252,1.));
#622 = CARTESIAN_POINT('',(0.12774839997,1.000000000001));
#623 = CARTESIAN_POINT('',(0.139404268943,1.));
#624 = CARTESIAN_POINT('',(0.151026827949,1.));
#625 = CARTESIAN_POINT('',(0.16265595736,1.));
#626 = CARTESIAN_POINT('',(0.174285732231,1.));
#627 = CARTESIAN_POINT('',(0.197545256732,1.));
#628 = CARTESIAN_POINT('',(0.209175003053,1.));
#629 = CARTESIAN_POINT('',(0.220804736907,1.));
#630 = CARTESIAN_POINT('',(0.232434461755,1.));
#631 = CARTESIAN_POINT('',(0.244064181058,1.));
#632 = CARTESIAN_POINT('',(0.255693898277,1.));
#633 = CARTESIAN_POINT('',(0.267323616874,1.));
#634 = CARTESIAN_POINT('',(0.278953340309,1.));
#635 = CARTESIAN_POINT('',(0.290583072046,1.));
#636 = CARTESIAN_POINT('',(0.32547230254,1.));
#637 = CARTESIAN_POINT('',(0.348731588661,1.));
#638 = CARTESIAN_POINT('',(0.371991878077,1.));
#639 = CARTESIAN_POINT('',(0.395250796667,1.));
#640 = CARTESIAN_POINT('',(0.418510029401,1.));
#641 = CARTESIAN_POINT('',(0.441770602409,1.));
#642 = CARTESIAN_POINT('',(0.465030500742,1.));
#643 = CARTESIAN_POINT('',(0.48828874694,1.));
#644 = CARTESIAN_POINT('',(0.511549499625,1.));
#645 = CARTESIAN_POINT('',(0.546438998358,1.));
#646 = CARTESIAN_POINT('',(0.55806846768,1.));
#647 = CARTESIAN_POINT('',(0.569698273744,1.));
#648 = CARTESIAN_POINT('',(0.581328303744,1.));
#649 = CARTESIAN_POINT('',(0.592958239958,1.));
#650 = CARTESIAN_POINT('',(0.604587926337,1.));
#651 = CARTESIAN_POINT('',(0.616217493483,1.));
#652 = CARTESIAN_POINT('',(0.627847241997,1.));
#653 = CARTESIAN_POINT('',(0.639477284209,1.));
#654 = CARTESIAN_POINT('',(0.662736604363,1.));
#655 = CARTESIAN_POINT('',(0.674366632735,1.));
#656 = CARTESIAN_POINT('',(0.685996372042,1.));
#657 = CARTESIAN_POINT('',(0.69762592648,1.));
#658 = CARTESIAN_POINT('',(0.709255583343,0.999999999999));
#659 = CARTESIAN_POINT('',(0.72088546808,1.));
#660 = CARTESIAN_POINT('',(0.732515432821,1.));
#661 = CARTESIAN_POINT('',(0.744145178418,1.));
#662 = CARTESIAN_POINT('',(0.755774609966,1.));
#663 = CARTESIAN_POINT('',(0.779034241689,1.));
#664 = CARTESIAN_POINT('',(0.790664449271,1.));
#665 = CARTESIAN_POINT('',(0.802295108429,1.));
#666 = CARTESIAN_POINT('',(0.813919129858,0.999999999999));
#667 = CARTESIAN_POINT('',(0.825554971727,1.000000000001));
#668 = CARTESIAN_POINT('',(0.837187357553,0.999999999999));
#669 = CARTESIAN_POINT('',(0.848808249994,1.));
#670 = CARTESIAN_POINT('',(0.860443333522,1.));
#671 = CARTESIAN_POINT('',(0.872072051918,1.));
#672 = CARTESIAN_POINT('',(0.895331575408,1.));
#673 = CARTESIAN_POINT('',(0.906961361186,1.));
#674 = CARTESIAN_POINT('',(0.918591411802,1.));
#675 = CARTESIAN_POINT('',(0.930220480132,1.));
#676 = CARTESIAN_POINT('',(0.941850351199,1.));
#677 = CARTESIAN_POINT('',(0.953481458741,1.));
#678 = CARTESIAN_POINT('',(0.96511147186,1.));
#679 = CARTESIAN_POINT('',(0.976739589875,1.));
#680 = CARTESIAN_POINT('',(0.988370147879,1.));
#681 = CARTESIAN_POINT('',(1.,1.));
#682 = ( GEOMETRIC_REPRESENTATION_CONTEXT(2) 
PARAMETRIC_REPRESENTATION_CONTEXT() REPRESENTATION_CONTEXT('2D SPACE',''
  ) );
#683 = ORIENTED_EDGE('',*,*,#684,.T.);
#684 = EDGE_CURVE('',#584,#685,#687,.T.);
#685 = VERTEX_POINT('',#686);
#686 = CARTESIAN_POINT('',(-30.75505579476,-7.499999999999,
    -9.184850993604E-16));
#687 = SURFACE_CURVE('',#688,(#691,#698),.PCURVE_S1.);
#688 = B_SPLINE_CURVE_WITH_KNOTS('',1,(#689,#690),.UNSPECIFIED.,.F.,.F.,
  (2,2),(0.,1.),.PIECEWISE_BEZIER_KNOTS.);
#689 = CARTESIAN_POINT('',(-32.07679727702,-7.499999999999,
    -9.184850993604E-16));
#690 = CARTESIAN_POINT('',(-30.75505579476,-7.499999999999,
    -9.184850993604E-16));
#691 = PCURVE('',#329,#692);
#692 = DEFINITIONAL_REPRESENTATION('',(#693),#697);
#693 = LINE('',#694,#695);
#694 = CARTESIAN_POINT('',(1.,0.));
#695 = VECTOR('',#696,1.);
#696 = DIRECTION('',(0.,1.));
#697 = ( GEOMETRIC_REPRESENTATION_CONTEXT(2) 
PARAMETRIC_REPRESENTATION_CONTEXT() REPRESENTATION_CONTEXT('2D SPACE',''
  ) );
#698 = PCURVE('',#699,#712);
#699 = B_SPLINE_SURFACE_WITH_KNOTS('',5,1,(
    (#700,#701)
    ,(#702,#703)
    ,(#704,#705)
    ,(#706,#707)
    ,(#708,#709)
    ,(#710,#711)),.UNSPECIFIED.,.F.,.F.,.F.,(6,6),(2,2),(0.,1.),(0.,1.),
  .PIECEWISE_BEZIER_KNOTS.);
#700 = CARTESIAN_POINT('',(-32.07679727702,-7.499999999999,
    -9.184850993604E-16));
#701 = CARTESIAN_POINT('',(-30.75505579476,-7.499999999999,
    -9.184850993604E-16));
#702 = CARTESIAN_POINT('',(-31.45036328833,-7.496402230976,
    4.649856634508));
#703 = CARTESIAN_POINT('',(-30.12862180607,-7.496402230976,
    4.649856634508));
#704 = CARTESIAN_POINT('',(-30.81541752917,-3.841410447455,9.67068045996
    ));
#705 = CARTESIAN_POINT('',(-29.49367604692,-3.841410447455,9.67068045996
    ));
#706 = CARTESIAN_POINT('',(-30.19658437128,3.841410447455,9.67068045996)
  );
#707 = CARTESIAN_POINT('',(-28.87484288902,3.841410447455,9.67068045996)
  );
#708 = CARTESIAN_POINT('',(-29.56163861212,7.496402230976,4.649856634508
    ));
#709 = CARTESIAN_POINT('',(-28.23989712987,7.496402230976,4.649856634508
    ));
#710 = CARTESIAN_POINT('',(-28.93520462343,7.499999999999,
    1.836970198721E-15));
#711 = CARTESIAN_POINT('',(-27.61346314117,7.499999999999,
    1.836970198721E-15));
#712 = DEFINITIONAL_REPRESENTATION('',(#713),#717);
#713 = LINE('',#714,#715);
#714 = CARTESIAN_POINT('',(0.,0.));
#715 = VECTOR('',#716,1.);
#716 = DIRECTION('',(0.,1.));
#717 = ( GEOMETRIC_REPRESENTATION_CONTEXT(2) 
PARAMETRIC_REPRESENTATION_CONTEXT() REPRESENTATION_CONTEXT('2D SPACE',''
  ) );
#718 = ORIENTED_EDGE('',*,*,#719,.F.);
#719 = EDGE_CURVE('',#24,#685,#720,.T.);
#720 = SURFACE_CURVE('',#721,(#728,#762),.PCURVE_S1.);
#721 = B_SPLINE_CURVE_WITH_KNOTS('',5,(#722,#723,#724,#725,#726,#727),
  .UNSPECIFIED.,.F.,.F.,(6,6),(0.,1.),.PIECEWISE_BEZIER_KNOTS.);
#722 = CARTESIAN_POINT('',(-33.89664844835,7.499999999999,0.));
#723 = CARTESIAN_POINT('',(-33.27022894039,7.496459798593,
    -4.649829532936));
#724 = CARTESIAN_POINT('',(-32.63523221211,3.841248176104,
    -9.670705072962));
#725 = CARTESIAN_POINT('',(-32.01647203101,-3.841248176104,
    -9.670705072962));
#726 = CARTESIAN_POINT('',(-31.38147530273,-7.496459798593,
    -4.649829532936));
#727 = CARTESIAN_POINT('',(-30.75505579476,-7.499999999999,
    -9.184850993604E-16));
#728 = PCURVE('',#329,#729);
#729 = DEFINITIONAL_REPRESENTATION('',(#730),#761);
#730 = B_SPLINE_CURVE_WITH_KNOTS('',8,(#731,#732,#733,#734,#735,#736,
    #737,#738,#739,#740,#741,#742,#743,#744,#745,#746,#747,#748,#749,
    #750,#751,#752,#753,#754,#755,#756,#757,#758,#759,#760),
  .UNSPECIFIED.,.F.,.F.,(9,7,7,7,9),(0.,0.25,0.5,0.75,1.),
  .UNSPECIFIED.);
#731 = CARTESIAN_POINT('',(-1.387778780781E-17,1.));
#732 = CARTESIAN_POINT('',(3.124980793826E-02,1.));
#733 = CARTESIAN_POINT('',(6.250191949534E-02,1.));
#734 = CARTESIAN_POINT('',(9.374508332054E-02,1.));
#735 = CARTESIAN_POINT('',(0.125003357014,1.));
#736 = CARTESIAN_POINT('',(0.156249174367,1.));
#737 = CARTESIAN_POINT('',(0.187500034342,1.));
#738 = CARTESIAN_POINT('',(0.218749999321,1.));
#739 = CARTESIAN_POINT('',(0.281249938568,1.));
#740 = CARTESIAN_POINT('',(0.312500615067,1.));
#741 = CARTESIAN_POINT('',(0.343750819649,1.));
#742 = CARTESIAN_POINT('',(0.375000430504,1.));
#743 = CARTESIAN_POINT('',(0.406249891821,1.));
#744 = CARTESIAN_POINT('',(0.437499722818,1.));
#745 = CARTESIAN_POINT('',(0.468750026763,1.));
#746 = CARTESIAN_POINT('',(0.531249973237,1.));
#747 = CARTESIAN_POINT('',(0.562500277182,1.));
#748 = CARTESIAN_POINT('',(0.593750108179,1.));
#749 = CARTESIAN_POINT('',(0.624999569496,1.));
#750 = CARTESIAN_POINT('',(0.656249180351,1.));
#751 = CARTESIAN_POINT('',(0.687499384933,1.));
#752 = CARTESIAN_POINT('',(0.718750061432,1.));
#753 = CARTESIAN_POINT('',(0.781250000679,1.));
#754 = CARTESIAN_POINT('',(0.812499965658,1.));
#755 = CARTESIAN_POINT('',(0.843750825633,1.));
#756 = CARTESIAN_POINT('',(0.874996642986,1.));
#757 = CARTESIAN_POINT('',(0.906254916679,1.));
#758 = CARTESIAN_POINT('',(0.937498080505,1.));
#759 = CARTESIAN_POINT('',(0.968750192062,1.));
#760 = CARTESIAN_POINT('',(1.,1.));
#761 = ( GEOMETRIC_REPRESENTATION_CONTEXT(2) 
PARAMETRIC_REPRESENTATION_CONTEXT() REPRESENTATION_CONTEXT('2D SPACE',''
  ) );
#762 = PCURVE('',#454,#763);
#763 = DEFINITIONAL_REPRESENTATION('',(#764),#768);
#764 = LINE('',#765,#766);
#765 = CARTESIAN_POINT('',(0.,0.));
#766 = VECTOR('',#767,1.);
#767 = DIRECTION('',(1.,0.));
#768 = ( GEOMETRIC_REPRESENTATION_CONTEXT(2) 
PARAMETRIC_REPRESENTATION_CONTEXT() REPRESENTATION_CONTEXT('2D SPACE',''
  ) );
#769 = ADVANCED_FACE('',(#770),#280,.F.);
#770 = FACE_BOUND('',#771,.F.);
#771 = EDGE_LOOP('',(#772,#773));
#772 = ORIENTED_EDGE('',*,*,#223,.T.);
#773 = ORIENTED_EDGE('',*,*,#774,.T.);
#774 = EDGE_CURVE('',#131,#224,#775,.T.);
#775 = SURFACE_CURVE('',#776,(#781,#788),.PCURVE_S1.);
#776 = CIRCLE('',#777,7.5);
#777 = AXIS2_PLACEMENT_3D('',#778,#779,#780);
#778 = CARTESIAN_POINT('',(-35.,0.,0.));
#779 = DIRECTION('',(-1.,0.,0.));
#780 = DIRECTION('',(0.,0.,-1.));
#781 = PCURVE('',#280,#782);
#782 = DEFINITIONAL_REPRESENTATION('',(#783),#787);
#783 = CIRCLE('',#784,7.5);
#784 = AXIS2_PLACEMENT_2D('',#785,#786);
#785 = CARTESIAN_POINT('',(0.,0.));
#786 = DIRECTION('',(1.,0.));
#787 = ( GEOMETRIC_REPRESENTATION_CONTEXT(2) 
PARAMETRIC_REPRESENTATION_CONTEXT() REPRESENTATION_CONTEXT('2D SPACE',''
  ) );
#788 = PCURVE('',#789,#794);
#789 = CYLINDRICAL_SURFACE('',#790,7.5);
#790 = AXIS2_PLACEMENT_3D('',#791,#792,#793);
#791 = CARTESIAN_POINT('',(-35.,0.,0.));
#792 = DIRECTION('',(-1.,0.,0.));
#793 = DIRECTION('',(0.,0.,-1.));
#794 = DEFINITIONAL_REPRESENTATION('',(#795),#799);
#795 = LINE('',#796,#797);
#796 = CARTESIAN_POINT('',(0.,0.));
#797 = VECTOR('',#798,1.);
#798 = DIRECTION('',(1.,0.));
#799 = ( GEOMETRIC_REPRESENTATION_CONTEXT(2) 
PARAMETRIC_REPRESENTATION_CONTEXT() REPRESENTATION_CONTEXT('2D SPACE',''
  ) );
#800 = ADVANCED_FACE('',(#801),#187,.F.);
#801 = FACE_BOUND('',#802,.F.);
#802 = EDGE_LOOP('',(#803,#903,#931,#957,#958,#959,#1006));
#803 = ORIENTED_EDGE('',*,*,#804,.T.);
#804 = EDGE_CURVE('',#805,#807,#809,.T.);
#805 = VERTEX_POINT('',#806);
#806 = CARTESIAN_POINT('',(-35.,-3.379324690554,-11.51272103411));
#807 = VERTEX_POINT('',#808);
#808 = CARTESIAN_POINT('',(-35.,7.322114075902,-1.623775064311));
#809 = SURFACE_CURVE('',#810,(#837,#867),.PCURVE_S1.);
#810 = B_SPLINE_CURVE_WITH_KNOTS('',7,(#811,#812,#813,#814,#815,#816,
    #817,#818,#819,#820,#821,#822,#823,#824,#825,#826,#827,#828,#829,
    #830,#831,#832,#833,#834,#835,#836),.UNSPECIFIED.,.F.,.F.,(8,6,6,6,8
    ),(0.,0.399574675037,0.661234164838,0.866601160228,1.),
  .UNSPECIFIED.);
#811 = CARTESIAN_POINT('',(-35.,-3.379323778754,-11.51272030618));
#812 = CARTESIAN_POINT('',(-35.,-2.433190957231,-11.56862511374));
#813 = CARTESIAN_POINT('',(-35.,-1.481711280067,-11.53558066413));
#814 = CARTESIAN_POINT('',(-35.,-0.534838849385,-11.41089541608));
#815 = CARTESIAN_POINT('',(-35.,0.396477028456,-11.19296782507));
#816 = CARTESIAN_POINT('',(-35.,1.300361876021,-10.88153452479));
#817 = CARTESIAN_POINT('',(-35.,2.164078621499,-10.47792144517));
#818 = CARTESIAN_POINT('',(-35.,3.504721074323,-9.663345855021));
#819 = CARTESIAN_POINT('',(-35.,4.012210022026,-9.303029952289));
#820 = CARTESIAN_POINT('',(-35.,4.492815263244,-8.905807365178));
#821 = CARTESIAN_POINT('',(-35.,4.942566615939,-8.47321485369));
#822 = CARTESIAN_POINT('',(-35.,5.357448726575,-8.007321861572));
#823 = CARTESIAN_POINT('',(-35.,5.733487643474,-7.510817993061));
#824 = CARTESIAN_POINT('',(-35.,6.328513374015,-6.576091451023));
#825 = CARTESIAN_POINT('',(-35.,6.563878557807,-6.148317791545));
#826 = CARTESIAN_POINT('',(-35.,6.771103947778,-5.705467229206));
#827 = CARTESIAN_POINT('',(-35.,6.948405687672,-5.249472453152));
#828 = CARTESIAN_POINT('',(-35.,7.094113743087,-4.782548548753));
#829 = CARTESIAN_POINT('',(-35.,7.206696986618,-4.307203673757));
#830 = CARTESIAN_POINT('',(-35.,7.335480336136,-3.513830515564));
#831 = CARTESIAN_POINT('',(-35.,7.371628309826,-3.199061600133));
#832 = CARTESIAN_POINT('',(-35.,7.392835542789,-2.88269824277));
#833 = CARTESIAN_POINT('',(-35.,7.398743328438,-2.565571864727));
#834 = CARTESIAN_POINT('',(-35.,7.389020981211,-2.248584483202));
#835 = CARTESIAN_POINT('',(-35.,7.363363522387,-1.932709074014));
#836 = CARTESIAN_POINT('',(-35.,7.321476872093,-1.618990262618));
#837 = PCURVE('',#187,#838);
#838 = DEFINITIONAL_REPRESENTATION('',(#839),#866);
#839 = B_SPLINE_CURVE_WITH_KNOTS('',7,(#840,#841,#842,#843,#844,#845,
    #846,#847,#848,#849,#850,#851,#852,#853,#854,#855,#856,#857,#858,
    #859,#860,#861,#862,#863,#864,#865),.UNSPECIFIED.,.F.,.F.,(8,6,6,6,8
    ),(0.,0.399574675037,0.661234164838,0.866601160228,1.),
  .UNSPECIFIED.);
#840 = CARTESIAN_POINT('',(-10.45942402252,1.155877202646));
#841 = CARTESIAN_POINT('',(-10.51532883009,0.209744381123));
#842 = CARTESIAN_POINT('',(-10.48228438048,-0.741735296041));
#843 = CARTESIAN_POINT('',(-10.35759913242,-1.688607726723));
#844 = CARTESIAN_POINT('',(-10.13967154142,-2.619923604564));
#845 = CARTESIAN_POINT('',(-9.828238241142,-3.523808452129));
#846 = CARTESIAN_POINT('',(-9.424625161521,-4.387525197607));
#847 = CARTESIAN_POINT('',(-8.610049571367,-5.728167650432));
#848 = CARTESIAN_POINT('',(-8.249733668635,-6.235656598134));
#849 = CARTESIAN_POINT('',(-7.852511081524,-6.716261839352));
#850 = CARTESIAN_POINT('',(-7.419918570037,-7.166013192047));
#851 = CARTESIAN_POINT('',(-6.954025577918,-7.580895302683));
#852 = CARTESIAN_POINT('',(-6.457521709408,-7.956934219582));
#853 = CARTESIAN_POINT('',(-5.52279516737,-8.551959950123));
#854 = CARTESIAN_POINT('',(-5.095021507891,-8.787325133915));
#855 = CARTESIAN_POINT('',(-4.652170945553,-8.994550523886));
#856 = CARTESIAN_POINT('',(-4.196176169499,-9.17185226378));
#857 = CARTESIAN_POINT('',(-3.729252265099,-9.317560319195));
#858 = CARTESIAN_POINT('',(-3.253907390103,-9.430143562726));
#859 = CARTESIAN_POINT('',(-2.460534231911,-9.558926912244));
#860 = CARTESIAN_POINT('',(-2.14576531648,-9.595074885934));
#861 = CARTESIAN_POINT('',(-1.829401959116,-9.616282118897));
#862 = CARTESIAN_POINT('',(-1.512275581074,-9.622189904546));
#863 = CARTESIAN_POINT('',(-1.195288199549,-9.612467557319));
#864 = CARTESIAN_POINT('',(-0.87941279036,-9.586810098495));
#865 = CARTESIAN_POINT('',(-0.565693978964,-9.544923448201));
#866 = ( GEOMETRIC_REPRESENTATION_CONTEXT(2) 
PARAMETRIC_REPRESENTATION_CONTEXT() REPRESENTATION_CONTEXT('2D SPACE',''
  ) );
#867 = PCURVE('',#602,#868);
#868 = DEFINITIONAL_REPRESENTATION('',(#869),#902);
#869 = B_SPLINE_CURVE_WITH_KNOTS('',11,(#870,#871,#872,#873,#874,#875,
    #876,#877,#878,#879,#880,#881,#882,#883,#884,#885,#886,#887,#888,
    #889,#890,#891,#892,#893,#894,#895,#896,#897,#898,#899,#900,#901),
  .UNSPECIFIED.,.F.,.F.,(12,10,10,12),(0.,0.25,0.5,1.),.UNSPECIFIED.);
#870 = CARTESIAN_POINT('',(0.590925541217,0.));
#871 = CARTESIAN_POINT('',(0.581163095696,1.871640107896E-02));
#872 = CARTESIAN_POINT('',(0.571328559414,3.756978227865E-02));
#873 = CARTESIAN_POINT('',(0.561420314742,5.65633517915E-02));
#874 = CARTESIAN_POINT('',(0.551436625135,7.57005619628E-02));
#875 = CARTESIAN_POINT('',(0.54137563514,9.498510929004E-02));
#876 = CARTESIAN_POINT('',(0.531235370393,0.114420934424));
#877 = CARTESIAN_POINT('',(0.521013737617,0.134012222167));
#878 = CARTESIAN_POINT('',(0.510708524624,0.153763401476));
#879 = CARTESIAN_POINT('',(0.500317400318,0.173679145458));
#880 = CARTESIAN_POINT('',(0.489837914687,0.193764371374));
#881 = CARTESIAN_POINT('',(0.468697082936,0.234284109903));
#882 = CARTESIAN_POINT('',(0.458035938931,0.254718229851));
#883 = CARTESIAN_POINT('',(0.447280275022,0.275334098342));
#884 = CARTESIAN_POINT('',(0.436429193351,0.296133676917));
#885 = CARTESIAN_POINT('',(0.425479243062,0.317123828717));
#886 = CARTESIAN_POINT('',(0.414425834094,0.338313606195));
#887 = CARTESIAN_POINT('',(0.403265644782,0.359709632799));
#888 = CARTESIAN_POINT('',(0.391996954696,0.381315459792));
#889 = CARTESIAN_POINT('',(0.380617632432,0.40313541626));
#890 = CARTESIAN_POINT('',(0.369123306392,0.425178107325));
#891 = CARTESIAN_POINT('',(0.334286521811,0.491991842812));
#892 = CARTESIAN_POINT('',(0.31059073451,0.537447630534));
#893 = CARTESIAN_POINT('',(0.286389772491,0.583883341477));
#894 = CARTESIAN_POINT('',(0.261683985308,0.631299375864));
#895 = CARTESIAN_POINT('',(0.236355006759,0.679923279409));
#896 = CARTESIAN_POINT('',(0.210503490722,0.729561077353));
#897 = CARTESIAN_POINT('',(0.183937073809,0.780579144539));
#898 = CARTESIAN_POINT('',(0.156702532384,0.83288245563));
#899 = CARTESIAN_POINT('',(0.128653339547,0.886742371488));
#900 = CARTESIAN_POINT('',(9.96927397342E-02,0.942328700105));
#901 = CARTESIAN_POINT('',(6.961833089359E-02,1.));
#902 = ( GEOMETRIC_REPRESENTATION_CONTEXT(2) 
PARAMETRIC_REPRESENTATION_CONTEXT() REPRESENTATION_CONTEXT('2D SPACE',''
  ) );
#903 = ORIENTED_EDGE('',*,*,#904,.T.);
#904 = EDGE_CURVE('',#807,#905,#907,.T.);
#905 = VERTEX_POINT('',#906);
#906 = CARTESIAN_POINT('',(-35.,1.836970198721E-15,-7.5));
#907 = SURFACE_CURVE('',#908,(#913,#924),.PCURVE_S1.);
#908 = CIRCLE('',#909,7.5);
#909 = AXIS2_PLACEMENT_3D('',#910,#911,#912);
#910 = CARTESIAN_POINT('',(-35.,0.,0.));
#911 = DIRECTION('',(-1.,0.,0.));
#912 = DIRECTION('',(0.,0.,-1.));
#913 = PCURVE('',#187,#914);
#914 = DEFINITIONAL_REPRESENTATION('',(#915),#923);
#915 = ( BOUNDED_CURVE() B_SPLINE_CURVE(2,(#916,#917,#918,#919,#920,#921
,#922),.UNSPECIFIED.,.T.,.F.) B_SPLINE_CURVE_WITH_KNOTS((1,2,2,2,2,1),(
    -2.094395102393,0.,2.094395102393,4.188790204786,6.28318530718,
8.377580409573),.UNSPECIFIED.) CURVE() GEOMETRIC_REPRESENTATION_ITEM() 
RATIONAL_B_SPLINE_CURVE((1.,0.5,1.,0.5,1.,0.5,1.)) REPRESENTATION_ITEM(
  '') );
#916 = CARTESIAN_POINT('',(-6.446703716346,-2.223446576108));
#917 = CARTESIAN_POINT('',(-6.446703716346,10.766934480659));
#918 = CARTESIAN_POINT('',(4.803296283654,4.271743952275));
#919 = CARTESIAN_POINT('',(16.053296283654,-2.223446576108));
#920 = CARTESIAN_POINT('',(4.803296283654,-8.718637104491));
#921 = CARTESIAN_POINT('',(-6.446703716346,-15.21382763287));
#922 = CARTESIAN_POINT('',(-6.446703716346,-2.223446576108));
#923 = ( GEOMETRIC_REPRESENTATION_CONTEXT(2) 
PARAMETRIC_REPRESENTATION_CONTEXT() REPRESENTATION_CONTEXT('2D SPACE',''
  ) );
#924 = PCURVE('',#789,#925);
#925 = DEFINITIONAL_REPRESENTATION('',(#926),#930);
#926 = LINE('',#927,#928);
#927 = CARTESIAN_POINT('',(0.,0.));
#928 = VECTOR('',#929,1.);
#929 = DIRECTION('',(1.,0.));
#930 = ( GEOMETRIC_REPRESENTATION_CONTEXT(2) 
PARAMETRIC_REPRESENTATION_CONTEXT() REPRESENTATION_CONTEXT('2D SPACE',''
  ) );
#931 = ORIENTED_EDGE('',*,*,#932,.T.);
#932 = EDGE_CURVE('',#905,#131,#933,.T.);
#933 = SURFACE_CURVE('',#934,(#939,#950),.PCURVE_S1.);
#934 = CIRCLE('',#935,7.5);
#935 = AXIS2_PLACEMENT_3D('',#936,#937,#938);
#936 = CARTESIAN_POINT('',(-35.,0.,0.));
#937 = DIRECTION('',(-1.,0.,0.));
#938 = DIRECTION('',(0.,0.,-1.));
#939 = PCURVE('',#187,#940);
#940 = DEFINITIONAL_REPRESENTATION('',(#941),#949);
#941 = ( BOUNDED_CURVE() B_SPLINE_CURVE(2,(#942,#943,#944,#945,#946,#947
,#948),.UNSPECIFIED.,.T.,.F.) B_SPLINE_CURVE_WITH_KNOTS((1,2,2,2,2,1),(
    -2.094395102393,0.,2.094395102393,4.188790204786,6.28318530718,
8.377580409573),.UNSPECIFIED.) CURVE() GEOMETRIC_REPRESENTATION_ITEM() 
RATIONAL_B_SPLINE_CURVE((1.,0.5,1.,0.5,1.,0.5,1.)) REPRESENTATION_ITEM(
  '') );
#942 = CARTESIAN_POINT('',(-6.446703716346,-2.223446576108));
#943 = CARTESIAN_POINT('',(-6.446703716346,10.766934480659));
#944 = CARTESIAN_POINT('',(4.803296283654,4.271743952275));
#945 = CARTESIAN_POINT('',(16.053296283654,-2.223446576108));
#946 = CARTESIAN_POINT('',(4.803296283654,-8.718637104491));
#947 = CARTESIAN_POINT('',(-6.446703716346,-15.21382763287));
#948 = CARTESIAN_POINT('',(-6.446703716346,-2.223446576108));
#949 = ( GEOMETRIC_REPRESENTATION_CONTEXT(2) 
PARAMETRIC_REPRESENTATION_CONTEXT() REPRESENTATION_CONTEXT('2D SPACE',''
  ) );
#950 = PCURVE('',#789,#951);
#951 = DEFINITIONAL_REPRESENTATION('',(#952),#956);
#952 = LINE('',#953,#954);
#953 = CARTESIAN_POINT('',(0.,0.));
#954 = VECTOR('',#955,1.);
#955 = DIRECTION('',(1.,0.));
#956 = ( GEOMETRIC_REPRESENTATION_CONTEXT(2) 
PARAMETRIC_REPRESENTATION_CONTEXT() REPRESENTATION_CONTEXT('2D SPACE',''
  ) );
#957 = ORIENTED_EDGE('',*,*,#130,.T.);
#958 = ORIENTED_EDGE('',*,*,#352,.T.);
#959 = ORIENTED_EDGE('',*,*,#960,.T.);
#960 = EDGE_CURVE('',#353,#961,#963,.T.);
#961 = VERTEX_POINT('',#962);
#962 = CARTESIAN_POINT('',(-35.,-11.99999999999,-1.469576158977E-15));
#963 = SURFACE_CURVE('',#964,(#977,#990),.PCURVE_S1.);
#964 = B_SPLINE_CURVE_WITH_KNOTS('',6,(#965,#966,#967,#968,#969,#970,
    #971,#972,#973,#974,#975,#976),.UNSPECIFIED.,.F.,.F.,(7,5,7),(0.,
    0.354870783427,1.),.UNSPECIFIED.);
#965 = CARTESIAN_POINT('',(-35.,-11.05066921489,4.672823016315));
#966 = CARTESIAN_POINT('',(-35.,-11.16097000331,4.411233889853));
#967 = CARTESIAN_POINT('',(-35.,-11.26388846109,4.146532032775));
#968 = CARTESIAN_POINT('',(-35.,-11.35932417994,3.878981910555));
#969 = CARTESIAN_POINT('',(-35.,-11.44718819048,3.608851039585));
#970 = CARTESIAN_POINT('',(-35.,-11.52740107096,3.336409359656));
#971 = CARTESIAN_POINT('',(-35.,-11.73167256493,2.5629426049));
#972 = CARTESIAN_POINT('',(-35.,-11.83792704248,2.057232078594));
#973 = CARTESIAN_POINT('',(-35.,-11.91823330662,1.546405108564));
#974 = CARTESIAN_POINT('',(-35.,-11.97223154999,1.032117440735));
#975 = CARTESIAN_POINT('',(-35.,-11.99960960567,0.516070198569));
#976 = CARTESIAN_POINT('',(-35.,-11.99999999999,-3.552713678801E-15));
#977 = PCURVE('',#187,#978);
#978 = DEFINITIONAL_REPRESENTATION('',(#979),#989);
#979 = B_SPLINE_CURVE_WITH_KNOTS('',8,(#980,#981,#982,#983,#984,#985,
    #986,#987,#988),.UNSPECIFIED.,.F.,.F.,(9,9),(0.,1.),
  .PIECEWISE_BEZIER_KNOTS.);
#980 = CARTESIAN_POINT('',(5.726119299969,8.827222638783));
#981 = CARTESIAN_POINT('',(5.173264982259,9.060337324986));
#982 = CARTESIAN_POINT('',(4.607226415728,9.262028491217));
#983 = CARTESIAN_POINT('',(4.029808204221,9.431598411686));
#984 = CARTESIAN_POINT('',(3.443887442786,9.568152539699));
#985 = CARTESIAN_POINT('',(2.850712044279,9.671489479851));
#986 = CARTESIAN_POINT('',(2.253210296334,9.740902021734));
#987 = CARTESIAN_POINT('',(1.65325771616,9.776099567925));
#988 = CARTESIAN_POINT('',(1.053296283654,9.776553423891));
#989 = ( GEOMETRIC_REPRESENTATION_CONTEXT(2) 
PARAMETRIC_REPRESENTATION_CONTEXT() REPRESENTATION_CONTEXT('2D SPACE',''
  ) );
#990 = PCURVE('',#491,#991);
#991 = DEFINITIONAL_REPRESENTATION('',(#992),#1005);
#992 = B_SPLINE_CURVE_WITH_KNOTS('',6,(#993,#994,#995,#996,#997,#998,
    #999,#1000,#1001,#1002,#1003,#1004),.UNSPECIFIED.,.F.,.F.,(7,5,7),(
    0.,0.354870783427,1.),.UNSPECIFIED.);
#993 = CARTESIAN_POINT('',(0.1275259305,0.));
#994 = CARTESIAN_POINT('',(0.120022290067,1.399539101414E-02));
#995 = CARTESIAN_POINT('',(0.112517969497,2.799073091918E-02));
#996 = CARTESIAN_POINT('',(0.105012170615,4.198718017866E-02));
#997 = CARTESIAN_POINT('',(9.750390677755E-02,5.598621539097E-02));
#998 = CARTESIAN_POINT('',(8.999196549606E-02,6.998969389032E-02));
#999 = CARTESIAN_POINT('',(6.880934128465E-02,0.10946948516));
#1000 = CARTESIAN_POINT('',(5.512716675576E-02,0.134960626815));
#1001 = CARTESIAN_POINT('',(4.141880507295E-02,0.160488441134));
#1002 = CARTESIAN_POINT('',(2.767245069653E-02,0.186071723777));
#1003 = CARTESIAN_POINT('',(1.38733953148E-02,0.211734078549));
#1004 = CARTESIAN_POINT('',(0.,0.237510983536));
#1005 = ( GEOMETRIC_REPRESENTATION_CONTEXT(2) 
PARAMETRIC_REPRESENTATION_CONTEXT() REPRESENTATION_CONTEXT('2D SPACE',''
  ) );
#1006 = ORIENTED_EDGE('',*,*,#1007,.T.);
#1007 = EDGE_CURVE('',#961,#805,#1008,.T.);
#1008 = SURFACE_CURVE('',#1009,(#1042,#1078),.PCURVE_S1.);
#1009 = B_SPLINE_CURVE_WITH_KNOTS('',6,(#1010,#1011,#1012,#1013,#1014,
    #1015,#1016,#1017,#1018,#1019,#1020,#1021,#1022,#1023,#1024,#1025,
    #1026,#1027,#1028,#1029,#1030,#1031,#1032,#1033,#1034,#1035,#1036,
    #1037,#1038,#1039,#1040,#1041),.UNSPECIFIED.,.F.,.F.,(7,5,5,5,5,5,7)
  ,(0.,5.075182719381E-02,0.20140139534,0.405196053348,0.663808572541,
    0.874834610832,1.),.UNSPECIFIED.);
#1010 = CARTESIAN_POINT('',(-35.,-11.99999999999,1.7763568394E-15));
#1011 = CARTESIAN_POINT('',(-35.,-11.99990130602,-0.130465575453));
#1012 = CARTESIAN_POINT('',(-35.,-11.99807781521,-0.260929826069));
#1013 = CARTESIAN_POINT('',(-35.,-11.99453542534,-0.391364300079));
#1014 = CARTESIAN_POINT('',(-35.,-11.98927991006,-0.52174085777));
#1015 = CARTESIAN_POINT('',(-35.,-11.9823169189,-0.652031671484));
#1016 = CARTESIAN_POINT('',(-35.,-11.94793133257,-1.168622747996));
#1017 = CARTESIAN_POINT('',(-35.,-11.90721504158,-1.554036240187));
#1018 = CARTESIAN_POINT('',(-35.,-11.85164778903,-1.93773389665));
#1019 = CARTESIAN_POINT('',(-35.,-11.78137359218,-2.319008500757));
#1020 = CARTESIAN_POINT('',(-35.,-11.69654887198,-2.697163221537));
#1021 = CARTESIAN_POINT('',(-35.,-11.46316944851,-3.577924213004));
#1022 = CARTESIAN_POINT('',(-35.,-11.30268896247,-4.0773720505));
#1023 = CARTESIAN_POINT('',(-35.,-11.11636555829,-4.568144917283));
#1024 = CARTESIAN_POINT('',(-35.,-10.90474309126,-5.04855550973));
#1025 = CARTESIAN_POINT('',(-35.,-10.66849156051,-5.516954571642));
#1026 = CARTESIAN_POINT('',(-35.,-10.07844029107,-6.548865852713));
#1027 = CARTESIAN_POINT('',(-35.,-9.710098020882,-7.104101942245));
#1028 = CARTESIAN_POINT('',(-35.,-9.305129240444,-7.634132874742));
#1029 = CARTESIAN_POINT('',(-35.,-8.865616874947,-8.135904142355));
#1030 = CARTESIAN_POINT('',(-35.,-8.394007166574,-8.606622493201));
#1031 = CARTESIAN_POINT('',(-35.,-7.484471756928,-9.400535023932));
#1032 = CARTESIAN_POINT('',(-35.,-7.056293898529,-9.734955521069));
#1033 = CARTESIAN_POINT('',(-35.,-6.610166734425,-10.04571812395));
#1034 = CARTESIAN_POINT('',(-35.,-6.147742776367,-10.33166191602));
#1035 = CARTESIAN_POINT('',(-35.,-5.670778514375,-10.5917992227));
#1036 = CARTESIAN_POINT('',(-35.,-4.890700185153,-10.96380494147));
#1037 = CARTESIAN_POINT('',(-35.,-4.595806563935,-11.09293713924));
#1038 = CARTESIAN_POINT('',(-35.,-4.296829211613,-11.21253261247));
#1039 = CARTESIAN_POINT('',(-35.,-3.994158071679,-11.32244298904));
#1040 = CARTESIAN_POINT('',(-35.,-3.688189367509,-11.4225412565));
#1041 = CARTESIAN_POINT('',(-35.,-3.379325602355,-11.51272176204));
#1042 = PCURVE('',#187,#1043);
#1043 = DEFINITIONAL_REPRESENTATION('',(#1044),#1077);
#1044 = B_SPLINE_CURVE_WITH_KNOTS('',6,(#1045,#1046,#1047,#1048,#1049,
    #1050,#1051,#1052,#1053,#1054,#1055,#1056,#1057,#1058,#1059,#1060,
    #1061,#1062,#1063,#1064,#1065,#1066,#1067,#1068,#1069,#1070,#1071,
    #1072,#1073,#1074,#1075,#1076),.UNSPECIFIED.,.F.,.F.,(7,5,5,5,5,5,7)
  ,(0.,5.075182719381E-02,0.20140139534,0.405196053348,0.663808572541,
    0.874834610832,1.),.UNSPECIFIED.);
#1045 = CARTESIAN_POINT('',(1.053296283654,9.776553423891));
#1046 = CARTESIAN_POINT('',(0.9228307082,9.776454729914));
#1047 = CARTESIAN_POINT('',(0.792366457584,9.774631239106));
#1048 = CARTESIAN_POINT('',(0.661931983575,9.771088849237));
#1049 = CARTESIAN_POINT('',(0.531555425884,9.765833333957));
#1050 = CARTESIAN_POINT('',(0.40126461217,9.758870342795));
#1051 = CARTESIAN_POINT('',(-0.115326464343,9.724484756462));
#1052 = CARTESIAN_POINT('',(-0.500739956534,9.683768465472));
#1053 = CARTESIAN_POINT('',(-0.884437612996,9.628201212926));
#1054 = CARTESIAN_POINT('',(-1.265712217104,9.557927016074));
#1055 = CARTESIAN_POINT('',(-1.643866937884,9.473102295875));
#1056 = CARTESIAN_POINT('',(-2.524627929351,9.239722872411));
#1057 = CARTESIAN_POINT('',(-3.024075766846,9.079242386364));
#1058 = CARTESIAN_POINT('',(-3.51484863363,8.892918982182));
#1059 = CARTESIAN_POINT('',(-3.995259226077,8.681296515158));
#1060 = CARTESIAN_POINT('',(-4.463658287988,8.445044984402));
#1061 = CARTESIAN_POINT('',(-5.49556956906,7.854993714965));
#1062 = CARTESIAN_POINT('',(-6.050805658592,7.486651444773));
#1063 = CARTESIAN_POINT('',(-6.580836591089,7.081682664336));
#1064 = CARTESIAN_POINT('',(-7.082607858702,6.642170298839));
#1065 = CARTESIAN_POINT('',(-7.553326209547,6.170560590466));
#1066 = CARTESIAN_POINT('',(-8.347238740279,5.26102518082));
#1067 = CARTESIAN_POINT('',(-8.681659237415,4.832847322421));
#1068 = CARTESIAN_POINT('',(-8.992421840296,4.386720158316));
#1069 = CARTESIAN_POINT('',(-9.278365632374,3.924296200259));
#1070 = CARTESIAN_POINT('',(-9.538502939054,3.447331938267));
#1071 = CARTESIAN_POINT('',(-9.910508657826,2.667253609045));
#1072 = CARTESIAN_POINT('',(-10.03964085558,2.372359987827));
#1073 = CARTESIAN_POINT('',(-10.15923632881,2.073382635505));
#1074 = CARTESIAN_POINT('',(-10.26914670539,1.770711495571));
#1075 = CARTESIAN_POINT('',(-10.36924497285,1.4647427914));
#1076 = CARTESIAN_POINT('',(-10.45942547838,1.155879026247));
#1077 = ( GEOMETRIC_REPRESENTATION_CONTEXT(2) 
PARAMETRIC_REPRESENTATION_CONTEXT() REPRESENTATION_CONTEXT('2D SPACE',''
  ) );
#1078 = PCURVE('',#1079,#1092);
#1079 = B_SPLINE_SURFACE_WITH_KNOTS('',5,1,(
    (#1080,#1081)
    ,(#1082,#1083)
    ,(#1084,#1085)
    ,(#1086,#1087)
    ,(#1088,#1089)
    ,(#1090,#1091
    )),.UNSPECIFIED.,.F.,.F.,.F.,(6,6),(2,2),(0.,1.),(0.,1.),
  .PIECEWISE_BEZIER_KNOTS.);
#1080 = CARTESIAN_POINT('',(-38.54196770134,11.999999999999,0.));
#1081 = CARTESIAN_POINT('',(-36.85625598481,11.999999999999,0.));
#1082 = CARTESIAN_POINT('',(-37.91555391053,11.994372043523,
    -7.439710133806));
#1083 = CARTESIAN_POINT('',(-36.22984219401,11.994372043523,
    -7.439710133806));
#1084 = CARTESIAN_POINT('',(-37.28053705886,6.145894572788,
    -15.47314366417));
#1085 = CARTESIAN_POINT('',(-35.59482534233,6.145894572788,
    -15.47314366417));
#1086 = CARTESIAN_POINT('',(-36.66180569022,-6.145894572788,
    -15.47314366417));
#1087 = CARTESIAN_POINT('',(-34.9760939737,-6.145894572788,
    -15.47314366417));
#1088 = CARTESIAN_POINT('',(-36.02678883855,-11.99437204352,
    -7.439710133805));
#1089 = CARTESIAN_POINT('',(-34.34107712202,-11.99437204352,
    -7.439710133805));
#1090 = CARTESIAN_POINT('',(-35.40037504775,-11.99999999999,
    -1.469576158977E-15));
#1091 = CARTESIAN_POINT('',(-33.71466333122,-11.99999999999,
    -1.469576158977E-15));
#1092 = DEFINITIONAL_REPRESENTATION('',(#1093),#1114);
#1093 = B_SPLINE_CURVE_WITH_KNOTS('',7,(#1094,#1095,#1096,#1097,#1098,
    #1099,#1100,#1101,#1102,#1103,#1104,#1105,#1106,#1107,#1108,#1109,
    #1110,#1111,#1112,#1113),.UNSPECIFIED.,.F.,.F.,(8,6,6,8),(0.,0.25,
    0.5,1.),.UNSPECIFIED.);
#1094 = CARTESIAN_POINT('',(1.,0.237510983536));
#1095 = CARTESIAN_POINT('',(0.985191486983,0.265025346414));
#1096 = CARTESIAN_POINT('',(0.970465198783,0.292413036428));
#1097 = CARTESIAN_POINT('',(0.955798230912,0.319711437844));
#1098 = CARTESIAN_POINT('',(0.941172865089,0.346949228819));
#1099 = CARTESIAN_POINT('',(0.926575639127,0.374147921958));
#1100 = CARTESIAN_POINT('',(0.911996416827,0.40132340487));
#1101 = CARTESIAN_POINT('',(0.882858498911,0.455651556584));
#1102 = CARTESIAN_POINT('',(0.86829942772,0.48280493589));
#1103 = CARTESIAN_POINT('',(0.853744632623,0.509955486782));
#1104 = CARTESIAN_POINT('',(0.8391867104,0.537114880728));
#1105 = CARTESIAN_POINT('',(0.82462222147,0.564287774451));
#1106 = CARTESIAN_POINT('',(0.810051665663,0.591471806246));
#1107 = CARTESIAN_POINT('',(0.766317704453,0.673061607517));
#1108 = CARTESIAN_POINT('',(0.737132694487,0.727503794153));
#1109 = CARTESIAN_POINT('',(0.707912270193,0.781997931243));
#1110 = CARTESIAN_POINT('',(0.678673984946,0.83650721522));
#1111 = CARTESIAN_POINT('',(0.649423873434,0.891020287413));
#1112 = CARTESIAN_POINT('',(0.620174571479,0.945516260549));
#1113 = CARTESIAN_POINT('',(0.590925725294,1.));
#1114 = ( GEOMETRIC_REPRESENTATION_CONTEXT(2) 
PARAMETRIC_REPRESENTATION_CONTEXT() REPRESENTATION_CONTEXT('2D SPACE',''
  ) );
#1115 = ADVANCED_FACE('',(#1116),#491,.F.);
#1116 = FACE_BOUND('',#1117,.F.);
#1117 = EDGE_LOOP('',(#1118,#1140,#1141,#1142,#1177));
#1118 = ORIENTED_EDGE('',*,*,#1119,.F.);
#1119 = EDGE_CURVE('',#961,#1120,#1122,.T.);
#1120 = VERTEX_POINT('',#1121);
#1121 = CARTESIAN_POINT('',(-33.71466333122,-11.99999999999,
    -1.469576158977E-15));
#1122 = SURFACE_CURVE('',#1123,(#1126,#1133),.PCURVE_S1.);
#1123 = B_SPLINE_CURVE_WITH_KNOTS('',1,(#1124,#1125),.UNSPECIFIED.,.F.,
  .F.,(2,2),(0.,1.),.PIECEWISE_BEZIER_KNOTS.);
#1124 = CARTESIAN_POINT('',(-35.40037504775,-11.99999999999,
    -1.469576158977E-15));
#1125 = CARTESIAN_POINT('',(-33.71466333122,-11.99999999999,
    -1.469576158977E-15));
#1126 = PCURVE('',#491,#1127);
#1127 = DEFINITIONAL_REPRESENTATION('',(#1128),#1132);
#1128 = LINE('',#1129,#1130);
#1129 = CARTESIAN_POINT('',(0.,0.));
#1130 = VECTOR('',#1131,1.);
#1131 = DIRECTION('',(0.,1.));
#1132 = ( GEOMETRIC_REPRESENTATION_CONTEXT(2) 
PARAMETRIC_REPRESENTATION_CONTEXT() REPRESENTATION_CONTEXT('2D SPACE',''
  ) );
#1133 = PCURVE('',#1079,#1134);
#1134 = DEFINITIONAL_REPRESENTATION('',(#1135),#1139);
#1135 = LINE('',#1136,#1137);
#1136 = CARTESIAN_POINT('',(1.,0.));
#1137 = VECTOR('',#1138,1.);
#1138 = DIRECTION('',(0.,1.));
#1139 = ( GEOMETRIC_REPRESENTATION_CONTEXT(2) 
PARAMETRIC_REPRESENTATION_CONTEXT() REPRESENTATION_CONTEXT('2D SPACE',''
  ) );
#1140 = ORIENTED_EDGE('',*,*,#960,.F.);
#1141 = ORIENTED_EDGE('',*,*,#474,.T.);
#1142 = ORIENTED_EDGE('',*,*,#1143,.T.);
#1143 = EDGE_CURVE('',#440,#1144,#1146,.T.);
#1144 = VERTEX_POINT('',#1145);
#1145 = CARTESIAN_POINT('',(-30.57307067763,11.999999999999,
    2.939152317953E-15));
#1146 = SURFACE_CURVE('',#1147,(#1150,#1157),.PCURVE_S1.);
#1147 = B_SPLINE_CURVE_WITH_KNOTS('',1,(#1148,#1149),.UNSPECIFIED.,.F.,
  .F.,(2,2),(0.,1.),.PIECEWISE_BEZIER_KNOTS.);
#1148 = CARTESIAN_POINT('',(-32.25878239416,11.999999999999,
    2.939152317953E-15));
#1149 = CARTESIAN_POINT('',(-30.57307067763,11.999999999999,
    2.939152317953E-15));
#1150 = PCURVE('',#491,#1151);
#1151 = DEFINITIONAL_REPRESENTATION('',(#1152),#1156);
#1152 = LINE('',#1153,#1154);
#1153 = CARTESIAN_POINT('',(1.,0.));
#1154 = VECTOR('',#1155,1.);
#1155 = DIRECTION('',(0.,1.));
#1156 = ( GEOMETRIC_REPRESENTATION_CONTEXT(2) 
PARAMETRIC_REPRESENTATION_CONTEXT() REPRESENTATION_CONTEXT('2D SPACE',''
  ) );
#1157 = PCURVE('',#1158,#1171);
#1158 = B_SPLINE_SURFACE_WITH_KNOTS('',5,1,(
    (#1159,#1160)
    ,(#1161,#1162)
    ,(#1163,#1164)
    ,(#1165,#1166)
    ,(#1167,#1168)
    ,(#1169,#1170
    )),.UNSPECIFIED.,.F.,.F.,.F.,(6,6),(2,2),(0.,1.),(0.,1.),
  .PIECEWISE_BEZIER_KNOTS.);
#1159 = CARTESIAN_POINT('',(-32.25878239416,11.999999999999,0.));
#1160 = CARTESIAN_POINT('',(-30.57307067763,11.999999999999,0.));
#1161 = CARTESIAN_POINT('',(-31.63236860335,11.994372043523,
    -7.439710133806));
#1162 = CARTESIAN_POINT('',(-29.94665688683,11.994372043523,
    -7.439710133806));
#1163 = CARTESIAN_POINT('',(-30.99735175168,6.145894572788,
    -15.47314366417));
#1164 = CARTESIAN_POINT('',(-29.31164003515,6.145894572788,
    -15.47314366417));
#1165 = CARTESIAN_POINT('',(-30.37862038305,-6.145894572788,
    -15.47314366417));
#1166 = CARTESIAN_POINT('',(-28.69290866652,-6.145894572788,
    -15.47314366417));
#1167 = CARTESIAN_POINT('',(-29.74360353137,-11.99437204352,
    -7.439710133805));
#1168 = CARTESIAN_POINT('',(-28.05789181484,-11.99437204352,
    -7.439710133805));
#1169 = CARTESIAN_POINT('',(-29.11718974057,-11.99999999999,
    -1.469576158977E-15));
#1170 = CARTESIAN_POINT('',(-27.43147802404,-11.99999999999,
    -1.469576158977E-15));
#1171 = DEFINITIONAL_REPRESENTATION('',(#1172),#1176);
#1172 = LINE('',#1173,#1174);
#1173 = CARTESIAN_POINT('',(0.,0.));
#1174 = VECTOR('',#1175,1.);
#1175 = DIRECTION('',(0.,1.));
#1176 = ( GEOMETRIC_REPRESENTATION_CONTEXT(2) 
PARAMETRIC_REPRESENTATION_CONTEXT() REPRESENTATION_CONTEXT('2D SPACE',''
  ) );
#1177 = ORIENTED_EDGE('',*,*,#1178,.F.);
#1178 = EDGE_CURVE('',#1120,#1144,#1179,.T.);
#1179 = SURFACE_CURVE('',#1180,(#1187,#1194),.PCURVE_S1.);
#1180 = B_SPLINE_CURVE_WITH_KNOTS('',5,(#1181,#1182,#1183,#1184,#1185,
    #1186),.UNSPECIFIED.,.F.,.F.,(6,6),(0.,1.),
  .PIECEWISE_BEZIER_KNOTS.);
#1181 = CARTESIAN_POINT('',(-33.71466333122,-11.99999999999,
    -1.469576158977E-15));
#1182 = CARTESIAN_POINT('',(-33.08824954042,-11.99437204352,
    7.439710133806));
#1183 = CARTESIAN_POINT('',(-32.45323268874,-6.145894572788,
    15.473143664178));
#1184 = CARTESIAN_POINT('',(-31.83450132011,6.145894572788,
    15.473143664179));
#1185 = CARTESIAN_POINT('',(-31.19948446843,11.994372043523,
    7.439710133805));
#1186 = CARTESIAN_POINT('',(-30.57307067763,11.999999999999,
    2.939152317953E-15));
#1187 = PCURVE('',#491,#1188);
#1188 = DEFINITIONAL_REPRESENTATION('',(#1189),#1193);
#1189 = LINE('',#1190,#1191);
#1190 = CARTESIAN_POINT('',(0.,1.));
#1191 = VECTOR('',#1192,1.);
#1192 = DIRECTION('',(1.,0.));
#1193 = ( GEOMETRIC_REPRESENTATION_CONTEXT(2) 
PARAMETRIC_REPRESENTATION_CONTEXT() REPRESENTATION_CONTEXT('2D SPACE',''
  ) );
#1194 = PCURVE('',#1195,#1208);
#1195 = B_SPLINE_SURFACE_WITH_KNOTS('',5,1,(
    (#1196,#1197)
    ,(#1198,#1199)
    ,(#1200,#1201)
    ,(#1202,#1203)
    ,(#1204,#1205)
    ,(#1206,#1207
    )),.UNSPECIFIED.,.F.,.F.,.F.,(6,6),(2,2),(0.,1.),(0.,1.),
  .PIECEWISE_BEZIER_KNOTS.);
#1196 = CARTESIAN_POINT('',(-33.71466333122,-11.99999999999,
    -1.469576158977E-15));
#1197 = CARTESIAN_POINT('',(-32.07679727702,-7.499999999999,
    -9.184850993604E-16));
#1198 = CARTESIAN_POINT('',(-33.08824382326,-11.99433567774,
    7.439727252697));
#1199 = CARTESIAN_POINT('',(-31.45037776906,-7.496459798593,
    4.649829532936));
#1200 = CARTESIAN_POINT('',(-32.45324709498,-6.145997081766,
    15.473128116739));
#1201 = CARTESIAN_POINT('',(-30.81538104078,-3.841248176104,
    9.670705072962));
#1202 = CARTESIAN_POINT('',(-31.83448691387,6.145997081766,
    15.47312811674));
#1203 = CARTESIAN_POINT('',(-30.19662085968,3.841248176104,
    9.670705072962));
#1204 = CARTESIAN_POINT('',(-31.19949018559,11.994335677749,
    7.439727252697));
#1205 = CARTESIAN_POINT('',(-29.5616241314,7.496459798593,4.649829532936
    ));
#1206 = CARTESIAN_POINT('',(-30.57307067763,11.999999999999,
    2.939152317953E-15));
#1207 = CARTESIAN_POINT('',(-28.93520462343,7.499999999999,
    1.836970198721E-15));
#1208 = DEFINITIONAL_REPRESENTATION('',(#1209),#1213);
#1209 = LINE('',#1210,#1211);
#1210 = CARTESIAN_POINT('',(0.,0.));
#1211 = VECTOR('',#1212,1.);
#1212 = DIRECTION('',(1.,0.));
#1213 = ( GEOMETRIC_REPRESENTATION_CONTEXT(2) 
PARAMETRIC_REPRESENTATION_CONTEXT() REPRESENTATION_CONTEXT('2D SPACE',''
  ) );
#1214 = ADVANCED_FACE('',(#1215),#454,.F.);
#1215 = FACE_BOUND('',#1216,.F.);
#1216 = EDGE_LOOP('',(#1217,#1218,#1219,#1254));
#1217 = ORIENTED_EDGE('',*,*,#439,.F.);
#1218 = ORIENTED_EDGE('',*,*,#719,.T.);
#1219 = ORIENTED_EDGE('',*,*,#1220,.T.);
#1220 = EDGE_CURVE('',#685,#1221,#1223,.T.);
#1221 = VERTEX_POINT('',#1222);
#1222 = CARTESIAN_POINT('',(-29.11718974057,-11.99999999999,
    -1.469576158977E-15));
#1223 = SURFACE_CURVE('',#1224,(#1227,#1234),.PCURVE_S1.);
#1224 = B_SPLINE_CURVE_WITH_KNOTS('',1,(#1225,#1226),.UNSPECIFIED.,.F.,
  .F.,(2,2),(0.,1.),.PIECEWISE_BEZIER_KNOTS.);
#1225 = CARTESIAN_POINT('',(-30.75505579476,-7.499999999999,
    -9.184850993604E-16));
#1226 = CARTESIAN_POINT('',(-29.11718974057,-11.99999999999,
    -1.469576158977E-15));
#1227 = PCURVE('',#454,#1228);
#1228 = DEFINITIONAL_REPRESENTATION('',(#1229),#1233);
#1229 = LINE('',#1230,#1231);
#1230 = CARTESIAN_POINT('',(1.,0.));
#1231 = VECTOR('',#1232,1.);
#1232 = DIRECTION('',(0.,1.));
#1233 = ( GEOMETRIC_REPRESENTATION_CONTEXT(2) 
PARAMETRIC_REPRESENTATION_CONTEXT() REPRESENTATION_CONTEXT('2D SPACE',''
  ) );
#1234 = PCURVE('',#1235,#1248);
#1235 = B_SPLINE_SURFACE_WITH_KNOTS('',5,1,(
    (#1236,#1237)
    ,(#1238,#1239)
    ,(#1240,#1241)
    ,(#1242,#1243)
    ,(#1244,#1245)
    ,(#1246,#1247
    )),.UNSPECIFIED.,.F.,.F.,.F.,(6,6),(2,2),(0.,1.),(0.,1.),
  .PIECEWISE_BEZIER_KNOTS.);
#1236 = CARTESIAN_POINT('',(-30.75505579476,-7.499999999999,
    -9.184850993604E-16));
#1237 = CARTESIAN_POINT('',(-29.11718974057,-11.99999999999,
    -1.469576158977E-15));
#1238 = CARTESIAN_POINT('',(-30.1286362868,-7.496459798593,
    4.649829532936));
#1239 = CARTESIAN_POINT('',(-28.4907702326,-11.99433567774,
    7.439727252697));
#1240 = CARTESIAN_POINT('',(-29.49363955852,-3.841248176104,
    9.670705072962));
#1241 = CARTESIAN_POINT('',(-27.85577350432,-6.145997081766,
    15.473128116739));
#1242 = CARTESIAN_POINT('',(-28.87487937742,3.841248176104,
    9.670705072962));
#1243 = CARTESIAN_POINT('',(-27.23701332322,6.145997081766,
    15.47312811674));
#1244 = CARTESIAN_POINT('',(-28.23988264914,7.496459798593,
    4.649829532936));
#1245 = CARTESIAN_POINT('',(-26.60201659494,11.994335677749,
    7.439727252697));
#1246 = CARTESIAN_POINT('',(-27.61346314117,7.499999999999,
    1.836970198721E-15));
#1247 = CARTESIAN_POINT('',(-25.97559708698,11.999999999999,
    2.939152317953E-15));
#1248 = DEFINITIONAL_REPRESENTATION('',(#1249),#1253);
#1249 = LINE('',#1250,#1251);
#1250 = CARTESIAN_POINT('',(0.,0.));
#1251 = VECTOR('',#1252,1.);
#1252 = DIRECTION('',(0.,1.));
#1253 = ( GEOMETRIC_REPRESENTATION_CONTEXT(2) 
PARAMETRIC_REPRESENTATION_CONTEXT() REPRESENTATION_CONTEXT('2D SPACE',''
  ) );
#1254 = ORIENTED_EDGE('',*,*,#1255,.F.);
#1255 = EDGE_CURVE('',#440,#1221,#1256,.T.);
#1256 = SURFACE_CURVE('',#1257,(#1264,#1271),.PCURVE_S1.);
#1257 = B_SPLINE_CURVE_WITH_KNOTS('',5,(#1258,#1259,#1260,#1261,#1262,
    #1263),.UNSPECIFIED.,.F.,.F.,(6,6),(0.,1.),
  .PIECEWISE_BEZIER_KNOTS.);
#1258 = CARTESIAN_POINT('',(-32.25878239416,11.999999999999,0.));
#1259 = CARTESIAN_POINT('',(-31.63236860335,11.994372043523,
    -7.439710133806));
#1260 = CARTESIAN_POINT('',(-30.99735175168,6.145894572788,
    -15.47314366417));
#1261 = CARTESIAN_POINT('',(-30.37862038305,-6.145894572788,
    -15.47314366417));
#1262 = CARTESIAN_POINT('',(-29.74360353137,-11.99437204352,
    -7.439710133805));
#1263 = CARTESIAN_POINT('',(-29.11718974057,-11.99999999999,
    -1.469576158977E-15));
#1264 = PCURVE('',#454,#1265);
#1265 = DEFINITIONAL_REPRESENTATION('',(#1266),#1270);
#1266 = LINE('',#1267,#1268);
#1267 = CARTESIAN_POINT('',(0.,1.));
#1268 = VECTOR('',#1269,1.);
#1269 = DIRECTION('',(1.,0.));
#1270 = ( GEOMETRIC_REPRESENTATION_CONTEXT(2) 
PARAMETRIC_REPRESENTATION_CONTEXT() REPRESENTATION_CONTEXT('2D SPACE',''
  ) );
#1271 = PCURVE('',#1158,#1272);
#1272 = DEFINITIONAL_REPRESENTATION('',(#1273),#1277);
#1273 = LINE('',#1274,#1275);
#1274 = CARTESIAN_POINT('',(0.,0.));
#1275 = VECTOR('',#1276,1.);
#1276 = DIRECTION('',(1.,0.));
#1277 = ( GEOMETRIC_REPRESENTATION_CONTEXT(2) 
PARAMETRIC_REPRESENTATION_CONTEXT() REPRESENTATION_CONTEXT('2D SPACE',''
  ) );
#1278 = ADVANCED_FACE('',(#1279),#699,.F.);
#1279 = FACE_BOUND('',#1280,.F.);
#1280 = EDGE_LOOP('',(#1281,#1282,#1335,#1370));
#1281 = ORIENTED_EDGE('',*,*,#684,.F.);
#1282 = ORIENTED_EDGE('',*,*,#1283,.T.);
#1283 = EDGE_CURVE('',#584,#1284,#1286,.T.);
#1284 = VERTEX_POINT('',#1285);
#1285 = CARTESIAN_POINT('',(-28.93520462343,7.499999999999,
    9.184850993604E-16));
#1286 = SURFACE_CURVE('',#1287,(#1294,#1328),.PCURVE_S1.);
#1287 = B_SPLINE_CURVE_WITH_KNOTS('',5,(#1288,#1289,#1290,#1291,#1292,
    #1293),.UNSPECIFIED.,.F.,.F.,(6,6),(0.,1.),
  .PIECEWISE_BEZIER_KNOTS.);
#1288 = CARTESIAN_POINT('',(-32.07679727702,-7.499999999999,
    -9.184850993604E-16));
#1289 = CARTESIAN_POINT('',(-31.45037776906,-7.496459798593,
    4.649829532936));
#1290 = CARTESIAN_POINT('',(-30.81538104078,-3.841248176104,
    9.670705072962));
#1291 = CARTESIAN_POINT('',(-30.19662085968,3.841248176104,
    9.670705072962));
#1292 = CARTESIAN_POINT('',(-29.5616241314,7.496459798593,4.649829532936
    ));
#1293 = CARTESIAN_POINT('',(-28.93520462343,7.499999999999,
    1.836970198721E-15));
#1294 = PCURVE('',#699,#1295);
#1295 = DEFINITIONAL_REPRESENTATION('',(#1296),#1327);
#1296 = B_SPLINE_CURVE_WITH_KNOTS('',8,(#1297,#1298,#1299,#1300,#1301,
    #1302,#1303,#1304,#1305,#1306,#1307,#1308,#1309,#1310,#1311,#1312,
    #1313,#1314,#1315,#1316,#1317,#1318,#1319,#1320,#1321,#1322,#1323,
    #1324,#1325,#1326),.UNSPECIFIED.,.F.,.F.,(9,7,7,7,9),(0.,0.25,0.5,
    0.75,1.),.UNSPECIFIED.);
#1297 = CARTESIAN_POINT('',(-2.775557561563E-17,0.));
#1298 = CARTESIAN_POINT('',(3.124980793826E-02,0.));
#1299 = CARTESIAN_POINT('',(6.250191949534E-02,0.));
#1300 = CARTESIAN_POINT('',(9.374508332054E-02,0.));
#1301 = CARTESIAN_POINT('',(0.125003357014,0.));
#1302 = CARTESIAN_POINT('',(0.156249174367,0.));
#1303 = CARTESIAN_POINT('',(0.187500034342,0.));
#1304 = CARTESIAN_POINT('',(0.218749999321,0.));
#1305 = CARTESIAN_POINT('',(0.281249938568,0.));
#1306 = CARTESIAN_POINT('',(0.312500615067,0.));
#1307 = CARTESIAN_POINT('',(0.343750819649,0.));
#1308 = CARTESIAN_POINT('',(0.375000430504,0.));
#1309 = CARTESIAN_POINT('',(0.406249891821,0.));
#1310 = CARTESIAN_POINT('',(0.437499722818,0.));
#1311 = CARTESIAN_POINT('',(0.468750026763,0.));
#1312 = CARTESIAN_POINT('',(0.531249973237,0.));
#1313 = CARTESIAN_POINT('',(0.562500277182,0.));
#1314 = CARTESIAN_POINT('',(0.593750108179,0.));
#1315 = CARTESIAN_POINT('',(0.624999569496,0.));
#1316 = CARTESIAN_POINT('',(0.656249180351,0.));
#1317 = CARTESIAN_POINT('',(0.687499384933,0.));
#1318 = CARTESIAN_POINT('',(0.718750061432,0.));
#1319 = CARTESIAN_POINT('',(0.781250000679,0.));
#1320 = CARTESIAN_POINT('',(0.812499965658,0.));
#1321 = CARTESIAN_POINT('',(0.843750825633,0.));
#1322 = CARTESIAN_POINT('',(0.874996642986,0.));
#1323 = CARTESIAN_POINT('',(0.906254916679,0.));
#1324 = CARTESIAN_POINT('',(0.937498080505,0.));
#1325 = CARTESIAN_POINT('',(0.968750192062,0.));
#1326 = CARTESIAN_POINT('',(1.,0.));
#1327 = ( GEOMETRIC_REPRESENTATION_CONTEXT(2) 
PARAMETRIC_REPRESENTATION_CONTEXT() REPRESENTATION_CONTEXT('2D SPACE',''
  ) );
#1328 = PCURVE('',#1195,#1329);
#1329 = DEFINITIONAL_REPRESENTATION('',(#1330),#1334);
#1330 = LINE('',#1331,#1332);
#1331 = CARTESIAN_POINT('',(0.,1.));
#1332 = VECTOR('',#1333,1.);
#1333 = DIRECTION('',(1.,0.));
#1334 = ( GEOMETRIC_REPRESENTATION_CONTEXT(2) 
PARAMETRIC_REPRESENTATION_CONTEXT() REPRESENTATION_CONTEXT('2D SPACE',''
  ) );
#1335 = ORIENTED_EDGE('',*,*,#1336,.T.);
#1336 = EDGE_CURVE('',#1284,#1337,#1339,.T.);
#1337 = VERTEX_POINT('',#1338);
#1338 = CARTESIAN_POINT('',(-27.61346314117,7.499999999999,
    9.184850993604E-16));
#1339 = SURFACE_CURVE('',#1340,(#1343,#1350),.PCURVE_S1.);
#1340 = B_SPLINE_CURVE_WITH_KNOTS('',1,(#1341,#1342),.UNSPECIFIED.,.F.,
  .F.,(2,2),(0.,1.),.PIECEWISE_BEZIER_KNOTS.);
#1341 = CARTESIAN_POINT('',(-28.93520462343,7.499999999999,
    1.836970198721E-15));
#1342 = CARTESIAN_POINT('',(-27.61346314117,7.499999999999,
    1.836970198721E-15));
#1343 = PCURVE('',#699,#1344);
#1344 = DEFINITIONAL_REPRESENTATION('',(#1345),#1349);
#1345 = LINE('',#1346,#1347);
#1346 = CARTESIAN_POINT('',(1.,0.));
#1347 = VECTOR('',#1348,1.);
#1348 = DIRECTION('',(0.,1.));
#1349 = ( GEOMETRIC_REPRESENTATION_CONTEXT(2) 
PARAMETRIC_REPRESENTATION_CONTEXT() REPRESENTATION_CONTEXT('2D SPACE',''
  ) );
#1350 = PCURVE('',#1351,#1364);
#1351 = B_SPLINE_SURFACE_WITH_KNOTS('',5,1,(
    (#1352,#1353)
    ,(#1354,#1355)
    ,(#1356,#1357)
    ,(#1358,#1359)
    ,(#1360,#1361)
    ,(#1362,#1363
    )),.UNSPECIFIED.,.F.,.F.,.F.,(6,6),(2,2),(0.,1.),(0.,1.),
  .PIECEWISE_BEZIER_KNOTS.);
#1352 = CARTESIAN_POINT('',(-28.93520462343,7.499999999999,0.));
#1353 = CARTESIAN_POINT('',(-27.61346314117,7.499999999999,0.));
#1354 = CARTESIAN_POINT('',(-28.30877063474,7.496402230976,
    -4.649856634508));
#1355 = CARTESIAN_POINT('',(-26.98702915248,7.496402230976,
    -4.649856634508));
#1356 = CARTESIAN_POINT('',(-27.67382487558,3.841410447455,
    -9.67068045996));
#1357 = CARTESIAN_POINT('',(-26.35208339333,3.841410447455,
    -9.67068045996));
#1358 = CARTESIAN_POINT('',(-27.05499171769,-3.841410447455,
    -9.67068045996));
#1359 = CARTESIAN_POINT('',(-25.73325023543,-3.841410447455,
    -9.67068045996));
#1360 = CARTESIAN_POINT('',(-26.42004595853,-7.496402230976,
    -4.649856634508));
#1361 = CARTESIAN_POINT('',(-25.09830447628,-7.496402230976,
    -4.649856634508));
#1362 = CARTESIAN_POINT('',(-25.79361196984,-7.499999999999,
    -9.184850993604E-16));
#1363 = CARTESIAN_POINT('',(-24.47187048758,-7.499999999999,
    -9.184850993604E-16));
#1364 = DEFINITIONAL_REPRESENTATION('',(#1365),#1369);
#1365 = LINE('',#1366,#1367);
#1366 = CARTESIAN_POINT('',(0.,0.));
#1367 = VECTOR('',#1368,1.);
#1368 = DIRECTION('',(0.,1.));
#1369 = ( GEOMETRIC_REPRESENTATION_CONTEXT(2) 
PARAMETRIC_REPRESENTATION_CONTEXT() REPRESENTATION_CONTEXT('2D SPACE',''
  ) );
#1370 = ORIENTED_EDGE('',*,*,#1371,.F.);
#1371 = EDGE_CURVE('',#685,#1337,#1372,.T.);
#1372 = SURFACE_CURVE('',#1373,(#1380,#1414),.PCURVE_S1.);
#1373 = B_SPLINE_CURVE_WITH_KNOTS('',5,(#1374,#1375,#1376,#1377,#1378,
    #1379),.UNSPECIFIED.,.F.,.F.,(6,6),(0.,1.),
  .PIECEWISE_BEZIER_KNOTS.);
#1374 = CARTESIAN_POINT('',(-30.75505579476,-7.499999999999,
    -9.184850993604E-16));
#1375 = CARTESIAN_POINT('',(-30.1286362868,-7.496459798593,
    4.649829532936));
#1376 = CARTESIAN_POINT('',(-29.49363955852,-3.841248176104,
    9.670705072962));
#1377 = CARTESIAN_POINT('',(-28.87487937742,3.841248176104,
    9.670705072962));
#1378 = CARTESIAN_POINT('',(-28.23988264914,7.496459798593,
    4.649829532936));
#1379 = CARTESIAN_POINT('',(-27.61346314117,7.499999999999,
    1.836970198721E-15));
#1380 = PCURVE('',#699,#1381);
#1381 = DEFINITIONAL_REPRESENTATION('',(#1382),#1413);
#1382 = B_SPLINE_CURVE_WITH_KNOTS('',8,(#1383,#1384,#1385,#1386,#1387,
    #1388,#1389,#1390,#1391,#1392,#1393,#1394,#1395,#1396,#1397,#1398,
    #1399,#1400,#1401,#1402,#1403,#1404,#1405,#1406,#1407,#1408,#1409,
    #1410,#1411,#1412),.UNSPECIFIED.,.F.,.F.,(9,7,7,7,9),(0.,0.25,0.5,
    0.75,1.),.UNSPECIFIED.);
#1383 = CARTESIAN_POINT('',(-2.775557561563E-17,1.));
#1384 = CARTESIAN_POINT('',(3.124980793826E-02,1.));
#1385 = CARTESIAN_POINT('',(6.250191949534E-02,1.));
#1386 = CARTESIAN_POINT('',(9.374508332054E-02,1.));
#1387 = CARTESIAN_POINT('',(0.125003357014,1.));
#1388 = CARTESIAN_POINT('',(0.156249174367,1.));
#1389 = CARTESIAN_POINT('',(0.187500034342,1.));
#1390 = CARTESIAN_POINT('',(0.218749999321,1.));
#1391 = CARTESIAN_POINT('',(0.281249938568,1.));
#1392 = CARTESIAN_POINT('',(0.312500615067,1.));
#1393 = CARTESIAN_POINT('',(0.343750819649,1.));
#1394 = CARTESIAN_POINT('',(0.375000430504,1.));
#1395 = CARTESIAN_POINT('',(0.406249891821,1.));
#1396 = CARTESIAN_POINT('',(0.437499722818,1.));
#1397 = CARTESIAN_POINT('',(0.468750026763,1.));
#1398 = CARTESIAN_POINT('',(0.531249973237,1.));
#1399 = CARTESIAN_POINT('',(0.562500277182,1.));
#1400 = CARTESIAN_POINT('',(0.593750108179,1.));
#1401 = CARTESIAN_POINT('',(0.624999569496,1.));
#1402 = CARTESIAN_POINT('',(0.656249180351,1.));
#1403 = CARTESIAN_POINT('',(0.687499384933,1.));
#1404 = CARTESIAN_POINT('',(0.718750061432,1.));
#1405 = CARTESIAN_POINT('',(0.781250000679,1.));
#1406 = CARTESIAN_POINT('',(0.812499965658,1.));
#1407 = CARTESIAN_POINT('',(0.843750825633,1.));
#1408 = CARTESIAN_POINT('',(0.874996642986,1.));
#1409 = CARTESIAN_POINT('',(0.906254916679,1.));
#1410 = CARTESIAN_POINT('',(0.937498080505,1.));
#1411 = CARTESIAN_POINT('',(0.968750192062,1.));
#1412 = CARTESIAN_POINT('',(1.,1.));
#1413 = ( GEOMETRIC_REPRESENTATION_CONTEXT(2) 
PARAMETRIC_REPRESENTATION_CONTEXT() REPRESENTATION_CONTEXT('2D SPACE',''
  ) );
#1414 = PCURVE('',#1235,#1415);
#1415 = DEFINITIONAL_REPRESENTATION('',(#1416),#1420);
#1416 = LINE('',#1417,#1418);
#1417 = CARTESIAN_POINT('',(0.,0.));
#1418 = VECTOR('',#1419,1.);
#1419 = DIRECTION('',(1.,0.));
#1420 = ( GEOMETRIC_REPRESENTATION_CONTEXT(2) 
PARAMETRIC_REPRESENTATION_CONTEXT() REPRESENTATION_CONTEXT('2D SPACE',''
  ) );
#1421 = ADVANCED_FACE('',(#1422),#602,.F.);
#1422 = FACE_BOUND('',#1423,.F.);
#1423 = EDGE_LOOP('',(#1424,#1425,#1448,#1468,#1469));
#1424 = ORIENTED_EDGE('',*,*,#804,.F.);
#1425 = ORIENTED_EDGE('',*,*,#1426,.T.);
#1426 = EDGE_CURVE('',#805,#1120,#1427,.T.);
#1427 = SURFACE_CURVE('',#1428,(#1435,#1442),.PCURVE_S1.);
#1428 = B_SPLINE_CURVE_WITH_KNOTS('',5,(#1429,#1430,#1431,#1432,#1433,
    #1434),.UNSPECIFIED.,.F.,.F.,(6,6),(0.,1.),
  .PIECEWISE_BEZIER_KNOTS.);
#1429 = CARTESIAN_POINT('',(-36.85625598481,11.999999999999,0.));
#1430 = CARTESIAN_POINT('',(-36.22983647685,11.994335677749,
    -7.439727252697));
#1431 = CARTESIAN_POINT('',(-35.59483974857,6.145997081766,
    -15.47312811673));
#1432 = CARTESIAN_POINT('',(-34.97607956746,-6.145997081766,
    -15.47312811674));
#1433 = CARTESIAN_POINT('',(-34.34108283918,-11.99433567774,
    -7.439727252697));
#1434 = CARTESIAN_POINT('',(-33.71466333122,-11.99999999999,
    -1.469576158977E-15));
#1435 = PCURVE('',#602,#1436);
#1436 = DEFINITIONAL_REPRESENTATION('',(#1437),#1441);
#1437 = LINE('',#1438,#1439);
#1438 = CARTESIAN_POINT('',(0.,0.));
#1439 = VECTOR('',#1440,1.);
#1440 = DIRECTION('',(1.,0.));
#1441 = ( GEOMETRIC_REPRESENTATION_CONTEXT(2) 
PARAMETRIC_REPRESENTATION_CONTEXT() REPRESENTATION_CONTEXT('2D SPACE',''
  ) );
#1442 = PCURVE('',#1079,#1443);
#1443 = DEFINITIONAL_REPRESENTATION('',(#1444),#1447);
#1444 = B_SPLINE_CURVE_WITH_KNOTS('',1,(#1445,#1446),.UNSPECIFIED.,.F.,
  .F.,(2,2),(0.590925541217,1.),.PIECEWISE_BEZIER_KNOTS.);
#1445 = CARTESIAN_POINT('',(0.590925725294,1.));
#1446 = CARTESIAN_POINT('',(1.,1.));
#1447 = ( GEOMETRIC_REPRESENTATION_CONTEXT(2) 
PARAMETRIC_REPRESENTATION_CONTEXT() REPRESENTATION_CONTEXT('2D SPACE',''
  ) );
#1448 = ORIENTED_EDGE('',*,*,#1449,.T.);
#1449 = EDGE_CURVE('',#1120,#584,#1450,.T.);
#1450 = SURFACE_CURVE('',#1451,(#1454,#1461),.PCURVE_S1.);
#1451 = B_SPLINE_CURVE_WITH_KNOTS('',1,(#1452,#1453),.UNSPECIFIED.,.F.,
  .F.,(2,2),(0.,1.),.PIECEWISE_BEZIER_KNOTS.);
#1452 = CARTESIAN_POINT('',(-33.71466333122,-11.99999999999,
    -1.469576158977E-15));
#1453 = CARTESIAN_POINT('',(-32.07679727702,-7.499999999999,
    -9.184850993604E-16));
#1454 = PCURVE('',#602,#1455);
#1455 = DEFINITIONAL_REPRESENTATION('',(#1456),#1460);
#1456 = LINE('',#1457,#1458);
#1457 = CARTESIAN_POINT('',(1.,0.));
#1458 = VECTOR('',#1459,1.);
#1459 = DIRECTION('',(0.,1.));
#1460 = ( GEOMETRIC_REPRESENTATION_CONTEXT(2) 
PARAMETRIC_REPRESENTATION_CONTEXT() REPRESENTATION_CONTEXT('2D SPACE',''
  ) );
#1461 = PCURVE('',#1195,#1462);
#1462 = DEFINITIONAL_REPRESENTATION('',(#1463),#1467);
#1463 = LINE('',#1464,#1465);
#1464 = CARTESIAN_POINT('',(0.,0.));
#1465 = VECTOR('',#1466,1.);
#1466 = DIRECTION('',(0.,1.));
#1467 = ( GEOMETRIC_REPRESENTATION_CONTEXT(2) 
PARAMETRIC_REPRESENTATION_CONTEXT() REPRESENTATION_CONTEXT('2D SPACE',''
  ) );
#1468 = ORIENTED_EDGE('',*,*,#583,.F.);
#1469 = ORIENTED_EDGE('',*,*,#1470,.F.);
#1470 = EDGE_CURVE('',#807,#533,#1471,.T.);
#1471 = SURFACE_CURVE('',#1472,(#1499,#1535),.PCURVE_S1.);
#1472 = B_SPLINE_CURVE_WITH_KNOTS('',7,(#1473,#1474,#1475,#1476,#1477,
    #1478,#1479,#1480,#1481,#1482,#1483,#1484,#1485,#1486,#1487,#1488,
    #1489,#1490,#1491,#1492,#1493,#1494,#1495,#1496,#1497,#1498),
  .UNSPECIFIED.,.F.,.F.,(8,6,6,6,8),(0.,0.399574675037,0.661234164838,
    0.866601160228,1.),.UNSPECIFIED.);
#1473 = CARTESIAN_POINT('',(-35.,-3.379323778754,-11.51272030618));
#1474 = CARTESIAN_POINT('',(-35.,-2.433190957231,-11.56862511374));
#1475 = CARTESIAN_POINT('',(-35.,-1.481711280067,-11.53558066413));
#1476 = CARTESIAN_POINT('',(-35.,-0.534838849385,-11.41089541608));
#1477 = CARTESIAN_POINT('',(-35.,0.396477028456,-11.19296782507));
#1478 = CARTESIAN_POINT('',(-35.,1.300361876021,-10.88153452479));
#1479 = CARTESIAN_POINT('',(-35.,2.164078621499,-10.47792144517));
#1480 = CARTESIAN_POINT('',(-35.,3.504721074323,-9.663345855021));
#1481 = CARTESIAN_POINT('',(-35.,4.012210022026,-9.303029952289));
#1482 = CARTESIAN_POINT('',(-35.,4.492815263244,-8.905807365178));
#1483 = CARTESIAN_POINT('',(-35.,4.942566615939,-8.47321485369));
#1484 = CARTESIAN_POINT('',(-35.,5.357448726575,-8.007321861572));
#1485 = CARTESIAN_POINT('',(-35.,5.733487643474,-7.510817993061));
#1486 = CARTESIAN_POINT('',(-35.,6.328513374015,-6.576091451023));
#1487 = CARTESIAN_POINT('',(-35.,6.563878557807,-6.148317791545));
#1488 = CARTESIAN_POINT('',(-35.,6.771103947778,-5.705467229206));
#1489 = CARTESIAN_POINT('',(-35.,6.948405687672,-5.249472453152));
#1490 = CARTESIAN_POINT('',(-35.,7.094113743087,-4.782548548753));
#1491 = CARTESIAN_POINT('',(-35.,7.206696986618,-4.307203673757));
#1492 = CARTESIAN_POINT('',(-35.,7.335480336136,-3.513830515564));
#1493 = CARTESIAN_POINT('',(-35.,7.371628309826,-3.199061600133));
#1494 = CARTESIAN_POINT('',(-35.,7.392835542789,-2.88269824277));
#1495 = CARTESIAN_POINT('',(-35.,7.398743328438,-2.565571864727));
#1496 = CARTESIAN_POINT('',(-35.,7.389020981211,-2.248584483202));
#1497 = CARTESIAN_POINT('',(-35.,7.363363522387,-1.932709074014));
#1498 = CARTESIAN_POINT('',(-35.,7.321476872093,-1.618990262618));
#1499 = PCURVE('',#602,#1500);
#1500 = DEFINITIONAL_REPRESENTATION('',(#1501),#1534);
#1501 = B_SPLINE_CURVE_WITH_KNOTS('',11,(#1502,#1503,#1504,#1505,#1506,
    #1507,#1508,#1509,#1510,#1511,#1512,#1513,#1514,#1515,#1516,#1517,
    #1518,#1519,#1520,#1521,#1522,#1523,#1524,#1525,#1526,#1527,#1528,
    #1529,#1530,#1531,#1532,#1533),.UNSPECIFIED.,.F.,.F.,(12,10,10,12),(
    0.,0.25,0.5,1.),.UNSPECIFIED.);
#1502 = CARTESIAN_POINT('',(0.590925541217,0.));
#1503 = CARTESIAN_POINT('',(0.581163095696,1.871640107896E-02));
#1504 = CARTESIAN_POINT('',(0.571328559414,3.756978227865E-02));
#1505 = CARTESIAN_POINT('',(0.561420314742,5.65633517915E-02));
#1506 = CARTESIAN_POINT('',(0.551436625135,7.57005619628E-02));
#1507 = CARTESIAN_POINT('',(0.54137563514,9.498510929004E-02));
#1508 = CARTESIAN_POINT('',(0.531235370393,0.114420934424));
#1509 = CARTESIAN_POINT('',(0.521013737617,0.134012222167));
#1510 = CARTESIAN_POINT('',(0.510708524624,0.153763401476));
#1511 = CARTESIAN_POINT('',(0.500317400318,0.173679145458));
#1512 = CARTESIAN_POINT('',(0.489837914687,0.193764371374));
#1513 = CARTESIAN_POINT('',(0.468697082936,0.234284109903));
#1514 = CARTESIAN_POINT('',(0.458035938931,0.254718229851));
#1515 = CARTESIAN_POINT('',(0.447280275022,0.275334098342));
#1516 = CARTESIAN_POINT('',(0.436429193351,0.296133676917));
#1517 = CARTESIAN_POINT('',(0.425479243062,0.317123828717));
#1518 = CARTESIAN_POINT('',(0.414425834094,0.338313606195));
#1519 = CARTESIAN_POINT('',(0.403265644782,0.359709632799));
#1520 = CARTESIAN_POINT('',(0.391996954696,0.381315459792));
#1521 = CARTESIAN_POINT('',(0.380617632432,0.40313541626));
#1522 = CARTESIAN_POINT('',(0.369123306392,0.425178107325));
#1523 = CARTESIAN_POINT('',(0.334286521811,0.491991842812));
#1524 = CARTESIAN_POINT('',(0.31059073451,0.537447630534));
#1525 = CARTESIAN_POINT('',(0.286389772491,0.583883341477));
#1526 = CARTESIAN_POINT('',(0.261683985308,0.631299375864));
#1527 = CARTESIAN_POINT('',(0.236355006759,0.679923279409));
#1528 = CARTESIAN_POINT('',(0.210503490722,0.729561077353));
#1529 = CARTESIAN_POINT('',(0.183937073809,0.780579144539));
#1530 = CARTESIAN_POINT('',(0.156702532384,0.83288245563));
#1531 = CARTESIAN_POINT('',(0.128653339547,0.886742371488));
#1532 = CARTESIAN_POINT('',(9.96927397342E-02,0.942328700105));
#1533 = CARTESIAN_POINT('',(6.961833089359E-02,1.));
#1534 = ( GEOMETRIC_REPRESENTATION_CONTEXT(2) 
PARAMETRIC_REPRESENTATION_CONTEXT() REPRESENTATION_CONTEXT('2D SPACE',''
  ) );
#1535 = PCURVE('',#568,#1536);
#1536 = DEFINITIONAL_REPRESENTATION('',(#1537),#1564);
#1537 = B_SPLINE_CURVE_WITH_KNOTS('',7,(#1538,#1539,#1540,#1541,#1542,
    #1543,#1544,#1545,#1546,#1547,#1548,#1549,#1550,#1551,#1552,#1553,
    #1554,#1555,#1556,#1557,#1558,#1559,#1560,#1561,#1562,#1563),
  .UNSPECIFIED.,.F.,.F.,(8,6,6,6,8),(0.,0.399574675037,0.661234164838,
    0.866601160228,1.),.UNSPECIFIED.);
#1538 = CARTESIAN_POINT('',(11.512720306183,3.379323778754));
#1539 = CARTESIAN_POINT('',(11.568625113746,2.433190957231));
#1540 = CARTESIAN_POINT('',(11.535580664137,1.481711280067));
#1541 = CARTESIAN_POINT('',(11.410895416082,0.534838849385));
#1542 = CARTESIAN_POINT('',(11.192967825077,-0.396477028456));
#1543 = CARTESIAN_POINT('',(10.881534524795,-1.300361876021));
#1544 = CARTESIAN_POINT('',(10.477921445175,-2.164078621499));
#1545 = CARTESIAN_POINT('',(9.663345855021,-3.504721074323));
#1546 = CARTESIAN_POINT('',(9.303029952289,-4.012210022026));
#1547 = CARTESIAN_POINT('',(8.905807365178,-4.492815263244));
#1548 = CARTESIAN_POINT('',(8.47321485369,-4.942566615939));
#1549 = CARTESIAN_POINT('',(8.007321861572,-5.357448726575));
#1550 = CARTESIAN_POINT('',(7.510817993061,-5.733487643474));
#1551 = CARTESIAN_POINT('',(6.576091451023,-6.328513374015));
#1552 = CARTESIAN_POINT('',(6.148317791545,-6.563878557807));
#1553 = CARTESIAN_POINT('',(5.705467229206,-6.771103947778));
#1554 = CARTESIAN_POINT('',(5.249472453152,-6.948405687672));
#1555 = CARTESIAN_POINT('',(4.782548548753,-7.094113743087));
#1556 = CARTESIAN_POINT('',(4.307203673757,-7.206696986618));
#1557 = CARTESIAN_POINT('',(3.513830515564,-7.335480336136));
#1558 = CARTESIAN_POINT('',(3.199061600133,-7.371628309826));
#1559 = CARTESIAN_POINT('',(2.88269824277,-7.392835542789));
#1560 = CARTESIAN_POINT('',(2.565571864727,-7.398743328438));
#1561 = CARTESIAN_POINT('',(2.248584483202,-7.389020981211));
#1562 = CARTESIAN_POINT('',(1.932709074014,-7.363363522387));
#1563 = CARTESIAN_POINT('',(1.618990262618,-7.321476872093));
#1564 = ( GEOMETRIC_REPRESENTATION_CONTEXT(2) 
PARAMETRIC_REPRESENTATION_CONTEXT() REPRESENTATION_CONTEXT('2D SPACE',''
  ) );
#1565 = ADVANCED_FACE('',(#1566),#568,.F.);
#1566 = FACE_BOUND('',#1567,.F.);
#1567 = EDGE_LOOP('',(#1568,#1569,#1591));
#1568 = ORIENTED_EDGE('',*,*,#532,.T.);
#1569 = ORIENTED_EDGE('',*,*,#1570,.T.);
#1570 = EDGE_CURVE('',#224,#807,#1571,.T.);
#1571 = SURFACE_CURVE('',#1572,(#1577,#1584),.PCURVE_S1.);
#1572 = CIRCLE('',#1573,7.5);
#1573 = AXIS2_PLACEMENT_3D('',#1574,#1575,#1576);
#1574 = CARTESIAN_POINT('',(-35.,0.,0.));
#1575 = DIRECTION('',(-1.,0.,0.));
#1576 = DIRECTION('',(0.,0.,-1.));
#1577 = PCURVE('',#568,#1578);
#1578 = DEFINITIONAL_REPRESENTATION('',(#1579),#1583);
#1579 = CIRCLE('',#1580,7.5);
#1580 = AXIS2_PLACEMENT_2D('',#1581,#1582);
#1581 = CARTESIAN_POINT('',(0.,0.));
#1582 = DIRECTION('',(1.,0.));
#1583 = ( GEOMETRIC_REPRESENTATION_CONTEXT(2) 
PARAMETRIC_REPRESENTATION_CONTEXT() REPRESENTATION_CONTEXT('2D SPACE',''
  ) );
#1584 = PCURVE('',#789,#1585);
#1585 = DEFINITIONAL_REPRESENTATION('',(#1586),#1590);
#1586 = LINE('',#1587,#1588);
#1587 = CARTESIAN_POINT('',(0.,0.));
#1588 = VECTOR('',#1589,1.);
#1589 = DIRECTION('',(1.,0.));
#1590 = ( GEOMETRIC_REPRESENTATION_CONTEXT(2) 
PARAMETRIC_REPRESENTATION_CONTEXT() REPRESENTATION_CONTEXT('2D SPACE',''
  ) );
#1591 = ORIENTED_EDGE('',*,*,#1470,.T.);
#1592 = ADVANCED_FACE('',(#1593),#789,.T.);
#1593 = FACE_BOUND('',#1594,.T.);
#1594 = EDGE_LOOP('',(#1595,#1618,#1645,#1646,#1647,#1648,#1649));
#1595 = ORIENTED_EDGE('',*,*,#1596,.T.);
#1596 = EDGE_CURVE('',#905,#1597,#1599,.T.);
#1597 = VERTEX_POINT('',#1598);
#1598 = CARTESIAN_POINT('',(-55.,1.836970198721E-15,-7.5));
#1599 = SEAM_CURVE('',#1600,(#1604,#1611),.PCURVE_S1.);
#1600 = LINE('',#1601,#1602);
#1601 = CARTESIAN_POINT('',(-35.,1.836970198721E-15,-7.5));
#1602 = VECTOR('',#1603,1.);
#1603 = DIRECTION('',(-1.,0.,0.));
#1604 = PCURVE('',#789,#1605);
#1605 = DEFINITIONAL_REPRESENTATION('',(#1606),#1610);
#1606 = LINE('',#1607,#1608);
#1607 = CARTESIAN_POINT('',(6.28318530718,-0.));
#1608 = VECTOR('',#1609,1.);
#1609 = DIRECTION('',(0.,1.));
#1610 = ( GEOMETRIC_REPRESENTATION_CONTEXT(2) 
PARAMETRIC_REPRESENTATION_CONTEXT() REPRESENTATION_CONTEXT('2D SPACE',''
  ) );
#1611 = PCURVE('',#789,#1612);
#1612 = DEFINITIONAL_REPRESENTATION('',(#1613),#1617);
#1613 = LINE('',#1614,#1615);
#1614 = CARTESIAN_POINT('',(0.,-0.));
#1615 = VECTOR('',#1616,1.);
#1616 = DIRECTION('',(0.,1.));
#1617 = ( GEOMETRIC_REPRESENTATION_CONTEXT(2) 
PARAMETRIC_REPRESENTATION_CONTEXT() REPRESENTATION_CONTEXT('2D SPACE',''
  ) );
#1618 = ORIENTED_EDGE('',*,*,#1619,.F.);
#1619 = EDGE_CURVE('',#1597,#1597,#1620,.T.);
#1620 = SURFACE_CURVE('',#1621,(#1626,#1633),.PCURVE_S1.);
#1621 = CIRCLE('',#1622,7.5);
#1622 = AXIS2_PLACEMENT_3D('',#1623,#1624,#1625);
#1623 = CARTESIAN_POINT('',(-55.,0.,0.));
#1624 = DIRECTION('',(-1.,0.,0.));
#1625 = DIRECTION('',(0.,0.,-1.));
#1626 = PCURVE('',#789,#1627);
#1627 = DEFINITIONAL_REPRESENTATION('',(#1628),#1632);
#1628 = LINE('',#1629,#1630);
#1629 = CARTESIAN_POINT('',(0.,20.));
#1630 = VECTOR('',#1631,1.);
#1631 = DIRECTION('',(1.,0.));
#1632 = ( GEOMETRIC_REPRESENTATION_CONTEXT(2) 
PARAMETRIC_REPRESENTATION_CONTEXT() REPRESENTATION_CONTEXT('2D SPACE',''
  ) );
#1633 = PCURVE('',#1634,#1639);
#1634 = PLANE('',#1635);
#1635 = AXIS2_PLACEMENT_3D('',#1636,#1637,#1638);
#1636 = CARTESIAN_POINT('',(-55.,0.,0.));
#1637 = DIRECTION('',(-1.,0.,0.));
#1638 = DIRECTION('',(0.,0.,-1.));
#1639 = DEFINITIONAL_REPRESENTATION('',(#1640),#1644);
#1640 = CIRCLE('',#1641,7.5);
#1641 = AXIS2_PLACEMENT_2D('',#1642,#1643);
#1642 = CARTESIAN_POINT('',(0.,0.));
#1643 = DIRECTION('',(1.,0.));
#1644 = ( GEOMETRIC_REPRESENTATION_CONTEXT(2) 
PARAMETRIC_REPRESENTATION_CONTEXT() REPRESENTATION_CONTEXT('2D SPACE',''
  ) );
#1645 = ORIENTED_EDGE('',*,*,#1596,.F.);
#1646 = ORIENTED_EDGE('',*,*,#932,.T.);
#1647 = ORIENTED_EDGE('',*,*,#774,.T.);
#1648 = ORIENTED_EDGE('',*,*,#1570,.T.);
#1649 = ORIENTED_EDGE('',*,*,#904,.T.);
#1650 = ADVANCED_FACE('',(#1651),#1079,.F.);
#1651 = FACE_BOUND('',#1652,.F.);
#1652 = EDGE_LOOP('',(#1653,#1654,#1655));
#1653 = ORIENTED_EDGE('',*,*,#1426,.F.);
#1654 = ORIENTED_EDGE('',*,*,#1007,.F.);
#1655 = ORIENTED_EDGE('',*,*,#1119,.T.);
#1656 = ADVANCED_FACE('',(#1657),#1195,.F.);
#1657 = FACE_BOUND('',#1658,.F.);
#1658 = EDGE_LOOP('',(#1659,#1660,#1661,#1694));
#1659 = ORIENTED_EDGE('',*,*,#1449,.F.);
#1660 = ORIENTED_EDGE('',*,*,#1178,.T.);
#1661 = ORIENTED_EDGE('',*,*,#1662,.T.);
#1662 = EDGE_CURVE('',#1144,#1284,#1663,.T.);
#1663 = SURFACE_CURVE('',#1664,(#1667,#1674),.PCURVE_S1.);
#1664 = B_SPLINE_CURVE_WITH_KNOTS('',1,(#1665,#1666),.UNSPECIFIED.,.F.,
  .F.,(2,2),(0.,1.),.PIECEWISE_BEZIER_KNOTS.);
#1665 = CARTESIAN_POINT('',(-30.57307067763,11.999999999999,
    2.939152317953E-15));
#1666 = CARTESIAN_POINT('',(-28.93520462343,7.499999999999,
    1.836970198721E-15));
#1667 = PCURVE('',#1195,#1668);
#1668 = DEFINITIONAL_REPRESENTATION('',(#1669),#1673);
#1669 = LINE('',#1670,#1671);
#1670 = CARTESIAN_POINT('',(1.,0.));
#1671 = VECTOR('',#1672,1.);
#1672 = DIRECTION('',(0.,1.));
#1673 = ( GEOMETRIC_REPRESENTATION_CONTEXT(2) 
PARAMETRIC_REPRESENTATION_CONTEXT() REPRESENTATION_CONTEXT('2D SPACE',''
  ) );
#1674 = PCURVE('',#1675,#1688);
#1675 = B_SPLINE_SURFACE_WITH_KNOTS('',5,1,(
    (#1676,#1677)
    ,(#1678,#1679)
    ,(#1680,#1681)
    ,(#1682,#1683)
    ,(#1684,#1685)
    ,(#1686,#1687
    )),.UNSPECIFIED.,.F.,.F.,.F.,(6,6),(2,2),(0.,1.),(0.,1.),
  .PIECEWISE_BEZIER_KNOTS.);
#1676 = CARTESIAN_POINT('',(-30.57307067763,11.999999999999,0.));
#1677 = CARTESIAN_POINT('',(-28.93520462343,7.499999999999,0.));
#1678 = CARTESIAN_POINT('',(-29.94665116967,11.994335677749,
    -7.439727252697));
#1679 = CARTESIAN_POINT('',(-28.30878511547,7.496459798593,
    -4.649829532936));
#1680 = CARTESIAN_POINT('',(-29.31165444139,6.145997081766,
    -15.47312811673));
#1681 = CARTESIAN_POINT('',(-27.67378838719,3.841248176104,
    -9.670705072962));
#1682 = CARTESIAN_POINT('',(-28.69289426028,-6.145997081766,
    -15.47312811674));
#1683 = CARTESIAN_POINT('',(-27.05502820609,-3.841248176104,
    -9.670705072962));
#1684 = CARTESIAN_POINT('',(-28.057897532,-11.99433567774,
    -7.439727252697));
#1685 = CARTESIAN_POINT('',(-26.42003147781,-7.496459798593,
    -4.649829532936));
#1686 = CARTESIAN_POINT('',(-27.43147802404,-11.99999999999,
    -1.469576158977E-15));
#1687 = CARTESIAN_POINT('',(-25.79361196984,-7.499999999999,
    -9.184850993604E-16));
#1688 = DEFINITIONAL_REPRESENTATION('',(#1689),#1693);
#1689 = LINE('',#1690,#1691);
#1690 = CARTESIAN_POINT('',(0.,0.));
#1691 = VECTOR('',#1692,1.);
#1692 = DIRECTION('',(0.,1.));
#1693 = ( GEOMETRIC_REPRESENTATION_CONTEXT(2) 
PARAMETRIC_REPRESENTATION_CONTEXT() REPRESENTATION_CONTEXT('2D SPACE',''
  ) );
#1694 = ORIENTED_EDGE('',*,*,#1283,.F.);
#1695 = ADVANCED_FACE('',(#1696),#1158,.F.);
#1696 = FACE_BOUND('',#1697,.F.);
#1697 = EDGE_LOOP('',(#1698,#1699,#1700,#1735));
#1698 = ORIENTED_EDGE('',*,*,#1143,.F.);
#1699 = ORIENTED_EDGE('',*,*,#1255,.T.);
#1700 = ORIENTED_EDGE('',*,*,#1701,.T.);
#1701 = EDGE_CURVE('',#1221,#1702,#1704,.T.);
#1702 = VERTEX_POINT('',#1703);
#1703 = CARTESIAN_POINT('',(-27.43147802404,-11.99999999999,
    -1.469576158977E-15));
#1704 = SURFACE_CURVE('',#1705,(#1708,#1715),.PCURVE_S1.);
#1705 = B_SPLINE_CURVE_WITH_KNOTS('',1,(#1706,#1707),.UNSPECIFIED.,.F.,
  .F.,(2,2),(0.,1.),.PIECEWISE_BEZIER_KNOTS.);
#1706 = CARTESIAN_POINT('',(-29.11718974057,-11.99999999999,
    -1.469576158977E-15));
#1707 = CARTESIAN_POINT('',(-27.43147802404,-11.99999999999,
    -1.469576158977E-15));
#1708 = PCURVE('',#1158,#1709);
#1709 = DEFINITIONAL_REPRESENTATION('',(#1710),#1714);
#1710 = LINE('',#1711,#1712);
#1711 = CARTESIAN_POINT('',(1.,0.));
#1712 = VECTOR('',#1713,1.);
#1713 = DIRECTION('',(0.,1.));
#1714 = ( GEOMETRIC_REPRESENTATION_CONTEXT(2) 
PARAMETRIC_REPRESENTATION_CONTEXT() REPRESENTATION_CONTEXT('2D SPACE',''
  ) );
#1715 = PCURVE('',#1716,#1729);
#1716 = B_SPLINE_SURFACE_WITH_KNOTS('',5,1,(
    (#1717,#1718)
    ,(#1719,#1720)
    ,(#1721,#1722)
    ,(#1723,#1724)
    ,(#1725,#1726)
    ,(#1727,#1728
    )),.UNSPECIFIED.,.F.,.F.,.F.,(6,6),(2,2),(0.,1.),(0.,1.),
  .PIECEWISE_BEZIER_KNOTS.);
#1717 = CARTESIAN_POINT('',(-29.11718974057,-11.99999999999,
    -1.469576158977E-15));
#1718 = CARTESIAN_POINT('',(-27.43147802404,-11.99999999999,
    -1.469576158977E-15));
#1719 = CARTESIAN_POINT('',(-28.49077594976,-11.99437204352,
    7.439710133806));
#1720 = CARTESIAN_POINT('',(-26.80506423324,-11.99437204352,
    7.439710133806));
#1721 = CARTESIAN_POINT('',(-27.85575909809,-6.145894572788,
    15.473143664178));
#1722 = CARTESIAN_POINT('',(-26.17004738156,-6.145894572788,
    15.473143664178));
#1723 = CARTESIAN_POINT('',(-27.23702772946,6.145894572788,
    15.473143664179));
#1724 = CARTESIAN_POINT('',(-25.55131601293,6.145894572788,
    15.473143664179));
#1725 = CARTESIAN_POINT('',(-26.60201087778,11.994372043523,
    7.439710133805));
#1726 = CARTESIAN_POINT('',(-24.91629916125,11.994372043523,
    7.439710133805));
#1727 = CARTESIAN_POINT('',(-25.97559708698,11.999999999999,
    2.939152317953E-15));
#1728 = CARTESIAN_POINT('',(-24.28988537045,11.999999999999,
    2.939152317953E-15));
#1729 = DEFINITIONAL_REPRESENTATION('',(#1730),#1734);
#1730 = LINE('',#1731,#1732);
#1731 = CARTESIAN_POINT('',(0.,0.));
#1732 = VECTOR('',#1733,1.);
#1733 = DIRECTION('',(0.,1.));
#1734 = ( GEOMETRIC_REPRESENTATION_CONTEXT(2) 
PARAMETRIC_REPRESENTATION_CONTEXT() REPRESENTATION_CONTEXT('2D SPACE',''
  ) );
#1735 = ORIENTED_EDGE('',*,*,#1736,.F.);
#1736 = EDGE_CURVE('',#1144,#1702,#1737,.T.);
#1737 = SURFACE_CURVE('',#1738,(#1745,#1752),.PCURVE_S1.);
#1738 = B_SPLINE_CURVE_WITH_KNOTS('',5,(#1739,#1740,#1741,#1742,#1743,
    #1744),.UNSPECIFIED.,.F.,.F.,(6,6),(0.,1.),
  .PIECEWISE_BEZIER_KNOTS.);
#1739 = CARTESIAN_POINT('',(-30.57307067763,11.999999999999,0.));
#1740 = CARTESIAN_POINT('',(-29.94665688683,11.994372043523,
    -7.439710133806));
#1741 = CARTESIAN_POINT('',(-29.31164003515,6.145894572788,
    -15.47314366417));
#1742 = CARTESIAN_POINT('',(-28.69290866652,-6.145894572788,
    -15.47314366417));
#1743 = CARTESIAN_POINT('',(-28.05789181484,-11.99437204352,
    -7.439710133805));
#1744 = CARTESIAN_POINT('',(-27.43147802404,-11.99999999999,
    -1.469576158977E-15));
#1745 = PCURVE('',#1158,#1746);
#1746 = DEFINITIONAL_REPRESENTATION('',(#1747),#1751);
#1747 = LINE('',#1748,#1749);
#1748 = CARTESIAN_POINT('',(0.,1.));
#1749 = VECTOR('',#1750,1.);
#1750 = DIRECTION('',(1.,0.));
#1751 = ( GEOMETRIC_REPRESENTATION_CONTEXT(2) 
PARAMETRIC_REPRESENTATION_CONTEXT() REPRESENTATION_CONTEXT('2D SPACE',''
  ) );
#1752 = PCURVE('',#1675,#1753);
#1753 = DEFINITIONAL_REPRESENTATION('',(#1754),#1758);
#1754 = LINE('',#1755,#1756);
#1755 = CARTESIAN_POINT('',(0.,0.));
#1756 = VECTOR('',#1757,1.);
#1757 = DIRECTION('',(1.,0.));
#1758 = ( GEOMETRIC_REPRESENTATION_CONTEXT(2) 
PARAMETRIC_REPRESENTATION_CONTEXT() REPRESENTATION_CONTEXT('2D SPACE',''
  ) );
#1759 = ADVANCED_FACE('',(#1760),#1235,.F.);
#1760 = FACE_BOUND('',#1761,.F.);
#1761 = EDGE_LOOP('',(#1762,#1763,#1764,#1799));
#1762 = ORIENTED_EDGE('',*,*,#1220,.F.);
#1763 = ORIENTED_EDGE('',*,*,#1371,.T.);
#1764 = ORIENTED_EDGE('',*,*,#1765,.T.);
#1765 = EDGE_CURVE('',#1337,#1766,#1768,.T.);
#1766 = VERTEX_POINT('',#1767);
#1767 = CARTESIAN_POINT('',(-25.97559708698,11.999999999999,
    1.469576160001E-15));
#1768 = SURFACE_CURVE('',#1769,(#1772,#1779),.PCURVE_S1.);
#1769 = B_SPLINE_CURVE_WITH_KNOTS('',1,(#1770,#1771),.UNSPECIFIED.,.F.,
  .F.,(2,2),(0.,1.),.PIECEWISE_BEZIER_KNOTS.);
#1770 = CARTESIAN_POINT('',(-27.61346314117,7.499999999999,
    1.836970198721E-15));
#1771 = CARTESIAN_POINT('',(-25.97559708698,11.999999999999,
    2.939152317953E-15));
#1772 = PCURVE('',#1235,#1773);
#1773 = DEFINITIONAL_REPRESENTATION('',(#1774),#1778);
#1774 = LINE('',#1775,#1776);
#1775 = CARTESIAN_POINT('',(1.,0.));
#1776 = VECTOR('',#1777,1.);
#1777 = DIRECTION('',(0.,1.));
#1778 = ( GEOMETRIC_REPRESENTATION_CONTEXT(2) 
PARAMETRIC_REPRESENTATION_CONTEXT() REPRESENTATION_CONTEXT('2D SPACE',''
  ) );
#1779 = PCURVE('',#1780,#1793);
#1780 = B_SPLINE_SURFACE_WITH_KNOTS('',5,1,(
    (#1781,#1782)
    ,(#1783,#1784)
    ,(#1785,#1786)
    ,(#1787,#1788)
    ,(#1789,#1790)
    ,(#1791,#1792
    )),.UNSPECIFIED.,.F.,.F.,.F.,(6,6),(2,2),(0.,1.),(0.,1.),
  .PIECEWISE_BEZIER_KNOTS.);
#1781 = CARTESIAN_POINT('',(-27.61346314117,7.499999999999,0.));
#1782 = CARTESIAN_POINT('',(-25.97559708698,11.999999999999,0.));
#1783 = CARTESIAN_POINT('',(-26.98704363321,7.496459798593,
    -4.649829532936));
#1784 = CARTESIAN_POINT('',(-25.34917757901,11.994335677749,
    -7.439727252697));
#1785 = CARTESIAN_POINT('',(-26.35204690493,3.841248176104,
    -9.670705072962));
#1786 = CARTESIAN_POINT('',(-24.71418085073,6.145997081766,
    -15.47312811673));
#1787 = CARTESIAN_POINT('',(-25.73328672383,-3.841248176104,
    -9.670705072962));
#1788 = CARTESIAN_POINT('',(-24.09542066963,-6.145997081766,
    -15.47312811674));
#1789 = CARTESIAN_POINT('',(-25.09828999555,-7.496459798593,
    -4.649829532936));
#1790 = CARTESIAN_POINT('',(-23.46042394135,-11.99433567774,
    -7.439727252697));
#1791 = CARTESIAN_POINT('',(-24.47187048758,-7.499999999999,
    -9.184850993604E-16));
#1792 = CARTESIAN_POINT('',(-22.83400443339,-11.99999999999,
    -1.469576158977E-15));
#1793 = DEFINITIONAL_REPRESENTATION('',(#1794),#1798);
#1794 = LINE('',#1795,#1796);
#1795 = CARTESIAN_POINT('',(0.,0.));
#1796 = VECTOR('',#1797,1.);
#1797 = DIRECTION('',(0.,1.));
#1798 = ( GEOMETRIC_REPRESENTATION_CONTEXT(2) 
PARAMETRIC_REPRESENTATION_CONTEXT() REPRESENTATION_CONTEXT('2D SPACE',''
  ) );
#1799 = ORIENTED_EDGE('',*,*,#1800,.F.);
#1800 = EDGE_CURVE('',#1221,#1766,#1801,.T.);
#1801 = SURFACE_CURVE('',#1802,(#1809,#1816),.PCURVE_S1.);
#1802 = B_SPLINE_CURVE_WITH_KNOTS('',5,(#1803,#1804,#1805,#1806,#1807,
    #1808),.UNSPECIFIED.,.F.,.F.,(6,6),(0.,1.),
  .PIECEWISE_BEZIER_KNOTS.);
#1803 = CARTESIAN_POINT('',(-29.11718974057,-11.99999999999,
    -1.469576158977E-15));
#1804 = CARTESIAN_POINT('',(-28.49077594976,-11.99437204352,
    7.439710133806));
#1805 = CARTESIAN_POINT('',(-27.85575909809,-6.145894572788,
    15.473143664178));
#1806 = CARTESIAN_POINT('',(-27.23702772946,6.145894572788,
    15.473143664179));
#1807 = CARTESIAN_POINT('',(-26.60201087778,11.994372043523,
    7.439710133805));
#1808 = CARTESIAN_POINT('',(-25.97559708698,11.999999999999,
    2.939152317953E-15));
#1809 = PCURVE('',#1235,#1810);
#1810 = DEFINITIONAL_REPRESENTATION('',(#1811),#1815);
#1811 = LINE('',#1812,#1813);
#1812 = CARTESIAN_POINT('',(0.,1.));
#1813 = VECTOR('',#1814,1.);
#1814 = DIRECTION('',(1.,0.));
#1815 = ( GEOMETRIC_REPRESENTATION_CONTEXT(2) 
PARAMETRIC_REPRESENTATION_CONTEXT() REPRESENTATION_CONTEXT('2D SPACE',''
  ) );
#1816 = PCURVE('',#1716,#1817);
#1817 = DEFINITIONAL_REPRESENTATION('',(#1818),#1822);
#1818 = LINE('',#1819,#1820);
#1819 = CARTESIAN_POINT('',(0.,0.));
#1820 = VECTOR('',#1821,1.);
#1821 = DIRECTION('',(1.,0.));
#1822 = ( GEOMETRIC_REPRESENTATION_CONTEXT(2) 
PARAMETRIC_REPRESENTATION_CONTEXT() REPRESENTATION_CONTEXT('2D SPACE',''
  ) );
#1823 = ADVANCED_FACE('',(#1824),#1351,.F.);
#1824 = FACE_BOUND('',#1825,.F.);
#1825 = EDGE_LOOP('',(#1826,#1827,#1880,#1915));
#1826 = ORIENTED_EDGE('',*,*,#1336,.F.);
#1827 = ORIENTED_EDGE('',*,*,#1828,.T.);
#1828 = EDGE_CURVE('',#1284,#1829,#1831,.T.);
#1829 = VERTEX_POINT('',#1830);
#1830 = CARTESIAN_POINT('',(-25.79361196984,-7.499999999999,
    -9.184850993604E-16));
#1831 = SURFACE_CURVE('',#1832,(#1839,#1873),.PCURVE_S1.);
#1832 = B_SPLINE_CURVE_WITH_KNOTS('',5,(#1833,#1834,#1835,#1836,#1837,
    #1838),.UNSPECIFIED.,.F.,.F.,(6,6),(0.,1.),
  .PIECEWISE_BEZIER_KNOTS.);
#1833 = CARTESIAN_POINT('',(-28.93520462343,7.499999999999,0.));
#1834 = CARTESIAN_POINT('',(-28.30878511547,7.496459798593,
    -4.649829532936));
#1835 = CARTESIAN_POINT('',(-27.67378838719,3.841248176104,
    -9.670705072962));
#1836 = CARTESIAN_POINT('',(-27.05502820609,-3.841248176104,
    -9.670705072962));
#1837 = CARTESIAN_POINT('',(-26.42003147781,-7.496459798593,
    -4.649829532936));
#1838 = CARTESIAN_POINT('',(-25.79361196984,-7.499999999999,
    -9.184850993604E-16));
#1839 = PCURVE('',#1351,#1840);
#1840 = DEFINITIONAL_REPRESENTATION('',(#1841),#1872);
#1841 = B_SPLINE_CURVE_WITH_KNOTS('',8,(#1842,#1843,#1844,#1845,#1846,
    #1847,#1848,#1849,#1850,#1851,#1852,#1853,#1854,#1855,#1856,#1857,
    #1858,#1859,#1860,#1861,#1862,#1863,#1864,#1865,#1866,#1867,#1868,
    #1869,#1870,#1871),.UNSPECIFIED.,.F.,.F.,(9,7,7,7,9),(0.,0.25,0.5,
    0.75,1.),.UNSPECIFIED.);
#1842 = CARTESIAN_POINT('',(-2.775557561563E-17,0.));
#1843 = CARTESIAN_POINT('',(3.124980793826E-02,0.));
#1844 = CARTESIAN_POINT('',(6.250191949534E-02,0.));
#1845 = CARTESIAN_POINT('',(9.374508332054E-02,0.));
#1846 = CARTESIAN_POINT('',(0.125003357014,0.));
#1847 = CARTESIAN_POINT('',(0.156249174367,0.));
#1848 = CARTESIAN_POINT('',(0.187500034342,0.));
#1849 = CARTESIAN_POINT('',(0.218749999321,0.));
#1850 = CARTESIAN_POINT('',(0.281249938568,0.));
#1851 = CARTESIAN_POINT('',(0.312500615067,0.));
#1852 = CARTESIAN_POINT('',(0.343750819649,0.));
#1853 = CARTESIAN_POINT('',(0.375000430504,0.));
#1854 = CARTESIAN_POINT('',(0.406249891821,0.));
#1855 = CARTESIAN_POINT('',(0.437499722818,0.));
#1856 = CARTESIAN_POINT('',(0.468750026763,0.));
#1857 = CARTESIAN_POINT('',(0.531249973237,0.));
#1858 = CARTESIAN_POINT('',(0.562500277182,0.));
#1859 = CARTESIAN_POINT('',(0.593750108179,0.));
#1860 = CARTESIAN_POINT('',(0.624999569496,0.));
#1861 = CARTESIAN_POINT('',(0.656249180351,0.));
#1862 = CARTESIAN_POINT('',(0.687499384933,0.));
#1863 = CARTESIAN_POINT('',(0.718750061432,0.));
#1864 = CARTESIAN_POINT('',(0.781250000679,0.));
#1865 = CARTESIAN_POINT('',(0.812499965658,0.));
#1866 = CARTESIAN_POINT('',(0.843750825633,0.));
#1867 = CARTESIAN_POINT('',(0.874996642986,0.));
#1868 = CARTESIAN_POINT('',(0.906254916679,0.));
#1869 = CARTESIAN_POINT('',(0.937498080505,0.));
#1870 = CARTESIAN_POINT('',(0.968750192062,0.));
#1871 = CARTESIAN_POINT('',(1.,0.));
#1872 = ( GEOMETRIC_REPRESENTATION_CONTEXT(2) 
PARAMETRIC_REPRESENTATION_CONTEXT() REPRESENTATION_CONTEXT('2D SPACE',''
  ) );
#1873 = PCURVE('',#1675,#1874);
#1874 = DEFINITIONAL_REPRESENTATION('',(#1875),#1879);
#1875 = LINE('',#1876,#1877);
#1876 = CARTESIAN_POINT('',(0.,1.));
#1877 = VECTOR('',#1878,1.);
#1878 = DIRECTION('',(1.,0.));
#1879 = ( GEOMETRIC_REPRESENTATION_CONTEXT(2) 
PARAMETRIC_REPRESENTATION_CONTEXT() REPRESENTATION_CONTEXT('2D SPACE',''
  ) );
#1880 = ORIENTED_EDGE('',*,*,#1881,.T.);
#1881 = EDGE_CURVE('',#1829,#1882,#1884,.T.);
#1882 = VERTEX_POINT('',#1883);
#1883 = CARTESIAN_POINT('',(-24.47187048758,-7.499999999999,
    -9.184850993604E-16));
#1884 = SURFACE_CURVE('',#1885,(#1888,#1895),.PCURVE_S1.);
#1885 = B_SPLINE_CURVE_WITH_KNOTS('',1,(#1886,#1887),.UNSPECIFIED.,.F.,
  .F.,(2,2),(0.,1.),.PIECEWISE_BEZIER_KNOTS.);
#1886 = CARTESIAN_POINT('',(-25.79361196984,-7.499999999999,
    -9.184850993604E-16));
#1887 = CARTESIAN_POINT('',(-24.47187048758,-7.499999999999,
    -9.184850993604E-16));
#1888 = PCURVE('',#1351,#1889);
#1889 = DEFINITIONAL_REPRESENTATION('',(#1890),#1894);
#1890 = LINE('',#1891,#1892);
#1891 = CARTESIAN_POINT('',(1.,0.));
#1892 = VECTOR('',#1893,1.);
#1893 = DIRECTION('',(0.,1.));
#1894 = ( GEOMETRIC_REPRESENTATION_CONTEXT(2) 
PARAMETRIC_REPRESENTATION_CONTEXT() REPRESENTATION_CONTEXT('2D SPACE',''
  ) );
#1895 = PCURVE('',#1896,#1909);
#1896 = B_SPLINE_SURFACE_WITH_KNOTS('',5,1,(
    (#1897,#1898)
    ,(#1899,#1900)
    ,(#1901,#1902)
    ,(#1903,#1904)
    ,(#1905,#1906)
    ,(#1907,#1908
    )),.UNSPECIFIED.,.F.,.F.,.F.,(6,6),(2,2),(0.,1.),(0.,1.),
  .PIECEWISE_BEZIER_KNOTS.);
#1897 = CARTESIAN_POINT('',(-25.79361196984,-7.499999999999,
    -9.184850993604E-16));
#1898 = CARTESIAN_POINT('',(-24.47187048758,-7.499999999999,
    -9.184850993604E-16));
#1899 = CARTESIAN_POINT('',(-25.16717798115,-7.496402230976,
    4.649856634508));
#1900 = CARTESIAN_POINT('',(-23.84543649889,-7.496402230976,
    4.649856634508));
#1901 = CARTESIAN_POINT('',(-24.53223222199,-3.841410447455,
    9.67068045996));
#1902 = CARTESIAN_POINT('',(-23.21049073974,-3.841410447455,
    9.67068045996));
#1903 = CARTESIAN_POINT('',(-23.9133990641,3.841410447455,9.67068045996)
  );
#1904 = CARTESIAN_POINT('',(-22.59165758184,3.841410447455,9.67068045996
    ));
#1905 = CARTESIAN_POINT('',(-23.27845330494,7.496402230976,
    4.649856634508));
#1906 = CARTESIAN_POINT('',(-21.95671182269,7.496402230976,
    4.649856634508));
#1907 = CARTESIAN_POINT('',(-22.65201931625,7.499999999999,
    1.836970198721E-15));
#1908 = CARTESIAN_POINT('',(-21.33027783399,7.499999999999,
    1.836970198721E-15));
#1909 = DEFINITIONAL_REPRESENTATION('',(#1910),#1914);
#1910 = LINE('',#1911,#1912);
#1911 = CARTESIAN_POINT('',(0.,0.));
#1912 = VECTOR('',#1913,1.);
#1913 = DIRECTION('',(0.,1.));
#1914 = ( GEOMETRIC_REPRESENTATION_CONTEXT(2) 
PARAMETRIC_REPRESENTATION_CONTEXT() REPRESENTATION_CONTEXT('2D SPACE',''
  ) );
#1915 = ORIENTED_EDGE('',*,*,#1916,.F.);
#1916 = EDGE_CURVE('',#1337,#1882,#1917,.T.);
#1917 = SURFACE_CURVE('',#1918,(#1925,#1959),.PCURVE_S1.);
#1918 = B_SPLINE_CURVE_WITH_KNOTS('',5,(#1919,#1920,#1921,#1922,#1923,
    #1924),.UNSPECIFIED.,.F.,.F.,(6,6),(0.,1.),
  .PIECEWISE_BEZIER_KNOTS.);
#1919 = CARTESIAN_POINT('',(-27.61346314117,7.499999999999,0.));
#1920 = CARTESIAN_POINT('',(-26.98704363321,7.496459798593,
    -4.649829532936));
#1921 = CARTESIAN_POINT('',(-26.35204690493,3.841248176104,
    -9.670705072962));
#1922 = CARTESIAN_POINT('',(-25.73328672383,-3.841248176104,
    -9.670705072962));
#1923 = CARTESIAN_POINT('',(-25.09828999555,-7.496459798593,
    -4.649829532936));
#1924 = CARTESIAN_POINT('',(-24.47187048758,-7.499999999999,
    -9.184850993604E-16));
#1925 = PCURVE('',#1351,#1926);
#1926 = DEFINITIONAL_REPRESENTATION('',(#1927),#1958);
#1927 = B_SPLINE_CURVE_WITH_KNOTS('',8,(#1928,#1929,#1930,#1931,#1932,
    #1933,#1934,#1935,#1936,#1937,#1938,#1939,#1940,#1941,#1942,#1943,
    #1944,#1945,#1946,#1947,#1948,#1949,#1950,#1951,#1952,#1953,#1954,
    #1955,#1956,#1957),.UNSPECIFIED.,.F.,.F.,(9,7,7,7,9),(0.,0.25,0.5,
    0.75,1.),.UNSPECIFIED.);
#1928 = CARTESIAN_POINT('',(2.775557561563E-17,1.));
#1929 = CARTESIAN_POINT('',(3.124980793826E-02,1.));
#1930 = CARTESIAN_POINT('',(6.250191949534E-02,1.));
#1931 = CARTESIAN_POINT('',(9.374508332054E-02,1.));
#1932 = CARTESIAN_POINT('',(0.125003357014,1.));
#1933 = CARTESIAN_POINT('',(0.156249174367,1.));
#1934 = CARTESIAN_POINT('',(0.187500034342,1.));
#1935 = CARTESIAN_POINT('',(0.218749999321,1.));
#1936 = CARTESIAN_POINT('',(0.281249938568,1.));
#1937 = CARTESIAN_POINT('',(0.312500615067,1.));
#1938 = CARTESIAN_POINT('',(0.343750819649,1.));
#1939 = CARTESIAN_POINT('',(0.375000430504,1.));
#1940 = CARTESIAN_POINT('',(0.406249891821,1.));
#1941 = CARTESIAN_POINT('',(0.437499722818,1.));
#1942 = CARTESIAN_POINT('',(0.468750026763,1.));
#1943 = CARTESIAN_POINT('',(0.531249973237,1.));
#1944 = CARTESIAN_POINT('',(0.562500277182,1.));
#1945 = CARTESIAN_POINT('',(0.593750108179,1.));
#1946 = CARTESIAN_POINT('',(0.624999569496,1.));
#1947 = CARTESIAN_POINT('',(0.656249180351,1.));
#1948 = CARTESIAN_POINT('',(0.687499384933,1.));
#1949 = CARTESIAN_POINT('',(0.718750061432,1.));
#1950 = CARTESIAN_POINT('',(0.781250000679,1.));
#1951 = CARTESIAN_POINT('',(0.812499965658,1.));
#1952 = CARTESIAN_POINT('',(0.843750825633,1.));
#1953 = CARTESIAN_POINT('',(0.874996642986,1.));
#1954 = CARTESIAN_POINT('',(0.906254916679,1.));
#1955 = CARTESIAN_POINT('',(0.937498080505,1.));
#1956 = CARTESIAN_POINT('',(0.968750192062,1.));
#1957 = CARTESIAN_POINT('',(1.,1.));
#1958 = ( GEOMETRIC_REPRESENTATION_CONTEXT(2) 
PARAMETRIC_REPRESENTATION_CONTEXT() REPRESENTATION_CONTEXT('2D SPACE',''
  ) );
#1959 = PCURVE('',#1780,#1960);
#1960 = DEFINITIONAL_REPRESENTATION('',(#1961),#1965);
#1961 = LINE('',#1962,#1963);
#1962 = CARTESIAN_POINT('',(0.,0.));
#1963 = VECTOR('',#1964,1.);
#1964 = DIRECTION('',(1.,0.));
#1965 = ( GEOMETRIC_REPRESENTATION_CONTEXT(2) 
PARAMETRIC_REPRESENTATION_CONTEXT() REPRESENTATION_CONTEXT('2D SPACE',''
  ) );
#1966 = ADVANCED_FACE('',(#1967),#1634,.T.);
#1967 = FACE_BOUND('',#1968,.T.);
#1968 = EDGE_LOOP('',(#1969));
#1969 = ORIENTED_EDGE('',*,*,#1619,.T.);
#1970 = ADVANCED_FACE('',(#1971),#1675,.F.);
#1971 = FACE_BOUND('',#1972,.F.);
#1972 = EDGE_LOOP('',(#1973,#1974,#1975,#2008));
#1973 = ORIENTED_EDGE('',*,*,#1662,.F.);
#1974 = ORIENTED_EDGE('',*,*,#1736,.T.);
#1975 = ORIENTED_EDGE('',*,*,#1976,.T.);
#1976 = EDGE_CURVE('',#1702,#1829,#1977,.T.);
#1977 = SURFACE_CURVE('',#1978,(#1981,#1988),.PCURVE_S1.);
#1978 = B_SPLINE_CURVE_WITH_KNOTS('',1,(#1979,#1980),.UNSPECIFIED.,.F.,
  .F.,(2,2),(0.,1.),.PIECEWISE_BEZIER_KNOTS.);
#1979 = CARTESIAN_POINT('',(-27.43147802404,-11.99999999999,
    -1.469576158977E-15));
#1980 = CARTESIAN_POINT('',(-25.79361196984,-7.499999999999,
    -9.184850993604E-16));
#1981 = PCURVE('',#1675,#1982);
#1982 = DEFINITIONAL_REPRESENTATION('',(#1983),#1987);
#1983 = LINE('',#1984,#1985);
#1984 = CARTESIAN_POINT('',(1.,0.));
#1985 = VECTOR('',#1986,1.);
#1986 = DIRECTION('',(0.,1.));
#1987 = ( GEOMETRIC_REPRESENTATION_CONTEXT(2) 
PARAMETRIC_REPRESENTATION_CONTEXT() REPRESENTATION_CONTEXT('2D SPACE',''
  ) );
#1988 = PCURVE('',#1989,#2002);
#1989 = B_SPLINE_SURFACE_WITH_KNOTS('',5,1,(
    (#1990,#1991)
    ,(#1992,#1993)
    ,(#1994,#1995)
    ,(#1996,#1997)
    ,(#1998,#1999)
    ,(#2000,#2001
    )),.UNSPECIFIED.,.F.,.F.,.F.,(6,6),(2,2),(0.,1.),(0.,1.),
  .PIECEWISE_BEZIER_KNOTS.);
#1990 = CARTESIAN_POINT('',(-27.43147802404,-11.99999999999,
    -1.469576158977E-15));
#1991 = CARTESIAN_POINT('',(-25.79361196984,-7.499999999999,
    -9.184850993604E-16));
#1992 = CARTESIAN_POINT('',(-26.80505851608,-11.99433567774,
    7.439727252697));
#1993 = CARTESIAN_POINT('',(-25.16719246188,-7.496459798593,
    4.649829532936));
#1994 = CARTESIAN_POINT('',(-26.1700617878,-6.145997081766,
    15.473128116739));
#1995 = CARTESIAN_POINT('',(-24.5321957336,-3.841248176104,
    9.670705072962));
#1996 = CARTESIAN_POINT('',(-25.55130160669,6.145997081766,
    15.47312811674));
#1997 = CARTESIAN_POINT('',(-23.9134355525,3.841248176104,9.670705072962
    ));
#1998 = CARTESIAN_POINT('',(-24.91630487841,11.994335677749,
    7.439727252697));
#1999 = CARTESIAN_POINT('',(-23.27843882422,7.496459798593,
    4.649829532936));
#2000 = CARTESIAN_POINT('',(-24.28988537045,11.999999999999,
    2.939152317953E-15));
#2001 = CARTESIAN_POINT('',(-22.65201931625,7.499999999999,
    1.836970198721E-15));
#2002 = DEFINITIONAL_REPRESENTATION('',(#2003),#2007);
#2003 = LINE('',#2004,#2005);
#2004 = CARTESIAN_POINT('',(0.,0.));
#2005 = VECTOR('',#2006,1.);
#2006 = DIRECTION('',(0.,1.));
#2007 = ( GEOMETRIC_REPRESENTATION_CONTEXT(2) 
PARAMETRIC_REPRESENTATION_CONTEXT() REPRESENTATION_CONTEXT('2D SPACE',''
  ) );
#2008 = ORIENTED_EDGE('',*,*,#1828,.F.);
#2009 = ADVANCED_FACE('',(#2010),#1716,.F.);
#2010 = FACE_BOUND('',#2011,.F.);
#2011 = EDGE_LOOP('',(#2012,#2013,#2014,#2049));
#2012 = ORIENTED_EDGE('',*,*,#1701,.F.);
#2013 = ORIENTED_EDGE('',*,*,#1800,.T.);
#2014 = ORIENTED_EDGE('',*,*,#2015,.T.);
#2015 = EDGE_CURVE('',#1766,#2016,#2018,.T.);
#2016 = VERTEX_POINT('',#2017);
#2017 = CARTESIAN_POINT('',(-24.28988537045,11.999999999999,
    1.469576160001E-15));
#2018 = SURFACE_CURVE('',#2019,(#2022,#2029),.PCURVE_S1.);
#2019 = B_SPLINE_CURVE_WITH_KNOTS('',1,(#2020,#2021),.UNSPECIFIED.,.F.,
  .F.,(2,2),(0.,1.),.PIECEWISE_BEZIER_KNOTS.);
#2020 = CARTESIAN_POINT('',(-25.97559708698,11.999999999999,
    2.939152317953E-15));
#2021 = CARTESIAN_POINT('',(-24.28988537045,11.999999999999,
    2.939152317953E-15));
#2022 = PCURVE('',#1716,#2023);
#2023 = DEFINITIONAL_REPRESENTATION('',(#2024),#2028);
#2024 = LINE('',#2025,#2026);
#2025 = CARTESIAN_POINT('',(1.,0.));
#2026 = VECTOR('',#2027,1.);
#2027 = DIRECTION('',(0.,1.));
#2028 = ( GEOMETRIC_REPRESENTATION_CONTEXT(2) 
PARAMETRIC_REPRESENTATION_CONTEXT() REPRESENTATION_CONTEXT('2D SPACE',''
  ) );
#2029 = PCURVE('',#2030,#2043);
#2030 = B_SPLINE_SURFACE_WITH_KNOTS('',5,1,(
    (#2031,#2032)
    ,(#2033,#2034)
    ,(#2035,#2036)
    ,(#2037,#2038)
    ,(#2039,#2040)
    ,(#2041,#2042
    )),.UNSPECIFIED.,.F.,.F.,.F.,(6,6),(2,2),(0.,1.),(0.,1.),
  .PIECEWISE_BEZIER_KNOTS.);
#2031 = CARTESIAN_POINT('',(-25.97559708698,11.999999999999,0.));
#2032 = CARTESIAN_POINT('',(-24.28988537045,11.999999999999,0.));
#2033 = CARTESIAN_POINT('',(-25.34918329617,11.994372043523,
    -7.439710133806));
#2034 = CARTESIAN_POINT('',(-23.66347157965,11.994372043523,
    -7.439710133806));
#2035 = CARTESIAN_POINT('',(-24.7141664445,6.145894572788,
    -15.47314366417));
#2036 = CARTESIAN_POINT('',(-23.02845472797,6.145894572788,
    -15.47314366417));
#2037 = CARTESIAN_POINT('',(-24.09543507587,-6.145894572788,
    -15.47314366417));
#2038 = CARTESIAN_POINT('',(-22.40972335934,-6.145894572788,
    -15.47314366417));
#2039 = CARTESIAN_POINT('',(-23.46041822419,-11.99437204352,
    -7.439710133805));
#2040 = CARTESIAN_POINT('',(-21.77470650766,-11.99437204352,
    -7.439710133805));
#2041 = CARTESIAN_POINT('',(-22.83400443339,-11.99999999999,
    -1.469576158977E-15));
#2042 = CARTESIAN_POINT('',(-21.14829271686,-11.99999999999,
    -1.469576158977E-15));
#2043 = DEFINITIONAL_REPRESENTATION('',(#2044),#2048);
#2044 = LINE('',#2045,#2046);
#2045 = CARTESIAN_POINT('',(0.,0.));
#2046 = VECTOR('',#2047,1.);
#2047 = DIRECTION('',(0.,1.));
#2048 = ( GEOMETRIC_REPRESENTATION_CONTEXT(2) 
PARAMETRIC_REPRESENTATION_CONTEXT() REPRESENTATION_CONTEXT('2D SPACE',''
  ) );
#2049 = ORIENTED_EDGE('',*,*,#2050,.F.);
#2050 = EDGE_CURVE('',#1702,#2016,#2051,.T.);
#2051 = SURFACE_CURVE('',#2052,(#2059,#2066),.PCURVE_S1.);
#2052 = B_SPLINE_CURVE_WITH_KNOTS('',5,(#2053,#2054,#2055,#2056,#2057,
    #2058),.UNSPECIFIED.,.F.,.F.,(6,6),(0.,1.),
  .PIECEWISE_BEZIER_KNOTS.);
#2053 = CARTESIAN_POINT('',(-27.43147802404,-11.99999999999,
    -1.469576158977E-15));
#2054 = CARTESIAN_POINT('',(-26.80506423324,-11.99437204352,
    7.439710133806));
#2055 = CARTESIAN_POINT('',(-26.17004738156,-6.145894572788,
    15.473143664178));
#2056 = CARTESIAN_POINT('',(-25.55131601293,6.145894572788,
    15.473143664179));
#2057 = CARTESIAN_POINT('',(-24.91629916125,11.994372043523,
    7.439710133805));
#2058 = CARTESIAN_POINT('',(-24.28988537045,11.999999999999,
    2.939152317953E-15));
#2059 = PCURVE('',#1716,#2060);
#2060 = DEFINITIONAL_REPRESENTATION('',(#2061),#2065);
#2061 = LINE('',#2062,#2063);
#2062 = CARTESIAN_POINT('',(0.,1.));
#2063 = VECTOR('',#2064,1.);
#2064 = DIRECTION('',(1.,0.));
#2065 = ( GEOMETRIC_REPRESENTATION_CONTEXT(2) 
PARAMETRIC_REPRESENTATION_CONTEXT() REPRESENTATION_CONTEXT('2D SPACE',''
  ) );
#2066 = PCURVE('',#1989,#2067);
#2067 = DEFINITIONAL_REPRESENTATION('',(#2068),#2072);
#2068 = LINE('',#2069,#2070);
#2069 = CARTESIAN_POINT('',(0.,0.));
#2070 = VECTOR('',#2071,1.);
#2071 = DIRECTION('',(1.,0.));
#2072 = ( GEOMETRIC_REPRESENTATION_CONTEXT(2) 
PARAMETRIC_REPRESENTATION_CONTEXT() REPRESENTATION_CONTEXT('2D SPACE',''
  ) );
#2073 = ADVANCED_FACE('',(#2074),#1780,.F.);
#2074 = FACE_BOUND('',#2075,.F.);
#2075 = EDGE_LOOP('',(#2076,#2077,#2078,#2113));
#2076 = ORIENTED_EDGE('',*,*,#1765,.F.);
#2077 = ORIENTED_EDGE('',*,*,#1916,.T.);
#2078 = ORIENTED_EDGE('',*,*,#2079,.T.);
#2079 = EDGE_CURVE('',#1882,#2080,#2082,.T.);
#2080 = VERTEX_POINT('',#2081);
#2081 = CARTESIAN_POINT('',(-22.83400443339,-11.99999999999,
    -1.469576158977E-15));
#2082 = SURFACE_CURVE('',#2083,(#2086,#2093),.PCURVE_S1.);
#2083 = B_SPLINE_CURVE_WITH_KNOTS('',1,(#2084,#2085),.UNSPECIFIED.,.F.,
  .F.,(2,2),(0.,1.),.PIECEWISE_BEZIER_KNOTS.);
#2084 = CARTESIAN_POINT('',(-24.47187048758,-7.499999999999,
    -9.184850993604E-16));
#2085 = CARTESIAN_POINT('',(-22.83400443339,-11.99999999999,
    -1.469576158977E-15));
#2086 = PCURVE('',#1780,#2087);
#2087 = DEFINITIONAL_REPRESENTATION('',(#2088),#2092);
#2088 = LINE('',#2089,#2090);
#2089 = CARTESIAN_POINT('',(1.,0.));
#2090 = VECTOR('',#2091,1.);
#2091 = DIRECTION('',(0.,1.));
#2092 = ( GEOMETRIC_REPRESENTATION_CONTEXT(2) 
PARAMETRIC_REPRESENTATION_CONTEXT() REPRESENTATION_CONTEXT('2D SPACE',''
  ) );
#2093 = PCURVE('',#2094,#2107);
#2094 = B_SPLINE_SURFACE_WITH_KNOTS('',5,1,(
    (#2095,#2096)
    ,(#2097,#2098)
    ,(#2099,#2100)
    ,(#2101,#2102)
    ,(#2103,#2104)
    ,(#2105,#2106
    )),.UNSPECIFIED.,.F.,.F.,.F.,(6,6),(2,2),(0.,1.),(0.,1.),
  .PIECEWISE_BEZIER_KNOTS.);
#2095 = CARTESIAN_POINT('',(-24.47187048758,-7.499999999999,
    -9.184850993604E-16));
#2096 = CARTESIAN_POINT('',(-22.83400443339,-11.99999999999,
    -1.469576158977E-15));
#2097 = CARTESIAN_POINT('',(-23.84545097962,-7.496459798593,
    4.649829532936));
#2098 = CARTESIAN_POINT('',(-22.20758492542,-11.99433567774,
    7.439727252697));
#2099 = CARTESIAN_POINT('',(-23.21045425134,-3.841248176104,
    9.670705072962));
#2100 = CARTESIAN_POINT('',(-21.57258819714,-6.145997081766,
    15.473128116739));
#2101 = CARTESIAN_POINT('',(-22.59169407024,3.841248176104,
    9.670705072962));
#2102 = CARTESIAN_POINT('',(-20.95382801604,6.145997081766,
    15.47312811674));
#2103 = CARTESIAN_POINT('',(-21.95669734196,7.496459798593,
    4.649829532936));
#2104 = CARTESIAN_POINT('',(-20.31883128776,11.994335677749,
    7.439727252697));
#2105 = CARTESIAN_POINT('',(-21.33027783399,7.499999999999,
    1.836970198721E-15));
#2106 = CARTESIAN_POINT('',(-19.6924117798,11.999999999999,
    2.939152317953E-15));
#2107 = DEFINITIONAL_REPRESENTATION('',(#2108),#2112);
#2108 = LINE('',#2109,#2110);
#2109 = CARTESIAN_POINT('',(0.,0.));
#2110 = VECTOR('',#2111,1.);
#2111 = DIRECTION('',(0.,1.));
#2112 = ( GEOMETRIC_REPRESENTATION_CONTEXT(2) 
PARAMETRIC_REPRESENTATION_CONTEXT() REPRESENTATION_CONTEXT('2D SPACE',''
  ) );
#2113 = ORIENTED_EDGE('',*,*,#2114,.F.);
#2114 = EDGE_CURVE('',#1766,#2080,#2115,.T.);
#2115 = SURFACE_CURVE('',#2116,(#2123,#2130),.PCURVE_S1.);
#2116 = B_SPLINE_CURVE_WITH_KNOTS('',5,(#2117,#2118,#2119,#2120,#2121,
    #2122),.UNSPECIFIED.,.F.,.F.,(6,6),(0.,1.),
  .PIECEWISE_BEZIER_KNOTS.);
#2117 = CARTESIAN_POINT('',(-25.97559708698,11.999999999999,0.));
#2118 = CARTESIAN_POINT('',(-25.34918329617,11.994372043523,
    -7.439710133806));
#2119 = CARTESIAN_POINT('',(-24.7141664445,6.145894572788,
    -15.47314366417));
#2120 = CARTESIAN_POINT('',(-24.09543507587,-6.145894572788,
    -15.47314366417));
#2121 = CARTESIAN_POINT('',(-23.46041822419,-11.99437204352,
    -7.439710133805));
#2122 = CARTESIAN_POINT('',(-22.83400443339,-11.99999999999,
    -1.469576158977E-15));
#2123 = PCURVE('',#1780,#2124);
#2124 = DEFINITIONAL_REPRESENTATION('',(#2125),#2129);
#2125 = LINE('',#2126,#2127);
#2126 = CARTESIAN_POINT('',(0.,1.));
#2127 = VECTOR('',#2128,1.);
#2128 = DIRECTION('',(1.,0.));
#2129 = ( GEOMETRIC_REPRESENTATION_CONTEXT(2) 
PARAMETRIC_REPRESENTATION_CONTEXT() REPRESENTATION_CONTEXT('2D SPACE',''
  ) );
#2130 = PCURVE('',#2030,#2131);
#2131 = DEFINITIONAL_REPRESENTATION('',(#2132),#2136);
#2132 = LINE('',#2133,#2134);
#2133 = CARTESIAN_POINT('',(0.,0.));
#2134 = VECTOR('',#2135,1.);
#2135 = DIRECTION('',(1.,0.));
#2136 = ( GEOMETRIC_REPRESENTATION_CONTEXT(2) 
PARAMETRIC_REPRESENTATION_CONTEXT() REPRESENTATION_CONTEXT('2D SPACE',''
  ) );
#2137 = ADVANCED_FACE('',(#2138),#1896,.F.);
#2138 = FACE_BOUND('',#2139,.F.);
#2139 = EDGE_LOOP('',(#2140,#2141,#2194,#2229));
#2140 = ORIENTED_EDGE('',*,*,#1881,.F.);
#2141 = ORIENTED_EDGE('',*,*,#2142,.T.);
#2142 = EDGE_CURVE('',#1829,#2143,#2145,.T.);
#2143 = VERTEX_POINT('',#2144);
#2144 = CARTESIAN_POINT('',(-22.65201931625,7.499999999999,
    9.184850993604E-16));
#2145 = SURFACE_CURVE('',#2146,(#2153,#2187),.PCURVE_S1.);
#2146 = B_SPLINE_CURVE_WITH_KNOTS('',5,(#2147,#2148,#2149,#2150,#2151,
    #2152),.UNSPECIFIED.,.F.,.F.,(6,6),(0.,1.),
  .PIECEWISE_BEZIER_KNOTS.);
#2147 = CARTESIAN_POINT('',(-25.79361196984,-7.499999999999,
    -9.184850993604E-16));
#2148 = CARTESIAN_POINT('',(-25.16719246188,-7.496459798593,
    4.649829532936));
#2149 = CARTESIAN_POINT('',(-24.5321957336,-3.841248176104,
    9.670705072962));
#2150 = CARTESIAN_POINT('',(-23.9134355525,3.841248176104,9.670705072962
    ));
#2151 = CARTESIAN_POINT('',(-23.27843882422,7.496459798593,
    4.649829532936));
#2152 = CARTESIAN_POINT('',(-22.65201931625,7.499999999999,
    1.836970198721E-15));
#2153 = PCURVE('',#1896,#2154);
#2154 = DEFINITIONAL_REPRESENTATION('',(#2155),#2186);
#2155 = B_SPLINE_CURVE_WITH_KNOTS('',8,(#2156,#2157,#2158,#2159,#2160,
    #2161,#2162,#2163,#2164,#2165,#2166,#2167,#2168,#2169,#2170,#2171,
    #2172,#2173,#2174,#2175,#2176,#2177,#2178,#2179,#2180,#2181,#2182,
    #2183,#2184,#2185),.UNSPECIFIED.,.F.,.F.,(9,7,7,7,9),(0.,0.25,0.5,
    0.75,1.),.UNSPECIFIED.);
#2156 = CARTESIAN_POINT('',(-2.775557561563E-17,0.));
#2157 = CARTESIAN_POINT('',(3.124980793826E-02,0.));
#2158 = CARTESIAN_POINT('',(6.250191949534E-02,0.));
#2159 = CARTESIAN_POINT('',(9.374508332054E-02,0.));
#2160 = CARTESIAN_POINT('',(0.125003357014,0.));
#2161 = CARTESIAN_POINT('',(0.156249174367,0.));
#2162 = CARTESIAN_POINT('',(0.187500034342,0.));
#2163 = CARTESIAN_POINT('',(0.218749999321,0.));
#2164 = CARTESIAN_POINT('',(0.281249938568,0.));
#2165 = CARTESIAN_POINT('',(0.312500615067,0.));
#2166 = CARTESIAN_POINT('',(0.343750819649,0.));
#2167 = CARTESIAN_POINT('',(0.375000430504,0.));
#2168 = CARTESIAN_POINT('',(0.406249891821,0.));
#2169 = CARTESIAN_POINT('',(0.437499722818,0.));
#2170 = CARTESIAN_POINT('',(0.468750026763,0.));
#2171 = CARTESIAN_POINT('',(0.531249973237,0.));
#2172 = CARTESIAN_POINT('',(0.562500277182,0.));
#2173 = CARTESIAN_POINT('',(0.593750108179,0.));
#2174 = CARTESIAN_POINT('',(0.624999569496,0.));
#2175 = CARTESIAN_POINT('',(0.656249180351,0.));
#2176 = CARTESIAN_POINT('',(0.687499384933,0.));
#2177 = CARTESIAN_POINT('',(0.718750061432,0.));
#2178 = CARTESIAN_POINT('',(0.781250000679,0.));
#2179 = CARTESIAN_POINT('',(0.812499965658,0.));
#2180 = CARTESIAN_POINT('',(0.843750825633,0.));
#2181 = CARTESIAN_POINT('',(0.874996642986,0.));
#2182 = CARTESIAN_POINT('',(0.906254916679,0.));
#2183 = CARTESIAN_POINT('',(0.937498080505,0.));
#2184 = CARTESIAN_POINT('',(0.968750192062,0.));
#2185 = CARTESIAN_POINT('',(1.,0.));
#2186 = ( GEOMETRIC_REPRESENTATION_CONTEXT(2) 
PARAMETRIC_REPRESENTATION_CONTEXT() REPRESENTATION_CONTEXT('2D SPACE',''
  ) );
#2187 = PCURVE('',#1989,#2188);
#2188 = DEFINITIONAL_REPRESENTATION('',(#2189),#2193);
#2189 = LINE('',#2190,#2191);
#2190 = CARTESIAN_POINT('',(0.,1.));
#2191 = VECTOR('',#2192,1.);
#2192 = DIRECTION('',(1.,0.));
#2193 = ( GEOMETRIC_REPRESENTATION_CONTEXT(2) 
PARAMETRIC_REPRESENTATION_CONTEXT() REPRESENTATION_CONTEXT('2D SPACE',''
  ) );
#2194 = ORIENTED_EDGE('',*,*,#2195,.T.);
#2195 = EDGE_CURVE('',#2143,#2196,#2198,.T.);
#2196 = VERTEX_POINT('',#2197);
#2197 = CARTESIAN_POINT('',(-21.33027783399,7.499999999999,
    9.184850993604E-16));
#2198 = SURFACE_CURVE('',#2199,(#2202,#2209),.PCURVE_S1.);
#2199 = B_SPLINE_CURVE_WITH_KNOTS('',1,(#2200,#2201),.UNSPECIFIED.,.F.,
  .F.,(2,2),(0.,1.),.PIECEWISE_BEZIER_KNOTS.);
#2200 = CARTESIAN_POINT('',(-22.65201931625,7.499999999999,
    1.836970198721E-15));
#2201 = CARTESIAN_POINT('',(-21.33027783399,7.499999999999,
    1.836970198721E-15));
#2202 = PCURVE('',#1896,#2203);
#2203 = DEFINITIONAL_REPRESENTATION('',(#2204),#2208);
#2204 = LINE('',#2205,#2206);
#2205 = CARTESIAN_POINT('',(1.,0.));
#2206 = VECTOR('',#2207,1.);
#2207 = DIRECTION('',(0.,1.));
#2208 = ( GEOMETRIC_REPRESENTATION_CONTEXT(2) 
PARAMETRIC_REPRESENTATION_CONTEXT() REPRESENTATION_CONTEXT('2D SPACE',''
  ) );
#2209 = PCURVE('',#2210,#2223);
#2210 = B_SPLINE_SURFACE_WITH_KNOTS('',5,1,(
    (#2211,#2212)
    ,(#2213,#2214)
    ,(#2215,#2216)
    ,(#2217,#2218)
    ,(#2219,#2220)
    ,(#2221,#2222
    )),.UNSPECIFIED.,.F.,.F.,.F.,(6,6),(2,2),(0.,1.),(0.,1.),
  .PIECEWISE_BEZIER_KNOTS.);
#2211 = CARTESIAN_POINT('',(-22.65201931625,7.499999999999,0.));
#2212 = CARTESIAN_POINT('',(-21.33027783399,7.499999999999,0.));
#2213 = CARTESIAN_POINT('',(-22.02558532756,7.496402230976,
    -4.649856634508));
#2214 = CARTESIAN_POINT('',(-20.7038438453,7.496402230976,
    -4.649856634508));
#2215 = CARTESIAN_POINT('',(-21.39063956841,3.841410447455,
    -9.67068045996));
#2216 = CARTESIAN_POINT('',(-20.06889808615,3.841410447455,
    -9.67068045996));
#2217 = CARTESIAN_POINT('',(-20.77180641051,-3.841410447455,
    -9.67068045996));
#2218 = CARTESIAN_POINT('',(-19.45006492825,-3.841410447455,
    -9.67068045996));
#2219 = CARTESIAN_POINT('',(-20.13686065136,-7.496402230976,
    -4.649856634508));
#2220 = CARTESIAN_POINT('',(-18.8151191691,-7.496402230976,
    -4.649856634508));
#2221 = CARTESIAN_POINT('',(-19.51042666266,-7.499999999999,
    -9.184850993604E-16));
#2222 = CARTESIAN_POINT('',(-18.1886851804,-7.499999999999,
    -9.184850993604E-16));
#2223 = DEFINITIONAL_REPRESENTATION('',(#2224),#2228);
#2224 = LINE('',#2225,#2226);
#2225 = CARTESIAN_POINT('',(0.,0.));
#2226 = VECTOR('',#2227,1.);
#2227 = DIRECTION('',(0.,1.));
#2228 = ( GEOMETRIC_REPRESENTATION_CONTEXT(2) 
PARAMETRIC_REPRESENTATION_CONTEXT() REPRESENTATION_CONTEXT('2D SPACE',''
  ) );
#2229 = ORIENTED_EDGE('',*,*,#2230,.F.);
#2230 = EDGE_CURVE('',#1882,#2196,#2231,.T.);
#2231 = SURFACE_CURVE('',#2232,(#2239,#2273),.PCURVE_S1.);
#2232 = B_SPLINE_CURVE_WITH_KNOTS('',5,(#2233,#2234,#2235,#2236,#2237,
    #2238),.UNSPECIFIED.,.F.,.F.,(6,6),(0.,1.),
  .PIECEWISE_BEZIER_KNOTS.);
#2233 = CARTESIAN_POINT('',(-24.47187048758,-7.499999999999,
    -9.184850993604E-16));
#2234 = CARTESIAN_POINT('',(-23.84545097962,-7.496459798593,
    4.649829532936));
#2235 = CARTESIAN_POINT('',(-23.21045425134,-3.841248176104,
    9.670705072962));
#2236 = CARTESIAN_POINT('',(-22.59169407024,3.841248176104,
    9.670705072962));
#2237 = CARTESIAN_POINT('',(-21.95669734196,7.496459798593,
    4.649829532936));
#2238 = CARTESIAN_POINT('',(-21.33027783399,7.499999999999,
    1.836970198721E-15));
#2239 = PCURVE('',#1896,#2240);
#2240 = DEFINITIONAL_REPRESENTATION('',(#2241),#2272);
#2241 = B_SPLINE_CURVE_WITH_KNOTS('',8,(#2242,#2243,#2244,#2245,#2246,
    #2247,#2248,#2249,#2250,#2251,#2252,#2253,#2254,#2255,#2256,#2257,
    #2258,#2259,#2260,#2261,#2262,#2263,#2264,#2265,#2266,#2267,#2268,
    #2269,#2270,#2271),.UNSPECIFIED.,.F.,.F.,(9,7,7,7,9),(0.,0.25,0.5,
    0.75,1.),.UNSPECIFIED.);
#2242 = CARTESIAN_POINT('',(-2.775557561563E-17,1.));
#2243 = CARTESIAN_POINT('',(3.124980793826E-02,1.));
#2244 = CARTESIAN_POINT('',(6.250191949534E-02,1.));
#2245 = CARTESIAN_POINT('',(9.374508332054E-02,1.));
#2246 = CARTESIAN_POINT('',(0.125003357014,1.));
#2247 = CARTESIAN_POINT('',(0.156249174367,1.));
#2248 = CARTESIAN_POINT('',(0.187500034342,1.));
#2249 = CARTESIAN_POINT('',(0.218749999321,1.));
#2250 = CARTESIAN_POINT('',(0.281249938568,1.));
#2251 = CARTESIAN_POINT('',(0.312500615067,1.));
#2252 = CARTESIAN_POINT('',(0.343750819649,1.));
#2253 = CARTESIAN_POINT('',(0.375000430504,1.));
#2254 = CARTESIAN_POINT('',(0.406249891821,1.));
#2255 = CARTESIAN_POINT('',(0.437499722818,1.));
#2256 = CARTESIAN_POINT('',(0.468750026763,1.));
#2257 = CARTESIAN_POINT('',(0.531249973237,1.));
#2258 = CARTESIAN_POINT('',(0.562500277182,1.));
#2259 = CARTESIAN_POINT('',(0.593750108179,1.));
#2260 = CARTESIAN_POINT('',(0.624999569496,1.));
#2261 = CARTESIAN_POINT('',(0.656249180351,1.));
#2262 = CARTESIAN_POINT('',(0.687499384933,1.));
#2263 = CARTESIAN_POINT('',(0.718750061432,1.));
#2264 = CARTESIAN_POINT('',(0.781250000679,1.));
#2265 = CARTESIAN_POINT('',(0.812499965658,1.));
#2266 = CARTESIAN_POINT('',(0.843750825633,1.));
#2267 = CARTESIAN_POINT('',(0.874996642986,1.));
#2268 = CARTESIAN_POINT('',(0.906254916679,1.));
#2269 = CARTESIAN_POINT('',(0.937498080505,1.));
#2270 = CARTESIAN_POINT('',(0.968750192062,1.));
#2271 = CARTESIAN_POINT('',(1.,1.));
#2272 = ( GEOMETRIC_REPRESENTATION_CONTEXT(2) 
PARAMETRIC_REPRESENTATION_CONTEXT() REPRESENTATION_CONTEXT('2D SPACE',''
  ) );
#2273 = PCURVE('',#2094,#2274);
#2274 = DEFINITIONAL_REPRESENTATION('',(#2275),#2279);
#2275 = LINE('',#2276,#2277);
#2276 = CARTESIAN_POINT('',(0.,0.));
#2277 = VECTOR('',#2278,1.);
#2278 = DIRECTION('',(1.,0.));
#2279 = ( GEOMETRIC_REPRESENTATION_CONTEXT(2) 
PARAMETRIC_REPRESENTATION_CONTEXT() REPRESENTATION_CONTEXT('2D SPACE',''
  ) );
#2280 = ADVANCED_FACE('',(#2281),#1989,.F.);
#2281 = FACE_BOUND('',#2282,.F.);
#2282 = EDGE_LOOP('',(#2283,#2284,#2285,#2318));
#2283 = ORIENTED_EDGE('',*,*,#1976,.F.);
#2284 = ORIENTED_EDGE('',*,*,#2050,.T.);
#2285 = ORIENTED_EDGE('',*,*,#2286,.T.);
#2286 = EDGE_CURVE('',#2016,#2143,#2287,.T.);
#2287 = SURFACE_CURVE('',#2288,(#2291,#2298),.PCURVE_S1.);
#2288 = B_SPLINE_CURVE_WITH_KNOTS('',1,(#2289,#2290),.UNSPECIFIED.,.F.,
  .F.,(2,2),(0.,1.),.PIECEWISE_BEZIER_KNOTS.);
#2289 = CARTESIAN_POINT('',(-24.28988537045,11.999999999999,
    2.939152317953E-15));
#2290 = CARTESIAN_POINT('',(-22.65201931625,7.499999999999,
    1.836970198721E-15));
#2291 = PCURVE('',#1989,#2292);
#2292 = DEFINITIONAL_REPRESENTATION('',(#2293),#2297);
#2293 = LINE('',#2294,#2295);
#2294 = CARTESIAN_POINT('',(1.,0.));
#2295 = VECTOR('',#2296,1.);
#2296 = DIRECTION('',(0.,1.));
#2297 = ( GEOMETRIC_REPRESENTATION_CONTEXT(2) 
PARAMETRIC_REPRESENTATION_CONTEXT() REPRESENTATION_CONTEXT('2D SPACE',''
  ) );
#2298 = PCURVE('',#2299,#2312);
#2299 = B_SPLINE_SURFACE_WITH_KNOTS('',5,1,(
    (#2300,#2301)
    ,(#2302,#2303)
    ,(#2304,#2305)
    ,(#2306,#2307)
    ,(#2308,#2309)
    ,(#2310,#2311
    )),.UNSPECIFIED.,.F.,.F.,.F.,(6,6),(2,2),(0.,1.),(0.,1.),
  .PIECEWISE_BEZIER_KNOTS.);
#2300 = CARTESIAN_POINT('',(-24.28988537045,11.999999999999,0.));
#2301 = CARTESIAN_POINT('',(-22.65201931625,7.499999999999,0.));
#2302 = CARTESIAN_POINT('',(-23.66346586249,11.994335677749,
    -7.439727252697));
#2303 = CARTESIAN_POINT('',(-22.02559980829,7.496459798593,
    -4.649829532936));
#2304 = CARTESIAN_POINT('',(-23.02846913421,6.145997081766,
    -15.47312811673));
#2305 = CARTESIAN_POINT('',(-21.39060308001,3.841248176104,
    -9.670705072962));
#2306 = CARTESIAN_POINT('',(-22.40970895311,-6.145997081766,
    -15.47312811674));
#2307 = CARTESIAN_POINT('',(-20.77184289891,-3.841248176104,
    -9.670705072962));
#2308 = CARTESIAN_POINT('',(-21.77471222482,-11.99433567774,
    -7.439727252697));
#2309 = CARTESIAN_POINT('',(-20.13684617063,-7.496459798593,
    -4.649829532936));
#2310 = CARTESIAN_POINT('',(-21.14829271686,-11.99999999999,
    -1.469576158977E-15));
#2311 = CARTESIAN_POINT('',(-19.51042666266,-7.499999999999,
    -9.184850993604E-16));
#2312 = DEFINITIONAL_REPRESENTATION('',(#2313),#2317);
#2313 = LINE('',#2314,#2315);
#2314 = CARTESIAN_POINT('',(0.,0.));
#2315 = VECTOR('',#2316,1.);
#2316 = DIRECTION('',(0.,1.));
#2317 = ( GEOMETRIC_REPRESENTATION_CONTEXT(2) 
PARAMETRIC_REPRESENTATION_CONTEXT() REPRESENTATION_CONTEXT('2D SPACE',''
  ) );
#2318 = ORIENTED_EDGE('',*,*,#2142,.F.);
#2319 = ADVANCED_FACE('',(#2320),#2030,.F.);
#2320 = FACE_BOUND('',#2321,.F.);
#2321 = EDGE_LOOP('',(#2322,#2323,#2324,#2359));
#2322 = ORIENTED_EDGE('',*,*,#2015,.F.);
#2323 = ORIENTED_EDGE('',*,*,#2114,.T.);
#2324 = ORIENTED_EDGE('',*,*,#2325,.T.);
#2325 = EDGE_CURVE('',#2080,#2326,#2328,.T.);
#2326 = VERTEX_POINT('',#2327);
#2327 = CARTESIAN_POINT('',(-21.14829271686,-11.99999999999,
    -1.469576158977E-15));
#2328 = SURFACE_CURVE('',#2329,(#2332,#2339),.PCURVE_S1.);
#2329 = B_SPLINE_CURVE_WITH_KNOTS('',1,(#2330,#2331),.UNSPECIFIED.,.F.,
  .F.,(2,2),(0.,1.),.PIECEWISE_BEZIER_KNOTS.);
#2330 = CARTESIAN_POINT('',(-22.83400443339,-11.99999999999,
    -1.469576158977E-15));
#2331 = CARTESIAN_POINT('',(-21.14829271686,-11.99999999999,
    -1.469576158977E-15));
#2332 = PCURVE('',#2030,#2333);
#2333 = DEFINITIONAL_REPRESENTATION('',(#2334),#2338);
#2334 = LINE('',#2335,#2336);
#2335 = CARTESIAN_POINT('',(1.,0.));
#2336 = VECTOR('',#2337,1.);
#2337 = DIRECTION('',(0.,1.));
#2338 = ( GEOMETRIC_REPRESENTATION_CONTEXT(2) 
PARAMETRIC_REPRESENTATION_CONTEXT() REPRESENTATION_CONTEXT('2D SPACE',''
  ) );
#2339 = PCURVE('',#2340,#2353);
#2340 = B_SPLINE_SURFACE_WITH_KNOTS('',5,1,(
    (#2341,#2342)
    ,(#2343,#2344)
    ,(#2345,#2346)
    ,(#2347,#2348)
    ,(#2349,#2350)
    ,(#2351,#2352
    )),.UNSPECIFIED.,.F.,.F.,.F.,(6,6),(2,2),(0.,1.),(0.,1.),
  .PIECEWISE_BEZIER_KNOTS.);
#2341 = CARTESIAN_POINT('',(-22.83400443339,-11.99999999999,
    -1.469576158977E-15));
#2342 = CARTESIAN_POINT('',(-21.14829271686,-11.99999999999,
    -1.469576158977E-15));
#2343 = CARTESIAN_POINT('',(-22.20759064258,-11.99437204352,
    7.439710133806));
#2344 = CARTESIAN_POINT('',(-20.52187892606,-11.99437204352,
    7.439710133806));
#2345 = CARTESIAN_POINT('',(-21.57257379091,-6.145894572788,
    15.473143664178));
#2346 = CARTESIAN_POINT('',(-19.88686207438,-6.145894572788,
    15.473143664178));
#2347 = CARTESIAN_POINT('',(-20.95384242228,6.145894572788,
    15.473143664179));
#2348 = CARTESIAN_POINT('',(-19.26813070575,6.145894572788,
    15.473143664179));
#2349 = CARTESIAN_POINT('',(-20.3188255706,11.994372043523,
    7.439710133805));
#2350 = CARTESIAN_POINT('',(-18.63311385407,11.994372043523,
    7.439710133805));
#2351 = CARTESIAN_POINT('',(-19.6924117798,11.999999999999,
    2.939152317953E-15));
#2352 = CARTESIAN_POINT('',(-18.00670006327,11.999999999999,
    2.939152317953E-15));
#2353 = DEFINITIONAL_REPRESENTATION('',(#2354),#2358);
#2354 = LINE('',#2355,#2356);
#2355 = CARTESIAN_POINT('',(0.,0.));
#2356 = VECTOR('',#2357,1.);
#2357 = DIRECTION('',(0.,1.));
#2358 = ( GEOMETRIC_REPRESENTATION_CONTEXT(2) 
PARAMETRIC_REPRESENTATION_CONTEXT() REPRESENTATION_CONTEXT('2D SPACE',''
  ) );
#2359 = ORIENTED_EDGE('',*,*,#2360,.F.);
#2360 = EDGE_CURVE('',#2016,#2326,#2361,.T.);
#2361 = SURFACE_CURVE('',#2362,(#2369,#2376),.PCURVE_S1.);
#2362 = B_SPLINE_CURVE_WITH_KNOTS('',5,(#2363,#2364,#2365,#2366,#2367,
    #2368),.UNSPECIFIED.,.F.,.F.,(6,6),(0.,1.),
  .PIECEWISE_BEZIER_KNOTS.);
#2363 = CARTESIAN_POINT('',(-24.28988537045,11.999999999999,0.));
#2364 = CARTESIAN_POINT('',(-23.66347157965,11.994372043523,
    -7.439710133806));
#2365 = CARTESIAN_POINT('',(-23.02845472797,6.145894572788,
    -15.47314366417));
#2366 = CARTESIAN_POINT('',(-22.40972335934,-6.145894572788,
    -15.47314366417));
#2367 = CARTESIAN_POINT('',(-21.77470650766,-11.99437204352,
    -7.439710133805));
#2368 = CARTESIAN_POINT('',(-21.14829271686,-11.99999999999,
    -1.469576158977E-15));
#2369 = PCURVE('',#2030,#2370);
#2370 = DEFINITIONAL_REPRESENTATION('',(#2371),#2375);
#2371 = LINE('',#2372,#2373);
#2372 = CARTESIAN_POINT('',(0.,1.));
#2373 = VECTOR('',#2374,1.);
#2374 = DIRECTION('',(1.,0.));
#2375 = ( GEOMETRIC_REPRESENTATION_CONTEXT(2) 
PARAMETRIC_REPRESENTATION_CONTEXT() REPRESENTATION_CONTEXT('2D SPACE',''
  ) );
#2376 = PCURVE('',#2299,#2377);
#2377 = DEFINITIONAL_REPRESENTATION('',(#2378),#2382);
#2378 = LINE('',#2379,#2380);
#2379 = CARTESIAN_POINT('',(0.,0.));
#2380 = VECTOR('',#2381,1.);
#2381 = DIRECTION('',(1.,0.));
#2382 = ( GEOMETRIC_REPRESENTATION_CONTEXT(2) 
PARAMETRIC_REPRESENTATION_CONTEXT() REPRESENTATION_CONTEXT('2D SPACE',''
  ) );
#2383 = ADVANCED_FACE('',(#2384),#2094,.F.);
#2384 = FACE_BOUND('',#2385,.F.);
#2385 = EDGE_LOOP('',(#2386,#2387,#2388,#2423));
#2386 = ORIENTED_EDGE('',*,*,#2079,.F.);
#2387 = ORIENTED_EDGE('',*,*,#2230,.T.);
#2388 = ORIENTED_EDGE('',*,*,#2389,.T.);
#2389 = EDGE_CURVE('',#2196,#2390,#2392,.T.);
#2390 = VERTEX_POINT('',#2391);
#2391 = CARTESIAN_POINT('',(-19.6924117798,11.999999999999,
    1.469576160001E-15));
#2392 = SURFACE_CURVE('',#2393,(#2396,#2403),.PCURVE_S1.);
#2393 = B_SPLINE_CURVE_WITH_KNOTS('',1,(#2394,#2395),.UNSPECIFIED.,.F.,
  .F.,(2,2),(0.,1.),.PIECEWISE_BEZIER_KNOTS.);
#2394 = CARTESIAN_POINT('',(-21.33027783399,7.499999999999,
    1.836970198721E-15));
#2395 = CARTESIAN_POINT('',(-19.6924117798,11.999999999999,
    2.939152317953E-15));
#2396 = PCURVE('',#2094,#2397);
#2397 = DEFINITIONAL_REPRESENTATION('',(#2398),#2402);
#2398 = LINE('',#2399,#2400);
#2399 = CARTESIAN_POINT('',(1.,0.));
#2400 = VECTOR('',#2401,1.);
#2401 = DIRECTION('',(0.,1.));
#2402 = ( GEOMETRIC_REPRESENTATION_CONTEXT(2) 
PARAMETRIC_REPRESENTATION_CONTEXT() REPRESENTATION_CONTEXT('2D SPACE',''
  ) );
#2403 = PCURVE('',#2404,#2417);
#2404 = B_SPLINE_SURFACE_WITH_KNOTS('',5,1,(
    (#2405,#2406)
    ,(#2407,#2408)
    ,(#2409,#2410)
    ,(#2411,#2412)
    ,(#2413,#2414)
    ,(#2415,#2416
    )),.UNSPECIFIED.,.F.,.F.,.F.,(6,6),(2,2),(0.,1.),(0.,1.),
  .PIECEWISE_BEZIER_KNOTS.);
#2405 = CARTESIAN_POINT('',(-21.33027783399,7.499999999999,0.));
#2406 = CARTESIAN_POINT('',(-19.6924117798,11.999999999999,0.));
#2407 = CARTESIAN_POINT('',(-20.70385832603,7.496459798593,
    -4.649829532936));
#2408 = CARTESIAN_POINT('',(-19.06599227183,11.994335677749,
    -7.439727252697));
#2409 = CARTESIAN_POINT('',(-20.06886159775,3.841248176104,
    -9.670705072962));
#2410 = CARTESIAN_POINT('',(-18.43099554355,6.145997081766,
    -15.47312811673));
#2411 = CARTESIAN_POINT('',(-19.45010141665,-3.841248176104,
    -9.670705072962));
#2412 = CARTESIAN_POINT('',(-17.81223536245,-6.145997081766,
    -15.47312811674));
#2413 = CARTESIAN_POINT('',(-18.81510468837,-7.496459798593,
    -4.649829532936));
#2414 = CARTESIAN_POINT('',(-17.17723863417,-11.99433567774,
    -7.439727252697));
#2415 = CARTESIAN_POINT('',(-18.1886851804,-7.499999999999,
    -9.184850993604E-16));
#2416 = CARTESIAN_POINT('',(-16.55081912621,-11.99999999999,
    -1.469576158977E-15));
#2417 = DEFINITIONAL_REPRESENTATION('',(#2418),#2422);
#2418 = LINE('',#2419,#2420);
#2419 = CARTESIAN_POINT('',(0.,0.));
#2420 = VECTOR('',#2421,1.);
#2421 = DIRECTION('',(0.,1.));
#2422 = ( GEOMETRIC_REPRESENTATION_CONTEXT(2) 
PARAMETRIC_REPRESENTATION_CONTEXT() REPRESENTATION_CONTEXT('2D SPACE',''
  ) );
#2423 = ORIENTED_EDGE('',*,*,#2424,.F.);
#2424 = EDGE_CURVE('',#2080,#2390,#2425,.T.);
#2425 = SURFACE_CURVE('',#2426,(#2433,#2440),.PCURVE_S1.);
#2426 = B_SPLINE_CURVE_WITH_KNOTS('',5,(#2427,#2428,#2429,#2430,#2431,
    #2432),.UNSPECIFIED.,.F.,.F.,(6,6),(0.,1.),
  .PIECEWISE_BEZIER_KNOTS.);
#2427 = CARTESIAN_POINT('',(-22.83400443339,-11.99999999999,
    -1.469576158977E-15));
#2428 = CARTESIAN_POINT('',(-22.20759064258,-11.99437204352,
    7.439710133806));
#2429 = CARTESIAN_POINT('',(-21.57257379091,-6.145894572788,
    15.473143664178));
#2430 = CARTESIAN_POINT('',(-20.95384242228,6.145894572788,
    15.473143664179));
#2431 = CARTESIAN_POINT('',(-20.3188255706,11.994372043523,
    7.439710133805));
#2432 = CARTESIAN_POINT('',(-19.6924117798,11.999999999999,
    2.939152317953E-15));
#2433 = PCURVE('',#2094,#2434);
#2434 = DEFINITIONAL_REPRESENTATION('',(#2435),#2439);
#2435 = LINE('',#2436,#2437);
#2436 = CARTESIAN_POINT('',(0.,1.));
#2437 = VECTOR('',#2438,1.);
#2438 = DIRECTION('',(1.,0.));
#2439 = ( GEOMETRIC_REPRESENTATION_CONTEXT(2) 
PARAMETRIC_REPRESENTATION_CONTEXT() REPRESENTATION_CONTEXT('2D SPACE',''
  ) );
#2440 = PCURVE('',#2340,#2441);
#2441 = DEFINITIONAL_REPRESENTATION('',(#2442),#2446);
#2442 = LINE('',#2443,#2444);
#2443 = CARTESIAN_POINT('',(0.,0.));
#2444 = VECTOR('',#2445,1.);
#2445 = DIRECTION('',(1.,0.));
#2446 = ( GEOMETRIC_REPRESENTATION_CONTEXT(2) 
PARAMETRIC_REPRESENTATION_CONTEXT() REPRESENTATION_CONTEXT('2D SPACE',''
  ) );
#2447 = ADVANCED_FACE('',(#2448),#2210,.F.);
#2448 = FACE_BOUND('',#2449,.F.);
#2449 = EDGE_LOOP('',(#2450,#2451,#2504,#2539));
#2450 = ORIENTED_EDGE('',*,*,#2195,.F.);
#2451 = ORIENTED_EDGE('',*,*,#2452,.T.);
#2452 = EDGE_CURVE('',#2143,#2453,#2455,.T.);
#2453 = VERTEX_POINT('',#2454);
#2454 = CARTESIAN_POINT('',(-19.51042666266,-7.499999999999,
    -9.184850993604E-16));
#2455 = SURFACE_CURVE('',#2456,(#2463,#2497),.PCURVE_S1.);
#2456 = B_SPLINE_CURVE_WITH_KNOTS('',5,(#2457,#2458,#2459,#2460,#2461,
    #2462),.UNSPECIFIED.,.F.,.F.,(6,6),(0.,1.),
  .PIECEWISE_BEZIER_KNOTS.);
#2457 = CARTESIAN_POINT('',(-22.65201931625,7.499999999999,0.));
#2458 = CARTESIAN_POINT('',(-22.02559980829,7.496459798593,
    -4.649829532936));
#2459 = CARTESIAN_POINT('',(-21.39060308001,3.841248176104,
    -9.670705072962));
#2460 = CARTESIAN_POINT('',(-20.77184289891,-3.841248176104,
    -9.670705072962));
#2461 = CARTESIAN_POINT('',(-20.13684617063,-7.496459798593,
    -4.649829532936));
#2462 = CARTESIAN_POINT('',(-19.51042666266,-7.499999999999,
    -9.184850993604E-16));
#2463 = PCURVE('',#2210,#2464);
#2464 = DEFINITIONAL_REPRESENTATION('',(#2465),#2496);
#2465 = B_SPLINE_CURVE_WITH_KNOTS('',8,(#2466,#2467,#2468,#2469,#2470,
    #2471,#2472,#2473,#2474,#2475,#2476,#2477,#2478,#2479,#2480,#2481,
    #2482,#2483,#2484,#2485,#2486,#2487,#2488,#2489,#2490,#2491,#2492,
    #2493,#2494,#2495),.UNSPECIFIED.,.F.,.F.,(9,7,7,7,9),(0.,0.25,0.5,
    0.75,1.),.UNSPECIFIED.);
#2466 = CARTESIAN_POINT('',(-2.775557561563E-17,0.));
#2467 = CARTESIAN_POINT('',(3.124980793826E-02,0.));
#2468 = CARTESIAN_POINT('',(6.250191949534E-02,0.));
#2469 = CARTESIAN_POINT('',(9.374508332054E-02,0.));
#2470 = CARTESIAN_POINT('',(0.125003357014,0.));
#2471 = CARTESIAN_POINT('',(0.156249174367,0.));
#2472 = CARTESIAN_POINT('',(0.187500034342,0.));
#2473 = CARTESIAN_POINT('',(0.218749999321,0.));
#2474 = CARTESIAN_POINT('',(0.281249938568,0.));
#2475 = CARTESIAN_POINT('',(0.312500615067,0.));
#2476 = CARTESIAN_POINT('',(0.343750819649,0.));
#2477 = CARTESIAN_POINT('',(0.375000430504,0.));
#2478 = CARTESIAN_POINT('',(0.406249891821,0.));
#2479 = CARTESIAN_POINT('',(0.437499722818,0.));
#2480 = CARTESIAN_POINT('',(0.468750026763,0.));
#2481 = CARTESIAN_POINT('',(0.531249973237,0.));
#2482 = CARTESIAN_POINT('',(0.562500277182,0.));
#2483 = CARTESIAN_POINT('',(0.593750108179,0.));
#2484 = CARTESIAN_POINT('',(0.624999569496,0.));
#2485 = CARTESIAN_POINT('',(0.656249180351,0.));
#2486 = CARTESIAN_POINT('',(0.687499384933,0.));
#2487 = CARTESIAN_POINT('',(0.718750061432,0.));
#2488 = CARTESIAN_POINT('',(0.781250000679,0.));
#2489 = CARTESIAN_POINT('',(0.812499965658,0.));
#2490 = CARTESIAN_POINT('',(0.843750825633,0.));
#2491 = CARTESIAN_POINT('',(0.874996642986,0.));
#2492 = CARTESIAN_POINT('',(0.906254916679,0.));
#2493 = CARTESIAN_POINT('',(0.937498080505,0.));
#2494 = CARTESIAN_POINT('',(0.968750192062,0.));
#2495 = CARTESIAN_POINT('',(1.,0.));
#2496 = ( GEOMETRIC_REPRESENTATION_CONTEXT(2) 
PARAMETRIC_REPRESENTATION_CONTEXT() REPRESENTATION_CONTEXT('2D SPACE',''
  ) );
#2497 = PCURVE('',#2299,#2498);
#2498 = DEFINITIONAL_REPRESENTATION('',(#2499),#2503);
#2499 = LINE('',#2500,#2501);
#2500 = CARTESIAN_POINT('',(0.,1.));
#2501 = VECTOR('',#2502,1.);
#2502 = DIRECTION('',(1.,0.));
#2503 = ( GEOMETRIC_REPRESENTATION_CONTEXT(2) 
PARAMETRIC_REPRESENTATION_CONTEXT() REPRESENTATION_CONTEXT('2D SPACE',''
  ) );
#2504 = ORIENTED_EDGE('',*,*,#2505,.T.);
#2505 = EDGE_CURVE('',#2453,#2506,#2508,.T.);
#2506 = VERTEX_POINT('',#2507);
#2507 = CARTESIAN_POINT('',(-18.1886851804,-7.499999999999,
    -9.184850993604E-16));
#2508 = SURFACE_CURVE('',#2509,(#2512,#2519),.PCURVE_S1.);
#2509 = B_SPLINE_CURVE_WITH_KNOTS('',1,(#2510,#2511),.UNSPECIFIED.,.F.,
  .F.,(2,2),(0.,1.),.PIECEWISE_BEZIER_KNOTS.);
#2510 = CARTESIAN_POINT('',(-19.51042666266,-7.499999999999,
    -9.184850993604E-16));
#2511 = CARTESIAN_POINT('',(-18.1886851804,-7.499999999999,
    -9.184850993604E-16));
#2512 = PCURVE('',#2210,#2513);
#2513 = DEFINITIONAL_REPRESENTATION('',(#2514),#2518);
#2514 = LINE('',#2515,#2516);
#2515 = CARTESIAN_POINT('',(1.,0.));
#2516 = VECTOR('',#2517,1.);
#2517 = DIRECTION('',(0.,1.));
#2518 = ( GEOMETRIC_REPRESENTATION_CONTEXT(2) 
PARAMETRIC_REPRESENTATION_CONTEXT() REPRESENTATION_CONTEXT('2D SPACE',''
  ) );
#2519 = PCURVE('',#2520,#2533);
#2520 = B_SPLINE_SURFACE_WITH_KNOTS('',5,1,(
    (#2521,#2522)
    ,(#2523,#2524)
    ,(#2525,#2526)
    ,(#2527,#2528)
    ,(#2529,#2530)
    ,(#2531,#2532
    )),.UNSPECIFIED.,.F.,.F.,.F.,(6,6),(2,2),(0.,1.),(0.,1.),
  .PIECEWISE_BEZIER_KNOTS.);
#2521 = CARTESIAN_POINT('',(-19.51042666266,-7.499999999999,
    -9.184850993604E-16));
#2522 = CARTESIAN_POINT('',(-18.1886851804,-7.499999999999,
    -9.184850993604E-16));
#2523 = CARTESIAN_POINT('',(-18.88399267397,-7.496402230976,
    4.649856634508));
#2524 = CARTESIAN_POINT('',(-17.56225119171,-7.496402230976,
    4.649856634508));
#2525 = CARTESIAN_POINT('',(-18.24904691482,-3.841410447455,
    9.67068045996));
#2526 = CARTESIAN_POINT('',(-16.92730543256,-3.841410447455,
    9.67068045996));
#2527 = CARTESIAN_POINT('',(-17.63021375692,3.841410447455,9.67068045996
    ));
#2528 = CARTESIAN_POINT('',(-16.30847227466,3.841410447455,9.67068045996
    ));
#2529 = CARTESIAN_POINT('',(-16.99526799777,7.496402230976,
    4.649856634508));
#2530 = CARTESIAN_POINT('',(-15.67352651551,7.496402230976,
    4.649856634508));
#2531 = CARTESIAN_POINT('',(-16.36883400907,7.499999999999,
    1.836970198721E-15));
#2532 = CARTESIAN_POINT('',(-15.04709252682,7.499999999999,
    1.836970198721E-15));
#2533 = DEFINITIONAL_REPRESENTATION('',(#2534),#2538);
#2534 = LINE('',#2535,#2536);
#2535 = CARTESIAN_POINT('',(0.,0.));
#2536 = VECTOR('',#2537,1.);
#2537 = DIRECTION('',(0.,1.));
#2538 = ( GEOMETRIC_REPRESENTATION_CONTEXT(2) 
PARAMETRIC_REPRESENTATION_CONTEXT() REPRESENTATION_CONTEXT('2D SPACE',''
  ) );
#2539 = ORIENTED_EDGE('',*,*,#2540,.F.);
#2540 = EDGE_CURVE('',#2196,#2506,#2541,.T.);
#2541 = SURFACE_CURVE('',#2542,(#2549,#2583),.PCURVE_S1.);
#2542 = B_SPLINE_CURVE_WITH_KNOTS('',5,(#2543,#2544,#2545,#2546,#2547,
    #2548),.UNSPECIFIED.,.F.,.F.,(6,6),(0.,1.),
  .PIECEWISE_BEZIER_KNOTS.);
#2543 = CARTESIAN_POINT('',(-21.33027783399,7.499999999999,0.));
#2544 = CARTESIAN_POINT('',(-20.70385832603,7.496459798593,
    -4.649829532936));
#2545 = CARTESIAN_POINT('',(-20.06886159775,3.841248176104,
    -9.670705072962));
#2546 = CARTESIAN_POINT('',(-19.45010141665,-3.841248176104,
    -9.670705072962));
#2547 = CARTESIAN_POINT('',(-18.81510468837,-7.496459798593,
    -4.649829532936));
#2548 = CARTESIAN_POINT('',(-18.1886851804,-7.499999999999,
    -9.184850993604E-16));
#2549 = PCURVE('',#2210,#2550);
#2550 = DEFINITIONAL_REPRESENTATION('',(#2551),#2582);
#2551 = B_SPLINE_CURVE_WITH_KNOTS('',8,(#2552,#2553,#2554,#2555,#2556,
    #2557,#2558,#2559,#2560,#2561,#2562,#2563,#2564,#2565,#2566,#2567,
    #2568,#2569,#2570,#2571,#2572,#2573,#2574,#2575,#2576,#2577,#2578,
    #2579,#2580,#2581),.UNSPECIFIED.,.F.,.F.,(9,7,7,7,9),(0.,0.25,0.5,
    0.75,1.),.UNSPECIFIED.);
#2552 = CARTESIAN_POINT('',(2.775557561563E-17,1.));
#2553 = CARTESIAN_POINT('',(3.124980793826E-02,1.));
#2554 = CARTESIAN_POINT('',(6.250191949534E-02,1.));
#2555 = CARTESIAN_POINT('',(9.374508332054E-02,1.));
#2556 = CARTESIAN_POINT('',(0.125003357014,1.));
#2557 = CARTESIAN_POINT('',(0.156249174367,1.));
#2558 = CARTESIAN_POINT('',(0.187500034342,1.));
#2559 = CARTESIAN_POINT('',(0.218749999321,1.));
#2560 = CARTESIAN_POINT('',(0.281249938568,1.));
#2561 = CARTESIAN_POINT('',(0.312500615067,1.));
#2562 = CARTESIAN_POINT('',(0.343750819649,1.));
#2563 = CARTESIAN_POINT('',(0.375000430504,1.));
#2564 = CARTESIAN_POINT('',(0.406249891821,1.));
#2565 = CARTESIAN_POINT('',(0.437499722818,1.));
#2566 = CARTESIAN_POINT('',(0.468750026763,1.));
#2567 = CARTESIAN_POINT('',(0.531249973237,1.));
#2568 = CARTESIAN_POINT('',(0.562500277182,1.));
#2569 = CARTESIAN_POINT('',(0.593750108179,1.));
#2570 = CARTESIAN_POINT('',(0.624999569496,1.));
#2571 = CARTESIAN_POINT('',(0.656249180351,1.));
#2572 = CARTESIAN_POINT('',(0.687499384933,1.));
#2573 = CARTESIAN_POINT('',(0.718750061432,1.));
#2574 = CARTESIAN_POINT('',(0.781250000679,1.));
#2575 = CARTESIAN_POINT('',(0.812499965658,1.));
#2576 = CARTESIAN_POINT('',(0.843750825633,1.));
#2577 = CARTESIAN_POINT('',(0.874996642986,1.));
#2578 = CARTESIAN_POINT('',(0.906254916679,1.));
#2579 = CARTESIAN_POINT('',(0.937498080505,1.));
#2580 = CARTESIAN_POINT('',(0.968750192062,1.));
#2581 = CARTESIAN_POINT('',(1.,1.));
#2582 = ( GEOMETRIC_REPRESENTATION_CONTEXT(2) 
PARAMETRIC_REPRESENTATION_CONTEXT() REPRESENTATION_CONTEXT('2D SPACE',''
  ) );
#2583 = PCURVE('',#2404,#2584);
#2584 = DEFINITIONAL_REPRESENTATION('',(#2585),#2589);
#2585 = LINE('',#2586,#2587);
#2586 = CARTESIAN_POINT('',(0.,0.));
#2587 = VECTOR('',#2588,1.);
#2588 = DIRECTION('',(1.,0.));
#2589 = ( GEOMETRIC_REPRESENTATION_CONTEXT(2) 
PARAMETRIC_REPRESENTATION_CONTEXT() REPRESENTATION_CONTEXT('2D SPACE',''
  ) );
#2590 = ADVANCED_FACE('',(#2591),#2299,.F.);
#2591 = FACE_BOUND('',#2592,.F.);
#2592 = EDGE_LOOP('',(#2593,#2594,#2595,#2628));
#2593 = ORIENTED_EDGE('',*,*,#2286,.F.);
#2594 = ORIENTED_EDGE('',*,*,#2360,.T.);
#2595 = ORIENTED_EDGE('',*,*,#2596,.T.);
#2596 = EDGE_CURVE('',#2326,#2453,#2597,.T.);
#2597 = SURFACE_CURVE('',#2598,(#2601,#2608),.PCURVE_S1.);
#2598 = B_SPLINE_CURVE_WITH_KNOTS('',1,(#2599,#2600),.UNSPECIFIED.,.F.,
  .F.,(2,2),(0.,1.),.PIECEWISE_BEZIER_KNOTS.);
#2599 = CARTESIAN_POINT('',(-21.14829271686,-11.99999999999,
    -1.469576158977E-15));
#2600 = CARTESIAN_POINT('',(-19.51042666266,-7.499999999999,
    -9.184850993604E-16));
#2601 = PCURVE('',#2299,#2602);
#2602 = DEFINITIONAL_REPRESENTATION('',(#2603),#2607);
#2603 = LINE('',#2604,#2605);
#2604 = CARTESIAN_POINT('',(1.,0.));
#2605 = VECTOR('',#2606,1.);
#2606 = DIRECTION('',(0.,1.));
#2607 = ( GEOMETRIC_REPRESENTATION_CONTEXT(2) 
PARAMETRIC_REPRESENTATION_CONTEXT() REPRESENTATION_CONTEXT('2D SPACE',''
  ) );
#2608 = PCURVE('',#2609,#2622);
#2609 = B_SPLINE_SURFACE_WITH_KNOTS('',5,1,(
    (#2610,#2611)
    ,(#2612,#2613)
    ,(#2614,#2615)
    ,(#2616,#2617)
    ,(#2618,#2619)
    ,(#2620,#2621
    )),.UNSPECIFIED.,.F.,.F.,.F.,(6,6),(2,2),(0.,1.),(0.,1.),
  .PIECEWISE_BEZIER_KNOTS.);
#2610 = CARTESIAN_POINT('',(-21.14829271686,-11.99999999999,
    -1.469576158977E-15));
#2611 = CARTESIAN_POINT('',(-19.51042666266,-7.499999999999,
    -9.184850993604E-16));
#2612 = CARTESIAN_POINT('',(-20.5218732089,-11.99433567774,
    7.439727252697));
#2613 = CARTESIAN_POINT('',(-18.8840071547,-7.496459798593,
    4.649829532936));
#2614 = CARTESIAN_POINT('',(-19.88687648062,-6.145997081766,
    15.473128116739));
#2615 = CARTESIAN_POINT('',(-18.24901042642,-3.841248176104,
    9.670705072962));
#2616 = CARTESIAN_POINT('',(-19.26811629952,6.145997081766,
    15.47312811674));
#2617 = CARTESIAN_POINT('',(-17.63025024532,3.841248176104,
    9.670705072962));
#2618 = CARTESIAN_POINT('',(-18.63311957123,11.994335677749,
    7.439727252697));
#2619 = CARTESIAN_POINT('',(-16.99525351704,7.496459798593,
    4.649829532936));
#2620 = CARTESIAN_POINT('',(-18.00670006327,11.999999999999,
    2.939152317953E-15));
#2621 = CARTESIAN_POINT('',(-16.36883400907,7.499999999999,
    1.836970198721E-15));
#2622 = DEFINITIONAL_REPRESENTATION('',(#2623),#2627);
#2623 = LINE('',#2624,#2625);
#2624 = CARTESIAN_POINT('',(0.,0.));
#2625 = VECTOR('',#2626,1.);
#2626 = DIRECTION('',(0.,1.));
#2627 = ( GEOMETRIC_REPRESENTATION_CONTEXT(2) 
PARAMETRIC_REPRESENTATION_CONTEXT() REPRESENTATION_CONTEXT('2D SPACE',''
  ) );
#2628 = ORIENTED_EDGE('',*,*,#2452,.F.);
#2629 = ADVANCED_FACE('',(#2630),#2340,.F.);
#2630 = FACE_BOUND('',#2631,.F.);
#2631 = EDGE_LOOP('',(#2632,#2633,#2634,#2669));
#2632 = ORIENTED_EDGE('',*,*,#2325,.F.);
#2633 = ORIENTED_EDGE('',*,*,#2424,.T.);
#2634 = ORIENTED_EDGE('',*,*,#2635,.T.);
#2635 = EDGE_CURVE('',#2390,#2636,#2638,.T.);
#2636 = VERTEX_POINT('',#2637);
#2637 = CARTESIAN_POINT('',(-18.00670006327,11.999999999999,
    1.469576160001E-15));
#2638 = SURFACE_CURVE('',#2639,(#2642,#2649),.PCURVE_S1.);
#2639 = B_SPLINE_CURVE_WITH_KNOTS('',1,(#2640,#2641),.UNSPECIFIED.,.F.,
  .F.,(2,2),(0.,1.),.PIECEWISE_BEZIER_KNOTS.);
#2640 = CARTESIAN_POINT('',(-19.6924117798,11.999999999999,
    2.939152317953E-15));
#2641 = CARTESIAN_POINT('',(-18.00670006327,11.999999999999,
    2.939152317953E-15));
#2642 = PCURVE('',#2340,#2643);
#2643 = DEFINITIONAL_REPRESENTATION('',(#2644),#2648);
#2644 = LINE('',#2645,#2646);
#2645 = CARTESIAN_POINT('',(1.,0.));
#2646 = VECTOR('',#2647,1.);
#2647 = DIRECTION('',(0.,1.));
#2648 = ( GEOMETRIC_REPRESENTATION_CONTEXT(2) 
PARAMETRIC_REPRESENTATION_CONTEXT() REPRESENTATION_CONTEXT('2D SPACE',''
  ) );
#2649 = PCURVE('',#2650,#2663);
#2650 = B_SPLINE_SURFACE_WITH_KNOTS('',5,1,(
    (#2651,#2652)
    ,(#2653,#2654)
    ,(#2655,#2656)
    ,(#2657,#2658)
    ,(#2659,#2660)
    ,(#2661,#2662
    )),.UNSPECIFIED.,.F.,.F.,.F.,(6,6),(2,2),(0.,1.),(0.,1.),
  .PIECEWISE_BEZIER_KNOTS.);
#2651 = CARTESIAN_POINT('',(-19.6924117798,11.999999999999,0.));
#2652 = CARTESIAN_POINT('',(-18.00670006327,11.999999999999,0.));
#2653 = CARTESIAN_POINT('',(-19.06599798899,11.994372043523,
    -7.439710133806));
#2654 = CARTESIAN_POINT('',(-17.38028627247,11.994372043523,
    -7.439710133806));
#2655 = CARTESIAN_POINT('',(-18.43098113732,6.145894572788,
    -15.47314366417));
#2656 = CARTESIAN_POINT('',(-16.74526942079,6.145894572788,
    -15.47314366417));
#2657 = CARTESIAN_POINT('',(-17.81224976869,-6.145894572788,
    -15.47314366417));
#2658 = CARTESIAN_POINT('',(-16.12653805216,-6.145894572788,
    -15.47314366417));
#2659 = CARTESIAN_POINT('',(-17.17723291701,-11.99437204352,
    -7.439710133805));
#2660 = CARTESIAN_POINT('',(-15.49152120048,-11.99437204352,
    -7.439710133805));
#2661 = CARTESIAN_POINT('',(-16.55081912621,-11.99999999999,
    -1.469576158977E-15));
#2662 = CARTESIAN_POINT('',(-14.86510740968,-11.99999999999,
    -1.469576158977E-15));
#2663 = DEFINITIONAL_REPRESENTATION('',(#2664),#2668);
#2664 = LINE('',#2665,#2666);
#2665 = CARTESIAN_POINT('',(0.,0.));
#2666 = VECTOR('',#2667,1.);
#2667 = DIRECTION('',(0.,1.));
#2668 = ( GEOMETRIC_REPRESENTATION_CONTEXT(2) 
PARAMETRIC_REPRESENTATION_CONTEXT() REPRESENTATION_CONTEXT('2D SPACE',''
  ) );
#2669 = ORIENTED_EDGE('',*,*,#2670,.F.);
#2670 = EDGE_CURVE('',#2326,#2636,#2671,.T.);
#2671 = SURFACE_CURVE('',#2672,(#2679,#2686),.PCURVE_S1.);
#2672 = B_SPLINE_CURVE_WITH_KNOTS('',5,(#2673,#2674,#2675,#2676,#2677,
    #2678),.UNSPECIFIED.,.F.,.F.,(6,6),(0.,1.),
  .PIECEWISE_BEZIER_KNOTS.);
#2673 = CARTESIAN_POINT('',(-21.14829271686,-11.99999999999,
    -1.469576158977E-15));
#2674 = CARTESIAN_POINT('',(-20.52187892606,-11.99437204352,
    7.439710133806));
#2675 = CARTESIAN_POINT('',(-19.88686207438,-6.145894572788,
    15.473143664178));
#2676 = CARTESIAN_POINT('',(-19.26813070575,6.145894572788,
    15.473143664179));
#2677 = CARTESIAN_POINT('',(-18.63311385407,11.994372043523,
    7.439710133805));
#2678 = CARTESIAN_POINT('',(-18.00670006327,11.999999999999,
    2.939152317953E-15));
#2679 = PCURVE('',#2340,#2680);
#2680 = DEFINITIONAL_REPRESENTATION('',(#2681),#2685);
#2681 = LINE('',#2682,#2683);
#2682 = CARTESIAN_POINT('',(0.,1.));
#2683 = VECTOR('',#2684,1.);
#2684 = DIRECTION('',(1.,0.));
#2685 = ( GEOMETRIC_REPRESENTATION_CONTEXT(2) 
PARAMETRIC_REPRESENTATION_CONTEXT() REPRESENTATION_CONTEXT('2D SPACE',''
  ) );
#2686 = PCURVE('',#2609,#2687);
#2687 = DEFINITIONAL_REPRESENTATION('',(#2688),#2692);
#2688 = LINE('',#2689,#2690);
#2689 = CARTESIAN_POINT('',(0.,0.));
#2690 = VECTOR('',#2691,1.);
#2691 = DIRECTION('',(1.,0.));
#2692 = ( GEOMETRIC_REPRESENTATION_CONTEXT(2) 
PARAMETRIC_REPRESENTATION_CONTEXT() REPRESENTATION_CONTEXT('2D SPACE',''
  ) );
#2693 = ADVANCED_FACE('',(#2694),#2404,.F.);
#2694 = FACE_BOUND('',#2695,.F.);
#2695 = EDGE_LOOP('',(#2696,#2697,#2698,#2733));
#2696 = ORIENTED_EDGE('',*,*,#2389,.F.);
#2697 = ORIENTED_EDGE('',*,*,#2540,.T.);
#2698 = ORIENTED_EDGE('',*,*,#2699,.T.);
#2699 = EDGE_CURVE('',#2506,#2700,#2702,.T.);
#2700 = VERTEX_POINT('',#2701);
#2701 = CARTESIAN_POINT('',(-16.55081912621,-11.99999999999,
    -1.469576158977E-15));
#2702 = SURFACE_CURVE('',#2703,(#2706,#2713),.PCURVE_S1.);
#2703 = B_SPLINE_CURVE_WITH_KNOTS('',1,(#2704,#2705),.UNSPECIFIED.,.F.,
  .F.,(2,2),(0.,1.),.PIECEWISE_BEZIER_KNOTS.);
#2704 = CARTESIAN_POINT('',(-18.1886851804,-7.499999999999,
    -9.184850993604E-16));
#2705 = CARTESIAN_POINT('',(-16.55081912621,-11.99999999999,
    -1.469576158977E-15));
#2706 = PCURVE('',#2404,#2707);
#2707 = DEFINITIONAL_REPRESENTATION('',(#2708),#2712);
#2708 = LINE('',#2709,#2710);
#2709 = CARTESIAN_POINT('',(1.,0.));
#2710 = VECTOR('',#2711,1.);
#2711 = DIRECTION('',(0.,1.));
#2712 = ( GEOMETRIC_REPRESENTATION_CONTEXT(2) 
PARAMETRIC_REPRESENTATION_CONTEXT() REPRESENTATION_CONTEXT('2D SPACE',''
  ) );
#2713 = PCURVE('',#2714,#2727);
#2714 = B_SPLINE_SURFACE_WITH_KNOTS('',5,1,(
    (#2715,#2716)
    ,(#2717,#2718)
    ,(#2719,#2720)
    ,(#2721,#2722)
    ,(#2723,#2724)
    ,(#2725,#2726
    )),.UNSPECIFIED.,.F.,.F.,.F.,(6,6),(2,2),(0.,1.),(0.,1.),
  .PIECEWISE_BEZIER_KNOTS.);
#2715 = CARTESIAN_POINT('',(-18.1886851804,-7.499999999999,
    -9.184850993604E-16));
#2716 = CARTESIAN_POINT('',(-16.55081912621,-11.99999999999,
    -1.469576158977E-15));
#2717 = CARTESIAN_POINT('',(-17.56226567244,-7.496459798593,
    4.649829532936));
#2718 = CARTESIAN_POINT('',(-15.92439961824,-11.99433567774,
    7.439727252697));
#2719 = CARTESIAN_POINT('',(-16.92726894416,-3.841248176104,
    9.670705072962));
#2720 = CARTESIAN_POINT('',(-15.28940288996,-6.145997081766,
    15.473128116739));
#2721 = CARTESIAN_POINT('',(-16.30850876306,3.841248176104,
    9.670705072962));
#2722 = CARTESIAN_POINT('',(-14.67064270886,6.145997081766,
    15.47312811674));
#2723 = CARTESIAN_POINT('',(-15.67351203478,7.496459798593,
    4.649829532936));
#2724 = CARTESIAN_POINT('',(-14.03564598058,11.994335677749,
    7.439727252697));
#2725 = CARTESIAN_POINT('',(-15.04709252682,7.499999999999,
    1.836970198721E-15));
#2726 = CARTESIAN_POINT('',(-13.40922647262,11.999999999999,
    2.939152317953E-15));
#2727 = DEFINITIONAL_REPRESENTATION('',(#2728),#2732);
#2728 = LINE('',#2729,#2730);
#2729 = CARTESIAN_POINT('',(0.,0.));
#2730 = VECTOR('',#2731,1.);
#2731 = DIRECTION('',(0.,1.));
#2732 = ( GEOMETRIC_REPRESENTATION_CONTEXT(2) 
PARAMETRIC_REPRESENTATION_CONTEXT() REPRESENTATION_CONTEXT('2D SPACE',''
  ) );
#2733 = ORIENTED_EDGE('',*,*,#2734,.F.);
#2734 = EDGE_CURVE('',#2390,#2700,#2735,.T.);
#2735 = SURFACE_CURVE('',#2736,(#2743,#2750),.PCURVE_S1.);
#2736 = B_SPLINE_CURVE_WITH_KNOTS('',5,(#2737,#2738,#2739,#2740,#2741,
    #2742),.UNSPECIFIED.,.F.,.F.,(6,6),(0.,1.),
  .PIECEWISE_BEZIER_KNOTS.);
#2737 = CARTESIAN_POINT('',(-19.6924117798,11.999999999999,0.));
#2738 = CARTESIAN_POINT('',(-19.06599798899,11.994372043523,
    -7.439710133806));
#2739 = CARTESIAN_POINT('',(-18.43098113732,6.145894572788,
    -15.47314366417));
#2740 = CARTESIAN_POINT('',(-17.81224976869,-6.145894572788,
    -15.47314366417));
#2741 = CARTESIAN_POINT('',(-17.17723291701,-11.99437204352,
    -7.439710133805));
#2742 = CARTESIAN_POINT('',(-16.55081912621,-11.99999999999,
    -1.469576158977E-15));
#2743 = PCURVE('',#2404,#2744);
#2744 = DEFINITIONAL_REPRESENTATION('',(#2745),#2749);
#2745 = LINE('',#2746,#2747);
#2746 = CARTESIAN_POINT('',(0.,1.));
#2747 = VECTOR('',#2748,1.);
#2748 = DIRECTION('',(1.,0.));
#2749 = ( GEOMETRIC_REPRESENTATION_CONTEXT(2) 
PARAMETRIC_REPRESENTATION_CONTEXT() REPRESENTATION_CONTEXT('2D SPACE',''
  ) );
#2750 = PCURVE('',#2650,#2751);
#2751 = DEFINITIONAL_REPRESENTATION('',(#2752),#2756);
#2752 = LINE('',#2753,#2754);
#2753 = CARTESIAN_POINT('',(0.,0.));
#2754 = VECTOR('',#2755,1.);
#2755 = DIRECTION('',(1.,0.));
#2756 = ( GEOMETRIC_REPRESENTATION_CONTEXT(2) 
PARAMETRIC_REPRESENTATION_CONTEXT() REPRESENTATION_CONTEXT('2D SPACE',''
  ) );
#2757 = ADVANCED_FACE('',(#2758),#2520,.F.);
#2758 = FACE_BOUND('',#2759,.F.);
#2759 = EDGE_LOOP('',(#2760,#2761,#2814,#2849));
#2760 = ORIENTED_EDGE('',*,*,#2505,.F.);
#2761 = ORIENTED_EDGE('',*,*,#2762,.T.);
#2762 = EDGE_CURVE('',#2453,#2763,#2765,.T.);
#2763 = VERTEX_POINT('',#2764);
#2764 = CARTESIAN_POINT('',(-16.36883400907,7.499999999999,
    9.184850993604E-16));
#2765 = SURFACE_CURVE('',#2766,(#2773,#2807),.PCURVE_S1.);
#2766 = B_SPLINE_CURVE_WITH_KNOTS('',5,(#2767,#2768,#2769,#2770,#2771,
    #2772),.UNSPECIFIED.,.F.,.F.,(6,6),(0.,1.),
  .PIECEWISE_BEZIER_KNOTS.);
#2767 = CARTESIAN_POINT('',(-19.51042666266,-7.499999999999,
    -9.184850993604E-16));
#2768 = CARTESIAN_POINT('',(-18.8840071547,-7.496459798593,
    4.649829532936));
#2769 = CARTESIAN_POINT('',(-18.24901042642,-3.841248176104,
    9.670705072962));
#2770 = CARTESIAN_POINT('',(-17.63025024532,3.841248176104,
    9.670705072962));
#2771 = CARTESIAN_POINT('',(-16.99525351704,7.496459798593,
    4.649829532936));
#2772 = CARTESIAN_POINT('',(-16.36883400907,7.499999999999,
    1.836970198721E-15));
#2773 = PCURVE('',#2520,#2774);
#2774 = DEFINITIONAL_REPRESENTATION('',(#2775),#2806);
#2775 = B_SPLINE_CURVE_WITH_KNOTS('',8,(#2776,#2777,#2778,#2779,#2780,
    #2781,#2782,#2783,#2784,#2785,#2786,#2787,#2788,#2789,#2790,#2791,
    #2792,#2793,#2794,#2795,#2796,#2797,#2798,#2799,#2800,#2801,#2802,
    #2803,#2804,#2805),.UNSPECIFIED.,.F.,.F.,(9,7,7,7,9),(0.,0.25,0.5,
    0.75,1.),.UNSPECIFIED.);
#2776 = CARTESIAN_POINT('',(-2.775557561563E-17,0.));
#2777 = CARTESIAN_POINT('',(3.124980793826E-02,0.));
#2778 = CARTESIAN_POINT('',(6.250191949534E-02,0.));
#2779 = CARTESIAN_POINT('',(9.374508332054E-02,0.));
#2780 = CARTESIAN_POINT('',(0.125003357014,0.));
#2781 = CARTESIAN_POINT('',(0.156249174367,0.));
#2782 = CARTESIAN_POINT('',(0.187500034342,0.));
#2783 = CARTESIAN_POINT('',(0.218749999321,0.));
#2784 = CARTESIAN_POINT('',(0.281249938568,0.));
#2785 = CARTESIAN_POINT('',(0.312500615067,0.));
#2786 = CARTESIAN_POINT('',(0.343750819649,0.));
#2787 = CARTESIAN_POINT('',(0.375000430504,0.));
#2788 = CARTESIAN_POINT('',(0.406249891821,0.));
#2789 = CARTESIAN_POINT('',(0.437499722818,0.));
#2790 = CARTESIAN_POINT('',(0.468750026763,0.));
#2791 = CARTESIAN_POINT('',(0.531249973237,0.));
#2792 = CARTESIAN_POINT('',(0.562500277182,0.));
#2793 = CARTESIAN_POINT('',(0.593750108179,0.));
#2794 = CARTESIAN_POINT('',(0.624999569496,0.));
#2795 = CARTESIAN_POINT('',(0.656249180351,0.));
#2796 = CARTESIAN_POINT('',(0.687499384933,0.));
#2797 = CARTESIAN_POINT('',(0.718750061432,0.));
#2798 = CARTESIAN_POINT('',(0.781250000679,0.));
#2799 = CARTESIAN_POINT('',(0.812499965658,0.));
#2800 = CARTESIAN_POINT('',(0.843750825633,0.));
#2801 = CARTESIAN_POINT('',(0.874996642986,0.));
#2802 = CARTESIAN_POINT('',(0.906254916679,0.));
#2803 = CARTESIAN_POINT('',(0.937498080505,0.));
#2804 = CARTESIAN_POINT('',(0.968750192062,0.));
#2805 = CARTESIAN_POINT('',(1.,0.));
#2806 = ( GEOMETRIC_REPRESENTATION_CONTEXT(2) 
PARAMETRIC_REPRESENTATION_CONTEXT() REPRESENTATION_CONTEXT('2D SPACE',''
  ) );
#2807 = PCURVE('',#2609,#2808);
#2808 = DEFINITIONAL_REPRESENTATION('',(#2809),#2813);
#2809 = LINE('',#2810,#2811);
#2810 = CARTESIAN_POINT('',(0.,1.));
#2811 = VECTOR('',#2812,1.);
#2812 = DIRECTION('',(1.,0.));
#2813 = ( GEOMETRIC_REPRESENTATION_CONTEXT(2) 
PARAMETRIC_REPRESENTATION_CONTEXT() REPRESENTATION_CONTEXT('2D SPACE',''
  ) );
#2814 = ORIENTED_EDGE('',*,*,#2815,.T.);
#2815 = EDGE_CURVE('',#2763,#2816,#2818,.T.);
#2816 = VERTEX_POINT('',#2817);
#2817 = CARTESIAN_POINT('',(-15.04709252682,7.499999999999,
    9.184850993604E-16));
#2818 = SURFACE_CURVE('',#2819,(#2822,#2829),.PCURVE_S1.);
#2819 = B_SPLINE_CURVE_WITH_KNOTS('',1,(#2820,#2821),.UNSPECIFIED.,.F.,
  .F.,(2,2),(0.,1.),.PIECEWISE_BEZIER_KNOTS.);
#2820 = CARTESIAN_POINT('',(-16.36883400907,7.499999999999,
    1.836970198721E-15));
#2821 = CARTESIAN_POINT('',(-15.04709252682,7.499999999999,
    1.836970198721E-15));
#2822 = PCURVE('',#2520,#2823);
#2823 = DEFINITIONAL_REPRESENTATION('',(#2824),#2828);
#2824 = LINE('',#2825,#2826);
#2825 = CARTESIAN_POINT('',(1.,0.));
#2826 = VECTOR('',#2827,1.);
#2827 = DIRECTION('',(0.,1.));
#2828 = ( GEOMETRIC_REPRESENTATION_CONTEXT(2) 
PARAMETRIC_REPRESENTATION_CONTEXT() REPRESENTATION_CONTEXT('2D SPACE',''
  ) );
#2829 = PCURVE('',#2830,#2843);
#2830 = B_SPLINE_SURFACE_WITH_KNOTS('',5,1,(
    (#2831,#2832)
    ,(#2833,#2834)
    ,(#2835,#2836)
    ,(#2837,#2838)
    ,(#2839,#2840)
    ,(#2841,#2842
    )),.UNSPECIFIED.,.F.,.F.,.F.,(6,6),(2,2),(0.,1.),(0.,1.),
  .PIECEWISE_BEZIER_KNOTS.);
#2831 = CARTESIAN_POINT('',(-16.36883400907,7.499999999999,0.));
#2832 = CARTESIAN_POINT('',(-15.04709252682,7.499999999999,0.));
#2833 = CARTESIAN_POINT('',(-15.74240002038,7.496402230976,
    -4.649856634508));
#2834 = CARTESIAN_POINT('',(-14.42065853812,7.496402230976,
    -4.649856634508));
#2835 = CARTESIAN_POINT('',(-15.10745426123,3.841410447455,
    -9.67068045996));
#2836 = CARTESIAN_POINT('',(-13.78571277897,3.841410447455,
    -9.67068045996));
#2837 = CARTESIAN_POINT('',(-14.48862110333,-3.841410447455,
    -9.67068045996));
#2838 = CARTESIAN_POINT('',(-13.16687962107,-3.841410447455,
    -9.67068045996));
#2839 = CARTESIAN_POINT('',(-13.85367534418,-7.496402230976,
    -4.649856634508));
#2840 = CARTESIAN_POINT('',(-12.53193386192,-7.496402230976,
    -4.649856634508));
#2841 = CARTESIAN_POINT('',(-13.22724135548,-7.499999999999,
    -9.184850993604E-16));
#2842 = CARTESIAN_POINT('',(-11.90549987323,-7.499999999999,
    -9.184850993604E-16));
#2843 = DEFINITIONAL_REPRESENTATION('',(#2844),#2848);
#2844 = LINE('',#2845,#2846);
#2845 = CARTESIAN_POINT('',(0.,0.));
#2846 = VECTOR('',#2847,1.);
#2847 = DIRECTION('',(0.,1.));
#2848 = ( GEOMETRIC_REPRESENTATION_CONTEXT(2) 
PARAMETRIC_REPRESENTATION_CONTEXT() REPRESENTATION_CONTEXT('2D SPACE',''
  ) );
#2849 = ORIENTED_EDGE('',*,*,#2850,.F.);
#2850 = EDGE_CURVE('',#2506,#2816,#2851,.T.);
#2851 = SURFACE_CURVE('',#2852,(#2859,#2893),.PCURVE_S1.);
#2852 = B_SPLINE_CURVE_WITH_KNOTS('',5,(#2853,#2854,#2855,#2856,#2857,
    #2858),.UNSPECIFIED.,.F.,.F.,(6,6),(0.,1.),
  .PIECEWISE_BEZIER_KNOTS.);
#2853 = CARTESIAN_POINT('',(-18.1886851804,-7.499999999999,
    -9.184850993604E-16));
#2854 = CARTESIAN_POINT('',(-17.56226567244,-7.496459798593,
    4.649829532936));
#2855 = CARTESIAN_POINT('',(-16.92726894416,-3.841248176104,
    9.670705072962));
#2856 = CARTESIAN_POINT('',(-16.30850876306,3.841248176104,
    9.670705072962));
#2857 = CARTESIAN_POINT('',(-15.67351203478,7.496459798593,
    4.649829532936));
#2858 = CARTESIAN_POINT('',(-15.04709252682,7.499999999999,
    1.836970198721E-15));
#2859 = PCURVE('',#2520,#2860);
#2860 = DEFINITIONAL_REPRESENTATION('',(#2861),#2892);
#2861 = B_SPLINE_CURVE_WITH_KNOTS('',8,(#2862,#2863,#2864,#2865,#2866,
    #2867,#2868,#2869,#2870,#2871,#2872,#2873,#2874,#2875,#2876,#2877,
    #2878,#2879,#2880,#2881,#2882,#2883,#2884,#2885,#2886,#2887,#2888,
    #2889,#2890,#2891),.UNSPECIFIED.,.F.,.F.,(9,7,7,7,9),(0.,0.25,0.5,
    0.75,1.),.UNSPECIFIED.);
#2862 = CARTESIAN_POINT('',(-2.775557561563E-17,1.));
#2863 = CARTESIAN_POINT('',(3.124980793826E-02,1.));
#2864 = CARTESIAN_POINT('',(6.250191949534E-02,1.));
#2865 = CARTESIAN_POINT('',(9.374508332054E-02,1.));
#2866 = CARTESIAN_POINT('',(0.125003357014,1.));
#2867 = CARTESIAN_POINT('',(0.156249174367,1.));
#2868 = CARTESIAN_POINT('',(0.187500034342,1.));
#2869 = CARTESIAN_POINT('',(0.218749999321,1.));
#2870 = CARTESIAN_POINT('',(0.281249938568,1.));
#2871 = CARTESIAN_POINT('',(0.312500615067,1.));
#2872 = CARTESIAN_POINT('',(0.343750819649,1.));
#2873 = CARTESIAN_POINT('',(0.375000430504,1.));
#2874 = CARTESIAN_POINT('',(0.406249891821,1.));
#2875 = CARTESIAN_POINT('',(0.437499722818,1.));
#2876 = CARTESIAN_POINT('',(0.468750026763,1.));
#2877 = CARTESIAN_POINT('',(0.531249973237,1.));
#2878 = CARTESIAN_POINT('',(0.562500277182,1.));
#2879 = CARTESIAN_POINT('',(0.593750108179,1.));
#2880 = CARTESIAN_POINT('',(0.624999569496,1.));
#2881 = CARTESIAN_POINT('',(0.656249180351,1.));
#2882 = CARTESIAN_POINT('',(0.687499384933,1.));
#2883 = CARTESIAN_POINT('',(0.718750061432,1.));
#2884 = CARTESIAN_POINT('',(0.781250000679,1.));
#2885 = CARTESIAN_POINT('',(0.812499965658,1.));
#2886 = CARTESIAN_POINT('',(0.843750825633,1.));
#2887 = CARTESIAN_POINT('',(0.874996642986,1.));
#2888 = CARTESIAN_POINT('',(0.906254916679,1.));
#2889 = CARTESIAN_POINT('',(0.937498080505,1.));
#2890 = CARTESIAN_POINT('',(0.968750192062,1.));
#2891 = CARTESIAN_POINT('',(1.,1.));
#2892 = ( GEOMETRIC_REPRESENTATION_CONTEXT(2) 
PARAMETRIC_REPRESENTATION_CONTEXT() REPRESENTATION_CONTEXT('2D SPACE',''
  ) );
#2893 = PCURVE('',#2714,#2894);
#2894 = DEFINITIONAL_REPRESENTATION('',(#2895),#2899);
#2895 = LINE('',#2896,#2897);
#2896 = CARTESIAN_POINT('',(0.,0.));
#2897 = VECTOR('',#2898,1.);
#2898 = DIRECTION('',(1.,0.));
#2899 = ( GEOMETRIC_REPRESENTATION_CONTEXT(2) 
PARAMETRIC_REPRESENTATION_CONTEXT() REPRESENTATION_CONTEXT('2D SPACE',''
  ) );
#2900 = ADVANCED_FACE('',(#2901),#2609,.F.);
#2901 = FACE_BOUND('',#2902,.F.);
#2902 = EDGE_LOOP('',(#2903,#2904,#2905,#2938));
#2903 = ORIENTED_EDGE('',*,*,#2596,.F.);
#2904 = ORIENTED_EDGE('',*,*,#2670,.T.);
#2905 = ORIENTED_EDGE('',*,*,#2906,.T.);
#2906 = EDGE_CURVE('',#2636,#2763,#2907,.T.);
#2907 = SURFACE_CURVE('',#2908,(#2911,#2918),.PCURVE_S1.);
#2908 = B_SPLINE_CURVE_WITH_KNOTS('',1,(#2909,#2910),.UNSPECIFIED.,.F.,
  .F.,(2,2),(0.,1.),.PIECEWISE_BEZIER_KNOTS.);
#2909 = CARTESIAN_POINT('',(-18.00670006327,11.999999999999,
    2.939152317953E-15));
#2910 = CARTESIAN_POINT('',(-16.36883400907,7.499999999999,
    1.836970198721E-15));
#2911 = PCURVE('',#2609,#2912);
#2912 = DEFINITIONAL_REPRESENTATION('',(#2913),#2917);
#2913 = LINE('',#2914,#2915);
#2914 = CARTESIAN_POINT('',(1.,0.));
#2915 = VECTOR('',#2916,1.);
#2916 = DIRECTION('',(0.,1.));
#2917 = ( GEOMETRIC_REPRESENTATION_CONTEXT(2) 
PARAMETRIC_REPRESENTATION_CONTEXT() REPRESENTATION_CONTEXT('2D SPACE',''
  ) );
#2918 = PCURVE('',#2919,#2932);
#2919 = B_SPLINE_SURFACE_WITH_KNOTS('',5,1,(
    (#2920,#2921)
    ,(#2922,#2923)
    ,(#2924,#2925)
    ,(#2926,#2927)
    ,(#2928,#2929)
    ,(#2930,#2931
    )),.UNSPECIFIED.,.F.,.F.,.F.,(6,6),(2,2),(0.,1.),(0.,1.),
  .PIECEWISE_BEZIER_KNOTS.);
#2920 = CARTESIAN_POINT('',(-18.00670006327,11.999999999999,0.));
#2921 = CARTESIAN_POINT('',(-16.36883400907,7.499999999999,0.));
#2922 = CARTESIAN_POINT('',(-17.38028055531,11.994335677749,
    -7.439727252697));
#2923 = CARTESIAN_POINT('',(-15.74241450111,7.496459798593,
    -4.649829532936));
#2924 = CARTESIAN_POINT('',(-16.74528382703,6.145997081766,
    -15.47312811673));
#2925 = CARTESIAN_POINT('',(-15.10741777283,3.841248176104,
    -9.670705072962));
#2926 = CARTESIAN_POINT('',(-16.12652364593,-6.145997081766,
    -15.47312811674));
#2927 = CARTESIAN_POINT('',(-14.48865759173,-3.841248176104,
    -9.670705072962));
#2928 = CARTESIAN_POINT('',(-15.49152691764,-11.99433567774,
    -7.439727252697));
#2929 = CARTESIAN_POINT('',(-13.85366086345,-7.496459798593,
    -4.649829532936));
#2930 = CARTESIAN_POINT('',(-14.86510740968,-11.99999999999,
    -1.469576158977E-15));
#2931 = CARTESIAN_POINT('',(-13.22724135548,-7.499999999999,
    -9.184850993604E-16));
#2932 = DEFINITIONAL_REPRESENTATION('',(#2933),#2937);
#2933 = LINE('',#2934,#2935);
#2934 = CARTESIAN_POINT('',(0.,0.));
#2935 = VECTOR('',#2936,1.);
#2936 = DIRECTION('',(0.,1.));
#2937 = ( GEOMETRIC_REPRESENTATION_CONTEXT(2) 
PARAMETRIC_REPRESENTATION_CONTEXT() REPRESENTATION_CONTEXT('2D SPACE',''
  ) );
#2938 = ORIENTED_EDGE('',*,*,#2762,.F.);
#2939 = ADVANCED_FACE('',(#2940),#2650,.F.);
#2940 = FACE_BOUND('',#2941,.F.);
#2941 = EDGE_LOOP('',(#2942,#2943,#2944,#2979));
#2942 = ORIENTED_EDGE('',*,*,#2635,.F.);
#2943 = ORIENTED_EDGE('',*,*,#2734,.T.);
#2944 = ORIENTED_EDGE('',*,*,#2945,.T.);
#2945 = EDGE_CURVE('',#2700,#2946,#2948,.T.);
#2946 = VERTEX_POINT('',#2947);
#2947 = CARTESIAN_POINT('',(-14.86510740968,-11.99999999999,
    -1.469576158977E-15));
#2948 = SURFACE_CURVE('',#2949,(#2952,#2959),.PCURVE_S1.);
#2949 = B_SPLINE_CURVE_WITH_KNOTS('',1,(#2950,#2951),.UNSPECIFIED.,.F.,
  .F.,(2,2),(0.,1.),.PIECEWISE_BEZIER_KNOTS.);
#2950 = CARTESIAN_POINT('',(-16.55081912621,-11.99999999999,
    -1.469576158977E-15));
#2951 = CARTESIAN_POINT('',(-14.86510740968,-11.99999999999,
    -1.469576158977E-15));
#2952 = PCURVE('',#2650,#2953);
#2953 = DEFINITIONAL_REPRESENTATION('',(#2954),#2958);
#2954 = LINE('',#2955,#2956);
#2955 = CARTESIAN_POINT('',(1.,0.));
#2956 = VECTOR('',#2957,1.);
#2957 = DIRECTION('',(0.,1.));
#2958 = ( GEOMETRIC_REPRESENTATION_CONTEXT(2) 
PARAMETRIC_REPRESENTATION_CONTEXT() REPRESENTATION_CONTEXT('2D SPACE',''
  ) );
#2959 = PCURVE('',#2960,#2973);
#2960 = B_SPLINE_SURFACE_WITH_KNOTS('',5,1,(
    (#2961,#2962)
    ,(#2963,#2964)
    ,(#2965,#2966)
    ,(#2967,#2968)
    ,(#2969,#2970)
    ,(#2971,#2972
    )),.UNSPECIFIED.,.F.,.F.,.F.,(6,6),(2,2),(0.,1.),(0.,1.),
  .PIECEWISE_BEZIER_KNOTS.);
#2961 = CARTESIAN_POINT('',(-16.55081912621,-11.99999999999,
    -1.469576158977E-15));
#2962 = CARTESIAN_POINT('',(-14.86510740968,-11.99999999999,
    -1.469576158977E-15));
#2963 = CARTESIAN_POINT('',(-15.9244053354,-11.99437204352,
    7.439710133806));
#2964 = CARTESIAN_POINT('',(-14.23869361888,-11.99437204352,
    7.439710133806));
#2965 = CARTESIAN_POINT('',(-15.28938848373,-6.145894572788,
    15.473143664178));
#2966 = CARTESIAN_POINT('',(-13.6036767672,-6.145894572788,
    15.473143664178));
#2967 = CARTESIAN_POINT('',(-14.6706571151,6.145894572788,
    15.473143664179));
#2968 = CARTESIAN_POINT('',(-12.98494539857,6.145894572788,
    15.473143664179));
#2969 = CARTESIAN_POINT('',(-14.03564026342,11.994372043523,
    7.439710133805));
#2970 = CARTESIAN_POINT('',(-12.34992854689,11.994372043523,
    7.439710133805));
#2971 = CARTESIAN_POINT('',(-13.40922647262,11.999999999999,
    2.939152317953E-15));
#2972 = CARTESIAN_POINT('',(-11.72351475609,11.999999999999,
    2.939152317953E-15));
#2973 = DEFINITIONAL_REPRESENTATION('',(#2974),#2978);
#2974 = LINE('',#2975,#2976);
#2975 = CARTESIAN_POINT('',(0.,0.));
#2976 = VECTOR('',#2977,1.);
#2977 = DIRECTION('',(0.,1.));
#2978 = ( GEOMETRIC_REPRESENTATION_CONTEXT(2) 
PARAMETRIC_REPRESENTATION_CONTEXT() REPRESENTATION_CONTEXT('2D SPACE',''
  ) );
#2979 = ORIENTED_EDGE('',*,*,#2980,.F.);
#2980 = EDGE_CURVE('',#2636,#2946,#2981,.T.);
#2981 = SURFACE_CURVE('',#2982,(#2989,#2996),.PCURVE_S1.);
#2982 = B_SPLINE_CURVE_WITH_KNOTS('',5,(#2983,#2984,#2985,#2986,#2987,
    #2988),.UNSPECIFIED.,.F.,.F.,(6,6),(0.,1.),
  .PIECEWISE_BEZIER_KNOTS.);
#2983 = CARTESIAN_POINT('',(-18.00670006327,11.999999999999,0.));
#2984 = CARTESIAN_POINT('',(-17.38028627247,11.994372043523,
    -7.439710133806));
#2985 = CARTESIAN_POINT('',(-16.74526942079,6.145894572788,
    -15.47314366417));
#2986 = CARTESIAN_POINT('',(-16.12653805216,-6.145894572788,
    -15.47314366417));
#2987 = CARTESIAN_POINT('',(-15.49152120048,-11.99437204352,
    -7.439710133805));
#2988 = CARTESIAN_POINT('',(-14.86510740968,-11.99999999999,
    -1.469576158977E-15));
#2989 = PCURVE('',#2650,#2990);
#2990 = DEFINITIONAL_REPRESENTATION('',(#2991),#2995);
#2991 = LINE('',#2992,#2993);
#2992 = CARTESIAN_POINT('',(0.,1.));
#2993 = VECTOR('',#2994,1.);
#2994 = DIRECTION('',(1.,0.));
#2995 = ( GEOMETRIC_REPRESENTATION_CONTEXT(2) 
PARAMETRIC_REPRESENTATION_CONTEXT() REPRESENTATION_CONTEXT('2D SPACE',''
  ) );
#2996 = PCURVE('',#2919,#2997);
#2997 = DEFINITIONAL_REPRESENTATION('',(#2998),#3002);
#2998 = LINE('',#2999,#3000);
#2999 = CARTESIAN_POINT('',(0.,0.));
#3000 = VECTOR('',#3001,1.);
#3001 = DIRECTION('',(1.,0.));
#3002 = ( GEOMETRIC_REPRESENTATION_CONTEXT(2) 
PARAMETRIC_REPRESENTATION_CONTEXT() REPRESENTATION_CONTEXT('2D SPACE',''
  ) );
#3003 = ADVANCED_FACE('',(#3004),#2714,.F.);
#3004 = FACE_BOUND('',#3005,.F.);
#3005 = EDGE_LOOP('',(#3006,#3007,#3008,#3043));
#3006 = ORIENTED_EDGE('',*,*,#2699,.F.);
#3007 = ORIENTED_EDGE('',*,*,#2850,.T.);
#3008 = ORIENTED_EDGE('',*,*,#3009,.T.);
#3009 = EDGE_CURVE('',#2816,#3010,#3012,.T.);
#3010 = VERTEX_POINT('',#3011);
#3011 = CARTESIAN_POINT('',(-13.40922647262,11.999999999999,
    1.469576160001E-15));
#3012 = SURFACE_CURVE('',#3013,(#3016,#3023),.PCURVE_S1.);
#3013 = B_SPLINE_CURVE_WITH_KNOTS('',1,(#3014,#3015),.UNSPECIFIED.,.F.,
  .F.,(2,2),(0.,1.),.PIECEWISE_BEZIER_KNOTS.);
#3014 = CARTESIAN_POINT('',(-15.04709252682,7.499999999999,
    1.836970198721E-15));
#3015 = CARTESIAN_POINT('',(-13.40922647262,11.999999999999,
    2.939152317953E-15));
#3016 = PCURVE('',#2714,#3017);
#3017 = DEFINITIONAL_REPRESENTATION('',(#3018),#3022);
#3018 = LINE('',#3019,#3020);
#3019 = CARTESIAN_POINT('',(1.,0.));
#3020 = VECTOR('',#3021,1.);
#3021 = DIRECTION('',(0.,1.));
#3022 = ( GEOMETRIC_REPRESENTATION_CONTEXT(2) 
PARAMETRIC_REPRESENTATION_CONTEXT() REPRESENTATION_CONTEXT('2D SPACE',''
  ) );
#3023 = PCURVE('',#3024,#3037);
#3024 = B_SPLINE_SURFACE_WITH_KNOTS('',5,1,(
    (#3025,#3026)
    ,(#3027,#3028)
    ,(#3029,#3030)
    ,(#3031,#3032)
    ,(#3033,#3034)
    ,(#3035,#3036
    )),.UNSPECIFIED.,.F.,.F.,.F.,(6,6),(2,2),(0.,1.),(0.,1.),
  .PIECEWISE_BEZIER_KNOTS.);
#3025 = CARTESIAN_POINT('',(-15.04709252682,7.499999999999,0.));
#3026 = CARTESIAN_POINT('',(-13.40922647262,11.999999999999,0.));
#3027 = CARTESIAN_POINT('',(-14.42067301885,7.496459798593,
    -4.649829532936));
#3028 = CARTESIAN_POINT('',(-12.78280696465,11.994335677749,
    -7.439727252697));
#3029 = CARTESIAN_POINT('',(-13.78567629057,3.841248176104,
    -9.670705072962));
#3030 = CARTESIAN_POINT('',(-12.14781023637,6.145997081766,
    -15.47312811673));
#3031 = CARTESIAN_POINT('',(-13.16691610947,-3.841248176104,
    -9.670705072962));
#3032 = CARTESIAN_POINT('',(-11.52905005527,-6.145997081766,
    -15.47312811674));
#3033 = CARTESIAN_POINT('',(-12.53191938119,-7.496459798593,
    -4.649829532936));
#3034 = CARTESIAN_POINT('',(-10.89405332699,-11.99433567774,
    -7.439727252697));
#3035 = CARTESIAN_POINT('',(-11.90549987323,-7.499999999999,
    -9.184850993604E-16));
#3036 = CARTESIAN_POINT('',(-10.26763381903,-11.99999999999,
    -1.469576158977E-15));
#3037 = DEFINITIONAL_REPRESENTATION('',(#3038),#3042);
#3038 = LINE('',#3039,#3040);
#3039 = CARTESIAN_POINT('',(0.,0.));
#3040 = VECTOR('',#3041,1.);
#3041 = DIRECTION('',(0.,1.));
#3042 = ( GEOMETRIC_REPRESENTATION_CONTEXT(2) 
PARAMETRIC_REPRESENTATION_CONTEXT() REPRESENTATION_CONTEXT('2D SPACE',''
  ) );
#3043 = ORIENTED_EDGE('',*,*,#3044,.F.);
#3044 = EDGE_CURVE('',#2700,#3010,#3045,.T.);
#3045 = SURFACE_CURVE('',#3046,(#3053,#3060),.PCURVE_S1.);
#3046 = B_SPLINE_CURVE_WITH_KNOTS('',5,(#3047,#3048,#3049,#3050,#3051,
    #3052),.UNSPECIFIED.,.F.,.F.,(6,6),(0.,1.),
  .PIECEWISE_BEZIER_KNOTS.);
#3047 = CARTESIAN_POINT('',(-16.55081912621,-11.99999999999,
    -1.469576158977E-15));
#3048 = CARTESIAN_POINT('',(-15.9244053354,-11.99437204352,
    7.439710133806));
#3049 = CARTESIAN_POINT('',(-15.28938848373,-6.145894572788,
    15.473143664178));
#3050 = CARTESIAN_POINT('',(-14.6706571151,6.145894572788,
    15.473143664179));
#3051 = CARTESIAN_POINT('',(-14.03564026342,11.994372043523,
    7.439710133805));
#3052 = CARTESIAN_POINT('',(-13.40922647262,11.999999999999,
    2.939152317953E-15));
#3053 = PCURVE('',#2714,#3054);
#3054 = DEFINITIONAL_REPRESENTATION('',(#3055),#3059);
#3055 = LINE('',#3056,#3057);
#3056 = CARTESIAN_POINT('',(0.,1.));
#3057 = VECTOR('',#3058,1.);
#3058 = DIRECTION('',(1.,0.));
#3059 = ( GEOMETRIC_REPRESENTATION_CONTEXT(2) 
PARAMETRIC_REPRESENTATION_CONTEXT() REPRESENTATION_CONTEXT('2D SPACE',''
  ) );
#3060 = PCURVE('',#2960,#3061);
#3061 = DEFINITIONAL_REPRESENTATION('',(#3062),#3066);
#3062 = LINE('',#3063,#3064);
#3063 = CARTESIAN_POINT('',(0.,0.));
#3064 = VECTOR('',#3065,1.);
#3065 = DIRECTION('',(1.,0.));
#3066 = ( GEOMETRIC_REPRESENTATION_CONTEXT(2) 
PARAMETRIC_REPRESENTATION_CONTEXT() REPRESENTATION_CONTEXT('2D SPACE',''
  ) );
#3067 = ADVANCED_FACE('',(#3068),#2830,.F.);
#3068 = FACE_BOUND('',#3069,.F.);
#3069 = EDGE_LOOP('',(#3070,#3071,#3124,#3159));
#3070 = ORIENTED_EDGE('',*,*,#2815,.F.);
#3071 = ORIENTED_EDGE('',*,*,#3072,.T.);
#3072 = EDGE_CURVE('',#2763,#3073,#3075,.T.);
#3073 = VERTEX_POINT('',#3074);
#3074 = CARTESIAN_POINT('',(-13.22724135548,-7.499999999999,
    -9.184850993604E-16));
#3075 = SURFACE_CURVE('',#3076,(#3083,#3117),.PCURVE_S1.);
#3076 = B_SPLINE_CURVE_WITH_KNOTS('',5,(#3077,#3078,#3079,#3080,#3081,
    #3082),.UNSPECIFIED.,.F.,.F.,(6,6),(0.,1.),
  .PIECEWISE_BEZIER_KNOTS.);
#3077 = CARTESIAN_POINT('',(-16.36883400907,7.499999999999,0.));
#3078 = CARTESIAN_POINT('',(-15.74241450111,7.496459798593,
    -4.649829532936));
#3079 = CARTESIAN_POINT('',(-15.10741777283,3.841248176104,
    -9.670705072962));
#3080 = CARTESIAN_POINT('',(-14.48865759173,-3.841248176104,
    -9.670705072962));
#3081 = CARTESIAN_POINT('',(-13.85366086345,-7.496459798593,
    -4.649829532936));
#3082 = CARTESIAN_POINT('',(-13.22724135548,-7.499999999999,
    -9.184850993604E-16));
#3083 = PCURVE('',#2830,#3084);
#3084 = DEFINITIONAL_REPRESENTATION('',(#3085),#3116);
#3085 = B_SPLINE_CURVE_WITH_KNOTS('',8,(#3086,#3087,#3088,#3089,#3090,
    #3091,#3092,#3093,#3094,#3095,#3096,#3097,#3098,#3099,#3100,#3101,
    #3102,#3103,#3104,#3105,#3106,#3107,#3108,#3109,#3110,#3111,#3112,
    #3113,#3114,#3115),.UNSPECIFIED.,.F.,.F.,(9,7,7,7,9),(0.,0.25,0.5,
    0.75,1.),.UNSPECIFIED.);
#3086 = CARTESIAN_POINT('',(4.163336342344E-17,0.));
#3087 = CARTESIAN_POINT('',(3.124980793826E-02,0.));
#3088 = CARTESIAN_POINT('',(6.250191949534E-02,0.));
#3089 = CARTESIAN_POINT('',(9.374508332054E-02,0.));
#3090 = CARTESIAN_POINT('',(0.125003357014,0.));
#3091 = CARTESIAN_POINT('',(0.156249174367,0.));
#3092 = CARTESIAN_POINT('',(0.187500034342,0.));
#3093 = CARTESIAN_POINT('',(0.218749999321,0.));
#3094 = CARTESIAN_POINT('',(0.281249938568,0.));
#3095 = CARTESIAN_POINT('',(0.312500615067,0.));
#3096 = CARTESIAN_POINT('',(0.343750819649,0.));
#3097 = CARTESIAN_POINT('',(0.375000430504,0.));
#3098 = CARTESIAN_POINT('',(0.406249891821,0.));
#3099 = CARTESIAN_POINT('',(0.437499722818,0.));
#3100 = CARTESIAN_POINT('',(0.468750026763,0.));
#3101 = CARTESIAN_POINT('',(0.531249973237,0.));
#3102 = CARTESIAN_POINT('',(0.562500277182,0.));
#3103 = CARTESIAN_POINT('',(0.593750108179,0.));
#3104 = CARTESIAN_POINT('',(0.624999569496,0.));
#3105 = CARTESIAN_POINT('',(0.656249180351,0.));
#3106 = CARTESIAN_POINT('',(0.687499384933,0.));
#3107 = CARTESIAN_POINT('',(0.718750061432,0.));
#3108 = CARTESIAN_POINT('',(0.781250000679,0.));
#3109 = CARTESIAN_POINT('',(0.812499965658,0.));
#3110 = CARTESIAN_POINT('',(0.843750825633,0.));
#3111 = CARTESIAN_POINT('',(0.874996642986,0.));
#3112 = CARTESIAN_POINT('',(0.906254916679,0.));
#3113 = CARTESIAN_POINT('',(0.937498080505,0.));
#3114 = CARTESIAN_POINT('',(0.968750192062,0.));
#3115 = CARTESIAN_POINT('',(1.,0.));
#3116 = ( GEOMETRIC_REPRESENTATION_CONTEXT(2) 
PARAMETRIC_REPRESENTATION_CONTEXT() REPRESENTATION_CONTEXT('2D SPACE',''
  ) );
#3117 = PCURVE('',#2919,#3118);
#3118 = DEFINITIONAL_REPRESENTATION('',(#3119),#3123);
#3119 = LINE('',#3120,#3121);
#3120 = CARTESIAN_POINT('',(0.,1.));
#3121 = VECTOR('',#3122,1.);
#3122 = DIRECTION('',(1.,0.));
#3123 = ( GEOMETRIC_REPRESENTATION_CONTEXT(2) 
PARAMETRIC_REPRESENTATION_CONTEXT() REPRESENTATION_CONTEXT('2D SPACE',''
  ) );
#3124 = ORIENTED_EDGE('',*,*,#3125,.T.);
#3125 = EDGE_CURVE('',#3073,#3126,#3128,.T.);
#3126 = VERTEX_POINT('',#3127);
#3127 = CARTESIAN_POINT('',(-11.90549987323,-7.499999999999,
    -9.184850993604E-16));
#3128 = SURFACE_CURVE('',#3129,(#3132,#3139),.PCURVE_S1.);
#3129 = B_SPLINE_CURVE_WITH_KNOTS('',1,(#3130,#3131),.UNSPECIFIED.,.F.,
  .F.,(2,2),(0.,1.),.PIECEWISE_BEZIER_KNOTS.);
#3130 = CARTESIAN_POINT('',(-13.22724135548,-7.499999999999,
    -9.184850993604E-16));
#3131 = CARTESIAN_POINT('',(-11.90549987323,-7.499999999999,
    -9.184850993604E-16));
#3132 = PCURVE('',#2830,#3133);
#3133 = DEFINITIONAL_REPRESENTATION('',(#3134),#3138);
#3134 = LINE('',#3135,#3136);
#3135 = CARTESIAN_POINT('',(1.,0.));
#3136 = VECTOR('',#3137,1.);
#3137 = DIRECTION('',(0.,1.));
#3138 = ( GEOMETRIC_REPRESENTATION_CONTEXT(2) 
PARAMETRIC_REPRESENTATION_CONTEXT() REPRESENTATION_CONTEXT('2D SPACE',''
  ) );
#3139 = PCURVE('',#3140,#3153);
#3140 = B_SPLINE_SURFACE_WITH_KNOTS('',5,1,(
    (#3141,#3142)
    ,(#3143,#3144)
    ,(#3145,#3146)
    ,(#3147,#3148)
    ,(#3149,#3150)
    ,(#3151,#3152
    )),.UNSPECIFIED.,.F.,.F.,.F.,(6,6),(2,2),(0.,1.),(0.,1.),
  .PIECEWISE_BEZIER_KNOTS.);
#3141 = CARTESIAN_POINT('',(-13.22724135548,-7.499999999999,
    -9.184850993604E-16));
#3142 = CARTESIAN_POINT('',(-11.90549987323,-7.499999999999,
    -9.184850993604E-16));
#3143 = CARTESIAN_POINT('',(-12.60080736679,-7.496402230976,
    4.649856634508));
#3144 = CARTESIAN_POINT('',(-11.27906588453,-7.496402230976,
    4.649856634508));
#3145 = CARTESIAN_POINT('',(-11.96586160764,-3.841410447455,
    9.67068045996));
#3146 = CARTESIAN_POINT('',(-10.64412012538,-3.841410447455,
    9.67068045996));
#3147 = CARTESIAN_POINT('',(-11.34702844974,3.841410447455,9.67068045996
    ));
#3148 = CARTESIAN_POINT('',(-10.02528696748,3.841410447455,9.67068045996
    ));
#3149 = CARTESIAN_POINT('',(-10.71208269059,7.496402230976,
    4.649856634508));
#3150 = CARTESIAN_POINT('',(-9.390341208331,7.496402230976,
    4.649856634508));
#3151 = CARTESIAN_POINT('',(-10.08564870189,7.499999999999,
    1.836970198721E-15));
#3152 = CARTESIAN_POINT('',(-8.76390721964,7.499999999999,
    1.836970198721E-15));
#3153 = DEFINITIONAL_REPRESENTATION('',(#3154),#3158);
#3154 = LINE('',#3155,#3156);
#3155 = CARTESIAN_POINT('',(0.,0.));
#3156 = VECTOR('',#3157,1.);
#3157 = DIRECTION('',(0.,1.));
#3158 = ( GEOMETRIC_REPRESENTATION_CONTEXT(2) 
PARAMETRIC_REPRESENTATION_CONTEXT() REPRESENTATION_CONTEXT('2D SPACE',''
  ) );
#3159 = ORIENTED_EDGE('',*,*,#3160,.F.);
#3160 = EDGE_CURVE('',#2816,#3126,#3161,.T.);
#3161 = SURFACE_CURVE('',#3162,(#3169,#3203),.PCURVE_S1.);
#3162 = B_SPLINE_CURVE_WITH_KNOTS('',5,(#3163,#3164,#3165,#3166,#3167,
    #3168),.UNSPECIFIED.,.F.,.F.,(6,6),(0.,1.),
  .PIECEWISE_BEZIER_KNOTS.);
#3163 = CARTESIAN_POINT('',(-15.04709252682,7.499999999999,0.));
#3164 = CARTESIAN_POINT('',(-14.42067301885,7.496459798593,
    -4.649829532936));
#3165 = CARTESIAN_POINT('',(-13.78567629057,3.841248176104,
    -9.670705072962));
#3166 = CARTESIAN_POINT('',(-13.16691610947,-3.841248176104,
    -9.670705072962));
#3167 = CARTESIAN_POINT('',(-12.53191938119,-7.496459798593,
    -4.649829532936));
#3168 = CARTESIAN_POINT('',(-11.90549987323,-7.499999999999,
    -9.184850993604E-16));
#3169 = PCURVE('',#2830,#3170);
#3170 = DEFINITIONAL_REPRESENTATION('',(#3171),#3202);
#3171 = B_SPLINE_CURVE_WITH_KNOTS('',8,(#3172,#3173,#3174,#3175,#3176,
    #3177,#3178,#3179,#3180,#3181,#3182,#3183,#3184,#3185,#3186,#3187,
    #3188,#3189,#3190,#3191,#3192,#3193,#3194,#3195,#3196,#3197,#3198,
    #3199,#3200,#3201),.UNSPECIFIED.,.F.,.F.,(9,7,7,7,9),(0.,0.25,0.5,
    0.75,1.),.UNSPECIFIED.);
#3172 = CARTESIAN_POINT('',(0.,1.));
#3173 = CARTESIAN_POINT('',(3.124980793826E-02,1.));
#3174 = CARTESIAN_POINT('',(6.250191949534E-02,1.));
#3175 = CARTESIAN_POINT('',(9.374508332054E-02,1.));
#3176 = CARTESIAN_POINT('',(0.125003357014,1.));
#3177 = CARTESIAN_POINT('',(0.156249174367,1.));
#3178 = CARTESIAN_POINT('',(0.187500034342,1.));
#3179 = CARTESIAN_POINT('',(0.218749999321,1.));
#3180 = CARTESIAN_POINT('',(0.281249938568,1.));
#3181 = CARTESIAN_POINT('',(0.312500615067,1.));
#3182 = CARTESIAN_POINT('',(0.343750819649,1.));
#3183 = CARTESIAN_POINT('',(0.375000430504,1.));
#3184 = CARTESIAN_POINT('',(0.406249891821,1.));
#3185 = CARTESIAN_POINT('',(0.437499722818,1.));
#3186 = CARTESIAN_POINT('',(0.468750026763,1.));
#3187 = CARTESIAN_POINT('',(0.531249973237,1.));
#3188 = CARTESIAN_POINT('',(0.562500277182,1.));
#3189 = CARTESIAN_POINT('',(0.593750108179,1.));
#3190 = CARTESIAN_POINT('',(0.624999569496,1.));
#3191 = CARTESIAN_POINT('',(0.656249180351,1.));
#3192 = CARTESIAN_POINT('',(0.687499384933,1.));
#3193 = CARTESIAN_POINT('',(0.718750061432,1.));
#3194 = CARTESIAN_POINT('',(0.781250000679,1.));
#3195 = CARTESIAN_POINT('',(0.812499965658,1.));
#3196 = CARTESIAN_POINT('',(0.843750825633,1.));
#3197 = CARTESIAN_POINT('',(0.874996642986,1.));
#3198 = CARTESIAN_POINT('',(0.906254916679,1.));
#3199 = CARTESIAN_POINT('',(0.937498080505,1.));
#3200 = CARTESIAN_POINT('',(0.968750192062,1.));
#3201 = CARTESIAN_POINT('',(1.,1.));
#3202 = ( GEOMETRIC_REPRESENTATION_CONTEXT(2) 
PARAMETRIC_REPRESENTATION_CONTEXT() REPRESENTATION_CONTEXT('2D SPACE',''
  ) );
#3203 = PCURVE('',#3024,#3204);
#3204 = DEFINITIONAL_REPRESENTATION('',(#3205),#3209);
#3205 = LINE('',#3206,#3207);
#3206 = CARTESIAN_POINT('',(0.,0.));
#3207 = VECTOR('',#3208,1.);
#3208 = DIRECTION('',(1.,0.));
#3209 = ( GEOMETRIC_REPRESENTATION_CONTEXT(2) 
PARAMETRIC_REPRESENTATION_CONTEXT() REPRESENTATION_CONTEXT('2D SPACE',''
  ) );
#3210 = ADVANCED_FACE('',(#3211),#2919,.F.);
#3211 = FACE_BOUND('',#3212,.F.);
#3212 = EDGE_LOOP('',(#3213,#3214,#3215,#3248));
#3213 = ORIENTED_EDGE('',*,*,#2906,.F.);
#3214 = ORIENTED_EDGE('',*,*,#2980,.T.);
#3215 = ORIENTED_EDGE('',*,*,#3216,.T.);
#3216 = EDGE_CURVE('',#2946,#3073,#3217,.T.);
#3217 = SURFACE_CURVE('',#3218,(#3221,#3228),.PCURVE_S1.);
#3218 = B_SPLINE_CURVE_WITH_KNOTS('',1,(#3219,#3220),.UNSPECIFIED.,.F.,
  .F.,(2,2),(0.,1.),.PIECEWISE_BEZIER_KNOTS.);
#3219 = CARTESIAN_POINT('',(-14.86510740968,-11.99999999999,
    -1.469576158977E-15));
#3220 = CARTESIAN_POINT('',(-13.22724135548,-7.499999999999,
    -9.184850993604E-16));
#3221 = PCURVE('',#2919,#3222);
#3222 = DEFINITIONAL_REPRESENTATION('',(#3223),#3227);
#3223 = LINE('',#3224,#3225);
#3224 = CARTESIAN_POINT('',(1.,0.));
#3225 = VECTOR('',#3226,1.);
#3226 = DIRECTION('',(0.,1.));
#3227 = ( GEOMETRIC_REPRESENTATION_CONTEXT(2) 
PARAMETRIC_REPRESENTATION_CONTEXT() REPRESENTATION_CONTEXT('2D SPACE',''
  ) );
#3228 = PCURVE('',#3229,#3242);
#3229 = B_SPLINE_SURFACE_WITH_KNOTS('',5,1,(
    (#3230,#3231)
    ,(#3232,#3233)
    ,(#3234,#3235)
    ,(#3236,#3237)
    ,(#3238,#3239)
    ,(#3240,#3241
    )),.UNSPECIFIED.,.F.,.F.,.F.,(6,6),(2,2),(0.,1.),(0.,1.),
  .PIECEWISE_BEZIER_KNOTS.);
#3230 = CARTESIAN_POINT('',(-14.86510740968,-11.99999999999,
    -1.469576158977E-15));
#3231 = CARTESIAN_POINT('',(-13.22724135548,-7.499999999999,
    -9.184850993604E-16));
#3232 = CARTESIAN_POINT('',(-14.23868790172,-11.99433567774,
    7.439727252697));
#3233 = CARTESIAN_POINT('',(-12.60082184752,-7.496459798593,
    4.649829532936));
#3234 = CARTESIAN_POINT('',(-13.60369117344,-6.145997081766,
    15.473128116739));
#3235 = CARTESIAN_POINT('',(-11.96582511924,-3.841248176104,
    9.670705072962));
#3236 = CARTESIAN_POINT('',(-12.98493099234,6.145997081766,
    15.47312811674));
#3237 = CARTESIAN_POINT('',(-11.34706493814,3.841248176104,
    9.670705072962));
#3238 = CARTESIAN_POINT('',(-12.34993426405,11.994335677749,
    7.439727252697));
#3239 = CARTESIAN_POINT('',(-10.71206820986,7.496459798593,
    4.649829532936));
#3240 = CARTESIAN_POINT('',(-11.72351475609,11.999999999999,
    2.939152317953E-15));
#3241 = CARTESIAN_POINT('',(-10.08564870189,7.499999999999,
    1.836970198721E-15));
#3242 = DEFINITIONAL_REPRESENTATION('',(#3243),#3247);
#3243 = LINE('',#3244,#3245);
#3244 = CARTESIAN_POINT('',(0.,0.));
#3245 = VECTOR('',#3246,1.);
#3246 = DIRECTION('',(0.,1.));
#3247 = ( GEOMETRIC_REPRESENTATION_CONTEXT(2) 
PARAMETRIC_REPRESENTATION_CONTEXT() REPRESENTATION_CONTEXT('2D SPACE',''
  ) );
#3248 = ORIENTED_EDGE('',*,*,#3072,.F.);
#3249 = ADVANCED_FACE('',(#3250),#2960,.F.);
#3250 = FACE_BOUND('',#3251,.F.);
#3251 = EDGE_LOOP('',(#3252,#3253,#3254,#3289));
#3252 = ORIENTED_EDGE('',*,*,#2945,.F.);
#3253 = ORIENTED_EDGE('',*,*,#3044,.T.);
#3254 = ORIENTED_EDGE('',*,*,#3255,.T.);
#3255 = EDGE_CURVE('',#3010,#3256,#3258,.T.);
#3256 = VERTEX_POINT('',#3257);
#3257 = CARTESIAN_POINT('',(-11.72351475609,11.999999999999,
    1.469576160001E-15));
#3258 = SURFACE_CURVE('',#3259,(#3262,#3269),.PCURVE_S1.);
#3259 = B_SPLINE_CURVE_WITH_KNOTS('',1,(#3260,#3261),.UNSPECIFIED.,.F.,
  .F.,(2,2),(0.,1.),.PIECEWISE_BEZIER_KNOTS.);
#3260 = CARTESIAN_POINT('',(-13.40922647262,11.999999999999,
    2.939152317953E-15));
#3261 = CARTESIAN_POINT('',(-11.72351475609,11.999999999999,
    2.939152317953E-15));
#3262 = PCURVE('',#2960,#3263);
#3263 = DEFINITIONAL_REPRESENTATION('',(#3264),#3268);
#3264 = LINE('',#3265,#3266);
#3265 = CARTESIAN_POINT('',(1.,0.));
#3266 = VECTOR('',#3267,1.);
#3267 = DIRECTION('',(0.,1.));
#3268 = ( GEOMETRIC_REPRESENTATION_CONTEXT(2) 
PARAMETRIC_REPRESENTATION_CONTEXT() REPRESENTATION_CONTEXT('2D SPACE',''
  ) );
#3269 = PCURVE('',#3270,#3283);
#3270 = B_SPLINE_SURFACE_WITH_KNOTS('',5,1,(
    (#3271,#3272)
    ,(#3273,#3274)
    ,(#3275,#3276)
    ,(#3277,#3278)
    ,(#3279,#3280)
    ,(#3281,#3282
    )),.UNSPECIFIED.,.F.,.F.,.F.,(6,6),(2,2),(0.,1.),(0.,1.),
  .PIECEWISE_BEZIER_KNOTS.);
#3271 = CARTESIAN_POINT('',(-13.40922647262,11.999999999999,0.));
#3272 = CARTESIAN_POINT('',(-11.72351475609,11.999999999999,0.));
#3273 = CARTESIAN_POINT('',(-12.78281268181,11.994372043523,
    -7.439710133806));
#3274 = CARTESIAN_POINT('',(-11.09710096529,11.994372043523,
    -7.439710133806));
#3275 = CARTESIAN_POINT('',(-12.14779583014,6.145894572788,
    -15.47314366417));
#3276 = CARTESIAN_POINT('',(-10.46208411361,6.145894572788,
    -15.47314366417));
#3277 = CARTESIAN_POINT('',(-11.52906446151,-6.145894572788,
    -15.47314366417));
#3278 = CARTESIAN_POINT('',(-9.843352744986,-6.145894572788,
    -15.47314366417));
#3279 = CARTESIAN_POINT('',(-10.89404760983,-11.99437204352,
    -7.439710133805));
#3280 = CARTESIAN_POINT('',(-9.20833589331,-11.99437204352,
    -7.439710133805));
#3281 = CARTESIAN_POINT('',(-10.26763381903,-11.99999999999,
    -1.469576158977E-15));
#3282 = CARTESIAN_POINT('',(-8.581922102507,-11.99999999999,
    -1.469576158977E-15));
#3283 = DEFINITIONAL_REPRESENTATION('',(#3284),#3288);
#3284 = LINE('',#3285,#3286);
#3285 = CARTESIAN_POINT('',(0.,0.));
#3286 = VECTOR('',#3287,1.);
#3287 = DIRECTION('',(0.,1.));
#3288 = ( GEOMETRIC_REPRESENTATION_CONTEXT(2) 
PARAMETRIC_REPRESENTATION_CONTEXT() REPRESENTATION_CONTEXT('2D SPACE',''
  ) );
#3289 = ORIENTED_EDGE('',*,*,#3290,.F.);
#3290 = EDGE_CURVE('',#2946,#3256,#3291,.T.);
#3291 = SURFACE_CURVE('',#3292,(#3299,#3306),.PCURVE_S1.);
#3292 = B_SPLINE_CURVE_WITH_KNOTS('',5,(#3293,#3294,#3295,#3296,#3297,
    #3298),.UNSPECIFIED.,.F.,.F.,(6,6),(0.,1.),
  .PIECEWISE_BEZIER_KNOTS.);
#3293 = CARTESIAN_POINT('',(-14.86510740968,-11.99999999999,
    -1.469576158977E-15));
#3294 = CARTESIAN_POINT('',(-14.23869361888,-11.99437204352,
    7.439710133806));
#3295 = CARTESIAN_POINT('',(-13.6036767672,-6.145894572788,
    15.473143664178));
#3296 = CARTESIAN_POINT('',(-12.98494539857,6.145894572788,
    15.473143664179));
#3297 = CARTESIAN_POINT('',(-12.34992854689,11.994372043523,
    7.439710133805));
#3298 = CARTESIAN_POINT('',(-11.72351475609,11.999999999999,
    2.939152317953E-15));
#3299 = PCURVE('',#2960,#3300);
#3300 = DEFINITIONAL_REPRESENTATION('',(#3301),#3305);
#3301 = LINE('',#3302,#3303);
#3302 = CARTESIAN_POINT('',(0.,1.));
#3303 = VECTOR('',#3304,1.);
#3304 = DIRECTION('',(1.,0.));
#3305 = ( GEOMETRIC_REPRESENTATION_CONTEXT(2) 
PARAMETRIC_REPRESENTATION_CONTEXT() REPRESENTATION_CONTEXT('2D SPACE',''
  ) );
#3306 = PCURVE('',#3229,#3307);
#3307 = DEFINITIONAL_REPRESENTATION('',(#3308),#3312);
#3308 = LINE('',#3309,#3310);
#3309 = CARTESIAN_POINT('',(0.,0.));
#3310 = VECTOR('',#3311,1.);
#3311 = DIRECTION('',(1.,0.));
#3312 = ( GEOMETRIC_REPRESENTATION_CONTEXT(2) 
PARAMETRIC_REPRESENTATION_CONTEXT() REPRESENTATION_CONTEXT('2D SPACE',''
  ) );
#3313 = ADVANCED_FACE('',(#3314),#3024,.F.);
#3314 = FACE_BOUND('',#3315,.F.);
#3315 = EDGE_LOOP('',(#3316,#3317,#3318,#3353));
#3316 = ORIENTED_EDGE('',*,*,#3009,.F.);
#3317 = ORIENTED_EDGE('',*,*,#3160,.T.);
#3318 = ORIENTED_EDGE('',*,*,#3319,.T.);
#3319 = EDGE_CURVE('',#3126,#3320,#3322,.T.);
#3320 = VERTEX_POINT('',#3321);
#3321 = CARTESIAN_POINT('',(-10.26763381903,-11.99999999999,
    -1.469576158977E-15));
#3322 = SURFACE_CURVE('',#3323,(#3326,#3333),.PCURVE_S1.);
#3323 = B_SPLINE_CURVE_WITH_KNOTS('',1,(#3324,#3325),.UNSPECIFIED.,.F.,
  .F.,(2,2),(0.,1.),.PIECEWISE_BEZIER_KNOTS.);
#3324 = CARTESIAN_POINT('',(-11.90549987323,-7.499999999999,
    -9.184850993604E-16));
#3325 = CARTESIAN_POINT('',(-10.26763381903,-11.99999999999,
    -1.469576158977E-15));
#3326 = PCURVE('',#3024,#3327);
#3327 = DEFINITIONAL_REPRESENTATION('',(#3328),#3332);
#3328 = LINE('',#3329,#3330);
#3329 = CARTESIAN_POINT('',(1.,0.));
#3330 = VECTOR('',#3331,1.);
#3331 = DIRECTION('',(0.,1.));
#3332 = ( GEOMETRIC_REPRESENTATION_CONTEXT(2) 
PARAMETRIC_REPRESENTATION_CONTEXT() REPRESENTATION_CONTEXT('2D SPACE',''
  ) );
#3333 = PCURVE('',#3334,#3347);
#3334 = B_SPLINE_SURFACE_WITH_KNOTS('',5,1,(
    (#3335,#3336)
    ,(#3337,#3338)
    ,(#3339,#3340)
    ,(#3341,#3342)
    ,(#3343,#3344)
    ,(#3345,#3346
    )),.UNSPECIFIED.,.F.,.F.,.F.,(6,6),(2,2),(0.,1.),(0.,1.),
  .PIECEWISE_BEZIER_KNOTS.);
#3335 = CARTESIAN_POINT('',(-11.90549987323,-7.499999999999,
    -9.184850993604E-16));
#3336 = CARTESIAN_POINT('',(-10.26763381903,-11.99999999999,
    -1.469576158977E-15));
#3337 = CARTESIAN_POINT('',(-11.27908036526,-7.496459798593,
    4.649829532936));
#3338 = CARTESIAN_POINT('',(-9.641214311069,-11.99433567774,
    7.439727252697));
#3339 = CARTESIAN_POINT('',(-10.64408363698,-3.841248176104,
    9.670705072962));
#3340 = CARTESIAN_POINT('',(-9.006217582788,-6.145997081766,
    15.473128116739));
#3341 = CARTESIAN_POINT('',(-10.02532345588,3.841248176104,
    9.670705072962));
#3342 = CARTESIAN_POINT('',(-8.387457401686,6.145997081766,
    15.47312811674));
#3343 = CARTESIAN_POINT('',(-9.390326727603,7.496459798593,
    4.649829532936));
#3344 = CARTESIAN_POINT('',(-7.752460673405,11.994335677749,
    7.439727252697));
#3345 = CARTESIAN_POINT('',(-8.76390721964,7.499999999999,
    1.836970198721E-15));
#3346 = CARTESIAN_POINT('',(-7.126041165442,11.999999999999,
    2.939152317953E-15));
#3347 = DEFINITIONAL_REPRESENTATION('',(#3348),#3352);
#3348 = LINE('',#3349,#3350);
#3349 = CARTESIAN_POINT('',(0.,0.));
#3350 = VECTOR('',#3351,1.);
#3351 = DIRECTION('',(0.,1.));
#3352 = ( GEOMETRIC_REPRESENTATION_CONTEXT(2) 
PARAMETRIC_REPRESENTATION_CONTEXT() REPRESENTATION_CONTEXT('2D SPACE',''
  ) );
#3353 = ORIENTED_EDGE('',*,*,#3354,.F.);
#3354 = EDGE_CURVE('',#3010,#3320,#3355,.T.);
#3355 = SURFACE_CURVE('',#3356,(#3363,#3370),.PCURVE_S1.);
#3356 = B_SPLINE_CURVE_WITH_KNOTS('',5,(#3357,#3358,#3359,#3360,#3361,
    #3362),.UNSPECIFIED.,.F.,.F.,(6,6),(0.,1.),
  .PIECEWISE_BEZIER_KNOTS.);
#3357 = CARTESIAN_POINT('',(-13.40922647262,11.999999999999,0.));
#3358 = CARTESIAN_POINT('',(-12.78281268181,11.994372043523,
    -7.439710133806));
#3359 = CARTESIAN_POINT('',(-12.14779583014,6.145894572788,
    -15.47314366417));
#3360 = CARTESIAN_POINT('',(-11.52906446151,-6.145894572788,
    -15.47314366417));
#3361 = CARTESIAN_POINT('',(-10.89404760983,-11.99437204352,
    -7.439710133805));
#3362 = CARTESIAN_POINT('',(-10.26763381903,-11.99999999999,
    -1.469576158977E-15));
#3363 = PCURVE('',#3024,#3364);
#3364 = DEFINITIONAL_REPRESENTATION('',(#3365),#3369);
#3365 = LINE('',#3366,#3367);
#3366 = CARTESIAN_POINT('',(0.,1.));
#3367 = VECTOR('',#3368,1.);
#3368 = DIRECTION('',(1.,0.));
#3369 = ( GEOMETRIC_REPRESENTATION_CONTEXT(2) 
PARAMETRIC_REPRESENTATION_CONTEXT() REPRESENTATION_CONTEXT('2D SPACE',''
  ) );
#3370 = PCURVE('',#3270,#3371);
#3371 = DEFINITIONAL_REPRESENTATION('',(#3372),#3376);
#3372 = LINE('',#3373,#3374);
#3373 = CARTESIAN_POINT('',(0.,0.));
#3374 = VECTOR('',#3375,1.);
#3375 = DIRECTION('',(1.,0.));
#3376 = ( GEOMETRIC_REPRESENTATION_CONTEXT(2) 
PARAMETRIC_REPRESENTATION_CONTEXT() REPRESENTATION_CONTEXT('2D SPACE',''
  ) );
#3377 = ADVANCED_FACE('',(#3378),#3140,.F.);
#3378 = FACE_BOUND('',#3379,.F.);
#3379 = EDGE_LOOP('',(#3380,#3381,#3434,#3469));
#3380 = ORIENTED_EDGE('',*,*,#3125,.F.);
#3381 = ORIENTED_EDGE('',*,*,#3382,.T.);
#3382 = EDGE_CURVE('',#3073,#3383,#3385,.T.);
#3383 = VERTEX_POINT('',#3384);
#3384 = CARTESIAN_POINT('',(-10.08564870189,7.499999999999,
    9.184850993604E-16));
#3385 = SURFACE_CURVE('',#3386,(#3393,#3427),.PCURVE_S1.);
#3386 = B_SPLINE_CURVE_WITH_KNOTS('',5,(#3387,#3388,#3389,#3390,#3391,
    #3392),.UNSPECIFIED.,.F.,.F.,(6,6),(0.,1.),
  .PIECEWISE_BEZIER_KNOTS.);
#3387 = CARTESIAN_POINT('',(-13.22724135548,-7.499999999999,
    -9.184850993604E-16));
#3388 = CARTESIAN_POINT('',(-12.60082184752,-7.496459798593,
    4.649829532936));
#3389 = CARTESIAN_POINT('',(-11.96582511924,-3.841248176104,
    9.670705072962));
#3390 = CARTESIAN_POINT('',(-11.34706493814,3.841248176104,
    9.670705072962));
#3391 = CARTESIAN_POINT('',(-10.71206820986,7.496459798593,
    4.649829532936));
#3392 = CARTESIAN_POINT('',(-10.08564870189,7.499999999999,
    1.836970198721E-15));
#3393 = PCURVE('',#3140,#3394);
#3394 = DEFINITIONAL_REPRESENTATION('',(#3395),#3426);
#3395 = B_SPLINE_CURVE_WITH_KNOTS('',8,(#3396,#3397,#3398,#3399,#3400,
    #3401,#3402,#3403,#3404,#3405,#3406,#3407,#3408,#3409,#3410,#3411,
    #3412,#3413,#3414,#3415,#3416,#3417,#3418,#3419,#3420,#3421,#3422,
    #3423,#3424,#3425),.UNSPECIFIED.,.F.,.F.,(9,7,7,7,9),(0.,0.25,0.5,
    0.75,1.),.UNSPECIFIED.);
#3396 = CARTESIAN_POINT('',(-2.775557561563E-17,0.));
#3397 = CARTESIAN_POINT('',(3.124980793826E-02,0.));
#3398 = CARTESIAN_POINT('',(6.250191949534E-02,0.));
#3399 = CARTESIAN_POINT('',(9.374508332054E-02,0.));
#3400 = CARTESIAN_POINT('',(0.125003357014,0.));
#3401 = CARTESIAN_POINT('',(0.156249174367,0.));
#3402 = CARTESIAN_POINT('',(0.187500034342,0.));
#3403 = CARTESIAN_POINT('',(0.218749999321,0.));
#3404 = CARTESIAN_POINT('',(0.281249938568,0.));
#3405 = CARTESIAN_POINT('',(0.312500615067,0.));
#3406 = CARTESIAN_POINT('',(0.343750819649,0.));
#3407 = CARTESIAN_POINT('',(0.375000430504,0.));
#3408 = CARTESIAN_POINT('',(0.406249891821,0.));
#3409 = CARTESIAN_POINT('',(0.437499722818,0.));
#3410 = CARTESIAN_POINT('',(0.468750026763,0.));
#3411 = CARTESIAN_POINT('',(0.531249973237,0.));
#3412 = CARTESIAN_POINT('',(0.562500277182,0.));
#3413 = CARTESIAN_POINT('',(0.593750108179,0.));
#3414 = CARTESIAN_POINT('',(0.624999569496,0.));
#3415 = CARTESIAN_POINT('',(0.656249180351,0.));
#3416 = CARTESIAN_POINT('',(0.687499384933,0.));
#3417 = CARTESIAN_POINT('',(0.718750061432,0.));
#3418 = CARTESIAN_POINT('',(0.781250000679,0.));
#3419 = CARTESIAN_POINT('',(0.812499965658,0.));
#3420 = CARTESIAN_POINT('',(0.843750825633,0.));
#3421 = CARTESIAN_POINT('',(0.874996642986,0.));
#3422 = CARTESIAN_POINT('',(0.906254916679,0.));
#3423 = CARTESIAN_POINT('',(0.937498080505,0.));
#3424 = CARTESIAN_POINT('',(0.968750192062,0.));
#3425 = CARTESIAN_POINT('',(1.,0.));
#3426 = ( GEOMETRIC_REPRESENTATION_CONTEXT(2) 
PARAMETRIC_REPRESENTATION_CONTEXT() REPRESENTATION_CONTEXT('2D SPACE',''
  ) );
#3427 = PCURVE('',#3229,#3428);
#3428 = DEFINITIONAL_REPRESENTATION('',(#3429),#3433);
#3429 = LINE('',#3430,#3431);
#3430 = CARTESIAN_POINT('',(0.,1.));
#3431 = VECTOR('',#3432,1.);
#3432 = DIRECTION('',(1.,0.));
#3433 = ( GEOMETRIC_REPRESENTATION_CONTEXT(2) 
PARAMETRIC_REPRESENTATION_CONTEXT() REPRESENTATION_CONTEXT('2D SPACE',''
  ) );
#3434 = ORIENTED_EDGE('',*,*,#3435,.T.);
#3435 = EDGE_CURVE('',#3383,#3436,#3438,.T.);
#3436 = VERTEX_POINT('',#3437);
#3437 = CARTESIAN_POINT('',(-8.76390721964,7.499999999999,
    9.184850993604E-16));
#3438 = SURFACE_CURVE('',#3439,(#3442,#3449),.PCURVE_S1.);
#3439 = B_SPLINE_CURVE_WITH_KNOTS('',1,(#3440,#3441),.UNSPECIFIED.,.F.,
  .F.,(2,2),(0.,1.),.PIECEWISE_BEZIER_KNOTS.);
#3440 = CARTESIAN_POINT('',(-10.08564870189,7.499999999999,
    1.836970198721E-15));
#3441 = CARTESIAN_POINT('',(-8.76390721964,7.499999999999,
    1.836970198721E-15));
#3442 = PCURVE('',#3140,#3443);
#3443 = DEFINITIONAL_REPRESENTATION('',(#3444),#3448);
#3444 = LINE('',#3445,#3446);
#3445 = CARTESIAN_POINT('',(1.,0.));
#3446 = VECTOR('',#3447,1.);
#3447 = DIRECTION('',(0.,1.));
#3448 = ( GEOMETRIC_REPRESENTATION_CONTEXT(2) 
PARAMETRIC_REPRESENTATION_CONTEXT() REPRESENTATION_CONTEXT('2D SPACE',''
  ) );
#3449 = PCURVE('',#3450,#3463);
#3450 = B_SPLINE_SURFACE_WITH_KNOTS('',5,1,(
    (#3451,#3452)
    ,(#3453,#3454)
    ,(#3455,#3456)
    ,(#3457,#3458)
    ,(#3459,#3460)
    ,(#3461,#3462
    )),.UNSPECIFIED.,.F.,.F.,.F.,(6,6),(2,2),(0.,1.),(0.,1.),
  .PIECEWISE_BEZIER_KNOTS.);
#3451 = CARTESIAN_POINT('',(-10.08564870189,7.499999999999,0.));
#3452 = CARTESIAN_POINT('',(-8.76390721964,7.499999999999,0.));
#3453 = CARTESIAN_POINT('',(-9.459214713207,7.496402230976,
    -4.649856634508));
#3454 = CARTESIAN_POINT('',(-8.137473230949,7.496402230976,
    -4.649856634508));
#3455 = CARTESIAN_POINT('',(-8.82426895405,3.841410447455,-9.67068045996
    ));
#3456 = CARTESIAN_POINT('',(-7.502527471791,3.841410447455,
    -9.67068045996));
#3457 = CARTESIAN_POINT('',(-8.205435796157,-3.841410447455,
    -9.67068045996));
#3458 = CARTESIAN_POINT('',(-6.883694313899,-3.841410447455,
    -9.67068045996));
#3459 = CARTESIAN_POINT('',(-7.570490037,-7.496402230976,-4.649856634508
    ));
#3460 = CARTESIAN_POINT('',(-6.248748554742,-7.496402230976,
    -4.649856634508));
#3461 = CARTESIAN_POINT('',(-6.944056048309,-7.499999999999,
    -9.184850993604E-16));
#3462 = CARTESIAN_POINT('',(-5.62231456605,-7.499999999999,
    -9.184850993604E-16));
#3463 = DEFINITIONAL_REPRESENTATION('',(#3464),#3468);
#3464 = LINE('',#3465,#3466);
#3465 = CARTESIAN_POINT('',(0.,0.));
#3466 = VECTOR('',#3467,1.);
#3467 = DIRECTION('',(0.,1.));
#3468 = ( GEOMETRIC_REPRESENTATION_CONTEXT(2) 
PARAMETRIC_REPRESENTATION_CONTEXT() REPRESENTATION_CONTEXT('2D SPACE',''
  ) );
#3469 = ORIENTED_EDGE('',*,*,#3470,.F.);
#3470 = EDGE_CURVE('',#3126,#3436,#3471,.T.);
#3471 = SURFACE_CURVE('',#3472,(#3479,#3513),.PCURVE_S1.);
#3472 = B_SPLINE_CURVE_WITH_KNOTS('',5,(#3473,#3474,#3475,#3476,#3477,
    #3478),.UNSPECIFIED.,.F.,.F.,(6,6),(0.,1.),
  .PIECEWISE_BEZIER_KNOTS.);
#3473 = CARTESIAN_POINT('',(-11.90549987323,-7.499999999999,
    -9.184850993604E-16));
#3474 = CARTESIAN_POINT('',(-11.27908036526,-7.496459798593,
    4.649829532936));
#3475 = CARTESIAN_POINT('',(-10.64408363698,-3.841248176104,
    9.670705072962));
#3476 = CARTESIAN_POINT('',(-10.02532345588,3.841248176104,
    9.670705072962));
#3477 = CARTESIAN_POINT('',(-9.390326727603,7.496459798593,
    4.649829532936));
#3478 = CARTESIAN_POINT('',(-8.76390721964,7.499999999999,
    1.836970198721E-15));
#3479 = PCURVE('',#3140,#3480);
#3480 = DEFINITIONAL_REPRESENTATION('',(#3481),#3512);
#3481 = B_SPLINE_CURVE_WITH_KNOTS('',8,(#3482,#3483,#3484,#3485,#3486,
    #3487,#3488,#3489,#3490,#3491,#3492,#3493,#3494,#3495,#3496,#3497,
    #3498,#3499,#3500,#3501,#3502,#3503,#3504,#3505,#3506,#3507,#3508,
    #3509,#3510,#3511),.UNSPECIFIED.,.F.,.F.,(9,7,7,7,9),(0.,0.25,0.5,
    0.75,1.),.UNSPECIFIED.);
#3482 = CARTESIAN_POINT('',(-1.387778780781E-17,1.));
#3483 = CARTESIAN_POINT('',(3.124980793826E-02,1.));
#3484 = CARTESIAN_POINT('',(6.250191949534E-02,1.));
#3485 = CARTESIAN_POINT('',(9.374508332054E-02,1.));
#3486 = CARTESIAN_POINT('',(0.125003357014,1.));
#3487 = CARTESIAN_POINT('',(0.156249174367,1.));
#3488 = CARTESIAN_POINT('',(0.187500034342,1.));
#3489 = CARTESIAN_POINT('',(0.218749999321,1.));
#3490 = CARTESIAN_POINT('',(0.281249938568,1.));
#3491 = CARTESIAN_POINT('',(0.312500615067,1.));
#3492 = CARTESIAN_POINT('',(0.343750819649,1.));
#3493 = CARTESIAN_POINT('',(0.375000430504,1.));
#3494 = CARTESIAN_POINT('',(0.406249891821,1.));
#3495 = CARTESIAN_POINT('',(0.437499722818,1.));
#3496 = CARTESIAN_POINT('',(0.468750026763,1.));
#3497 = CARTESIAN_POINT('',(0.531249973237,1.));
#3498 = CARTESIAN_POINT('',(0.562500277182,1.));
#3499 = CARTESIAN_POINT('',(0.593750108179,1.));
#3500 = CARTESIAN_POINT('',(0.624999569496,1.));
#3501 = CARTESIAN_POINT('',(0.656249180351,1.));
#3502 = CARTESIAN_POINT('',(0.687499384933,1.));
#3503 = CARTESIAN_POINT('',(0.718750061432,1.));
#3504 = CARTESIAN_POINT('',(0.781250000679,1.));
#3505 = CARTESIAN_POINT('',(0.812499965658,1.));
#3506 = CARTESIAN_POINT('',(0.843750825633,1.));
#3507 = CARTESIAN_POINT('',(0.874996642986,1.));
#3508 = CARTESIAN_POINT('',(0.906254916679,1.));
#3509 = CARTESIAN_POINT('',(0.937498080505,1.));
#3510 = CARTESIAN_POINT('',(0.968750192062,1.));
#3511 = CARTESIAN_POINT('',(1.,1.));
#3512 = ( GEOMETRIC_REPRESENTATION_CONTEXT(2) 
PARAMETRIC_REPRESENTATION_CONTEXT() REPRESENTATION_CONTEXT('2D SPACE',''
  ) );
#3513 = PCURVE('',#3334,#3514);
#3514 = DEFINITIONAL_REPRESENTATION('',(#3515),#3519);
#3515 = LINE('',#3516,#3517);
#3516 = CARTESIAN_POINT('',(0.,0.));
#3517 = VECTOR('',#3518,1.);
#3518 = DIRECTION('',(1.,0.));
#3519 = ( GEOMETRIC_REPRESENTATION_CONTEXT(2) 
PARAMETRIC_REPRESENTATION_CONTEXT() REPRESENTATION_CONTEXT('2D SPACE',''
  ) );
#3520 = ADVANCED_FACE('',(#3521),#3229,.F.);
#3521 = FACE_BOUND('',#3522,.F.);
#3522 = EDGE_LOOP('',(#3523,#3524,#3525,#3558));
#3523 = ORIENTED_EDGE('',*,*,#3216,.F.);
#3524 = ORIENTED_EDGE('',*,*,#3290,.T.);
#3525 = ORIENTED_EDGE('',*,*,#3526,.T.);
#3526 = EDGE_CURVE('',#3256,#3383,#3527,.T.);
#3527 = SURFACE_CURVE('',#3528,(#3531,#3538),.PCURVE_S1.);
#3528 = B_SPLINE_CURVE_WITH_KNOTS('',1,(#3529,#3530),.UNSPECIFIED.,.F.,
  .F.,(2,2),(0.,1.),.PIECEWISE_BEZIER_KNOTS.);
#3529 = CARTESIAN_POINT('',(-11.72351475609,11.999999999999,
    2.939152317953E-15));
#3530 = CARTESIAN_POINT('',(-10.08564870189,7.499999999999,
    1.836970198721E-15));
#3531 = PCURVE('',#3229,#3532);
#3532 = DEFINITIONAL_REPRESENTATION('',(#3533),#3537);
#3533 = LINE('',#3534,#3535);
#3534 = CARTESIAN_POINT('',(1.,0.));
#3535 = VECTOR('',#3536,1.);
#3536 = DIRECTION('',(0.,1.));
#3537 = ( GEOMETRIC_REPRESENTATION_CONTEXT(2) 
PARAMETRIC_REPRESENTATION_CONTEXT() REPRESENTATION_CONTEXT('2D SPACE',''
  ) );
#3538 = PCURVE('',#3539,#3552);
#3539 = B_SPLINE_SURFACE_WITH_KNOTS('',5,1,(
    (#3540,#3541)
    ,(#3542,#3543)
    ,(#3544,#3545)
    ,(#3546,#3547)
    ,(#3548,#3549)
    ,(#3550,#3551
    )),.UNSPECIFIED.,.F.,.F.,.F.,(6,6),(2,2),(0.,1.),(0.,1.),
  .PIECEWISE_BEZIER_KNOTS.);
#3540 = CARTESIAN_POINT('',(-11.72351475609,11.999999999999,0.));
#3541 = CARTESIAN_POINT('',(-10.08564870189,7.499999999999,0.));
#3542 = CARTESIAN_POINT('',(-11.09709524813,11.994335677749,
    -7.439727252697));
#3543 = CARTESIAN_POINT('',(-9.459229193936,7.496459798593,
    -4.649829532936));
#3544 = CARTESIAN_POINT('',(-10.46209851985,6.145997081766,
    -15.47312811673));
#3545 = CARTESIAN_POINT('',(-8.824232465655,3.841248176104,
    -9.670705072962));
#3546 = CARTESIAN_POINT('',(-9.84333833875,-6.145997081766,
    -15.47312811674));
#3547 = CARTESIAN_POINT('',(-8.205472284553,-3.841248176104,
    -9.670705072962));
#3548 = CARTESIAN_POINT('',(-9.20834161047,-11.99433567774,
    -7.439727252697));
#3549 = CARTESIAN_POINT('',(-7.570475556272,-7.496459798593,
    -4.649829532936));
#3550 = CARTESIAN_POINT('',(-8.581922102507,-11.99999999999,
    -1.469576158977E-15));
#3551 = CARTESIAN_POINT('',(-6.944056048309,-7.499999999999,
    -9.184850993604E-16));
#3552 = DEFINITIONAL_REPRESENTATION('',(#3553),#3557);
#3553 = LINE('',#3554,#3555);
#3554 = CARTESIAN_POINT('',(0.,0.));
#3555 = VECTOR('',#3556,1.);
#3556 = DIRECTION('',(0.,1.));
#3557 = ( GEOMETRIC_REPRESENTATION_CONTEXT(2) 
PARAMETRIC_REPRESENTATION_CONTEXT() REPRESENTATION_CONTEXT('2D SPACE',''
  ) );
#3558 = ORIENTED_EDGE('',*,*,#3382,.F.);
#3559 = ADVANCED_FACE('',(#3560),#3270,.F.);
#3560 = FACE_BOUND('',#3561,.F.);
#3561 = EDGE_LOOP('',(#3562,#3563,#3564,#3599));
#3562 = ORIENTED_EDGE('',*,*,#3255,.F.);
#3563 = ORIENTED_EDGE('',*,*,#3354,.T.);
#3564 = ORIENTED_EDGE('',*,*,#3565,.T.);
#3565 = EDGE_CURVE('',#3320,#3566,#3568,.T.);
#3566 = VERTEX_POINT('',#3567);
#3567 = CARTESIAN_POINT('',(-8.581922102507,-11.99999999999,
    -1.469576158977E-15));
#3568 = SURFACE_CURVE('',#3569,(#3572,#3579),.PCURVE_S1.);
#3569 = B_SPLINE_CURVE_WITH_KNOTS('',1,(#3570,#3571),.UNSPECIFIED.,.F.,
  .F.,(2,2),(0.,1.),.PIECEWISE_BEZIER_KNOTS.);
#3570 = CARTESIAN_POINT('',(-10.26763381903,-11.99999999999,
    -1.469576158977E-15));
#3571 = CARTESIAN_POINT('',(-8.581922102507,-11.99999999999,
    -1.469576158977E-15));
#3572 = PCURVE('',#3270,#3573);
#3573 = DEFINITIONAL_REPRESENTATION('',(#3574),#3578);
#3574 = LINE('',#3575,#3576);
#3575 = CARTESIAN_POINT('',(1.,0.));
#3576 = VECTOR('',#3577,1.);
#3577 = DIRECTION('',(0.,1.));
#3578 = ( GEOMETRIC_REPRESENTATION_CONTEXT(2) 
PARAMETRIC_REPRESENTATION_CONTEXT() REPRESENTATION_CONTEXT('2D SPACE',''
  ) );
#3579 = PCURVE('',#3580,#3593);
#3580 = B_SPLINE_SURFACE_WITH_KNOTS('',5,1,(
    (#3581,#3582)
    ,(#3583,#3584)
    ,(#3585,#3586)
    ,(#3587,#3588)
    ,(#3589,#3590)
    ,(#3591,#3592
    )),.UNSPECIFIED.,.F.,.F.,.F.,(6,6),(2,2),(0.,1.),(0.,1.),
  .PIECEWISE_BEZIER_KNOTS.);
#3581 = CARTESIAN_POINT('',(-10.26763381903,-11.99999999999,
    -1.469576158977E-15));
#3582 = CARTESIAN_POINT('',(-8.581922102507,-11.99999999999,
    -1.469576158977E-15));
#3583 = CARTESIAN_POINT('',(-9.641220028229,-11.99437204352,
    7.439710133806));
#3584 = CARTESIAN_POINT('',(-7.955508311704,-11.99437204352,
    7.439710133806));
#3585 = CARTESIAN_POINT('',(-9.006203176553,-6.145894572788,
    15.473143664178));
#3586 = CARTESIAN_POINT('',(-7.320491460028,-6.145894572788,
    15.473143664178));
#3587 = CARTESIAN_POINT('',(-8.387471807921,6.145894572788,
    15.473143664179));
#3588 = CARTESIAN_POINT('',(-6.701760091396,6.145894572788,
    15.473143664179));
#3589 = CARTESIAN_POINT('',(-7.752454956245,11.994372043523,
    7.439710133805));
#3590 = CARTESIAN_POINT('',(-6.06674323972,11.994372043523,
    7.439710133805));
#3591 = CARTESIAN_POINT('',(-7.126041165442,11.999999999999,
    2.939152317953E-15));
#3592 = CARTESIAN_POINT('',(-5.440329448917,11.999999999999,
    2.939152317953E-15));
#3593 = DEFINITIONAL_REPRESENTATION('',(#3594),#3598);
#3594 = LINE('',#3595,#3596);
#3595 = CARTESIAN_POINT('',(0.,0.));
#3596 = VECTOR('',#3597,1.);
#3597 = DIRECTION('',(0.,1.));
#3598 = ( GEOMETRIC_REPRESENTATION_CONTEXT(2) 
PARAMETRIC_REPRESENTATION_CONTEXT() REPRESENTATION_CONTEXT('2D SPACE',''
  ) );
#3599 = ORIENTED_EDGE('',*,*,#3600,.F.);
#3600 = EDGE_CURVE('',#3256,#3566,#3601,.T.);
#3601 = SURFACE_CURVE('',#3602,(#3609,#3616),.PCURVE_S1.);
#3602 = B_SPLINE_CURVE_WITH_KNOTS('',5,(#3603,#3604,#3605,#3606,#3607,
    #3608),.UNSPECIFIED.,.F.,.F.,(6,6),(0.,1.),
  .PIECEWISE_BEZIER_KNOTS.);
#3603 = CARTESIAN_POINT('',(-11.72351475609,11.999999999999,0.));
#3604 = CARTESIAN_POINT('',(-11.09710096529,11.994372043523,
    -7.439710133806));
#3605 = CARTESIAN_POINT('',(-10.46208411361,6.145894572788,
    -15.47314366417));
#3606 = CARTESIAN_POINT('',(-9.843352744986,-6.145894572788,
    -15.47314366417));
#3607 = CARTESIAN_POINT('',(-9.20833589331,-11.99437204352,
    -7.439710133805));
#3608 = CARTESIAN_POINT('',(-8.581922102507,-11.99999999999,
    -1.469576158977E-15));
#3609 = PCURVE('',#3270,#3610);
#3610 = DEFINITIONAL_REPRESENTATION('',(#3611),#3615);
#3611 = LINE('',#3612,#3613);
#3612 = CARTESIAN_POINT('',(0.,1.));
#3613 = VECTOR('',#3614,1.);
#3614 = DIRECTION('',(1.,0.));
#3615 = ( GEOMETRIC_REPRESENTATION_CONTEXT(2) 
PARAMETRIC_REPRESENTATION_CONTEXT() REPRESENTATION_CONTEXT('2D SPACE',''
  ) );
#3616 = PCURVE('',#3539,#3617);
#3617 = DEFINITIONAL_REPRESENTATION('',(#3618),#3622);
#3618 = LINE('',#3619,#3620);
#3619 = CARTESIAN_POINT('',(0.,0.));
#3620 = VECTOR('',#3621,1.);
#3621 = DIRECTION('',(1.,0.));
#3622 = ( GEOMETRIC_REPRESENTATION_CONTEXT(2) 
PARAMETRIC_REPRESENTATION_CONTEXT() REPRESENTATION_CONTEXT('2D SPACE',''
  ) );
#3623 = ADVANCED_FACE('',(#3624),#3334,.F.);
#3624 = FACE_BOUND('',#3625,.F.);
#3625 = EDGE_LOOP('',(#3626,#3627,#3628,#3663));
#3626 = ORIENTED_EDGE('',*,*,#3319,.F.);
#3627 = ORIENTED_EDGE('',*,*,#3470,.T.);
#3628 = ORIENTED_EDGE('',*,*,#3629,.T.);
#3629 = EDGE_CURVE('',#3436,#3630,#3632,.T.);
#3630 = VERTEX_POINT('',#3631);
#3631 = CARTESIAN_POINT('',(-7.126041165442,11.999999999999,
    1.469576160001E-15));
#3632 = SURFACE_CURVE('',#3633,(#3636,#3643),.PCURVE_S1.);
#3633 = B_SPLINE_CURVE_WITH_KNOTS('',1,(#3634,#3635),.UNSPECIFIED.,.F.,
  .F.,(2,2),(0.,1.),.PIECEWISE_BEZIER_KNOTS.);
#3634 = CARTESIAN_POINT('',(-8.76390721964,7.499999999999,
    1.836970198721E-15));
#3635 = CARTESIAN_POINT('',(-7.126041165442,11.999999999999,
    2.939152317953E-15));
#3636 = PCURVE('',#3334,#3637);
#3637 = DEFINITIONAL_REPRESENTATION('',(#3638),#3642);
#3638 = LINE('',#3639,#3640);
#3639 = CARTESIAN_POINT('',(1.,0.));
#3640 = VECTOR('',#3641,1.);
#3641 = DIRECTION('',(0.,1.));
#3642 = ( GEOMETRIC_REPRESENTATION_CONTEXT(2) 
PARAMETRIC_REPRESENTATION_CONTEXT() REPRESENTATION_CONTEXT('2D SPACE',''
  ) );
#3643 = PCURVE('',#3644,#3657);
#3644 = B_SPLINE_SURFACE_WITH_KNOTS('',5,1,(
    (#3645,#3646)
    ,(#3647,#3648)
    ,(#3649,#3650)
    ,(#3651,#3652)
    ,(#3653,#3654)
    ,(#3655,#3656
    )),.UNSPECIFIED.,.F.,.F.,.F.,(6,6),(2,2),(0.,1.),(0.,1.),
  .PIECEWISE_BEZIER_KNOTS.);
#3645 = CARTESIAN_POINT('',(-8.76390721964,7.499999999999,0.));
#3646 = CARTESIAN_POINT('',(-7.126041165442,11.999999999999,0.));
#3647 = CARTESIAN_POINT('',(-8.137487711677,7.496459798593,
    -4.649829532936));
#3648 = CARTESIAN_POINT('',(-6.499621657479,11.994335677749,
    -7.439727252697));
#3649 = CARTESIAN_POINT('',(-7.502490983396,3.841248176104,
    -9.670705072962));
#3650 = CARTESIAN_POINT('',(-5.864624929199,6.145997081766,
    -15.47312811673));
#3651 = CARTESIAN_POINT('',(-6.883730802294,-3.841248176104,
    -9.670705072962));
#3652 = CARTESIAN_POINT('',(-5.245864748096,-6.145997081766,
    -15.47312811674));
#3653 = CARTESIAN_POINT('',(-6.248734074013,-7.496459798593,
    -4.649829532936));
#3654 = CARTESIAN_POINT('',(-4.610868019815,-11.99433567774,
    -7.439727252697));
#3655 = CARTESIAN_POINT('',(-5.62231456605,-7.499999999999,
    -9.184850993604E-16));
#3656 = CARTESIAN_POINT('',(-3.984448511852,-11.99999999999,
    -1.469576158977E-15));
#3657 = DEFINITIONAL_REPRESENTATION('',(#3658),#3662);
#3658 = LINE('',#3659,#3660);
#3659 = CARTESIAN_POINT('',(0.,0.));
#3660 = VECTOR('',#3661,1.);
#3661 = DIRECTION('',(0.,1.));
#3662 = ( GEOMETRIC_REPRESENTATION_CONTEXT(2) 
PARAMETRIC_REPRESENTATION_CONTEXT() REPRESENTATION_CONTEXT('2D SPACE',''
  ) );
#3663 = ORIENTED_EDGE('',*,*,#3664,.F.);
#3664 = EDGE_CURVE('',#3320,#3630,#3665,.T.);
#3665 = SURFACE_CURVE('',#3666,(#3673,#3680),.PCURVE_S1.);
#3666 = B_SPLINE_CURVE_WITH_KNOTS('',5,(#3667,#3668,#3669,#3670,#3671,
    #3672),.UNSPECIFIED.,.F.,.F.,(6,6),(0.,1.),
  .PIECEWISE_BEZIER_KNOTS.);
#3667 = CARTESIAN_POINT('',(-10.26763381903,-11.99999999999,
    -1.469576158977E-15));
#3668 = CARTESIAN_POINT('',(-9.641220028229,-11.99437204352,
    7.439710133806));
#3669 = CARTESIAN_POINT('',(-9.006203176553,-6.145894572788,
    15.473143664178));
#3670 = CARTESIAN_POINT('',(-8.387471807921,6.145894572788,
    15.473143664179));
#3671 = CARTESIAN_POINT('',(-7.752454956245,11.994372043523,
    7.439710133805));
#3672 = CARTESIAN_POINT('',(-7.126041165442,11.999999999999,
    2.939152317953E-15));
#3673 = PCURVE('',#3334,#3674);
#3674 = DEFINITIONAL_REPRESENTATION('',(#3675),#3679);
#3675 = LINE('',#3676,#3677);
#3676 = CARTESIAN_POINT('',(0.,1.));
#3677 = VECTOR('',#3678,1.);
#3678 = DIRECTION('',(1.,0.));
#3679 = ( GEOMETRIC_REPRESENTATION_CONTEXT(2) 
PARAMETRIC_REPRESENTATION_CONTEXT() REPRESENTATION_CONTEXT('2D SPACE',''
  ) );
#3680 = PCURVE('',#3580,#3681);
#3681 = DEFINITIONAL_REPRESENTATION('',(#3682),#3686);
#3682 = LINE('',#3683,#3684);
#3683 = CARTESIAN_POINT('',(0.,0.));
#3684 = VECTOR('',#3685,1.);
#3685 = DIRECTION('',(1.,0.));
#3686 = ( GEOMETRIC_REPRESENTATION_CONTEXT(2) 
PARAMETRIC_REPRESENTATION_CONTEXT() REPRESENTATION_CONTEXT('2D SPACE',''
  ) );
#3687 = ADVANCED_FACE('',(#3688),#3450,.F.);
#3688 = FACE_BOUND('',#3689,.F.);
#3689 = EDGE_LOOP('',(#3690,#3691,#3744,#3779));
#3690 = ORIENTED_EDGE('',*,*,#3435,.F.);
#3691 = ORIENTED_EDGE('',*,*,#3692,.T.);
#3692 = EDGE_CURVE('',#3383,#3693,#3695,.T.);
#3693 = VERTEX_POINT('',#3694);
#3694 = CARTESIAN_POINT('',(-6.944056048309,-7.499999999999,
    -9.184850993604E-16));
#3695 = SURFACE_CURVE('',#3696,(#3703,#3737),.PCURVE_S1.);
#3696 = B_SPLINE_CURVE_WITH_KNOTS('',5,(#3697,#3698,#3699,#3700,#3701,
    #3702),.UNSPECIFIED.,.F.,.F.,(6,6),(0.,1.),
  .PIECEWISE_BEZIER_KNOTS.);
#3697 = CARTESIAN_POINT('',(-10.08564870189,7.499999999999,0.));
#3698 = CARTESIAN_POINT('',(-9.459229193936,7.496459798593,
    -4.649829532936));
#3699 = CARTESIAN_POINT('',(-8.824232465655,3.841248176104,
    -9.670705072962));
#3700 = CARTESIAN_POINT('',(-8.205472284553,-3.841248176104,
    -9.670705072962));
#3701 = CARTESIAN_POINT('',(-7.570475556272,-7.496459798593,
    -4.649829532936));
#3702 = CARTESIAN_POINT('',(-6.944056048309,-7.499999999999,
    -9.184850993604E-16));
#3703 = PCURVE('',#3450,#3704);
#3704 = DEFINITIONAL_REPRESENTATION('',(#3705),#3736);
#3705 = B_SPLINE_CURVE_WITH_KNOTS('',8,(#3706,#3707,#3708,#3709,#3710,
    #3711,#3712,#3713,#3714,#3715,#3716,#3717,#3718,#3719,#3720,#3721,
    #3722,#3723,#3724,#3725,#3726,#3727,#3728,#3729,#3730,#3731,#3732,
    #3733,#3734,#3735),.UNSPECIFIED.,.F.,.F.,(9,7,7,7,9),(0.,0.25,0.5,
    0.75,1.),.UNSPECIFIED.);
#3706 = CARTESIAN_POINT('',(4.163336342344E-17,0.));
#3707 = CARTESIAN_POINT('',(3.124980793826E-02,0.));
#3708 = CARTESIAN_POINT('',(6.250191949534E-02,0.));
#3709 = CARTESIAN_POINT('',(9.374508332054E-02,0.));
#3710 = CARTESIAN_POINT('',(0.125003357014,0.));
#3711 = CARTESIAN_POINT('',(0.156249174367,0.));
#3712 = CARTESIAN_POINT('',(0.187500034342,0.));
#3713 = CARTESIAN_POINT('',(0.218749999321,0.));
#3714 = CARTESIAN_POINT('',(0.281249938568,0.));
#3715 = CARTESIAN_POINT('',(0.312500615067,0.));
#3716 = CARTESIAN_POINT('',(0.343750819649,0.));
#3717 = CARTESIAN_POINT('',(0.375000430504,0.));
#3718 = CARTESIAN_POINT('',(0.406249891821,0.));
#3719 = CARTESIAN_POINT('',(0.437499722818,0.));
#3720 = CARTESIAN_POINT('',(0.468750026763,0.));
#3721 = CARTESIAN_POINT('',(0.531249973237,0.));
#3722 = CARTESIAN_POINT('',(0.562500277182,0.));
#3723 = CARTESIAN_POINT('',(0.593750108179,0.));
#3724 = CARTESIAN_POINT('',(0.624999569496,0.));
#3725 = CARTESIAN_POINT('',(0.656249180351,0.));
#3726 = CARTESIAN_POINT('',(0.687499384933,0.));
#3727 = CARTESIAN_POINT('',(0.718750061432,0.));
#3728 = CARTESIAN_POINT('',(0.781250000679,0.));
#3729 = CARTESIAN_POINT('',(0.812499965658,0.));
#3730 = CARTESIAN_POINT('',(0.843750825633,0.));
#3731 = CARTESIAN_POINT('',(0.874996642986,0.));
#3732 = CARTESIAN_POINT('',(0.906254916679,0.));
#3733 = CARTESIAN_POINT('',(0.937498080505,0.));
#3734 = CARTESIAN_POINT('',(0.968750192062,0.));
#3735 = CARTESIAN_POINT('',(1.,0.));
#3736 = ( GEOMETRIC_REPRESENTATION_CONTEXT(2) 
PARAMETRIC_REPRESENTATION_CONTEXT() REPRESENTATION_CONTEXT('2D SPACE',''
  ) );
#3737 = PCURVE('',#3539,#3738);
#3738 = DEFINITIONAL_REPRESENTATION('',(#3739),#3743);
#3739 = LINE('',#3740,#3741);
#3740 = CARTESIAN_POINT('',(0.,1.));
#3741 = VECTOR('',#3742,1.);
#3742 = DIRECTION('',(1.,0.));
#3743 = ( GEOMETRIC_REPRESENTATION_CONTEXT(2) 
PARAMETRIC_REPRESENTATION_CONTEXT() REPRESENTATION_CONTEXT('2D SPACE',''
  ) );
#3744 = ORIENTED_EDGE('',*,*,#3745,.T.);
#3745 = EDGE_CURVE('',#3693,#3746,#3748,.T.);
#3746 = VERTEX_POINT('',#3747);
#3747 = CARTESIAN_POINT('',(-5.62231456605,-7.499999999999,
    -9.184850993604E-16));
#3748 = SURFACE_CURVE('',#3749,(#3752,#3759),.PCURVE_S1.);
#3749 = B_SPLINE_CURVE_WITH_KNOTS('',1,(#3750,#3751),.UNSPECIFIED.,.F.,
  .F.,(2,2),(0.,1.),.PIECEWISE_BEZIER_KNOTS.);
#3750 = CARTESIAN_POINT('',(-6.944056048309,-7.499999999999,
    -9.184850993604E-16));
#3751 = CARTESIAN_POINT('',(-5.62231456605,-7.499999999999,
    -9.184850993604E-16));
#3752 = PCURVE('',#3450,#3753);
#3753 = DEFINITIONAL_REPRESENTATION('',(#3754),#3758);
#3754 = LINE('',#3755,#3756);
#3755 = CARTESIAN_POINT('',(1.,0.));
#3756 = VECTOR('',#3757,1.);
#3757 = DIRECTION('',(0.,1.));
#3758 = ( GEOMETRIC_REPRESENTATION_CONTEXT(2) 
PARAMETRIC_REPRESENTATION_CONTEXT() REPRESENTATION_CONTEXT('2D SPACE',''
  ) );
#3759 = PCURVE('',#3760,#3773);
#3760 = B_SPLINE_SURFACE_WITH_KNOTS('',5,1,(
    (#3761,#3762)
    ,(#3763,#3764)
    ,(#3765,#3766)
    ,(#3767,#3768)
    ,(#3769,#3770)
    ,(#3771,#3772
    )),.UNSPECIFIED.,.F.,.F.,.F.,(6,6),(2,2),(0.,1.),(0.,1.),
  .PIECEWISE_BEZIER_KNOTS.);
#3761 = CARTESIAN_POINT('',(-6.944056048309,-7.499999999999,
    -9.184850993604E-16));
#3762 = CARTESIAN_POINT('',(-5.62231456605,-7.499999999999,
    -9.184850993604E-16));
#3763 = CARTESIAN_POINT('',(-6.317622059618,-7.496402230976,
    4.649856634508));
#3764 = CARTESIAN_POINT('',(-4.995880577359,-7.496402230976,
    4.649856634508));
#3765 = CARTESIAN_POINT('',(-5.682676300461,-3.841410447455,
    9.67068045996));
#3766 = CARTESIAN_POINT('',(-4.360934818202,-3.841410447455,
    9.67068045996));
#3767 = CARTESIAN_POINT('',(-5.063843142568,3.841410447455,9.67068045996
    ));
#3768 = CARTESIAN_POINT('',(-3.742101660309,3.841410447455,9.67068045996
    ));
#3769 = CARTESIAN_POINT('',(-4.428897383411,7.496402230976,
    4.649856634508));
#3770 = CARTESIAN_POINT('',(-3.107155901152,7.496402230976,
    4.649856634508));
#3771 = CARTESIAN_POINT('',(-3.802463394719,7.499999999999,
    1.836970198721E-15));
#3772 = CARTESIAN_POINT('',(-2.48072191246,7.499999999999,
    1.836970198721E-15));
#3773 = DEFINITIONAL_REPRESENTATION('',(#3774),#3778);
#3774 = LINE('',#3775,#3776);
#3775 = CARTESIAN_POINT('',(0.,0.));
#3776 = VECTOR('',#3777,1.);
#3777 = DIRECTION('',(0.,1.));
#3778 = ( GEOMETRIC_REPRESENTATION_CONTEXT(2) 
PARAMETRIC_REPRESENTATION_CONTEXT() REPRESENTATION_CONTEXT('2D SPACE',''
  ) );
#3779 = ORIENTED_EDGE('',*,*,#3780,.F.);
#3780 = EDGE_CURVE('',#3436,#3746,#3781,.T.);
#3781 = SURFACE_CURVE('',#3782,(#3789,#3823),.PCURVE_S1.);
#3782 = B_SPLINE_CURVE_WITH_KNOTS('',5,(#3783,#3784,#3785,#3786,#3787,
    #3788),.UNSPECIFIED.,.F.,.F.,(6,6),(0.,1.),
  .PIECEWISE_BEZIER_KNOTS.);
#3783 = CARTESIAN_POINT('',(-8.76390721964,7.499999999999,0.));
#3784 = CARTESIAN_POINT('',(-8.137487711677,7.496459798593,
    -4.649829532936));
#3785 = CARTESIAN_POINT('',(-7.502490983396,3.841248176104,
    -9.670705072962));
#3786 = CARTESIAN_POINT('',(-6.883730802294,-3.841248176104,
    -9.670705072962));
#3787 = CARTESIAN_POINT('',(-6.248734074013,-7.496459798593,
    -4.649829532936));
#3788 = CARTESIAN_POINT('',(-5.62231456605,-7.499999999999,
    -9.184850993604E-16));
#3789 = PCURVE('',#3450,#3790);
#3790 = DEFINITIONAL_REPRESENTATION('',(#3791),#3822);
#3791 = B_SPLINE_CURVE_WITH_KNOTS('',8,(#3792,#3793,#3794,#3795,#3796,
    #3797,#3798,#3799,#3800,#3801,#3802,#3803,#3804,#3805,#3806,#3807,
    #3808,#3809,#3810,#3811,#3812,#3813,#3814,#3815,#3816,#3817,#3818,
    #3819,#3820,#3821),.UNSPECIFIED.,.F.,.F.,(9,7,7,7,9),(0.,0.25,0.5,
    0.75,1.),.UNSPECIFIED.);
#3792 = CARTESIAN_POINT('',(0.,1.));
#3793 = CARTESIAN_POINT('',(3.124980793826E-02,1.));
#3794 = CARTESIAN_POINT('',(6.250191949534E-02,1.));
#3795 = CARTESIAN_POINT('',(9.374508332054E-02,1.));
#3796 = CARTESIAN_POINT('',(0.125003357014,1.));
#3797 = CARTESIAN_POINT('',(0.156249174367,1.));
#3798 = CARTESIAN_POINT('',(0.187500034342,1.));
#3799 = CARTESIAN_POINT('',(0.218749999321,1.));
#3800 = CARTESIAN_POINT('',(0.281249938568,1.));
#3801 = CARTESIAN_POINT('',(0.312500615067,1.));
#3802 = CARTESIAN_POINT('',(0.343750819649,1.));
#3803 = CARTESIAN_POINT('',(0.375000430504,1.));
#3804 = CARTESIAN_POINT('',(0.406249891821,1.));
#3805 = CARTESIAN_POINT('',(0.437499722818,1.));
#3806 = CARTESIAN_POINT('',(0.468750026763,1.));
#3807 = CARTESIAN_POINT('',(0.531249973237,1.));
#3808 = CARTESIAN_POINT('',(0.562500277182,1.));
#3809 = CARTESIAN_POINT('',(0.593750108179,1.));
#3810 = CARTESIAN_POINT('',(0.624999569496,1.));
#3811 = CARTESIAN_POINT('',(0.656249180351,1.));
#3812 = CARTESIAN_POINT('',(0.687499384933,1.));
#3813 = CARTESIAN_POINT('',(0.718750061432,1.));
#3814 = CARTESIAN_POINT('',(0.781250000679,1.));
#3815 = CARTESIAN_POINT('',(0.812499965658,1.));
#3816 = CARTESIAN_POINT('',(0.843750825633,1.));
#3817 = CARTESIAN_POINT('',(0.874996642986,1.));
#3818 = CARTESIAN_POINT('',(0.906254916679,1.));
#3819 = CARTESIAN_POINT('',(0.937498080505,1.));
#3820 = CARTESIAN_POINT('',(0.968750192062,1.));
#3821 = CARTESIAN_POINT('',(1.,1.));
#3822 = ( GEOMETRIC_REPRESENTATION_CONTEXT(2) 
PARAMETRIC_REPRESENTATION_CONTEXT() REPRESENTATION_CONTEXT('2D SPACE',''
  ) );
#3823 = PCURVE('',#3644,#3824);
#3824 = DEFINITIONAL_REPRESENTATION('',(#3825),#3829);
#3825 = LINE('',#3826,#3827);
#3826 = CARTESIAN_POINT('',(0.,0.));
#3827 = VECTOR('',#3828,1.);
#3828 = DIRECTION('',(1.,0.));
#3829 = ( GEOMETRIC_REPRESENTATION_CONTEXT(2) 
PARAMETRIC_REPRESENTATION_CONTEXT() REPRESENTATION_CONTEXT('2D SPACE',''
  ) );
#3830 = ADVANCED_FACE('',(#3831),#3539,.F.);
#3831 = FACE_BOUND('',#3832,.F.);
#3832 = EDGE_LOOP('',(#3833,#3834,#3835,#3868));
#3833 = ORIENTED_EDGE('',*,*,#3526,.F.);
#3834 = ORIENTED_EDGE('',*,*,#3600,.T.);
#3835 = ORIENTED_EDGE('',*,*,#3836,.T.);
#3836 = EDGE_CURVE('',#3566,#3693,#3837,.T.);
#3837 = SURFACE_CURVE('',#3838,(#3841,#3848),.PCURVE_S1.);
#3838 = B_SPLINE_CURVE_WITH_KNOTS('',1,(#3839,#3840),.UNSPECIFIED.,.F.,
  .F.,(2,2),(0.,1.),.PIECEWISE_BEZIER_KNOTS.);
#3839 = CARTESIAN_POINT('',(-8.581922102507,-11.99999999999,
    -1.469576158977E-15));
#3840 = CARTESIAN_POINT('',(-6.944056048309,-7.499999999999,
    -9.184850993604E-16));
#3841 = PCURVE('',#3539,#3842);
#3842 = DEFINITIONAL_REPRESENTATION('',(#3843),#3847);
#3843 = LINE('',#3844,#3845);
#3844 = CARTESIAN_POINT('',(1.,0.));
#3845 = VECTOR('',#3846,1.);
#3846 = DIRECTION('',(0.,1.));
#3847 = ( GEOMETRIC_REPRESENTATION_CONTEXT(2) 
PARAMETRIC_REPRESENTATION_CONTEXT() REPRESENTATION_CONTEXT('2D SPACE',''
  ) );
#3848 = PCURVE('',#3849,#3862);
#3849 = B_SPLINE_SURFACE_WITH_KNOTS('',5,1,(
    (#3850,#3851)
    ,(#3852,#3853)
    ,(#3854,#3855)
    ,(#3856,#3857)
    ,(#3858,#3859)
    ,(#3860,#3861
    )),.UNSPECIFIED.,.F.,.F.,.F.,(6,6),(2,2),(0.,1.),(0.,1.),
  .PIECEWISE_BEZIER_KNOTS.);
#3850 = CARTESIAN_POINT('',(-8.581922102507,-11.99999999999,
    -1.469576158977E-15));
#3851 = CARTESIAN_POINT('',(-6.944056048309,-7.499999999999,
    -9.184850993604E-16));
#3852 = CARTESIAN_POINT('',(-7.955502594544,-11.99433567774,
    7.439727252697));
#3853 = CARTESIAN_POINT('',(-6.317636540346,-7.496459798593,
    4.649829532936));
#3854 = CARTESIAN_POINT('',(-7.320505866263,-6.145997081766,
    15.473128116739));
#3855 = CARTESIAN_POINT('',(-5.682639812065,-3.841248176104,
    9.670705072962));
#3856 = CARTESIAN_POINT('',(-6.701745685161,6.145997081766,
    15.47312811674));
#3857 = CARTESIAN_POINT('',(-5.063879630963,3.841248176104,
    9.670705072962));
#3858 = CARTESIAN_POINT('',(-6.06674895688,11.994335677749,
    7.439727252697));
#3859 = CARTESIAN_POINT('',(-4.428882902682,7.496459798593,
    4.649829532936));
#3860 = CARTESIAN_POINT('',(-5.440329448917,11.999999999999,
    2.939152317953E-15));
#3861 = CARTESIAN_POINT('',(-3.802463394719,7.499999999999,
    1.836970198721E-15));
#3862 = DEFINITIONAL_REPRESENTATION('',(#3863),#3867);
#3863 = LINE('',#3864,#3865);
#3864 = CARTESIAN_POINT('',(0.,0.));
#3865 = VECTOR('',#3866,1.);
#3866 = DIRECTION('',(0.,1.));
#3867 = ( GEOMETRIC_REPRESENTATION_CONTEXT(2) 
PARAMETRIC_REPRESENTATION_CONTEXT() REPRESENTATION_CONTEXT('2D SPACE',''
  ) );
#3868 = ORIENTED_EDGE('',*,*,#3692,.F.);
#3869 = ADVANCED_FACE('',(#3870),#3580,.F.);
#3870 = FACE_BOUND('',#3871,.F.);
#3871 = EDGE_LOOP('',(#3872,#3873,#3874,#3909));
#3872 = ORIENTED_EDGE('',*,*,#3565,.F.);
#3873 = ORIENTED_EDGE('',*,*,#3664,.T.);
#3874 = ORIENTED_EDGE('',*,*,#3875,.T.);
#3875 = EDGE_CURVE('',#3630,#3876,#3878,.T.);
#3876 = VERTEX_POINT('',#3877);
#3877 = CARTESIAN_POINT('',(-5.440329448917,11.999999999999,
    1.469576160001E-15));
#3878 = SURFACE_CURVE('',#3879,(#3882,#3889),.PCURVE_S1.);
#3879 = B_SPLINE_CURVE_WITH_KNOTS('',1,(#3880,#3881),.UNSPECIFIED.,.F.,
  .F.,(2,2),(0.,1.),.PIECEWISE_BEZIER_KNOTS.);
#3880 = CARTESIAN_POINT('',(-7.126041165442,11.999999999999,
    2.939152317953E-15));
#3881 = CARTESIAN_POINT('',(-5.440329448917,11.999999999999,
    2.939152317953E-15));
#3882 = PCURVE('',#3580,#3883);
#3883 = DEFINITIONAL_REPRESENTATION('',(#3884),#3888);
#3884 = LINE('',#3885,#3886);
#3885 = CARTESIAN_POINT('',(1.,0.));
#3886 = VECTOR('',#3887,1.);
#3887 = DIRECTION('',(0.,1.));
#3888 = ( GEOMETRIC_REPRESENTATION_CONTEXT(2) 
PARAMETRIC_REPRESENTATION_CONTEXT() REPRESENTATION_CONTEXT('2D SPACE',''
  ) );
#3889 = PCURVE('',#3890,#3903);
#3890 = B_SPLINE_SURFACE_WITH_KNOTS('',5,1,(
    (#3891,#3892)
    ,(#3893,#3894)
    ,(#3895,#3896)
    ,(#3897,#3898)
    ,(#3899,#3900)
    ,(#3901,#3902
    )),.UNSPECIFIED.,.F.,.F.,.F.,(6,6),(2,2),(0.,1.),(0.,1.),
  .PIECEWISE_BEZIER_KNOTS.);
#3891 = CARTESIAN_POINT('',(-7.126041165442,11.999999999999,0.));
#3892 = CARTESIAN_POINT('',(-5.440329448917,11.999999999999,0.));
#3893 = CARTESIAN_POINT('',(-6.499627374639,11.994372043523,
    -7.439710133806));
#3894 = CARTESIAN_POINT('',(-4.813915658114,11.994372043523,
    -7.439710133806));
#3895 = CARTESIAN_POINT('',(-5.864610522963,6.145894572788,
    -15.47314366417));
#3896 = CARTESIAN_POINT('',(-4.178898806438,6.145894572788,
    -15.47314366417));
#3897 = CARTESIAN_POINT('',(-5.245879154331,-6.145894572788,
    -15.47314366417));
#3898 = CARTESIAN_POINT('',(-3.560167437806,-6.145894572788,
    -15.47314366417));
#3899 = CARTESIAN_POINT('',(-4.610862302655,-11.99437204352,
    -7.439710133805));
#3900 = CARTESIAN_POINT('',(-2.92515058613,-11.99437204352,
    -7.439710133805));
#3901 = CARTESIAN_POINT('',(-3.984448511852,-11.99999999999,
    -1.469576158977E-15));
#3902 = CARTESIAN_POINT('',(-2.298736795327,-11.99999999999,
    -1.469576158977E-15));
#3903 = DEFINITIONAL_REPRESENTATION('',(#3904),#3908);
#3904 = LINE('',#3905,#3906);
#3905 = CARTESIAN_POINT('',(0.,0.));
#3906 = VECTOR('',#3907,1.);
#3907 = DIRECTION('',(0.,1.));
#3908 = ( GEOMETRIC_REPRESENTATION_CONTEXT(2) 
PARAMETRIC_REPRESENTATION_CONTEXT() REPRESENTATION_CONTEXT('2D SPACE',''
  ) );
#3909 = ORIENTED_EDGE('',*,*,#3910,.F.);
#3910 = EDGE_CURVE('',#3566,#3876,#3911,.T.);
#3911 = SURFACE_CURVE('',#3912,(#3919,#3926),.PCURVE_S1.);
#3912 = B_SPLINE_CURVE_WITH_KNOTS('',5,(#3913,#3914,#3915,#3916,#3917,
    #3918),.UNSPECIFIED.,.F.,.F.,(6,6),(0.,1.),
  .PIECEWISE_BEZIER_KNOTS.);
#3913 = CARTESIAN_POINT('',(-8.581922102507,-11.99999999999,
    -1.469576158977E-15));
#3914 = CARTESIAN_POINT('',(-7.955508311704,-11.99437204352,
    7.439710133806));
#3915 = CARTESIAN_POINT('',(-7.320491460028,-6.145894572788,
    15.473143664178));
#3916 = CARTESIAN_POINT('',(-6.701760091396,6.145894572788,
    15.473143664179));
#3917 = CARTESIAN_POINT('',(-6.06674323972,11.994372043523,
    7.439710133805));
#3918 = CARTESIAN_POINT('',(-5.440329448917,11.999999999999,
    2.939152317953E-15));
#3919 = PCURVE('',#3580,#3920);
#3920 = DEFINITIONAL_REPRESENTATION('',(#3921),#3925);
#3921 = LINE('',#3922,#3923);
#3922 = CARTESIAN_POINT('',(0.,1.));
#3923 = VECTOR('',#3924,1.);
#3924 = DIRECTION('',(1.,0.));
#3925 = ( GEOMETRIC_REPRESENTATION_CONTEXT(2) 
PARAMETRIC_REPRESENTATION_CONTEXT() REPRESENTATION_CONTEXT('2D SPACE',''
  ) );
#3926 = PCURVE('',#3849,#3927);
#3927 = DEFINITIONAL_REPRESENTATION('',(#3928),#3932);
#3928 = LINE('',#3929,#3930);
#3929 = CARTESIAN_POINT('',(0.,0.));
#3930 = VECTOR('',#3931,1.);
#3931 = DIRECTION('',(1.,0.));
#3932 = ( GEOMETRIC_REPRESENTATION_CONTEXT(2) 
PARAMETRIC_REPRESENTATION_CONTEXT() REPRESENTATION_CONTEXT('2D SPACE',''
  ) );
#3933 = ADVANCED_FACE('',(#3934),#3644,.F.);
#3934 = FACE_BOUND('',#3935,.F.);
#3935 = EDGE_LOOP('',(#3936,#3937,#3938,#3973));
#3936 = ORIENTED_EDGE('',*,*,#3629,.F.);
#3937 = ORIENTED_EDGE('',*,*,#3780,.T.);
#3938 = ORIENTED_EDGE('',*,*,#3939,.T.);
#3939 = EDGE_CURVE('',#3746,#3940,#3942,.T.);
#3940 = VERTEX_POINT('',#3941);
#3941 = CARTESIAN_POINT('',(-3.984448511852,-11.99999999999,
    -1.469576158977E-15));
#3942 = SURFACE_CURVE('',#3943,(#3946,#3953),.PCURVE_S1.);
#3943 = B_SPLINE_CURVE_WITH_KNOTS('',1,(#3944,#3945),.UNSPECIFIED.,.F.,
  .F.,(2,2),(0.,1.),.PIECEWISE_BEZIER_KNOTS.);
#3944 = CARTESIAN_POINT('',(-5.62231456605,-7.499999999999,
    -9.184850993604E-16));
#3945 = CARTESIAN_POINT('',(-3.984448511852,-11.99999999999,
    -1.469576158977E-15));
#3946 = PCURVE('',#3644,#3947);
#3947 = DEFINITIONAL_REPRESENTATION('',(#3948),#3952);
#3948 = LINE('',#3949,#3950);
#3949 = CARTESIAN_POINT('',(1.,0.));
#3950 = VECTOR('',#3951,1.);
#3951 = DIRECTION('',(0.,1.));
#3952 = ( GEOMETRIC_REPRESENTATION_CONTEXT(2) 
PARAMETRIC_REPRESENTATION_CONTEXT() REPRESENTATION_CONTEXT('2D SPACE',''
  ) );
#3953 = PCURVE('',#3954,#3967);
#3954 = B_SPLINE_SURFACE_WITH_KNOTS('',5,1,(
    (#3955,#3956)
    ,(#3957,#3958)
    ,(#3959,#3960)
    ,(#3961,#3962)
    ,(#3963,#3964)
    ,(#3965,#3966
    )),.UNSPECIFIED.,.F.,.F.,.F.,(6,6),(2,2),(0.,1.),(0.,1.),
  .PIECEWISE_BEZIER_KNOTS.);
#3955 = CARTESIAN_POINT('',(-5.62231456605,-7.499999999999,
    -9.184850993604E-16));
#3956 = CARTESIAN_POINT('',(-3.984448511852,-11.99999999999,
    -1.469576158977E-15));
#3957 = CARTESIAN_POINT('',(-4.995895058087,-7.496459798593,
    4.649829532936));
#3958 = CARTESIAN_POINT('',(-3.358029003889,-11.99433567774,
    7.439727252697));
#3959 = CARTESIAN_POINT('',(-4.360898329807,-3.841248176104,
    9.670705072962));
#3960 = CARTESIAN_POINT('',(-2.723032275609,-6.145997081766,
    15.473128116739));
#3961 = CARTESIAN_POINT('',(-3.742138148704,3.841248176104,
    9.670705072962));
#3962 = CARTESIAN_POINT('',(-2.104272094506,6.145997081766,
    15.47312811674));
#3963 = CARTESIAN_POINT('',(-3.107141420423,7.496459798593,
    4.649829532936));
#3964 = CARTESIAN_POINT('',(-1.469275366225,11.994335677749,
    7.439727252697));
#3965 = CARTESIAN_POINT('',(-2.48072191246,7.499999999999,
    1.836970198721E-15));
#3966 = CARTESIAN_POINT('',(-0.842855858262,11.999999999999,
    2.939152317953E-15));
#3967 = DEFINITIONAL_REPRESENTATION('',(#3968),#3972);
#3968 = LINE('',#3969,#3970);
#3969 = CARTESIAN_POINT('',(0.,0.));
#3970 = VECTOR('',#3971,1.);
#3971 = DIRECTION('',(0.,1.));
#3972 = ( GEOMETRIC_REPRESENTATION_CONTEXT(2) 
PARAMETRIC_REPRESENTATION_CONTEXT() REPRESENTATION_CONTEXT('2D SPACE',''
  ) );
#3973 = ORIENTED_EDGE('',*,*,#3974,.F.);
#3974 = EDGE_CURVE('',#3630,#3940,#3975,.T.);
#3975 = SURFACE_CURVE('',#3976,(#3983,#3990),.PCURVE_S1.);
#3976 = B_SPLINE_CURVE_WITH_KNOTS('',5,(#3977,#3978,#3979,#3980,#3981,
    #3982),.UNSPECIFIED.,.F.,.F.,(6,6),(0.,1.),
  .PIECEWISE_BEZIER_KNOTS.);
#3977 = CARTESIAN_POINT('',(-7.126041165442,11.999999999999,0.));
#3978 = CARTESIAN_POINT('',(-6.499627374639,11.994372043523,
    -7.439710133806));
#3979 = CARTESIAN_POINT('',(-5.864610522963,6.145894572788,
    -15.47314366417));
#3980 = CARTESIAN_POINT('',(-5.245879154331,-6.145894572788,
    -15.47314366417));
#3981 = CARTESIAN_POINT('',(-4.610862302655,-11.99437204352,
    -7.439710133805));
#3982 = CARTESIAN_POINT('',(-3.984448511852,-11.99999999999,
    -1.469576158977E-15));
#3983 = PCURVE('',#3644,#3984);
#3984 = DEFINITIONAL_REPRESENTATION('',(#3985),#3989);
#3985 = LINE('',#3986,#3987);
#3986 = CARTESIAN_POINT('',(0.,1.));
#3987 = VECTOR('',#3988,1.);
#3988 = DIRECTION('',(1.,0.));
#3989 = ( GEOMETRIC_REPRESENTATION_CONTEXT(2) 
PARAMETRIC_REPRESENTATION_CONTEXT() REPRESENTATION_CONTEXT('2D SPACE',''
  ) );
#3990 = PCURVE('',#3890,#3991);
#3991 = DEFINITIONAL_REPRESENTATION('',(#3992),#3996);
#3992 = LINE('',#3993,#3994);
#3993 = CARTESIAN_POINT('',(0.,0.));
#3994 = VECTOR('',#3995,1.);
#3995 = DIRECTION('',(1.,0.));
#3996 = ( GEOMETRIC_REPRESENTATION_CONTEXT(2) 
PARAMETRIC_REPRESENTATION_CONTEXT() REPRESENTATION_CONTEXT('2D SPACE',''
  ) );
#3997 = ADVANCED_FACE('',(#3998),#3760,.F.);
#3998 = FACE_BOUND('',#3999,.F.);
#3999 = EDGE_LOOP('',(#4000,#4001,#4054,#4089));
#4000 = ORIENTED_EDGE('',*,*,#3745,.F.);
#4001 = ORIENTED_EDGE('',*,*,#4002,.T.);
#4002 = EDGE_CURVE('',#3693,#4003,#4005,.T.);
#4003 = VERTEX_POINT('',#4004);
#4004 = CARTESIAN_POINT('',(-3.802463394719,7.499999999999,
    9.184850993604E-16));
#4005 = SURFACE_CURVE('',#4006,(#4013,#4047),.PCURVE_S1.);
#4006 = B_SPLINE_CURVE_WITH_KNOTS('',5,(#4007,#4008,#4009,#4010,#4011,
    #4012),.UNSPECIFIED.,.F.,.F.,(6,6),(0.,1.),
  .PIECEWISE_BEZIER_KNOTS.);
#4007 = CARTESIAN_POINT('',(-6.944056048309,-7.499999999999,
    -9.184850993604E-16));
#4008 = CARTESIAN_POINT('',(-6.317636540346,-7.496459798593,
    4.649829532936));
#4009 = CARTESIAN_POINT('',(-5.682639812065,-3.841248176104,
    9.670705072962));
#4010 = CARTESIAN_POINT('',(-5.063879630963,3.841248176104,
    9.670705072962));
#4011 = CARTESIAN_POINT('',(-4.428882902682,7.496459798593,
    4.649829532936));
#4012 = CARTESIAN_POINT('',(-3.802463394719,7.499999999999,
    1.836970198721E-15));
#4013 = PCURVE('',#3760,#4014);
#4014 = DEFINITIONAL_REPRESENTATION('',(#4015),#4046);
#4015 = B_SPLINE_CURVE_WITH_KNOTS('',8,(#4016,#4017,#4018,#4019,#4020,
    #4021,#4022,#4023,#4024,#4025,#4026,#4027,#4028,#4029,#4030,#4031,
    #4032,#4033,#4034,#4035,#4036,#4037,#4038,#4039,#4040,#4041,#4042,
    #4043,#4044,#4045),.UNSPECIFIED.,.F.,.F.,(9,7,7,7,9),(0.,0.25,0.5,
    0.75,1.),.UNSPECIFIED.);
#4016 = CARTESIAN_POINT('',(-1.387778780781E-17,0.));
#4017 = CARTESIAN_POINT('',(3.124980793826E-02,0.));
#4018 = CARTESIAN_POINT('',(6.250191949534E-02,0.));
#4019 = CARTESIAN_POINT('',(9.374508332054E-02,0.));
#4020 = CARTESIAN_POINT('',(0.125003357014,0.));
#4021 = CARTESIAN_POINT('',(0.156249174367,0.));
#4022 = CARTESIAN_POINT('',(0.187500034342,0.));
#4023 = CARTESIAN_POINT('',(0.218749999321,0.));
#4024 = CARTESIAN_POINT('',(0.281249938568,0.));
#4025 = CARTESIAN_POINT('',(0.312500615067,0.));
#4026 = CARTESIAN_POINT('',(0.343750819649,0.));
#4027 = CARTESIAN_POINT('',(0.375000430504,0.));
#4028 = CARTESIAN_POINT('',(0.406249891821,0.));
#4029 = CARTESIAN_POINT('',(0.437499722818,0.));
#4030 = CARTESIAN_POINT('',(0.468750026763,0.));
#4031 = CARTESIAN_POINT('',(0.531249973237,0.));
#4032 = CARTESIAN_POINT('',(0.562500277182,0.));
#4033 = CARTESIAN_POINT('',(0.593750108179,0.));
#4034 = CARTESIAN_POINT('',(0.624999569496,0.));
#4035 = CARTESIAN_POINT('',(0.656249180351,0.));
#4036 = CARTESIAN_POINT('',(0.687499384933,0.));
#4037 = CARTESIAN_POINT('',(0.718750061432,0.));
#4038 = CARTESIAN_POINT('',(0.781250000679,0.));
#4039 = CARTESIAN_POINT('',(0.812499965658,0.));
#4040 = CARTESIAN_POINT('',(0.843750825633,0.));
#4041 = CARTESIAN_POINT('',(0.874996642986,0.));
#4042 = CARTESIAN_POINT('',(0.906254916679,0.));
#4043 = CARTESIAN_POINT('',(0.937498080505,0.));
#4044 = CARTESIAN_POINT('',(0.968750192062,0.));
#4045 = CARTESIAN_POINT('',(1.,0.));
#4046 = ( GEOMETRIC_REPRESENTATION_CONTEXT(2) 
PARAMETRIC_REPRESENTATION_CONTEXT() REPRESENTATION_CONTEXT('2D SPACE',''
  ) );
#4047 = PCURVE('',#3849,#4048);
#4048 = DEFINITIONAL_REPRESENTATION('',(#4049),#4053);
#4049 = LINE('',#4050,#4051);
#4050 = CARTESIAN_POINT('',(0.,1.));
#4051 = VECTOR('',#4052,1.);
#4052 = DIRECTION('',(1.,0.));
#4053 = ( GEOMETRIC_REPRESENTATION_CONTEXT(2) 
PARAMETRIC_REPRESENTATION_CONTEXT() REPRESENTATION_CONTEXT('2D SPACE',''
  ) );
#4054 = ORIENTED_EDGE('',*,*,#4055,.T.);
#4055 = EDGE_CURVE('',#4003,#4056,#4058,.T.);
#4056 = VERTEX_POINT('',#4057);
#4057 = CARTESIAN_POINT('',(-2.48072191246,7.499999999999,
    9.184850993604E-16));
#4058 = SURFACE_CURVE('',#4059,(#4062,#4069),.PCURVE_S1.);
#4059 = B_SPLINE_CURVE_WITH_KNOTS('',1,(#4060,#4061),.UNSPECIFIED.,.F.,
  .F.,(2,2),(0.,1.),.PIECEWISE_BEZIER_KNOTS.);
#4060 = CARTESIAN_POINT('',(-3.802463394719,7.499999999999,
    1.836970198721E-15));
#4061 = CARTESIAN_POINT('',(-2.48072191246,7.499999999999,
    1.836970198721E-15));
#4062 = PCURVE('',#3760,#4063);
#4063 = DEFINITIONAL_REPRESENTATION('',(#4064),#4068);
#4064 = LINE('',#4065,#4066);
#4065 = CARTESIAN_POINT('',(1.,0.));
#4066 = VECTOR('',#4067,1.);
#4067 = DIRECTION('',(0.,1.));
#4068 = ( GEOMETRIC_REPRESENTATION_CONTEXT(2) 
PARAMETRIC_REPRESENTATION_CONTEXT() REPRESENTATION_CONTEXT('2D SPACE',''
  ) );
#4069 = PCURVE('',#4070,#4083);
#4070 = B_SPLINE_SURFACE_WITH_KNOTS('',5,1,(
    (#4071,#4072)
    ,(#4073,#4074)
    ,(#4075,#4076)
    ,(#4077,#4078)
    ,(#4079,#4080)
    ,(#4081,#4082
    )),.UNSPECIFIED.,.F.,.F.,.F.,(6,6),(2,2),(0.,1.),(0.,1.),
  .PIECEWISE_BEZIER_KNOTS.);
#4071 = CARTESIAN_POINT('',(-3.802463394719,7.499999999999,0.));
#4072 = CARTESIAN_POINT('',(-2.48072191246,7.499999999999,0.));
#4073 = CARTESIAN_POINT('',(-3.176029406028,7.496402230976,
    -4.649856634508));
#4074 = CARTESIAN_POINT('',(-1.854287923769,7.496402230976,
    -4.649856634508));
#4075 = CARTESIAN_POINT('',(-2.541083646871,3.841410447455,
    -9.67068045996));
#4076 = CARTESIAN_POINT('',(-1.219342164612,3.841410447455,
    -9.67068045996));
#4077 = CARTESIAN_POINT('',(-1.922250488978,-3.841410447455,
    -9.67068045996));
#4078 = CARTESIAN_POINT('',(-0.600509006719,-3.841410447455,
    -9.67068045996));
#4079 = CARTESIAN_POINT('',(-1.287304729821,-7.496402230976,
    -4.649856634508));
#4080 = CARTESIAN_POINT('',(3.443675243799E-02,-7.496402230976,
    -4.649856634508));
#4081 = CARTESIAN_POINT('',(-0.660870741129,-7.499999999999,
    -9.184850993604E-16));
#4082 = CARTESIAN_POINT('',(0.660870741129,-7.499999999999,
    -9.184850993604E-16));
#4083 = DEFINITIONAL_REPRESENTATION('',(#4084),#4088);
#4084 = LINE('',#4085,#4086);
#4085 = CARTESIAN_POINT('',(0.,0.));
#4086 = VECTOR('',#4087,1.);
#4087 = DIRECTION('',(0.,1.));
#4088 = ( GEOMETRIC_REPRESENTATION_CONTEXT(2) 
PARAMETRIC_REPRESENTATION_CONTEXT() REPRESENTATION_CONTEXT('2D SPACE',''
  ) );
#4089 = ORIENTED_EDGE('',*,*,#4090,.F.);
#4090 = EDGE_CURVE('',#3746,#4056,#4091,.T.);
#4091 = SURFACE_CURVE('',#4092,(#4099,#4133),.PCURVE_S1.);
#4092 = B_SPLINE_CURVE_WITH_KNOTS('',5,(#4093,#4094,#4095,#4096,#4097,
    #4098),.UNSPECIFIED.,.F.,.F.,(6,6),(0.,1.),
  .PIECEWISE_BEZIER_KNOTS.);
#4093 = CARTESIAN_POINT('',(-5.62231456605,-7.499999999999,
    -9.184850993604E-16));
#4094 = CARTESIAN_POINT('',(-4.995895058087,-7.496459798593,
    4.649829532936));
#4095 = CARTESIAN_POINT('',(-4.360898329807,-3.841248176104,
    9.670705072962));
#4096 = CARTESIAN_POINT('',(-3.742138148704,3.841248176104,
    9.670705072962));
#4097 = CARTESIAN_POINT('',(-3.107141420423,7.496459798593,
    4.649829532936));
#4098 = CARTESIAN_POINT('',(-2.48072191246,7.499999999999,
    1.836970198721E-15));
#4099 = PCURVE('',#3760,#4100);
#4100 = DEFINITIONAL_REPRESENTATION('',(#4101),#4132);
#4101 = B_SPLINE_CURVE_WITH_KNOTS('',8,(#4102,#4103,#4104,#4105,#4106,
    #4107,#4108,#4109,#4110,#4111,#4112,#4113,#4114,#4115,#4116,#4117,
    #4118,#4119,#4120,#4121,#4122,#4123,#4124,#4125,#4126,#4127,#4128,
    #4129,#4130,#4131),.UNSPECIFIED.,.F.,.F.,(9,7,7,7,9),(0.,0.25,0.5,
    0.75,1.),.UNSPECIFIED.);
#4102 = CARTESIAN_POINT('',(2.775557561563E-17,1.));
#4103 = CARTESIAN_POINT('',(3.124980793826E-02,1.));
#4104 = CARTESIAN_POINT('',(6.250191949534E-02,1.));
#4105 = CARTESIAN_POINT('',(9.374508332054E-02,1.));
#4106 = CARTESIAN_POINT('',(0.125003357014,1.));
#4107 = CARTESIAN_POINT('',(0.156249174367,1.));
#4108 = CARTESIAN_POINT('',(0.187500034342,1.));
#4109 = CARTESIAN_POINT('',(0.218749999321,1.));
#4110 = CARTESIAN_POINT('',(0.281249938568,1.));
#4111 = CARTESIAN_POINT('',(0.312500615067,1.));
#4112 = CARTESIAN_POINT('',(0.343750819649,1.));
#4113 = CARTESIAN_POINT('',(0.375000430504,1.));
#4114 = CARTESIAN_POINT('',(0.406249891821,1.));
#4115 = CARTESIAN_POINT('',(0.437499722818,1.));
#4116 = CARTESIAN_POINT('',(0.468750026763,1.));
#4117 = CARTESIAN_POINT('',(0.531249973237,1.));
#4118 = CARTESIAN_POINT('',(0.562500277182,1.));
#4119 = CARTESIAN_POINT('',(0.593750108179,1.));
#4120 = CARTESIAN_POINT('',(0.624999569496,1.));
#4121 = CARTESIAN_POINT('',(0.656249180351,1.));
#4122 = CARTESIAN_POINT('',(0.687499384933,1.));
#4123 = CARTESIAN_POINT('',(0.718750061432,1.));
#4124 = CARTESIAN_POINT('',(0.781250000679,1.));
#4125 = CARTESIAN_POINT('',(0.812499965658,1.));
#4126 = CARTESIAN_POINT('',(0.843750825633,1.));
#4127 = CARTESIAN_POINT('',(0.874996642986,1.));
#4128 = CARTESIAN_POINT('',(0.906254916679,1.));
#4129 = CARTESIAN_POINT('',(0.937498080505,1.));
#4130 = CARTESIAN_POINT('',(0.968750192062,1.));
#4131 = CARTESIAN_POINT('',(1.,1.));
#4132 = ( GEOMETRIC_REPRESENTATION_CONTEXT(2) 
PARAMETRIC_REPRESENTATION_CONTEXT() REPRESENTATION_CONTEXT('2D SPACE',''
  ) );
#4133 = PCURVE('',#3954,#4134);
#4134 = DEFINITIONAL_REPRESENTATION('',(#4135),#4139);
#4135 = LINE('',#4136,#4137);
#4136 = CARTESIAN_POINT('',(0.,0.));
#4137 = VECTOR('',#4138,1.);
#4138 = DIRECTION('',(1.,0.));
#4139 = ( GEOMETRIC_REPRESENTATION_CONTEXT(2) 
PARAMETRIC_REPRESENTATION_CONTEXT() REPRESENTATION_CONTEXT('2D SPACE',''
  ) );
#4140 = ADVANCED_FACE('',(#4141),#3849,.F.);
#4141 = FACE_BOUND('',#4142,.F.);
#4142 = EDGE_LOOP('',(#4143,#4144,#4145,#4178));
#4143 = ORIENTED_EDGE('',*,*,#3836,.F.);
#4144 = ORIENTED_EDGE('',*,*,#3910,.T.);
#4145 = ORIENTED_EDGE('',*,*,#4146,.T.);
#4146 = EDGE_CURVE('',#3876,#4003,#4147,.T.);
#4147 = SURFACE_CURVE('',#4148,(#4151,#4158),.PCURVE_S1.);
#4148 = B_SPLINE_CURVE_WITH_KNOTS('',1,(#4149,#4150),.UNSPECIFIED.,.F.,
  .F.,(2,2),(0.,1.),.PIECEWISE_BEZIER_KNOTS.);
#4149 = CARTESIAN_POINT('',(-5.440329448917,11.999999999999,
    2.939152317953E-15));
#4150 = CARTESIAN_POINT('',(-3.802463394719,7.499999999999,
    1.836970198721E-15));
#4151 = PCURVE('',#3849,#4152);
#4152 = DEFINITIONAL_REPRESENTATION('',(#4153),#4157);
#4153 = LINE('',#4154,#4155);
#4154 = CARTESIAN_POINT('',(1.,0.));
#4155 = VECTOR('',#4156,1.);
#4156 = DIRECTION('',(0.,1.));
#4157 = ( GEOMETRIC_REPRESENTATION_CONTEXT(2) 
PARAMETRIC_REPRESENTATION_CONTEXT() REPRESENTATION_CONTEXT('2D SPACE',''
  ) );
#4158 = PCURVE('',#4159,#4172);
#4159 = B_SPLINE_SURFACE_WITH_KNOTS('',5,1,(
    (#4160,#4161)
    ,(#4162,#4163)
    ,(#4164,#4165)
    ,(#4166,#4167)
    ,(#4168,#4169)
    ,(#4170,#4171
    )),.UNSPECIFIED.,.F.,.F.,.F.,(6,6),(2,2),(0.,1.),(0.,1.),
  .PIECEWISE_BEZIER_KNOTS.);
#4160 = CARTESIAN_POINT('',(-5.440329448917,11.999999999999,0.));
#4161 = CARTESIAN_POINT('',(-3.802463394719,7.499999999999,0.));
#4162 = CARTESIAN_POINT('',(-4.813909940954,11.994335677749,
    -7.439727252697));
#4163 = CARTESIAN_POINT('',(-3.176043886756,7.496459798593,
    -4.649829532936));
#4164 = CARTESIAN_POINT('',(-4.178913212674,6.145997081766,
    -15.47312811673));
#4165 = CARTESIAN_POINT('',(-2.541047158476,3.841248176104,
    -9.670705072962));
#4166 = CARTESIAN_POINT('',(-3.560153031571,-6.145997081766,
    -15.47312811674));
#4167 = CARTESIAN_POINT('',(-1.922286977373,-3.841248176104,
    -9.670705072962));
#4168 = CARTESIAN_POINT('',(-2.92515630329,-11.99433567774,
    -7.439727252697));
#4169 = CARTESIAN_POINT('',(-1.287290249092,-7.496459798593,
    -4.649829532936));
#4170 = CARTESIAN_POINT('',(-2.298736795327,-11.99999999999,
    -1.469576158977E-15));
#4171 = CARTESIAN_POINT('',(-0.660870741129,-7.499999999999,
    -9.184850993604E-16));
#4172 = DEFINITIONAL_REPRESENTATION('',(#4173),#4177);
#4173 = LINE('',#4174,#4175);
#4174 = CARTESIAN_POINT('',(0.,0.));
#4175 = VECTOR('',#4176,1.);
#4176 = DIRECTION('',(0.,1.));
#4177 = ( GEOMETRIC_REPRESENTATION_CONTEXT(2) 
PARAMETRIC_REPRESENTATION_CONTEXT() REPRESENTATION_CONTEXT('2D SPACE',''
  ) );
#4178 = ORIENTED_EDGE('',*,*,#4002,.F.);
#4179 = ADVANCED_FACE('',(#4180),#3890,.F.);
#4180 = FACE_BOUND('',#4181,.F.);
#4181 = EDGE_LOOP('',(#4182,#4183,#4184,#4219));
#4182 = ORIENTED_EDGE('',*,*,#3875,.F.);
#4183 = ORIENTED_EDGE('',*,*,#3974,.T.);
#4184 = ORIENTED_EDGE('',*,*,#4185,.T.);
#4185 = EDGE_CURVE('',#3940,#4186,#4188,.T.);
#4186 = VERTEX_POINT('',#4187);
#4187 = CARTESIAN_POINT('',(-2.298736795327,-11.99999999999,
    -1.469576158977E-15));
#4188 = SURFACE_CURVE('',#4189,(#4192,#4199),.PCURVE_S1.);
#4189 = B_SPLINE_CURVE_WITH_KNOTS('',1,(#4190,#4191),.UNSPECIFIED.,.F.,
  .F.,(2,2),(0.,1.),.PIECEWISE_BEZIER_KNOTS.);
#4190 = CARTESIAN_POINT('',(-3.984448511852,-11.99999999999,
    -1.469576158977E-15));
#4191 = CARTESIAN_POINT('',(-2.298736795327,-11.99999999999,
    -1.469576158977E-15));
#4192 = PCURVE('',#3890,#4193);
#4193 = DEFINITIONAL_REPRESENTATION('',(#4194),#4198);
#4194 = LINE('',#4195,#4196);
#4195 = CARTESIAN_POINT('',(1.,0.));
#4196 = VECTOR('',#4197,1.);
#4197 = DIRECTION('',(0.,1.));
#4198 = ( GEOMETRIC_REPRESENTATION_CONTEXT(2) 
PARAMETRIC_REPRESENTATION_CONTEXT() REPRESENTATION_CONTEXT('2D SPACE',''
  ) );
#4199 = PCURVE('',#4200,#4213);
#4200 = B_SPLINE_SURFACE_WITH_KNOTS('',5,1,(
    (#4201,#4202)
    ,(#4203,#4204)
    ,(#4205,#4206)
    ,(#4207,#4208)
    ,(#4209,#4210)
    ,(#4211,#4212
    )),.UNSPECIFIED.,.F.,.F.,.F.,(6,6),(2,2),(0.,1.),(0.,1.),
  .PIECEWISE_BEZIER_KNOTS.);
#4201 = CARTESIAN_POINT('',(-3.984448511852,-11.99999999999,
    -1.469576158977E-15));
#4202 = CARTESIAN_POINT('',(-2.298736795327,-11.99999999999,
    -1.469576158977E-15));
#4203 = CARTESIAN_POINT('',(-3.35803472105,-11.99437204352,
    7.439710133806));
#4204 = CARTESIAN_POINT('',(-1.672323004525,-11.99437204352,
    7.439710133806));
#4205 = CARTESIAN_POINT('',(-2.723017869373,-6.145894572788,
    15.473143664178));
#4206 = CARTESIAN_POINT('',(-1.037306152848,-6.145894572788,
    15.473143664178));
#4207 = CARTESIAN_POINT('',(-2.104286500742,6.145894572788,
    15.473143664179));
#4208 = CARTESIAN_POINT('',(-0.418574784217,6.145894572788,
    15.473143664179));
#4209 = CARTESIAN_POINT('',(-1.469269649065,11.994372043523,
    7.439710133805));
#4210 = CARTESIAN_POINT('',(0.21644206746,11.994372043523,7.439710133805
    ));
#4211 = CARTESIAN_POINT('',(-0.842855858262,11.999999999999,
    2.939152317953E-15));
#4212 = CARTESIAN_POINT('',(0.842855858262,11.999999999999,
    2.939152317953E-15));
#4213 = DEFINITIONAL_REPRESENTATION('',(#4214),#4218);
#4214 = LINE('',#4215,#4216);
#4215 = CARTESIAN_POINT('',(0.,0.));
#4216 = VECTOR('',#4217,1.);
#4217 = DIRECTION('',(0.,1.));
#4218 = ( GEOMETRIC_REPRESENTATION_CONTEXT(2) 
PARAMETRIC_REPRESENTATION_CONTEXT() REPRESENTATION_CONTEXT('2D SPACE',''
  ) );
#4219 = ORIENTED_EDGE('',*,*,#4220,.F.);
#4220 = EDGE_CURVE('',#3876,#4186,#4221,.T.);
#4221 = SURFACE_CURVE('',#4222,(#4229,#4236),.PCURVE_S1.);
#4222 = B_SPLINE_CURVE_WITH_KNOTS('',5,(#4223,#4224,#4225,#4226,#4227,
    #4228),.UNSPECIFIED.,.F.,.F.,(6,6),(0.,1.),
  .PIECEWISE_BEZIER_KNOTS.);
#4223 = CARTESIAN_POINT('',(-5.440329448917,11.999999999999,0.));
#4224 = CARTESIAN_POINT('',(-4.813915658114,11.994372043523,
    -7.439710133806));
#4225 = CARTESIAN_POINT('',(-4.178898806438,6.145894572788,
    -15.47314366417));
#4226 = CARTESIAN_POINT('',(-3.560167437806,-6.145894572788,
    -15.47314366417));
#4227 = CARTESIAN_POINT('',(-2.92515058613,-11.99437204352,
    -7.439710133805));
#4228 = CARTESIAN_POINT('',(-2.298736795327,-11.99999999999,
    -1.469576158977E-15));
#4229 = PCURVE('',#3890,#4230);
#4230 = DEFINITIONAL_REPRESENTATION('',(#4231),#4235);
#4231 = LINE('',#4232,#4233);
#4232 = CARTESIAN_POINT('',(0.,1.));
#4233 = VECTOR('',#4234,1.);
#4234 = DIRECTION('',(1.,0.));
#4235 = ( GEOMETRIC_REPRESENTATION_CONTEXT(2) 
PARAMETRIC_REPRESENTATION_CONTEXT() REPRESENTATION_CONTEXT('2D SPACE',''
  ) );
#4236 = PCURVE('',#4159,#4237);
#4237 = DEFINITIONAL_REPRESENTATION('',(#4238),#4242);
#4238 = LINE('',#4239,#4240);
#4239 = CARTESIAN_POINT('',(0.,0.));
#4240 = VECTOR('',#4241,1.);
#4241 = DIRECTION('',(1.,0.));
#4242 = ( GEOMETRIC_REPRESENTATION_CONTEXT(2) 
PARAMETRIC_REPRESENTATION_CONTEXT() REPRESENTATION_CONTEXT('2D SPACE',''
  ) );
#4243 = ADVANCED_FACE('',(#4244),#3954,.F.);
#4244 = FACE_BOUND('',#4245,.F.);
#4245 = EDGE_LOOP('',(#4246,#4247,#4248,#4283));
#4246 = ORIENTED_EDGE('',*,*,#3939,.F.);
#4247 = ORIENTED_EDGE('',*,*,#4090,.T.);
#4248 = ORIENTED_EDGE('',*,*,#4249,.T.);
#4249 = EDGE_CURVE('',#4056,#4250,#4252,.T.);
#4250 = VERTEX_POINT('',#4251);
#4251 = CARTESIAN_POINT('',(-0.842855858262,11.999999999999,
    1.469576160001E-15));
#4252 = SURFACE_CURVE('',#4253,(#4256,#4263),.PCURVE_S1.);
#4253 = B_SPLINE_CURVE_WITH_KNOTS('',1,(#4254,#4255),.UNSPECIFIED.,.F.,
  .F.,(2,2),(0.,1.),.PIECEWISE_BEZIER_KNOTS.);
#4254 = CARTESIAN_POINT('',(-2.48072191246,7.499999999999,
    1.836970198721E-15));
#4255 = CARTESIAN_POINT('',(-0.842855858262,11.999999999999,
    2.939152317953E-15));
#4256 = PCURVE('',#3954,#4257);
#4257 = DEFINITIONAL_REPRESENTATION('',(#4258),#4262);
#4258 = LINE('',#4259,#4260);
#4259 = CARTESIAN_POINT('',(1.,0.));
#4260 = VECTOR('',#4261,1.);
#4261 = DIRECTION('',(0.,1.));
#4262 = ( GEOMETRIC_REPRESENTATION_CONTEXT(2) 
PARAMETRIC_REPRESENTATION_CONTEXT() REPRESENTATION_CONTEXT('2D SPACE',''
  ) );
#4263 = PCURVE('',#4264,#4277);
#4264 = B_SPLINE_SURFACE_WITH_KNOTS('',5,1,(
    (#4265,#4266)
    ,(#4267,#4268)
    ,(#4269,#4270)
    ,(#4271,#4272)
    ,(#4273,#4274)
    ,(#4275,#4276
    )),.UNSPECIFIED.,.F.,.F.,.F.,(6,6),(2,2),(0.,1.),(0.,1.),
  .PIECEWISE_BEZIER_KNOTS.);
#4265 = CARTESIAN_POINT('',(-2.48072191246,7.499999999999,0.));
#4266 = CARTESIAN_POINT('',(-0.842855858262,11.999999999999,0.));
#4267 = CARTESIAN_POINT('',(-1.854302404498,7.496459798593,
    -4.649829532936));
#4268 = CARTESIAN_POINT('',(-0.2164363503,11.994335677749,
    -7.439727252697));
#4269 = CARTESIAN_POINT('',(-1.219305676217,3.841248176104,
    -9.670705072962));
#4270 = CARTESIAN_POINT('',(0.418560377981,6.145997081766,
    -15.47312811673));
#4271 = CARTESIAN_POINT('',(-0.600545495114,-3.841248176104,
    -9.670705072962));
#4272 = CARTESIAN_POINT('',(1.037320559084,-6.145997081766,
    -15.47312811674));
#4273 = CARTESIAN_POINT('',(3.445123316657E-02,-7.496459798593,
    -4.649829532936));
#4274 = CARTESIAN_POINT('',(1.672317287364,-11.99433567774,
    -7.439727252697));
#4275 = CARTESIAN_POINT('',(0.660870741129,-7.499999999999,
    -9.184850993604E-16));
#4276 = CARTESIAN_POINT('',(2.298736795327,-11.99999999999,
    -1.469576158977E-15));
#4277 = DEFINITIONAL_REPRESENTATION('',(#4278),#4282);
#4278 = LINE('',#4279,#4280);
#4279 = CARTESIAN_POINT('',(0.,0.));
#4280 = VECTOR('',#4281,1.);
#4281 = DIRECTION('',(0.,1.));
#4282 = ( GEOMETRIC_REPRESENTATION_CONTEXT(2) 
PARAMETRIC_REPRESENTATION_CONTEXT() REPRESENTATION_CONTEXT('2D SPACE',''
  ) );
#4283 = ORIENTED_EDGE('',*,*,#4284,.F.);
#4284 = EDGE_CURVE('',#3940,#4250,#4285,.T.);
#4285 = SURFACE_CURVE('',#4286,(#4293,#4300),.PCURVE_S1.);
#4286 = B_SPLINE_CURVE_WITH_KNOTS('',5,(#4287,#4288,#4289,#4290,#4291,
    #4292),.UNSPECIFIED.,.F.,.F.,(6,6),(0.,1.),
  .PIECEWISE_BEZIER_KNOTS.);
#4287 = CARTESIAN_POINT('',(-3.984448511852,-11.99999999999,
    -1.469576158977E-15));
#4288 = CARTESIAN_POINT('',(-3.35803472105,-11.99437204352,
    7.439710133806));
#4289 = CARTESIAN_POINT('',(-2.723017869373,-6.145894572788,
    15.473143664178));
#4290 = CARTESIAN_POINT('',(-2.104286500742,6.145894572788,
    15.473143664179));
#4291 = CARTESIAN_POINT('',(-1.469269649065,11.994372043523,
    7.439710133805));
#4292 = CARTESIAN_POINT('',(-0.842855858262,11.999999999999,
    2.939152317953E-15));
#4293 = PCURVE('',#3954,#4294);
#4294 = DEFINITIONAL_REPRESENTATION('',(#4295),#4299);
#4295 = LINE('',#4296,#4297);
#4296 = CARTESIAN_POINT('',(0.,1.));
#4297 = VECTOR('',#4298,1.);
#4298 = DIRECTION('',(1.,0.));
#4299 = ( GEOMETRIC_REPRESENTATION_CONTEXT(2) 
PARAMETRIC_REPRESENTATION_CONTEXT() REPRESENTATION_CONTEXT('2D SPACE',''
  ) );
#4300 = PCURVE('',#4200,#4301);
#4301 = DEFINITIONAL_REPRESENTATION('',(#4302),#4306);
#4302 = LINE('',#4303,#4304);
#4303 = CARTESIAN_POINT('',(0.,0.));
#4304 = VECTOR('',#4305,1.);
#4305 = DIRECTION('',(1.,0.));
#4306 = ( GEOMETRIC_REPRESENTATION_CONTEXT(2) 
PARAMETRIC_REPRESENTATION_CONTEXT() REPRESENTATION_CONTEXT('2D SPACE',''
  ) );
#4307 = ADVANCED_FACE('',(#4308),#4070,.F.);
#4308 = FACE_BOUND('',#4309,.F.);
#4309 = EDGE_LOOP('',(#4310,#4311,#4364,#4399));
#4310 = ORIENTED_EDGE('',*,*,#4055,.F.);
#4311 = ORIENTED_EDGE('',*,*,#4312,.T.);
#4312 = EDGE_CURVE('',#4003,#4313,#4315,.T.);
#4313 = VERTEX_POINT('',#4314);
#4314 = CARTESIAN_POINT('',(-0.660870741129,-7.499999999999,
    -9.184850993604E-16));
#4315 = SURFACE_CURVE('',#4316,(#4323,#4357),.PCURVE_S1.);
#4316 = B_SPLINE_CURVE_WITH_KNOTS('',5,(#4317,#4318,#4319,#4320,#4321,
    #4322),.UNSPECIFIED.,.F.,.F.,(6,6),(0.,1.),
  .PIECEWISE_BEZIER_KNOTS.);
#4317 = CARTESIAN_POINT('',(-3.802463394719,7.499999999999,0.));
#4318 = CARTESIAN_POINT('',(-3.176043886756,7.496459798593,
    -4.649829532936));
#4319 = CARTESIAN_POINT('',(-2.541047158476,3.841248176104,
    -9.670705072962));
#4320 = CARTESIAN_POINT('',(-1.922286977373,-3.841248176104,
    -9.670705072962));
#4321 = CARTESIAN_POINT('',(-1.287290249092,-7.496459798593,
    -4.649829532936));
#4322 = CARTESIAN_POINT('',(-0.660870741129,-7.499999999999,
    -9.184850993604E-16));
#4323 = PCURVE('',#4070,#4324);
#4324 = DEFINITIONAL_REPRESENTATION('',(#4325),#4356);
#4325 = B_SPLINE_CURVE_WITH_KNOTS('',8,(#4326,#4327,#4328,#4329,#4330,
    #4331,#4332,#4333,#4334,#4335,#4336,#4337,#4338,#4339,#4340,#4341,
    #4342,#4343,#4344,#4345,#4346,#4347,#4348,#4349,#4350,#4351,#4352,
    #4353,#4354,#4355),.UNSPECIFIED.,.F.,.F.,(9,7,7,7,9),(0.,0.25,0.5,
    0.75,1.),.UNSPECIFIED.);
#4326 = CARTESIAN_POINT('',(4.163336342344E-17,0.));
#4327 = CARTESIAN_POINT('',(3.124980793826E-02,0.));
#4328 = CARTESIAN_POINT('',(6.250191949534E-02,0.));
#4329 = CARTESIAN_POINT('',(9.374508332054E-02,0.));
#4330 = CARTESIAN_POINT('',(0.125003357014,0.));
#4331 = CARTESIAN_POINT('',(0.156249174367,0.));
#4332 = CARTESIAN_POINT('',(0.187500034342,0.));
#4333 = CARTESIAN_POINT('',(0.218749999321,0.));
#4334 = CARTESIAN_POINT('',(0.281249938568,0.));
#4335 = CARTESIAN_POINT('',(0.312500615067,0.));
#4336 = CARTESIAN_POINT('',(0.343750819649,0.));
#4337 = CARTESIAN_POINT('',(0.375000430504,0.));
#4338 = CARTESIAN_POINT('',(0.406249891821,0.));
#4339 = CARTESIAN_POINT('',(0.437499722818,0.));
#4340 = CARTESIAN_POINT('',(0.468750026763,0.));
#4341 = CARTESIAN_POINT('',(0.531249973237,0.));
#4342 = CARTESIAN_POINT('',(0.562500277182,0.));
#4343 = CARTESIAN_POINT('',(0.593750108179,0.));
#4344 = CARTESIAN_POINT('',(0.624999569496,0.));
#4345 = CARTESIAN_POINT('',(0.656249180351,0.));
#4346 = CARTESIAN_POINT('',(0.687499384933,0.));
#4347 = CARTESIAN_POINT('',(0.718750061432,0.));
#4348 = CARTESIAN_POINT('',(0.781250000679,0.));
#4349 = CARTESIAN_POINT('',(0.812499965658,0.));
#4350 = CARTESIAN_POINT('',(0.843750825633,0.));
#4351 = CARTESIAN_POINT('',(0.874996642986,0.));
#4352 = CARTESIAN_POINT('',(0.906254916679,0.));
#4353 = CARTESIAN_POINT('',(0.937498080505,0.));
#4354 = CARTESIAN_POINT('',(0.968750192062,0.));
#4355 = CARTESIAN_POINT('',(1.,0.));
#4356 = ( GEOMETRIC_REPRESENTATION_CONTEXT(2) 
PARAMETRIC_REPRESENTATION_CONTEXT() REPRESENTATION_CONTEXT('2D SPACE',''
  ) );
#4357 = PCURVE('',#4159,#4358);
#4358 = DEFINITIONAL_REPRESENTATION('',(#4359),#4363);
#4359 = LINE('',#4360,#4361);
#4360 = CARTESIAN_POINT('',(0.,1.));
#4361 = VECTOR('',#4362,1.);
#4362 = DIRECTION('',(1.,0.));
#4363 = ( GEOMETRIC_REPRESENTATION_CONTEXT(2) 
PARAMETRIC_REPRESENTATION_CONTEXT() REPRESENTATION_CONTEXT('2D SPACE',''
  ) );
#4364 = ORIENTED_EDGE('',*,*,#4365,.T.);
#4365 = EDGE_CURVE('',#4313,#4366,#4368,.T.);
#4366 = VERTEX_POINT('',#4367);
#4367 = CARTESIAN_POINT('',(0.660870741129,-7.499999999999,
    -9.184850993604E-16));
#4368 = SURFACE_CURVE('',#4369,(#4372,#4379),.PCURVE_S1.);
#4369 = B_SPLINE_CURVE_WITH_KNOTS('',1,(#4370,#4371),.UNSPECIFIED.,.F.,
  .F.,(2,2),(0.,1.),.PIECEWISE_BEZIER_KNOTS.);
#4370 = CARTESIAN_POINT('',(-0.660870741129,-7.499999999999,
    -9.184850993604E-16));
#4371 = CARTESIAN_POINT('',(0.660870741129,-7.499999999999,
    -9.184850993604E-16));
#4372 = PCURVE('',#4070,#4373);
#4373 = DEFINITIONAL_REPRESENTATION('',(#4374),#4378);
#4374 = LINE('',#4375,#4376);
#4375 = CARTESIAN_POINT('',(1.,0.));
#4376 = VECTOR('',#4377,1.);
#4377 = DIRECTION('',(0.,1.));
#4378 = ( GEOMETRIC_REPRESENTATION_CONTEXT(2) 
PARAMETRIC_REPRESENTATION_CONTEXT() REPRESENTATION_CONTEXT('2D SPACE',''
  ) );
#4379 = PCURVE('',#4380,#4393);
#4380 = B_SPLINE_SURFACE_WITH_KNOTS('',5,1,(
    (#4381,#4382)
    ,(#4383,#4384)
    ,(#4385,#4386)
    ,(#4387,#4388)
    ,(#4389,#4390)
    ,(#4391,#4392
    )),.UNSPECIFIED.,.F.,.F.,.F.,(6,6),(2,2),(0.,1.),(0.,1.),
  .PIECEWISE_BEZIER_KNOTS.);
#4381 = CARTESIAN_POINT('',(-0.660870741129,-7.499999999999,
    -9.184850993604E-16));
#4382 = CARTESIAN_POINT('',(0.660870741129,-7.499999999999,
    -9.184850993604E-16));
#4383 = CARTESIAN_POINT('',(-3.443675243795E-02,-7.496402230976,
    4.649856634508));
#4384 = CARTESIAN_POINT('',(1.287304729821,-7.496402230976,
    4.649856634508));
#4385 = CARTESIAN_POINT('',(0.600509006719,-3.841410447455,9.67068045996
    ));
#4386 = CARTESIAN_POINT('',(1.922250488978,-3.841410447455,9.67068045996
    ));
#4387 = CARTESIAN_POINT('',(1.219342164612,3.841410447455,9.67068045996)
  );
#4388 = CARTESIAN_POINT('',(2.541083646871,3.841410447455,9.67068045996)
  );
#4389 = CARTESIAN_POINT('',(1.854287923769,7.496402230976,4.649856634508
    ));
#4390 = CARTESIAN_POINT('',(3.176029406028,7.496402230976,4.649856634508
    ));
#4391 = CARTESIAN_POINT('',(2.48072191246,7.499999999999,
    1.836970198721E-15));
#4392 = CARTESIAN_POINT('',(3.802463394719,7.499999999999,
    1.836970198721E-15));
#4393 = DEFINITIONAL_REPRESENTATION('',(#4394),#4398);
#4394 = LINE('',#4395,#4396);
#4395 = CARTESIAN_POINT('',(0.,0.));
#4396 = VECTOR('',#4397,1.);
#4397 = DIRECTION('',(0.,1.));
#4398 = ( GEOMETRIC_REPRESENTATION_CONTEXT(2) 
PARAMETRIC_REPRESENTATION_CONTEXT() REPRESENTATION_CONTEXT('2D SPACE',''
  ) );
#4399 = ORIENTED_EDGE('',*,*,#4400,.F.);
#4400 = EDGE_CURVE('',#4056,#4366,#4401,.T.);
#4401 = SURFACE_CURVE('',#4402,(#4409,#4443),.PCURVE_S1.);
#4402 = B_SPLINE_CURVE_WITH_KNOTS('',5,(#4403,#4404,#4405,#4406,#4407,
    #4408),.UNSPECIFIED.,.F.,.F.,(6,6),(0.,1.),
  .PIECEWISE_BEZIER_KNOTS.);
#4403 = CARTESIAN_POINT('',(-2.48072191246,7.499999999999,0.));
#4404 = CARTESIAN_POINT('',(-1.854302404498,7.496459798593,
    -4.649829532936));
#4405 = CARTESIAN_POINT('',(-1.219305676217,3.841248176104,
    -9.670705072962));
#4406 = CARTESIAN_POINT('',(-0.600545495114,-3.841248176104,
    -9.670705072962));
#4407 = CARTESIAN_POINT('',(3.445123316657E-02,-7.496459798593,
    -4.649829532936));
#4408 = CARTESIAN_POINT('',(0.660870741129,-7.499999999999,
    -9.184850993604E-16));
#4409 = PCURVE('',#4070,#4410);
#4410 = DEFINITIONAL_REPRESENTATION('',(#4411),#4442);
#4411 = B_SPLINE_CURVE_WITH_KNOTS('',8,(#4412,#4413,#4414,#4415,#4416,
    #4417,#4418,#4419,#4420,#4421,#4422,#4423,#4424,#4425,#4426,#4427,
    #4428,#4429,#4430,#4431,#4432,#4433,#4434,#4435,#4436,#4437,#4438,
    #4439,#4440,#4441),.UNSPECIFIED.,.F.,.F.,(9,7,7,7,9),(0.,0.25,0.5,
    0.75,1.),.UNSPECIFIED.);
#4412 = CARTESIAN_POINT('',(1.387778780781E-17,1.));
#4413 = CARTESIAN_POINT('',(3.124980793826E-02,1.));
#4414 = CARTESIAN_POINT('',(6.250191949534E-02,1.));
#4415 = CARTESIAN_POINT('',(9.374508332054E-02,1.));
#4416 = CARTESIAN_POINT('',(0.125003357014,1.));
#4417 = CARTESIAN_POINT('',(0.156249174367,1.));
#4418 = CARTESIAN_POINT('',(0.187500034342,1.));
#4419 = CARTESIAN_POINT('',(0.218749999321,1.));
#4420 = CARTESIAN_POINT('',(0.281249938568,1.));
#4421 = CARTESIAN_POINT('',(0.312500615067,1.));
#4422 = CARTESIAN_POINT('',(0.343750819649,1.));
#4423 = CARTESIAN_POINT('',(0.375000430504,1.));
#4424 = CARTESIAN_POINT('',(0.406249891821,1.));
#4425 = CARTESIAN_POINT('',(0.437499722818,1.));
#4426 = CARTESIAN_POINT('',(0.468750026763,1.));
#4427 = CARTESIAN_POINT('',(0.531249973237,1.));
#4428 = CARTESIAN_POINT('',(0.562500277182,1.));
#4429 = CARTESIAN_POINT('',(0.593750108179,1.));
#4430 = CARTESIAN_POINT('',(0.624999569496,1.));
#4431 = CARTESIAN_POINT('',(0.656249180351,1.));
#4432 = CARTESIAN_POINT('',(0.687499384933,1.));
#4433 = CARTESIAN_POINT('',(0.718750061432,1.));
#4434 = CARTESIAN_POINT('',(0.781250000679,1.));
#4435 = CARTESIAN_POINT('',(0.812499965658,1.));
#4436 = CARTESIAN_POINT('',(0.843750825633,1.));
#4437 = CARTESIAN_POINT('',(0.874996642986,1.));
#4438 = CARTESIAN_POINT('',(0.906254916679,1.));
#4439 = CARTESIAN_POINT('',(0.937498080505,1.));
#4440 = CARTESIAN_POINT('',(0.968750192062,1.));
#4441 = CARTESIAN_POINT('',(1.,1.));
#4442 = ( GEOMETRIC_REPRESENTATION_CONTEXT(2) 
PARAMETRIC_REPRESENTATION_CONTEXT() REPRESENTATION_CONTEXT('2D SPACE',''
  ) );
#4443 = PCURVE('',#4264,#4444);
#4444 = DEFINITIONAL_REPRESENTATION('',(#4445),#4449);
#4445 = LINE('',#4446,#4447);
#4446 = CARTESIAN_POINT('',(0.,0.));
#4447 = VECTOR('',#4448,1.);
#4448 = DIRECTION('',(1.,0.));
#4449 = ( GEOMETRIC_REPRESENTATION_CONTEXT(2) 
PARAMETRIC_REPRESENTATION_CONTEXT() REPRESENTATION_CONTEXT('2D SPACE',''
  ) );
#4450 = ADVANCED_FACE('',(#4451),#4159,.F.);
#4451 = FACE_BOUND('',#4452,.F.);
#4452 = EDGE_LOOP('',(#4453,#4454,#4455,#4488));
#4453 = ORIENTED_EDGE('',*,*,#4146,.F.);
#4454 = ORIENTED_EDGE('',*,*,#4220,.T.);
#4455 = ORIENTED_EDGE('',*,*,#4456,.T.);
#4456 = EDGE_CURVE('',#4186,#4313,#4457,.T.);
#4457 = SURFACE_CURVE('',#4458,(#4461,#4468),.PCURVE_S1.);
#4458 = B_SPLINE_CURVE_WITH_KNOTS('',1,(#4459,#4460),.UNSPECIFIED.,.F.,
  .F.,(2,2),(0.,1.),.PIECEWISE_BEZIER_KNOTS.);
#4459 = CARTESIAN_POINT('',(-2.298736795327,-11.99999999999,
    -1.469576158977E-15));
#4460 = CARTESIAN_POINT('',(-0.660870741129,-7.499999999999,
    -9.184850993604E-16));
#4461 = PCURVE('',#4159,#4462);
#4462 = DEFINITIONAL_REPRESENTATION('',(#4463),#4467);
#4463 = LINE('',#4464,#4465);
#4464 = CARTESIAN_POINT('',(1.,0.));
#4465 = VECTOR('',#4466,1.);
#4466 = DIRECTION('',(0.,1.));
#4467 = ( GEOMETRIC_REPRESENTATION_CONTEXT(2) 
PARAMETRIC_REPRESENTATION_CONTEXT() REPRESENTATION_CONTEXT('2D SPACE',''
  ) );
#4468 = PCURVE('',#4469,#4482);
#4469 = B_SPLINE_SURFACE_WITH_KNOTS('',5,1,(
    (#4470,#4471)
    ,(#4472,#4473)
    ,(#4474,#4475)
    ,(#4476,#4477)
    ,(#4478,#4479)
    ,(#4480,#4481
    )),.UNSPECIFIED.,.F.,.F.,.F.,(6,6),(2,2),(0.,1.),(0.,1.),
  .PIECEWISE_BEZIER_KNOTS.);
#4470 = CARTESIAN_POINT('',(-2.298736795327,-11.99999999999,
    -1.469576158977E-15));
#4471 = CARTESIAN_POINT('',(-0.660870741129,-7.499999999999,
    -9.184850993604E-16));
#4472 = CARTESIAN_POINT('',(-1.672317287364,-11.99433567774,
    7.439727252697));
#4473 = CARTESIAN_POINT('',(-3.445123316658E-02,-7.496459798593,
    4.649829532936));
#4474 = CARTESIAN_POINT('',(-1.037320559084,-6.145997081766,
    15.473128116739));
#4475 = CARTESIAN_POINT('',(0.600545495114,-3.841248176104,
    9.670705072962));
#4476 = CARTESIAN_POINT('',(-0.418560377981,6.145997081766,
    15.47312811674));
#4477 = CARTESIAN_POINT('',(1.219305676217,3.841248176104,9.670705072962
    ));
#4478 = CARTESIAN_POINT('',(0.2164363503,11.994335677749,7.439727252697)
  );
#4479 = CARTESIAN_POINT('',(1.854302404498,7.496459798593,4.649829532936
    ));
#4480 = CARTESIAN_POINT('',(0.842855858262,11.999999999999,
    2.939152317953E-15));
#4481 = CARTESIAN_POINT('',(2.48072191246,7.499999999999,
    1.836970198721E-15));
#4482 = DEFINITIONAL_REPRESENTATION('',(#4483),#4487);
#4483 = LINE('',#4484,#4485);
#4484 = CARTESIAN_POINT('',(0.,0.));
#4485 = VECTOR('',#4486,1.);
#4486 = DIRECTION('',(0.,1.));
#4487 = ( GEOMETRIC_REPRESENTATION_CONTEXT(2) 
PARAMETRIC_REPRESENTATION_CONTEXT() REPRESENTATION_CONTEXT('2D SPACE',''
  ) );
#4488 = ORIENTED_EDGE('',*,*,#4312,.F.);
#4489 = ADVANCED_FACE('',(#4490),#4200,.F.);
#4490 = FACE_BOUND('',#4491,.F.);
#4491 = EDGE_LOOP('',(#4492,#4493,#4494,#4529));
#4492 = ORIENTED_EDGE('',*,*,#4185,.F.);
#4493 = ORIENTED_EDGE('',*,*,#4284,.T.);
#4494 = ORIENTED_EDGE('',*,*,#4495,.T.);
#4495 = EDGE_CURVE('',#4250,#4496,#4498,.T.);
#4496 = VERTEX_POINT('',#4497);
#4497 = CARTESIAN_POINT('',(0.842855858262,11.999999999999,
    1.469576160001E-15));
#4498 = SURFACE_CURVE('',#4499,(#4502,#4509),.PCURVE_S1.);
#4499 = B_SPLINE_CURVE_WITH_KNOTS('',1,(#4500,#4501),.UNSPECIFIED.,.F.,
  .F.,(2,2),(0.,1.),.PIECEWISE_BEZIER_KNOTS.);
#4500 = CARTESIAN_POINT('',(-0.842855858262,11.999999999999,
    2.939152317953E-15));
#4501 = CARTESIAN_POINT('',(0.842855858262,11.999999999999,
    2.939152317953E-15));
#4502 = PCURVE('',#4200,#4503);
#4503 = DEFINITIONAL_REPRESENTATION('',(#4504),#4508);
#4504 = LINE('',#4505,#4506);
#4505 = CARTESIAN_POINT('',(1.,0.));
#4506 = VECTOR('',#4507,1.);
#4507 = DIRECTION('',(0.,1.));
#4508 = ( GEOMETRIC_REPRESENTATION_CONTEXT(2) 
PARAMETRIC_REPRESENTATION_CONTEXT() REPRESENTATION_CONTEXT('2D SPACE',''
  ) );
#4509 = PCURVE('',#4510,#4523);
#4510 = B_SPLINE_SURFACE_WITH_KNOTS('',5,1,(
    (#4511,#4512)
    ,(#4513,#4514)
    ,(#4515,#4516)
    ,(#4517,#4518)
    ,(#4519,#4520)
    ,(#4521,#4522
    )),.UNSPECIFIED.,.F.,.F.,.F.,(6,6),(2,2),(0.,1.),(0.,1.),
  .PIECEWISE_BEZIER_KNOTS.);
#4511 = CARTESIAN_POINT('',(-0.842855858262,11.999999999999,0.));
#4512 = CARTESIAN_POINT('',(0.842855858262,11.999999999999,0.));
#4513 = CARTESIAN_POINT('',(-0.21644206746,11.994372043523,
    -7.439710133806));
#4514 = CARTESIAN_POINT('',(1.469269649065,11.994372043523,
    -7.439710133806));
#4515 = CARTESIAN_POINT('',(0.418574784217,6.145894572788,
    -15.47314366417));
#4516 = CARTESIAN_POINT('',(2.104286500742,6.145894572788,
    -15.47314366417));
#4517 = CARTESIAN_POINT('',(1.037306152848,-6.145894572788,
    -15.47314366417));
#4518 = CARTESIAN_POINT('',(2.723017869373,-6.145894572788,
    -15.47314366417));
#4519 = CARTESIAN_POINT('',(1.672323004525,-11.99437204352,
    -7.439710133805));
#4520 = CARTESIAN_POINT('',(3.35803472105,-11.99437204352,
    -7.439710133805));
#4521 = CARTESIAN_POINT('',(2.298736795327,-11.99999999999,
    -1.469576158977E-15));
#4522 = CARTESIAN_POINT('',(3.984448511852,-11.99999999999,
    -1.469576158977E-15));
#4523 = DEFINITIONAL_REPRESENTATION('',(#4524),#4528);
#4524 = LINE('',#4525,#4526);
#4525 = CARTESIAN_POINT('',(0.,0.));
#4526 = VECTOR('',#4527,1.);
#4527 = DIRECTION('',(0.,1.));
#4528 = ( GEOMETRIC_REPRESENTATION_CONTEXT(2) 
PARAMETRIC_REPRESENTATION_CONTEXT() REPRESENTATION_CONTEXT('2D SPACE',''
  ) );
#4529 = ORIENTED_EDGE('',*,*,#4530,.F.);
#4530 = EDGE_CURVE('',#4186,#4496,#4531,.T.);
#4531 = SURFACE_CURVE('',#4532,(#4539,#4546),.PCURVE_S1.);
#4532 = B_SPLINE_CURVE_WITH_KNOTS('',5,(#4533,#4534,#4535,#4536,#4537,
    #4538),.UNSPECIFIED.,.F.,.F.,(6,6),(0.,1.),
  .PIECEWISE_BEZIER_KNOTS.);
#4533 = CARTESIAN_POINT('',(-2.298736795327,-11.99999999999,
    -1.469576158977E-15));
#4534 = CARTESIAN_POINT('',(-1.672323004525,-11.99437204352,
    7.439710133806));
#4535 = CARTESIAN_POINT('',(-1.037306152848,-6.145894572788,
    15.473143664178));
#4536 = CARTESIAN_POINT('',(-0.418574784217,6.145894572788,
    15.473143664179));
#4537 = CARTESIAN_POINT('',(0.21644206746,11.994372043523,7.439710133805
    ));
#4538 = CARTESIAN_POINT('',(0.842855858262,11.999999999999,
    2.939152317953E-15));
#4539 = PCURVE('',#4200,#4540);
#4540 = DEFINITIONAL_REPRESENTATION('',(#4541),#4545);
#4541 = LINE('',#4542,#4543);
#4542 = CARTESIAN_POINT('',(0.,1.));
#4543 = VECTOR('',#4544,1.);
#4544 = DIRECTION('',(1.,0.));
#4545 = ( GEOMETRIC_REPRESENTATION_CONTEXT(2) 
PARAMETRIC_REPRESENTATION_CONTEXT() REPRESENTATION_CONTEXT('2D SPACE',''
  ) );
#4546 = PCURVE('',#4469,#4547);
#4547 = DEFINITIONAL_REPRESENTATION('',(#4548),#4552);
#4548 = LINE('',#4549,#4550);
#4549 = CARTESIAN_POINT('',(0.,0.));
#4550 = VECTOR('',#4551,1.);
#4551 = DIRECTION('',(1.,0.));
#4552 = ( GEOMETRIC_REPRESENTATION_CONTEXT(2) 
PARAMETRIC_REPRESENTATION_CONTEXT() REPRESENTATION_CONTEXT('2D SPACE',''
  ) );
#4553 = ADVANCED_FACE('',(#4554),#4264,.F.);
#4554 = FACE_BOUND('',#4555,.F.);
#4555 = EDGE_LOOP('',(#4556,#4557,#4558,#4593));
#4556 = ORIENTED_EDGE('',*,*,#4249,.F.);
#4557 = ORIENTED_EDGE('',*,*,#4400,.T.);
#4558 = ORIENTED_EDGE('',*,*,#4559,.T.);
#4559 = EDGE_CURVE('',#4366,#4560,#4562,.T.);
#4560 = VERTEX_POINT('',#4561);
#4561 = CARTESIAN_POINT('',(2.298736795327,-11.99999999999,
    -1.469576158977E-15));
#4562 = SURFACE_CURVE('',#4563,(#4566,#4573),.PCURVE_S1.);
#4563 = B_SPLINE_CURVE_WITH_KNOTS('',1,(#4564,#4565),.UNSPECIFIED.,.F.,
  .F.,(2,2),(0.,1.),.PIECEWISE_BEZIER_KNOTS.);
#4564 = CARTESIAN_POINT('',(0.660870741129,-7.499999999999,
    -9.184850993604E-16));
#4565 = CARTESIAN_POINT('',(2.298736795327,-11.99999999999,
    -1.469576158977E-15));
#4566 = PCURVE('',#4264,#4567);
#4567 = DEFINITIONAL_REPRESENTATION('',(#4568),#4572);
#4568 = LINE('',#4569,#4570);
#4569 = CARTESIAN_POINT('',(1.,0.));
#4570 = VECTOR('',#4571,1.);
#4571 = DIRECTION('',(0.,1.));
#4572 = ( GEOMETRIC_REPRESENTATION_CONTEXT(2) 
PARAMETRIC_REPRESENTATION_CONTEXT() REPRESENTATION_CONTEXT('2D SPACE',''
  ) );
#4573 = PCURVE('',#4574,#4587);
#4574 = B_SPLINE_SURFACE_WITH_KNOTS('',5,1,(
    (#4575,#4576)
    ,(#4577,#4578)
    ,(#4579,#4580)
    ,(#4581,#4582)
    ,(#4583,#4584)
    ,(#4585,#4586
    )),.UNSPECIFIED.,.F.,.F.,.F.,(6,6),(2,2),(0.,1.),(0.,1.),
  .PIECEWISE_BEZIER_KNOTS.);
#4575 = CARTESIAN_POINT('',(0.660870741129,-7.499999999999,
    -9.184850993604E-16));
#4576 = CARTESIAN_POINT('',(2.298736795327,-11.99999999999,
    -1.469576158977E-15));
#4577 = CARTESIAN_POINT('',(1.287290249092,-7.496459798593,
    4.649829532936));
#4578 = CARTESIAN_POINT('',(2.92515630329,-11.99433567774,7.439727252697
    ));
#4579 = CARTESIAN_POINT('',(1.922286977373,-3.841248176104,
    9.670705072962));
#4580 = CARTESIAN_POINT('',(3.560153031571,-6.145997081766,
    15.473128116739));
#4581 = CARTESIAN_POINT('',(2.541047158476,3.841248176104,9.670705072962
    ));
#4582 = CARTESIAN_POINT('',(4.178913212674,6.145997081766,15.47312811674
    ));
#4583 = CARTESIAN_POINT('',(3.176043886756,7.496459798593,4.649829532936
    ));
#4584 = CARTESIAN_POINT('',(4.813909940954,11.994335677749,
    7.439727252697));
#4585 = CARTESIAN_POINT('',(3.802463394719,7.499999999999,
    1.836970198721E-15));
#4586 = CARTESIAN_POINT('',(5.440329448917,11.999999999999,
    2.939152317953E-15));
#4587 = DEFINITIONAL_REPRESENTATION('',(#4588),#4592);
#4588 = LINE('',#4589,#4590);
#4589 = CARTESIAN_POINT('',(0.,0.));
#4590 = VECTOR('',#4591,1.);
#4591 = DIRECTION('',(0.,1.));
#4592 = ( GEOMETRIC_REPRESENTATION_CONTEXT(2) 
PARAMETRIC_REPRESENTATION_CONTEXT() REPRESENTATION_CONTEXT('2D SPACE',''
  ) );
#4593 = ORIENTED_EDGE('',*,*,#4594,.F.);
#4594 = EDGE_CURVE('',#4250,#4560,#4595,.T.);
#4595 = SURFACE_CURVE('',#4596,(#4603,#4610),.PCURVE_S1.);
#4596 = B_SPLINE_CURVE_WITH_KNOTS('',5,(#4597,#4598,#4599,#4600,#4601,
    #4602),.UNSPECIFIED.,.F.,.F.,(6,6),(0.,1.),
  .PIECEWISE_BEZIER_KNOTS.);
#4597 = CARTESIAN_POINT('',(-0.842855858262,11.999999999999,0.));
#4598 = CARTESIAN_POINT('',(-0.21644206746,11.994372043523,
    -7.439710133806));
#4599 = CARTESIAN_POINT('',(0.418574784217,6.145894572788,
    -15.47314366417));
#4600 = CARTESIAN_POINT('',(1.037306152848,-6.145894572788,
    -15.47314366417));
#4601 = CARTESIAN_POINT('',(1.672323004525,-11.99437204352,
    -7.439710133805));
#4602 = CARTESIAN_POINT('',(2.298736795327,-11.99999999999,
    -1.469576158977E-15));
#4603 = PCURVE('',#4264,#4604);
#4604 = DEFINITIONAL_REPRESENTATION('',(#4605),#4609);
#4605 = LINE('',#4606,#4607);
#4606 = CARTESIAN_POINT('',(0.,1.));
#4607 = VECTOR('',#4608,1.);
#4608 = DIRECTION('',(1.,0.));
#4609 = ( GEOMETRIC_REPRESENTATION_CONTEXT(2) 
PARAMETRIC_REPRESENTATION_CONTEXT() REPRESENTATION_CONTEXT('2D SPACE',''
  ) );
#4610 = PCURVE('',#4510,#4611);
#4611 = DEFINITIONAL_REPRESENTATION('',(#4612),#4616);
#4612 = LINE('',#4613,#4614);
#4613 = CARTESIAN_POINT('',(0.,0.));
#4614 = VECTOR('',#4615,1.);
#4615 = DIRECTION('',(1.,0.));
#4616 = ( GEOMETRIC_REPRESENTATION_CONTEXT(2) 
PARAMETRIC_REPRESENTATION_CONTEXT() REPRESENTATION_CONTEXT('2D SPACE',''
  ) );
#4617 = ADVANCED_FACE('',(#4618),#4380,.F.);
#4618 = FACE_BOUND('',#4619,.F.);
#4619 = EDGE_LOOP('',(#4620,#4621,#4674,#4709));
#4620 = ORIENTED_EDGE('',*,*,#4365,.F.);
#4621 = ORIENTED_EDGE('',*,*,#4622,.T.);
#4622 = EDGE_CURVE('',#4313,#4623,#4625,.T.);
#4623 = VERTEX_POINT('',#4624);
#4624 = CARTESIAN_POINT('',(2.48072191246,7.499999999999,
    9.184850993604E-16));
#4625 = SURFACE_CURVE('',#4626,(#4633,#4667),.PCURVE_S1.);
#4626 = B_SPLINE_CURVE_WITH_KNOTS('',5,(#4627,#4628,#4629,#4630,#4631,
    #4632),.UNSPECIFIED.,.F.,.F.,(6,6),(0.,1.),
  .PIECEWISE_BEZIER_KNOTS.);
#4627 = CARTESIAN_POINT('',(-0.660870741129,-7.499999999999,
    -9.184850993604E-16));
#4628 = CARTESIAN_POINT('',(-3.445123316658E-02,-7.496459798593,
    4.649829532936));
#4629 = CARTESIAN_POINT('',(0.600545495114,-3.841248176104,
    9.670705072962));
#4630 = CARTESIAN_POINT('',(1.219305676217,3.841248176104,9.670705072962
    ));
#4631 = CARTESIAN_POINT('',(1.854302404498,7.496459798593,4.649829532936
    ));
#4632 = CARTESIAN_POINT('',(2.48072191246,7.499999999999,
    1.836970198721E-15));
#4633 = PCURVE('',#4380,#4634);
#4634 = DEFINITIONAL_REPRESENTATION('',(#4635),#4666);
#4635 = B_SPLINE_CURVE_WITH_KNOTS('',8,(#4636,#4637,#4638,#4639,#4640,
    #4641,#4642,#4643,#4644,#4645,#4646,#4647,#4648,#4649,#4650,#4651,
    #4652,#4653,#4654,#4655,#4656,#4657,#4658,#4659,#4660,#4661,#4662,
    #4663,#4664,#4665),.UNSPECIFIED.,.F.,.F.,(9,7,7,7,9),(0.,0.25,0.5,
    0.75,1.),.UNSPECIFIED.);
#4636 = CARTESIAN_POINT('',(-2.775557561563E-17,0.));
#4637 = CARTESIAN_POINT('',(3.124980793826E-02,0.));
#4638 = CARTESIAN_POINT('',(6.250191949534E-02,0.));
#4639 = CARTESIAN_POINT('',(9.374508332054E-02,0.));
#4640 = CARTESIAN_POINT('',(0.125003357014,0.));
#4641 = CARTESIAN_POINT('',(0.156249174367,0.));
#4642 = CARTESIAN_POINT('',(0.187500034342,0.));
#4643 = CARTESIAN_POINT('',(0.218749999321,0.));
#4644 = CARTESIAN_POINT('',(0.281249938568,0.));
#4645 = CARTESIAN_POINT('',(0.312500615067,0.));
#4646 = CARTESIAN_POINT('',(0.343750819649,0.));
#4647 = CARTESIAN_POINT('',(0.375000430504,0.));
#4648 = CARTESIAN_POINT('',(0.406249891821,0.));
#4649 = CARTESIAN_POINT('',(0.437499722818,0.));
#4650 = CARTESIAN_POINT('',(0.468750026763,0.));
#4651 = CARTESIAN_POINT('',(0.531249973237,0.));
#4652 = CARTESIAN_POINT('',(0.562500277182,0.));
#4653 = CARTESIAN_POINT('',(0.593750108179,0.));
#4654 = CARTESIAN_POINT('',(0.624999569496,0.));
#4655 = CARTESIAN_POINT('',(0.656249180351,0.));
#4656 = CARTESIAN_POINT('',(0.687499384933,0.));
#4657 = CARTESIAN_POINT('',(0.718750061432,0.));
#4658 = CARTESIAN_POINT('',(0.781250000679,0.));
#4659 = CARTESIAN_POINT('',(0.812499965658,0.));
#4660 = CARTESIAN_POINT('',(0.843750825633,0.));
#4661 = CARTESIAN_POINT('',(0.874996642986,0.));
#4662 = CARTESIAN_POINT('',(0.906254916679,0.));
#4663 = CARTESIAN_POINT('',(0.937498080505,0.));
#4664 = CARTESIAN_POINT('',(0.968750192062,0.));
#4665 = CARTESIAN_POINT('',(1.,0.));
#4666 = ( GEOMETRIC_REPRESENTATION_CONTEXT(2) 
PARAMETRIC_REPRESENTATION_CONTEXT() REPRESENTATION_CONTEXT('2D SPACE',''
  ) );
#4667 = PCURVE('',#4469,#4668);
#4668 = DEFINITIONAL_REPRESENTATION('',(#4669),#4673);
#4669 = LINE('',#4670,#4671);
#4670 = CARTESIAN_POINT('',(0.,1.));
#4671 = VECTOR('',#4672,1.);
#4672 = DIRECTION('',(1.,0.));
#4673 = ( GEOMETRIC_REPRESENTATION_CONTEXT(2) 
PARAMETRIC_REPRESENTATION_CONTEXT() REPRESENTATION_CONTEXT('2D SPACE',''
  ) );
#4674 = ORIENTED_EDGE('',*,*,#4675,.T.);
#4675 = EDGE_CURVE('',#4623,#4676,#4678,.T.);
#4676 = VERTEX_POINT('',#4677);
#4677 = CARTESIAN_POINT('',(3.802463394719,7.499999999999,
    9.184850993604E-16));
#4678 = SURFACE_CURVE('',#4679,(#4682,#4689),.PCURVE_S1.);
#4679 = B_SPLINE_CURVE_WITH_KNOTS('',1,(#4680,#4681),.UNSPECIFIED.,.F.,
  .F.,(2,2),(0.,1.),.PIECEWISE_BEZIER_KNOTS.);
#4680 = CARTESIAN_POINT('',(2.48072191246,7.499999999999,
    1.836970198721E-15));
#4681 = CARTESIAN_POINT('',(3.802463394719,7.499999999999,
    1.836970198721E-15));
#4682 = PCURVE('',#4380,#4683);
#4683 = DEFINITIONAL_REPRESENTATION('',(#4684),#4688);
#4684 = LINE('',#4685,#4686);
#4685 = CARTESIAN_POINT('',(1.,0.));
#4686 = VECTOR('',#4687,1.);
#4687 = DIRECTION('',(0.,1.));
#4688 = ( GEOMETRIC_REPRESENTATION_CONTEXT(2) 
PARAMETRIC_REPRESENTATION_CONTEXT() REPRESENTATION_CONTEXT('2D SPACE',''
  ) );
#4689 = PCURVE('',#4690,#4703);
#4690 = B_SPLINE_SURFACE_WITH_KNOTS('',5,1,(
    (#4691,#4692)
    ,(#4693,#4694)
    ,(#4695,#4696)
    ,(#4697,#4698)
    ,(#4699,#4700)
    ,(#4701,#4702
    )),.UNSPECIFIED.,.F.,.F.,.F.,(6,6),(2,2),(0.,1.),(0.,1.),
  .PIECEWISE_BEZIER_KNOTS.);
#4691 = CARTESIAN_POINT('',(2.48072191246,7.499999999999,0.));
#4692 = CARTESIAN_POINT('',(3.802463394719,7.499999999999,0.));
#4693 = CARTESIAN_POINT('',(3.107155901152,7.496402230976,
    -4.649856634508));
#4694 = CARTESIAN_POINT('',(4.428897383411,7.496402230976,
    -4.649856634508));
#4695 = CARTESIAN_POINT('',(3.742101660309,3.841410447455,-9.67068045996
    ));
#4696 = CARTESIAN_POINT('',(5.063843142568,3.841410447455,-9.67068045996
    ));
#4697 = CARTESIAN_POINT('',(4.360934818202,-3.841410447455,
    -9.67068045996));
#4698 = CARTESIAN_POINT('',(5.68267630046,-3.841410447455,-9.67068045996
    ));
#4699 = CARTESIAN_POINT('',(4.995880577359,-7.496402230976,
    -4.649856634508));
#4700 = CARTESIAN_POINT('',(6.317622059618,-7.496402230976,
    -4.649856634508));
#4701 = CARTESIAN_POINT('',(5.62231456605,-7.499999999999,
    -9.184850993604E-16));
#4702 = CARTESIAN_POINT('',(6.944056048309,-7.499999999999,
    -9.184850993604E-16));
#4703 = DEFINITIONAL_REPRESENTATION('',(#4704),#4708);
#4704 = LINE('',#4705,#4706);
#4705 = CARTESIAN_POINT('',(0.,0.));
#4706 = VECTOR('',#4707,1.);
#4707 = DIRECTION('',(0.,1.));
#4708 = ( GEOMETRIC_REPRESENTATION_CONTEXT(2) 
PARAMETRIC_REPRESENTATION_CONTEXT() REPRESENTATION_CONTEXT('2D SPACE',''
  ) );
#4709 = ORIENTED_EDGE('',*,*,#4710,.F.);
#4710 = EDGE_CURVE('',#4366,#4676,#4711,.T.);
#4711 = SURFACE_CURVE('',#4712,(#4719,#4753),.PCURVE_S1.);
#4712 = B_SPLINE_CURVE_WITH_KNOTS('',5,(#4713,#4714,#4715,#4716,#4717,
    #4718),.UNSPECIFIED.,.F.,.F.,(6,6),(0.,1.),
  .PIECEWISE_BEZIER_KNOTS.);
#4713 = CARTESIAN_POINT('',(0.660870741129,-7.499999999999,
    -9.184850993604E-16));
#4714 = CARTESIAN_POINT('',(1.287290249092,-7.496459798593,
    4.649829532936));
#4715 = CARTESIAN_POINT('',(1.922286977373,-3.841248176104,
    9.670705072962));
#4716 = CARTESIAN_POINT('',(2.541047158476,3.841248176104,9.670705072962
    ));
#4717 = CARTESIAN_POINT('',(3.176043886756,7.496459798593,4.649829532936
    ));
#4718 = CARTESIAN_POINT('',(3.802463394719,7.499999999999,
    1.836970198721E-15));
#4719 = PCURVE('',#4380,#4720);
#4720 = DEFINITIONAL_REPRESENTATION('',(#4721),#4752);
#4721 = B_SPLINE_CURVE_WITH_KNOTS('',8,(#4722,#4723,#4724,#4725,#4726,
    #4727,#4728,#4729,#4730,#4731,#4732,#4733,#4734,#4735,#4736,#4737,
    #4738,#4739,#4740,#4741,#4742,#4743,#4744,#4745,#4746,#4747,#4748,
    #4749,#4750,#4751),.UNSPECIFIED.,.F.,.F.,(9,7,7,7,9),(0.,0.25,0.5,
    0.75,1.),.UNSPECIFIED.);
#4722 = CARTESIAN_POINT('',(-1.387778780781E-17,1.));
#4723 = CARTESIAN_POINT('',(3.124980793826E-02,1.));
#4724 = CARTESIAN_POINT('',(6.250191949534E-02,1.));
#4725 = CARTESIAN_POINT('',(9.374508332054E-02,1.));
#4726 = CARTESIAN_POINT('',(0.125003357014,1.));
#4727 = CARTESIAN_POINT('',(0.156249174367,1.));
#4728 = CARTESIAN_POINT('',(0.187500034342,1.));
#4729 = CARTESIAN_POINT('',(0.218749999321,1.));
#4730 = CARTESIAN_POINT('',(0.281249938568,1.));
#4731 = CARTESIAN_POINT('',(0.312500615067,1.));
#4732 = CARTESIAN_POINT('',(0.343750819649,1.));
#4733 = CARTESIAN_POINT('',(0.375000430504,1.));
#4734 = CARTESIAN_POINT('',(0.406249891821,1.));
#4735 = CARTESIAN_POINT('',(0.437499722818,1.));
#4736 = CARTESIAN_POINT('',(0.468750026763,1.));
#4737 = CARTESIAN_POINT('',(0.531249973237,1.));
#4738 = CARTESIAN_POINT('',(0.562500277182,1.));
#4739 = CARTESIAN_POINT('',(0.593750108179,1.));
#4740 = CARTESIAN_POINT('',(0.624999569496,1.));
#4741 = CARTESIAN_POINT('',(0.656249180351,1.));
#4742 = CARTESIAN_POINT('',(0.687499384933,1.));
#4743 = CARTESIAN_POINT('',(0.718750061432,1.));
#4744 = CARTESIAN_POINT('',(0.781250000679,1.));
#4745 = CARTESIAN_POINT('',(0.812499965658,1.));
#4746 = CARTESIAN_POINT('',(0.843750825633,1.));
#4747 = CARTESIAN_POINT('',(0.874996642986,1.));
#4748 = CARTESIAN_POINT('',(0.906254916679,1.));
#4749 = CARTESIAN_POINT('',(0.937498080505,1.));
#4750 = CARTESIAN_POINT('',(0.968750192062,1.));
#4751 = CARTESIAN_POINT('',(1.,1.));
#4752 = ( GEOMETRIC_REPRESENTATION_CONTEXT(2) 
PARAMETRIC_REPRESENTATION_CONTEXT() REPRESENTATION_CONTEXT('2D SPACE',''
  ) );
#4753 = PCURVE('',#4574,#4754);
#4754 = DEFINITIONAL_REPRESENTATION('',(#4755),#4759);
#4755 = LINE('',#4756,#4757);
#4756 = CARTESIAN_POINT('',(0.,0.));
#4757 = VECTOR('',#4758,1.);
#4758 = DIRECTION('',(1.,0.));
#4759 = ( GEOMETRIC_REPRESENTATION_CONTEXT(2) 
PARAMETRIC_REPRESENTATION_CONTEXT() REPRESENTATION_CONTEXT('2D SPACE',''
  ) );
#4760 = ADVANCED_FACE('',(#4761),#4469,.F.);
#4761 = FACE_BOUND('',#4762,.F.);
#4762 = EDGE_LOOP('',(#4763,#4764,#4765,#4798));
#4763 = ORIENTED_EDGE('',*,*,#4456,.F.);
#4764 = ORIENTED_EDGE('',*,*,#4530,.T.);
#4765 = ORIENTED_EDGE('',*,*,#4766,.T.);
#4766 = EDGE_CURVE('',#4496,#4623,#4767,.T.);
#4767 = SURFACE_CURVE('',#4768,(#4771,#4778),.PCURVE_S1.);
#4768 = B_SPLINE_CURVE_WITH_KNOTS('',1,(#4769,#4770),.UNSPECIFIED.,.F.,
  .F.,(2,2),(0.,1.),.PIECEWISE_BEZIER_KNOTS.);
#4769 = CARTESIAN_POINT('',(0.842855858262,11.999999999999,
    2.939152317953E-15));
#4770 = CARTESIAN_POINT('',(2.48072191246,7.499999999999,
    1.836970198721E-15));
#4771 = PCURVE('',#4469,#4772);
#4772 = DEFINITIONAL_REPRESENTATION('',(#4773),#4777);
#4773 = LINE('',#4774,#4775);
#4774 = CARTESIAN_POINT('',(1.,0.));
#4775 = VECTOR('',#4776,1.);
#4776 = DIRECTION('',(0.,1.));
#4777 = ( GEOMETRIC_REPRESENTATION_CONTEXT(2) 
PARAMETRIC_REPRESENTATION_CONTEXT() REPRESENTATION_CONTEXT('2D SPACE',''
  ) );
#4778 = PCURVE('',#4779,#4792);
#4779 = B_SPLINE_SURFACE_WITH_KNOTS('',5,1,(
    (#4780,#4781)
    ,(#4782,#4783)
    ,(#4784,#4785)
    ,(#4786,#4787)
    ,(#4788,#4789)
    ,(#4790,#4791
    )),.UNSPECIFIED.,.F.,.F.,.F.,(6,6),(2,2),(0.,1.),(0.,1.),
  .PIECEWISE_BEZIER_KNOTS.);
#4780 = CARTESIAN_POINT('',(0.842855858262,11.999999999999,0.));
#4781 = CARTESIAN_POINT('',(2.48072191246,7.499999999999,0.));
#4782 = CARTESIAN_POINT('',(1.469275366225,11.994335677749,
    -7.439727252697));
#4783 = CARTESIAN_POINT('',(3.107141420423,7.496459798593,
    -4.649829532936));
#4784 = CARTESIAN_POINT('',(2.104272094506,6.145997081766,
    -15.47312811673));
#4785 = CARTESIAN_POINT('',(3.742138148704,3.841248176104,
    -9.670705072962));
#4786 = CARTESIAN_POINT('',(2.723032275609,-6.145997081766,
    -15.47312811674));
#4787 = CARTESIAN_POINT('',(4.360898329807,-3.841248176104,
    -9.670705072962));
#4788 = CARTESIAN_POINT('',(3.358029003889,-11.99433567774,
    -7.439727252697));
#4789 = CARTESIAN_POINT('',(4.995895058087,-7.496459798593,
    -4.649829532936));
#4790 = CARTESIAN_POINT('',(3.984448511852,-11.99999999999,
    -1.469576158977E-15));
#4791 = CARTESIAN_POINT('',(5.62231456605,-7.499999999999,
    -9.184850993604E-16));
#4792 = DEFINITIONAL_REPRESENTATION('',(#4793),#4797);
#4793 = LINE('',#4794,#4795);
#4794 = CARTESIAN_POINT('',(0.,0.));
#4795 = VECTOR('',#4796,1.);
#4796 = DIRECTION('',(0.,1.));
#4797 = ( GEOMETRIC_REPRESENTATION_CONTEXT(2) 
PARAMETRIC_REPRESENTATION_CONTEXT() REPRESENTATION_CONTEXT('2D SPACE',''
  ) );
#4798 = ORIENTED_EDGE('',*,*,#4622,.F.);
#4799 = ADVANCED_FACE('',(#4800),#4510,.F.);
#4800 = FACE_BOUND('',#4801,.F.);
#4801 = EDGE_LOOP('',(#4802,#4803,#4804,#4839));
#4802 = ORIENTED_EDGE('',*,*,#4495,.F.);
#4803 = ORIENTED_EDGE('',*,*,#4594,.T.);
#4804 = ORIENTED_EDGE('',*,*,#4805,.T.);
#4805 = EDGE_CURVE('',#4560,#4806,#4808,.T.);
#4806 = VERTEX_POINT('',#4807);
#4807 = CARTESIAN_POINT('',(3.984448511852,-11.99999999999,
    -1.469576158977E-15));
#4808 = SURFACE_CURVE('',#4809,(#4812,#4819),.PCURVE_S1.);
#4809 = B_SPLINE_CURVE_WITH_KNOTS('',1,(#4810,#4811),.UNSPECIFIED.,.F.,
  .F.,(2,2),(0.,1.),.PIECEWISE_BEZIER_KNOTS.);
#4810 = CARTESIAN_POINT('',(2.298736795327,-11.99999999999,
    -1.469576158977E-15));
#4811 = CARTESIAN_POINT('',(3.984448511852,-11.99999999999,
    -1.469576158977E-15));
#4812 = PCURVE('',#4510,#4813);
#4813 = DEFINITIONAL_REPRESENTATION('',(#4814),#4818);
#4814 = LINE('',#4815,#4816);
#4815 = CARTESIAN_POINT('',(1.,0.));
#4816 = VECTOR('',#4817,1.);
#4817 = DIRECTION('',(0.,1.));
#4818 = ( GEOMETRIC_REPRESENTATION_CONTEXT(2) 
PARAMETRIC_REPRESENTATION_CONTEXT() REPRESENTATION_CONTEXT('2D SPACE',''
  ) );
#4819 = PCURVE('',#4820,#4833);
#4820 = B_SPLINE_SURFACE_WITH_KNOTS('',5,1,(
    (#4821,#4822)
    ,(#4823,#4824)
    ,(#4825,#4826)
    ,(#4827,#4828)
    ,(#4829,#4830)
    ,(#4831,#4832
    )),.UNSPECIFIED.,.F.,.F.,.F.,(6,6),(2,2),(0.,1.),(0.,1.),
  .PIECEWISE_BEZIER_KNOTS.);
#4821 = CARTESIAN_POINT('',(2.298736795327,-11.99999999999,
    -1.469576158977E-15));
#4822 = CARTESIAN_POINT('',(3.984448511852,-11.99999999999,
    -1.469576158977E-15));
#4823 = CARTESIAN_POINT('',(2.92515058613,-11.99437204352,7.439710133806
    ));
#4824 = CARTESIAN_POINT('',(4.610862302655,-11.99437204352,
    7.439710133806));
#4825 = CARTESIAN_POINT('',(3.560167437806,-6.145894572788,
    15.473143664178));
#4826 = CARTESIAN_POINT('',(5.245879154331,-6.145894572788,
    15.473143664178));
#4827 = CARTESIAN_POINT('',(4.178898806438,6.145894572788,
    15.473143664179));
#4828 = CARTESIAN_POINT('',(5.864610522963,6.145894572788,
    15.473143664179));
#4829 = CARTESIAN_POINT('',(4.813915658114,11.994372043523,
    7.439710133805));
#4830 = CARTESIAN_POINT('',(6.499627374639,11.994372043523,
    7.439710133805));
#4831 = CARTESIAN_POINT('',(5.440329448917,11.999999999999,
    2.939152317953E-15));
#4832 = CARTESIAN_POINT('',(7.126041165442,11.999999999999,
    2.939152317953E-15));
#4833 = DEFINITIONAL_REPRESENTATION('',(#4834),#4838);
#4834 = LINE('',#4835,#4836);
#4835 = CARTESIAN_POINT('',(0.,0.));
#4836 = VECTOR('',#4837,1.);
#4837 = DIRECTION('',(0.,1.));
#4838 = ( GEOMETRIC_REPRESENTATION_CONTEXT(2) 
PARAMETRIC_REPRESENTATION_CONTEXT() REPRESENTATION_CONTEXT('2D SPACE',''
  ) );
#4839 = ORIENTED_EDGE('',*,*,#4840,.F.);
#4840 = EDGE_CURVE('',#4496,#4806,#4841,.T.);
#4841 = SURFACE_CURVE('',#4842,(#4849,#4856),.PCURVE_S1.);
#4842 = B_SPLINE_CURVE_WITH_KNOTS('',5,(#4843,#4844,#4845,#4846,#4847,
    #4848),.UNSPECIFIED.,.F.,.F.,(6,6),(0.,1.),
  .PIECEWISE_BEZIER_KNOTS.);
#4843 = CARTESIAN_POINT('',(0.842855858262,11.999999999999,0.));
#4844 = CARTESIAN_POINT('',(1.469269649065,11.994372043523,
    -7.439710133806));
#4845 = CARTESIAN_POINT('',(2.104286500742,6.145894572788,
    -15.47314366417));
#4846 = CARTESIAN_POINT('',(2.723017869373,-6.145894572788,
    -15.47314366417));
#4847 = CARTESIAN_POINT('',(3.35803472105,-11.99437204352,
    -7.439710133805));
#4848 = CARTESIAN_POINT('',(3.984448511852,-11.99999999999,
    -1.469576158977E-15));
#4849 = PCURVE('',#4510,#4850);
#4850 = DEFINITIONAL_REPRESENTATION('',(#4851),#4855);
#4851 = LINE('',#4852,#4853);
#4852 = CARTESIAN_POINT('',(0.,1.));
#4853 = VECTOR('',#4854,1.);
#4854 = DIRECTION('',(1.,0.));
#4855 = ( GEOMETRIC_REPRESENTATION_CONTEXT(2) 
PARAMETRIC_REPRESENTATION_CONTEXT() REPRESENTATION_CONTEXT('2D SPACE',''
  ) );
#4856 = PCURVE('',#4779,#4857);
#4857 = DEFINITIONAL_REPRESENTATION('',(#4858),#4862);
#4858 = LINE('',#4859,#4860);
#4859 = CARTESIAN_POINT('',(0.,0.));
#4860 = VECTOR('',#4861,1.);
#4861 = DIRECTION('',(1.,0.));
#4862 = ( GEOMETRIC_REPRESENTATION_CONTEXT(2) 
PARAMETRIC_REPRESENTATION_CONTEXT() REPRESENTATION_CONTEXT('2D SPACE',''
  ) );
#4863 = ADVANCED_FACE('',(#4864),#4574,.F.);
#4864 = FACE_BOUND('',#4865,.F.);
#4865 = EDGE_LOOP('',(#4866,#4867,#4868,#4903));
#4866 = ORIENTED_EDGE('',*,*,#4559,.F.);
#4867 = ORIENTED_EDGE('',*,*,#4710,.T.);
#4868 = ORIENTED_EDGE('',*,*,#4869,.T.);
#4869 = EDGE_CURVE('',#4676,#4870,#4872,.T.);
#4870 = VERTEX_POINT('',#4871);
#4871 = CARTESIAN_POINT('',(5.440329448917,11.999999999999,
    1.469576160001E-15));
#4872 = SURFACE_CURVE('',#4873,(#4876,#4883),.PCURVE_S1.);
#4873 = B_SPLINE_CURVE_WITH_KNOTS('',1,(#4874,#4875),.UNSPECIFIED.,.F.,
  .F.,(2,2),(0.,1.),.PIECEWISE_BEZIER_KNOTS.);
#4874 = CARTESIAN_POINT('',(3.802463394719,7.499999999999,
    1.836970198721E-15));
#4875 = CARTESIAN_POINT('',(5.440329448917,11.999999999999,
    2.939152317953E-15));
#4876 = PCURVE('',#4574,#4877);
#4877 = DEFINITIONAL_REPRESENTATION('',(#4878),#4882);
#4878 = LINE('',#4879,#4880);
#4879 = CARTESIAN_POINT('',(1.,0.));
#4880 = VECTOR('',#4881,1.);
#4881 = DIRECTION('',(0.,1.));
#4882 = ( GEOMETRIC_REPRESENTATION_CONTEXT(2) 
PARAMETRIC_REPRESENTATION_CONTEXT() REPRESENTATION_CONTEXT('2D SPACE',''
  ) );
#4883 = PCURVE('',#4884,#4897);
#4884 = B_SPLINE_SURFACE_WITH_KNOTS('',5,1,(
    (#4885,#4886)
    ,(#4887,#4888)
    ,(#4889,#4890)
    ,(#4891,#4892)
    ,(#4893,#4894)
    ,(#4895,#4896
    )),.UNSPECIFIED.,.F.,.F.,.F.,(6,6),(2,2),(0.,1.),(0.,1.),
  .PIECEWISE_BEZIER_KNOTS.);
#4885 = CARTESIAN_POINT('',(3.802463394719,7.499999999999,0.));
#4886 = CARTESIAN_POINT('',(5.440329448917,11.999999999999,0.));
#4887 = CARTESIAN_POINT('',(4.428882902682,7.496459798593,
    -4.649829532936));
#4888 = CARTESIAN_POINT('',(6.06674895688,11.994335677749,
    -7.439727252697));
#4889 = CARTESIAN_POINT('',(5.063879630963,3.841248176104,
    -9.670705072962));
#4890 = CARTESIAN_POINT('',(6.701745685161,6.145997081766,
    -15.47312811673));
#4891 = CARTESIAN_POINT('',(5.682639812065,-3.841248176104,
    -9.670705072962));
#4892 = CARTESIAN_POINT('',(7.320505866263,-6.145997081766,
    -15.47312811674));
#4893 = CARTESIAN_POINT('',(6.317636540346,-7.496459798593,
    -4.649829532936));
#4894 = CARTESIAN_POINT('',(7.955502594544,-11.99433567774,
    -7.439727252697));
#4895 = CARTESIAN_POINT('',(6.944056048309,-7.499999999999,
    -9.184850993604E-16));
#4896 = CARTESIAN_POINT('',(8.581922102507,-11.99999999999,
    -1.469576158977E-15));
#4897 = DEFINITIONAL_REPRESENTATION('',(#4898),#4902);
#4898 = LINE('',#4899,#4900);
#4899 = CARTESIAN_POINT('',(0.,0.));
#4900 = VECTOR('',#4901,1.);
#4901 = DIRECTION('',(0.,1.));
#4902 = ( GEOMETRIC_REPRESENTATION_CONTEXT(2) 
PARAMETRIC_REPRESENTATION_CONTEXT() REPRESENTATION_CONTEXT('2D SPACE',''
  ) );
#4903 = ORIENTED_EDGE('',*,*,#4904,.F.);
#4904 = EDGE_CURVE('',#4560,#4870,#4905,.T.);
#4905 = SURFACE_CURVE('',#4906,(#4913,#4920),.PCURVE_S1.);
#4906 = B_SPLINE_CURVE_WITH_KNOTS('',5,(#4907,#4908,#4909,#4910,#4911,
    #4912),.UNSPECIFIED.,.F.,.F.,(6,6),(0.,1.),
  .PIECEWISE_BEZIER_KNOTS.);
#4907 = CARTESIAN_POINT('',(2.298736795327,-11.99999999999,
    -1.469576158977E-15));
#4908 = CARTESIAN_POINT('',(2.92515058613,-11.99437204352,7.439710133806
    ));
#4909 = CARTESIAN_POINT('',(3.560167437806,-6.145894572788,
    15.473143664178));
#4910 = CARTESIAN_POINT('',(4.178898806438,6.145894572788,
    15.473143664179));
#4911 = CARTESIAN_POINT('',(4.813915658114,11.994372043523,
    7.439710133805));
#4912 = CARTESIAN_POINT('',(5.440329448917,11.999999999999,
    2.939152317953E-15));
#4913 = PCURVE('',#4574,#4914);
#4914 = DEFINITIONAL_REPRESENTATION('',(#4915),#4919);
#4915 = LINE('',#4916,#4917);
#4916 = CARTESIAN_POINT('',(0.,1.));
#4917 = VECTOR('',#4918,1.);
#4918 = DIRECTION('',(1.,0.));
#4919 = ( GEOMETRIC_REPRESENTATION_CONTEXT(2) 
PARAMETRIC_REPRESENTATION_CONTEXT() REPRESENTATION_CONTEXT('2D SPACE',''
  ) );
#4920 = PCURVE('',#4820,#4921);
#4921 = DEFINITIONAL_REPRESENTATION('',(#4922),#4926);
#4922 = LINE('',#4923,#4924);
#4923 = CARTESIAN_POINT('',(0.,0.));
#4924 = VECTOR('',#4925,1.);
#4925 = DIRECTION('',(1.,0.));
#4926 = ( GEOMETRIC_REPRESENTATION_CONTEXT(2) 
PARAMETRIC_REPRESENTATION_CONTEXT() REPRESENTATION_CONTEXT('2D SPACE',''
  ) );
#4927 = ADVANCED_FACE('',(#4928),#4690,.F.);
#4928 = FACE_BOUND('',#4929,.F.);
#4929 = EDGE_LOOP('',(#4930,#4931,#4984,#5019));
#4930 = ORIENTED_EDGE('',*,*,#4675,.F.);
#4931 = ORIENTED_EDGE('',*,*,#4932,.T.);
#4932 = EDGE_CURVE('',#4623,#4933,#4935,.T.);
#4933 = VERTEX_POINT('',#4934);
#4934 = CARTESIAN_POINT('',(5.62231456605,-7.499999999999,
    -9.184850993604E-16));
#4935 = SURFACE_CURVE('',#4936,(#4943,#4977),.PCURVE_S1.);
#4936 = B_SPLINE_CURVE_WITH_KNOTS('',5,(#4937,#4938,#4939,#4940,#4941,
    #4942),.UNSPECIFIED.,.F.,.F.,(6,6),(0.,1.),
  .PIECEWISE_BEZIER_KNOTS.);
#4937 = CARTESIAN_POINT('',(2.48072191246,7.499999999999,0.));
#4938 = CARTESIAN_POINT('',(3.107141420423,7.496459798593,
    -4.649829532936));
#4939 = CARTESIAN_POINT('',(3.742138148704,3.841248176104,
    -9.670705072962));
#4940 = CARTESIAN_POINT('',(4.360898329807,-3.841248176104,
    -9.670705072962));
#4941 = CARTESIAN_POINT('',(4.995895058087,-7.496459798593,
    -4.649829532936));
#4942 = CARTESIAN_POINT('',(5.62231456605,-7.499999999999,
    -9.184850993604E-16));
#4943 = PCURVE('',#4690,#4944);
#4944 = DEFINITIONAL_REPRESENTATION('',(#4945),#4976);
#4945 = B_SPLINE_CURVE_WITH_KNOTS('',8,(#4946,#4947,#4948,#4949,#4950,
    #4951,#4952,#4953,#4954,#4955,#4956,#4957,#4958,#4959,#4960,#4961,
    #4962,#4963,#4964,#4965,#4966,#4967,#4968,#4969,#4970,#4971,#4972,
    #4973,#4974,#4975),.UNSPECIFIED.,.F.,.F.,(9,7,7,7,9),(0.,0.25,0.5,
    0.75,1.),.UNSPECIFIED.);
#4946 = CARTESIAN_POINT('',(4.163336342344E-17,0.));
#4947 = CARTESIAN_POINT('',(3.124980793826E-02,0.));
#4948 = CARTESIAN_POINT('',(6.250191949534E-02,0.));
#4949 = CARTESIAN_POINT('',(9.374508332054E-02,0.));
#4950 = CARTESIAN_POINT('',(0.125003357014,0.));
#4951 = CARTESIAN_POINT('',(0.156249174367,0.));
#4952 = CARTESIAN_POINT('',(0.187500034342,0.));
#4953 = CARTESIAN_POINT('',(0.218749999321,0.));
#4954 = CARTESIAN_POINT('',(0.281249938568,0.));
#4955 = CARTESIAN_POINT('',(0.312500615067,0.));
#4956 = CARTESIAN_POINT('',(0.343750819649,0.));
#4957 = CARTESIAN_POINT('',(0.375000430504,0.));
#4958 = CARTESIAN_POINT('',(0.406249891821,0.));
#4959 = CARTESIAN_POINT('',(0.437499722818,0.));
#4960 = CARTESIAN_POINT('',(0.468750026763,0.));
#4961 = CARTESIAN_POINT('',(0.531249973237,0.));
#4962 = CARTESIAN_POINT('',(0.562500277182,0.));
#4963 = CARTESIAN_POINT('',(0.593750108179,0.));
#4964 = CARTESIAN_POINT('',(0.624999569496,0.));
#4965 = CARTESIAN_POINT('',(0.656249180351,0.));
#4966 = CARTESIAN_POINT('',(0.687499384933,0.));
#4967 = CARTESIAN_POINT('',(0.718750061432,0.));
#4968 = CARTESIAN_POINT('',(0.781250000679,0.));
#4969 = CARTESIAN_POINT('',(0.812499965658,0.));
#4970 = CARTESIAN_POINT('',(0.843750825633,0.));
#4971 = CARTESIAN_POINT('',(0.874996642986,0.));
#4972 = CARTESIAN_POINT('',(0.906254916679,0.));
#4973 = CARTESIAN_POINT('',(0.937498080505,0.));
#4974 = CARTESIAN_POINT('',(0.968750192062,0.));
#4975 = CARTESIAN_POINT('',(1.,0.));
#4976 = ( GEOMETRIC_REPRESENTATION_CONTEXT(2) 
PARAMETRIC_REPRESENTATION_CONTEXT() REPRESENTATION_CONTEXT('2D SPACE',''
  ) );
#4977 = PCURVE('',#4779,#4978);
#4978 = DEFINITIONAL_REPRESENTATION('',(#4979),#4983);
#4979 = LINE('',#4980,#4981);
#4980 = CARTESIAN_POINT('',(0.,1.));
#4981 = VECTOR('',#4982,1.);
#4982 = DIRECTION('',(1.,0.));
#4983 = ( GEOMETRIC_REPRESENTATION_CONTEXT(2) 
PARAMETRIC_REPRESENTATION_CONTEXT() REPRESENTATION_CONTEXT('2D SPACE',''
  ) );
#4984 = ORIENTED_EDGE('',*,*,#4985,.T.);
#4985 = EDGE_CURVE('',#4933,#4986,#4988,.T.);
#4986 = VERTEX_POINT('',#4987);
#4987 = CARTESIAN_POINT('',(6.944056048309,-7.499999999999,
    -9.184850993604E-16));
#4988 = SURFACE_CURVE('',#4989,(#4992,#4999),.PCURVE_S1.);
#4989 = B_SPLINE_CURVE_WITH_KNOTS('',1,(#4990,#4991),.UNSPECIFIED.,.F.,
  .F.,(2,2),(0.,1.),.PIECEWISE_BEZIER_KNOTS.);
#4990 = CARTESIAN_POINT('',(5.62231456605,-7.499999999999,
    -9.184850993604E-16));
#4991 = CARTESIAN_POINT('',(6.944056048309,-7.499999999999,
    -9.184850993604E-16));
#4992 = PCURVE('',#4690,#4993);
#4993 = DEFINITIONAL_REPRESENTATION('',(#4994),#4998);
#4994 = LINE('',#4995,#4996);
#4995 = CARTESIAN_POINT('',(1.,0.));
#4996 = VECTOR('',#4997,1.);
#4997 = DIRECTION('',(0.,1.));
#4998 = ( GEOMETRIC_REPRESENTATION_CONTEXT(2) 
PARAMETRIC_REPRESENTATION_CONTEXT() REPRESENTATION_CONTEXT('2D SPACE',''
  ) );
#4999 = PCURVE('',#5000,#5013);
#5000 = B_SPLINE_SURFACE_WITH_KNOTS('',5,1,(
    (#5001,#5002)
    ,(#5003,#5004)
    ,(#5005,#5006)
    ,(#5007,#5008)
    ,(#5009,#5010)
    ,(#5011,#5012
    )),.UNSPECIFIED.,.F.,.F.,.F.,(6,6),(2,2),(0.,1.),(0.,1.),
  .PIECEWISE_BEZIER_KNOTS.);
#5001 = CARTESIAN_POINT('',(5.62231456605,-7.499999999999,
    -9.184850993604E-16));
#5002 = CARTESIAN_POINT('',(6.944056048309,-7.499999999999,
    -9.184850993604E-16));
#5003 = CARTESIAN_POINT('',(6.248748554742,-7.496402230976,
    4.649856634508));
#5004 = CARTESIAN_POINT('',(7.570490037,-7.496402230976,4.649856634508)
  );
#5005 = CARTESIAN_POINT('',(6.883694313899,-3.841410447455,9.67068045996
    ));
#5006 = CARTESIAN_POINT('',(8.205435796157,-3.841410447455,9.67068045996
    ));
#5007 = CARTESIAN_POINT('',(7.502527471792,3.841410447455,9.67068045996)
  );
#5008 = CARTESIAN_POINT('',(8.82426895405,3.841410447455,9.67068045996)
  );
#5009 = CARTESIAN_POINT('',(8.137473230949,7.496402230976,4.649856634508
    ));
#5010 = CARTESIAN_POINT('',(9.459214713207,7.496402230976,4.649856634508
    ));
#5011 = CARTESIAN_POINT('',(8.76390721964,7.499999999999,
    1.836970198721E-15));
#5012 = CARTESIAN_POINT('',(10.085648701899,7.499999999999,
    1.836970198721E-15));
#5013 = DEFINITIONAL_REPRESENTATION('',(#5014),#5018);
#5014 = LINE('',#5015,#5016);
#5015 = CARTESIAN_POINT('',(0.,0.));
#5016 = VECTOR('',#5017,1.);
#5017 = DIRECTION('',(0.,1.));
#5018 = ( GEOMETRIC_REPRESENTATION_CONTEXT(2) 
PARAMETRIC_REPRESENTATION_CONTEXT() REPRESENTATION_CONTEXT('2D SPACE',''
  ) );
#5019 = ORIENTED_EDGE('',*,*,#5020,.F.);
#5020 = EDGE_CURVE('',#4676,#4986,#5021,.T.);
#5021 = SURFACE_CURVE('',#5022,(#5029,#5063),.PCURVE_S1.);
#5022 = B_SPLINE_CURVE_WITH_KNOTS('',5,(#5023,#5024,#5025,#5026,#5027,
    #5028),.UNSPECIFIED.,.F.,.F.,(6,6),(0.,1.),
  .PIECEWISE_BEZIER_KNOTS.);
#5023 = CARTESIAN_POINT('',(3.802463394719,7.499999999999,0.));
#5024 = CARTESIAN_POINT('',(4.428882902682,7.496459798593,
    -4.649829532936));
#5025 = CARTESIAN_POINT('',(5.063879630963,3.841248176104,
    -9.670705072962));
#5026 = CARTESIAN_POINT('',(5.682639812065,-3.841248176104,
    -9.670705072962));
#5027 = CARTESIAN_POINT('',(6.317636540346,-7.496459798593,
    -4.649829532936));
#5028 = CARTESIAN_POINT('',(6.944056048309,-7.499999999999,
    -9.184850993604E-16));
#5029 = PCURVE('',#4690,#5030);
#5030 = DEFINITIONAL_REPRESENTATION('',(#5031),#5062);
#5031 = B_SPLINE_CURVE_WITH_KNOTS('',8,(#5032,#5033,#5034,#5035,#5036,
    #5037,#5038,#5039,#5040,#5041,#5042,#5043,#5044,#5045,#5046,#5047,
    #5048,#5049,#5050,#5051,#5052,#5053,#5054,#5055,#5056,#5057,#5058,
    #5059,#5060,#5061),.UNSPECIFIED.,.F.,.F.,(9,7,7,7,9),(0.,0.25,0.5,
    0.75,1.),.UNSPECIFIED.);
#5032 = CARTESIAN_POINT('',(1.387778780781E-17,1.));
#5033 = CARTESIAN_POINT('',(3.124980793826E-02,1.));
#5034 = CARTESIAN_POINT('',(6.250191949534E-02,1.));
#5035 = CARTESIAN_POINT('',(9.374508332054E-02,1.));
#5036 = CARTESIAN_POINT('',(0.125003357014,1.));
#5037 = CARTESIAN_POINT('',(0.156249174367,1.));
#5038 = CARTESIAN_POINT('',(0.187500034342,1.));
#5039 = CARTESIAN_POINT('',(0.218749999321,1.));
#5040 = CARTESIAN_POINT('',(0.281249938568,1.));
#5041 = CARTESIAN_POINT('',(0.312500615067,1.));
#5042 = CARTESIAN_POINT('',(0.343750819649,1.));
#5043 = CARTESIAN_POINT('',(0.375000430504,1.));
#5044 = CARTESIAN_POINT('',(0.406249891821,1.));
#5045 = CARTESIAN_POINT('',(0.437499722818,1.));
#5046 = CARTESIAN_POINT('',(0.468750026763,1.));
#5047 = CARTESIAN_POINT('',(0.531249973237,1.));
#5048 = CARTESIAN_POINT('',(0.562500277182,1.));
#5049 = CARTESIAN_POINT('',(0.593750108179,1.));
#5050 = CARTESIAN_POINT('',(0.624999569496,1.));
#5051 = CARTESIAN_POINT('',(0.656249180351,1.));
#5052 = CARTESIAN_POINT('',(0.687499384933,1.));
#5053 = CARTESIAN_POINT('',(0.718750061432,1.));
#5054 = CARTESIAN_POINT('',(0.781250000679,1.));
#5055 = CARTESIAN_POINT('',(0.812499965658,1.));
#5056 = CARTESIAN_POINT('',(0.843750825633,1.));
#5057 = CARTESIAN_POINT('',(0.874996642986,1.));
#5058 = CARTESIAN_POINT('',(0.906254916679,1.));
#5059 = CARTESIAN_POINT('',(0.937498080505,1.));
#5060 = CARTESIAN_POINT('',(0.968750192062,1.));
#5061 = CARTESIAN_POINT('',(1.,1.));
#5062 = ( GEOMETRIC_REPRESENTATION_CONTEXT(2) 
PARAMETRIC_REPRESENTATION_CONTEXT() REPRESENTATION_CONTEXT('2D SPACE',''
  ) );
#5063 = PCURVE('',#4884,#5064);
#5064 = DEFINITIONAL_REPRESENTATION('',(#5065),#5069);
#5065 = LINE('',#5066,#5067);
#5066 = CARTESIAN_POINT('',(0.,0.));
#5067 = VECTOR('',#5068,1.);
#5068 = DIRECTION('',(1.,0.));
#5069 = ( GEOMETRIC_REPRESENTATION_CONTEXT(2) 
PARAMETRIC_REPRESENTATION_CONTEXT() REPRESENTATION_CONTEXT('2D SPACE',''
  ) );
#5070 = ADVANCED_FACE('',(#5071),#4779,.F.);
#5071 = FACE_BOUND('',#5072,.F.);
#5072 = EDGE_LOOP('',(#5073,#5074,#5075,#5108));
#5073 = ORIENTED_EDGE('',*,*,#4766,.F.);
#5074 = ORIENTED_EDGE('',*,*,#4840,.T.);
#5075 = ORIENTED_EDGE('',*,*,#5076,.T.);
#5076 = EDGE_CURVE('',#4806,#4933,#5077,.T.);
#5077 = SURFACE_CURVE('',#5078,(#5081,#5088),.PCURVE_S1.);
#5078 = B_SPLINE_CURVE_WITH_KNOTS('',1,(#5079,#5080),.UNSPECIFIED.,.F.,
  .F.,(2,2),(0.,1.),.PIECEWISE_BEZIER_KNOTS.);
#5079 = CARTESIAN_POINT('',(3.984448511852,-11.99999999999,
    -1.469576158977E-15));
#5080 = CARTESIAN_POINT('',(5.62231456605,-7.499999999999,
    -9.184850993604E-16));
#5081 = PCURVE('',#4779,#5082);
#5082 = DEFINITIONAL_REPRESENTATION('',(#5083),#5087);
#5083 = LINE('',#5084,#5085);
#5084 = CARTESIAN_POINT('',(1.,0.));
#5085 = VECTOR('',#5086,1.);
#5086 = DIRECTION('',(0.,1.));
#5087 = ( GEOMETRIC_REPRESENTATION_CONTEXT(2) 
PARAMETRIC_REPRESENTATION_CONTEXT() REPRESENTATION_CONTEXT('2D SPACE',''
  ) );
#5088 = PCURVE('',#5089,#5102);
#5089 = B_SPLINE_SURFACE_WITH_KNOTS('',5,1,(
    (#5090,#5091)
    ,(#5092,#5093)
    ,(#5094,#5095)
    ,(#5096,#5097)
    ,(#5098,#5099)
    ,(#5100,#5101
    )),.UNSPECIFIED.,.F.,.F.,.F.,(6,6),(2,2),(0.,1.),(0.,1.),
  .PIECEWISE_BEZIER_KNOTS.);
#5090 = CARTESIAN_POINT('',(3.984448511852,-11.99999999999,
    -1.469576158977E-15));
#5091 = CARTESIAN_POINT('',(5.62231456605,-7.499999999999,
    -9.184850993604E-16));
#5092 = CARTESIAN_POINT('',(4.610868019815,-11.99433567774,
    7.439727252697));
#5093 = CARTESIAN_POINT('',(6.248734074013,-7.496459798593,
    4.649829532936));
#5094 = CARTESIAN_POINT('',(5.245864748096,-6.145997081766,
    15.473128116739));
#5095 = CARTESIAN_POINT('',(6.883730802294,-3.841248176104,
    9.670705072962));
#5096 = CARTESIAN_POINT('',(5.864624929199,6.145997081766,15.47312811674
    ));
#5097 = CARTESIAN_POINT('',(7.502490983396,3.841248176104,9.670705072962
    ));
#5098 = CARTESIAN_POINT('',(6.499621657479,11.994335677749,
    7.439727252697));
#5099 = CARTESIAN_POINT('',(8.137487711677,7.496459798593,4.649829532936
    ));
#5100 = CARTESIAN_POINT('',(7.126041165442,11.999999999999,
    2.939152317953E-15));
#5101 = CARTESIAN_POINT('',(8.76390721964,7.499999999999,
    1.836970198721E-15));
#5102 = DEFINITIONAL_REPRESENTATION('',(#5103),#5107);
#5103 = LINE('',#5104,#5105);
#5104 = CARTESIAN_POINT('',(0.,0.));
#5105 = VECTOR('',#5106,1.);
#5106 = DIRECTION('',(0.,1.));
#5107 = ( GEOMETRIC_REPRESENTATION_CONTEXT(2) 
PARAMETRIC_REPRESENTATION_CONTEXT() REPRESENTATION_CONTEXT('2D SPACE',''
  ) );
#5108 = ORIENTED_EDGE('',*,*,#4932,.F.);
#5109 = ADVANCED_FACE('',(#5110),#4820,.F.);
#5110 = FACE_BOUND('',#5111,.F.);
#5111 = EDGE_LOOP('',(#5112,#5113,#5114,#5149));
#5112 = ORIENTED_EDGE('',*,*,#4805,.F.);
#5113 = ORIENTED_EDGE('',*,*,#4904,.T.);
#5114 = ORIENTED_EDGE('',*,*,#5115,.T.);
#5115 = EDGE_CURVE('',#4870,#5116,#5118,.T.);
#5116 = VERTEX_POINT('',#5117);
#5117 = CARTESIAN_POINT('',(7.126041165442,11.999999999999,
    1.469576160001E-15));
#5118 = SURFACE_CURVE('',#5119,(#5122,#5129),.PCURVE_S1.);
#5119 = B_SPLINE_CURVE_WITH_KNOTS('',1,(#5120,#5121),.UNSPECIFIED.,.F.,
  .F.,(2,2),(0.,1.),.PIECEWISE_BEZIER_KNOTS.);
#5120 = CARTESIAN_POINT('',(5.440329448917,11.999999999999,
    2.939152317953E-15));
#5121 = CARTESIAN_POINT('',(7.126041165442,11.999999999999,
    2.939152317953E-15));
#5122 = PCURVE('',#4820,#5123);
#5123 = DEFINITIONAL_REPRESENTATION('',(#5124),#5128);
#5124 = LINE('',#5125,#5126);
#5125 = CARTESIAN_POINT('',(1.,0.));
#5126 = VECTOR('',#5127,1.);
#5127 = DIRECTION('',(0.,1.));
#5128 = ( GEOMETRIC_REPRESENTATION_CONTEXT(2) 
PARAMETRIC_REPRESENTATION_CONTEXT() REPRESENTATION_CONTEXT('2D SPACE',''
  ) );
#5129 = PCURVE('',#5130,#5143);
#5130 = B_SPLINE_SURFACE_WITH_KNOTS('',5,1,(
    (#5131,#5132)
    ,(#5133,#5134)
    ,(#5135,#5136)
    ,(#5137,#5138)
    ,(#5139,#5140)
    ,(#5141,#5142
    )),.UNSPECIFIED.,.F.,.F.,.F.,(6,6),(2,2),(0.,1.),(0.,1.),
  .PIECEWISE_BEZIER_KNOTS.);
#5131 = CARTESIAN_POINT('',(5.440329448917,11.999999999999,0.));
#5132 = CARTESIAN_POINT('',(7.126041165442,11.999999999999,0.));
#5133 = CARTESIAN_POINT('',(6.06674323972,11.994372043523,
    -7.439710133806));
#5134 = CARTESIAN_POINT('',(7.752454956245,11.994372043523,
    -7.439710133806));
#5135 = CARTESIAN_POINT('',(6.701760091396,6.145894572788,
    -15.47314366417));
#5136 = CARTESIAN_POINT('',(8.387471807921,6.145894572788,
    -15.47314366417));
#5137 = CARTESIAN_POINT('',(7.320491460028,-6.145894572788,
    -15.47314366417));
#5138 = CARTESIAN_POINT('',(9.006203176553,-6.145894572788,
    -15.47314366417));
#5139 = CARTESIAN_POINT('',(7.955508311704,-11.99437204352,
    -7.439710133805));
#5140 = CARTESIAN_POINT('',(9.641220028229,-11.99437204352,
    -7.439710133805));
#5141 = CARTESIAN_POINT('',(8.581922102507,-11.99999999999,
    -1.469576158977E-15));
#5142 = CARTESIAN_POINT('',(10.267633819032,-11.99999999999,
    -1.469576158977E-15));
#5143 = DEFINITIONAL_REPRESENTATION('',(#5144),#5148);
#5144 = LINE('',#5145,#5146);
#5145 = CARTESIAN_POINT('',(0.,0.));
#5146 = VECTOR('',#5147,1.);
#5147 = DIRECTION('',(0.,1.));
#5148 = ( GEOMETRIC_REPRESENTATION_CONTEXT(2) 
PARAMETRIC_REPRESENTATION_CONTEXT() REPRESENTATION_CONTEXT('2D SPACE',''
  ) );
#5149 = ORIENTED_EDGE('',*,*,#5150,.F.);
#5150 = EDGE_CURVE('',#4806,#5116,#5151,.T.);
#5151 = SURFACE_CURVE('',#5152,(#5159,#5166),.PCURVE_S1.);
#5152 = B_SPLINE_CURVE_WITH_KNOTS('',5,(#5153,#5154,#5155,#5156,#5157,
    #5158),.UNSPECIFIED.,.F.,.F.,(6,6),(0.,1.),
  .PIECEWISE_BEZIER_KNOTS.);
#5153 = CARTESIAN_POINT('',(3.984448511852,-11.99999999999,
    -1.469576158977E-15));
#5154 = CARTESIAN_POINT('',(4.610862302655,-11.99437204352,
    7.439710133806));
#5155 = CARTESIAN_POINT('',(5.245879154331,-6.145894572788,
    15.473143664178));
#5156 = CARTESIAN_POINT('',(5.864610522963,6.145894572788,
    15.473143664179));
#5157 = CARTESIAN_POINT('',(6.499627374639,11.994372043523,
    7.439710133805));
#5158 = CARTESIAN_POINT('',(7.126041165442,11.999999999999,
    2.939152317953E-15));
#5159 = PCURVE('',#4820,#5160);
#5160 = DEFINITIONAL_REPRESENTATION('',(#5161),#5165);
#5161 = LINE('',#5162,#5163);
#5162 = CARTESIAN_POINT('',(0.,1.));
#5163 = VECTOR('',#5164,1.);
#5164 = DIRECTION('',(1.,0.));
#5165 = ( GEOMETRIC_REPRESENTATION_CONTEXT(2) 
PARAMETRIC_REPRESENTATION_CONTEXT() REPRESENTATION_CONTEXT('2D SPACE',''
  ) );
#5166 = PCURVE('',#5089,#5167);
#5167 = DEFINITIONAL_REPRESENTATION('',(#5168),#5172);
#5168 = LINE('',#5169,#5170);
#5169 = CARTESIAN_POINT('',(0.,0.));
#5170 = VECTOR('',#5171,1.);
#5171 = DIRECTION('',(1.,0.));
#5172 = ( GEOMETRIC_REPRESENTATION_CONTEXT(2) 
PARAMETRIC_REPRESENTATION_CONTEXT() REPRESENTATION_CONTEXT('2D SPACE',''
  ) );
#5173 = ADVANCED_FACE('',(#5174),#4884,.F.);
#5174 = FACE_BOUND('',#5175,.F.);
#5175 = EDGE_LOOP('',(#5176,#5177,#5178,#5213));
#5176 = ORIENTED_EDGE('',*,*,#4869,.F.);
#5177 = ORIENTED_EDGE('',*,*,#5020,.T.);
#5178 = ORIENTED_EDGE('',*,*,#5179,.T.);
#5179 = EDGE_CURVE('',#4986,#5180,#5182,.T.);
#5180 = VERTEX_POINT('',#5181);
#5181 = CARTESIAN_POINT('',(8.581922102507,-11.99999999999,
    -1.469576158977E-15));
#5182 = SURFACE_CURVE('',#5183,(#5186,#5193),.PCURVE_S1.);
#5183 = B_SPLINE_CURVE_WITH_KNOTS('',1,(#5184,#5185),.UNSPECIFIED.,.F.,
  .F.,(2,2),(0.,1.),.PIECEWISE_BEZIER_KNOTS.);
#5184 = CARTESIAN_POINT('',(6.944056048309,-7.499999999999,
    -9.184850993604E-16));
#5185 = CARTESIAN_POINT('',(8.581922102507,-11.99999999999,
    -1.469576158977E-15));
#5186 = PCURVE('',#4884,#5187);
#5187 = DEFINITIONAL_REPRESENTATION('',(#5188),#5192);
#5188 = LINE('',#5189,#5190);
#5189 = CARTESIAN_POINT('',(1.,0.));
#5190 = VECTOR('',#5191,1.);
#5191 = DIRECTION('',(0.,1.));
#5192 = ( GEOMETRIC_REPRESENTATION_CONTEXT(2) 
PARAMETRIC_REPRESENTATION_CONTEXT() REPRESENTATION_CONTEXT('2D SPACE',''
  ) );
#5193 = PCURVE('',#5194,#5207);
#5194 = B_SPLINE_SURFACE_WITH_KNOTS('',5,1,(
    (#5195,#5196)
    ,(#5197,#5198)
    ,(#5199,#5200)
    ,(#5201,#5202)
    ,(#5203,#5204)
    ,(#5205,#5206
    )),.UNSPECIFIED.,.F.,.F.,.F.,(6,6),(2,2),(0.,1.),(0.,1.),
  .PIECEWISE_BEZIER_KNOTS.);
#5195 = CARTESIAN_POINT('',(6.944056048309,-7.499999999999,
    -9.184850993604E-16));
#5196 = CARTESIAN_POINT('',(8.581922102507,-11.99999999999,
    -1.469576158977E-15));
#5197 = CARTESIAN_POINT('',(7.570475556272,-7.496459798593,
    4.649829532936));
#5198 = CARTESIAN_POINT('',(9.20834161047,-11.99433567774,7.439727252697
    ));
#5199 = CARTESIAN_POINT('',(8.205472284553,-3.841248176104,
    9.670705072962));
#5200 = CARTESIAN_POINT('',(9.84333833875,-6.145997081766,
    15.473128116739));
#5201 = CARTESIAN_POINT('',(8.824232465655,3.841248176104,9.670705072962
    ));
#5202 = CARTESIAN_POINT('',(10.462098519853,6.145997081766,
    15.47312811674));
#5203 = CARTESIAN_POINT('',(9.459229193936,7.496459798593,4.649829532936
    ));
#5204 = CARTESIAN_POINT('',(11.097095248134,11.994335677749,
    7.439727252697));
#5205 = CARTESIAN_POINT('',(10.085648701899,7.499999999999,
    1.836970198721E-15));
#5206 = CARTESIAN_POINT('',(11.723514756097,11.999999999999,
    2.939152317953E-15));
#5207 = DEFINITIONAL_REPRESENTATION('',(#5208),#5212);
#5208 = LINE('',#5209,#5210);
#5209 = CARTESIAN_POINT('',(0.,0.));
#5210 = VECTOR('',#5211,1.);
#5211 = DIRECTION('',(0.,1.));
#5212 = ( GEOMETRIC_REPRESENTATION_CONTEXT(2) 
PARAMETRIC_REPRESENTATION_CONTEXT() REPRESENTATION_CONTEXT('2D SPACE',''
  ) );
#5213 = ORIENTED_EDGE('',*,*,#5214,.F.);
#5214 = EDGE_CURVE('',#4870,#5180,#5215,.T.);
#5215 = SURFACE_CURVE('',#5216,(#5223,#5230),.PCURVE_S1.);
#5216 = B_SPLINE_CURVE_WITH_KNOTS('',5,(#5217,#5218,#5219,#5220,#5221,
    #5222),.UNSPECIFIED.,.F.,.F.,(6,6),(0.,1.),
  .PIECEWISE_BEZIER_KNOTS.);
#5217 = CARTESIAN_POINT('',(5.440329448917,11.999999999999,0.));
#5218 = CARTESIAN_POINT('',(6.06674323972,11.994372043523,
    -7.439710133806));
#5219 = CARTESIAN_POINT('',(6.701760091396,6.145894572788,
    -15.47314366417));
#5220 = CARTESIAN_POINT('',(7.320491460028,-6.145894572788,
    -15.47314366417));
#5221 = CARTESIAN_POINT('',(7.955508311704,-11.99437204352,
    -7.439710133805));
#5222 = CARTESIAN_POINT('',(8.581922102507,-11.99999999999,
    -1.469576158977E-15));
#5223 = PCURVE('',#4884,#5224);
#5224 = DEFINITIONAL_REPRESENTATION('',(#5225),#5229);
#5225 = LINE('',#5226,#5227);
#5226 = CARTESIAN_POINT('',(0.,1.));
#5227 = VECTOR('',#5228,1.);
#5228 = DIRECTION('',(1.,0.));
#5229 = ( GEOMETRIC_REPRESENTATION_CONTEXT(2) 
PARAMETRIC_REPRESENTATION_CONTEXT() REPRESENTATION_CONTEXT('2D SPACE',''
  ) );
#5230 = PCURVE('',#5130,#5231);
#5231 = DEFINITIONAL_REPRESENTATION('',(#5232),#5236);
#5232 = LINE('',#5233,#5234);
#5233 = CARTESIAN_POINT('',(0.,0.));
#5234 = VECTOR('',#5235,1.);
#5235 = DIRECTION('',(1.,0.));
#5236 = ( GEOMETRIC_REPRESENTATION_CONTEXT(2) 
PARAMETRIC_REPRESENTATION_CONTEXT() REPRESENTATION_CONTEXT('2D SPACE',''
  ) );
#5237 = ADVANCED_FACE('',(#5238),#5000,.F.);
#5238 = FACE_BOUND('',#5239,.F.);
#5239 = EDGE_LOOP('',(#5240,#5241,#5294,#5329));
#5240 = ORIENTED_EDGE('',*,*,#4985,.F.);
#5241 = ORIENTED_EDGE('',*,*,#5242,.T.);
#5242 = EDGE_CURVE('',#4933,#5243,#5245,.T.);
#5243 = VERTEX_POINT('',#5244);
#5244 = CARTESIAN_POINT('',(8.76390721964,7.499999999999,
    9.184850993604E-16));
#5245 = SURFACE_CURVE('',#5246,(#5253,#5287),.PCURVE_S1.);
#5246 = B_SPLINE_CURVE_WITH_KNOTS('',5,(#5247,#5248,#5249,#5250,#5251,
    #5252),.UNSPECIFIED.,.F.,.F.,(6,6),(0.,1.),
  .PIECEWISE_BEZIER_KNOTS.);
#5247 = CARTESIAN_POINT('',(5.62231456605,-7.499999999999,
    -9.184850993604E-16));
#5248 = CARTESIAN_POINT('',(6.248734074013,-7.496459798593,
    4.649829532936));
#5249 = CARTESIAN_POINT('',(6.883730802294,-3.841248176104,
    9.670705072962));
#5250 = CARTESIAN_POINT('',(7.502490983396,3.841248176104,9.670705072962
    ));
#5251 = CARTESIAN_POINT('',(8.137487711677,7.496459798593,4.649829532936
    ));
#5252 = CARTESIAN_POINT('',(8.76390721964,7.499999999999,
    1.836970198721E-15));
#5253 = PCURVE('',#5000,#5254);
#5254 = DEFINITIONAL_REPRESENTATION('',(#5255),#5286);
#5255 = B_SPLINE_CURVE_WITH_KNOTS('',8,(#5256,#5257,#5258,#5259,#5260,
    #5261,#5262,#5263,#5264,#5265,#5266,#5267,#5268,#5269,#5270,#5271,
    #5272,#5273,#5274,#5275,#5276,#5277,#5278,#5279,#5280,#5281,#5282,
    #5283,#5284,#5285),.UNSPECIFIED.,.F.,.F.,(9,7,7,7,9),(0.,0.25,0.5,
    0.75,1.),.UNSPECIFIED.);
#5256 = CARTESIAN_POINT('',(-1.387778780781E-17,0.));
#5257 = CARTESIAN_POINT('',(3.124980793826E-02,0.));
#5258 = CARTESIAN_POINT('',(6.250191949534E-02,0.));
#5259 = CARTESIAN_POINT('',(9.374508332054E-02,0.));
#5260 = CARTESIAN_POINT('',(0.125003357014,0.));
#5261 = CARTESIAN_POINT('',(0.156249174367,0.));
#5262 = CARTESIAN_POINT('',(0.187500034342,0.));
#5263 = CARTESIAN_POINT('',(0.218749999321,0.));
#5264 = CARTESIAN_POINT('',(0.281249938568,0.));
#5265 = CARTESIAN_POINT('',(0.312500615067,0.));
#5266 = CARTESIAN_POINT('',(0.343750819649,0.));
#5267 = CARTESIAN_POINT('',(0.375000430504,0.));
#5268 = CARTESIAN_POINT('',(0.406249891821,0.));
#5269 = CARTESIAN_POINT('',(0.437499722818,0.));
#5270 = CARTESIAN_POINT('',(0.468750026763,0.));
#5271 = CARTESIAN_POINT('',(0.531249973237,0.));
#5272 = CARTESIAN_POINT('',(0.562500277182,0.));
#5273 = CARTESIAN_POINT('',(0.593750108179,0.));
#5274 = CARTESIAN_POINT('',(0.624999569496,0.));
#5275 = CARTESIAN_POINT('',(0.656249180351,0.));
#5276 = CARTESIAN_POINT('',(0.687499384933,0.));
#5277 = CARTESIAN_POINT('',(0.718750061432,0.));
#5278 = CARTESIAN_POINT('',(0.781250000679,0.));
#5279 = CARTESIAN_POINT('',(0.812499965658,0.));
#5280 = CARTESIAN_POINT('',(0.843750825633,0.));
#5281 = CARTESIAN_POINT('',(0.874996642986,0.));
#5282 = CARTESIAN_POINT('',(0.906254916679,0.));
#5283 = CARTESIAN_POINT('',(0.937498080505,0.));
#5284 = CARTESIAN_POINT('',(0.968750192062,0.));
#5285 = CARTESIAN_POINT('',(1.,0.));
#5286 = ( GEOMETRIC_REPRESENTATION_CONTEXT(2) 
PARAMETRIC_REPRESENTATION_CONTEXT() REPRESENTATION_CONTEXT('2D SPACE',''
  ) );
#5287 = PCURVE('',#5089,#5288);
#5288 = DEFINITIONAL_REPRESENTATION('',(#5289),#5293);
#5289 = LINE('',#5290,#5291);
#5290 = CARTESIAN_POINT('',(0.,1.));
#5291 = VECTOR('',#5292,1.);
#5292 = DIRECTION('',(1.,0.));
#5293 = ( GEOMETRIC_REPRESENTATION_CONTEXT(2) 
PARAMETRIC_REPRESENTATION_CONTEXT() REPRESENTATION_CONTEXT('2D SPACE',''
  ) );
#5294 = ORIENTED_EDGE('',*,*,#5295,.T.);
#5295 = EDGE_CURVE('',#5243,#5296,#5298,.T.);
#5296 = VERTEX_POINT('',#5297);
#5297 = CARTESIAN_POINT('',(10.085648701899,7.499999999999,
    9.184850993604E-16));
#5298 = SURFACE_CURVE('',#5299,(#5302,#5309),.PCURVE_S1.);
#5299 = B_SPLINE_CURVE_WITH_KNOTS('',1,(#5300,#5301),.UNSPECIFIED.,.F.,
  .F.,(2,2),(0.,1.),.PIECEWISE_BEZIER_KNOTS.);
#5300 = CARTESIAN_POINT('',(8.76390721964,7.499999999999,
    1.836970198721E-15));
#5301 = CARTESIAN_POINT('',(10.085648701899,7.499999999999,
    1.836970198721E-15));
#5302 = PCURVE('',#5000,#5303);
#5303 = DEFINITIONAL_REPRESENTATION('',(#5304),#5308);
#5304 = LINE('',#5305,#5306);
#5305 = CARTESIAN_POINT('',(1.,0.));
#5306 = VECTOR('',#5307,1.);
#5307 = DIRECTION('',(0.,1.));
#5308 = ( GEOMETRIC_REPRESENTATION_CONTEXT(2) 
PARAMETRIC_REPRESENTATION_CONTEXT() REPRESENTATION_CONTEXT('2D SPACE',''
  ) );
#5309 = PCURVE('',#5310,#5323);
#5310 = B_SPLINE_SURFACE_WITH_KNOTS('',5,1,(
    (#5311,#5312)
    ,(#5313,#5314)
    ,(#5315,#5316)
    ,(#5317,#5318)
    ,(#5319,#5320)
    ,(#5321,#5322
    )),.UNSPECIFIED.,.F.,.F.,.F.,(6,6),(2,2),(0.,1.),(0.,1.),
  .PIECEWISE_BEZIER_KNOTS.);
#5311 = CARTESIAN_POINT('',(8.76390721964,7.499999999999,0.));
#5312 = CARTESIAN_POINT('',(10.085648701899,7.499999999999,0.));
#5313 = CARTESIAN_POINT('',(9.390341208331,7.496402230976,
    -4.649856634508));
#5314 = CARTESIAN_POINT('',(10.71208269059,7.496402230976,
    -4.649856634508));
#5315 = CARTESIAN_POINT('',(10.025286967488,3.841410447455,
    -9.67068045996));
#5316 = CARTESIAN_POINT('',(11.347028449747,3.841410447455,
    -9.67068045996));
#5317 = CARTESIAN_POINT('',(10.644120125381,-3.841410447455,
    -9.67068045996));
#5318 = CARTESIAN_POINT('',(11.96586160764,-3.841410447455,
    -9.67068045996));
#5319 = CARTESIAN_POINT('',(11.279065884538,-7.496402230976,
    -4.649856634508));
#5320 = CARTESIAN_POINT('',(12.600807366797,-7.496402230976,
    -4.649856634508));
#5321 = CARTESIAN_POINT('',(11.90549987323,-7.499999999999,
    -9.184850993604E-16));
#5322 = CARTESIAN_POINT('',(13.227241355489,-7.499999999999,
    -9.184850993604E-16));
#5323 = DEFINITIONAL_REPRESENTATION('',(#5324),#5328);
#5324 = LINE('',#5325,#5326);
#5325 = CARTESIAN_POINT('',(0.,0.));
#5326 = VECTOR('',#5327,1.);
#5327 = DIRECTION('',(0.,1.));
#5328 = ( GEOMETRIC_REPRESENTATION_CONTEXT(2) 
PARAMETRIC_REPRESENTATION_CONTEXT() REPRESENTATION_CONTEXT('2D SPACE',''
  ) );
#5329 = ORIENTED_EDGE('',*,*,#5330,.F.);
#5330 = EDGE_CURVE('',#4986,#5296,#5331,.T.);
#5331 = SURFACE_CURVE('',#5332,(#5339,#5373),.PCURVE_S1.);
#5332 = B_SPLINE_CURVE_WITH_KNOTS('',5,(#5333,#5334,#5335,#5336,#5337,
    #5338),.UNSPECIFIED.,.F.,.F.,(6,6),(0.,1.),
  .PIECEWISE_BEZIER_KNOTS.);
#5333 = CARTESIAN_POINT('',(6.944056048309,-7.499999999999,
    -9.184850993604E-16));
#5334 = CARTESIAN_POINT('',(7.570475556272,-7.496459798593,
    4.649829532936));
#5335 = CARTESIAN_POINT('',(8.205472284553,-3.841248176104,
    9.670705072962));
#5336 = CARTESIAN_POINT('',(8.824232465655,3.841248176104,9.670705072962
    ));
#5337 = CARTESIAN_POINT('',(9.459229193936,7.496459798593,4.649829532936
    ));
#5338 = CARTESIAN_POINT('',(10.085648701899,7.499999999999,
    1.836970198721E-15));
#5339 = PCURVE('',#5000,#5340);
#5340 = DEFINITIONAL_REPRESENTATION('',(#5341),#5372);
#5341 = B_SPLINE_CURVE_WITH_KNOTS('',8,(#5342,#5343,#5344,#5345,#5346,
    #5347,#5348,#5349,#5350,#5351,#5352,#5353,#5354,#5355,#5356,#5357,
    #5358,#5359,#5360,#5361,#5362,#5363,#5364,#5365,#5366,#5367,#5368,
    #5369,#5370,#5371),.UNSPECIFIED.,.F.,.F.,(9,7,7,7,9),(0.,0.25,0.5,
    0.75,1.),.UNSPECIFIED.);
#5342 = CARTESIAN_POINT('',(-1.387778780781E-17,1.));
#5343 = CARTESIAN_POINT('',(3.124980793826E-02,1.));
#5344 = CARTESIAN_POINT('',(6.250191949534E-02,1.));
#5345 = CARTESIAN_POINT('',(9.374508332054E-02,1.));
#5346 = CARTESIAN_POINT('',(0.125003357014,1.));
#5347 = CARTESIAN_POINT('',(0.156249174367,1.));
#5348 = CARTESIAN_POINT('',(0.187500034342,1.));
#5349 = CARTESIAN_POINT('',(0.218749999321,1.));
#5350 = CARTESIAN_POINT('',(0.281249938568,1.));
#5351 = CARTESIAN_POINT('',(0.312500615067,1.));
#5352 = CARTESIAN_POINT('',(0.343750819649,1.));
#5353 = CARTESIAN_POINT('',(0.375000430504,1.));
#5354 = CARTESIAN_POINT('',(0.406249891821,1.));
#5355 = CARTESIAN_POINT('',(0.437499722818,1.));
#5356 = CARTESIAN_POINT('',(0.468750026763,1.));
#5357 = CARTESIAN_POINT('',(0.531249973237,1.));
#5358 = CARTESIAN_POINT('',(0.562500277182,1.));
#5359 = CARTESIAN_POINT('',(0.593750108179,1.));
#5360 = CARTESIAN_POINT('',(0.624999569496,1.));
#5361 = CARTESIAN_POINT('',(0.656249180351,1.));
#5362 = CARTESIAN_POINT('',(0.687499384933,1.));
#5363 = CARTESIAN_POINT('',(0.718750061432,1.));
#5364 = CARTESIAN_POINT('',(0.781250000679,1.));
#5365 = CARTESIAN_POINT('',(0.812499965658,1.));
#5366 = CARTESIAN_POINT('',(0.843750825633,1.));
#5367 = CARTESIAN_POINT('',(0.874996642986,1.));
#5368 = CARTESIAN_POINT('',(0.906254916679,1.));
#5369 = CARTESIAN_POINT('',(0.937498080505,1.));
#5370 = CARTESIAN_POINT('',(0.968750192062,1.));
#5371 = CARTESIAN_POINT('',(1.,1.));
#5372 = ( GEOMETRIC_REPRESENTATION_CONTEXT(2) 
PARAMETRIC_REPRESENTATION_CONTEXT() REPRESENTATION_CONTEXT('2D SPACE',''
  ) );
#5373 = PCURVE('',#5194,#5374);
#5374 = DEFINITIONAL_REPRESENTATION('',(#5375),#5379);
#5375 = LINE('',#5376,#5377);
#5376 = CARTESIAN_POINT('',(0.,0.));
#5377 = VECTOR('',#5378,1.);
#5378 = DIRECTION('',(1.,0.));
#5379 = ( GEOMETRIC_REPRESENTATION_CONTEXT(2) 
PARAMETRIC_REPRESENTATION_CONTEXT() REPRESENTATION_CONTEXT('2D SPACE',''
  ) );
#5380 = ADVANCED_FACE('',(#5381),#5089,.F.);
#5381 = FACE_BOUND('',#5382,.F.);
#5382 = EDGE_LOOP('',(#5383,#5384,#5385,#5418));
#5383 = ORIENTED_EDGE('',*,*,#5076,.F.);
#5384 = ORIENTED_EDGE('',*,*,#5150,.T.);
#5385 = ORIENTED_EDGE('',*,*,#5386,.T.);
#5386 = EDGE_CURVE('',#5116,#5243,#5387,.T.);
#5387 = SURFACE_CURVE('',#5388,(#5391,#5398),.PCURVE_S1.);
#5388 = B_SPLINE_CURVE_WITH_KNOTS('',1,(#5389,#5390),.UNSPECIFIED.,.F.,
  .F.,(2,2),(0.,1.),.PIECEWISE_BEZIER_KNOTS.);
#5389 = CARTESIAN_POINT('',(7.126041165442,11.999999999999,
    2.939152317953E-15));
#5390 = CARTESIAN_POINT('',(8.76390721964,7.499999999999,
    1.836970198721E-15));
#5391 = PCURVE('',#5089,#5392);
#5392 = DEFINITIONAL_REPRESENTATION('',(#5393),#5397);
#5393 = LINE('',#5394,#5395);
#5394 = CARTESIAN_POINT('',(1.,0.));
#5395 = VECTOR('',#5396,1.);
#5396 = DIRECTION('',(0.,1.));
#5397 = ( GEOMETRIC_REPRESENTATION_CONTEXT(2) 
PARAMETRIC_REPRESENTATION_CONTEXT() REPRESENTATION_CONTEXT('2D SPACE',''
  ) );
#5398 = PCURVE('',#5399,#5412);
#5399 = B_SPLINE_SURFACE_WITH_KNOTS('',5,1,(
    (#5400,#5401)
    ,(#5402,#5403)
    ,(#5404,#5405)
    ,(#5406,#5407)
    ,(#5408,#5409)
    ,(#5410,#5411
    )),.UNSPECIFIED.,.F.,.F.,.F.,(6,6),(2,2),(0.,1.),(0.,1.),
  .PIECEWISE_BEZIER_KNOTS.);
#5400 = CARTESIAN_POINT('',(7.126041165442,11.999999999999,0.));
#5401 = CARTESIAN_POINT('',(8.76390721964,7.499999999999,0.));
#5402 = CARTESIAN_POINT('',(7.752460673405,11.994335677749,
    -7.439727252697));
#5403 = CARTESIAN_POINT('',(9.390326727603,7.496459798593,
    -4.649829532936));
#5404 = CARTESIAN_POINT('',(8.387457401686,6.145997081766,
    -15.47312811673));
#5405 = CARTESIAN_POINT('',(10.025323455884,3.841248176104,
    -9.670705072962));
#5406 = CARTESIAN_POINT('',(9.006217582788,-6.145997081766,
    -15.47312811674));
#5407 = CARTESIAN_POINT('',(10.644083636986,-3.841248176104,
    -9.670705072962));
#5408 = CARTESIAN_POINT('',(9.641214311069,-11.99433567774,
    -7.439727252697));
#5409 = CARTESIAN_POINT('',(11.279080365267,-7.496459798593,
    -4.649829532936));
#5410 = CARTESIAN_POINT('',(10.267633819032,-11.99999999999,
    -1.469576158977E-15));
#5411 = CARTESIAN_POINT('',(11.90549987323,-7.499999999999,
    -9.184850993604E-16));
#5412 = DEFINITIONAL_REPRESENTATION('',(#5413),#5417);
#5413 = LINE('',#5414,#5415);
#5414 = CARTESIAN_POINT('',(0.,0.));
#5415 = VECTOR('',#5416,1.);
#5416 = DIRECTION('',(0.,1.));
#5417 = ( GEOMETRIC_REPRESENTATION_CONTEXT(2) 
PARAMETRIC_REPRESENTATION_CONTEXT() REPRESENTATION_CONTEXT('2D SPACE',''
  ) );
#5418 = ORIENTED_EDGE('',*,*,#5242,.F.);
#5419 = ADVANCED_FACE('',(#5420),#5130,.F.);
#5420 = FACE_BOUND('',#5421,.F.);
#5421 = EDGE_LOOP('',(#5422,#5423,#5424,#5459));
#5422 = ORIENTED_EDGE('',*,*,#5115,.F.);
#5423 = ORIENTED_EDGE('',*,*,#5214,.T.);
#5424 = ORIENTED_EDGE('',*,*,#5425,.T.);
#5425 = EDGE_CURVE('',#5180,#5426,#5428,.T.);
#5426 = VERTEX_POINT('',#5427);
#5427 = CARTESIAN_POINT('',(10.267633819032,-11.99999999999,
    -1.469576158977E-15));
#5428 = SURFACE_CURVE('',#5429,(#5432,#5439),.PCURVE_S1.);
#5429 = B_SPLINE_CURVE_WITH_KNOTS('',1,(#5430,#5431),.UNSPECIFIED.,.F.,
  .F.,(2,2),(0.,1.),.PIECEWISE_BEZIER_KNOTS.);
#5430 = CARTESIAN_POINT('',(8.581922102507,-11.99999999999,
    -1.469576158977E-15));
#5431 = CARTESIAN_POINT('',(10.267633819032,-11.99999999999,
    -1.469576158977E-15));
#5432 = PCURVE('',#5130,#5433);
#5433 = DEFINITIONAL_REPRESENTATION('',(#5434),#5438);
#5434 = LINE('',#5435,#5436);
#5435 = CARTESIAN_POINT('',(1.,0.));
#5436 = VECTOR('',#5437,1.);
#5437 = DIRECTION('',(0.,1.));
#5438 = ( GEOMETRIC_REPRESENTATION_CONTEXT(2) 
PARAMETRIC_REPRESENTATION_CONTEXT() REPRESENTATION_CONTEXT('2D SPACE',''
  ) );
#5439 = PCURVE('',#5440,#5453);
#5440 = B_SPLINE_SURFACE_WITH_KNOTS('',5,1,(
    (#5441,#5442)
    ,(#5443,#5444)
    ,(#5445,#5446)
    ,(#5447,#5448)
    ,(#5449,#5450)
    ,(#5451,#5452
    )),.UNSPECIFIED.,.F.,.F.,.F.,(6,6),(2,2),(0.,1.),(0.,1.),
  .PIECEWISE_BEZIER_KNOTS.);
#5441 = CARTESIAN_POINT('',(8.581922102507,-11.99999999999,
    -1.469576158977E-15));
#5442 = CARTESIAN_POINT('',(10.267633819032,-11.99999999999,
    -1.469576158977E-15));
#5443 = CARTESIAN_POINT('',(9.20833589331,-11.99437204352,7.439710133806
    ));
#5444 = CARTESIAN_POINT('',(10.894047609835,-11.99437204352,
    7.439710133806));
#5445 = CARTESIAN_POINT('',(9.843352744986,-6.145894572788,
    15.473143664178));
#5446 = CARTESIAN_POINT('',(11.529064461511,-6.145894572788,
    15.473143664178));
#5447 = CARTESIAN_POINT('',(10.462084113618,6.145894572788,
    15.473143664179));
#5448 = CARTESIAN_POINT('',(12.147795830143,6.145894572788,
    15.473143664179));
#5449 = CARTESIAN_POINT('',(11.097100965294,11.994372043523,
    7.439710133805));
#5450 = CARTESIAN_POINT('',(12.782812681819,11.994372043523,
    7.439710133805));
#5451 = CARTESIAN_POINT('',(11.723514756097,11.999999999999,
    2.939152317953E-15));
#5452 = CARTESIAN_POINT('',(13.409226472622,11.999999999999,
    2.939152317953E-15));
#5453 = DEFINITIONAL_REPRESENTATION('',(#5454),#5458);
#5454 = LINE('',#5455,#5456);
#5455 = CARTESIAN_POINT('',(0.,0.));
#5456 = VECTOR('',#5457,1.);
#5457 = DIRECTION('',(0.,1.));
#5458 = ( GEOMETRIC_REPRESENTATION_CONTEXT(2) 
PARAMETRIC_REPRESENTATION_CONTEXT() REPRESENTATION_CONTEXT('2D SPACE',''
  ) );
#5459 = ORIENTED_EDGE('',*,*,#5460,.F.);
#5460 = EDGE_CURVE('',#5116,#5426,#5461,.T.);
#5461 = SURFACE_CURVE('',#5462,(#5469,#5476),.PCURVE_S1.);
#5462 = B_SPLINE_CURVE_WITH_KNOTS('',5,(#5463,#5464,#5465,#5466,#5467,
    #5468),.UNSPECIFIED.,.F.,.F.,(6,6),(0.,1.),
  .PIECEWISE_BEZIER_KNOTS.);
#5463 = CARTESIAN_POINT('',(7.126041165442,11.999999999999,0.));
#5464 = CARTESIAN_POINT('',(7.752454956245,11.994372043523,
    -7.439710133806));
#5465 = CARTESIAN_POINT('',(8.387471807921,6.145894572788,
    -15.47314366417));
#5466 = CARTESIAN_POINT('',(9.006203176553,-6.145894572788,
    -15.47314366417));
#5467 = CARTESIAN_POINT('',(9.641220028229,-11.99437204352,
    -7.439710133805));
#5468 = CARTESIAN_POINT('',(10.267633819032,-11.99999999999,
    -1.469576158977E-15));
#5469 = PCURVE('',#5130,#5470);
#5470 = DEFINITIONAL_REPRESENTATION('',(#5471),#5475);
#5471 = LINE('',#5472,#5473);
#5472 = CARTESIAN_POINT('',(0.,1.));
#5473 = VECTOR('',#5474,1.);
#5474 = DIRECTION('',(1.,0.));
#5475 = ( GEOMETRIC_REPRESENTATION_CONTEXT(2) 
PARAMETRIC_REPRESENTATION_CONTEXT() REPRESENTATION_CONTEXT('2D SPACE',''
  ) );
#5476 = PCURVE('',#5399,#5477);
#5477 = DEFINITIONAL_REPRESENTATION('',(#5478),#5482);
#5478 = LINE('',#5479,#5480);
#5479 = CARTESIAN_POINT('',(0.,0.));
#5480 = VECTOR('',#5481,1.);
#5481 = DIRECTION('',(1.,0.));
#5482 = ( GEOMETRIC_REPRESENTATION_CONTEXT(2) 
PARAMETRIC_REPRESENTATION_CONTEXT() REPRESENTATION_CONTEXT('2D SPACE',''
  ) );
#5483 = ADVANCED_FACE('',(#5484),#5194,.F.);
#5484 = FACE_BOUND('',#5485,.F.);
#5485 = EDGE_LOOP('',(#5486,#5487,#5488,#5523));
#5486 = ORIENTED_EDGE('',*,*,#5179,.F.);
#5487 = ORIENTED_EDGE('',*,*,#5330,.T.);
#5488 = ORIENTED_EDGE('',*,*,#5489,.T.);
#5489 = EDGE_CURVE('',#5296,#5490,#5492,.T.);
#5490 = VERTEX_POINT('',#5491);
#5491 = CARTESIAN_POINT('',(11.723514756097,11.999999999999,
    1.469576160001E-15));
#5492 = SURFACE_CURVE('',#5493,(#5496,#5503),.PCURVE_S1.);
#5493 = B_SPLINE_CURVE_WITH_KNOTS('',1,(#5494,#5495),.UNSPECIFIED.,.F.,
  .F.,(2,2),(0.,1.),.PIECEWISE_BEZIER_KNOTS.);
#5494 = CARTESIAN_POINT('',(10.085648701899,7.499999999999,
    1.836970198721E-15));
#5495 = CARTESIAN_POINT('',(11.723514756097,11.999999999999,
    2.939152317953E-15));
#5496 = PCURVE('',#5194,#5497);
#5497 = DEFINITIONAL_REPRESENTATION('',(#5498),#5502);
#5498 = LINE('',#5499,#5500);
#5499 = CARTESIAN_POINT('',(1.,0.));
#5500 = VECTOR('',#5501,1.);
#5501 = DIRECTION('',(0.,1.));
#5502 = ( GEOMETRIC_REPRESENTATION_CONTEXT(2) 
PARAMETRIC_REPRESENTATION_CONTEXT() REPRESENTATION_CONTEXT('2D SPACE',''
  ) );
#5503 = PCURVE('',#5504,#5517);
#5504 = B_SPLINE_SURFACE_WITH_KNOTS('',5,1,(
    (#5505,#5506)
    ,(#5507,#5508)
    ,(#5509,#5510)
    ,(#5511,#5512)
    ,(#5513,#5514)
    ,(#5515,#5516
    )),.UNSPECIFIED.,.F.,.F.,.F.,(6,6),(2,2),(0.,1.),(0.,1.),
  .PIECEWISE_BEZIER_KNOTS.);
#5505 = CARTESIAN_POINT('',(10.085648701899,7.499999999999,0.));
#5506 = CARTESIAN_POINT('',(11.723514756097,11.999999999999,0.));
#5507 = CARTESIAN_POINT('',(10.712068209862,7.496459798593,
    -4.649829532936));
#5508 = CARTESIAN_POINT('',(12.349934264059,11.994335677749,
    -7.439727252697));
#5509 = CARTESIAN_POINT('',(11.347064938142,3.841248176104,
    -9.670705072962));
#5510 = CARTESIAN_POINT('',(12.98493099234,6.145997081766,
    -15.47312811673));
#5511 = CARTESIAN_POINT('',(11.965825119245,-3.841248176104,
    -9.670705072962));
#5512 = CARTESIAN_POINT('',(13.603691173443,-6.145997081766,
    -15.47312811674));
#5513 = CARTESIAN_POINT('',(12.600821847526,-7.496459798593,
    -4.649829532936));
#5514 = CARTESIAN_POINT('',(14.238687901724,-11.99433567774,
    -7.439727252697));
#5515 = CARTESIAN_POINT('',(13.227241355489,-7.499999999999,
    -9.184850993604E-16));
#5516 = CARTESIAN_POINT('',(14.865107409686,-11.99999999999,
    -1.469576158977E-15));
#5517 = DEFINITIONAL_REPRESENTATION('',(#5518),#5522);
#5518 = LINE('',#5519,#5520);
#5519 = CARTESIAN_POINT('',(0.,0.));
#5520 = VECTOR('',#5521,1.);
#5521 = DIRECTION('',(0.,1.));
#5522 = ( GEOMETRIC_REPRESENTATION_CONTEXT(2) 
PARAMETRIC_REPRESENTATION_CONTEXT() REPRESENTATION_CONTEXT('2D SPACE',''
  ) );
#5523 = ORIENTED_EDGE('',*,*,#5524,.F.);
#5524 = EDGE_CURVE('',#5180,#5490,#5525,.T.);
#5525 = SURFACE_CURVE('',#5526,(#5533,#5540),.PCURVE_S1.);
#5526 = B_SPLINE_CURVE_WITH_KNOTS('',5,(#5527,#5528,#5529,#5530,#5531,
    #5532),.UNSPECIFIED.,.F.,.F.,(6,6),(0.,1.),
  .PIECEWISE_BEZIER_KNOTS.);
#5527 = CARTESIAN_POINT('',(8.581922102507,-11.99999999999,
    -1.469576158977E-15));
#5528 = CARTESIAN_POINT('',(9.20833589331,-11.99437204352,7.439710133806
    ));
#5529 = CARTESIAN_POINT('',(9.843352744986,-6.145894572788,
    15.473143664178));
#5530 = CARTESIAN_POINT('',(10.462084113618,6.145894572788,
    15.473143664179));
#5531 = CARTESIAN_POINT('',(11.097100965294,11.994372043523,
    7.439710133805));
#5532 = CARTESIAN_POINT('',(11.723514756097,11.999999999999,
    2.939152317953E-15));
#5533 = PCURVE('',#5194,#5534);
#5534 = DEFINITIONAL_REPRESENTATION('',(#5535),#5539);
#5535 = LINE('',#5536,#5537);
#5536 = CARTESIAN_POINT('',(0.,1.));
#5537 = VECTOR('',#5538,1.);
#5538 = DIRECTION('',(1.,0.));
#5539 = ( GEOMETRIC_REPRESENTATION_CONTEXT(2) 
PARAMETRIC_REPRESENTATION_CONTEXT() REPRESENTATION_CONTEXT('2D SPACE',''
  ) );
#5540 = PCURVE('',#5440,#5541);
#5541 = DEFINITIONAL_REPRESENTATION('',(#5542),#5546);
#5542 = LINE('',#5543,#5544);
#5543 = CARTESIAN_POINT('',(0.,0.));
#5544 = VECTOR('',#5545,1.);
#5545 = DIRECTION('',(1.,0.));
#5546 = ( GEOMETRIC_REPRESENTATION_CONTEXT(2) 
PARAMETRIC_REPRESENTATION_CONTEXT() REPRESENTATION_CONTEXT('2D SPACE',''
  ) );
#5547 = ADVANCED_FACE('',(#5548),#5310,.F.);
#5548 = FACE_BOUND('',#5549,.F.);
#5549 = EDGE_LOOP('',(#5550,#5551,#5604,#5639));
#5550 = ORIENTED_EDGE('',*,*,#5295,.F.);
#5551 = ORIENTED_EDGE('',*,*,#5552,.T.);
#5552 = EDGE_CURVE('',#5243,#5553,#5555,.T.);
#5553 = VERTEX_POINT('',#5554);
#5554 = CARTESIAN_POINT('',(11.90549987323,-7.499999999999,
    -9.184850993604E-16));
#5555 = SURFACE_CURVE('',#5556,(#5563,#5597),.PCURVE_S1.);
#5556 = B_SPLINE_CURVE_WITH_KNOTS('',5,(#5557,#5558,#5559,#5560,#5561,
    #5562),.UNSPECIFIED.,.F.,.F.,(6,6),(0.,1.),
  .PIECEWISE_BEZIER_KNOTS.);
#5557 = CARTESIAN_POINT('',(8.76390721964,7.499999999999,0.));
#5558 = CARTESIAN_POINT('',(9.390326727603,7.496459798593,
    -4.649829532936));
#5559 = CARTESIAN_POINT('',(10.025323455884,3.841248176104,
    -9.670705072962));
#5560 = CARTESIAN_POINT('',(10.644083636986,-3.841248176104,
    -9.670705072962));
#5561 = CARTESIAN_POINT('',(11.279080365267,-7.496459798593,
    -4.649829532936));
#5562 = CARTESIAN_POINT('',(11.90549987323,-7.499999999999,
    -9.184850993604E-16));
#5563 = PCURVE('',#5310,#5564);
#5564 = DEFINITIONAL_REPRESENTATION('',(#5565),#5596);
#5565 = B_SPLINE_CURVE_WITH_KNOTS('',8,(#5566,#5567,#5568,#5569,#5570,
    #5571,#5572,#5573,#5574,#5575,#5576,#5577,#5578,#5579,#5580,#5581,
    #5582,#5583,#5584,#5585,#5586,#5587,#5588,#5589,#5590,#5591,#5592,
    #5593,#5594,#5595),.UNSPECIFIED.,.F.,.F.,(9,7,7,7,9),(0.,0.25,0.5,
    0.75,1.),.UNSPECIFIED.);
#5566 = CARTESIAN_POINT('',(4.163336342344E-17,0.));
#5567 = CARTESIAN_POINT('',(3.124980793826E-02,0.));
#5568 = CARTESIAN_POINT('',(6.250191949534E-02,0.));
#5569 = CARTESIAN_POINT('',(9.374508332054E-02,0.));
#5570 = CARTESIAN_POINT('',(0.125003357014,0.));
#5571 = CARTESIAN_POINT('',(0.156249174367,0.));
#5572 = CARTESIAN_POINT('',(0.187500034342,0.));
#5573 = CARTESIAN_POINT('',(0.218749999321,0.));
#5574 = CARTESIAN_POINT('',(0.281249938568,0.));
#5575 = CARTESIAN_POINT('',(0.312500615067,0.));
#5576 = CARTESIAN_POINT('',(0.343750819649,0.));
#5577 = CARTESIAN_POINT('',(0.375000430504,0.));
#5578 = CARTESIAN_POINT('',(0.406249891821,0.));
#5579 = CARTESIAN_POINT('',(0.437499722818,0.));
#5580 = CARTESIAN_POINT('',(0.468750026763,0.));
#5581 = CARTESIAN_POINT('',(0.531249973237,0.));
#5582 = CARTESIAN_POINT('',(0.562500277182,0.));
#5583 = CARTESIAN_POINT('',(0.593750108179,0.));
#5584 = CARTESIAN_POINT('',(0.624999569496,0.));
#5585 = CARTESIAN_POINT('',(0.656249180351,0.));
#5586 = CARTESIAN_POINT('',(0.687499384933,0.));
#5587 = CARTESIAN_POINT('',(0.718750061432,0.));
#5588 = CARTESIAN_POINT('',(0.781250000679,0.));
#5589 = CARTESIAN_POINT('',(0.812499965658,0.));
#5590 = CARTESIAN_POINT('',(0.843750825633,0.));
#5591 = CARTESIAN_POINT('',(0.874996642986,0.));
#5592 = CARTESIAN_POINT('',(0.906254916679,0.));
#5593 = CARTESIAN_POINT('',(0.937498080505,0.));
#5594 = CARTESIAN_POINT('',(0.968750192062,0.));
#5595 = CARTESIAN_POINT('',(1.,0.));
#5596 = ( GEOMETRIC_REPRESENTATION_CONTEXT(2) 
PARAMETRIC_REPRESENTATION_CONTEXT() REPRESENTATION_CONTEXT('2D SPACE',''
  ) );
#5597 = PCURVE('',#5399,#5598);
#5598 = DEFINITIONAL_REPRESENTATION('',(#5599),#5603);
#5599 = LINE('',#5600,#5601);
#5600 = CARTESIAN_POINT('',(0.,1.));
#5601 = VECTOR('',#5602,1.);
#5602 = DIRECTION('',(1.,0.));
#5603 = ( GEOMETRIC_REPRESENTATION_CONTEXT(2) 
PARAMETRIC_REPRESENTATION_CONTEXT() REPRESENTATION_CONTEXT('2D SPACE',''
  ) );
#5604 = ORIENTED_EDGE('',*,*,#5605,.T.);
#5605 = EDGE_CURVE('',#5553,#5606,#5608,.T.);
#5606 = VERTEX_POINT('',#5607);
#5607 = CARTESIAN_POINT('',(13.227241355489,-7.499999999999,
    -9.184850993604E-16));
#5608 = SURFACE_CURVE('',#5609,(#5612,#5619),.PCURVE_S1.);
#5609 = B_SPLINE_CURVE_WITH_KNOTS('',1,(#5610,#5611),.UNSPECIFIED.,.F.,
  .F.,(2,2),(0.,1.),.PIECEWISE_BEZIER_KNOTS.);
#5610 = CARTESIAN_POINT('',(11.90549987323,-7.499999999999,
    -9.184850993604E-16));
#5611 = CARTESIAN_POINT('',(13.227241355489,-7.499999999999,
    -9.184850993604E-16));
#5612 = PCURVE('',#5310,#5613);
#5613 = DEFINITIONAL_REPRESENTATION('',(#5614),#5618);
#5614 = LINE('',#5615,#5616);
#5615 = CARTESIAN_POINT('',(1.,0.));
#5616 = VECTOR('',#5617,1.);
#5617 = DIRECTION('',(0.,1.));
#5618 = ( GEOMETRIC_REPRESENTATION_CONTEXT(2) 
PARAMETRIC_REPRESENTATION_CONTEXT() REPRESENTATION_CONTEXT('2D SPACE',''
  ) );
#5619 = PCURVE('',#5620,#5633);
#5620 = B_SPLINE_SURFACE_WITH_KNOTS('',5,1,(
    (#5621,#5622)
    ,(#5623,#5624)
    ,(#5625,#5626)
    ,(#5627,#5628)
    ,(#5629,#5630)
    ,(#5631,#5632
    )),.UNSPECIFIED.,.F.,.F.,.F.,(6,6),(2,2),(0.,1.),(0.,1.),
  .PIECEWISE_BEZIER_KNOTS.);
#5621 = CARTESIAN_POINT('',(11.90549987323,-7.499999999999,
    -9.184850993604E-16));
#5622 = CARTESIAN_POINT('',(13.227241355489,-7.499999999999,
    -9.184850993604E-16));
#5623 = CARTESIAN_POINT('',(12.531933861921,-7.496402230976,
    4.649856634508));
#5624 = CARTESIAN_POINT('',(13.85367534418,-7.496402230976,
    4.649856634508));
#5625 = CARTESIAN_POINT('',(13.166879621078,-3.841410447455,
    9.67068045996));
#5626 = CARTESIAN_POINT('',(14.488621103337,-3.841410447455,
    9.67068045996));
#5627 = CARTESIAN_POINT('',(13.785712778971,3.841410447455,9.67068045996
    ));
#5628 = CARTESIAN_POINT('',(15.10745426123,3.841410447455,9.67068045996)
  );
#5629 = CARTESIAN_POINT('',(14.420658538128,7.496402230976,
    4.649856634508));
#5630 = CARTESIAN_POINT('',(15.742400020387,7.496402230976,
    4.649856634508));
#5631 = CARTESIAN_POINT('',(15.04709252682,7.499999999999,
    1.836970198721E-15));
#5632 = CARTESIAN_POINT('',(16.368834009078,7.499999999999,
    1.836970198721E-15));
#5633 = DEFINITIONAL_REPRESENTATION('',(#5634),#5638);
#5634 = LINE('',#5635,#5636);
#5635 = CARTESIAN_POINT('',(0.,0.));
#5636 = VECTOR('',#5637,1.);
#5637 = DIRECTION('',(0.,1.));
#5638 = ( GEOMETRIC_REPRESENTATION_CONTEXT(2) 
PARAMETRIC_REPRESENTATION_CONTEXT() REPRESENTATION_CONTEXT('2D SPACE',''
  ) );
#5639 = ORIENTED_EDGE('',*,*,#5640,.F.);
#5640 = EDGE_CURVE('',#5296,#5606,#5641,.T.);
#5641 = SURFACE_CURVE('',#5642,(#5649,#5683),.PCURVE_S1.);
#5642 = B_SPLINE_CURVE_WITH_KNOTS('',5,(#5643,#5644,#5645,#5646,#5647,
    #5648),.UNSPECIFIED.,.F.,.F.,(6,6),(0.,1.),
  .PIECEWISE_BEZIER_KNOTS.);
#5643 = CARTESIAN_POINT('',(10.085648701899,7.499999999999,0.));
#5644 = CARTESIAN_POINT('',(10.712068209862,7.496459798593,
    -4.649829532936));
#5645 = CARTESIAN_POINT('',(11.347064938142,3.841248176104,
    -9.670705072962));
#5646 = CARTESIAN_POINT('',(11.965825119245,-3.841248176104,
    -9.670705072962));
#5647 = CARTESIAN_POINT('',(12.600821847526,-7.496459798593,
    -4.649829532936));
#5648 = CARTESIAN_POINT('',(13.227241355489,-7.499999999999,
    -9.184850993604E-16));
#5649 = PCURVE('',#5310,#5650);
#5650 = DEFINITIONAL_REPRESENTATION('',(#5651),#5682);
#5651 = B_SPLINE_CURVE_WITH_KNOTS('',8,(#5652,#5653,#5654,#5655,#5656,
    #5657,#5658,#5659,#5660,#5661,#5662,#5663,#5664,#5665,#5666,#5667,
    #5668,#5669,#5670,#5671,#5672,#5673,#5674,#5675,#5676,#5677,#5678,
    #5679,#5680,#5681),.UNSPECIFIED.,.F.,.F.,(9,7,7,7,9),(0.,0.25,0.5,
    0.75,1.),.UNSPECIFIED.);
#5652 = CARTESIAN_POINT('',(0.,1.));
#5653 = CARTESIAN_POINT('',(3.124980793826E-02,1.));
#5654 = CARTESIAN_POINT('',(6.250191949534E-02,1.));
#5655 = CARTESIAN_POINT('',(9.374508332054E-02,1.));
#5656 = CARTESIAN_POINT('',(0.125003357014,1.));
#5657 = CARTESIAN_POINT('',(0.156249174367,1.));
#5658 = CARTESIAN_POINT('',(0.187500034342,1.));
#5659 = CARTESIAN_POINT('',(0.218749999321,1.));
#5660 = CARTESIAN_POINT('',(0.281249938568,1.));
#5661 = CARTESIAN_POINT('',(0.312500615067,1.));
#5662 = CARTESIAN_POINT('',(0.343750819649,1.));
#5663 = CARTESIAN_POINT('',(0.375000430504,1.));
#5664 = CARTESIAN_POINT('',(0.406249891821,1.));
#5665 = CARTESIAN_POINT('',(0.437499722818,1.));
#5666 = CARTESIAN_POINT('',(0.468750026763,1.));
#5667 = CARTESIAN_POINT('',(0.531249973237,1.));
#5668 = CARTESIAN_POINT('',(0.562500277182,1.));
#5669 = CARTESIAN_POINT('',(0.593750108179,1.));
#5670 = CARTESIAN_POINT('',(0.624999569496,1.));
#5671 = CARTESIAN_POINT('',(0.656249180351,1.));
#5672 = CARTESIAN_POINT('',(0.687499384933,1.));
#5673 = CARTESIAN_POINT('',(0.718750061432,1.));
#5674 = CARTESIAN_POINT('',(0.781250000679,1.));
#5675 = CARTESIAN_POINT('',(0.812499965658,1.));
#5676 = CARTESIAN_POINT('',(0.843750825633,1.));
#5677 = CARTESIAN_POINT('',(0.874996642986,1.));
#5678 = CARTESIAN_POINT('',(0.906254916679,1.));
#5679 = CARTESIAN_POINT('',(0.937498080505,1.));
#5680 = CARTESIAN_POINT('',(0.968750192062,1.));
#5681 = CARTESIAN_POINT('',(1.,1.));
#5682 = ( GEOMETRIC_REPRESENTATION_CONTEXT(2) 
PARAMETRIC_REPRESENTATION_CONTEXT() REPRESENTATION_CONTEXT('2D SPACE',''
  ) );
#5683 = PCURVE('',#5504,#5684);
#5684 = DEFINITIONAL_REPRESENTATION('',(#5685),#5689);
#5685 = LINE('',#5686,#5687);
#5686 = CARTESIAN_POINT('',(0.,0.));
#5687 = VECTOR('',#5688,1.);
#5688 = DIRECTION('',(1.,0.));
#5689 = ( GEOMETRIC_REPRESENTATION_CONTEXT(2) 
PARAMETRIC_REPRESENTATION_CONTEXT() REPRESENTATION_CONTEXT('2D SPACE',''
  ) );
#5690 = ADVANCED_FACE('',(#5691),#5399,.F.);
#5691 = FACE_BOUND('',#5692,.F.);
#5692 = EDGE_LOOP('',(#5693,#5694,#5695,#5728));
#5693 = ORIENTED_EDGE('',*,*,#5386,.F.);
#5694 = ORIENTED_EDGE('',*,*,#5460,.T.);
#5695 = ORIENTED_EDGE('',*,*,#5696,.T.);
#5696 = EDGE_CURVE('',#5426,#5553,#5697,.T.);
#5697 = SURFACE_CURVE('',#5698,(#5701,#5708),.PCURVE_S1.);
#5698 = B_SPLINE_CURVE_WITH_KNOTS('',1,(#5699,#5700),.UNSPECIFIED.,.F.,
  .F.,(2,2),(0.,1.),.PIECEWISE_BEZIER_KNOTS.);
#5699 = CARTESIAN_POINT('',(10.267633819032,-11.99999999999,
    -1.469576158977E-15));
#5700 = CARTESIAN_POINT('',(11.90549987323,-7.499999999999,
    -9.184850993604E-16));
#5701 = PCURVE('',#5399,#5702);
#5702 = DEFINITIONAL_REPRESENTATION('',(#5703),#5707);
#5703 = LINE('',#5704,#5705);
#5704 = CARTESIAN_POINT('',(1.,0.));
#5705 = VECTOR('',#5706,1.);
#5706 = DIRECTION('',(0.,1.));
#5707 = ( GEOMETRIC_REPRESENTATION_CONTEXT(2) 
PARAMETRIC_REPRESENTATION_CONTEXT() REPRESENTATION_CONTEXT('2D SPACE',''
  ) );
#5708 = PCURVE('',#5709,#5722);
#5709 = B_SPLINE_SURFACE_WITH_KNOTS('',5,1,(
    (#5710,#5711)
    ,(#5712,#5713)
    ,(#5714,#5715)
    ,(#5716,#5717)
    ,(#5718,#5719)
    ,(#5720,#5721
    )),.UNSPECIFIED.,.F.,.F.,.F.,(6,6),(2,2),(0.,1.),(0.,1.),
  .PIECEWISE_BEZIER_KNOTS.);
#5710 = CARTESIAN_POINT('',(10.267633819032,-11.99999999999,
    -1.469576158977E-15));
#5711 = CARTESIAN_POINT('',(11.90549987323,-7.499999999999,
    -9.184850993604E-16));
#5712 = CARTESIAN_POINT('',(10.894053326995,-11.99433567774,
    7.439727252697));
#5713 = CARTESIAN_POINT('',(12.531919381193,-7.496459798593,
    4.649829532936));
#5714 = CARTESIAN_POINT('',(11.529050055275,-6.145997081766,
    15.473128116739));
#5715 = CARTESIAN_POINT('',(13.166916109473,-3.841248176104,
    9.670705072962));
#5716 = CARTESIAN_POINT('',(12.147810236378,6.145997081766,
    15.47312811674));
#5717 = CARTESIAN_POINT('',(13.785676290576,3.841248176104,
    9.670705072962));
#5718 = CARTESIAN_POINT('',(12.782806964659,11.994335677749,
    7.439727252697));
#5719 = CARTESIAN_POINT('',(14.420673018857,7.496459798593,
    4.649829532936));
#5720 = CARTESIAN_POINT('',(13.409226472622,11.999999999999,
    2.939152317953E-15));
#5721 = CARTESIAN_POINT('',(15.04709252682,7.499999999999,
    1.836970198721E-15));
#5722 = DEFINITIONAL_REPRESENTATION('',(#5723),#5727);
#5723 = LINE('',#5724,#5725);
#5724 = CARTESIAN_POINT('',(0.,0.));
#5725 = VECTOR('',#5726,1.);
#5726 = DIRECTION('',(0.,1.));
#5727 = ( GEOMETRIC_REPRESENTATION_CONTEXT(2) 
PARAMETRIC_REPRESENTATION_CONTEXT() REPRESENTATION_CONTEXT('2D SPACE',''
  ) );
#5728 = ORIENTED_EDGE('',*,*,#5552,.F.);
#5729 = ADVANCED_FACE('',(#5730),#5440,.F.);
#5730 = FACE_BOUND('',#5731,.F.);
#5731 = EDGE_LOOP('',(#5732,#5733,#5734,#5769));
#5732 = ORIENTED_EDGE('',*,*,#5425,.F.);
#5733 = ORIENTED_EDGE('',*,*,#5524,.T.);
#5734 = ORIENTED_EDGE('',*,*,#5735,.T.);
#5735 = EDGE_CURVE('',#5490,#5736,#5738,.T.);
#5736 = VERTEX_POINT('',#5737);
#5737 = CARTESIAN_POINT('',(13.409226472622,11.999999999999,
    1.469576160001E-15));
#5738 = SURFACE_CURVE('',#5739,(#5742,#5749),.PCURVE_S1.);
#5739 = B_SPLINE_CURVE_WITH_KNOTS('',1,(#5740,#5741),.UNSPECIFIED.,.F.,
  .F.,(2,2),(0.,1.),.PIECEWISE_BEZIER_KNOTS.);
#5740 = CARTESIAN_POINT('',(11.723514756097,11.999999999999,
    2.939152317953E-15));
#5741 = CARTESIAN_POINT('',(13.409226472622,11.999999999999,
    2.939152317953E-15));
#5742 = PCURVE('',#5440,#5743);
#5743 = DEFINITIONAL_REPRESENTATION('',(#5744),#5748);
#5744 = LINE('',#5745,#5746);
#5745 = CARTESIAN_POINT('',(1.,0.));
#5746 = VECTOR('',#5747,1.);
#5747 = DIRECTION('',(0.,1.));
#5748 = ( GEOMETRIC_REPRESENTATION_CONTEXT(2) 
PARAMETRIC_REPRESENTATION_CONTEXT() REPRESENTATION_CONTEXT('2D SPACE',''
  ) );
#5749 = PCURVE('',#5750,#5763);
#5750 = B_SPLINE_SURFACE_WITH_KNOTS('',5,1,(
    (#5751,#5752)
    ,(#5753,#5754)
    ,(#5755,#5756)
    ,(#5757,#5758)
    ,(#5759,#5760)
    ,(#5761,#5762
    )),.UNSPECIFIED.,.F.,.F.,.F.,(6,6),(2,2),(0.,1.),(0.,1.),
  .PIECEWISE_BEZIER_KNOTS.);
#5751 = CARTESIAN_POINT('',(11.723514756097,11.999999999999,0.));
#5752 = CARTESIAN_POINT('',(13.409226472622,11.999999999999,0.));
#5753 = CARTESIAN_POINT('',(12.349928546899,11.994372043523,
    -7.439710133806));
#5754 = CARTESIAN_POINT('',(14.035640263424,11.994372043523,
    -7.439710133806));
#5755 = CARTESIAN_POINT('',(12.984945398576,6.145894572788,
    -15.47314366417));
#5756 = CARTESIAN_POINT('',(14.670657115101,6.145894572788,
    -15.47314366417));
#5757 = CARTESIAN_POINT('',(13.603676767207,-6.145894572788,
    -15.47314366417));
#5758 = CARTESIAN_POINT('',(15.289388483732,-6.145894572788,
    -15.47314366417));
#5759 = CARTESIAN_POINT('',(14.238693618884,-11.99437204352,
    -7.439710133805));
#5760 = CARTESIAN_POINT('',(15.924405335409,-11.99437204352,
    -7.439710133805));
#5761 = CARTESIAN_POINT('',(14.865107409686,-11.99999999999,
    -1.469576158977E-15));
#5762 = CARTESIAN_POINT('',(16.550819126211,-11.99999999999,
    -1.469576158977E-15));
#5763 = DEFINITIONAL_REPRESENTATION('',(#5764),#5768);
#5764 = LINE('',#5765,#5766);
#5765 = CARTESIAN_POINT('',(0.,0.));
#5766 = VECTOR('',#5767,1.);
#5767 = DIRECTION('',(0.,1.));
#5768 = ( GEOMETRIC_REPRESENTATION_CONTEXT(2) 
PARAMETRIC_REPRESENTATION_CONTEXT() REPRESENTATION_CONTEXT('2D SPACE',''
  ) );
#5769 = ORIENTED_EDGE('',*,*,#5770,.F.);
#5770 = EDGE_CURVE('',#5426,#5736,#5771,.T.);
#5771 = SURFACE_CURVE('',#5772,(#5779,#5786),.PCURVE_S1.);
#5772 = B_SPLINE_CURVE_WITH_KNOTS('',5,(#5773,#5774,#5775,#5776,#5777,
    #5778),.UNSPECIFIED.,.F.,.F.,(6,6),(0.,1.),
  .PIECEWISE_BEZIER_KNOTS.);
#5773 = CARTESIAN_POINT('',(10.267633819032,-11.99999999999,
    -1.469576158977E-15));
#5774 = CARTESIAN_POINT('',(10.894047609835,-11.99437204352,
    7.439710133806));
#5775 = CARTESIAN_POINT('',(11.529064461511,-6.145894572788,
    15.473143664178));
#5776 = CARTESIAN_POINT('',(12.147795830143,6.145894572788,
    15.473143664179));
#5777 = CARTESIAN_POINT('',(12.782812681819,11.994372043523,
    7.439710133805));
#5778 = CARTESIAN_POINT('',(13.409226472622,11.999999999999,
    2.939152317953E-15));
#5779 = PCURVE('',#5440,#5780);
#5780 = DEFINITIONAL_REPRESENTATION('',(#5781),#5785);
#5781 = LINE('',#5782,#5783);
#5782 = CARTESIAN_POINT('',(0.,1.));
#5783 = VECTOR('',#5784,1.);
#5784 = DIRECTION('',(1.,0.));
#5785 = ( GEOMETRIC_REPRESENTATION_CONTEXT(2) 
PARAMETRIC_REPRESENTATION_CONTEXT() REPRESENTATION_CONTEXT('2D SPACE',''
  ) );
#5786 = PCURVE('',#5709,#5787);
#5787 = DEFINITIONAL_REPRESENTATION('',(#5788),#5792);
#5788 = LINE('',#5789,#5790);
#5789 = CARTESIAN_POINT('',(0.,0.));
#5790 = VECTOR('',#5791,1.);
#5791 = DIRECTION('',(1.,0.));
#5792 = ( GEOMETRIC_REPRESENTATION_CONTEXT(2) 
PARAMETRIC_REPRESENTATION_CONTEXT() REPRESENTATION_CONTEXT('2D SPACE',''
  ) );
#5793 = ADVANCED_FACE('',(#5794),#5504,.F.);
#5794 = FACE_BOUND('',#5795,.F.);
#5795 = EDGE_LOOP('',(#5796,#5797,#5798,#5833));
#5796 = ORIENTED_EDGE('',*,*,#5489,.F.);
#5797 = ORIENTED_EDGE('',*,*,#5640,.T.);
#5798 = ORIENTED_EDGE('',*,*,#5799,.T.);
#5799 = EDGE_CURVE('',#5606,#5800,#5802,.T.);
#5800 = VERTEX_POINT('',#5801);
#5801 = CARTESIAN_POINT('',(14.865107409686,-11.99999999999,
    -1.469576158977E-15));
#5802 = SURFACE_CURVE('',#5803,(#5806,#5813),.PCURVE_S1.);
#5803 = B_SPLINE_CURVE_WITH_KNOTS('',1,(#5804,#5805),.UNSPECIFIED.,.F.,
  .F.,(2,2),(0.,1.),.PIECEWISE_BEZIER_KNOTS.);
#5804 = CARTESIAN_POINT('',(13.227241355489,-7.499999999999,
    -9.184850993604E-16));
#5805 = CARTESIAN_POINT('',(14.865107409686,-11.99999999999,
    -1.469576158977E-15));
#5806 = PCURVE('',#5504,#5807);
#5807 = DEFINITIONAL_REPRESENTATION('',(#5808),#5812);
#5808 = LINE('',#5809,#5810);
#5809 = CARTESIAN_POINT('',(1.,0.));
#5810 = VECTOR('',#5811,1.);
#5811 = DIRECTION('',(0.,1.));
#5812 = ( GEOMETRIC_REPRESENTATION_CONTEXT(2) 
PARAMETRIC_REPRESENTATION_CONTEXT() REPRESENTATION_CONTEXT('2D SPACE',''
  ) );
#5813 = PCURVE('',#5814,#5827);
#5814 = B_SPLINE_SURFACE_WITH_KNOTS('',5,1,(
    (#5815,#5816)
    ,(#5817,#5818)
    ,(#5819,#5820)
    ,(#5821,#5822)
    ,(#5823,#5824)
    ,(#5825,#5826
    )),.UNSPECIFIED.,.F.,.F.,.F.,(6,6),(2,2),(0.,1.),(0.,1.),
  .PIECEWISE_BEZIER_KNOTS.);
#5815 = CARTESIAN_POINT('',(13.227241355489,-7.499999999999,
    -9.184850993604E-16));
#5816 = CARTESIAN_POINT('',(14.865107409686,-11.99999999999,
    -1.469576158977E-15));
#5817 = CARTESIAN_POINT('',(13.853660863451,-7.496459798593,
    4.649829532936));
#5818 = CARTESIAN_POINT('',(15.491526917649,-11.99433567774,
    7.439727252697));
#5819 = CARTESIAN_POINT('',(14.488657591732,-3.841248176104,
    9.670705072962));
#5820 = CARTESIAN_POINT('',(16.12652364593,-6.145997081766,
    15.473128116739));
#5821 = CARTESIAN_POINT('',(15.107417772835,3.841248176104,
    9.670705072962));
#5822 = CARTESIAN_POINT('',(16.745283827033,6.145997081766,
    15.47312811674));
#5823 = CARTESIAN_POINT('',(15.742414501116,7.496459798593,
    4.649829532936));
#5824 = CARTESIAN_POINT('',(17.380280555313,11.994335677749,
    7.439727252697));
#5825 = CARTESIAN_POINT('',(16.368834009078,7.499999999999,
    1.836970198721E-15));
#5826 = CARTESIAN_POINT('',(18.006700063276,11.999999999999,
    2.939152317953E-15));
#5827 = DEFINITIONAL_REPRESENTATION('',(#5828),#5832);
#5828 = LINE('',#5829,#5830);
#5829 = CARTESIAN_POINT('',(0.,0.));
#5830 = VECTOR('',#5831,1.);
#5831 = DIRECTION('',(0.,1.));
#5832 = ( GEOMETRIC_REPRESENTATION_CONTEXT(2) 
PARAMETRIC_REPRESENTATION_CONTEXT() REPRESENTATION_CONTEXT('2D SPACE',''
  ) );
#5833 = ORIENTED_EDGE('',*,*,#5834,.F.);
#5834 = EDGE_CURVE('',#5490,#5800,#5835,.T.);
#5835 = SURFACE_CURVE('',#5836,(#5843,#5850),.PCURVE_S1.);
#5836 = B_SPLINE_CURVE_WITH_KNOTS('',5,(#5837,#5838,#5839,#5840,#5841,
    #5842),.UNSPECIFIED.,.F.,.F.,(6,6),(0.,1.),
  .PIECEWISE_BEZIER_KNOTS.);
#5837 = CARTESIAN_POINT('',(11.723514756097,11.999999999999,0.));
#5838 = CARTESIAN_POINT('',(12.349928546899,11.994372043523,
    -7.439710133806));
#5839 = CARTESIAN_POINT('',(12.984945398576,6.145894572788,
    -15.47314366417));
#5840 = CARTESIAN_POINT('',(13.603676767207,-6.145894572788,
    -15.47314366417));
#5841 = CARTESIAN_POINT('',(14.238693618884,-11.99437204352,
    -7.439710133805));
#5842 = CARTESIAN_POINT('',(14.865107409686,-11.99999999999,
    -1.469576158977E-15));
#5843 = PCURVE('',#5504,#5844);
#5844 = DEFINITIONAL_REPRESENTATION('',(#5845),#5849);
#5845 = LINE('',#5846,#5847);
#5846 = CARTESIAN_POINT('',(0.,1.));
#5847 = VECTOR('',#5848,1.);
#5848 = DIRECTION('',(1.,0.));
#5849 = ( GEOMETRIC_REPRESENTATION_CONTEXT(2) 
PARAMETRIC_REPRESENTATION_CONTEXT() REPRESENTATION_CONTEXT('2D SPACE',''
  ) );
#5850 = PCURVE('',#5750,#5851);
#5851 = DEFINITIONAL_REPRESENTATION('',(#5852),#5856);
#5852 = LINE('',#5853,#5854);
#5853 = CARTESIAN_POINT('',(0.,0.));
#5854 = VECTOR('',#5855,1.);
#5855 = DIRECTION('',(1.,0.));
#5856 = ( GEOMETRIC_REPRESENTATION_CONTEXT(2) 
PARAMETRIC_REPRESENTATION_CONTEXT() REPRESENTATION_CONTEXT('2D SPACE',''
  ) );
#5857 = ADVANCED_FACE('',(#5858),#5620,.F.);
#5858 = FACE_BOUND('',#5859,.F.);
#5859 = EDGE_LOOP('',(#5860,#5861,#5914,#5949));
#5860 = ORIENTED_EDGE('',*,*,#5605,.F.);
#5861 = ORIENTED_EDGE('',*,*,#5862,.T.);
#5862 = EDGE_CURVE('',#5553,#5863,#5865,.T.);
#5863 = VERTEX_POINT('',#5864);
#5864 = CARTESIAN_POINT('',(15.04709252682,7.499999999999,
    9.184850993604E-16));
#5865 = SURFACE_CURVE('',#5866,(#5873,#5907),.PCURVE_S1.);
#5866 = B_SPLINE_CURVE_WITH_KNOTS('',5,(#5867,#5868,#5869,#5870,#5871,
    #5872),.UNSPECIFIED.,.F.,.F.,(6,6),(0.,1.),
  .PIECEWISE_BEZIER_KNOTS.);
#5867 = CARTESIAN_POINT('',(11.90549987323,-7.499999999999,
    -9.184850993604E-16));
#5868 = CARTESIAN_POINT('',(12.531919381193,-7.496459798593,
    4.649829532936));
#5869 = CARTESIAN_POINT('',(13.166916109473,-3.841248176104,
    9.670705072962));
#5870 = CARTESIAN_POINT('',(13.785676290576,3.841248176104,
    9.670705072962));
#5871 = CARTESIAN_POINT('',(14.420673018857,7.496459798593,
    4.649829532936));
#5872 = CARTESIAN_POINT('',(15.04709252682,7.499999999999,
    1.836970198721E-15));
#5873 = PCURVE('',#5620,#5874);
#5874 = DEFINITIONAL_REPRESENTATION('',(#5875),#5906);
#5875 = B_SPLINE_CURVE_WITH_KNOTS('',8,(#5876,#5877,#5878,#5879,#5880,
    #5881,#5882,#5883,#5884,#5885,#5886,#5887,#5888,#5889,#5890,#5891,
    #5892,#5893,#5894,#5895,#5896,#5897,#5898,#5899,#5900,#5901,#5902,
    #5903,#5904,#5905),.UNSPECIFIED.,.F.,.F.,(9,7,7,7,9),(0.,0.25,0.5,
    0.75,1.),.UNSPECIFIED.);
#5876 = CARTESIAN_POINT('',(-2.775557561563E-17,0.));
#5877 = CARTESIAN_POINT('',(3.124980793826E-02,0.));
#5878 = CARTESIAN_POINT('',(6.250191949534E-02,0.));
#5879 = CARTESIAN_POINT('',(9.374508332054E-02,0.));
#5880 = CARTESIAN_POINT('',(0.125003357014,0.));
#5881 = CARTESIAN_POINT('',(0.156249174367,0.));
#5882 = CARTESIAN_POINT('',(0.187500034342,0.));
#5883 = CARTESIAN_POINT('',(0.218749999321,0.));
#5884 = CARTESIAN_POINT('',(0.281249938568,0.));
#5885 = CARTESIAN_POINT('',(0.312500615067,0.));
#5886 = CARTESIAN_POINT('',(0.343750819649,0.));
#5887 = CARTESIAN_POINT('',(0.375000430504,0.));
#5888 = CARTESIAN_POINT('',(0.406249891821,0.));
#5889 = CARTESIAN_POINT('',(0.437499722818,0.));
#5890 = CARTESIAN_POINT('',(0.468750026763,0.));
#5891 = CARTESIAN_POINT('',(0.531249973237,0.));
#5892 = CARTESIAN_POINT('',(0.562500277182,0.));
#5893 = CARTESIAN_POINT('',(0.593750108179,0.));
#5894 = CARTESIAN_POINT('',(0.624999569496,0.));
#5895 = CARTESIAN_POINT('',(0.656249180351,0.));
#5896 = CARTESIAN_POINT('',(0.687499384933,0.));
#5897 = CARTESIAN_POINT('',(0.718750061432,0.));
#5898 = CARTESIAN_POINT('',(0.781250000679,0.));
#5899 = CARTESIAN_POINT('',(0.812499965658,0.));
#5900 = CARTESIAN_POINT('',(0.843750825633,0.));
#5901 = CARTESIAN_POINT('',(0.874996642986,0.));
#5902 = CARTESIAN_POINT('',(0.906254916679,0.));
#5903 = CARTESIAN_POINT('',(0.937498080505,0.));
#5904 = CARTESIAN_POINT('',(0.968750192062,0.));
#5905 = CARTESIAN_POINT('',(1.,0.));
#5906 = ( GEOMETRIC_REPRESENTATION_CONTEXT(2) 
PARAMETRIC_REPRESENTATION_CONTEXT() REPRESENTATION_CONTEXT('2D SPACE',''
  ) );
#5907 = PCURVE('',#5709,#5908);
#5908 = DEFINITIONAL_REPRESENTATION('',(#5909),#5913);
#5909 = LINE('',#5910,#5911);
#5910 = CARTESIAN_POINT('',(0.,1.));
#5911 = VECTOR('',#5912,1.);
#5912 = DIRECTION('',(1.,0.));
#5913 = ( GEOMETRIC_REPRESENTATION_CONTEXT(2) 
PARAMETRIC_REPRESENTATION_CONTEXT() REPRESENTATION_CONTEXT('2D SPACE',''
  ) );
#5914 = ORIENTED_EDGE('',*,*,#5915,.T.);
#5915 = EDGE_CURVE('',#5863,#5916,#5918,.T.);
#5916 = VERTEX_POINT('',#5917);
#5917 = CARTESIAN_POINT('',(16.368834009078,7.499999999999,
    9.184850993604E-16));
#5918 = SURFACE_CURVE('',#5919,(#5922,#5929),.PCURVE_S1.);
#5919 = B_SPLINE_CURVE_WITH_KNOTS('',1,(#5920,#5921),.UNSPECIFIED.,.F.,
  .F.,(2,2),(0.,1.),.PIECEWISE_BEZIER_KNOTS.);
#5920 = CARTESIAN_POINT('',(15.04709252682,7.499999999999,
    1.836970198721E-15));
#5921 = CARTESIAN_POINT('',(16.368834009078,7.499999999999,
    1.836970198721E-15));
#5922 = PCURVE('',#5620,#5923);
#5923 = DEFINITIONAL_REPRESENTATION('',(#5924),#5928);
#5924 = LINE('',#5925,#5926);
#5925 = CARTESIAN_POINT('',(1.,0.));
#5926 = VECTOR('',#5927,1.);
#5927 = DIRECTION('',(0.,1.));
#5928 = ( GEOMETRIC_REPRESENTATION_CONTEXT(2) 
PARAMETRIC_REPRESENTATION_CONTEXT() REPRESENTATION_CONTEXT('2D SPACE',''
  ) );
#5929 = PCURVE('',#5930,#5943);
#5930 = B_SPLINE_SURFACE_WITH_KNOTS('',5,1,(
    (#5931,#5932)
    ,(#5933,#5934)
    ,(#5935,#5936)
    ,(#5937,#5938)
    ,(#5939,#5940)
    ,(#5941,#5942
    )),.UNSPECIFIED.,.F.,.F.,.F.,(6,6),(2,2),(0.,1.),(0.,1.),
  .PIECEWISE_BEZIER_KNOTS.);
#5931 = CARTESIAN_POINT('',(15.04709252682,7.499999999999,0.));
#5932 = CARTESIAN_POINT('',(16.368834009078,7.499999999999,0.));
#5933 = CARTESIAN_POINT('',(15.673526515511,7.496402230976,
    -4.649856634508));
#5934 = CARTESIAN_POINT('',(16.99526799777,7.496402230976,
    -4.649856634508));
#5935 = CARTESIAN_POINT('',(16.308472274668,3.841410447455,
    -9.67068045996));
#5936 = CARTESIAN_POINT('',(17.630213756927,3.841410447455,
    -9.67068045996));
#5937 = CARTESIAN_POINT('',(16.927305432561,-3.841410447455,
    -9.67068045996));
#5938 = CARTESIAN_POINT('',(18.24904691482,-3.841410447455,
    -9.67068045996));
#5939 = CARTESIAN_POINT('',(17.562251191718,-7.496402230976,
    -4.649856634508));
#5940 = CARTESIAN_POINT('',(18.883992673977,-7.496402230976,
    -4.649856634508));
#5941 = CARTESIAN_POINT('',(18.188685180409,-7.499999999999,
    -9.184850993604E-16));
#5942 = CARTESIAN_POINT('',(19.510426662668,-7.499999999999,
    -9.184850993604E-16));
#5943 = DEFINITIONAL_REPRESENTATION('',(#5944),#5948);
#5944 = LINE('',#5945,#5946);
#5945 = CARTESIAN_POINT('',(0.,0.));
#5946 = VECTOR('',#5947,1.);
#5947 = DIRECTION('',(0.,1.));
#5948 = ( GEOMETRIC_REPRESENTATION_CONTEXT(2) 
PARAMETRIC_REPRESENTATION_CONTEXT() REPRESENTATION_CONTEXT('2D SPACE',''
  ) );
#5949 = ORIENTED_EDGE('',*,*,#5950,.F.);
#5950 = EDGE_CURVE('',#5606,#5916,#5951,.T.);
#5951 = SURFACE_CURVE('',#5952,(#5959,#5993),.PCURVE_S1.);
#5952 = B_SPLINE_CURVE_WITH_KNOTS('',5,(#5953,#5954,#5955,#5956,#5957,
    #5958),.UNSPECIFIED.,.F.,.F.,(6,6),(0.,1.),
  .PIECEWISE_BEZIER_KNOTS.);
#5953 = CARTESIAN_POINT('',(13.227241355489,-7.499999999999,
    -9.184850993604E-16));
#5954 = CARTESIAN_POINT('',(13.853660863451,-7.496459798593,
    4.649829532936));
#5955 = CARTESIAN_POINT('',(14.488657591732,-3.841248176104,
    9.670705072962));
#5956 = CARTESIAN_POINT('',(15.107417772835,3.841248176104,
    9.670705072962));
#5957 = CARTESIAN_POINT('',(15.742414501116,7.496459798593,
    4.649829532936));
#5958 = CARTESIAN_POINT('',(16.368834009078,7.499999999999,
    1.836970198721E-15));
#5959 = PCURVE('',#5620,#5960);
#5960 = DEFINITIONAL_REPRESENTATION('',(#5961),#5992);
#5961 = B_SPLINE_CURVE_WITH_KNOTS('',8,(#5962,#5963,#5964,#5965,#5966,
    #5967,#5968,#5969,#5970,#5971,#5972,#5973,#5974,#5975,#5976,#5977,
    #5978,#5979,#5980,#5981,#5982,#5983,#5984,#5985,#5986,#5987,#5988,
    #5989,#5990,#5991),.UNSPECIFIED.,.F.,.F.,(9,7,7,7,9),(0.,0.25,0.5,
    0.75,1.),.UNSPECIFIED.);
#5962 = CARTESIAN_POINT('',(-1.387778780781E-17,1.));
#5963 = CARTESIAN_POINT('',(3.124980793826E-02,1.));
#5964 = CARTESIAN_POINT('',(6.250191949534E-02,1.));
#5965 = CARTESIAN_POINT('',(9.374508332054E-02,1.));
#5966 = CARTESIAN_POINT('',(0.125003357014,1.));
#5967 = CARTESIAN_POINT('',(0.156249174367,1.));
#5968 = CARTESIAN_POINT('',(0.187500034342,1.));
#5969 = CARTESIAN_POINT('',(0.218749999321,1.));
#5970 = CARTESIAN_POINT('',(0.281249938568,1.));
#5971 = CARTESIAN_POINT('',(0.312500615067,1.));
#5972 = CARTESIAN_POINT('',(0.343750819649,1.));
#5973 = CARTESIAN_POINT('',(0.375000430504,1.));
#5974 = CARTESIAN_POINT('',(0.406249891821,1.));
#5975 = CARTESIAN_POINT('',(0.437499722818,1.));
#5976 = CARTESIAN_POINT('',(0.468750026763,1.));
#5977 = CARTESIAN_POINT('',(0.531249973237,1.));
#5978 = CARTESIAN_POINT('',(0.562500277182,1.));
#5979 = CARTESIAN_POINT('',(0.593750108179,1.));
#5980 = CARTESIAN_POINT('',(0.624999569496,1.));
#5981 = CARTESIAN_POINT('',(0.656249180351,1.));
#5982 = CARTESIAN_POINT('',(0.687499384933,1.));
#5983 = CARTESIAN_POINT('',(0.718750061432,1.));
#5984 = CARTESIAN_POINT('',(0.781250000679,1.));
#5985 = CARTESIAN_POINT('',(0.812499965658,1.));
#5986 = CARTESIAN_POINT('',(0.843750825633,1.));
#5987 = CARTESIAN_POINT('',(0.874996642986,1.));
#5988 = CARTESIAN_POINT('',(0.906254916679,1.));
#5989 = CARTESIAN_POINT('',(0.937498080505,1.));
#5990 = CARTESIAN_POINT('',(0.968750192062,1.));
#5991 = CARTESIAN_POINT('',(1.,1.));
#5992 = ( GEOMETRIC_REPRESENTATION_CONTEXT(2) 
PARAMETRIC_REPRESENTATION_CONTEXT() REPRESENTATION_CONTEXT('2D SPACE',''
  ) );
#5993 = PCURVE('',#5814,#5994);
#5994 = DEFINITIONAL_REPRESENTATION('',(#5995),#5999);
#5995 = LINE('',#5996,#5997);
#5996 = CARTESIAN_POINT('',(0.,0.));
#5997 = VECTOR('',#5998,1.);
#5998 = DIRECTION('',(1.,0.));
#5999 = ( GEOMETRIC_REPRESENTATION_CONTEXT(2) 
PARAMETRIC_REPRESENTATION_CONTEXT() REPRESENTATION_CONTEXT('2D SPACE',''
  ) );
#6000 = ADVANCED_FACE('',(#6001),#5709,.F.);
#6001 = FACE_BOUND('',#6002,.F.);
#6002 = EDGE_LOOP('',(#6003,#6004,#6005,#6038));
#6003 = ORIENTED_EDGE('',*,*,#5696,.F.);
#6004 = ORIENTED_EDGE('',*,*,#5770,.T.);
#6005 = ORIENTED_EDGE('',*,*,#6006,.T.);
#6006 = EDGE_CURVE('',#5736,#5863,#6007,.T.);
#6007 = SURFACE_CURVE('',#6008,(#6011,#6018),.PCURVE_S1.);
#6008 = B_SPLINE_CURVE_WITH_KNOTS('',1,(#6009,#6010),.UNSPECIFIED.,.F.,
  .F.,(2,2),(0.,1.),.PIECEWISE_BEZIER_KNOTS.);
#6009 = CARTESIAN_POINT('',(13.409226472622,11.999999999999,
    2.939152317953E-15));
#6010 = CARTESIAN_POINT('',(15.04709252682,7.499999999999,
    1.836970198721E-15));
#6011 = PCURVE('',#5709,#6012);
#6012 = DEFINITIONAL_REPRESENTATION('',(#6013),#6017);
#6013 = LINE('',#6014,#6015);
#6014 = CARTESIAN_POINT('',(1.,0.));
#6015 = VECTOR('',#6016,1.);
#6016 = DIRECTION('',(0.,1.));
#6017 = ( GEOMETRIC_REPRESENTATION_CONTEXT(2) 
PARAMETRIC_REPRESENTATION_CONTEXT() REPRESENTATION_CONTEXT('2D SPACE',''
  ) );
#6018 = PCURVE('',#6019,#6032);
#6019 = B_SPLINE_SURFACE_WITH_KNOTS('',5,1,(
    (#6020,#6021)
    ,(#6022,#6023)
    ,(#6024,#6025)
    ,(#6026,#6027)
    ,(#6028,#6029)
    ,(#6030,#6031
    )),.UNSPECIFIED.,.F.,.F.,.F.,(6,6),(2,2),(0.,1.),(0.,1.),
  .PIECEWISE_BEZIER_KNOTS.);
#6020 = CARTESIAN_POINT('',(13.409226472622,11.999999999999,0.));
#6021 = CARTESIAN_POINT('',(15.04709252682,7.499999999999,0.));
#6022 = CARTESIAN_POINT('',(14.035645980584,11.994335677749,
    -7.439727252697));
#6023 = CARTESIAN_POINT('',(15.673512034782,7.496459798593,
    -4.649829532936));
#6024 = CARTESIAN_POINT('',(14.670642708865,6.145997081766,
    -15.47312811673));
#6025 = CARTESIAN_POINT('',(16.308508763063,3.841248176104,
    -9.670705072962));
#6026 = CARTESIAN_POINT('',(15.289402889968,-6.145997081766,
    -15.47312811674));
#6027 = CARTESIAN_POINT('',(16.927268944166,-3.841248176104,
    -9.670705072962));
#6028 = CARTESIAN_POINT('',(15.924399618249,-11.99433567774,
    -7.439727252697));
#6029 = CARTESIAN_POINT('',(17.562265672447,-7.496459798593,
    -4.649829532936));
#6030 = CARTESIAN_POINT('',(16.550819126211,-11.99999999999,
    -1.469576158977E-15));
#6031 = CARTESIAN_POINT('',(18.188685180409,-7.499999999999,
    -9.184850993604E-16));
#6032 = DEFINITIONAL_REPRESENTATION('',(#6033),#6037);
#6033 = LINE('',#6034,#6035);
#6034 = CARTESIAN_POINT('',(0.,0.));
#6035 = VECTOR('',#6036,1.);
#6036 = DIRECTION('',(0.,1.));
#6037 = ( GEOMETRIC_REPRESENTATION_CONTEXT(2) 
PARAMETRIC_REPRESENTATION_CONTEXT() REPRESENTATION_CONTEXT('2D SPACE',''
  ) );
#6038 = ORIENTED_EDGE('',*,*,#5862,.F.);
#6039 = ADVANCED_FACE('',(#6040),#5750,.F.);
#6040 = FACE_BOUND('',#6041,.F.);
#6041 = EDGE_LOOP('',(#6042,#6043,#6044,#6079));
#6042 = ORIENTED_EDGE('',*,*,#5735,.F.);
#6043 = ORIENTED_EDGE('',*,*,#5834,.T.);
#6044 = ORIENTED_EDGE('',*,*,#6045,.T.);
#6045 = EDGE_CURVE('',#5800,#6046,#6048,.T.);
#6046 = VERTEX_POINT('',#6047);
#6047 = CARTESIAN_POINT('',(16.550819126211,-11.99999999999,
    -1.469576158977E-15));
#6048 = SURFACE_CURVE('',#6049,(#6052,#6059),.PCURVE_S1.);
#6049 = B_SPLINE_CURVE_WITH_KNOTS('',1,(#6050,#6051),.UNSPECIFIED.,.F.,
  .F.,(2,2),(0.,1.),.PIECEWISE_BEZIER_KNOTS.);
#6050 = CARTESIAN_POINT('',(14.865107409686,-11.99999999999,
    -1.469576158977E-15));
#6051 = CARTESIAN_POINT('',(16.550819126211,-11.99999999999,
    -1.469576158977E-15));
#6052 = PCURVE('',#5750,#6053);
#6053 = DEFINITIONAL_REPRESENTATION('',(#6054),#6058);
#6054 = LINE('',#6055,#6056);
#6055 = CARTESIAN_POINT('',(1.,0.));
#6056 = VECTOR('',#6057,1.);
#6057 = DIRECTION('',(0.,1.));
#6058 = ( GEOMETRIC_REPRESENTATION_CONTEXT(2) 
PARAMETRIC_REPRESENTATION_CONTEXT() REPRESENTATION_CONTEXT('2D SPACE',''
  ) );
#6059 = PCURVE('',#6060,#6073);
#6060 = B_SPLINE_SURFACE_WITH_KNOTS('',5,1,(
    (#6061,#6062)
    ,(#6063,#6064)
    ,(#6065,#6066)
    ,(#6067,#6068)
    ,(#6069,#6070)
    ,(#6071,#6072
    )),.UNSPECIFIED.,.F.,.F.,.F.,(6,6),(2,2),(0.,1.),(0.,1.),
  .PIECEWISE_BEZIER_KNOTS.);
#6061 = CARTESIAN_POINT('',(14.865107409686,-11.99999999999,
    -1.469576158977E-15));
#6062 = CARTESIAN_POINT('',(16.550819126211,-11.99999999999,
    -1.469576158977E-15));
#6063 = CARTESIAN_POINT('',(15.491521200489,-11.99437204352,
    7.439710133806));
#6064 = CARTESIAN_POINT('',(17.177232917014,-11.99437204352,
    7.439710133806));
#6065 = CARTESIAN_POINT('',(16.126538052166,-6.145894572788,
    15.473143664178));
#6066 = CARTESIAN_POINT('',(17.812249768691,-6.145894572788,
    15.473143664178));
#6067 = CARTESIAN_POINT('',(16.745269420797,6.145894572788,
    15.473143664179));
#6068 = CARTESIAN_POINT('',(18.430981137322,6.145894572788,
    15.473143664179));
#6069 = CARTESIAN_POINT('',(17.380286272473,11.994372043523,
    7.439710133805));
#6070 = CARTESIAN_POINT('',(19.065997988998,11.994372043523,
    7.439710133805));
#6071 = CARTESIAN_POINT('',(18.006700063276,11.999999999999,
    2.939152317953E-15));
#6072 = CARTESIAN_POINT('',(19.692411779801,11.999999999999,
    2.939152317953E-15));
#6073 = DEFINITIONAL_REPRESENTATION('',(#6074),#6078);
#6074 = LINE('',#6075,#6076);
#6075 = CARTESIAN_POINT('',(0.,0.));
#6076 = VECTOR('',#6077,1.);
#6077 = DIRECTION('',(0.,1.));
#6078 = ( GEOMETRIC_REPRESENTATION_CONTEXT(2) 
PARAMETRIC_REPRESENTATION_CONTEXT() REPRESENTATION_CONTEXT('2D SPACE',''
  ) );
#6079 = ORIENTED_EDGE('',*,*,#6080,.F.);
#6080 = EDGE_CURVE('',#5736,#6046,#6081,.T.);
#6081 = SURFACE_CURVE('',#6082,(#6089,#6096),.PCURVE_S1.);
#6082 = B_SPLINE_CURVE_WITH_KNOTS('',5,(#6083,#6084,#6085,#6086,#6087,
    #6088),.UNSPECIFIED.,.F.,.F.,(6,6),(0.,1.),
  .PIECEWISE_BEZIER_KNOTS.);
#6083 = CARTESIAN_POINT('',(13.409226472622,11.999999999999,0.));
#6084 = CARTESIAN_POINT('',(14.035640263424,11.994372043523,
    -7.439710133806));
#6085 = CARTESIAN_POINT('',(14.670657115101,6.145894572788,
    -15.47314366417));
#6086 = CARTESIAN_POINT('',(15.289388483732,-6.145894572788,
    -15.47314366417));
#6087 = CARTESIAN_POINT('',(15.924405335409,-11.99437204352,
    -7.439710133805));
#6088 = CARTESIAN_POINT('',(16.550819126211,-11.99999999999,
    -1.469576158977E-15));
#6089 = PCURVE('',#5750,#6090);
#6090 = DEFINITIONAL_REPRESENTATION('',(#6091),#6095);
#6091 = LINE('',#6092,#6093);
#6092 = CARTESIAN_POINT('',(0.,1.));
#6093 = VECTOR('',#6094,1.);
#6094 = DIRECTION('',(1.,0.));
#6095 = ( GEOMETRIC_REPRESENTATION_CONTEXT(2) 
PARAMETRIC_REPRESENTATION_CONTEXT() REPRESENTATION_CONTEXT('2D SPACE',''
  ) );
#6096 = PCURVE('',#6019,#6097);
#6097 = DEFINITIONAL_REPRESENTATION('',(#6098),#6102);
#6098 = LINE('',#6099,#6100);
#6099 = CARTESIAN_POINT('',(0.,0.));
#6100 = VECTOR('',#6101,1.);
#6101 = DIRECTION('',(1.,0.));
#6102 = ( GEOMETRIC_REPRESENTATION_CONTEXT(2) 
PARAMETRIC_REPRESENTATION_CONTEXT() REPRESENTATION_CONTEXT('2D SPACE',''
  ) );
#6103 = ADVANCED_FACE('',(#6104),#5814,.F.);
#6104 = FACE_BOUND('',#6105,.F.);
#6105 = EDGE_LOOP('',(#6106,#6107,#6108,#6143));
#6106 = ORIENTED_EDGE('',*,*,#5799,.F.);
#6107 = ORIENTED_EDGE('',*,*,#5950,.T.);
#6108 = ORIENTED_EDGE('',*,*,#6109,.T.);
#6109 = EDGE_CURVE('',#5916,#6110,#6112,.T.);
#6110 = VERTEX_POINT('',#6111);
#6111 = CARTESIAN_POINT('',(18.006700063276,11.999999999999,
    1.469576160001E-15));
#6112 = SURFACE_CURVE('',#6113,(#6116,#6123),.PCURVE_S1.);
#6113 = B_SPLINE_CURVE_WITH_KNOTS('',1,(#6114,#6115),.UNSPECIFIED.,.F.,
  .F.,(2,2),(0.,1.),.PIECEWISE_BEZIER_KNOTS.);
#6114 = CARTESIAN_POINT('',(16.368834009078,7.499999999999,
    1.836970198721E-15));
#6115 = CARTESIAN_POINT('',(18.006700063276,11.999999999999,
    2.939152317953E-15));
#6116 = PCURVE('',#5814,#6117);
#6117 = DEFINITIONAL_REPRESENTATION('',(#6118),#6122);
#6118 = LINE('',#6119,#6120);
#6119 = CARTESIAN_POINT('',(1.,0.));
#6120 = VECTOR('',#6121,1.);
#6121 = DIRECTION('',(0.,1.));
#6122 = ( GEOMETRIC_REPRESENTATION_CONTEXT(2) 
PARAMETRIC_REPRESENTATION_CONTEXT() REPRESENTATION_CONTEXT('2D SPACE',''
  ) );
#6123 = PCURVE('',#6124,#6137);
#6124 = B_SPLINE_SURFACE_WITH_KNOTS('',5,1,(
    (#6125,#6126)
    ,(#6127,#6128)
    ,(#6129,#6130)
    ,(#6131,#6132)
    ,(#6133,#6134)
    ,(#6135,#6136
    )),.UNSPECIFIED.,.F.,.F.,.F.,(6,6),(2,2),(0.,1.),(0.,1.),
  .PIECEWISE_BEZIER_KNOTS.);
#6125 = CARTESIAN_POINT('',(16.368834009078,7.499999999999,0.));
#6126 = CARTESIAN_POINT('',(18.006700063276,11.999999999999,0.));
#6127 = CARTESIAN_POINT('',(16.995253517041,7.496459798593,
    -4.649829532936));
#6128 = CARTESIAN_POINT('',(18.633119571239,11.994335677749,
    -7.439727252697));
#6129 = CARTESIAN_POINT('',(17.630250245322,3.841248176104,
    -9.670705072962));
#6130 = CARTESIAN_POINT('',(19.26811629952,6.145997081766,
    -15.47312811673));
#6131 = CARTESIAN_POINT('',(18.249010426425,-3.841248176104,
    -9.670705072962));
#6132 = CARTESIAN_POINT('',(19.886876480623,-6.145997081766,
    -15.47312811674));
#6133 = CARTESIAN_POINT('',(18.884007154705,-7.496459798593,
    -4.649829532936));
#6134 = CARTESIAN_POINT('',(20.521873208903,-11.99433567774,
    -7.439727252697));
#6135 = CARTESIAN_POINT('',(19.510426662668,-7.499999999999,
    -9.184850993604E-16));
#6136 = CARTESIAN_POINT('',(21.148292716866,-11.99999999999,
    -1.469576158977E-15));
#6137 = DEFINITIONAL_REPRESENTATION('',(#6138),#6142);
#6138 = LINE('',#6139,#6140);
#6139 = CARTESIAN_POINT('',(0.,0.));
#6140 = VECTOR('',#6141,1.);
#6141 = DIRECTION('',(0.,1.));
#6142 = ( GEOMETRIC_REPRESENTATION_CONTEXT(2) 
PARAMETRIC_REPRESENTATION_CONTEXT() REPRESENTATION_CONTEXT('2D SPACE',''
  ) );
#6143 = ORIENTED_EDGE('',*,*,#6144,.F.);
#6144 = EDGE_CURVE('',#5800,#6110,#6145,.T.);
#6145 = SURFACE_CURVE('',#6146,(#6153,#6160),.PCURVE_S1.);
#6146 = B_SPLINE_CURVE_WITH_KNOTS('',5,(#6147,#6148,#6149,#6150,#6151,
    #6152),.UNSPECIFIED.,.F.,.F.,(6,6),(0.,1.),
  .PIECEWISE_BEZIER_KNOTS.);
#6147 = CARTESIAN_POINT('',(14.865107409686,-11.99999999999,
    -1.469576158977E-15));
#6148 = CARTESIAN_POINT('',(15.491521200489,-11.99437204352,
    7.439710133806));
#6149 = CARTESIAN_POINT('',(16.126538052166,-6.145894572788,
    15.473143664178));
#6150 = CARTESIAN_POINT('',(16.745269420797,6.145894572788,
    15.473143664179));
#6151 = CARTESIAN_POINT('',(17.380286272473,11.994372043523,
    7.439710133805));
#6152 = CARTESIAN_POINT('',(18.006700063276,11.999999999999,
    2.939152317953E-15));
#6153 = PCURVE('',#5814,#6154);
#6154 = DEFINITIONAL_REPRESENTATION('',(#6155),#6159);
#6155 = LINE('',#6156,#6157);
#6156 = CARTESIAN_POINT('',(0.,1.));
#6157 = VECTOR('',#6158,1.);
#6158 = DIRECTION('',(1.,0.));
#6159 = ( GEOMETRIC_REPRESENTATION_CONTEXT(2) 
PARAMETRIC_REPRESENTATION_CONTEXT() REPRESENTATION_CONTEXT('2D SPACE',''
  ) );
#6160 = PCURVE('',#6060,#6161);
#6161 = DEFINITIONAL_REPRESENTATION('',(#6162),#6166);
#6162 = LINE('',#6163,#6164);
#6163 = CARTESIAN_POINT('',(0.,0.));
#6164 = VECTOR('',#6165,1.);
#6165 = DIRECTION('',(1.,0.));
#6166 = ( GEOMETRIC_REPRESENTATION_CONTEXT(2) 
PARAMETRIC_REPRESENTATION_CONTEXT() REPRESENTATION_CONTEXT('2D SPACE',''
  ) );
#6167 = ADVANCED_FACE('',(#6168),#5930,.F.);
#6168 = FACE_BOUND('',#6169,.F.);
#6169 = EDGE_LOOP('',(#6170,#6171,#6224,#6259));
#6170 = ORIENTED_EDGE('',*,*,#5915,.F.);
#6171 = ORIENTED_EDGE('',*,*,#6172,.T.);
#6172 = EDGE_CURVE('',#5863,#6173,#6175,.T.);
#6173 = VERTEX_POINT('',#6174);
#6174 = CARTESIAN_POINT('',(18.188685180409,-7.499999999999,
    -9.184850993604E-16));
#6175 = SURFACE_CURVE('',#6176,(#6183,#6217),.PCURVE_S1.);
#6176 = B_SPLINE_CURVE_WITH_KNOTS('',5,(#6177,#6178,#6179,#6180,#6181,
    #6182),.UNSPECIFIED.,.F.,.F.,(6,6),(0.,1.),
  .PIECEWISE_BEZIER_KNOTS.);
#6177 = CARTESIAN_POINT('',(15.04709252682,7.499999999999,0.));
#6178 = CARTESIAN_POINT('',(15.673512034782,7.496459798593,
    -4.649829532936));
#6179 = CARTESIAN_POINT('',(16.308508763063,3.841248176104,
    -9.670705072962));
#6180 = CARTESIAN_POINT('',(16.927268944166,-3.841248176104,
    -9.670705072962));
#6181 = CARTESIAN_POINT('',(17.562265672447,-7.496459798593,
    -4.649829532936));
#6182 = CARTESIAN_POINT('',(18.188685180409,-7.499999999999,
    -9.184850993604E-16));
#6183 = PCURVE('',#5930,#6184);
#6184 = DEFINITIONAL_REPRESENTATION('',(#6185),#6216);
#6185 = B_SPLINE_CURVE_WITH_KNOTS('',8,(#6186,#6187,#6188,#6189,#6190,
    #6191,#6192,#6193,#6194,#6195,#6196,#6197,#6198,#6199,#6200,#6201,
    #6202,#6203,#6204,#6205,#6206,#6207,#6208,#6209,#6210,#6211,#6212,
    #6213,#6214,#6215),.UNSPECIFIED.,.F.,.F.,(9,7,7,7,9),(0.,0.25,0.5,
    0.75,1.),.UNSPECIFIED.);
#6186 = CARTESIAN_POINT('',(-2.775557561563E-17,0.));
#6187 = CARTESIAN_POINT('',(3.124980793826E-02,0.));
#6188 = CARTESIAN_POINT('',(6.250191949534E-02,0.));
#6189 = CARTESIAN_POINT('',(9.374508332054E-02,0.));
#6190 = CARTESIAN_POINT('',(0.125003357014,0.));
#6191 = CARTESIAN_POINT('',(0.156249174367,0.));
#6192 = CARTESIAN_POINT('',(0.187500034342,0.));
#6193 = CARTESIAN_POINT('',(0.218749999321,0.));
#6194 = CARTESIAN_POINT('',(0.281249938568,0.));
#6195 = CARTESIAN_POINT('',(0.312500615067,0.));
#6196 = CARTESIAN_POINT('',(0.343750819649,0.));
#6197 = CARTESIAN_POINT('',(0.375000430504,0.));
#6198 = CARTESIAN_POINT('',(0.406249891821,0.));
#6199 = CARTESIAN_POINT('',(0.437499722818,0.));
#6200 = CARTESIAN_POINT('',(0.468750026763,0.));
#6201 = CARTESIAN_POINT('',(0.531249973237,0.));
#6202 = CARTESIAN_POINT('',(0.562500277182,0.));
#6203 = CARTESIAN_POINT('',(0.593750108179,0.));
#6204 = CARTESIAN_POINT('',(0.624999569496,0.));
#6205 = CARTESIAN_POINT('',(0.656249180351,0.));
#6206 = CARTESIAN_POINT('',(0.687499384933,0.));
#6207 = CARTESIAN_POINT('',(0.718750061432,0.));
#6208 = CARTESIAN_POINT('',(0.781250000679,0.));
#6209 = CARTESIAN_POINT('',(0.812499965658,0.));
#6210 = CARTESIAN_POINT('',(0.843750825633,0.));
#6211 = CARTESIAN_POINT('',(0.874996642986,0.));
#6212 = CARTESIAN_POINT('',(0.906254916679,0.));
#6213 = CARTESIAN_POINT('',(0.937498080505,0.));
#6214 = CARTESIAN_POINT('',(0.968750192062,0.));
#6215 = CARTESIAN_POINT('',(1.,0.));
#6216 = ( GEOMETRIC_REPRESENTATION_CONTEXT(2) 
PARAMETRIC_REPRESENTATION_CONTEXT() REPRESENTATION_CONTEXT('2D SPACE',''
  ) );
#6217 = PCURVE('',#6019,#6218);
#6218 = DEFINITIONAL_REPRESENTATION('',(#6219),#6223);
#6219 = LINE('',#6220,#6221);
#6220 = CARTESIAN_POINT('',(0.,1.));
#6221 = VECTOR('',#6222,1.);
#6222 = DIRECTION('',(1.,0.));
#6223 = ( GEOMETRIC_REPRESENTATION_CONTEXT(2) 
PARAMETRIC_REPRESENTATION_CONTEXT() REPRESENTATION_CONTEXT('2D SPACE',''
  ) );
#6224 = ORIENTED_EDGE('',*,*,#6225,.T.);
#6225 = EDGE_CURVE('',#6173,#6226,#6228,.T.);
#6226 = VERTEX_POINT('',#6227);
#6227 = CARTESIAN_POINT('',(19.510426662668,-7.499999999999,
    -9.184850993604E-16));
#6228 = SURFACE_CURVE('',#6229,(#6232,#6239),.PCURVE_S1.);
#6229 = B_SPLINE_CURVE_WITH_KNOTS('',1,(#6230,#6231),.UNSPECIFIED.,.F.,
  .F.,(2,2),(0.,1.),.PIECEWISE_BEZIER_KNOTS.);
#6230 = CARTESIAN_POINT('',(18.188685180409,-7.499999999999,
    -9.184850993604E-16));
#6231 = CARTESIAN_POINT('',(19.510426662668,-7.499999999999,
    -9.184850993604E-16));
#6232 = PCURVE('',#5930,#6233);
#6233 = DEFINITIONAL_REPRESENTATION('',(#6234),#6238);
#6234 = LINE('',#6235,#6236);
#6235 = CARTESIAN_POINT('',(1.,0.));
#6236 = VECTOR('',#6237,1.);
#6237 = DIRECTION('',(0.,1.));
#6238 = ( GEOMETRIC_REPRESENTATION_CONTEXT(2) 
PARAMETRIC_REPRESENTATION_CONTEXT() REPRESENTATION_CONTEXT('2D SPACE',''
  ) );
#6239 = PCURVE('',#6240,#6253);
#6240 = B_SPLINE_SURFACE_WITH_KNOTS('',5,1,(
    (#6241,#6242)
    ,(#6243,#6244)
    ,(#6245,#6246)
    ,(#6247,#6248)
    ,(#6249,#6250)
    ,(#6251,#6252
    )),.UNSPECIFIED.,.F.,.F.,.F.,(6,6),(2,2),(0.,1.),(0.,1.),
  .PIECEWISE_BEZIER_KNOTS.);
#6241 = CARTESIAN_POINT('',(18.188685180409,-7.499999999999,
    -9.184850993604E-16));
#6242 = CARTESIAN_POINT('',(19.510426662668,-7.499999999999,
    -9.184850993604E-16));
#6243 = CARTESIAN_POINT('',(18.815119169101,-7.496402230976,
    4.649856634508));
#6244 = CARTESIAN_POINT('',(20.13686065136,-7.496402230976,
    4.649856634508));
#6245 = CARTESIAN_POINT('',(19.450064928258,-3.841410447455,
    9.67068045996));
#6246 = CARTESIAN_POINT('',(20.771806410517,-3.841410447455,
    9.67068045996));
#6247 = CARTESIAN_POINT('',(20.068898086151,3.841410447455,9.67068045996
    ));
#6248 = CARTESIAN_POINT('',(21.390639568409,3.841410447455,9.67068045996
    ));
#6249 = CARTESIAN_POINT('',(20.703843845308,7.496402230976,
    4.649856634508));
#6250 = CARTESIAN_POINT('',(22.025585327567,7.496402230976,
    4.649856634508));
#6251 = CARTESIAN_POINT('',(21.330277833999,7.499999999999,
    1.836970198721E-15));
#6252 = CARTESIAN_POINT('',(22.652019316258,7.499999999999,
    1.836970198721E-15));
#6253 = DEFINITIONAL_REPRESENTATION('',(#6254),#6258);
#6254 = LINE('',#6255,#6256);
#6255 = CARTESIAN_POINT('',(0.,0.));
#6256 = VECTOR('',#6257,1.);
#6257 = DIRECTION('',(0.,1.));
#6258 = ( GEOMETRIC_REPRESENTATION_CONTEXT(2) 
PARAMETRIC_REPRESENTATION_CONTEXT() REPRESENTATION_CONTEXT('2D SPACE',''
  ) );
#6259 = ORIENTED_EDGE('',*,*,#6260,.F.);
#6260 = EDGE_CURVE('',#5916,#6226,#6261,.T.);
#6261 = SURFACE_CURVE('',#6262,(#6269,#6303),.PCURVE_S1.);
#6262 = B_SPLINE_CURVE_WITH_KNOTS('',5,(#6263,#6264,#6265,#6266,#6267,
    #6268),.UNSPECIFIED.,.F.,.F.,(6,6),(0.,1.),
  .PIECEWISE_BEZIER_KNOTS.);
#6263 = CARTESIAN_POINT('',(16.368834009078,7.499999999999,0.));
#6264 = CARTESIAN_POINT('',(16.995253517041,7.496459798593,
    -4.649829532936));
#6265 = CARTESIAN_POINT('',(17.630250245322,3.841248176104,
    -9.670705072962));
#6266 = CARTESIAN_POINT('',(18.249010426425,-3.841248176104,
    -9.670705072962));
#6267 = CARTESIAN_POINT('',(18.884007154705,-7.496459798593,
    -4.649829532936));
#6268 = CARTESIAN_POINT('',(19.510426662668,-7.499999999999,
    -9.184850993604E-16));
#6269 = PCURVE('',#5930,#6270);
#6270 = DEFINITIONAL_REPRESENTATION('',(#6271),#6302);
#6271 = B_SPLINE_CURVE_WITH_KNOTS('',8,(#6272,#6273,#6274,#6275,#6276,
    #6277,#6278,#6279,#6280,#6281,#6282,#6283,#6284,#6285,#6286,#6287,
    #6288,#6289,#6290,#6291,#6292,#6293,#6294,#6295,#6296,#6297,#6298,
    #6299,#6300,#6301),.UNSPECIFIED.,.F.,.F.,(9,7,7,7,9),(0.,0.25,0.5,
    0.75,1.),.UNSPECIFIED.);
#6272 = CARTESIAN_POINT('',(2.775557561563E-17,1.));
#6273 = CARTESIAN_POINT('',(3.124980793826E-02,1.));
#6274 = CARTESIAN_POINT('',(6.250191949534E-02,1.));
#6275 = CARTESIAN_POINT('',(9.374508332054E-02,1.));
#6276 = CARTESIAN_POINT('',(0.125003357014,1.));
#6277 = CARTESIAN_POINT('',(0.156249174367,1.));
#6278 = CARTESIAN_POINT('',(0.187500034342,1.));
#6279 = CARTESIAN_POINT('',(0.218749999321,1.));
#6280 = CARTESIAN_POINT('',(0.281249938568,1.));
#6281 = CARTESIAN_POINT('',(0.312500615067,1.));
#6282 = CARTESIAN_POINT('',(0.343750819649,1.));
#6283 = CARTESIAN_POINT('',(0.375000430504,1.));
#6284 = CARTESIAN_POINT('',(0.406249891821,1.));
#6285 = CARTESIAN_POINT('',(0.437499722818,1.));
#6286 = CARTESIAN_POINT('',(0.468750026763,1.));
#6287 = CARTESIAN_POINT('',(0.531249973237,1.));
#6288 = CARTESIAN_POINT('',(0.562500277182,1.));
#6289 = CARTESIAN_POINT('',(0.593750108179,1.));
#6290 = CARTESIAN_POINT('',(0.624999569496,1.));
#6291 = CARTESIAN_POINT('',(0.656249180351,1.));
#6292 = CARTESIAN_POINT('',(0.687499384933,1.));
#6293 = CARTESIAN_POINT('',(0.718750061432,1.));
#6294 = CARTESIAN_POINT('',(0.781250000679,1.));
#6295 = CARTESIAN_POINT('',(0.812499965658,1.));
#6296 = CARTESIAN_POINT('',(0.843750825633,1.));
#6297 = CARTESIAN_POINT('',(0.874996642986,1.));
#6298 = CARTESIAN_POINT('',(0.906254916679,1.));
#6299 = CARTESIAN_POINT('',(0.937498080505,1.));
#6300 = CARTESIAN_POINT('',(0.968750192062,1.));
#6301 = CARTESIAN_POINT('',(1.,1.));
#6302 = ( GEOMETRIC_REPRESENTATION_CONTEXT(2) 
PARAMETRIC_REPRESENTATION_CONTEXT() REPRESENTATION_CONTEXT('2D SPACE',''
  ) );
#6303 = PCURVE('',#6124,#6304);
#6304 = DEFINITIONAL_REPRESENTATION('',(#6305),#6309);
#6305 = LINE('',#6306,#6307);
#6306 = CARTESIAN_POINT('',(0.,0.));
#6307 = VECTOR('',#6308,1.);
#6308 = DIRECTION('',(1.,0.));
#6309 = ( GEOMETRIC_REPRESENTATION_CONTEXT(2) 
PARAMETRIC_REPRESENTATION_CONTEXT() REPRESENTATION_CONTEXT('2D SPACE',''
  ) );
#6310 = ADVANCED_FACE('',(#6311),#6019,.F.);
#6311 = FACE_BOUND('',#6312,.F.);
#6312 = EDGE_LOOP('',(#6313,#6314,#6315,#6348));
#6313 = ORIENTED_EDGE('',*,*,#6006,.F.);
#6314 = ORIENTED_EDGE('',*,*,#6080,.T.);
#6315 = ORIENTED_EDGE('',*,*,#6316,.T.);
#6316 = EDGE_CURVE('',#6046,#6173,#6317,.T.);
#6317 = SURFACE_CURVE('',#6318,(#6321,#6328),.PCURVE_S1.);
#6318 = B_SPLINE_CURVE_WITH_KNOTS('',1,(#6319,#6320),.UNSPECIFIED.,.F.,
  .F.,(2,2),(0.,1.),.PIECEWISE_BEZIER_KNOTS.);
#6319 = CARTESIAN_POINT('',(16.550819126211,-11.99999999999,
    -1.469576158977E-15));
#6320 = CARTESIAN_POINT('',(18.188685180409,-7.499999999999,
    -9.184850993604E-16));
#6321 = PCURVE('',#6019,#6322);
#6322 = DEFINITIONAL_REPRESENTATION('',(#6323),#6327);
#6323 = LINE('',#6324,#6325);
#6324 = CARTESIAN_POINT('',(1.,0.));
#6325 = VECTOR('',#6326,1.);
#6326 = DIRECTION('',(0.,1.));
#6327 = ( GEOMETRIC_REPRESENTATION_CONTEXT(2) 
PARAMETRIC_REPRESENTATION_CONTEXT() REPRESENTATION_CONTEXT('2D SPACE',''
  ) );
#6328 = PCURVE('',#6329,#6342);
#6329 = B_SPLINE_SURFACE_WITH_KNOTS('',5,1,(
    (#6330,#6331)
    ,(#6332,#6333)
    ,(#6334,#6335)
    ,(#6336,#6337)
    ,(#6338,#6339)
    ,(#6340,#6341
    )),.UNSPECIFIED.,.F.,.F.,.F.,(6,6),(2,2),(0.,1.),(0.,1.),
  .PIECEWISE_BEZIER_KNOTS.);
#6330 = CARTESIAN_POINT('',(16.550819126211,-11.99999999999,
    -1.469576158977E-15));
#6331 = CARTESIAN_POINT('',(18.188685180409,-7.499999999999,
    -9.184850993604E-16));
#6332 = CARTESIAN_POINT('',(17.177238634174,-11.99433567774,
    7.439727252697));
#6333 = CARTESIAN_POINT('',(18.815104688372,-7.496459798593,
    4.649829532936));
#6334 = CARTESIAN_POINT('',(17.812235362455,-6.145997081766,
    15.473128116739));
#6335 = CARTESIAN_POINT('',(19.450101416653,-3.841248176104,
    9.670705072962));
#6336 = CARTESIAN_POINT('',(18.430995543558,6.145997081766,
    15.47312811674));
#6337 = CARTESIAN_POINT('',(20.068861597756,3.841248176104,
    9.670705072962));
#6338 = CARTESIAN_POINT('',(19.065992271838,11.994335677749,
    7.439727252697));
#6339 = CARTESIAN_POINT('',(20.703858326036,7.496459798593,
    4.649829532936));
#6340 = CARTESIAN_POINT('',(19.692411779801,11.999999999999,
    2.939152317953E-15));
#6341 = CARTESIAN_POINT('',(21.330277833999,7.499999999999,
    1.836970198721E-15));
#6342 = DEFINITIONAL_REPRESENTATION('',(#6343),#6347);
#6343 = LINE('',#6344,#6345);
#6344 = CARTESIAN_POINT('',(0.,0.));
#6345 = VECTOR('',#6346,1.);
#6346 = DIRECTION('',(0.,1.));
#6347 = ( GEOMETRIC_REPRESENTATION_CONTEXT(2) 
PARAMETRIC_REPRESENTATION_CONTEXT() REPRESENTATION_CONTEXT('2D SPACE',''
  ) );
#6348 = ORIENTED_EDGE('',*,*,#6172,.F.);
#6349 = ADVANCED_FACE('',(#6350),#6060,.F.);
#6350 = FACE_BOUND('',#6351,.F.);
#6351 = EDGE_LOOP('',(#6352,#6353,#6354,#6389));
#6352 = ORIENTED_EDGE('',*,*,#6045,.F.);
#6353 = ORIENTED_EDGE('',*,*,#6144,.T.);
#6354 = ORIENTED_EDGE('',*,*,#6355,.T.);
#6355 = EDGE_CURVE('',#6110,#6356,#6358,.T.);
#6356 = VERTEX_POINT('',#6357);
#6357 = CARTESIAN_POINT('',(19.692411779801,11.999999999999,
    1.469576160001E-15));
#6358 = SURFACE_CURVE('',#6359,(#6362,#6369),.PCURVE_S1.);
#6359 = B_SPLINE_CURVE_WITH_KNOTS('',1,(#6360,#6361),.UNSPECIFIED.,.F.,
  .F.,(2,2),(0.,1.),.PIECEWISE_BEZIER_KNOTS.);
#6360 = CARTESIAN_POINT('',(18.006700063276,11.999999999999,
    2.939152317953E-15));
#6361 = CARTESIAN_POINT('',(19.692411779801,11.999999999999,
    2.939152317953E-15));
#6362 = PCURVE('',#6060,#6363);
#6363 = DEFINITIONAL_REPRESENTATION('',(#6364),#6368);
#6364 = LINE('',#6365,#6366);
#6365 = CARTESIAN_POINT('',(1.,0.));
#6366 = VECTOR('',#6367,1.);
#6367 = DIRECTION('',(0.,1.));
#6368 = ( GEOMETRIC_REPRESENTATION_CONTEXT(2) 
PARAMETRIC_REPRESENTATION_CONTEXT() REPRESENTATION_CONTEXT('2D SPACE',''
  ) );
#6369 = PCURVE('',#6370,#6383);
#6370 = B_SPLINE_SURFACE_WITH_KNOTS('',5,1,(
    (#6371,#6372)
    ,(#6373,#6374)
    ,(#6375,#6376)
    ,(#6377,#6378)
    ,(#6379,#6380)
    ,(#6381,#6382
    )),.UNSPECIFIED.,.F.,.F.,.F.,(6,6),(2,2),(0.,1.),(0.,1.),
  .PIECEWISE_BEZIER_KNOTS.);
#6371 = CARTESIAN_POINT('',(18.006700063276,11.999999999999,0.));
#6372 = CARTESIAN_POINT('',(19.692411779801,11.999999999999,0.));
#6373 = CARTESIAN_POINT('',(18.633113854079,11.994372043523,
    -7.439710133806));
#6374 = CARTESIAN_POINT('',(20.318825570604,11.994372043523,
    -7.439710133806));
#6375 = CARTESIAN_POINT('',(19.268130705755,6.145894572788,
    -15.47314366417));
#6376 = CARTESIAN_POINT('',(20.95384242228,6.145894572788,
    -15.47314366417));
#6377 = CARTESIAN_POINT('',(19.886862074387,-6.145894572788,
    -15.47314366417));
#6378 = CARTESIAN_POINT('',(21.572573790912,-6.145894572788,
    -15.47314366417));
#6379 = CARTESIAN_POINT('',(20.521878926063,-11.99437204352,
    -7.439710133805));
#6380 = CARTESIAN_POINT('',(22.207590642588,-11.99437204352,
    -7.439710133805));
#6381 = CARTESIAN_POINT('',(21.148292716866,-11.99999999999,
    -1.469576158977E-15));
#6382 = CARTESIAN_POINT('',(22.834004433391,-11.99999999999,
    -1.469576158977E-15));
#6383 = DEFINITIONAL_REPRESENTATION('',(#6384),#6388);
#6384 = LINE('',#6385,#6386);
#6385 = CARTESIAN_POINT('',(0.,0.));
#6386 = VECTOR('',#6387,1.);
#6387 = DIRECTION('',(0.,1.));
#6388 = ( GEOMETRIC_REPRESENTATION_CONTEXT(2) 
PARAMETRIC_REPRESENTATION_CONTEXT() REPRESENTATION_CONTEXT('2D SPACE',''
  ) );
#6389 = ORIENTED_EDGE('',*,*,#6390,.F.);
#6390 = EDGE_CURVE('',#6046,#6356,#6391,.T.);
#6391 = SURFACE_CURVE('',#6392,(#6399,#6406),.PCURVE_S1.);
#6392 = B_SPLINE_CURVE_WITH_KNOTS('',5,(#6393,#6394,#6395,#6396,#6397,
    #6398),.UNSPECIFIED.,.F.,.F.,(6,6),(0.,1.),
  .PIECEWISE_BEZIER_KNOTS.);
#6393 = CARTESIAN_POINT('',(16.550819126211,-11.99999999999,
    -1.469576158977E-15));
#6394 = CARTESIAN_POINT('',(17.177232917014,-11.99437204352,
    7.439710133806));
#6395 = CARTESIAN_POINT('',(17.812249768691,-6.145894572788,
    15.473143664178));
#6396 = CARTESIAN_POINT('',(18.430981137322,6.145894572788,
    15.473143664179));
#6397 = CARTESIAN_POINT('',(19.065997988998,11.994372043523,
    7.439710133805));
#6398 = CARTESIAN_POINT('',(19.692411779801,11.999999999999,
    2.939152317953E-15));
#6399 = PCURVE('',#6060,#6400);
#6400 = DEFINITIONAL_REPRESENTATION('',(#6401),#6405);
#6401 = LINE('',#6402,#6403);
#6402 = CARTESIAN_POINT('',(0.,1.));
#6403 = VECTOR('',#6404,1.);
#6404 = DIRECTION('',(1.,0.));
#6405 = ( GEOMETRIC_REPRESENTATION_CONTEXT(2) 
PARAMETRIC_REPRESENTATION_CONTEXT() REPRESENTATION_CONTEXT('2D SPACE',''
  ) );
#6406 = PCURVE('',#6329,#6407);
#6407 = DEFINITIONAL_REPRESENTATION('',(#6408),#6412);
#6408 = LINE('',#6409,#6410);
#6409 = CARTESIAN_POINT('',(0.,0.));
#6410 = VECTOR('',#6411,1.);
#6411 = DIRECTION('',(1.,0.));
#6412 = ( GEOMETRIC_REPRESENTATION_CONTEXT(2) 
PARAMETRIC_REPRESENTATION_CONTEXT() REPRESENTATION_CONTEXT('2D SPACE',''
  ) );
#6413 = ADVANCED_FACE('',(#6414),#6124,.F.);
#6414 = FACE_BOUND('',#6415,.F.);
#6415 = EDGE_LOOP('',(#6416,#6417,#6418,#6453));
#6416 = ORIENTED_EDGE('',*,*,#6109,.F.);
#6417 = ORIENTED_EDGE('',*,*,#6260,.T.);
#6418 = ORIENTED_EDGE('',*,*,#6419,.T.);
#6419 = EDGE_CURVE('',#6226,#6420,#6422,.T.);
#6420 = VERTEX_POINT('',#6421);
#6421 = CARTESIAN_POINT('',(21.148292716866,-11.99999999999,
    -1.469576158977E-15));
#6422 = SURFACE_CURVE('',#6423,(#6426,#6433),.PCURVE_S1.);
#6423 = B_SPLINE_CURVE_WITH_KNOTS('',1,(#6424,#6425),.UNSPECIFIED.,.F.,
  .F.,(2,2),(0.,1.),.PIECEWISE_BEZIER_KNOTS.);
#6424 = CARTESIAN_POINT('',(19.510426662668,-7.499999999999,
    -9.184850993604E-16));
#6425 = CARTESIAN_POINT('',(21.148292716866,-11.99999999999,
    -1.469576158977E-15));
#6426 = PCURVE('',#6124,#6427);
#6427 = DEFINITIONAL_REPRESENTATION('',(#6428),#6432);
#6428 = LINE('',#6429,#6430);
#6429 = CARTESIAN_POINT('',(1.,0.));
#6430 = VECTOR('',#6431,1.);
#6431 = DIRECTION('',(0.,1.));
#6432 = ( GEOMETRIC_REPRESENTATION_CONTEXT(2) 
PARAMETRIC_REPRESENTATION_CONTEXT() REPRESENTATION_CONTEXT('2D SPACE',''
  ) );
#6433 = PCURVE('',#6434,#6447);
#6434 = B_SPLINE_SURFACE_WITH_KNOTS('',5,1,(
    (#6435,#6436)
    ,(#6437,#6438)
    ,(#6439,#6440)
    ,(#6441,#6442)
    ,(#6443,#6444)
    ,(#6445,#6446
    )),.UNSPECIFIED.,.F.,.F.,.F.,(6,6),(2,2),(0.,1.),(0.,1.),
  .PIECEWISE_BEZIER_KNOTS.);
#6435 = CARTESIAN_POINT('',(19.510426662668,-7.499999999999,
    -9.184850993604E-16));
#6436 = CARTESIAN_POINT('',(21.148292716866,-11.99999999999,
    -1.469576158977E-15));
#6437 = CARTESIAN_POINT('',(20.136846170631,-7.496459798593,
    4.649829532936));
#6438 = CARTESIAN_POINT('',(21.774712224829,-11.99433567774,
    7.439727252697));
#6439 = CARTESIAN_POINT('',(20.771842898912,-3.841248176104,
    9.670705072962));
#6440 = CARTESIAN_POINT('',(22.40970895311,-6.145997081766,
    15.473128116739));
#6441 = CARTESIAN_POINT('',(21.390603080014,3.841248176104,
    9.670705072962));
#6442 = CARTESIAN_POINT('',(23.028469134212,6.145997081766,
    15.47312811674));
#6443 = CARTESIAN_POINT('',(22.025599808295,7.496459798593,
    4.649829532936));
#6444 = CARTESIAN_POINT('',(23.663465862493,11.994335677749,
    7.439727252697));
#6445 = CARTESIAN_POINT('',(22.652019316258,7.499999999999,
    1.836970198721E-15));
#6446 = CARTESIAN_POINT('',(24.289885370456,11.999999999999,
    2.939152317953E-15));
#6447 = DEFINITIONAL_REPRESENTATION('',(#6448),#6452);
#6448 = LINE('',#6449,#6450);
#6449 = CARTESIAN_POINT('',(0.,0.));
#6450 = VECTOR('',#6451,1.);
#6451 = DIRECTION('',(0.,1.));
#6452 = ( GEOMETRIC_REPRESENTATION_CONTEXT(2) 
PARAMETRIC_REPRESENTATION_CONTEXT() REPRESENTATION_CONTEXT('2D SPACE',''
  ) );
#6453 = ORIENTED_EDGE('',*,*,#6454,.F.);
#6454 = EDGE_CURVE('',#6110,#6420,#6455,.T.);
#6455 = SURFACE_CURVE('',#6456,(#6463,#6470),.PCURVE_S1.);
#6456 = B_SPLINE_CURVE_WITH_KNOTS('',5,(#6457,#6458,#6459,#6460,#6461,
    #6462),.UNSPECIFIED.,.F.,.F.,(6,6),(0.,1.),
  .PIECEWISE_BEZIER_KNOTS.);
#6457 = CARTESIAN_POINT('',(18.006700063276,11.999999999999,0.));
#6458 = CARTESIAN_POINT('',(18.633113854079,11.994372043523,
    -7.439710133806));
#6459 = CARTESIAN_POINT('',(19.268130705755,6.145894572788,
    -15.47314366417));
#6460 = CARTESIAN_POINT('',(19.886862074387,-6.145894572788,
    -15.47314366417));
#6461 = CARTESIAN_POINT('',(20.521878926063,-11.99437204352,
    -7.439710133805));
#6462 = CARTESIAN_POINT('',(21.148292716866,-11.99999999999,
    -1.469576158977E-15));
#6463 = PCURVE('',#6124,#6464);
#6464 = DEFINITIONAL_REPRESENTATION('',(#6465),#6469);
#6465 = LINE('',#6466,#6467);
#6466 = CARTESIAN_POINT('',(0.,1.));
#6467 = VECTOR('',#6468,1.);
#6468 = DIRECTION('',(1.,0.));
#6469 = ( GEOMETRIC_REPRESENTATION_CONTEXT(2) 
PARAMETRIC_REPRESENTATION_CONTEXT() REPRESENTATION_CONTEXT('2D SPACE',''
  ) );
#6470 = PCURVE('',#6370,#6471);
#6471 = DEFINITIONAL_REPRESENTATION('',(#6472),#6476);
#6472 = LINE('',#6473,#6474);
#6473 = CARTESIAN_POINT('',(0.,0.));
#6474 = VECTOR('',#6475,1.);
#6475 = DIRECTION('',(1.,0.));
#6476 = ( GEOMETRIC_REPRESENTATION_CONTEXT(2) 
PARAMETRIC_REPRESENTATION_CONTEXT() REPRESENTATION_CONTEXT('2D SPACE',''
  ) );
#6477 = ADVANCED_FACE('',(#6478),#6240,.F.);
#6478 = FACE_BOUND('',#6479,.F.);
#6479 = EDGE_LOOP('',(#6480,#6481,#6534,#6569));
#6480 = ORIENTED_EDGE('',*,*,#6225,.F.);
#6481 = ORIENTED_EDGE('',*,*,#6482,.T.);
#6482 = EDGE_CURVE('',#6173,#6483,#6485,.T.);
#6483 = VERTEX_POINT('',#6484);
#6484 = CARTESIAN_POINT('',(21.330277833999,7.499999999999,
    9.184850993604E-16));
#6485 = SURFACE_CURVE('',#6486,(#6493,#6527),.PCURVE_S1.);
#6486 = B_SPLINE_CURVE_WITH_KNOTS('',5,(#6487,#6488,#6489,#6490,#6491,
    #6492),.UNSPECIFIED.,.F.,.F.,(6,6),(0.,1.),
  .PIECEWISE_BEZIER_KNOTS.);
#6487 = CARTESIAN_POINT('',(18.188685180409,-7.499999999999,
    -9.184850993604E-16));
#6488 = CARTESIAN_POINT('',(18.815104688372,-7.496459798593,
    4.649829532936));
#6489 = CARTESIAN_POINT('',(19.450101416653,-3.841248176104,
    9.670705072962));
#6490 = CARTESIAN_POINT('',(20.068861597756,3.841248176104,
    9.670705072962));
#6491 = CARTESIAN_POINT('',(20.703858326036,7.496459798593,
    4.649829532936));
#6492 = CARTESIAN_POINT('',(21.330277833999,7.499999999999,
    1.836970198721E-15));
#6493 = PCURVE('',#6240,#6494);
#6494 = DEFINITIONAL_REPRESENTATION('',(#6495),#6526);
#6495 = B_SPLINE_CURVE_WITH_KNOTS('',8,(#6496,#6497,#6498,#6499,#6500,
    #6501,#6502,#6503,#6504,#6505,#6506,#6507,#6508,#6509,#6510,#6511,
    #6512,#6513,#6514,#6515,#6516,#6517,#6518,#6519,#6520,#6521,#6522,
    #6523,#6524,#6525),.UNSPECIFIED.,.F.,.F.,(9,7,7,7,9),(0.,0.25,0.5,
    0.75,1.),.UNSPECIFIED.);
#6496 = CARTESIAN_POINT('',(-2.775557561563E-17,0.));
#6497 = CARTESIAN_POINT('',(3.124980793826E-02,0.));
#6498 = CARTESIAN_POINT('',(6.250191949534E-02,0.));
#6499 = CARTESIAN_POINT('',(9.374508332054E-02,0.));
#6500 = CARTESIAN_POINT('',(0.125003357014,0.));
#6501 = CARTESIAN_POINT('',(0.156249174367,0.));
#6502 = CARTESIAN_POINT('',(0.187500034342,0.));
#6503 = CARTESIAN_POINT('',(0.218749999321,0.));
#6504 = CARTESIAN_POINT('',(0.281249938568,0.));
#6505 = CARTESIAN_POINT('',(0.312500615067,0.));
#6506 = CARTESIAN_POINT('',(0.343750819649,0.));
#6507 = CARTESIAN_POINT('',(0.375000430504,0.));
#6508 = CARTESIAN_POINT('',(0.406249891821,0.));
#6509 = CARTESIAN_POINT('',(0.437499722818,0.));
#6510 = CARTESIAN_POINT('',(0.468750026763,0.));
#6511 = CARTESIAN_POINT('',(0.531249973237,0.));
#6512 = CARTESIAN_POINT('',(0.562500277182,0.));
#6513 = CARTESIAN_POINT('',(0.593750108179,0.));
#6514 = CARTESIAN_POINT('',(0.624999569496,0.));
#6515 = CARTESIAN_POINT('',(0.656249180351,0.));
#6516 = CARTESIAN_POINT('',(0.687499384933,0.));
#6517 = CARTESIAN_POINT('',(0.718750061432,0.));
#6518 = CARTESIAN_POINT('',(0.781250000679,0.));
#6519 = CARTESIAN_POINT('',(0.812499965658,0.));
#6520 = CARTESIAN_POINT('',(0.843750825633,0.));
#6521 = CARTESIAN_POINT('',(0.874996642986,0.));
#6522 = CARTESIAN_POINT('',(0.906254916679,0.));
#6523 = CARTESIAN_POINT('',(0.937498080505,0.));
#6524 = CARTESIAN_POINT('',(0.968750192062,0.));
#6525 = CARTESIAN_POINT('',(1.,0.));
#6526 = ( GEOMETRIC_REPRESENTATION_CONTEXT(2) 
PARAMETRIC_REPRESENTATION_CONTEXT() REPRESENTATION_CONTEXT('2D SPACE',''
  ) );
#6527 = PCURVE('',#6329,#6528);
#6528 = DEFINITIONAL_REPRESENTATION('',(#6529),#6533);
#6529 = LINE('',#6530,#6531);
#6530 = CARTESIAN_POINT('',(0.,1.));
#6531 = VECTOR('',#6532,1.);
#6532 = DIRECTION('',(1.,0.));
#6533 = ( GEOMETRIC_REPRESENTATION_CONTEXT(2) 
PARAMETRIC_REPRESENTATION_CONTEXT() REPRESENTATION_CONTEXT('2D SPACE',''
  ) );
#6534 = ORIENTED_EDGE('',*,*,#6535,.T.);
#6535 = EDGE_CURVE('',#6483,#6536,#6538,.T.);
#6536 = VERTEX_POINT('',#6537);
#6537 = CARTESIAN_POINT('',(22.652019316258,7.499999999999,
    9.184850993604E-16));
#6538 = SURFACE_CURVE('',#6539,(#6542,#6549),.PCURVE_S1.);
#6539 = B_SPLINE_CURVE_WITH_KNOTS('',1,(#6540,#6541),.UNSPECIFIED.,.F.,
  .F.,(2,2),(0.,1.),.PIECEWISE_BEZIER_KNOTS.);
#6540 = CARTESIAN_POINT('',(21.330277833999,7.499999999999,
    1.836970198721E-15));
#6541 = CARTESIAN_POINT('',(22.652019316258,7.499999999999,
    1.836970198721E-15));
#6542 = PCURVE('',#6240,#6543);
#6543 = DEFINITIONAL_REPRESENTATION('',(#6544),#6548);
#6544 = LINE('',#6545,#6546);
#6545 = CARTESIAN_POINT('',(1.,0.));
#6546 = VECTOR('',#6547,1.);
#6547 = DIRECTION('',(0.,1.));
#6548 = ( GEOMETRIC_REPRESENTATION_CONTEXT(2) 
PARAMETRIC_REPRESENTATION_CONTEXT() REPRESENTATION_CONTEXT('2D SPACE',''
  ) );
#6549 = PCURVE('',#6550,#6563);
#6550 = B_SPLINE_SURFACE_WITH_KNOTS('',5,1,(
    (#6551,#6552)
    ,(#6553,#6554)
    ,(#6555,#6556)
    ,(#6557,#6558)
    ,(#6559,#6560)
    ,(#6561,#6562
    )),.UNSPECIFIED.,.F.,.F.,.F.,(6,6),(2,2),(0.,1.),(0.,1.),
  .PIECEWISE_BEZIER_KNOTS.);
#6551 = CARTESIAN_POINT('',(21.330277833999,7.499999999999,0.));
#6552 = CARTESIAN_POINT('',(22.652019316258,7.499999999999,0.));
#6553 = CARTESIAN_POINT('',(21.956711822691,7.496402230976,
    -4.649856634508));
#6554 = CARTESIAN_POINT('',(23.278453304949,7.496402230976,
    -4.649856634508));
#6555 = CARTESIAN_POINT('',(22.591657581848,3.841410447455,
    -9.67068045996));
#6556 = CARTESIAN_POINT('',(23.913399064106,3.841410447455,
    -9.67068045996));
#6557 = CARTESIAN_POINT('',(23.210490739741,-3.841410447455,
    -9.67068045996));
#6558 = CARTESIAN_POINT('',(24.532232221999,-3.841410447455,
    -9.67068045996));
#6559 = CARTESIAN_POINT('',(23.845436498898,-7.496402230976,
    -4.649856634508));
#6560 = CARTESIAN_POINT('',(25.167177981156,-7.496402230976,
    -4.649856634508));
#6561 = CARTESIAN_POINT('',(24.471870487589,-7.499999999999,
    -9.184850993604E-16));
#6562 = CARTESIAN_POINT('',(25.793611969848,-7.499999999999,
    -9.184850993604E-16));
#6563 = DEFINITIONAL_REPRESENTATION('',(#6564),#6568);
#6564 = LINE('',#6565,#6566);
#6565 = CARTESIAN_POINT('',(0.,0.));
#6566 = VECTOR('',#6567,1.);
#6567 = DIRECTION('',(0.,1.));
#6568 = ( GEOMETRIC_REPRESENTATION_CONTEXT(2) 
PARAMETRIC_REPRESENTATION_CONTEXT() REPRESENTATION_CONTEXT('2D SPACE',''
  ) );
#6569 = ORIENTED_EDGE('',*,*,#6570,.F.);
#6570 = EDGE_CURVE('',#6226,#6536,#6571,.T.);
#6571 = SURFACE_CURVE('',#6572,(#6579,#6613),.PCURVE_S1.);
#6572 = B_SPLINE_CURVE_WITH_KNOTS('',5,(#6573,#6574,#6575,#6576,#6577,
    #6578),.UNSPECIFIED.,.F.,.F.,(6,6),(0.,1.),
  .PIECEWISE_BEZIER_KNOTS.);
#6573 = CARTESIAN_POINT('',(19.510426662668,-7.499999999999,
    -9.184850993604E-16));
#6574 = CARTESIAN_POINT('',(20.136846170631,-7.496459798593,
    4.649829532936));
#6575 = CARTESIAN_POINT('',(20.771842898912,-3.841248176104,
    9.670705072962));
#6576 = CARTESIAN_POINT('',(21.390603080014,3.841248176104,
    9.670705072962));
#6577 = CARTESIAN_POINT('',(22.025599808295,7.496459798593,
    4.649829532936));
#6578 = CARTESIAN_POINT('',(22.652019316258,7.499999999999,
    1.836970198721E-15));
#6579 = PCURVE('',#6240,#6580);
#6580 = DEFINITIONAL_REPRESENTATION('',(#6581),#6612);
#6581 = B_SPLINE_CURVE_WITH_KNOTS('',8,(#6582,#6583,#6584,#6585,#6586,
    #6587,#6588,#6589,#6590,#6591,#6592,#6593,#6594,#6595,#6596,#6597,
    #6598,#6599,#6600,#6601,#6602,#6603,#6604,#6605,#6606,#6607,#6608,
    #6609,#6610,#6611),.UNSPECIFIED.,.F.,.F.,(9,7,7,7,9),(0.,0.25,0.5,
    0.75,1.),.UNSPECIFIED.);
#6582 = CARTESIAN_POINT('',(-2.775557561563E-17,1.));
#6583 = CARTESIAN_POINT('',(3.124980793826E-02,1.));
#6584 = CARTESIAN_POINT('',(6.250191949534E-02,1.));
#6585 = CARTESIAN_POINT('',(9.374508332054E-02,1.));
#6586 = CARTESIAN_POINT('',(0.125003357014,1.));
#6587 = CARTESIAN_POINT('',(0.156249174367,1.));
#6588 = CARTESIAN_POINT('',(0.187500034342,1.));
#6589 = CARTESIAN_POINT('',(0.218749999321,1.));
#6590 = CARTESIAN_POINT('',(0.281249938568,1.));
#6591 = CARTESIAN_POINT('',(0.312500615067,1.));
#6592 = CARTESIAN_POINT('',(0.343750819649,1.));
#6593 = CARTESIAN_POINT('',(0.375000430504,1.));
#6594 = CARTESIAN_POINT('',(0.406249891821,1.));
#6595 = CARTESIAN_POINT('',(0.437499722818,1.));
#6596 = CARTESIAN_POINT('',(0.468750026763,1.));
#6597 = CARTESIAN_POINT('',(0.531249973237,1.));
#6598 = CARTESIAN_POINT('',(0.562500277182,1.));
#6599 = CARTESIAN_POINT('',(0.593750108179,1.));
#6600 = CARTESIAN_POINT('',(0.624999569496,1.));
#6601 = CARTESIAN_POINT('',(0.656249180351,1.));
#6602 = CARTESIAN_POINT('',(0.687499384933,1.));
#6603 = CARTESIAN_POINT('',(0.718750061432,1.));
#6604 = CARTESIAN_POINT('',(0.781250000679,1.));
#6605 = CARTESIAN_POINT('',(0.812499965658,1.));
#6606 = CARTESIAN_POINT('',(0.843750825633,1.));
#6607 = CARTESIAN_POINT('',(0.874996642986,1.));
#6608 = CARTESIAN_POINT('',(0.906254916679,1.));
#6609 = CARTESIAN_POINT('',(0.937498080505,1.));
#6610 = CARTESIAN_POINT('',(0.968750192062,1.));
#6611 = CARTESIAN_POINT('',(1.,1.));
#6612 = ( GEOMETRIC_REPRESENTATION_CONTEXT(2) 
PARAMETRIC_REPRESENTATION_CONTEXT() REPRESENTATION_CONTEXT('2D SPACE',''
  ) );
#6613 = PCURVE('',#6434,#6614);
#6614 = DEFINITIONAL_REPRESENTATION('',(#6615),#6619);
#6615 = LINE('',#6616,#6617);
#6616 = CARTESIAN_POINT('',(0.,0.));
#6617 = VECTOR('',#6618,1.);
#6618 = DIRECTION('',(1.,0.));
#6619 = ( GEOMETRIC_REPRESENTATION_CONTEXT(2) 
PARAMETRIC_REPRESENTATION_CONTEXT() REPRESENTATION_CONTEXT('2D SPACE',''
  ) );
#6620 = ADVANCED_FACE('',(#6621),#6329,.F.);
#6621 = FACE_BOUND('',#6622,.F.);
#6622 = EDGE_LOOP('',(#6623,#6624,#6625,#6658));
#6623 = ORIENTED_EDGE('',*,*,#6316,.F.);
#6624 = ORIENTED_EDGE('',*,*,#6390,.T.);
#6625 = ORIENTED_EDGE('',*,*,#6626,.T.);
#6626 = EDGE_CURVE('',#6356,#6483,#6627,.T.);
#6627 = SURFACE_CURVE('',#6628,(#6631,#6638),.PCURVE_S1.);
#6628 = B_SPLINE_CURVE_WITH_KNOTS('',1,(#6629,#6630),.UNSPECIFIED.,.F.,
  .F.,(2,2),(0.,1.),.PIECEWISE_BEZIER_KNOTS.);
#6629 = CARTESIAN_POINT('',(19.692411779801,11.999999999999,
    2.939152317953E-15));
#6630 = CARTESIAN_POINT('',(21.330277833999,7.499999999999,
    1.836970198721E-15));
#6631 = PCURVE('',#6329,#6632);
#6632 = DEFINITIONAL_REPRESENTATION('',(#6633),#6637);
#6633 = LINE('',#6634,#6635);
#6634 = CARTESIAN_POINT('',(1.,0.));
#6635 = VECTOR('',#6636,1.);
#6636 = DIRECTION('',(0.,1.));
#6637 = ( GEOMETRIC_REPRESENTATION_CONTEXT(2) 
PARAMETRIC_REPRESENTATION_CONTEXT() REPRESENTATION_CONTEXT('2D SPACE',''
  ) );
#6638 = PCURVE('',#6639,#6652);
#6639 = B_SPLINE_SURFACE_WITH_KNOTS('',5,1,(
    (#6640,#6641)
    ,(#6642,#6643)
    ,(#6644,#6645)
    ,(#6646,#6647)
    ,(#6648,#6649)
    ,(#6650,#6651
    )),.UNSPECIFIED.,.F.,.F.,.F.,(6,6),(2,2),(0.,1.),(0.,1.),
  .PIECEWISE_BEZIER_KNOTS.);
#6640 = CARTESIAN_POINT('',(19.692411779801,11.999999999999,0.));
#6641 = CARTESIAN_POINT('',(21.330277833999,7.499999999999,0.));
#6642 = CARTESIAN_POINT('',(20.318831287764,11.994335677749,
    -7.439727252697));
#6643 = CARTESIAN_POINT('',(21.956697341962,7.496459798593,
    -4.649829532936));
#6644 = CARTESIAN_POINT('',(20.953828016045,6.145997081766,
    -15.47312811673));
#6645 = CARTESIAN_POINT('',(22.591694070243,3.841248176104,
    -9.670705072962));
#6646 = CARTESIAN_POINT('',(21.572588197147,-6.145997081766,
    -15.47312811674));
#6647 = CARTESIAN_POINT('',(23.210454251345,-3.841248176104,
    -9.670705072962));
#6648 = CARTESIAN_POINT('',(22.207584925428,-11.99433567774,
    -7.439727252697));
#6649 = CARTESIAN_POINT('',(23.845450979626,-7.496459798593,
    -4.649829532936));
#6650 = CARTESIAN_POINT('',(22.834004433391,-11.99999999999,
    -1.469576158977E-15));
#6651 = CARTESIAN_POINT('',(24.471870487589,-7.499999999999,
    -9.184850993604E-16));
#6652 = DEFINITIONAL_REPRESENTATION('',(#6653),#6657);
#6653 = LINE('',#6654,#6655);
#6654 = CARTESIAN_POINT('',(0.,0.));
#6655 = VECTOR('',#6656,1.);
#6656 = DIRECTION('',(0.,1.));
#6657 = ( GEOMETRIC_REPRESENTATION_CONTEXT(2) 
PARAMETRIC_REPRESENTATION_CONTEXT() REPRESENTATION_CONTEXT('2D SPACE',''
  ) );
#6658 = ORIENTED_EDGE('',*,*,#6482,.F.);
#6659 = ADVANCED_FACE('',(#6660),#6370,.F.);
#6660 = FACE_BOUND('',#6661,.F.);
#6661 = EDGE_LOOP('',(#6662,#6663,#6664,#6699));
#6662 = ORIENTED_EDGE('',*,*,#6355,.F.);
#6663 = ORIENTED_EDGE('',*,*,#6454,.T.);
#6664 = ORIENTED_EDGE('',*,*,#6665,.T.);
#6665 = EDGE_CURVE('',#6420,#6666,#6668,.T.);
#6666 = VERTEX_POINT('',#6667);
#6667 = CARTESIAN_POINT('',(22.834004433391,-11.99999999999,
    -1.469576158977E-15));
#6668 = SURFACE_CURVE('',#6669,(#6672,#6679),.PCURVE_S1.);
#6669 = B_SPLINE_CURVE_WITH_KNOTS('',1,(#6670,#6671),.UNSPECIFIED.,.F.,
  .F.,(2,2),(0.,1.),.PIECEWISE_BEZIER_KNOTS.);
#6670 = CARTESIAN_POINT('',(21.148292716866,-11.99999999999,
    -1.469576158977E-15));
#6671 = CARTESIAN_POINT('',(22.834004433391,-11.99999999999,
    -1.469576158977E-15));
#6672 = PCURVE('',#6370,#6673);
#6673 = DEFINITIONAL_REPRESENTATION('',(#6674),#6678);
#6674 = LINE('',#6675,#6676);
#6675 = CARTESIAN_POINT('',(1.,0.));
#6676 = VECTOR('',#6677,1.);
#6677 = DIRECTION('',(0.,1.));
#6678 = ( GEOMETRIC_REPRESENTATION_CONTEXT(2) 
PARAMETRIC_REPRESENTATION_CONTEXT() REPRESENTATION_CONTEXT('2D SPACE',''
  ) );
#6679 = PCURVE('',#6680,#6693);
#6680 = B_SPLINE_SURFACE_WITH_KNOTS('',5,1,(
    (#6681,#6682)
    ,(#6683,#6684)
    ,(#6685,#6686)
    ,(#6687,#6688)
    ,(#6689,#6690)
    ,(#6691,#6692
    )),.UNSPECIFIED.,.F.,.F.,.F.,(6,6),(2,2),(0.,1.),(0.,1.),
  .PIECEWISE_BEZIER_KNOTS.);
#6681 = CARTESIAN_POINT('',(21.148292716866,-11.99999999999,
    -1.469576158977E-15));
#6682 = CARTESIAN_POINT('',(22.834004433391,-11.99999999999,
    -1.469576158977E-15));
#6683 = CARTESIAN_POINT('',(21.774706507669,-11.99437204352,
    7.439710133806));
#6684 = CARTESIAN_POINT('',(23.460418224194,-11.99437204352,
    7.439710133806));
#6685 = CARTESIAN_POINT('',(22.409723359345,-6.145894572788,
    15.473143664178));
#6686 = CARTESIAN_POINT('',(24.09543507587,-6.145894572788,
    15.473143664178));
#6687 = CARTESIAN_POINT('',(23.028454727977,6.145894572788,
    15.473143664179));
#6688 = CARTESIAN_POINT('',(24.714166444502,6.145894572788,
    15.473143664179));
#6689 = CARTESIAN_POINT('',(23.663471579653,11.994372043523,
    7.439710133805));
#6690 = CARTESIAN_POINT('',(25.349183296178,11.994372043523,
    7.439710133805));
#6691 = CARTESIAN_POINT('',(24.289885370456,11.999999999999,
    2.939152317953E-15));
#6692 = CARTESIAN_POINT('',(25.975597086981,11.999999999999,
    2.939152317953E-15));
#6693 = DEFINITIONAL_REPRESENTATION('',(#6694),#6698);
#6694 = LINE('',#6695,#6696);
#6695 = CARTESIAN_POINT('',(0.,0.));
#6696 = VECTOR('',#6697,1.);
#6697 = DIRECTION('',(0.,1.));
#6698 = ( GEOMETRIC_REPRESENTATION_CONTEXT(2) 
PARAMETRIC_REPRESENTATION_CONTEXT() REPRESENTATION_CONTEXT('2D SPACE',''
  ) );
#6699 = ORIENTED_EDGE('',*,*,#6700,.F.);
#6700 = EDGE_CURVE('',#6356,#6666,#6701,.T.);
#6701 = SURFACE_CURVE('',#6702,(#6709,#6716),.PCURVE_S1.);
#6702 = B_SPLINE_CURVE_WITH_KNOTS('',5,(#6703,#6704,#6705,#6706,#6707,
    #6708),.UNSPECIFIED.,.F.,.F.,(6,6),(0.,1.),
  .PIECEWISE_BEZIER_KNOTS.);
#6703 = CARTESIAN_POINT('',(19.692411779801,11.999999999999,0.));
#6704 = CARTESIAN_POINT('',(20.318825570604,11.994372043523,
    -7.439710133806));
#6705 = CARTESIAN_POINT('',(20.95384242228,6.145894572788,
    -15.47314366417));
#6706 = CARTESIAN_POINT('',(21.572573790912,-6.145894572788,
    -15.47314366417));
#6707 = CARTESIAN_POINT('',(22.207590642588,-11.99437204352,
    -7.439710133805));
#6708 = CARTESIAN_POINT('',(22.834004433391,-11.99999999999,
    -1.469576158977E-15));
#6709 = PCURVE('',#6370,#6710);
#6710 = DEFINITIONAL_REPRESENTATION('',(#6711),#6715);
#6711 = LINE('',#6712,#6713);
#6712 = CARTESIAN_POINT('',(0.,1.));
#6713 = VECTOR('',#6714,1.);
#6714 = DIRECTION('',(1.,0.));
#6715 = ( GEOMETRIC_REPRESENTATION_CONTEXT(2) 
PARAMETRIC_REPRESENTATION_CONTEXT() REPRESENTATION_CONTEXT('2D SPACE',''
  ) );
#6716 = PCURVE('',#6639,#6717);
#6717 = DEFINITIONAL_REPRESENTATION('',(#6718),#6722);
#6718 = LINE('',#6719,#6720);
#6719 = CARTESIAN_POINT('',(0.,0.));
#6720 = VECTOR('',#6721,1.);
#6721 = DIRECTION('',(1.,0.));
#6722 = ( GEOMETRIC_REPRESENTATION_CONTEXT(2) 
PARAMETRIC_REPRESENTATION_CONTEXT() REPRESENTATION_CONTEXT('2D SPACE',''
  ) );
#6723 = ADVANCED_FACE('',(#6724),#6434,.F.);
#6724 = FACE_BOUND('',#6725,.F.);
#6725 = EDGE_LOOP('',(#6726,#6727,#6728,#6763));
#6726 = ORIENTED_EDGE('',*,*,#6419,.F.);
#6727 = ORIENTED_EDGE('',*,*,#6570,.T.);
#6728 = ORIENTED_EDGE('',*,*,#6729,.T.);
#6729 = EDGE_CURVE('',#6536,#6730,#6732,.T.);
#6730 = VERTEX_POINT('',#6731);
#6731 = CARTESIAN_POINT('',(24.289885370456,11.999999999999,
    1.469576158977E-15));
#6732 = SURFACE_CURVE('',#6733,(#6736,#6743),.PCURVE_S1.);
#6733 = B_SPLINE_CURVE_WITH_KNOTS('',1,(#6734,#6735),.UNSPECIFIED.,.F.,
  .F.,(2,2),(0.,1.),.PIECEWISE_BEZIER_KNOTS.);
#6734 = CARTESIAN_POINT('',(22.652019316258,7.499999999999,
    1.836970198721E-15));
#6735 = CARTESIAN_POINT('',(24.289885370456,11.999999999999,
    2.939152317953E-15));
#6736 = PCURVE('',#6434,#6737);
#6737 = DEFINITIONAL_REPRESENTATION('',(#6738),#6742);
#6738 = LINE('',#6739,#6740);
#6739 = CARTESIAN_POINT('',(1.,0.));
#6740 = VECTOR('',#6741,1.);
#6741 = DIRECTION('',(0.,1.));
#6742 = ( GEOMETRIC_REPRESENTATION_CONTEXT(2) 
PARAMETRIC_REPRESENTATION_CONTEXT() REPRESENTATION_CONTEXT('2D SPACE',''
  ) );
#6743 = PCURVE('',#6744,#6757);
#6744 = B_SPLINE_SURFACE_WITH_KNOTS('',5,1,(
    (#6745,#6746)
    ,(#6747,#6748)
    ,(#6749,#6750)
    ,(#6751,#6752)
    ,(#6753,#6754)
    ,(#6755,#6756
    )),.UNSPECIFIED.,.F.,.F.,.F.,(6,6),(2,2),(0.,1.),(0.,1.),
  .PIECEWISE_BEZIER_KNOTS.);
#6745 = CARTESIAN_POINT('',(22.652019316258,7.499999999999,0.));
#6746 = CARTESIAN_POINT('',(24.289885370456,11.999999999999,0.));
#6747 = CARTESIAN_POINT('',(23.278438824221,7.496459798593,
    -4.649829532936));
#6748 = CARTESIAN_POINT('',(24.916304878419,11.994335677749,
    -7.439727252697));
#6749 = CARTESIAN_POINT('',(23.913435552501,3.841248176104,
    -9.670705072962));
#6750 = CARTESIAN_POINT('',(25.551301606699,6.145997081766,
    -15.47312811673));
#6751 = CARTESIAN_POINT('',(24.532195733604,-3.841248176104,
    -9.670705072962));
#6752 = CARTESIAN_POINT('',(26.170061787802,-6.145997081766,
    -15.47312811674));
#6753 = CARTESIAN_POINT('',(25.167192461885,-7.496459798593,
    -4.649829532936));
#6754 = CARTESIAN_POINT('',(26.805058516083,-11.99433567774,
    -7.439727252697));
#6755 = CARTESIAN_POINT('',(25.793611969848,-7.499999999999,
    -9.184850993604E-16));
#6756 = CARTESIAN_POINT('',(27.431478024046,-11.99999999999,
    -1.469576158977E-15));
#6757 = DEFINITIONAL_REPRESENTATION('',(#6758),#6762);
#6758 = LINE('',#6759,#6760);
#6759 = CARTESIAN_POINT('',(0.,0.));
#6760 = VECTOR('',#6761,1.);
#6761 = DIRECTION('',(0.,1.));
#6762 = ( GEOMETRIC_REPRESENTATION_CONTEXT(2) 
PARAMETRIC_REPRESENTATION_CONTEXT() REPRESENTATION_CONTEXT('2D SPACE',''
  ) );
#6763 = ORIENTED_EDGE('',*,*,#6764,.F.);
#6764 = EDGE_CURVE('',#6420,#6730,#6765,.T.);
#6765 = SURFACE_CURVE('',#6766,(#6773,#6780),.PCURVE_S1.);
#6766 = B_SPLINE_CURVE_WITH_KNOTS('',5,(#6767,#6768,#6769,#6770,#6771,
    #6772),.UNSPECIFIED.,.F.,.F.,(6,6),(0.,1.),
  .PIECEWISE_BEZIER_KNOTS.);
#6767 = CARTESIAN_POINT('',(21.148292716866,-11.99999999999,
    -1.469576158977E-15));
#6768 = CARTESIAN_POINT('',(21.774706507669,-11.99437204352,
    7.439710133806));
#6769 = CARTESIAN_POINT('',(22.409723359345,-6.145894572788,
    15.473143664178));
#6770 = CARTESIAN_POINT('',(23.028454727977,6.145894572788,
    15.473143664179));
#6771 = CARTESIAN_POINT('',(23.663471579653,11.994372043523,
    7.439710133805));
#6772 = CARTESIAN_POINT('',(24.289885370456,11.999999999999,
    2.939152317953E-15));
#6773 = PCURVE('',#6434,#6774);
#6774 = DEFINITIONAL_REPRESENTATION('',(#6775),#6779);
#6775 = LINE('',#6776,#6777);
#6776 = CARTESIAN_POINT('',(0.,1.));
#6777 = VECTOR('',#6778,1.);
#6778 = DIRECTION('',(1.,0.));
#6779 = ( GEOMETRIC_REPRESENTATION_CONTEXT(2) 
PARAMETRIC_REPRESENTATION_CONTEXT() REPRESENTATION_CONTEXT('2D SPACE',''
  ) );
#6780 = PCURVE('',#6680,#6781);
#6781 = DEFINITIONAL_REPRESENTATION('',(#6782),#6786);
#6782 = LINE('',#6783,#6784);
#6783 = CARTESIAN_POINT('',(0.,0.));
#6784 = VECTOR('',#6785,1.);
#6785 = DIRECTION('',(1.,0.));
#6786 = ( GEOMETRIC_REPRESENTATION_CONTEXT(2) 
PARAMETRIC_REPRESENTATION_CONTEXT() REPRESENTATION_CONTEXT('2D SPACE',''
  ) );
#6787 = ADVANCED_FACE('',(#6788),#6550,.F.);
#6788 = FACE_BOUND('',#6789,.F.);
#6789 = EDGE_LOOP('',(#6790,#6791,#6844,#6879));
#6790 = ORIENTED_EDGE('',*,*,#6535,.F.);
#6791 = ORIENTED_EDGE('',*,*,#6792,.T.);
#6792 = EDGE_CURVE('',#6483,#6793,#6795,.T.);
#6793 = VERTEX_POINT('',#6794);
#6794 = CARTESIAN_POINT('',(24.471870487589,-7.499999999999,
    -9.184850993604E-16));
#6795 = SURFACE_CURVE('',#6796,(#6803,#6837),.PCURVE_S1.);
#6796 = B_SPLINE_CURVE_WITH_KNOTS('',5,(#6797,#6798,#6799,#6800,#6801,
    #6802),.UNSPECIFIED.,.F.,.F.,(6,6),(0.,1.),
  .PIECEWISE_BEZIER_KNOTS.);
#6797 = CARTESIAN_POINT('',(21.330277833999,7.499999999999,0.));
#6798 = CARTESIAN_POINT('',(21.956697341962,7.496459798593,
    -4.649829532936));
#6799 = CARTESIAN_POINT('',(22.591694070243,3.841248176104,
    -9.670705072962));
#6800 = CARTESIAN_POINT('',(23.210454251345,-3.841248176104,
    -9.670705072962));
#6801 = CARTESIAN_POINT('',(23.845450979626,-7.496459798593,
    -4.649829532936));
#6802 = CARTESIAN_POINT('',(24.471870487589,-7.499999999999,
    -9.184850993604E-16));
#6803 = PCURVE('',#6550,#6804);
#6804 = DEFINITIONAL_REPRESENTATION('',(#6805),#6836);
#6805 = B_SPLINE_CURVE_WITH_KNOTS('',8,(#6806,#6807,#6808,#6809,#6810,
    #6811,#6812,#6813,#6814,#6815,#6816,#6817,#6818,#6819,#6820,#6821,
    #6822,#6823,#6824,#6825,#6826,#6827,#6828,#6829,#6830,#6831,#6832,
    #6833,#6834,#6835),.UNSPECIFIED.,.F.,.F.,(9,7,7,7,9),(0.,0.25,0.5,
    0.75,1.),.UNSPECIFIED.);
#6806 = CARTESIAN_POINT('',(-2.775557561563E-17,0.));
#6807 = CARTESIAN_POINT('',(3.124980793826E-02,0.));
#6808 = CARTESIAN_POINT('',(6.250191949534E-02,0.));
#6809 = CARTESIAN_POINT('',(9.374508332054E-02,0.));
#6810 = CARTESIAN_POINT('',(0.125003357014,0.));
#6811 = CARTESIAN_POINT('',(0.156249174367,0.));
#6812 = CARTESIAN_POINT('',(0.187500034342,0.));
#6813 = CARTESIAN_POINT('',(0.218749999321,0.));
#6814 = CARTESIAN_POINT('',(0.281249938568,0.));
#6815 = CARTESIAN_POINT('',(0.312500615067,0.));
#6816 = CARTESIAN_POINT('',(0.343750819649,0.));
#6817 = CARTESIAN_POINT('',(0.375000430504,0.));
#6818 = CARTESIAN_POINT('',(0.406249891821,0.));
#6819 = CARTESIAN_POINT('',(0.437499722818,0.));
#6820 = CARTESIAN_POINT('',(0.468750026763,0.));
#6821 = CARTESIAN_POINT('',(0.531249973237,0.));
#6822 = CARTESIAN_POINT('',(0.562500277182,0.));
#6823 = CARTESIAN_POINT('',(0.593750108179,0.));
#6824 = CARTESIAN_POINT('',(0.624999569496,0.));
#6825 = CARTESIAN_POINT('',(0.656249180351,0.));
#6826 = CARTESIAN_POINT('',(0.687499384933,0.));
#6827 = CARTESIAN_POINT('',(0.718750061432,0.));
#6828 = CARTESIAN_POINT('',(0.781250000679,0.));
#6829 = CARTESIAN_POINT('',(0.812499965658,0.));
#6830 = CARTESIAN_POINT('',(0.843750825633,0.));
#6831 = CARTESIAN_POINT('',(0.874996642986,0.));
#6832 = CARTESIAN_POINT('',(0.906254916679,0.));
#6833 = CARTESIAN_POINT('',(0.937498080505,0.));
#6834 = CARTESIAN_POINT('',(0.968750192062,0.));
#6835 = CARTESIAN_POINT('',(1.,0.));
#6836 = ( GEOMETRIC_REPRESENTATION_CONTEXT(2) 
PARAMETRIC_REPRESENTATION_CONTEXT() REPRESENTATION_CONTEXT('2D SPACE',''
  ) );
#6837 = PCURVE('',#6639,#6838);
#6838 = DEFINITIONAL_REPRESENTATION('',(#6839),#6843);
#6839 = LINE('',#6840,#6841);
#6840 = CARTESIAN_POINT('',(0.,1.));
#6841 = VECTOR('',#6842,1.);
#6842 = DIRECTION('',(1.,0.));
#6843 = ( GEOMETRIC_REPRESENTATION_CONTEXT(2) 
PARAMETRIC_REPRESENTATION_CONTEXT() REPRESENTATION_CONTEXT('2D SPACE',''
  ) );
#6844 = ORIENTED_EDGE('',*,*,#6845,.T.);
#6845 = EDGE_CURVE('',#6793,#6846,#6848,.T.);
#6846 = VERTEX_POINT('',#6847);
#6847 = CARTESIAN_POINT('',(25.793611969848,-7.499999999999,
    -9.184850993604E-16));
#6848 = SURFACE_CURVE('',#6849,(#6852,#6859),.PCURVE_S1.);
#6849 = B_SPLINE_CURVE_WITH_KNOTS('',1,(#6850,#6851),.UNSPECIFIED.,.F.,
  .F.,(2,2),(0.,1.),.PIECEWISE_BEZIER_KNOTS.);
#6850 = CARTESIAN_POINT('',(24.471870487589,-7.499999999999,
    -9.184850993604E-16));
#6851 = CARTESIAN_POINT('',(25.793611969848,-7.499999999999,
    -9.184850993604E-16));
#6852 = PCURVE('',#6550,#6853);
#6853 = DEFINITIONAL_REPRESENTATION('',(#6854),#6858);
#6854 = LINE('',#6855,#6856);
#6855 = CARTESIAN_POINT('',(1.,0.));
#6856 = VECTOR('',#6857,1.);
#6857 = DIRECTION('',(0.,1.));
#6858 = ( GEOMETRIC_REPRESENTATION_CONTEXT(2) 
PARAMETRIC_REPRESENTATION_CONTEXT() REPRESENTATION_CONTEXT('2D SPACE',''
  ) );
#6859 = PCURVE('',#6860,#6873);
#6860 = B_SPLINE_SURFACE_WITH_KNOTS('',5,1,(
    (#6861,#6862)
    ,(#6863,#6864)
    ,(#6865,#6866)
    ,(#6867,#6868)
    ,(#6869,#6870)
    ,(#6871,#6872
    )),.UNSPECIFIED.,.F.,.F.,.F.,(6,6),(2,2),(0.,1.),(0.,1.),
  .PIECEWISE_BEZIER_KNOTS.);
#6861 = CARTESIAN_POINT('',(24.471870487589,-7.499999999999,
    -9.184850993604E-16));
#6862 = CARTESIAN_POINT('',(25.793611969848,-7.499999999999,
    -9.184850993604E-16));
#6863 = CARTESIAN_POINT('',(25.09830447628,-7.496402230976,
    4.649856634508));
#6864 = CARTESIAN_POINT('',(26.420045958539,-7.496402230976,
    4.649856634508));
#6865 = CARTESIAN_POINT('',(25.733250235437,-3.841410447455,
    9.67068045996));
#6866 = CARTESIAN_POINT('',(27.054991717696,-3.841410447455,
    9.67068045996));
#6867 = CARTESIAN_POINT('',(26.35208339333,3.841410447455,9.67068045996)
  );
#6868 = CARTESIAN_POINT('',(27.673824875589,3.841410447455,9.67068045996
    ));
#6869 = CARTESIAN_POINT('',(26.987029152487,7.496402230976,
    4.649856634508));
#6870 = CARTESIAN_POINT('',(28.308770634746,7.496402230976,
    4.649856634508));
#6871 = CARTESIAN_POINT('',(27.613463141179,7.499999999999,
    1.836970198721E-15));
#6872 = CARTESIAN_POINT('',(28.935204623438,7.499999999999,
    1.836970198721E-15));
#6873 = DEFINITIONAL_REPRESENTATION('',(#6874),#6878);
#6874 = LINE('',#6875,#6876);
#6875 = CARTESIAN_POINT('',(0.,0.));
#6876 = VECTOR('',#6877,1.);
#6877 = DIRECTION('',(0.,1.));
#6878 = ( GEOMETRIC_REPRESENTATION_CONTEXT(2) 
PARAMETRIC_REPRESENTATION_CONTEXT() REPRESENTATION_CONTEXT('2D SPACE',''
  ) );
#6879 = ORIENTED_EDGE('',*,*,#6880,.F.);
#6880 = EDGE_CURVE('',#6536,#6846,#6881,.T.);
#6881 = SURFACE_CURVE('',#6882,(#6889,#6923),.PCURVE_S1.);
#6882 = B_SPLINE_CURVE_WITH_KNOTS('',5,(#6883,#6884,#6885,#6886,#6887,
    #6888),.UNSPECIFIED.,.F.,.F.,(6,6),(0.,1.),
  .PIECEWISE_BEZIER_KNOTS.);
#6883 = CARTESIAN_POINT('',(22.652019316258,7.499999999999,0.));
#6884 = CARTESIAN_POINT('',(23.278438824221,7.496459798593,
    -4.649829532936));
#6885 = CARTESIAN_POINT('',(23.913435552501,3.841248176104,
    -9.670705072962));
#6886 = CARTESIAN_POINT('',(24.532195733604,-3.841248176104,
    -9.670705072962));
#6887 = CARTESIAN_POINT('',(25.167192461885,-7.496459798593,
    -4.649829532936));
#6888 = CARTESIAN_POINT('',(25.793611969848,-7.499999999999,
    -9.184850993604E-16));
#6889 = PCURVE('',#6550,#6890);
#6890 = DEFINITIONAL_REPRESENTATION('',(#6891),#6922);
#6891 = B_SPLINE_CURVE_WITH_KNOTS('',8,(#6892,#6893,#6894,#6895,#6896,
    #6897,#6898,#6899,#6900,#6901,#6902,#6903,#6904,#6905,#6906,#6907,
    #6908,#6909,#6910,#6911,#6912,#6913,#6914,#6915,#6916,#6917,#6918,
    #6919,#6920,#6921),.UNSPECIFIED.,.F.,.F.,(9,7,7,7,9),(0.,0.25,0.5,
    0.75,1.),.UNSPECIFIED.);
#6892 = CARTESIAN_POINT('',(1.387778780781E-17,1.));
#6893 = CARTESIAN_POINT('',(3.124980793826E-02,1.));
#6894 = CARTESIAN_POINT('',(6.250191949534E-02,1.));
#6895 = CARTESIAN_POINT('',(9.374508332054E-02,1.));
#6896 = CARTESIAN_POINT('',(0.125003357014,1.));
#6897 = CARTESIAN_POINT('',(0.156249174367,1.));
#6898 = CARTESIAN_POINT('',(0.187500034342,1.));
#6899 = CARTESIAN_POINT('',(0.218749999321,1.));
#6900 = CARTESIAN_POINT('',(0.281249938568,1.));
#6901 = CARTESIAN_POINT('',(0.312500615067,1.));
#6902 = CARTESIAN_POINT('',(0.343750819649,1.));
#6903 = CARTESIAN_POINT('',(0.375000430504,1.));
#6904 = CARTESIAN_POINT('',(0.406249891821,1.));
#6905 = CARTESIAN_POINT('',(0.437499722818,1.));
#6906 = CARTESIAN_POINT('',(0.468750026763,1.));
#6907 = CARTESIAN_POINT('',(0.531249973237,1.));
#6908 = CARTESIAN_POINT('',(0.562500277182,1.));
#6909 = CARTESIAN_POINT('',(0.593750108179,1.));
#6910 = CARTESIAN_POINT('',(0.624999569496,1.));
#6911 = CARTESIAN_POINT('',(0.656249180351,1.));
#6912 = CARTESIAN_POINT('',(0.687499384933,1.));
#6913 = CARTESIAN_POINT('',(0.718750061432,1.));
#6914 = CARTESIAN_POINT('',(0.781250000679,1.));
#6915 = CARTESIAN_POINT('',(0.812499965658,1.));
#6916 = CARTESIAN_POINT('',(0.843750825633,1.));
#6917 = CARTESIAN_POINT('',(0.874996642986,1.));
#6918 = CARTESIAN_POINT('',(0.906254916679,1.));
#6919 = CARTESIAN_POINT('',(0.937498080505,1.));
#6920 = CARTESIAN_POINT('',(0.968750192062,1.));
#6921 = CARTESIAN_POINT('',(1.,1.));
#6922 = ( GEOMETRIC_REPRESENTATION_CONTEXT(2) 
PARAMETRIC_REPRESENTATION_CONTEXT() REPRESENTATION_CONTEXT('2D SPACE',''
  ) );
#6923 = PCURVE('',#6744,#6924);
#6924 = DEFINITIONAL_REPRESENTATION('',(#6925),#6929);
#6925 = LINE('',#6926,#6927);
#6926 = CARTESIAN_POINT('',(0.,0.));
#6927 = VECTOR('',#6928,1.);
#6928 = DIRECTION('',(1.,0.));
#6929 = ( GEOMETRIC_REPRESENTATION_CONTEXT(2) 
PARAMETRIC_REPRESENTATION_CONTEXT() REPRESENTATION_CONTEXT('2D SPACE',''
  ) );
#6930 = ADVANCED_FACE('',(#6931),#6639,.F.);
#6931 = FACE_BOUND('',#6932,.F.);
#6932 = EDGE_LOOP('',(#6933,#6934,#6935,#6968));
#6933 = ORIENTED_EDGE('',*,*,#6626,.F.);
#6934 = ORIENTED_EDGE('',*,*,#6700,.T.);
#6935 = ORIENTED_EDGE('',*,*,#6936,.T.);
#6936 = EDGE_CURVE('',#6666,#6793,#6937,.T.);
#6937 = SURFACE_CURVE('',#6938,(#6941,#6948),.PCURVE_S1.);
#6938 = B_SPLINE_CURVE_WITH_KNOTS('',1,(#6939,#6940),.UNSPECIFIED.,.F.,
  .F.,(2,2),(0.,1.),.PIECEWISE_BEZIER_KNOTS.);
#6939 = CARTESIAN_POINT('',(22.834004433391,-11.99999999999,
    -1.469576158977E-15));
#6940 = CARTESIAN_POINT('',(24.471870487589,-7.499999999999,
    -9.184850993604E-16));
#6941 = PCURVE('',#6639,#6942);
#6942 = DEFINITIONAL_REPRESENTATION('',(#6943),#6947);
#6943 = LINE('',#6944,#6945);
#6944 = CARTESIAN_POINT('',(1.,0.));
#6945 = VECTOR('',#6946,1.);
#6946 = DIRECTION('',(0.,1.));
#6947 = ( GEOMETRIC_REPRESENTATION_CONTEXT(2) 
PARAMETRIC_REPRESENTATION_CONTEXT() REPRESENTATION_CONTEXT('2D SPACE',''
  ) );
#6948 = PCURVE('',#6949,#6962);
#6949 = B_SPLINE_SURFACE_WITH_KNOTS('',5,1,(
    (#6950,#6951)
    ,(#6952,#6953)
    ,(#6954,#6955)
    ,(#6956,#6957)
    ,(#6958,#6959)
    ,(#6960,#6961
    )),.UNSPECIFIED.,.F.,.F.,.F.,(6,6),(2,2),(0.,1.),(0.,1.),
  .PIECEWISE_BEZIER_KNOTS.);
#6950 = CARTESIAN_POINT('',(22.834004433391,-11.99999999999,
    -1.469576158977E-15));
#6951 = CARTESIAN_POINT('',(24.471870487589,-7.499999999999,
    -9.184850993604E-16));
#6952 = CARTESIAN_POINT('',(23.460423941354,-11.99433567774,
    7.439727252697));
#6953 = CARTESIAN_POINT('',(25.098289995552,-7.496459798593,
    4.649829532936));
#6954 = CARTESIAN_POINT('',(24.095420669635,-6.145997081766,
    15.473128116739));
#6955 = CARTESIAN_POINT('',(25.733286723833,-3.841248176104,
    9.670705072962));
#6956 = CARTESIAN_POINT('',(24.714180850737,6.145997081766,
    15.47312811674));
#6957 = CARTESIAN_POINT('',(26.352046904935,3.841248176104,
    9.670705072962));
#6958 = CARTESIAN_POINT('',(25.349177579018,11.994335677749,
    7.439727252697));
#6959 = CARTESIAN_POINT('',(26.987043633216,7.496459798593,
    4.649829532936));
#6960 = CARTESIAN_POINT('',(25.975597086981,11.999999999999,
    2.939152317953E-15));
#6961 = CARTESIAN_POINT('',(27.613463141179,7.499999999999,
    1.836970198721E-15));
#6962 = DEFINITIONAL_REPRESENTATION('',(#6963),#6967);
#6963 = LINE('',#6964,#6965);
#6964 = CARTESIAN_POINT('',(0.,0.));
#6965 = VECTOR('',#6966,1.);
#6966 = DIRECTION('',(0.,1.));
#6967 = ( GEOMETRIC_REPRESENTATION_CONTEXT(2) 
PARAMETRIC_REPRESENTATION_CONTEXT() REPRESENTATION_CONTEXT('2D SPACE',''
  ) );
#6968 = ORIENTED_EDGE('',*,*,#6792,.F.);
#6969 = ADVANCED_FACE('',(#6970),#6680,.F.);
#6970 = FACE_BOUND('',#6971,.F.);
#6971 = EDGE_LOOP('',(#6972,#6973,#6974,#7009));
#6972 = ORIENTED_EDGE('',*,*,#6665,.F.);
#6973 = ORIENTED_EDGE('',*,*,#6764,.T.);
#6974 = ORIENTED_EDGE('',*,*,#6975,.T.);
#6975 = EDGE_CURVE('',#6730,#6976,#6978,.T.);
#6976 = VERTEX_POINT('',#6977);
#6977 = CARTESIAN_POINT('',(25.975597086981,11.999999999999,
    1.469576158977E-15));
#6978 = SURFACE_CURVE('',#6979,(#6982,#6989),.PCURVE_S1.);
#6979 = B_SPLINE_CURVE_WITH_KNOTS('',1,(#6980,#6981),.UNSPECIFIED.,.F.,
  .F.,(2,2),(0.,1.),.PIECEWISE_BEZIER_KNOTS.);
#6980 = CARTESIAN_POINT('',(24.289885370456,11.999999999999,
    2.939152317953E-15));
#6981 = CARTESIAN_POINT('',(25.975597086981,11.999999999999,
    2.939152317953E-15));
#6982 = PCURVE('',#6680,#6983);
#6983 = DEFINITIONAL_REPRESENTATION('',(#6984),#6988);
#6984 = LINE('',#6985,#6986);
#6985 = CARTESIAN_POINT('',(1.,0.));
#6986 = VECTOR('',#6987,1.);
#6987 = DIRECTION('',(0.,1.));
#6988 = ( GEOMETRIC_REPRESENTATION_CONTEXT(2) 
PARAMETRIC_REPRESENTATION_CONTEXT() REPRESENTATION_CONTEXT('2D SPACE',''
  ) );
#6989 = PCURVE('',#6990,#7003);
#6990 = B_SPLINE_SURFACE_WITH_KNOTS('',5,1,(
    (#6991,#6992)
    ,(#6993,#6994)
    ,(#6995,#6996)
    ,(#6997,#6998)
    ,(#6999,#7000)
    ,(#7001,#7002
    )),.UNSPECIFIED.,.F.,.F.,.F.,(6,6),(2,2),(0.,1.),(0.,1.),
  .PIECEWISE_BEZIER_KNOTS.);
#6991 = CARTESIAN_POINT('',(24.289885370456,11.999999999999,0.));
#6992 = CARTESIAN_POINT('',(25.975597086981,11.999999999999,0.));
#6993 = CARTESIAN_POINT('',(24.916299161259,11.994372043523,
    -7.439710133806));
#6994 = CARTESIAN_POINT('',(26.602010877784,11.994372043523,
    -7.439710133806));
#6995 = CARTESIAN_POINT('',(25.551316012935,6.145894572788,
    -15.47314366417));
#6996 = CARTESIAN_POINT('',(27.23702772946,6.145894572788,
    -15.47314366417));
#6997 = CARTESIAN_POINT('',(26.170047381566,-6.145894572788,
    -15.47314366417));
#6998 = CARTESIAN_POINT('',(27.855759098091,-6.145894572788,
    -15.47314366417));
#6999 = CARTESIAN_POINT('',(26.805064233243,-11.99437204352,
    -7.439710133805));
#7000 = CARTESIAN_POINT('',(28.490775949768,-11.99437204352,
    -7.439710133805));
#7001 = CARTESIAN_POINT('',(27.431478024046,-11.99999999999,
    -1.469576158977E-15));
#7002 = CARTESIAN_POINT('',(29.117189740571,-11.99999999999,
    -1.469576158977E-15));
#7003 = DEFINITIONAL_REPRESENTATION('',(#7004),#7008);
#7004 = LINE('',#7005,#7006);
#7005 = CARTESIAN_POINT('',(0.,0.));
#7006 = VECTOR('',#7007,1.);
#7007 = DIRECTION('',(0.,1.));
#7008 = ( GEOMETRIC_REPRESENTATION_CONTEXT(2) 
PARAMETRIC_REPRESENTATION_CONTEXT() REPRESENTATION_CONTEXT('2D SPACE',''
  ) );
#7009 = ORIENTED_EDGE('',*,*,#7010,.F.);
#7010 = EDGE_CURVE('',#6666,#6976,#7011,.T.);
#7011 = SURFACE_CURVE('',#7012,(#7019,#7026),.PCURVE_S1.);
#7012 = B_SPLINE_CURVE_WITH_KNOTS('',5,(#7013,#7014,#7015,#7016,#7017,
    #7018),.UNSPECIFIED.,.F.,.F.,(6,6),(0.,1.),
  .PIECEWISE_BEZIER_KNOTS.);
#7013 = CARTESIAN_POINT('',(22.834004433391,-11.99999999999,
    -1.469576158977E-15));
#7014 = CARTESIAN_POINT('',(23.460418224194,-11.99437204352,
    7.439710133806));
#7015 = CARTESIAN_POINT('',(24.09543507587,-6.145894572788,
    15.473143664178));
#7016 = CARTESIAN_POINT('',(24.714166444502,6.145894572788,
    15.473143664179));
#7017 = CARTESIAN_POINT('',(25.349183296178,11.994372043523,
    7.439710133805));
#7018 = CARTESIAN_POINT('',(25.975597086981,11.999999999999,
    2.939152317953E-15));
#7019 = PCURVE('',#6680,#7020);
#7020 = DEFINITIONAL_REPRESENTATION('',(#7021),#7025);
#7021 = LINE('',#7022,#7023);
#7022 = CARTESIAN_POINT('',(0.,1.));
#7023 = VECTOR('',#7024,1.);
#7024 = DIRECTION('',(1.,0.));
#7025 = ( GEOMETRIC_REPRESENTATION_CONTEXT(2) 
PARAMETRIC_REPRESENTATION_CONTEXT() REPRESENTATION_CONTEXT('2D SPACE',''
  ) );
#7026 = PCURVE('',#6949,#7027);
#7027 = DEFINITIONAL_REPRESENTATION('',(#7028),#7032);
#7028 = LINE('',#7029,#7030);
#7029 = CARTESIAN_POINT('',(0.,0.));
#7030 = VECTOR('',#7031,1.);
#7031 = DIRECTION('',(1.,0.));
#7032 = ( GEOMETRIC_REPRESENTATION_CONTEXT(2) 
PARAMETRIC_REPRESENTATION_CONTEXT() REPRESENTATION_CONTEXT('2D SPACE',''
  ) );
#7033 = ADVANCED_FACE('',(#7034),#6744,.F.);
#7034 = FACE_BOUND('',#7035,.F.);
#7035 = EDGE_LOOP('',(#7036,#7037,#7038,#7073));
#7036 = ORIENTED_EDGE('',*,*,#6729,.F.);
#7037 = ORIENTED_EDGE('',*,*,#6880,.T.);
#7038 = ORIENTED_EDGE('',*,*,#7039,.T.);
#7039 = EDGE_CURVE('',#6846,#7040,#7042,.T.);
#7040 = VERTEX_POINT('',#7041);
#7041 = CARTESIAN_POINT('',(27.431478024046,-11.99999999999,
    -1.469576158977E-15));
#7042 = SURFACE_CURVE('',#7043,(#7046,#7053),.PCURVE_S1.);
#7043 = B_SPLINE_CURVE_WITH_KNOTS('',1,(#7044,#7045),.UNSPECIFIED.,.F.,
  .F.,(2,2),(0.,1.),.PIECEWISE_BEZIER_KNOTS.);
#7044 = CARTESIAN_POINT('',(25.793611969848,-7.499999999999,
    -9.184850993604E-16));
#7045 = CARTESIAN_POINT('',(27.431478024046,-11.99999999999,
    -1.469576158977E-15));
#7046 = PCURVE('',#6744,#7047);
#7047 = DEFINITIONAL_REPRESENTATION('',(#7048),#7052);
#7048 = LINE('',#7049,#7050);
#7049 = CARTESIAN_POINT('',(1.,0.));
#7050 = VECTOR('',#7051,1.);
#7051 = DIRECTION('',(0.,1.));
#7052 = ( GEOMETRIC_REPRESENTATION_CONTEXT(2) 
PARAMETRIC_REPRESENTATION_CONTEXT() REPRESENTATION_CONTEXT('2D SPACE',''
  ) );
#7053 = PCURVE('',#7054,#7067);
#7054 = B_SPLINE_SURFACE_WITH_KNOTS('',5,1,(
    (#7055,#7056)
    ,(#7057,#7058)
    ,(#7059,#7060)
    ,(#7061,#7062)
    ,(#7063,#7064)
    ,(#7065,#7066
    )),.UNSPECIFIED.,.F.,.F.,.F.,(6,6),(2,2),(0.,1.),(0.,1.),
  .PIECEWISE_BEZIER_KNOTS.);
#7055 = CARTESIAN_POINT('',(25.793611969848,-7.499999999999,
    -9.184850993604E-16));
#7056 = CARTESIAN_POINT('',(27.431478024046,-11.99999999999,
    -1.469576158977E-15));
#7057 = CARTESIAN_POINT('',(26.420031477811,-7.496459798593,
    4.649829532936));
#7058 = CARTESIAN_POINT('',(28.057897532008,-11.99433567774,
    7.439727252697));
#7059 = CARTESIAN_POINT('',(27.055028206091,-3.841248176104,
    9.670705072962));
#7060 = CARTESIAN_POINT('',(28.692894260289,-6.145997081766,
    15.473128116739));
#7061 = CARTESIAN_POINT('',(27.673788387194,3.841248176104,
    9.670705072962));
#7062 = CARTESIAN_POINT('',(29.311654441392,6.145997081766,
    15.47312811674));
#7063 = CARTESIAN_POINT('',(28.308785115475,7.496459798593,
    4.649829532936));
#7064 = CARTESIAN_POINT('',(29.946651169673,11.994335677749,
    7.439727252697));
#7065 = CARTESIAN_POINT('',(28.935204623438,7.499999999999,
    1.836970198721E-15));
#7066 = CARTESIAN_POINT('',(30.573070677635,11.999999999999,
    2.939152317953E-15));
#7067 = DEFINITIONAL_REPRESENTATION('',(#7068),#7072);
#7068 = LINE('',#7069,#7070);
#7069 = CARTESIAN_POINT('',(0.,0.));
#7070 = VECTOR('',#7071,1.);
#7071 = DIRECTION('',(0.,1.));
#7072 = ( GEOMETRIC_REPRESENTATION_CONTEXT(2) 
PARAMETRIC_REPRESENTATION_CONTEXT() REPRESENTATION_CONTEXT('2D SPACE',''
  ) );
#7073 = ORIENTED_EDGE('',*,*,#7074,.F.);
#7074 = EDGE_CURVE('',#6730,#7040,#7075,.T.);
#7075 = SURFACE_CURVE('',#7076,(#7083,#7090),.PCURVE_S1.);
#7076 = B_SPLINE_CURVE_WITH_KNOTS('',5,(#7077,#7078,#7079,#7080,#7081,
    #7082),.UNSPECIFIED.,.F.,.F.,(6,6),(0.,1.),
  .PIECEWISE_BEZIER_KNOTS.);
#7077 = CARTESIAN_POINT('',(24.289885370456,11.999999999999,0.));
#7078 = CARTESIAN_POINT('',(24.916299161259,11.994372043523,
    -7.439710133806));
#7079 = CARTESIAN_POINT('',(25.551316012935,6.145894572788,
    -15.47314366417));
#7080 = CARTESIAN_POINT('',(26.170047381566,-6.145894572788,
    -15.47314366417));
#7081 = CARTESIAN_POINT('',(26.805064233243,-11.99437204352,
    -7.439710133805));
#7082 = CARTESIAN_POINT('',(27.431478024046,-11.99999999999,
    -1.469576158977E-15));
#7083 = PCURVE('',#6744,#7084);
#7084 = DEFINITIONAL_REPRESENTATION('',(#7085),#7089);
#7085 = LINE('',#7086,#7087);
#7086 = CARTESIAN_POINT('',(0.,1.));
#7087 = VECTOR('',#7088,1.);
#7088 = DIRECTION('',(1.,0.));
#7089 = ( GEOMETRIC_REPRESENTATION_CONTEXT(2) 
PARAMETRIC_REPRESENTATION_CONTEXT() REPRESENTATION_CONTEXT('2D SPACE',''
  ) );
#7090 = PCURVE('',#6990,#7091);
#7091 = DEFINITIONAL_REPRESENTATION('',(#7092),#7096);
#7092 = LINE('',#7093,#7094);
#7093 = CARTESIAN_POINT('',(0.,0.));
#7094 = VECTOR('',#7095,1.);
#7095 = DIRECTION('',(1.,0.));
#7096 = ( GEOMETRIC_REPRESENTATION_CONTEXT(2) 
PARAMETRIC_REPRESENTATION_CONTEXT() REPRESENTATION_CONTEXT('2D SPACE',''
  ) );
#7097 = ADVANCED_FACE('',(#7098),#6860,.F.);
#7098 = FACE_BOUND('',#7099,.F.);
#7099 = EDGE_LOOP('',(#7100,#7101,#7154,#7189));
#7100 = ORIENTED_EDGE('',*,*,#6845,.F.);
#7101 = ORIENTED_EDGE('',*,*,#7102,.T.);
#7102 = EDGE_CURVE('',#6793,#7103,#7105,.T.);
#7103 = VERTEX_POINT('',#7104);
#7104 = CARTESIAN_POINT('',(27.613463141179,7.499999999999,
    9.184850994433E-16));
#7105 = SURFACE_CURVE('',#7106,(#7113,#7147),.PCURVE_S1.);
#7106 = B_SPLINE_CURVE_WITH_KNOTS('',5,(#7107,#7108,#7109,#7110,#7111,
    #7112),.UNSPECIFIED.,.F.,.F.,(6,6),(0.,1.),
  .PIECEWISE_BEZIER_KNOTS.);
#7107 = CARTESIAN_POINT('',(24.471870487589,-7.499999999999,
    -9.184850993604E-16));
#7108 = CARTESIAN_POINT('',(25.098289995552,-7.496459798593,
    4.649829532936));
#7109 = CARTESIAN_POINT('',(25.733286723833,-3.841248176104,
    9.670705072962));
#7110 = CARTESIAN_POINT('',(26.352046904935,3.841248176104,
    9.670705072962));
#7111 = CARTESIAN_POINT('',(26.987043633216,7.496459798593,
    4.649829532936));
#7112 = CARTESIAN_POINT('',(27.613463141179,7.499999999999,
    1.836970198721E-15));
#7113 = PCURVE('',#6860,#7114);
#7114 = DEFINITIONAL_REPRESENTATION('',(#7115),#7146);
#7115 = B_SPLINE_CURVE_WITH_KNOTS('',8,(#7116,#7117,#7118,#7119,#7120,
    #7121,#7122,#7123,#7124,#7125,#7126,#7127,#7128,#7129,#7130,#7131,
    #7132,#7133,#7134,#7135,#7136,#7137,#7138,#7139,#7140,#7141,#7142,
    #7143,#7144,#7145),.UNSPECIFIED.,.F.,.F.,(9,7,7,7,9),(0.,0.25,0.5,
    0.75,1.),.UNSPECIFIED.);
#7116 = CARTESIAN_POINT('',(-2.775557561563E-17,0.));
#7117 = CARTESIAN_POINT('',(3.124980793826E-02,0.));
#7118 = CARTESIAN_POINT('',(6.250191949534E-02,0.));
#7119 = CARTESIAN_POINT('',(9.374508332054E-02,0.));
#7120 = CARTESIAN_POINT('',(0.125003357014,0.));
#7121 = CARTESIAN_POINT('',(0.156249174367,0.));
#7122 = CARTESIAN_POINT('',(0.187500034342,0.));
#7123 = CARTESIAN_POINT('',(0.218749999321,0.));
#7124 = CARTESIAN_POINT('',(0.281249938568,0.));
#7125 = CARTESIAN_POINT('',(0.312500615067,0.));
#7126 = CARTESIAN_POINT('',(0.343750819649,0.));
#7127 = CARTESIAN_POINT('',(0.375000430504,0.));
#7128 = CARTESIAN_POINT('',(0.406249891821,0.));
#7129 = CARTESIAN_POINT('',(0.437499722818,0.));
#7130 = CARTESIAN_POINT('',(0.468750026763,0.));
#7131 = CARTESIAN_POINT('',(0.531249973237,0.));
#7132 = CARTESIAN_POINT('',(0.562500277182,0.));
#7133 = CARTESIAN_POINT('',(0.593750108179,0.));
#7134 = CARTESIAN_POINT('',(0.624999569496,0.));
#7135 = CARTESIAN_POINT('',(0.656249180351,0.));
#7136 = CARTESIAN_POINT('',(0.687499384933,0.));
#7137 = CARTESIAN_POINT('',(0.718750061432,0.));
#7138 = CARTESIAN_POINT('',(0.781250000679,0.));
#7139 = CARTESIAN_POINT('',(0.812499965658,0.));
#7140 = CARTESIAN_POINT('',(0.843750825633,0.));
#7141 = CARTESIAN_POINT('',(0.874996642986,0.));
#7142 = CARTESIAN_POINT('',(0.906254916679,0.));
#7143 = CARTESIAN_POINT('',(0.937498080505,0.));
#7144 = CARTESIAN_POINT('',(0.968750192062,0.));
#7145 = CARTESIAN_POINT('',(1.,0.));
#7146 = ( GEOMETRIC_REPRESENTATION_CONTEXT(2) 
PARAMETRIC_REPRESENTATION_CONTEXT() REPRESENTATION_CONTEXT('2D SPACE',''
  ) );
#7147 = PCURVE('',#6949,#7148);
#7148 = DEFINITIONAL_REPRESENTATION('',(#7149),#7153);
#7149 = LINE('',#7150,#7151);
#7150 = CARTESIAN_POINT('',(0.,1.));
#7151 = VECTOR('',#7152,1.);
#7152 = DIRECTION('',(1.,0.));
#7153 = ( GEOMETRIC_REPRESENTATION_CONTEXT(2) 
PARAMETRIC_REPRESENTATION_CONTEXT() REPRESENTATION_CONTEXT('2D SPACE',''
  ) );
#7154 = ORIENTED_EDGE('',*,*,#7155,.T.);
#7155 = EDGE_CURVE('',#7103,#7156,#7158,.T.);
#7156 = VERTEX_POINT('',#7157);
#7157 = CARTESIAN_POINT('',(28.935204623438,7.499999999999,
    9.184850994433E-16));
#7158 = SURFACE_CURVE('',#7159,(#7162,#7169),.PCURVE_S1.);
#7159 = B_SPLINE_CURVE_WITH_KNOTS('',1,(#7160,#7161),.UNSPECIFIED.,.F.,
  .F.,(2,2),(0.,1.),.PIECEWISE_BEZIER_KNOTS.);
#7160 = CARTESIAN_POINT('',(27.613463141179,7.499999999999,
    1.836970198721E-15));
#7161 = CARTESIAN_POINT('',(28.935204623438,7.499999999999,
    1.836970198721E-15));
#7162 = PCURVE('',#6860,#7163);
#7163 = DEFINITIONAL_REPRESENTATION('',(#7164),#7168);
#7164 = LINE('',#7165,#7166);
#7165 = CARTESIAN_POINT('',(1.,0.));
#7166 = VECTOR('',#7167,1.);
#7167 = DIRECTION('',(0.,1.));
#7168 = ( GEOMETRIC_REPRESENTATION_CONTEXT(2) 
PARAMETRIC_REPRESENTATION_CONTEXT() REPRESENTATION_CONTEXT('2D SPACE',''
  ) );
#7169 = PCURVE('',#7170,#7183);
#7170 = B_SPLINE_SURFACE_WITH_KNOTS('',5,1,(
    (#7171,#7172)
    ,(#7173,#7174)
    ,(#7175,#7176)
    ,(#7177,#7178)
    ,(#7179,#7180)
    ,(#7181,#7182
    )),.UNSPECIFIED.,.F.,.F.,.F.,(6,6),(2,2),(0.,1.),(0.,1.),
  .PIECEWISE_BEZIER_KNOTS.);
#7171 = CARTESIAN_POINT('',(27.613463141179,7.499999999999,0.));
#7172 = CARTESIAN_POINT('',(28.935204623438,7.499999999999,0.));
#7173 = CARTESIAN_POINT('',(28.23989712987,7.496402230976,
    -4.649856634508));
#7174 = CARTESIAN_POINT('',(29.561638612129,7.496402230976,
    -4.649856634508));
#7175 = CARTESIAN_POINT('',(28.874842889027,3.841410447455,
    -9.67068045996));
#7176 = CARTESIAN_POINT('',(30.196584371286,3.841410447455,
    -9.67068045996));
#7177 = CARTESIAN_POINT('',(29.49367604692,-3.841410447455,
    -9.67068045996));
#7178 = CARTESIAN_POINT('',(30.815417529179,-3.841410447455,
    -9.67068045996));
#7179 = CARTESIAN_POINT('',(30.128621806077,-7.496402230976,
    -4.649856634508));
#7180 = CARTESIAN_POINT('',(31.450363288336,-7.496402230976,
    -4.649856634508));
#7181 = CARTESIAN_POINT('',(30.755055794769,-7.499999999999,
    -9.184850993604E-16));
#7182 = CARTESIAN_POINT('',(32.076797277027,-7.499999999999,
    -9.184850993604E-16));
#7183 = DEFINITIONAL_REPRESENTATION('',(#7184),#7188);
#7184 = LINE('',#7185,#7186);
#7185 = CARTESIAN_POINT('',(0.,0.));
#7186 = VECTOR('',#7187,1.);
#7187 = DIRECTION('',(0.,1.));
#7188 = ( GEOMETRIC_REPRESENTATION_CONTEXT(2) 
PARAMETRIC_REPRESENTATION_CONTEXT() REPRESENTATION_CONTEXT('2D SPACE',''
  ) );
#7189 = ORIENTED_EDGE('',*,*,#7190,.F.);
#7190 = EDGE_CURVE('',#6846,#7156,#7191,.T.);
#7191 = SURFACE_CURVE('',#7192,(#7199,#7233),.PCURVE_S1.);
#7192 = B_SPLINE_CURVE_WITH_KNOTS('',5,(#7193,#7194,#7195,#7196,#7197,
    #7198),.UNSPECIFIED.,.F.,.F.,(6,6),(0.,1.),
  .PIECEWISE_BEZIER_KNOTS.);
#7193 = CARTESIAN_POINT('',(25.793611969848,-7.499999999999,
    -9.184850993604E-16));
#7194 = CARTESIAN_POINT('',(26.420031477811,-7.496459798593,
    4.649829532936));
#7195 = CARTESIAN_POINT('',(27.055028206091,-3.841248176104,
    9.670705072962));
#7196 = CARTESIAN_POINT('',(27.673788387194,3.841248176104,
    9.670705072962));
#7197 = CARTESIAN_POINT('',(28.308785115475,7.496459798593,
    4.649829532936));
#7198 = CARTESIAN_POINT('',(28.935204623438,7.499999999999,
    1.836970198721E-15));
#7199 = PCURVE('',#6860,#7200);
#7200 = DEFINITIONAL_REPRESENTATION('',(#7201),#7232);
#7201 = B_SPLINE_CURVE_WITH_KNOTS('',8,(#7202,#7203,#7204,#7205,#7206,
    #7207,#7208,#7209,#7210,#7211,#7212,#7213,#7214,#7215,#7216,#7217,
    #7218,#7219,#7220,#7221,#7222,#7223,#7224,#7225,#7226,#7227,#7228,
    #7229,#7230,#7231),.UNSPECIFIED.,.F.,.F.,(9,7,7,7,9),(0.,0.25,0.5,
    0.75,1.),.UNSPECIFIED.);
#7202 = CARTESIAN_POINT('',(4.163336342344E-17,1.));
#7203 = CARTESIAN_POINT('',(3.124980793826E-02,1.));
#7204 = CARTESIAN_POINT('',(6.250191949534E-02,1.));
#7205 = CARTESIAN_POINT('',(9.374508332054E-02,1.));
#7206 = CARTESIAN_POINT('',(0.125003357014,1.));
#7207 = CARTESIAN_POINT('',(0.156249174367,1.));
#7208 = CARTESIAN_POINT('',(0.187500034342,1.));
#7209 = CARTESIAN_POINT('',(0.218749999321,1.));
#7210 = CARTESIAN_POINT('',(0.281249938568,1.));
#7211 = CARTESIAN_POINT('',(0.312500615067,1.));
#7212 = CARTESIAN_POINT('',(0.343750819649,1.));
#7213 = CARTESIAN_POINT('',(0.375000430504,1.));
#7214 = CARTESIAN_POINT('',(0.406249891821,1.));
#7215 = CARTESIAN_POINT('',(0.437499722818,1.));
#7216 = CARTESIAN_POINT('',(0.468750026763,1.));
#7217 = CARTESIAN_POINT('',(0.531249973237,1.));
#7218 = CARTESIAN_POINT('',(0.562500277182,1.));
#7219 = CARTESIAN_POINT('',(0.593750108179,1.));
#7220 = CARTESIAN_POINT('',(0.624999569496,1.));
#7221 = CARTESIAN_POINT('',(0.656249180351,1.));
#7222 = CARTESIAN_POINT('',(0.687499384933,1.));
#7223 = CARTESIAN_POINT('',(0.718750061432,1.));
#7224 = CARTESIAN_POINT('',(0.781250000679,1.));
#7225 = CARTESIAN_POINT('',(0.812499965658,1.));
#7226 = CARTESIAN_POINT('',(0.843750825633,1.));
#7227 = CARTESIAN_POINT('',(0.874996642986,1.));
#7228 = CARTESIAN_POINT('',(0.906254916679,1.));
#7229 = CARTESIAN_POINT('',(0.937498080505,1.));
#7230 = CARTESIAN_POINT('',(0.968750192062,1.));
#7231 = CARTESIAN_POINT('',(1.,1.));
#7232 = ( GEOMETRIC_REPRESENTATION_CONTEXT(2) 
PARAMETRIC_REPRESENTATION_CONTEXT() REPRESENTATION_CONTEXT('2D SPACE',''
  ) );
#7233 = PCURVE('',#7054,#7234);
#7234 = DEFINITIONAL_REPRESENTATION('',(#7235),#7239);
#7235 = LINE('',#7236,#7237);
#7236 = CARTESIAN_POINT('',(0.,0.));
#7237 = VECTOR('',#7238,1.);
#7238 = DIRECTION('',(1.,0.));
#7239 = ( GEOMETRIC_REPRESENTATION_CONTEXT(2) 
PARAMETRIC_REPRESENTATION_CONTEXT() REPRESENTATION_CONTEXT('2D SPACE',''
  ) );
#7240 = ADVANCED_FACE('',(#7241),#6949,.F.);
#7241 = FACE_BOUND('',#7242,.F.);
#7242 = EDGE_LOOP('',(#7243,#7244,#7245,#7278));
#7243 = ORIENTED_EDGE('',*,*,#6936,.F.);
#7244 = ORIENTED_EDGE('',*,*,#7010,.T.);
#7245 = ORIENTED_EDGE('',*,*,#7246,.T.);
#7246 = EDGE_CURVE('',#6976,#7103,#7247,.T.);
#7247 = SURFACE_CURVE('',#7248,(#7251,#7258),.PCURVE_S1.);
#7248 = B_SPLINE_CURVE_WITH_KNOTS('',1,(#7249,#7250),.UNSPECIFIED.,.F.,
  .F.,(2,2),(0.,1.),.PIECEWISE_BEZIER_KNOTS.);
#7249 = CARTESIAN_POINT('',(25.975597086981,11.999999999999,
    2.939152317953E-15));
#7250 = CARTESIAN_POINT('',(27.613463141179,7.499999999999,
    1.836970198721E-15));
#7251 = PCURVE('',#6949,#7252);
#7252 = DEFINITIONAL_REPRESENTATION('',(#7253),#7257);
#7253 = LINE('',#7254,#7255);
#7254 = CARTESIAN_POINT('',(1.,0.));
#7255 = VECTOR('',#7256,1.);
#7256 = DIRECTION('',(0.,1.));
#7257 = ( GEOMETRIC_REPRESENTATION_CONTEXT(2) 
PARAMETRIC_REPRESENTATION_CONTEXT() REPRESENTATION_CONTEXT('2D SPACE',''
  ) );
#7258 = PCURVE('',#7259,#7272);
#7259 = B_SPLINE_SURFACE_WITH_KNOTS('',5,1,(
    (#7260,#7261)
    ,(#7262,#7263)
    ,(#7264,#7265)
    ,(#7266,#7267)
    ,(#7268,#7269)
    ,(#7270,#7271
    )),.UNSPECIFIED.,.F.,.F.,.F.,(6,6),(2,2),(0.,1.),(0.,1.),
  .PIECEWISE_BEZIER_KNOTS.);
#7260 = CARTESIAN_POINT('',(25.975597086981,11.999999999999,0.));
#7261 = CARTESIAN_POINT('',(27.613463141179,7.499999999999,0.));
#7262 = CARTESIAN_POINT('',(26.602016594944,11.994335677749,
    -7.439727252697));
#7263 = CARTESIAN_POINT('',(28.239882649142,7.496459798593,
    -4.649829532936));
#7264 = CARTESIAN_POINT('',(27.237013323224,6.145997081766,
    -15.47312811673));
#7265 = CARTESIAN_POINT('',(28.874879377422,3.841248176104,
    -9.670705072962));
#7266 = CARTESIAN_POINT('',(27.855773504327,-6.145997081766,
    -15.47312811674));
#7267 = CARTESIAN_POINT('',(29.493639558525,-3.841248176104,
    -9.670705072962));
#7268 = CARTESIAN_POINT('',(28.490770232608,-11.99433567774,
    -7.439727252697));
#7269 = CARTESIAN_POINT('',(30.128636286806,-7.496459798593,
    -4.649829532936));
#7270 = CARTESIAN_POINT('',(29.117189740571,-11.99999999999,
    -1.469576158977E-15));
#7271 = CARTESIAN_POINT('',(30.755055794769,-7.499999999999,
    -9.184850993604E-16));
#7272 = DEFINITIONAL_REPRESENTATION('',(#7273),#7277);
#7273 = LINE('',#7274,#7275);
#7274 = CARTESIAN_POINT('',(0.,0.));
#7275 = VECTOR('',#7276,1.);
#7276 = DIRECTION('',(0.,1.));
#7277 = ( GEOMETRIC_REPRESENTATION_CONTEXT(2) 
PARAMETRIC_REPRESENTATION_CONTEXT() REPRESENTATION_CONTEXT('2D SPACE',''
  ) );
#7278 = ORIENTED_EDGE('',*,*,#7102,.F.);
#7279 = ADVANCED_FACE('',(#7280),#6990,.F.);
#7280 = FACE_BOUND('',#7281,.F.);
#7281 = EDGE_LOOP('',(#7282,#7283,#7284,#7319));
#7282 = ORIENTED_EDGE('',*,*,#6975,.F.);
#7283 = ORIENTED_EDGE('',*,*,#7074,.T.);
#7284 = ORIENTED_EDGE('',*,*,#7285,.T.);
#7285 = EDGE_CURVE('',#7040,#7286,#7288,.T.);
#7286 = VERTEX_POINT('',#7287);
#7287 = CARTESIAN_POINT('',(29.117189740571,-11.99999999999,
    -1.469576158977E-15));
#7288 = SURFACE_CURVE('',#7289,(#7292,#7299),.PCURVE_S1.);
#7289 = B_SPLINE_CURVE_WITH_KNOTS('',1,(#7290,#7291),.UNSPECIFIED.,.F.,
  .F.,(2,2),(0.,1.),.PIECEWISE_BEZIER_KNOTS.);
#7290 = CARTESIAN_POINT('',(27.431478024046,-11.99999999999,
    -1.469576158977E-15));
#7291 = CARTESIAN_POINT('',(29.117189740571,-11.99999999999,
    -1.469576158977E-15));
#7292 = PCURVE('',#6990,#7293);
#7293 = DEFINITIONAL_REPRESENTATION('',(#7294),#7298);
#7294 = LINE('',#7295,#7296);
#7295 = CARTESIAN_POINT('',(1.,0.));
#7296 = VECTOR('',#7297,1.);
#7297 = DIRECTION('',(0.,1.));
#7298 = ( GEOMETRIC_REPRESENTATION_CONTEXT(2) 
PARAMETRIC_REPRESENTATION_CONTEXT() REPRESENTATION_CONTEXT('2D SPACE',''
  ) );
#7299 = PCURVE('',#7300,#7313);
#7300 = B_SPLINE_SURFACE_WITH_KNOTS('',5,1,(
    (#7301,#7302)
    ,(#7303,#7304)
    ,(#7305,#7306)
    ,(#7307,#7308)
    ,(#7309,#7310)
    ,(#7311,#7312
    )),.UNSPECIFIED.,.F.,.F.,.F.,(6,6),(2,2),(0.,1.),(0.,1.),
  .PIECEWISE_BEZIER_KNOTS.);
#7301 = CARTESIAN_POINT('',(27.431478024046,-11.99999999999,
    -1.469576158977E-15));
#7302 = CARTESIAN_POINT('',(29.117189740571,-11.99999999999,
    -1.469576158977E-15));
#7303 = CARTESIAN_POINT('',(28.057891814848,-11.99437204352,
    7.439710133806));
#7304 = CARTESIAN_POINT('',(29.743603531373,-11.99437204352,
    7.439710133806));
#7305 = CARTESIAN_POINT('',(28.692908666525,-6.145894572788,
    15.473143664178));
#7306 = CARTESIAN_POINT('',(30.37862038305,-6.145894572788,
    15.473143664178));
#7307 = CARTESIAN_POINT('',(29.311640035156,6.145894572788,
    15.473143664179));
#7308 = CARTESIAN_POINT('',(30.997351751681,6.145894572788,
    15.473143664179));
#7309 = CARTESIAN_POINT('',(29.946656886833,11.994372043523,
    7.439710133805));
#7310 = CARTESIAN_POINT('',(31.632368603358,11.994372043523,
    7.439710133805));
#7311 = CARTESIAN_POINT('',(30.573070677635,11.999999999999,
    2.939152317953E-15));
#7312 = CARTESIAN_POINT('',(32.25878239416,11.999999999999,
    2.939152317953E-15));
#7313 = DEFINITIONAL_REPRESENTATION('',(#7314),#7318);
#7314 = LINE('',#7315,#7316);
#7315 = CARTESIAN_POINT('',(0.,0.));
#7316 = VECTOR('',#7317,1.);
#7317 = DIRECTION('',(0.,1.));
#7318 = ( GEOMETRIC_REPRESENTATION_CONTEXT(2) 
PARAMETRIC_REPRESENTATION_CONTEXT() REPRESENTATION_CONTEXT('2D SPACE',''
  ) );
#7319 = ORIENTED_EDGE('',*,*,#7320,.F.);
#7320 = EDGE_CURVE('',#6976,#7286,#7321,.T.);
#7321 = SURFACE_CURVE('',#7322,(#7329,#7336),.PCURVE_S1.);
#7322 = B_SPLINE_CURVE_WITH_KNOTS('',5,(#7323,#7324,#7325,#7326,#7327,
    #7328),.UNSPECIFIED.,.F.,.F.,(6,6),(0.,1.),
  .PIECEWISE_BEZIER_KNOTS.);
#7323 = CARTESIAN_POINT('',(25.975597086981,11.999999999999,0.));
#7324 = CARTESIAN_POINT('',(26.602010877784,11.994372043523,
    -7.439710133806));
#7325 = CARTESIAN_POINT('',(27.23702772946,6.145894572788,
    -15.47314366417));
#7326 = CARTESIAN_POINT('',(27.855759098091,-6.145894572788,
    -15.47314366417));
#7327 = CARTESIAN_POINT('',(28.490775949768,-11.99437204352,
    -7.439710133805));
#7328 = CARTESIAN_POINT('',(29.117189740571,-11.99999999999,
    -1.469576158977E-15));
#7329 = PCURVE('',#6990,#7330);
#7330 = DEFINITIONAL_REPRESENTATION('',(#7331),#7335);
#7331 = LINE('',#7332,#7333);
#7332 = CARTESIAN_POINT('',(0.,1.));
#7333 = VECTOR('',#7334,1.);
#7334 = DIRECTION('',(1.,0.));
#7335 = ( GEOMETRIC_REPRESENTATION_CONTEXT(2) 
PARAMETRIC_REPRESENTATION_CONTEXT() REPRESENTATION_CONTEXT('2D SPACE',''
  ) );
#7336 = PCURVE('',#7259,#7337);
#7337 = DEFINITIONAL_REPRESENTATION('',(#7338),#7342);
#7338 = LINE('',#7339,#7340);
#7339 = CARTESIAN_POINT('',(0.,0.));
#7340 = VECTOR('',#7341,1.);
#7341 = DIRECTION('',(1.,0.));
#7342 = ( GEOMETRIC_REPRESENTATION_CONTEXT(2) 
PARAMETRIC_REPRESENTATION_CONTEXT() REPRESENTATION_CONTEXT('2D SPACE',''
  ) );
#7343 = ADVANCED_FACE('',(#7344),#7054,.F.);
#7344 = FACE_BOUND('',#7345,.F.);
#7345 = EDGE_LOOP('',(#7346,#7347,#7348,#7383));
#7346 = ORIENTED_EDGE('',*,*,#7039,.F.);
#7347 = ORIENTED_EDGE('',*,*,#7190,.T.);
#7348 = ORIENTED_EDGE('',*,*,#7349,.T.);
#7349 = EDGE_CURVE('',#7156,#7350,#7352,.T.);
#7350 = VERTEX_POINT('',#7351);
#7351 = CARTESIAN_POINT('',(30.573070677635,11.999999999999,
    1.469576158977E-15));
#7352 = SURFACE_CURVE('',#7353,(#7356,#7363),.PCURVE_S1.);
#7353 = B_SPLINE_CURVE_WITH_KNOTS('',1,(#7354,#7355),.UNSPECIFIED.,.F.,
  .F.,(2,2),(0.,1.),.PIECEWISE_BEZIER_KNOTS.);
#7354 = CARTESIAN_POINT('',(28.935204623438,7.499999999999,
    1.836970198721E-15));
#7355 = CARTESIAN_POINT('',(30.573070677635,11.999999999999,
    2.939152317953E-15));
#7356 = PCURVE('',#7054,#7357);
#7357 = DEFINITIONAL_REPRESENTATION('',(#7358),#7362);
#7358 = LINE('',#7359,#7360);
#7359 = CARTESIAN_POINT('',(1.,0.));
#7360 = VECTOR('',#7361,1.);
#7361 = DIRECTION('',(0.,1.));
#7362 = ( GEOMETRIC_REPRESENTATION_CONTEXT(2) 
PARAMETRIC_REPRESENTATION_CONTEXT() REPRESENTATION_CONTEXT('2D SPACE',''
  ) );
#7363 = PCURVE('',#7364,#7377);
#7364 = B_SPLINE_SURFACE_WITH_KNOTS('',5,1,(
    (#7365,#7366)
    ,(#7367,#7368)
    ,(#7369,#7370)
    ,(#7371,#7372)
    ,(#7373,#7374)
    ,(#7375,#7376
    )),.UNSPECIFIED.,.F.,.F.,.F.,(6,6),(2,2),(0.,1.),(0.,1.),
  .PIECEWISE_BEZIER_KNOTS.);
#7365 = CARTESIAN_POINT('',(28.935204623438,7.499999999999,0.));
#7366 = CARTESIAN_POINT('',(30.573070677635,11.999999999999,0.));
#7367 = CARTESIAN_POINT('',(29.5616241314,7.496459798593,-4.649829532936
    ));
#7368 = CARTESIAN_POINT('',(31.199490185598,11.994335677749,
    -7.439727252697));
#7369 = CARTESIAN_POINT('',(30.196620859681,3.841248176104,
    -9.670705072962));
#7370 = CARTESIAN_POINT('',(31.834486913879,6.145997081766,
    -15.47312811673));
#7371 = CARTESIAN_POINT('',(30.815381040784,-3.841248176104,
    -9.670705072962));
#7372 = CARTESIAN_POINT('',(32.453247094982,-6.145997081766,
    -15.47312811674));
#7373 = CARTESIAN_POINT('',(31.450377769064,-7.496459798593,
    -4.649829532936));
#7374 = CARTESIAN_POINT('',(33.088243823262,-11.99433567774,
    -7.439727252697));
#7375 = CARTESIAN_POINT('',(32.076797277027,-7.499999999999,
    -9.184850993604E-16));
#7376 = CARTESIAN_POINT('',(33.714663331225,-11.99999999999,
    -1.469576158977E-15));
#7377 = DEFINITIONAL_REPRESENTATION('',(#7378),#7382);
#7378 = LINE('',#7379,#7380);
#7379 = CARTESIAN_POINT('',(0.,0.));
#7380 = VECTOR('',#7381,1.);
#7381 = DIRECTION('',(0.,1.));
#7382 = ( GEOMETRIC_REPRESENTATION_CONTEXT(2) 
PARAMETRIC_REPRESENTATION_CONTEXT() REPRESENTATION_CONTEXT('2D SPACE',''
  ) );
#7383 = ORIENTED_EDGE('',*,*,#7384,.F.);
#7384 = EDGE_CURVE('',#7040,#7350,#7385,.T.);
#7385 = SURFACE_CURVE('',#7386,(#7393,#7400),.PCURVE_S1.);
#7386 = B_SPLINE_CURVE_WITH_KNOTS('',5,(#7387,#7388,#7389,#7390,#7391,
    #7392),.UNSPECIFIED.,.F.,.F.,(6,6),(0.,1.),
  .PIECEWISE_BEZIER_KNOTS.);
#7387 = CARTESIAN_POINT('',(27.431478024046,-11.99999999999,
    -1.469576158977E-15));
#7388 = CARTESIAN_POINT('',(28.057891814848,-11.99437204352,
    7.439710133806));
#7389 = CARTESIAN_POINT('',(28.692908666525,-6.145894572788,
    15.473143664178));
#7390 = CARTESIAN_POINT('',(29.311640035156,6.145894572788,
    15.473143664179));
#7391 = CARTESIAN_POINT('',(29.946656886833,11.994372043523,
    7.439710133805));
#7392 = CARTESIAN_POINT('',(30.573070677635,11.999999999999,
    2.939152317953E-15));
#7393 = PCURVE('',#7054,#7394);
#7394 = DEFINITIONAL_REPRESENTATION('',(#7395),#7399);
#7395 = LINE('',#7396,#7397);
#7396 = CARTESIAN_POINT('',(0.,1.));
#7397 = VECTOR('',#7398,1.);
#7398 = DIRECTION('',(1.,0.));
#7399 = ( GEOMETRIC_REPRESENTATION_CONTEXT(2) 
PARAMETRIC_REPRESENTATION_CONTEXT() REPRESENTATION_CONTEXT('2D SPACE',''
  ) );
#7400 = PCURVE('',#7300,#7401);
#7401 = DEFINITIONAL_REPRESENTATION('',(#7402),#7406);
#7402 = LINE('',#7403,#7404);
#7403 = CARTESIAN_POINT('',(0.,0.));
#7404 = VECTOR('',#7405,1.);
#7405 = DIRECTION('',(1.,0.));
#7406 = ( GEOMETRIC_REPRESENTATION_CONTEXT(2) 
PARAMETRIC_REPRESENTATION_CONTEXT() REPRESENTATION_CONTEXT('2D SPACE',''
  ) );
#7407 = ADVANCED_FACE('',(#7408),#7170,.F.);
#7408 = FACE_BOUND('',#7409,.F.);
#7409 = EDGE_LOOP('',(#7410,#7411,#7464,#7499));
#7410 = ORIENTED_EDGE('',*,*,#7155,.F.);
#7411 = ORIENTED_EDGE('',*,*,#7412,.T.);
#7412 = EDGE_CURVE('',#7103,#7413,#7415,.T.);
#7413 = VERTEX_POINT('',#7414);
#7414 = CARTESIAN_POINT('',(30.755055794769,-7.499999999999,
    -9.184850993604E-16));
#7415 = SURFACE_CURVE('',#7416,(#7423,#7457),.PCURVE_S1.);
#7416 = B_SPLINE_CURVE_WITH_KNOTS('',5,(#7417,#7418,#7419,#7420,#7421,
    #7422),.UNSPECIFIED.,.F.,.F.,(6,6),(0.,1.),
  .PIECEWISE_BEZIER_KNOTS.);
#7417 = CARTESIAN_POINT('',(27.613463141179,7.499999999999,0.));
#7418 = CARTESIAN_POINT('',(28.239882649142,7.496459798593,
    -4.649829532936));
#7419 = CARTESIAN_POINT('',(28.874879377422,3.841248176104,
    -9.670705072962));
#7420 = CARTESIAN_POINT('',(29.493639558525,-3.841248176104,
    -9.670705072962));
#7421 = CARTESIAN_POINT('',(30.128636286806,-7.496459798593,
    -4.649829532936));
#7422 = CARTESIAN_POINT('',(30.755055794769,-7.499999999999,
    -9.184850993604E-16));
#7423 = PCURVE('',#7170,#7424);
#7424 = DEFINITIONAL_REPRESENTATION('',(#7425),#7456);
#7425 = B_SPLINE_CURVE_WITH_KNOTS('',8,(#7426,#7427,#7428,#7429,#7430,
    #7431,#7432,#7433,#7434,#7435,#7436,#7437,#7438,#7439,#7440,#7441,
    #7442,#7443,#7444,#7445,#7446,#7447,#7448,#7449,#7450,#7451,#7452,
    #7453,#7454,#7455),.UNSPECIFIED.,.F.,.F.,(9,7,7,7,9),(0.,0.25,0.5,
    0.75,1.),.UNSPECIFIED.);
#7426 = CARTESIAN_POINT('',(-2.775557561563E-17,0.));
#7427 = CARTESIAN_POINT('',(3.124980793826E-02,0.));
#7428 = CARTESIAN_POINT('',(6.250191949534E-02,0.));
#7429 = CARTESIAN_POINT('',(9.374508332054E-02,0.));
#7430 = CARTESIAN_POINT('',(0.125003357014,0.));
#7431 = CARTESIAN_POINT('',(0.156249174367,0.));
#7432 = CARTESIAN_POINT('',(0.187500034342,0.));
#7433 = CARTESIAN_POINT('',(0.218749999321,0.));
#7434 = CARTESIAN_POINT('',(0.281249938568,0.));
#7435 = CARTESIAN_POINT('',(0.312500615067,0.));
#7436 = CARTESIAN_POINT('',(0.343750819649,0.));
#7437 = CARTESIAN_POINT('',(0.375000430504,0.));
#7438 = CARTESIAN_POINT('',(0.406249891821,0.));
#7439 = CARTESIAN_POINT('',(0.437499722818,0.));
#7440 = CARTESIAN_POINT('',(0.468750026763,0.));
#7441 = CARTESIAN_POINT('',(0.531249973237,0.));
#7442 = CARTESIAN_POINT('',(0.562500277182,0.));
#7443 = CARTESIAN_POINT('',(0.593750108179,0.));
#7444 = CARTESIAN_POINT('',(0.624999569496,0.));
#7445 = CARTESIAN_POINT('',(0.656249180351,0.));
#7446 = CARTESIAN_POINT('',(0.687499384933,0.));
#7447 = CARTESIAN_POINT('',(0.718750061432,0.));
#7448 = CARTESIAN_POINT('',(0.781250000679,0.));
#7449 = CARTESIAN_POINT('',(0.812499965658,0.));
#7450 = CARTESIAN_POINT('',(0.843750825633,0.));
#7451 = CARTESIAN_POINT('',(0.874996642986,0.));
#7452 = CARTESIAN_POINT('',(0.906254916679,0.));
#7453 = CARTESIAN_POINT('',(0.937498080505,0.));
#7454 = CARTESIAN_POINT('',(0.968750192062,0.));
#7455 = CARTESIAN_POINT('',(1.,0.));
#7456 = ( GEOMETRIC_REPRESENTATION_CONTEXT(2) 
PARAMETRIC_REPRESENTATION_CONTEXT() REPRESENTATION_CONTEXT('2D SPACE',''
  ) );
#7457 = PCURVE('',#7259,#7458);
#7458 = DEFINITIONAL_REPRESENTATION('',(#7459),#7463);
#7459 = LINE('',#7460,#7461);
#7460 = CARTESIAN_POINT('',(0.,1.));
#7461 = VECTOR('',#7462,1.);
#7462 = DIRECTION('',(1.,0.));
#7463 = ( GEOMETRIC_REPRESENTATION_CONTEXT(2) 
PARAMETRIC_REPRESENTATION_CONTEXT() REPRESENTATION_CONTEXT('2D SPACE',''
  ) );
#7464 = ORIENTED_EDGE('',*,*,#7465,.T.);
#7465 = EDGE_CURVE('',#7413,#7466,#7468,.T.);
#7466 = VERTEX_POINT('',#7467);
#7467 = CARTESIAN_POINT('',(32.076797277027,-7.499999999999,
    -9.184850993604E-16));
#7468 = SURFACE_CURVE('',#7469,(#7472,#7479),.PCURVE_S1.);
#7469 = B_SPLINE_CURVE_WITH_KNOTS('',1,(#7470,#7471),.UNSPECIFIED.,.F.,
  .F.,(2,2),(0.,1.),.PIECEWISE_BEZIER_KNOTS.);
#7470 = CARTESIAN_POINT('',(30.755055794769,-7.499999999999,
    -9.184850993604E-16));
#7471 = CARTESIAN_POINT('',(32.076797277027,-7.499999999999,
    -9.184850993604E-16));
#7472 = PCURVE('',#7170,#7473);
#7473 = DEFINITIONAL_REPRESENTATION('',(#7474),#7478);
#7474 = LINE('',#7475,#7476);
#7475 = CARTESIAN_POINT('',(1.,0.));
#7476 = VECTOR('',#7477,1.);
#7477 = DIRECTION('',(0.,1.));
#7478 = ( GEOMETRIC_REPRESENTATION_CONTEXT(2) 
PARAMETRIC_REPRESENTATION_CONTEXT() REPRESENTATION_CONTEXT('2D SPACE',''
  ) );
#7479 = PCURVE('',#7480,#7493);
#7480 = B_SPLINE_SURFACE_WITH_KNOTS('',5,1,(
    (#7481,#7482)
    ,(#7483,#7484)
    ,(#7485,#7486)
    ,(#7487,#7488)
    ,(#7489,#7490)
    ,(#7491,#7492
    )),.UNSPECIFIED.,.F.,.F.,.F.,(6,6),(2,2),(0.,1.),(0.,1.),
  .PIECEWISE_BEZIER_KNOTS.);
#7481 = CARTESIAN_POINT('',(30.755055794769,-7.499999999999,
    -9.184850993604E-16));
#7482 = CARTESIAN_POINT('',(32.076797277027,-7.499999999999,
    -9.184850993604E-16));
#7483 = CARTESIAN_POINT('',(31.38148978346,-7.496402230976,
    4.649856634508));
#7484 = CARTESIAN_POINT('',(32.703231265719,-7.496402230976,
    4.649856634508));
#7485 = CARTESIAN_POINT('',(32.016435542617,-3.841410447455,
    9.67068045996));
#7486 = CARTESIAN_POINT('',(33.338177024876,-3.841410447455,
    9.67068045996));
#7487 = CARTESIAN_POINT('',(32.63526870051,3.841410447455,9.67068045996)
  );
#7488 = CARTESIAN_POINT('',(33.957010182769,3.841410447455,9.67068045996
    ));
#7489 = CARTESIAN_POINT('',(33.270214459667,7.496402230976,
    4.649856634508));
#7490 = CARTESIAN_POINT('',(34.591955941926,7.496402230976,
    4.649856634508));
#7491 = CARTESIAN_POINT('',(33.896648448358,7.499999999999,
    1.836970198721E-15));
#7492 = CARTESIAN_POINT('',(35.218389930617,7.499999999999,
    1.836970198721E-15));
#7493 = DEFINITIONAL_REPRESENTATION('',(#7494),#7498);
#7494 = LINE('',#7495,#7496);
#7495 = CARTESIAN_POINT('',(0.,0.));
#7496 = VECTOR('',#7497,1.);
#7497 = DIRECTION('',(0.,1.));
#7498 = ( GEOMETRIC_REPRESENTATION_CONTEXT(2) 
PARAMETRIC_REPRESENTATION_CONTEXT() REPRESENTATION_CONTEXT('2D SPACE',''
  ) );
#7499 = ORIENTED_EDGE('',*,*,#7500,.F.);
#7500 = EDGE_CURVE('',#7156,#7466,#7501,.T.);
#7501 = SURFACE_CURVE('',#7502,(#7509,#7543),.PCURVE_S1.);
#7502 = B_SPLINE_CURVE_WITH_KNOTS('',5,(#7503,#7504,#7505,#7506,#7507,
    #7508),.UNSPECIFIED.,.F.,.F.,(6,6),(0.,1.),
  .PIECEWISE_BEZIER_KNOTS.);
#7503 = CARTESIAN_POINT('',(28.935204623438,7.499999999999,0.));
#7504 = CARTESIAN_POINT('',(29.5616241314,7.496459798593,-4.649829532936
    ));
#7505 = CARTESIAN_POINT('',(30.196620859681,3.841248176104,
    -9.670705072962));
#7506 = CARTESIAN_POINT('',(30.815381040784,-3.841248176104,
    -9.670705072962));
#7507 = CARTESIAN_POINT('',(31.450377769064,-7.496459798593,
    -4.649829532936));
#7508 = CARTESIAN_POINT('',(32.076797277027,-7.499999999999,
    -9.184850993604E-16));
#7509 = PCURVE('',#7170,#7510);
#7510 = DEFINITIONAL_REPRESENTATION('',(#7511),#7542);
#7511 = B_SPLINE_CURVE_WITH_KNOTS('',8,(#7512,#7513,#7514,#7515,#7516,
    #7517,#7518,#7519,#7520,#7521,#7522,#7523,#7524,#7525,#7526,#7527,
    #7528,#7529,#7530,#7531,#7532,#7533,#7534,#7535,#7536,#7537,#7538,
    #7539,#7540,#7541),.UNSPECIFIED.,.F.,.F.,(9,7,7,7,9),(0.,0.25,0.5,
    0.75,1.),.UNSPECIFIED.);
#7512 = CARTESIAN_POINT('',(2.775557561563E-17,1.));
#7513 = CARTESIAN_POINT('',(3.124980793826E-02,1.));
#7514 = CARTESIAN_POINT('',(6.250191949534E-02,1.));
#7515 = CARTESIAN_POINT('',(9.374508332054E-02,1.));
#7516 = CARTESIAN_POINT('',(0.125003357014,1.));
#7517 = CARTESIAN_POINT('',(0.156249174367,1.));
#7518 = CARTESIAN_POINT('',(0.187500034342,1.));
#7519 = CARTESIAN_POINT('',(0.218749999321,1.));
#7520 = CARTESIAN_POINT('',(0.281249938568,1.));
#7521 = CARTESIAN_POINT('',(0.312500615067,1.));
#7522 = CARTESIAN_POINT('',(0.343750819649,1.));
#7523 = CARTESIAN_POINT('',(0.375000430504,1.));
#7524 = CARTESIAN_POINT('',(0.406249891821,1.));
#7525 = CARTESIAN_POINT('',(0.437499722818,1.));
#7526 = CARTESIAN_POINT('',(0.468750026763,1.));
#7527 = CARTESIAN_POINT('',(0.531249973237,1.));
#7528 = CARTESIAN_POINT('',(0.562500277182,1.));
#7529 = CARTESIAN_POINT('',(0.593750108179,1.));
#7530 = CARTESIAN_POINT('',(0.624999569496,1.));
#7531 = CARTESIAN_POINT('',(0.656249180351,1.));
#7532 = CARTESIAN_POINT('',(0.687499384933,1.));
#7533 = CARTESIAN_POINT('',(0.718750061432,1.));
#7534 = CARTESIAN_POINT('',(0.781250000679,1.));
#7535 = CARTESIAN_POINT('',(0.812499965658,1.));
#7536 = CARTESIAN_POINT('',(0.843750825633,1.));
#7537 = CARTESIAN_POINT('',(0.874996642986,1.));
#7538 = CARTESIAN_POINT('',(0.906254916679,1.));
#7539 = CARTESIAN_POINT('',(0.937498080505,1.));
#7540 = CARTESIAN_POINT('',(0.968750192062,1.));
#7541 = CARTESIAN_POINT('',(1.,1.));
#7542 = ( GEOMETRIC_REPRESENTATION_CONTEXT(2) 
PARAMETRIC_REPRESENTATION_CONTEXT() REPRESENTATION_CONTEXT('2D SPACE',''
  ) );
#7543 = PCURVE('',#7364,#7544);
#7544 = DEFINITIONAL_REPRESENTATION('',(#7545),#7549);
#7545 = LINE('',#7546,#7547);
#7546 = CARTESIAN_POINT('',(0.,0.));
#7547 = VECTOR('',#7548,1.);
#7548 = DIRECTION('',(1.,0.));
#7549 = ( GEOMETRIC_REPRESENTATION_CONTEXT(2) 
PARAMETRIC_REPRESENTATION_CONTEXT() REPRESENTATION_CONTEXT('2D SPACE',''
  ) );
#7550 = ADVANCED_FACE('',(#7551),#7259,.F.);
#7551 = FACE_BOUND('',#7552,.F.);
#7552 = EDGE_LOOP('',(#7553,#7554,#7555,#7588));
#7553 = ORIENTED_EDGE('',*,*,#7246,.F.);
#7554 = ORIENTED_EDGE('',*,*,#7320,.T.);
#7555 = ORIENTED_EDGE('',*,*,#7556,.T.);
#7556 = EDGE_CURVE('',#7286,#7413,#7557,.T.);
#7557 = SURFACE_CURVE('',#7558,(#7561,#7568),.PCURVE_S1.);
#7558 = B_SPLINE_CURVE_WITH_KNOTS('',1,(#7559,#7560),.UNSPECIFIED.,.F.,
  .F.,(2,2),(0.,1.),.PIECEWISE_BEZIER_KNOTS.);
#7559 = CARTESIAN_POINT('',(29.117189740571,-11.99999999999,
    -1.469576158977E-15));
#7560 = CARTESIAN_POINT('',(30.755055794769,-7.499999999999,
    -9.184850993604E-16));
#7561 = PCURVE('',#7259,#7562);
#7562 = DEFINITIONAL_REPRESENTATION('',(#7563),#7567);
#7563 = LINE('',#7564,#7565);
#7564 = CARTESIAN_POINT('',(1.,0.));
#7565 = VECTOR('',#7566,1.);
#7566 = DIRECTION('',(0.,1.));
#7567 = ( GEOMETRIC_REPRESENTATION_CONTEXT(2) 
PARAMETRIC_REPRESENTATION_CONTEXT() REPRESENTATION_CONTEXT('2D SPACE',''
  ) );
#7568 = PCURVE('',#7569,#7582);
#7569 = B_SPLINE_SURFACE_WITH_KNOTS('',5,1,(
    (#7570,#7571)
    ,(#7572,#7573)
    ,(#7574,#7575)
    ,(#7576,#7577)
    ,(#7578,#7579)
    ,(#7580,#7581
    )),.UNSPECIFIED.,.F.,.F.,.F.,(6,6),(2,2),(0.,1.),(0.,1.),
  .PIECEWISE_BEZIER_KNOTS.);
#7570 = CARTESIAN_POINT('',(29.117189740571,-11.99999999999,
    -1.469576158977E-15));
#7571 = CARTESIAN_POINT('',(30.755055794769,-7.499999999999,
    -9.184850993604E-16));
#7572 = CARTESIAN_POINT('',(29.743609248533,-11.99433567774,
    7.439727252697));
#7573 = CARTESIAN_POINT('',(31.381475302731,-7.496459798593,
    4.649829532936));
#7574 = CARTESIAN_POINT('',(30.378605976814,-6.145997081766,
    15.473128116739));
#7575 = CARTESIAN_POINT('',(32.016472031012,-3.841248176104,
    9.670705072962));
#7576 = CARTESIAN_POINT('',(30.997366157917,6.145997081766,
    15.47312811674));
#7577 = CARTESIAN_POINT('',(32.635232212115,3.841248176104,
    9.670705072962));
#7578 = CARTESIAN_POINT('',(31.632362886198,11.994335677749,
    7.439727252697));
#7579 = CARTESIAN_POINT('',(33.270228940396,7.496459798593,
    4.649829532936));
#7580 = CARTESIAN_POINT('',(32.25878239416,11.999999999999,
    2.939152317953E-15));
#7581 = CARTESIAN_POINT('',(33.896648448358,7.499999999999,
    1.836970198721E-15));
#7582 = DEFINITIONAL_REPRESENTATION('',(#7583),#7587);
#7583 = LINE('',#7584,#7585);
#7584 = CARTESIAN_POINT('',(0.,0.));
#7585 = VECTOR('',#7586,1.);
#7586 = DIRECTION('',(0.,1.));
#7587 = ( GEOMETRIC_REPRESENTATION_CONTEXT(2) 
PARAMETRIC_REPRESENTATION_CONTEXT() REPRESENTATION_CONTEXT('2D SPACE',''
  ) );
#7588 = ORIENTED_EDGE('',*,*,#7412,.F.);
#7589 = ADVANCED_FACE('',(#7590),#7300,.F.);
#7590 = FACE_BOUND('',#7591,.F.);
#7591 = EDGE_LOOP('',(#7592,#7593,#7594,#7629));
#7592 = ORIENTED_EDGE('',*,*,#7285,.F.);
#7593 = ORIENTED_EDGE('',*,*,#7384,.T.);
#7594 = ORIENTED_EDGE('',*,*,#7595,.T.);
#7595 = EDGE_CURVE('',#7350,#7596,#7598,.T.);
#7596 = VERTEX_POINT('',#7597);
#7597 = CARTESIAN_POINT('',(32.25878239416,11.999999999999,
    1.815019315903E-15));
#7598 = SURFACE_CURVE('',#7599,(#7602,#7609),.PCURVE_S1.);
#7599 = B_SPLINE_CURVE_WITH_KNOTS('',1,(#7600,#7601),.UNSPECIFIED.,.F.,
  .F.,(2,2),(0.,1.),.PIECEWISE_BEZIER_KNOTS.);
#7600 = CARTESIAN_POINT('',(30.573070677635,11.999999999999,
    2.939152317953E-15));
#7601 = CARTESIAN_POINT('',(32.25878239416,11.999999999999,
    2.939152317953E-15));
#7602 = PCURVE('',#7300,#7603);
#7603 = DEFINITIONAL_REPRESENTATION('',(#7604),#7608);
#7604 = LINE('',#7605,#7606);
#7605 = CARTESIAN_POINT('',(1.,0.));
#7606 = VECTOR('',#7607,1.);
#7607 = DIRECTION('',(0.,1.));
#7608 = ( GEOMETRIC_REPRESENTATION_CONTEXT(2) 
PARAMETRIC_REPRESENTATION_CONTEXT() REPRESENTATION_CONTEXT('2D SPACE',''
  ) );
#7609 = PCURVE('',#7610,#7623);
#7610 = B_SPLINE_SURFACE_WITH_KNOTS('',5,1,(
    (#7611,#7612)
    ,(#7613,#7614)
    ,(#7615,#7616)
    ,(#7617,#7618)
    ,(#7619,#7620)
    ,(#7621,#7622
    )),.UNSPECIFIED.,.F.,.F.,.F.,(6,6),(2,2),(0.,1.),(0.,1.),
  .PIECEWISE_BEZIER_KNOTS.);
#7611 = CARTESIAN_POINT('',(30.573070677635,11.999999999999,0.));
#7612 = CARTESIAN_POINT('',(32.25878239416,11.999999999999,0.));
#7613 = CARTESIAN_POINT('',(31.199484468438,11.994372043523,
    -7.439710133806));
#7614 = CARTESIAN_POINT('',(32.885196184963,11.994372043523,
    -7.439710133806));
#7615 = CARTESIAN_POINT('',(31.834501320115,6.145894572788,
    -15.47314366417));
#7616 = CARTESIAN_POINT('',(33.52021303664,6.145894572788,
    -15.47314366417));
#7617 = CARTESIAN_POINT('',(32.453232688746,-6.145894572788,
    -15.47314366417));
#7618 = CARTESIAN_POINT('',(34.138944405271,-6.145894572788,
    -15.47314366417));
#7619 = CARTESIAN_POINT('',(33.088249540422,-11.99437204352,
    -7.439710133805));
#7620 = CARTESIAN_POINT('',(34.773961256947,-11.99437204352,
    -7.439710133805));
#7621 = CARTESIAN_POINT('',(33.714663331225,-11.99999999999,
    -1.469576158977E-15));
#7622 = CARTESIAN_POINT('',(35.40037504775,-11.99999999999,
    -1.469576158977E-15));
#7623 = DEFINITIONAL_REPRESENTATION('',(#7624),#7628);
#7624 = LINE('',#7625,#7626);
#7625 = CARTESIAN_POINT('',(0.,0.));
#7626 = VECTOR('',#7627,1.);
#7627 = DIRECTION('',(0.,1.));
#7628 = ( GEOMETRIC_REPRESENTATION_CONTEXT(2) 
PARAMETRIC_REPRESENTATION_CONTEXT() REPRESENTATION_CONTEXT('2D SPACE',''
  ) );
#7629 = ORIENTED_EDGE('',*,*,#7630,.F.);
#7630 = EDGE_CURVE('',#7286,#7596,#7631,.T.);
#7631 = SURFACE_CURVE('',#7632,(#7639,#7646),.PCURVE_S1.);
#7632 = B_SPLINE_CURVE_WITH_KNOTS('',5,(#7633,#7634,#7635,#7636,#7637,
    #7638),.UNSPECIFIED.,.F.,.F.,(6,6),(0.,1.),
  .PIECEWISE_BEZIER_KNOTS.);
#7633 = CARTESIAN_POINT('',(29.117189740571,-11.99999999999,
    -1.469576158977E-15));
#7634 = CARTESIAN_POINT('',(29.743603531373,-11.99437204352,
    7.439710133806));
#7635 = CARTESIAN_POINT('',(30.37862038305,-6.145894572788,
    15.473143664178));
#7636 = CARTESIAN_POINT('',(30.997351751681,6.145894572788,
    15.473143664179));
#7637 = CARTESIAN_POINT('',(31.632368603358,11.994372043523,
    7.439710133805));
#7638 = CARTESIAN_POINT('',(32.25878239416,11.999999999999,
    2.939152317953E-15));
#7639 = PCURVE('',#7300,#7640);
#7640 = DEFINITIONAL_REPRESENTATION('',(#7641),#7645);
#7641 = LINE('',#7642,#7643);
#7642 = CARTESIAN_POINT('',(0.,1.));
#7643 = VECTOR('',#7644,1.);
#7644 = DIRECTION('',(1.,0.));
#7645 = ( GEOMETRIC_REPRESENTATION_CONTEXT(2) 
PARAMETRIC_REPRESENTATION_CONTEXT() REPRESENTATION_CONTEXT('2D SPACE',''
  ) );
#7646 = PCURVE('',#7569,#7647);
#7647 = DEFINITIONAL_REPRESENTATION('',(#7648),#7652);
#7648 = LINE('',#7649,#7650);
#7649 = CARTESIAN_POINT('',(0.,0.));
#7650 = VECTOR('',#7651,1.);
#7651 = DIRECTION('',(1.,0.));
#7652 = ( GEOMETRIC_REPRESENTATION_CONTEXT(2) 
PARAMETRIC_REPRESENTATION_CONTEXT() REPRESENTATION_CONTEXT('2D SPACE',''
  ) );
#7653 = ADVANCED_FACE('',(#7654),#7364,.F.);
#7654 = FACE_BOUND('',#7655,.F.);
#7655 = EDGE_LOOP('',(#7656,#7657,#7658,#7693));
#7656 = ORIENTED_EDGE('',*,*,#7349,.F.);
#7657 = ORIENTED_EDGE('',*,*,#7500,.T.);
#7658 = ORIENTED_EDGE('',*,*,#7659,.T.);
#7659 = EDGE_CURVE('',#7466,#7660,#7662,.T.);
#7660 = VERTEX_POINT('',#7661);
#7661 = CARTESIAN_POINT('',(33.714663331225,-11.99999999999,
    -1.469576158977E-15));
#7662 = SURFACE_CURVE('',#7663,(#7666,#7673),.PCURVE_S1.);
#7663 = B_SPLINE_CURVE_WITH_KNOTS('',1,(#7664,#7665),.UNSPECIFIED.,.F.,
  .F.,(2,2),(0.,1.),.PIECEWISE_BEZIER_KNOTS.);
#7664 = CARTESIAN_POINT('',(32.076797277027,-7.499999999999,
    -9.184850993604E-16));
#7665 = CARTESIAN_POINT('',(33.714663331225,-11.99999999999,
    -1.469576158977E-15));
#7666 = PCURVE('',#7364,#7667);
#7667 = DEFINITIONAL_REPRESENTATION('',(#7668),#7672);
#7668 = LINE('',#7669,#7670);
#7669 = CARTESIAN_POINT('',(1.,0.));
#7670 = VECTOR('',#7671,1.);
#7671 = DIRECTION('',(0.,1.));
#7672 = ( GEOMETRIC_REPRESENTATION_CONTEXT(2) 
PARAMETRIC_REPRESENTATION_CONTEXT() REPRESENTATION_CONTEXT('2D SPACE',''
  ) );
#7673 = PCURVE('',#7674,#7687);
#7674 = B_SPLINE_SURFACE_WITH_KNOTS('',5,1,(
    (#7675,#7676)
    ,(#7677,#7678)
    ,(#7679,#7680)
    ,(#7681,#7682)
    ,(#7683,#7684)
    ,(#7685,#7686
    )),.UNSPECIFIED.,.F.,.F.,.F.,(6,6),(2,2),(0.,1.),(0.,1.),
  .PIECEWISE_BEZIER_KNOTS.);
#7675 = CARTESIAN_POINT('',(32.076797277027,-7.499999999999,
    -9.184850993604E-16));
#7676 = CARTESIAN_POINT('',(33.714663331225,-11.99999999999,
    -1.469576158977E-15));
#7677 = CARTESIAN_POINT('',(32.70321678499,-7.496459798593,
    4.649829532936));
#7678 = CARTESIAN_POINT('',(34.341082839188,-11.99433567774,
    7.439727252697));
#7679 = CARTESIAN_POINT('',(33.338213513271,-3.841248176104,
    9.670705072962));
#7680 = CARTESIAN_POINT('',(34.976079567469,-6.145997081766,
    15.473128116739));
#7681 = CARTESIAN_POINT('',(33.956973694374,3.841248176104,
    9.670705072962));
#7682 = CARTESIAN_POINT('',(35.594839748571,6.145997081766,
    15.47312811674));
#7683 = CARTESIAN_POINT('',(34.591970422654,7.496459798593,
    4.649829532936));
#7684 = CARTESIAN_POINT('',(36.229836476852,11.994335677749,
    7.439727252697));
#7685 = CARTESIAN_POINT('',(35.218389930617,7.499999999999,
    1.836970198721E-15));
#7686 = CARTESIAN_POINT('',(36.856255984815,11.999999999999,
    2.939152317953E-15));
#7687 = DEFINITIONAL_REPRESENTATION('',(#7688),#7692);
#7688 = LINE('',#7689,#7690);
#7689 = CARTESIAN_POINT('',(0.,0.));
#7690 = VECTOR('',#7691,1.);
#7691 = DIRECTION('',(0.,1.));
#7692 = ( GEOMETRIC_REPRESENTATION_CONTEXT(2) 
PARAMETRIC_REPRESENTATION_CONTEXT() REPRESENTATION_CONTEXT('2D SPACE',''
  ) );
#7693 = ORIENTED_EDGE('',*,*,#7694,.F.);
#7694 = EDGE_CURVE('',#7350,#7660,#7695,.T.);
#7695 = SURFACE_CURVE('',#7696,(#7703,#7710),.PCURVE_S1.);
#7696 = B_SPLINE_CURVE_WITH_KNOTS('',5,(#7697,#7698,#7699,#7700,#7701,
    #7702),.UNSPECIFIED.,.F.,.F.,(6,6),(0.,1.),
  .PIECEWISE_BEZIER_KNOTS.);
#7697 = CARTESIAN_POINT('',(30.573070677635,11.999999999999,0.));
#7698 = CARTESIAN_POINT('',(31.199484468438,11.994372043523,
    -7.439710133806));
#7699 = CARTESIAN_POINT('',(31.834501320115,6.145894572788,
    -15.47314366417));
#7700 = CARTESIAN_POINT('',(32.453232688746,-6.145894572788,
    -15.47314366417));
#7701 = CARTESIAN_POINT('',(33.088249540422,-11.99437204352,
    -7.439710133805));
#7702 = CARTESIAN_POINT('',(33.714663331225,-11.99999999999,
    -1.469576158977E-15));
#7703 = PCURVE('',#7364,#7704);
#7704 = DEFINITIONAL_REPRESENTATION('',(#7705),#7709);
#7705 = LINE('',#7706,#7707);
#7706 = CARTESIAN_POINT('',(0.,1.));
#7707 = VECTOR('',#7708,1.);
#7708 = DIRECTION('',(1.,0.));
#7709 = ( GEOMETRIC_REPRESENTATION_CONTEXT(2) 
PARAMETRIC_REPRESENTATION_CONTEXT() REPRESENTATION_CONTEXT('2D SPACE',''
  ) );
#7710 = PCURVE('',#7610,#7711);
#7711 = DEFINITIONAL_REPRESENTATION('',(#7712),#7716);
#7712 = LINE('',#7713,#7714);
#7713 = CARTESIAN_POINT('',(0.,0.));
#7714 = VECTOR('',#7715,1.);
#7715 = DIRECTION('',(1.,0.));
#7716 = ( GEOMETRIC_REPRESENTATION_CONTEXT(2) 
PARAMETRIC_REPRESENTATION_CONTEXT() REPRESENTATION_CONTEXT('2D SPACE',''
  ) );
#7717 = ADVANCED_FACE('',(#7718),#7480,.F.);
#7718 = FACE_BOUND('',#7719,.F.);
#7719 = EDGE_LOOP('',(#7720,#7721,#7774,#7809,#7860));
#7720 = ORIENTED_EDGE('',*,*,#7465,.F.);
#7721 = ORIENTED_EDGE('',*,*,#7722,.T.);
#7722 = EDGE_CURVE('',#7413,#7723,#7725,.T.);
#7723 = VERTEX_POINT('',#7724);
#7724 = CARTESIAN_POINT('',(33.896648448358,7.499999999999,
    9.184850993604E-16));
#7725 = SURFACE_CURVE('',#7726,(#7733,#7767),.PCURVE_S1.);
#7726 = B_SPLINE_CURVE_WITH_KNOTS('',5,(#7727,#7728,#7729,#7730,#7731,
    #7732),.UNSPECIFIED.,.F.,.F.,(6,6),(0.,1.),
  .PIECEWISE_BEZIER_KNOTS.);
#7727 = CARTESIAN_POINT('',(30.755055794769,-7.499999999999,
    -9.184850993604E-16));
#7728 = CARTESIAN_POINT('',(31.381475302731,-7.496459798593,
    4.649829532936));
#7729 = CARTESIAN_POINT('',(32.016472031012,-3.841248176104,
    9.670705072962));
#7730 = CARTESIAN_POINT('',(32.635232212115,3.841248176104,
    9.670705072962));
#7731 = CARTESIAN_POINT('',(33.270228940396,7.496459798593,
    4.649829532936));
#7732 = CARTESIAN_POINT('',(33.896648448358,7.499999999999,
    1.836970198721E-15));
#7733 = PCURVE('',#7480,#7734);
#7734 = DEFINITIONAL_REPRESENTATION('',(#7735),#7766);
#7735 = B_SPLINE_CURVE_WITH_KNOTS('',8,(#7736,#7737,#7738,#7739,#7740,
    #7741,#7742,#7743,#7744,#7745,#7746,#7747,#7748,#7749,#7750,#7751,
    #7752,#7753,#7754,#7755,#7756,#7757,#7758,#7759,#7760,#7761,#7762,
    #7763,#7764,#7765),.UNSPECIFIED.,.F.,.F.,(9,7,7,7,9),(0.,0.25,0.5,
    0.75,1.),.UNSPECIFIED.);
#7736 = CARTESIAN_POINT('',(4.163336342344E-17,0.));
#7737 = CARTESIAN_POINT('',(3.124980793826E-02,0.));
#7738 = CARTESIAN_POINT('',(6.250191949534E-02,0.));
#7739 = CARTESIAN_POINT('',(9.374508332054E-02,0.));
#7740 = CARTESIAN_POINT('',(0.125003357014,0.));
#7741 = CARTESIAN_POINT('',(0.156249174367,0.));
#7742 = CARTESIAN_POINT('',(0.187500034342,0.));
#7743 = CARTESIAN_POINT('',(0.218749999321,0.));
#7744 = CARTESIAN_POINT('',(0.281249938568,0.));
#7745 = CARTESIAN_POINT('',(0.312500615067,0.));
#7746 = CARTESIAN_POINT('',(0.343750819649,0.));
#7747 = CARTESIAN_POINT('',(0.375000430504,0.));
#7748 = CARTESIAN_POINT('',(0.406249891821,0.));
#7749 = CARTESIAN_POINT('',(0.437499722818,0.));
#7750 = CARTESIAN_POINT('',(0.468750026763,0.));
#7751 = CARTESIAN_POINT('',(0.531249973237,0.));
#7752 = CARTESIAN_POINT('',(0.562500277182,0.));
#7753 = CARTESIAN_POINT('',(0.593750108179,0.));
#7754 = CARTESIAN_POINT('',(0.624999569496,0.));
#7755 = CARTESIAN_POINT('',(0.656249180351,0.));
#7756 = CARTESIAN_POINT('',(0.687499384933,0.));
#7757 = CARTESIAN_POINT('',(0.718750061432,0.));
#7758 = CARTESIAN_POINT('',(0.781250000679,0.));
#7759 = CARTESIAN_POINT('',(0.812499965658,0.));
#7760 = CARTESIAN_POINT('',(0.843750825633,0.));
#7761 = CARTESIAN_POINT('',(0.874996642986,0.));
#7762 = CARTESIAN_POINT('',(0.906254916679,0.));
#7763 = CARTESIAN_POINT('',(0.937498080505,0.));
#7764 = CARTESIAN_POINT('',(0.968750192062,0.));
#7765 = CARTESIAN_POINT('',(1.,0.));
#7766 = ( GEOMETRIC_REPRESENTATION_CONTEXT(2) 
PARAMETRIC_REPRESENTATION_CONTEXT() REPRESENTATION_CONTEXT('2D SPACE',''
  ) );
#7767 = PCURVE('',#7569,#7768);
#7768 = DEFINITIONAL_REPRESENTATION('',(#7769),#7773);
#7769 = LINE('',#7770,#7771);
#7770 = CARTESIAN_POINT('',(0.,1.));
#7771 = VECTOR('',#7772,1.);
#7772 = DIRECTION('',(1.,0.));
#7773 = ( GEOMETRIC_REPRESENTATION_CONTEXT(2) 
PARAMETRIC_REPRESENTATION_CONTEXT() REPRESENTATION_CONTEXT('2D SPACE',''
  ) );
#7774 = ORIENTED_EDGE('',*,*,#7775,.T.);
#7775 = EDGE_CURVE('',#7723,#7776,#7778,.T.);
#7776 = VERTEX_POINT('',#7777);
#7777 = CARTESIAN_POINT('',(35.,7.499999999999,1.836970198721E-15));
#7778 = SURFACE_CURVE('',#7779,(#7782,#7789),.PCURVE_S1.);
#7779 = B_SPLINE_CURVE_WITH_KNOTS('',1,(#7780,#7781),.UNSPECIFIED.,.F.,
  .F.,(2,2),(0.,1.),.PIECEWISE_BEZIER_KNOTS.);
#7780 = CARTESIAN_POINT('',(33.896648448358,7.499999999999,
    1.836970198721E-15));
#7781 = CARTESIAN_POINT('',(35.218389930617,7.499999999999,
    1.836970198721E-15));
#7782 = PCURVE('',#7480,#7783);
#7783 = DEFINITIONAL_REPRESENTATION('',(#7784),#7788);
#7784 = LINE('',#7785,#7786);
#7785 = CARTESIAN_POINT('',(1.,0.));
#7786 = VECTOR('',#7787,1.);
#7787 = DIRECTION('',(0.,1.));
#7788 = ( GEOMETRIC_REPRESENTATION_CONTEXT(2) 
PARAMETRIC_REPRESENTATION_CONTEXT() REPRESENTATION_CONTEXT('2D SPACE',''
  ) );
#7789 = PCURVE('',#7790,#7803);
#7790 = B_SPLINE_SURFACE_WITH_KNOTS('',5,1,(
    (#7791,#7792)
    ,(#7793,#7794)
    ,(#7795,#7796)
    ,(#7797,#7798)
    ,(#7799,#7800)
    ,(#7801,#7802
    )),.UNSPECIFIED.,.F.,.F.,.F.,(6,6),(2,2),(0.,1.),(0.,1.),
  .PIECEWISE_BEZIER_KNOTS.);
#7791 = CARTESIAN_POINT('',(33.896648448358,7.499999999999,0.));
#7792 = CARTESIAN_POINT('',(35.218389930617,7.499999999999,0.));
#7793 = CARTESIAN_POINT('',(34.52308243705,7.496402230976,
    -4.649856634508));
#7794 = CARTESIAN_POINT('',(35.844823919309,7.496402230976,
    -4.649856634508));
#7795 = CARTESIAN_POINT('',(35.158028196207,3.841410447455,
    -9.67068045996));
#7796 = CARTESIAN_POINT('',(36.479769678466,3.841410447455,
    -9.67068045996));
#7797 = CARTESIAN_POINT('',(35.7768613541,-3.841410447455,-9.67068045996
    ));
#7798 = CARTESIAN_POINT('',(37.098602836358,-3.841410447455,
    -9.67068045996));
#7799 = CARTESIAN_POINT('',(36.411807113257,-7.496402230976,
    -4.649856634508));
#7800 = CARTESIAN_POINT('',(37.733548595516,-7.496402230976,
    -4.649856634508));
#7801 = CARTESIAN_POINT('',(37.038241101948,-7.499999999999,
    -9.184850993604E-16));
#7802 = CARTESIAN_POINT('',(38.359982584207,-7.499999999999,
    -9.184850993604E-16));
#7803 = DEFINITIONAL_REPRESENTATION('',(#7804),#7808);
#7804 = LINE('',#7805,#7806);
#7805 = CARTESIAN_POINT('',(0.,0.));
#7806 = VECTOR('',#7807,1.);
#7807 = DIRECTION('',(0.,1.));
#7808 = ( GEOMETRIC_REPRESENTATION_CONTEXT(2) 
PARAMETRIC_REPRESENTATION_CONTEXT() REPRESENTATION_CONTEXT('2D SPACE',''
  ) );
#7809 = ORIENTED_EDGE('',*,*,#7810,.T.);
#7810 = EDGE_CURVE('',#7776,#7811,#7813,.T.);
#7811 = VERTEX_POINT('',#7812);
#7812 = CARTESIAN_POINT('',(35.,7.321474293892,1.618984276581));
#7813 = SURFACE_CURVE('',#7814,(#7821,#7845),.PCURVE_S1.);
#7814 = B_SPLINE_CURVE_WITH_KNOTS('',5,(#7815,#7816,#7817,#7818,#7819,
    #7820),.UNSPECIFIED.,.F.,.F.,(6,6),(0.,1.),
  .PIECEWISE_BEZIER_KNOTS.);
#7815 = CARTESIAN_POINT('',(35.,7.499999999999,1.7763568394E-15));
#7816 = CARTESIAN_POINT('',(35.,7.499747451866,0.326400223452));
#7817 = CARTESIAN_POINT('',(35.,7.481504843075,0.652781825081));
#7818 = CARTESIAN_POINT('',(35.,7.445544962329,0.97783986395));
#7819 = CARTESIAN_POINT('',(35.,7.39210210246,1.300310571773));
#7820 = CARTESIAN_POINT('',(35.,7.321471715692,1.618978290545));
#7821 = PCURVE('',#7480,#7822);
#7822 = DEFINITIONAL_REPRESENTATION('',(#7823),#7844);
#7823 = B_SPLINE_CURVE_WITH_KNOTS('',10,(#7824,#7825,#7826,#7827,#7828,
    #7829,#7830,#7831,#7832,#7833,#7834,#7835,#7836,#7837,#7838,#7839,
    #7840,#7841,#7842,#7843),.UNSPECIFIED.,.F.,.F.,(11,9,11),(0.,0.5,1.)
  ,.UNSPECIFIED.);
#7824 = CARTESIAN_POINT('',(1.,0.834771070176));
#7825 = CARTESIAN_POINT('',(0.996490211967,0.843088318847));
#7826 = CARTESIAN_POINT('',(0.992986769458,0.851392292144));
#7827 = CARTESIAN_POINT('',(0.989479673891,0.859706613911));
#7828 = CARTESIAN_POINT('',(0.985989004415,0.867983621611));
#7829 = CARTESIAN_POINT('',(0.982493474937,0.876273697591));
#7830 = CARTESIAN_POINT('',(0.978999317557,0.884562004209));
#7831 = CARTESIAN_POINT('',(0.975517348875,0.892822840178));
#7832 = CARTESIAN_POINT('',(0.972030581586,0.901096406124));
#7833 = CARTESIAN_POINT('',(0.968549916155,0.909356806492));
#7834 = CARTESIAN_POINT('',(0.961592655534,0.925870438208));
#7835 = CARTESIAN_POINT('',(0.958115963974,0.934123901762));
#7836 = CARTESIAN_POINT('',(0.954646441758,0.942361528013));
#7837 = CARTESIAN_POINT('',(0.951163990496,0.950631007555));
#7838 = CARTESIAN_POINT('',(0.947712783222,0.958827345852));
#7839 = CARTESIAN_POINT('',(0.944227903668,0.967104706821));
#7840 = CARTESIAN_POINT('',(0.940771434905,0.975315556942));
#7841 = CARTESIAN_POINT('',(0.93730692663,0.983546432288));
#7842 = CARTESIAN_POINT('',(0.933843488132,0.991775651499));
#7843 = CARTESIAN_POINT('',(0.930382451574,1.));
#7844 = ( GEOMETRIC_REPRESENTATION_CONTEXT(2) 
PARAMETRIC_REPRESENTATION_CONTEXT() REPRESENTATION_CONTEXT('2D SPACE',''
  ) );
#7845 = PCURVE('',#7846,#7851);
#7846 = PLANE('',#7847);
#7847 = AXIS2_PLACEMENT_3D('',#7848,#7849,#7850);
#7848 = CARTESIAN_POINT('',(35.,0.,0.));
#7849 = DIRECTION('',(1.,0.,0.));
#7850 = DIRECTION('',(-0.,0.,1.));
#7851 = DEFINITIONAL_REPRESENTATION('',(#7852),#7859);
#7852 = B_SPLINE_CURVE_WITH_KNOTS('',5,(#7853,#7854,#7855,#7856,#7857,
    #7858),.UNSPECIFIED.,.F.,.F.,(6,6),(0.,1.),
  .PIECEWISE_BEZIER_KNOTS.);
#7853 = CARTESIAN_POINT('',(1.7763568394E-15,-7.499999999999));
#7854 = CARTESIAN_POINT('',(0.326400223452,-7.499747451866));
#7855 = CARTESIAN_POINT('',(0.652781825081,-7.481504843075));
#7856 = CARTESIAN_POINT('',(0.97783986395,-7.445544962329));
#7857 = CARTESIAN_POINT('',(1.300310571773,-7.39210210246));
#7858 = CARTESIAN_POINT('',(1.618978290545,-7.321471715692));
#7859 = ( GEOMETRIC_REPRESENTATION_CONTEXT(2) 
PARAMETRIC_REPRESENTATION_CONTEXT() REPRESENTATION_CONTEXT('2D SPACE',''
  ) );
#7860 = ORIENTED_EDGE('',*,*,#7861,.F.);
#7861 = EDGE_CURVE('',#7466,#7811,#7862,.T.);
#7862 = SURFACE_CURVE('',#7863,(#7870,#7877),.PCURVE_S1.);
#7863 = B_SPLINE_CURVE_WITH_KNOTS('',5,(#7864,#7865,#7866,#7867,#7868,
    #7869),.UNSPECIFIED.,.F.,.F.,(6,6),(0.,1.),
  .PIECEWISE_BEZIER_KNOTS.);
#7864 = CARTESIAN_POINT('',(32.076797277027,-7.499999999999,
    -9.184850993604E-16));
#7865 = CARTESIAN_POINT('',(32.703231265719,-7.496402230976,
    4.649856634508));
#7866 = CARTESIAN_POINT('',(33.338177024876,-3.841410447455,
    9.67068045996));
#7867 = CARTESIAN_POINT('',(33.957010182769,3.841410447455,9.67068045996
    ));
#7868 = CARTESIAN_POINT('',(34.591955941926,7.496402230976,
    4.649856634508));
#7869 = CARTESIAN_POINT('',(35.218389930617,7.499999999999,
    1.836970198721E-15));
#7870 = PCURVE('',#7480,#7871);
#7871 = DEFINITIONAL_REPRESENTATION('',(#7872),#7876);
#7872 = LINE('',#7873,#7874);
#7873 = CARTESIAN_POINT('',(0.,1.));
#7874 = VECTOR('',#7875,1.);
#7875 = DIRECTION('',(1.,0.));
#7876 = ( GEOMETRIC_REPRESENTATION_CONTEXT(2) 
PARAMETRIC_REPRESENTATION_CONTEXT() REPRESENTATION_CONTEXT('2D SPACE',''
  ) );
#7877 = PCURVE('',#7674,#7878);
#7878 = DEFINITIONAL_REPRESENTATION('',(#7879),#7945);
#7879 = B_SPLINE_CURVE_WITH_KNOTS('',10,(#7880,#7881,#7882,#7883,#7884,
    #7885,#7886,#7887,#7888,#7889,#7890,#7891,#7892,#7893,#7894,#7895,
    #7896,#7897,#7898,#7899,#7900,#7901,#7902,#7903,#7904,#7905,#7906,
    #7907,#7908,#7909,#7910,#7911,#7912,#7913,#7914,#7915,#7916,#7917,
    #7918,#7919,#7920,#7921,#7922,#7923,#7924,#7925,#7926,#7927,#7928,
    #7929,#7930,#7931,#7932,#7933,#7934,#7935,#7936,#7937,#7938,#7939,
    #7940,#7941,#7942,#7943,#7944),.UNSPECIFIED.,.F.,.F.,(11,9,9,9,9,9,9
    ,11),(0.,0.116297806447,0.232595612894,0.34889341934,0.465191225787,
    0.697786838681,0.814084645127,0.930382451574),.UNSPECIFIED.);
#7880 = CARTESIAN_POINT('',(0.,0.));
#7881 = CARTESIAN_POINT('',(1.162985212147E-02,0.));
#7882 = CARTESIAN_POINT('',(2.326041012472E-02,0.));
#7883 = CARTESIAN_POINT('',(3.488852813944E-02,0.));
#7884 = CARTESIAN_POINT('',(4.651854125881E-02,0.));
#7885 = CARTESIAN_POINT('',(5.814964880054E-02,0.));
#7886 = CARTESIAN_POINT('',(6.977951986833E-02,0.));
#7887 = CARTESIAN_POINT('',(8.14085881975E-02,0.));
#7888 = CARTESIAN_POINT('',(9.3038638814E-02,0.));
#7889 = CARTESIAN_POINT('',(0.104668424592,0.));
#7890 = CARTESIAN_POINT('',(0.127927948082,0.));
#7891 = CARTESIAN_POINT('',(0.139556666478,0.));
#7892 = CARTESIAN_POINT('',(0.151191750007,0.));
#7893 = CARTESIAN_POINT('',(0.162812642446,0.));
#7894 = CARTESIAN_POINT('',(0.174445028274,0.));
#7895 = CARTESIAN_POINT('',(0.186080870142,0.));
#7896 = CARTESIAN_POINT('',(0.197704891571,0.));
#7897 = CARTESIAN_POINT('',(0.209335550729,0.));
#7898 = CARTESIAN_POINT('',(0.220965758311,0.));
#7899 = CARTESIAN_POINT('',(0.244225390034,0.));
#7900 = CARTESIAN_POINT('',(0.255854821582,0.));
#7901 = CARTESIAN_POINT('',(0.267484567179,0.));
#7902 = CARTESIAN_POINT('',(0.27911453192,0.));
#7903 = CARTESIAN_POINT('',(0.290744416657,0.));
#7904 = CARTESIAN_POINT('',(0.302374073521,0.));
#7905 = CARTESIAN_POINT('',(0.314003627958,0.));
#7906 = CARTESIAN_POINT('',(0.325633367265,0.));
#7907 = CARTESIAN_POINT('',(0.337263395637,0.));
#7908 = CARTESIAN_POINT('',(0.360522715791,0.));
#7909 = CARTESIAN_POINT('',(0.372152758003,0.));
#7910 = CARTESIAN_POINT('',(0.383782506517,0.));
#7911 = CARTESIAN_POINT('',(0.395412073663,0.));
#7912 = CARTESIAN_POINT('',(0.407041760042,0.));
#7913 = CARTESIAN_POINT('',(0.418671696256,0.));
#7914 = CARTESIAN_POINT('',(0.430301726256,0.));
#7915 = CARTESIAN_POINT('',(0.44193153232,0.));
#7916 = CARTESIAN_POINT('',(0.453561001642,0.));
#7917 = CARTESIAN_POINT('',(0.488450500375,0.));
#7918 = CARTESIAN_POINT('',(0.511711253059,0.));
#7919 = CARTESIAN_POINT('',(0.534969499258,0.));
#7920 = CARTESIAN_POINT('',(0.558229397591,0.));
#7921 = CARTESIAN_POINT('',(0.581489970599,0.));
#7922 = CARTESIAN_POINT('',(0.604749203333,0.));
#7923 = CARTESIAN_POINT('',(0.628008121923,0.));
#7924 = CARTESIAN_POINT('',(0.651268411339,0.));
#7925 = CARTESIAN_POINT('',(0.67452769746,0.));
#7926 = CARTESIAN_POINT('',(0.709416927954,0.));
#7927 = CARTESIAN_POINT('',(0.72104665969,0.));
#7928 = CARTESIAN_POINT('',(0.732676383127,0.));
#7929 = CARTESIAN_POINT('',(0.744306101723,0.));
#7930 = CARTESIAN_POINT('',(0.755935818943,0.));
#7931 = CARTESIAN_POINT('',(0.767565538245,0.));
#7932 = CARTESIAN_POINT('',(0.779195263093,0.));
#7933 = CARTESIAN_POINT('',(0.790824996946,0.));
#7934 = CARTESIAN_POINT('',(0.802454743268,0.));
#7935 = CARTESIAN_POINT('',(0.825714267769,0.));
#7936 = CARTESIAN_POINT('',(0.83734404264,0.));
#7937 = CARTESIAN_POINT('',(0.848973172051,0.));
#7938 = CARTESIAN_POINT('',(0.860595731057,0.));
#7939 = CARTESIAN_POINT('',(0.87225160003,0.));
#7940 = CARTESIAN_POINT('',(0.883843928748,0.));
#7941 = CARTESIAN_POINT('',(0.895500883631,0.));
#7942 = CARTESIAN_POINT('',(0.907121655246,0.));
#7943 = CARTESIAN_POINT('',(0.918751867338,0.));
#7944 = CARTESIAN_POINT('',(0.930381669106,0.));
#7945 = ( GEOMETRIC_REPRESENTATION_CONTEXT(2) 
PARAMETRIC_REPRESENTATION_CONTEXT() REPRESENTATION_CONTEXT('2D SPACE',''
  ) );
#7946 = ADVANCED_FACE('',(#7947),#7569,.F.);
#7947 = FACE_BOUND('',#7948,.F.);
#7948 = EDGE_LOOP('',(#7949,#7950,#7951,#7984));
#7949 = ORIENTED_EDGE('',*,*,#7556,.F.);
#7950 = ORIENTED_EDGE('',*,*,#7630,.T.);
#7951 = ORIENTED_EDGE('',*,*,#7952,.T.);
#7952 = EDGE_CURVE('',#7596,#7723,#7953,.T.);
#7953 = SURFACE_CURVE('',#7954,(#7957,#7964),.PCURVE_S1.);
#7954 = B_SPLINE_CURVE_WITH_KNOTS('',1,(#7955,#7956),.UNSPECIFIED.,.F.,
  .F.,(2,2),(0.,1.),.PIECEWISE_BEZIER_KNOTS.);
#7955 = CARTESIAN_POINT('',(32.25878239416,11.999999999999,
    2.939152317953E-15));
#7956 = CARTESIAN_POINT('',(33.896648448358,7.499999999999,
    1.836970198721E-15));
#7957 = PCURVE('',#7569,#7958);
#7958 = DEFINITIONAL_REPRESENTATION('',(#7959),#7963);
#7959 = LINE('',#7960,#7961);
#7960 = CARTESIAN_POINT('',(1.,0.));
#7961 = VECTOR('',#7962,1.);
#7962 = DIRECTION('',(0.,1.));
#7963 = ( GEOMETRIC_REPRESENTATION_CONTEXT(2) 
PARAMETRIC_REPRESENTATION_CONTEXT() REPRESENTATION_CONTEXT('2D SPACE',''
  ) );
#7964 = PCURVE('',#7965,#7978);
#7965 = B_SPLINE_SURFACE_WITH_KNOTS('',5,1,(
    (#7966,#7967)
    ,(#7968,#7969)
    ,(#7970,#7971)
    ,(#7972,#7973)
    ,(#7974,#7975)
    ,(#7976,#7977
    )),.UNSPECIFIED.,.F.,.F.,.F.,(6,6),(2,2),(0.,1.),(0.,1.),
  .PIECEWISE_BEZIER_KNOTS.);
#7966 = CARTESIAN_POINT('',(32.25878239416,11.999999999999,0.));
#7967 = CARTESIAN_POINT('',(33.896648448358,7.499999999999,0.));
#7968 = CARTESIAN_POINT('',(32.885201902123,11.994335677749,
    -7.439727252697));
#7969 = CARTESIAN_POINT('',(34.523067956321,7.496459798593,
    -4.649829532936));
#7970 = CARTESIAN_POINT('',(33.520198630404,6.145997081766,
    -15.47312811673));
#7971 = CARTESIAN_POINT('',(35.158064684602,3.841248176104,
    -9.670705072962));
#7972 = CARTESIAN_POINT('',(34.138958811507,-6.145997081766,
    -15.47312811674));
#7973 = CARTESIAN_POINT('',(35.776824865705,-3.841248176104,
    -9.670705072962));
#7974 = CARTESIAN_POINT('',(34.773955539787,-11.99433567774,
    -7.439727252697));
#7975 = CARTESIAN_POINT('',(36.411821593985,-7.496459798593,
    -4.649829532936));
#7976 = CARTESIAN_POINT('',(35.40037504775,-11.99999999999,
    -1.469576158977E-15));
#7977 = CARTESIAN_POINT('',(37.038241101948,-7.499999999999,
    -9.184850993604E-16));
#7978 = DEFINITIONAL_REPRESENTATION('',(#7979),#7983);
#7979 = LINE('',#7980,#7981);
#7980 = CARTESIAN_POINT('',(0.,0.));
#7981 = VECTOR('',#7982,1.);
#7982 = DIRECTION('',(0.,1.));
#7983 = ( GEOMETRIC_REPRESENTATION_CONTEXT(2) 
PARAMETRIC_REPRESENTATION_CONTEXT() REPRESENTATION_CONTEXT('2D SPACE',''
  ) );
#7984 = ORIENTED_EDGE('',*,*,#7722,.F.);
#7985 = ADVANCED_FACE('',(#7986),#7610,.F.);
#7986 = FACE_BOUND('',#7987,.F.);
#7987 = EDGE_LOOP('',(#7988,#7989,#7990,#8025,#8090));
#7988 = ORIENTED_EDGE('',*,*,#7595,.F.);
#7989 = ORIENTED_EDGE('',*,*,#7694,.T.);
#7990 = ORIENTED_EDGE('',*,*,#7991,.T.);
#7991 = EDGE_CURVE('',#7660,#7992,#7994,.T.);
#7992 = VERTEX_POINT('',#7993);
#7993 = CARTESIAN_POINT('',(35.,-11.99999999999,-1.469576158977E-15));
#7994 = SURFACE_CURVE('',#7995,(#7998,#8005),.PCURVE_S1.);
#7995 = B_SPLINE_CURVE_WITH_KNOTS('',1,(#7996,#7997),.UNSPECIFIED.,.F.,
  .F.,(2,2),(0.,1.),.PIECEWISE_BEZIER_KNOTS.);
#7996 = CARTESIAN_POINT('',(33.714663331225,-11.99999999999,
    -1.469576158977E-15));
#7997 = CARTESIAN_POINT('',(35.40037504775,-11.99999999999,
    -1.469576158977E-15));
#7998 = PCURVE('',#7610,#7999);
#7999 = DEFINITIONAL_REPRESENTATION('',(#8000),#8004);
#8000 = LINE('',#8001,#8002);
#8001 = CARTESIAN_POINT('',(1.,0.));
#8002 = VECTOR('',#8003,1.);
#8003 = DIRECTION('',(0.,1.));
#8004 = ( GEOMETRIC_REPRESENTATION_CONTEXT(2) 
PARAMETRIC_REPRESENTATION_CONTEXT() REPRESENTATION_CONTEXT('2D SPACE',''
  ) );
#8005 = PCURVE('',#8006,#8019);
#8006 = B_SPLINE_SURFACE_WITH_KNOTS('',5,1,(
    (#8007,#8008)
    ,(#8009,#8010)
    ,(#8011,#8012)
    ,(#8013,#8014)
    ,(#8015,#8016)
    ,(#8017,#8018
    )),.UNSPECIFIED.,.F.,.F.,.F.,(6,6),(2,2),(0.,1.),(0.,1.),
  .PIECEWISE_BEZIER_KNOTS.);
#8007 = CARTESIAN_POINT('',(33.714663331225,-11.99999999999,
    -1.469576158977E-15));
#8008 = CARTESIAN_POINT('',(35.40037504775,-11.99999999999,
    -1.469576158977E-15));
#8009 = CARTESIAN_POINT('',(34.341077122028,-11.99437204352,
    7.439710133806));
#8010 = CARTESIAN_POINT('',(36.026788838553,-11.99437204352,
    7.439710133806));
#8011 = CARTESIAN_POINT('',(34.976093973704,-6.145894572788,
    15.473143664178));
#8012 = CARTESIAN_POINT('',(36.661805690229,-6.145894572788,
    15.473143664178));
#8013 = CARTESIAN_POINT('',(35.594825342336,6.145894572788,
    15.473143664179));
#8014 = CARTESIAN_POINT('',(37.280537058861,6.145894572788,
    15.473143664179));
#8015 = CARTESIAN_POINT('',(36.229842194012,11.994372043523,
    7.439710133805));
#8016 = CARTESIAN_POINT('',(37.915553910537,11.994372043523,
    7.439710133805));
#8017 = CARTESIAN_POINT('',(36.856255984815,11.999999999999,
    2.939152317953E-15));
#8018 = CARTESIAN_POINT('',(38.54196770134,11.999999999999,
    2.939152317953E-15));
#8019 = DEFINITIONAL_REPRESENTATION('',(#8020),#8024);
#8020 = LINE('',#8021,#8022);
#8021 = CARTESIAN_POINT('',(0.,0.));
#8022 = VECTOR('',#8023,1.);
#8023 = DIRECTION('',(0.,1.));
#8024 = ( GEOMETRIC_REPRESENTATION_CONTEXT(2) 
PARAMETRIC_REPRESENTATION_CONTEXT() REPRESENTATION_CONTEXT('2D SPACE',''
  ) );
#8025 = ORIENTED_EDGE('',*,*,#8026,.T.);
#8026 = EDGE_CURVE('',#7992,#8027,#8029,.T.);
#8027 = VERTEX_POINT('',#8028);
#8028 = CARTESIAN_POINT('',(35.,-11.05066906131,-4.672820917689));
#8029 = SURFACE_CURVE('',#8030,(#8043,#8069),.PCURVE_S1.);
#8030 = B_SPLINE_CURVE_WITH_KNOTS('',6,(#8031,#8032,#8033,#8034,#8035,
    #8036,#8037,#8038,#8039,#8040,#8041,#8042),.UNSPECIFIED.,.F.,.F.,(7,
    5,7),(0.,0.647190755939,1.),.UNSPECIFIED.);
#8031 = CARTESIAN_POINT('',(35.,-11.99999999999,1.7763568394E-15));
#8032 = CARTESIAN_POINT('',(35.,-11.99960834585,-0.517735581396));
#8033 = CARTESIAN_POINT('',(35.,-11.97205457785,-1.035440199819));
#8034 = CARTESIAN_POINT('',(35.,-11.91771126122,-1.55136300018));
#8035 = CARTESIAN_POINT('',(35.,-11.83689404732,-2.063788204913));
#8036 = CARTESIAN_POINT('',(35.,-11.72996683164,-2.57104569648));
#8037 = CARTESIAN_POINT('',(35.,-11.52506386273,-3.344338128942));
#8038 = CARTESIAN_POINT('',(35.,-11.44514068138,-3.615140732042));
#8039 = CARTESIAN_POINT('',(35.,-11.35765663691,-3.883654392454));
#8040 = CARTESIAN_POINT('',(35.,-11.26268987074,-4.149614007769));
#8041 = CARTESIAN_POINT('',(35.,-11.16032785105,-4.412756816859));
#8042 = CARTESIAN_POINT('',(35.,-11.05066921489,-4.672823016315));
#8043 = PCURVE('',#7610,#8044);
#8044 = DEFINITIONAL_REPRESENTATION('',(#8045),#8068);
#8045 = B_SPLINE_CURVE_WITH_KNOTS('',11,(#8046,#8047,#8048,#8049,#8050,
    #8051,#8052,#8053,#8054,#8055,#8056,#8057,#8058,#8059,#8060,#8061,
    #8062,#8063,#8064,#8065,#8066,#8067),.UNSPECIFIED.,.F.,.F.,(12,10,12
    ),(0.,0.5,1.),.UNSPECIFIED.);
#8046 = CARTESIAN_POINT('',(1.,0.762489016464));
#8047 = CARTESIAN_POINT('',(0.994134861692,0.773386501143));
#8048 = CARTESIAN_POINT('',(0.988283008023,0.784263164392));
#8049 = CARTESIAN_POINT('',(0.982438424628,0.795129917074));
#8050 = CARTESIAN_POINT('',(0.976608156092,0.805973414843));
#8051 = CARTESIAN_POINT('',(0.970785926745,0.81680508575));
#8052 = CARTESIAN_POINT('',(0.964968914853,0.827629951955));
#8053 = CARTESIAN_POINT('',(0.959160572397,0.838441387521));
#8054 = CARTESIAN_POINT('',(0.95336040917,0.849240104958));
#8055 = CARTESIAN_POINT('',(0.947562868016,0.860036244824));
#8056 = CARTESIAN_POINT('',(0.941771808318,0.870822455674));
#8057 = CARTESIAN_POINT('',(0.930197565088,0.892384135427));
#8058 = CARTESIAN_POINT('',(0.92441411279,0.903160107431));
#8059 = CARTESIAN_POINT('',(0.918638740854,0.913922813736));
#8060 = CARTESIAN_POINT('',(0.912850759448,0.924710669288));
#8061 = CARTESIAN_POINT('',(0.907098722285,0.935432986374));
#8062 = CARTESIAN_POINT('',(0.90130143485,0.946241014143));
#8063 = CARTESIAN_POINT('',(0.895550493069,0.956963824238));
#8064 = CARTESIAN_POINT('',(0.889774282013,0.967734817705));
#8065 = CARTESIAN_POINT('',(0.884008131515,0.978487995577));
#8066 = CARTESIAN_POINT('',(0.878240736218,0.98924431997));
#8067 = CARTESIAN_POINT('',(0.8724740695,1.));
#8068 = ( GEOMETRIC_REPRESENTATION_CONTEXT(2) 
PARAMETRIC_REPRESENTATION_CONTEXT() REPRESENTATION_CONTEXT('2D SPACE',''
  ) );
#8069 = PCURVE('',#8070,#8075);
#8070 = PLANE('',#8071);
#8071 = AXIS2_PLACEMENT_3D('',#8072,#8073,#8074);
#8072 = CARTESIAN_POINT('',(35.,-2.223258863976,1.052958393774));
#8073 = DIRECTION('',(1.,0.,0.));
#8074 = DIRECTION('',(-0.,0.,1.));
#8075 = DEFINITIONAL_REPRESENTATION('',(#8076),#8089);
#8076 = B_SPLINE_CURVE_WITH_KNOTS('',6,(#8077,#8078,#8079,#8080,#8081,
    #8082,#8083,#8084,#8085,#8086,#8087,#8088),.UNSPECIFIED.,.F.,.F.,(7,
    5,7),(0.,0.647190755939,1.),.UNSPECIFIED.);
#8077 = CARTESIAN_POINT('',(-1.052958393774,9.776741136023));
#8078 = CARTESIAN_POINT('',(-1.57069397517,9.776349481877));
#8079 = CARTESIAN_POINT('',(-2.088398593594,9.748795713881));
#8080 = CARTESIAN_POINT('',(-2.604321393954,9.694452397243));
#8081 = CARTESIAN_POINT('',(-3.116746598687,9.613635183346));
#8082 = CARTESIAN_POINT('',(-3.624004090255,9.506707967671));
#8083 = CARTESIAN_POINT('',(-4.397296522716,9.301804998754));
#8084 = CARTESIAN_POINT('',(-4.668099125817,9.221881817409));
#8085 = CARTESIAN_POINT('',(-4.936612786229,9.134397772941));
#8086 = CARTESIAN_POINT('',(-5.202572401543,9.039431006763));
#8087 = CARTESIAN_POINT('',(-5.465715210633,8.93706898708));
#8088 = CARTESIAN_POINT('',(-5.72578141009,8.827410350915));
#8089 = ( GEOMETRIC_REPRESENTATION_CONTEXT(2) 
PARAMETRIC_REPRESENTATION_CONTEXT() REPRESENTATION_CONTEXT('2D SPACE',''
  ) );
#8090 = ORIENTED_EDGE('',*,*,#8091,.F.);
#8091 = EDGE_CURVE('',#7596,#8027,#8092,.T.);
#8092 = SURFACE_CURVE('',#8093,(#8100,#8124),.PCURVE_S1.);
#8093 = B_SPLINE_CURVE_WITH_KNOTS('',5,(#8094,#8095,#8096,#8097,#8098,
    #8099),.UNSPECIFIED.,.F.,.F.,(6,6),(0.,1.),
  .PIECEWISE_BEZIER_KNOTS.);
#8094 = CARTESIAN_POINT('',(32.25878239416,11.999999999999,0.));
#8095 = CARTESIAN_POINT('',(32.885201902123,11.994335677749,
    -7.439727252697));
#8096 = CARTESIAN_POINT('',(33.520198630404,6.145997081766,
    -15.47312811673));
#8097 = CARTESIAN_POINT('',(34.138958811507,-6.145997081766,
    -15.47312811674));
#8098 = CARTESIAN_POINT('',(34.773955539787,-11.99433567774,
    -7.439727252697));
#8099 = CARTESIAN_POINT('',(35.40037504775,-11.99999999999,
    -1.469576158977E-15));
#8100 = PCURVE('',#7610,#8101);
#8101 = DEFINITIONAL_REPRESENTATION('',(#8102),#8123);
#8102 = B_SPLINE_CURVE_WITH_KNOTS('',10,(#8103,#8104,#8105,#8106,#8107,
    #8108,#8109,#8110,#8111,#8112,#8113,#8114,#8115,#8116,#8117,#8118,
    #8119,#8120,#8121,#8122),.UNSPECIFIED.,.F.,.F.,(11,9,11),(0.,
    0.436237158342,0.872474316684),.UNSPECIFIED.);
#8103 = CARTESIAN_POINT('',(0.,1.));
#8104 = CARTESIAN_POINT('',(4.362381846983E-02,1.));
#8105 = CARTESIAN_POINT('',(8.724745397252E-02,1.));
#8106 = CARTESIAN_POINT('',(0.13087107228,1.));
#8107 = CARTESIAN_POINT('',(0.174494744847,0.999999999999));
#8108 = CARTESIAN_POINT('',(0.218118476579,1.000000000001));
#8109 = CARTESIAN_POINT('',(0.2617422336,1.));
#8110 = CARTESIAN_POINT('',(0.305365971021,1.));
#8111 = CARTESIAN_POINT('',(0.348989660711,1.));
#8112 = CARTESIAN_POINT('',(0.392613319059,1.));
#8113 = CARTESIAN_POINT('',(0.479860750441,1.));
#8114 = CARTESIAN_POINT('',(0.523484805757,1.));
#8115 = CARTESIAN_POINT('',(0.567104888225,1.));
#8116 = CARTESIAN_POINT('',(0.610741698985,1.000000000001));
#8117 = CARTESIAN_POINT('',(0.654343527489,0.999999999999));
#8118 = CARTESIAN_POINT('',(0.697988981445,1.000000000001));
#8119 = CARTESIAN_POINT('',(0.741599793857,1.));
#8120 = CARTESIAN_POINT('',(0.78522699233,1.));
#8121 = CARTESIAN_POINT('',(0.828850385446,1.));
#8122 = CARTESIAN_POINT('',(0.8724740695,1.));
#8123 = ( GEOMETRIC_REPRESENTATION_CONTEXT(2) 
PARAMETRIC_REPRESENTATION_CONTEXT() REPRESENTATION_CONTEXT('2D SPACE',''
  ) );
#8124 = PCURVE('',#7965,#8125);
#8125 = DEFINITIONAL_REPRESENTATION('',(#8126),#8130);
#8126 = LINE('',#8127,#8128);
#8127 = CARTESIAN_POINT('',(0.,0.));
#8128 = VECTOR('',#8129,1.);
#8129 = DIRECTION('',(1.,0.));
#8130 = ( GEOMETRIC_REPRESENTATION_CONTEXT(2) 
PARAMETRIC_REPRESENTATION_CONTEXT() REPRESENTATION_CONTEXT('2D SPACE',''
  ) );
#8131 = ADVANCED_FACE('',(#8132),#7674,.F.);
#8132 = FACE_BOUND('',#8133,.F.);
#8133 = EDGE_LOOP('',(#8134,#8135,#8136,#8234,#8332));
#8134 = ORIENTED_EDGE('',*,*,#7659,.F.);
#8135 = ORIENTED_EDGE('',*,*,#7861,.T.);
#8136 = ORIENTED_EDGE('',*,*,#8137,.T.);
#8137 = EDGE_CURVE('',#7811,#8138,#8140,.T.);
#8138 = VERTEX_POINT('',#8139);
#8139 = CARTESIAN_POINT('',(35.,7.322114075902,1.623775064311));
#8140 = SURFACE_CURVE('',#8141,(#8168,#8204),.PCURVE_S1.);
#8141 = B_SPLINE_CURVE_WITH_KNOTS('',7,(#8142,#8143,#8144,#8145,#8146,
    #8147,#8148,#8149,#8150,#8151,#8152,#8153,#8154,#8155,#8156,#8157,
    #8158,#8159,#8160,#8161,#8162,#8163,#8164,#8165,#8166,#8167),
  .UNSPECIFIED.,.F.,.F.,(8,6,6,6,8),(0.,0.133399089304,0.338766039172,
    0.600425301111,1.),.UNSPECIFIED.);
#8142 = CARTESIAN_POINT('',(35.,7.321476872093,1.618990262618));
#8143 = CARTESIAN_POINT('',(35.,7.363363600733,1.932709660807));
#8144 = CARTESIAN_POINT('',(35.,7.389021077187,2.24858566481));
#8145 = CARTESIAN_POINT('',(35.,7.398743382989,2.565573643363));
#8146 = CARTESIAN_POINT('',(35.,7.392835498593,2.882700615345));
#8147 = CARTESIAN_POINT('',(35.,7.371628111499,3.199064558754));
#8148 = CARTESIAN_POINT('',(35.,7.335479930463,3.513834048027));
#8149 = CARTESIAN_POINT('',(35.,7.206696088391,4.30720761652));
#8150 = CARTESIAN_POINT('',(35.,7.094112634329,4.782552329371));
#8151 = CARTESIAN_POINT('',(35.,6.948404391893,5.249476060345));
#8152 = CARTESIAN_POINT('',(35.,6.771102488138,5.705470654767));
#8153 = CARTESIAN_POINT('',(35.,6.563876956893,6.148321030032));
#8154 = CARTESIAN_POINT('',(35.,6.328511653612,6.57609449945));
#8155 = CARTESIAN_POINT('',(35.,5.733485915182,7.510820267394));
#8156 = CARTESIAN_POINT('',(35.,5.357447178201,8.00732358678));
#8157 = CARTESIAN_POINT('',(35.,4.942565327201,8.473216074951));
#8158 = CARTESIAN_POINT('',(35.,4.492814303593,8.905808136084));
#8159 = CARTESIAN_POINT('',(35.,4.012209450336,9.303030332603));
#8160 = CARTESIAN_POINT('',(35.,3.504720938969,9.663345908783));
#8161 = CARTESIAN_POINT('',(35.,2.164078931517,10.477921300297));
#8162 = CARTESIAN_POINT('',(35.,1.300362146406,10.881534431632));
#8163 = CARTESIAN_POINT('',(35.,0.396477251336,11.192967772925));
#8164 = CARTESIAN_POINT('',(35.,-0.534838679472,11.410895393716));
#8165 = CARTESIAN_POINT('',(35.,-1.481711166258,11.535580660186));
#8166 = CARTESIAN_POINT('',(35.,-2.433190900664,11.568625117088));
#8167 = CARTESIAN_POINT('',(35.,-3.379323778754,11.512720306183));
#8168 = PCURVE('',#7674,#8169);
#8169 = DEFINITIONAL_REPRESENTATION('',(#8170),#8203);
#8170 = B_SPLINE_CURVE_WITH_KNOTS('',11,(#8171,#8172,#8173,#8174,#8175,
    #8176,#8177,#8178,#8179,#8180,#8181,#8182,#8183,#8184,#8185,#8186,
    #8187,#8188,#8189,#8190,#8191,#8192,#8193,#8194,#8195,#8196,#8197,
    #8198,#8199,#8200,#8201,#8202),.UNSPECIFIED.,.F.,.F.,(12,10,10,12),(
    0.,0.5,0.75,1.),.UNSPECIFIED.);
#8171 = CARTESIAN_POINT('',(0.930381669106,0.));
#8172 = CARTESIAN_POINT('',(0.90030726027,5.767129988733E-02));
#8173 = CARTESIAN_POINT('',(0.871346660479,0.113257628461));
#8174 = CARTESIAN_POINT('',(0.843297467571,0.167117544457));
#8175 = CARTESIAN_POINT('',(0.816062926367,0.219420855121));
#8176 = CARTESIAN_POINT('',(0.789496509077,0.270438923035));
#8177 = CARTESIAN_POINT('',(0.763644993441,0.320076720205));
#8178 = CARTESIAN_POINT('',(0.738316014649,0.368700624219));
#8179 = CARTESIAN_POINT('',(0.713610227551,0.416116658441));
#8180 = CARTESIAN_POINT('',(0.689409265507,0.462552369433));
#8181 = CARTESIAN_POINT('',(0.66571347821,0.508008157147));
#8182 = CARTESIAN_POINT('',(0.630876693632,0.57482189263));
#8183 = CARTESIAN_POINT('',(0.619382367592,0.596864583694));
#8184 = CARTESIAN_POINT('',(0.60800304533,0.618684540158));
#8185 = CARTESIAN_POINT('',(0.596734355243,0.640290367153));
#8186 = CARTESIAN_POINT('',(0.585574165929,0.661686393761));
#8187 = CARTESIAN_POINT('',(0.574520756959,0.682876171243));
#8188 = CARTESIAN_POINT('',(0.56357080667,0.703866323043));
#8189 = CARTESIAN_POINT('',(0.552719724998,0.724665901619));
#8190 = CARTESIAN_POINT('',(0.541964061087,0.745281770115));
#8191 = CARTESIAN_POINT('',(0.53130291708,0.765715890065));
#8192 = CARTESIAN_POINT('',(0.510162085326,0.806235628599));
#8193 = CARTESIAN_POINT('',(0.499682599694,0.826320854519));
#8194 = CARTESIAN_POINT('',(0.489291475386,0.846236598504));
#8195 = CARTESIAN_POINT('',(0.478986262392,0.865987777816));
#8196 = CARTESIAN_POINT('',(0.468764629614,0.885579065562));
#8197 = CARTESIAN_POINT('',(0.458624364866,0.905014890699));
#8198 = CARTESIAN_POINT('',(0.448563374869,0.924299438028));
#8199 = CARTESIAN_POINT('',(0.438579685262,0.943436648203));
#8200 = CARTESIAN_POINT('',(0.428671440587,0.962430217717));
#8201 = CARTESIAN_POINT('',(0.418836904305,0.981283598919));
#8202 = CARTESIAN_POINT('',(0.409074458783,1.));
#8203 = ( GEOMETRIC_REPRESENTATION_CONTEXT(2) 
PARAMETRIC_REPRESENTATION_CONTEXT() REPRESENTATION_CONTEXT('2D SPACE',''
  ) );
#8204 = PCURVE('',#7846,#8205);
#8205 = DEFINITIONAL_REPRESENTATION('',(#8206),#8233);
#8206 = B_SPLINE_CURVE_WITH_KNOTS('',7,(#8207,#8208,#8209,#8210,#8211,
    #8212,#8213,#8214,#8215,#8216,#8217,#8218,#8219,#8220,#8221,#8222,
    #8223,#8224,#8225,#8226,#8227,#8228,#8229,#8230,#8231,#8232),
  .UNSPECIFIED.,.F.,.F.,(8,6,6,6,8),(0.,0.133399089304,0.338766039172,
    0.600425301111,1.),.UNSPECIFIED.);
#8207 = CARTESIAN_POINT('',(1.618990262618,-7.321476872093));
#8208 = CARTESIAN_POINT('',(1.932709660807,-7.363363600733));
#8209 = CARTESIAN_POINT('',(2.24858566481,-7.389021077187));
#8210 = CARTESIAN_POINT('',(2.565573643363,-7.398743382989));
#8211 = CARTESIAN_POINT('',(2.882700615345,-7.392835498593));
#8212 = CARTESIAN_POINT('',(3.199064558754,-7.371628111499));
#8213 = CARTESIAN_POINT('',(3.513834048027,-7.335479930463));
#8214 = CARTESIAN_POINT('',(4.30720761652,-7.206696088391));
#8215 = CARTESIAN_POINT('',(4.782552329371,-7.094112634329));
#8216 = CARTESIAN_POINT('',(5.249476060345,-6.948404391893));
#8217 = CARTESIAN_POINT('',(5.705470654767,-6.771102488138));
#8218 = CARTESIAN_POINT('',(6.148321030032,-6.563876956893));
#8219 = CARTESIAN_POINT('',(6.57609449945,-6.328511653612));
#8220 = CARTESIAN_POINT('',(7.510820267394,-5.733485915182));
#8221 = CARTESIAN_POINT('',(8.00732358678,-5.357447178201));
#8222 = CARTESIAN_POINT('',(8.473216074951,-4.942565327201));
#8223 = CARTESIAN_POINT('',(8.905808136084,-4.492814303593));
#8224 = CARTESIAN_POINT('',(9.303030332603,-4.012209450336));
#8225 = CARTESIAN_POINT('',(9.663345908783,-3.504720938969));
#8226 = CARTESIAN_POINT('',(10.477921300297,-2.164078931517));
#8227 = CARTESIAN_POINT('',(10.881534431632,-1.300362146406));
#8228 = CARTESIAN_POINT('',(11.192967772925,-0.396477251336));
#8229 = CARTESIAN_POINT('',(11.410895393716,0.534838679472));
#8230 = CARTESIAN_POINT('',(11.535580660186,1.481711166258));
#8231 = CARTESIAN_POINT('',(11.568625117088,2.433190900664));
#8232 = CARTESIAN_POINT('',(11.512720306183,3.379323778754));
#8233 = ( GEOMETRIC_REPRESENTATION_CONTEXT(2) 
PARAMETRIC_REPRESENTATION_CONTEXT() REPRESENTATION_CONTEXT('2D SPACE',''
  ) );
#8234 = ORIENTED_EDGE('',*,*,#8235,.T.);
#8235 = EDGE_CURVE('',#8138,#8236,#8238,.T.);
#8236 = VERTEX_POINT('',#8237);
#8237 = CARTESIAN_POINT('',(35.,-3.379324690554,11.512721034111));
#8238 = SURFACE_CURVE('',#8239,(#8266,#8302),.PCURVE_S1.);
#8239 = B_SPLINE_CURVE_WITH_KNOTS('',7,(#8240,#8241,#8242,#8243,#8244,
    #8245,#8246,#8247,#8248,#8249,#8250,#8251,#8252,#8253,#8254,#8255,
    #8256,#8257,#8258,#8259,#8260,#8261,#8262,#8263,#8264,#8265),
  .UNSPECIFIED.,.F.,.F.,(8,6,6,6,8),(0.,0.133399089304,0.338766039172,
    0.600425301111,1.),.UNSPECIFIED.);
#8240 = CARTESIAN_POINT('',(35.,7.321476872093,1.618990262618));
#8241 = CARTESIAN_POINT('',(35.,7.363363600733,1.932709660807));
#8242 = CARTESIAN_POINT('',(35.,7.389021077187,2.24858566481));
#8243 = CARTESIAN_POINT('',(35.,7.398743382989,2.565573643363));
#8244 = CARTESIAN_POINT('',(35.,7.392835498593,2.882700615345));
#8245 = CARTESIAN_POINT('',(35.,7.371628111499,3.199064558754));
#8246 = CARTESIAN_POINT('',(35.,7.335479930463,3.513834048027));
#8247 = CARTESIAN_POINT('',(35.,7.206696088391,4.30720761652));
#8248 = CARTESIAN_POINT('',(35.,7.094112634329,4.782552329371));
#8249 = CARTESIAN_POINT('',(35.,6.948404391893,5.249476060345));
#8250 = CARTESIAN_POINT('',(35.,6.771102488138,5.705470654767));
#8251 = CARTESIAN_POINT('',(35.,6.563876956893,6.148321030032));
#8252 = CARTESIAN_POINT('',(35.,6.328511653612,6.57609449945));
#8253 = CARTESIAN_POINT('',(35.,5.733485915182,7.510820267394));
#8254 = CARTESIAN_POINT('',(35.,5.357447178201,8.00732358678));
#8255 = CARTESIAN_POINT('',(35.,4.942565327201,8.473216074951));
#8256 = CARTESIAN_POINT('',(35.,4.492814303593,8.905808136084));
#8257 = CARTESIAN_POINT('',(35.,4.012209450336,9.303030332603));
#8258 = CARTESIAN_POINT('',(35.,3.504720938969,9.663345908783));
#8259 = CARTESIAN_POINT('',(35.,2.164078931517,10.477921300297));
#8260 = CARTESIAN_POINT('',(35.,1.300362146406,10.881534431632));
#8261 = CARTESIAN_POINT('',(35.,0.396477251336,11.192967772925));
#8262 = CARTESIAN_POINT('',(35.,-0.534838679472,11.410895393716));
#8263 = CARTESIAN_POINT('',(35.,-1.481711166258,11.535580660186));
#8264 = CARTESIAN_POINT('',(35.,-2.433190900664,11.568625117088));
#8265 = CARTESIAN_POINT('',(35.,-3.379323778754,11.512720306183));
#8266 = PCURVE('',#7674,#8267);
#8267 = DEFINITIONAL_REPRESENTATION('',(#8268),#8301);
#8268 = B_SPLINE_CURVE_WITH_KNOTS('',11,(#8269,#8270,#8271,#8272,#8273,
    #8274,#8275,#8276,#8277,#8278,#8279,#8280,#8281,#8282,#8283,#8284,
    #8285,#8286,#8287,#8288,#8289,#8290,#8291,#8292,#8293,#8294,#8295,
    #8296,#8297,#8298,#8299,#8300),.UNSPECIFIED.,.F.,.F.,(12,10,10,12),(
    0.,0.5,0.75,1.),.UNSPECIFIED.);
#8269 = CARTESIAN_POINT('',(0.930381669106,0.));
#8270 = CARTESIAN_POINT('',(0.90030726027,5.767129988733E-02));
#8271 = CARTESIAN_POINT('',(0.871346660479,0.113257628461));
#8272 = CARTESIAN_POINT('',(0.843297467571,0.167117544457));
#8273 = CARTESIAN_POINT('',(0.816062926367,0.219420855121));
#8274 = CARTESIAN_POINT('',(0.789496509077,0.270438923035));
#8275 = CARTESIAN_POINT('',(0.763644993441,0.320076720205));
#8276 = CARTESIAN_POINT('',(0.738316014649,0.368700624219));
#8277 = CARTESIAN_POINT('',(0.713610227551,0.416116658441));
#8278 = CARTESIAN_POINT('',(0.689409265507,0.462552369433));
#8279 = CARTESIAN_POINT('',(0.66571347821,0.508008157147));
#8280 = CARTESIAN_POINT('',(0.630876693632,0.57482189263));
#8281 = CARTESIAN_POINT('',(0.619382367592,0.596864583694));
#8282 = CARTESIAN_POINT('',(0.60800304533,0.618684540158));
#8283 = CARTESIAN_POINT('',(0.596734355243,0.640290367153));
#8284 = CARTESIAN_POINT('',(0.585574165929,0.661686393761));
#8285 = CARTESIAN_POINT('',(0.574520756959,0.682876171243));
#8286 = CARTESIAN_POINT('',(0.56357080667,0.703866323043));
#8287 = CARTESIAN_POINT('',(0.552719724998,0.724665901619));
#8288 = CARTESIAN_POINT('',(0.541964061087,0.745281770115));
#8289 = CARTESIAN_POINT('',(0.53130291708,0.765715890065));
#8290 = CARTESIAN_POINT('',(0.510162085326,0.806235628599));
#8291 = CARTESIAN_POINT('',(0.499682599694,0.826320854519));
#8292 = CARTESIAN_POINT('',(0.489291475386,0.846236598504));
#8293 = CARTESIAN_POINT('',(0.478986262392,0.865987777816));
#8294 = CARTESIAN_POINT('',(0.468764629614,0.885579065562));
#8295 = CARTESIAN_POINT('',(0.458624364866,0.905014890699));
#8296 = CARTESIAN_POINT('',(0.448563374869,0.924299438028));
#8297 = CARTESIAN_POINT('',(0.438579685262,0.943436648203));
#8298 = CARTESIAN_POINT('',(0.428671440587,0.962430217717));
#8299 = CARTESIAN_POINT('',(0.418836904305,0.981283598919));
#8300 = CARTESIAN_POINT('',(0.409074458783,1.));
#8301 = ( GEOMETRIC_REPRESENTATION_CONTEXT(2) 
PARAMETRIC_REPRESENTATION_CONTEXT() REPRESENTATION_CONTEXT('2D SPACE',''
  ) );
#8302 = PCURVE('',#8070,#8303);
#8303 = DEFINITIONAL_REPRESENTATION('',(#8304),#8331);
#8304 = B_SPLINE_CURVE_WITH_KNOTS('',7,(#8305,#8306,#8307,#8308,#8309,
    #8310,#8311,#8312,#8313,#8314,#8315,#8316,#8317,#8318,#8319,#8320,
    #8321,#8322,#8323,#8324,#8325,#8326,#8327,#8328,#8329,#8330),
  .UNSPECIFIED.,.F.,.F.,(8,6,6,6,8),(0.,0.133399089304,0.338766039172,
    0.600425301111,1.),.UNSPECIFIED.);
#8305 = CARTESIAN_POINT('',(0.566031868843,-9.544735736069));
#8306 = CARTESIAN_POINT('',(0.879751267032,-9.58662246471));
#8307 = CARTESIAN_POINT('',(1.195627271036,-9.612279941163));
#8308 = CARTESIAN_POINT('',(1.512615249589,-9.622002246965));
#8309 = CARTESIAN_POINT('',(1.82974222157,-9.616094362569));
#8310 = CARTESIAN_POINT('',(2.14610616498,-9.594886975476));
#8311 = CARTESIAN_POINT('',(2.460875654252,-9.55873879444));
#8312 = CARTESIAN_POINT('',(3.254249222746,-9.429954952367));
#8313 = CARTESIAN_POINT('',(3.729593935597,-9.317371498305));
#8314 = CARTESIAN_POINT('',(4.196517666571,-9.17166325587));
#8315 = CARTESIAN_POINT('',(4.652512260992,-8.994361352114));
#8316 = CARTESIAN_POINT('',(5.095362636258,-8.78713582087));
#8317 = CARTESIAN_POINT('',(5.523136105675,-8.551770517588));
#8318 = CARTESIAN_POINT('',(6.457861873619,-7.956744779158));
#8319 = CARTESIAN_POINT('',(6.954365193005,-7.580706042178));
#8320 = CARTESIAN_POINT('',(7.420257681177,-7.165824191177));
#8321 = CARTESIAN_POINT('',(7.85284974231,-6.716073167569));
#8322 = CARTESIAN_POINT('',(8.250071938829,-6.235468314313));
#8323 = CARTESIAN_POINT('',(8.610387515009,-5.727979802946));
#8324 = CARTESIAN_POINT('',(9.424962906523,-4.387337795494));
#8325 = CARTESIAN_POINT('',(9.828576037857,-3.523621010382));
#8326 = CARTESIAN_POINT('',(10.14000937915,-2.619736115313));
#8327 = CARTESIAN_POINT('',(10.357936999942,-1.688420184504));
#8328 = CARTESIAN_POINT('',(10.482622266411,-0.741547697719));
#8329 = CARTESIAN_POINT('',(10.515666723314,0.209932036688));
#8330 = CARTESIAN_POINT('',(10.459761912408,1.156064914777));
#8331 = ( GEOMETRIC_REPRESENTATION_CONTEXT(2) 
PARAMETRIC_REPRESENTATION_CONTEXT() REPRESENTATION_CONTEXT('2D SPACE',''
  ) );
#8332 = ORIENTED_EDGE('',*,*,#8333,.F.);
#8333 = EDGE_CURVE('',#7660,#8236,#8334,.T.);
#8334 = SURFACE_CURVE('',#8335,(#8342,#8349),.PCURVE_S1.);
#8335 = B_SPLINE_CURVE_WITH_KNOTS('',5,(#8336,#8337,#8338,#8339,#8340,
    #8341),.UNSPECIFIED.,.F.,.F.,(6,6),(0.,1.),
  .PIECEWISE_BEZIER_KNOTS.);
#8336 = CARTESIAN_POINT('',(33.714663331225,-11.99999999999,
    -1.469576158977E-15));
#8337 = CARTESIAN_POINT('',(34.341082839188,-11.99433567774,
    7.439727252697));
#8338 = CARTESIAN_POINT('',(34.976079567469,-6.145997081766,
    15.473128116739));
#8339 = CARTESIAN_POINT('',(35.594839748571,6.145997081766,
    15.47312811674));
#8340 = CARTESIAN_POINT('',(36.229836476852,11.994335677749,
    7.439727252697));
#8341 = CARTESIAN_POINT('',(36.856255984815,11.999999999999,
    2.939152317953E-15));
#8342 = PCURVE('',#7674,#8343);
#8343 = DEFINITIONAL_REPRESENTATION('',(#8344),#8348);
#8344 = LINE('',#8345,#8346);
#8345 = CARTESIAN_POINT('',(0.,1.));
#8346 = VECTOR('',#8347,1.);
#8347 = DIRECTION('',(1.,0.));
#8348 = ( GEOMETRIC_REPRESENTATION_CONTEXT(2) 
PARAMETRIC_REPRESENTATION_CONTEXT() REPRESENTATION_CONTEXT('2D SPACE',''
  ) );
#8349 = PCURVE('',#8006,#8350);
#8350 = DEFINITIONAL_REPRESENTATION('',(#8351),#8354);
#8351 = B_SPLINE_CURVE_WITH_KNOTS('',1,(#8352,#8353),.UNSPECIFIED.,.F.,
  .F.,(2,2),(0.,0.409074458783),.PIECEWISE_BEZIER_KNOTS.);
#8352 = CARTESIAN_POINT('',(0.,0.));
#8353 = CARTESIAN_POINT('',(0.409074274706,0.));
#8354 = ( GEOMETRIC_REPRESENTATION_CONTEXT(2) 
PARAMETRIC_REPRESENTATION_CONTEXT() REPRESENTATION_CONTEXT('2D SPACE',''
  ) );
#8355 = ADVANCED_FACE('',(#8356),#7846,.F.);
#8356 = FACE_BOUND('',#8357,.F.);
#8357 = EDGE_LOOP('',(#8358,#8359,#8386));
#8358 = ORIENTED_EDGE('',*,*,#7810,.F.);
#8359 = ORIENTED_EDGE('',*,*,#8360,.T.);
#8360 = EDGE_CURVE('',#7776,#8138,#8361,.T.);
#8361 = SURFACE_CURVE('',#8362,(#8367,#8374),.PCURVE_S1.);
#8362 = CIRCLE('',#8363,7.5);
#8363 = AXIS2_PLACEMENT_3D('',#8364,#8365,#8366);
#8364 = CARTESIAN_POINT('',(35.,0.,0.));
#8365 = DIRECTION('',(1.,0.,0.));
#8366 = DIRECTION('',(-0.,0.,1.));
#8367 = PCURVE('',#7846,#8368);
#8368 = DEFINITIONAL_REPRESENTATION('',(#8369),#8373);
#8369 = CIRCLE('',#8370,7.5);
#8370 = AXIS2_PLACEMENT_2D('',#8371,#8372);
#8371 = CARTESIAN_POINT('',(0.,0.));
#8372 = DIRECTION('',(1.,0.));
#8373 = ( GEOMETRIC_REPRESENTATION_CONTEXT(2) 
PARAMETRIC_REPRESENTATION_CONTEXT() REPRESENTATION_CONTEXT('2D SPACE',''
  ) );
#8374 = PCURVE('',#8375,#8380);
#8375 = CYLINDRICAL_SURFACE('',#8376,7.5);
#8376 = AXIS2_PLACEMENT_3D('',#8377,#8378,#8379);
#8377 = CARTESIAN_POINT('',(35.,0.,0.));
#8378 = DIRECTION('',(1.,0.,0.));
#8379 = DIRECTION('',(-0.,0.,1.));
#8380 = DEFINITIONAL_REPRESENTATION('',(#8381),#8385);
#8381 = LINE('',#8382,#8383);
#8382 = CARTESIAN_POINT('',(0.,0.));
#8383 = VECTOR('',#8384,1.);
#8384 = DIRECTION('',(1.,0.));
#8385 = ( GEOMETRIC_REPRESENTATION_CONTEXT(2) 
PARAMETRIC_REPRESENTATION_CONTEXT() REPRESENTATION_CONTEXT('2D SPACE',''
  ) );
#8386 = ORIENTED_EDGE('',*,*,#8137,.F.);
#8387 = ADVANCED_FACE('',(#8388),#7790,.F.);
#8388 = FACE_BOUND('',#8389,.F.);
#8389 = EDGE_LOOP('',(#8390,#8391,#8472,#8550));
#8390 = ORIENTED_EDGE('',*,*,#7775,.F.);
#8391 = ORIENTED_EDGE('',*,*,#8392,.T.);
#8392 = EDGE_CURVE('',#7723,#8393,#8395,.T.);
#8393 = VERTEX_POINT('',#8394);
#8394 = CARTESIAN_POINT('',(35.,3.379669462208,-6.696517998761));
#8395 = SURFACE_CURVE('',#8396,(#8403,#8410),.PCURVE_S1.);
#8396 = B_SPLINE_CURVE_WITH_KNOTS('',5,(#8397,#8398,#8399,#8400,#8401,
    #8402),.UNSPECIFIED.,.F.,.F.,(6,6),(0.,1.),
  .PIECEWISE_BEZIER_KNOTS.);
#8397 = CARTESIAN_POINT('',(33.896648448358,7.499999999999,0.));
#8398 = CARTESIAN_POINT('',(34.52308243705,7.496402230976,
    -4.649856634508));
#8399 = CARTESIAN_POINT('',(35.158028196207,3.841410447455,
    -9.67068045996));
#8400 = CARTESIAN_POINT('',(35.7768613541,-3.841410447455,-9.67068045996
    ));
#8401 = CARTESIAN_POINT('',(36.411807113257,-7.496402230976,
    -4.649856634508));
#8402 = CARTESIAN_POINT('',(37.038241101948,-7.499999999999,
    -9.184850993604E-16));
#8403 = PCURVE('',#7790,#8404);
#8404 = DEFINITIONAL_REPRESENTATION('',(#8405),#8409);
#8405 = LINE('',#8406,#8407);
#8406 = CARTESIAN_POINT('',(0.,0.));
#8407 = VECTOR('',#8408,1.);
#8408 = DIRECTION('',(1.,0.));
#8409 = ( GEOMETRIC_REPRESENTATION_CONTEXT(2) 
PARAMETRIC_REPRESENTATION_CONTEXT() REPRESENTATION_CONTEXT('2D SPACE',''
  ) );
#8410 = PCURVE('',#7965,#8411);
#8411 = DEFINITIONAL_REPRESENTATION('',(#8412),#8471);
#8412 = B_SPLINE_CURVE_WITH_KNOTS('',9,(#8413,#8414,#8415,#8416,#8417,
    #8418,#8419,#8420,#8421,#8422,#8423,#8424,#8425,#8426,#8427,#8428,
    #8429,#8430,#8431,#8432,#8433,#8434,#8435,#8436,#8437,#8438,#8439,
    #8440,#8441,#8442,#8443,#8444,#8445,#8446,#8447,#8448,#8449,#8450,
    #8451,#8452,#8453,#8454,#8455,#8456,#8457,#8458,#8459,#8460,#8461,
    #8462,#8463,#8464,#8465,#8466,#8467,#8468,#8469,#8470),
  .UNSPECIFIED.,.F.,.F.,(10,8,8,8,8,8,8,10),(0.,4.389143607911E-02,
    8.778287215821E-02,0.175565744316,0.219457180396,0.263348616475,
    0.307240052554,0.351131488633),.UNSPECIFIED.);
#8413 = CARTESIAN_POINT('',(-3.469446951954E-18,1.));
#8414 = CARTESIAN_POINT('',(4.876856204052E-03,1.));
#8415 = CARTESIAN_POINT('',(9.754522038454E-03,1.));
#8416 = CARTESIAN_POINT('',(1.462851368304E-02,1.));
#8417 = CARTESIAN_POINT('',(1.950834147026E-02,1.));
#8418 = CARTESIAN_POINT('',(2.438559488236E-02,1.));
#8419 = CARTESIAN_POINT('',(2.925934656702E-02,1.));
#8420 = CARTESIAN_POINT('',(3.413803850244E-02,1.));
#8421 = CARTESIAN_POINT('',(3.901488656968E-02,1.));
#8422 = CARTESIAN_POINT('',(4.876853926089E-02,1.));
#8423 = CARTESIAN_POINT('',(5.364537244212E-02,1.));
#8424 = CARTESIAN_POINT('',(5.852221075916E-02,1.));
#8425 = CARTESIAN_POINT('',(6.339905251228E-02,1.));
#8426 = CARTESIAN_POINT('',(6.82758960016E-02,1.));
#8427 = CARTESIAN_POINT('',(7.315273952742E-02,1.));
#8428 = CARTESIAN_POINT('',(7.802958138988E-02,1.));
#8429 = CARTESIAN_POINT('',(8.290641988924E-02,1.));
#8430 = CARTESIAN_POINT('',(9.753692019857E-02,1.));
#8431 = CARTESIAN_POINT('',(0.107290578074,1.));
#8432 = CARTESIAN_POINT('',(0.117044227564,1.));
#8433 = CARTESIAN_POINT('',(0.126797869279,1.));
#8434 = CARTESIAN_POINT('',(0.136551503831,1.));
#8435 = CARTESIAN_POINT('',(0.146305131833,1.));
#8436 = CARTESIAN_POINT('',(0.156058753894,1.));
#8437 = CARTESIAN_POINT('',(0.165812370628,1.));
#8438 = CARTESIAN_POINT('',(0.180442788654,1.));
#8439 = CARTESIAN_POINT('',(0.185319594697,1.));
#8440 = CARTESIAN_POINT('',(0.190196400292,1.));
#8441 = CARTESIAN_POINT('',(0.195073204957,1.));
#8442 = CARTESIAN_POINT('',(0.199950008211,1.));
#8443 = CARTESIAN_POINT('',(0.20482680957,1.));
#8444 = CARTESIAN_POINT('',(0.209703608553,1.));
#8445 = CARTESIAN_POINT('',(0.214580404678,1.));
#8446 = CARTESIAN_POINT('',(0.224333990247,1.));
#8447 = CARTESIAN_POINT('',(0.229209620442,1.));
#8448 = CARTESIAN_POINT('',(0.234093590766,1.));
#8449 = CARTESIAN_POINT('',(0.238953385647,1.));
#8450 = CARTESIAN_POINT('',(0.243849203434,1.));
#8451 = CARTESIAN_POINT('',(0.248716000172,1.));
#8452 = CARTESIAN_POINT('',(0.253594021079,1.));
#8453 = CARTESIAN_POINT('',(0.258471594241,1.));
#8454 = CARTESIAN_POINT('',(0.268225256825,1.));
#8455 = CARTESIAN_POINT('',(0.273101384781,1.));
#8456 = CARTESIAN_POINT('',(0.277977022857,1.));
#8457 = CARTESIAN_POINT('',(0.282862250711,1.));
#8458 = CARTESIAN_POINT('',(0.287723389616,1.));
#8459 = CARTESIAN_POINT('',(0.292614873843,1.));
#8460 = CARTESIAN_POINT('',(0.297484624494,1.));
#8461 = CARTESIAN_POINT('',(0.302362651938,1.));
#8462 = CARTESIAN_POINT('',(0.312116564939,1.));
#8463 = CARTESIAN_POINT('',(0.316993576752,1.));
#8464 = CARTESIAN_POINT('',(0.321868683895,1.));
#8465 = CARTESIAN_POINT('',(0.326748083313,1.));
#8466 = CARTESIAN_POINT('',(0.33162435712,1.));
#8467 = CARTESIAN_POINT('',(0.336498673527,1.));
#8468 = CARTESIAN_POINT('',(0.341378436113,1.));
#8469 = CARTESIAN_POINT('',(0.346254076033,1.));
#8470 = CARTESIAN_POINT('',(0.351130900694,1.));
#8471 = ( GEOMETRIC_REPRESENTATION_CONTEXT(2) 
PARAMETRIC_REPRESENTATION_CONTEXT() REPRESENTATION_CONTEXT('2D SPACE',''
  ) );
#8472 = ORIENTED_EDGE('',*,*,#8473,.T.);
#8473 = EDGE_CURVE('',#8393,#8474,#8476,.T.);
#8474 = VERTEX_POINT('',#8475);
#8475 = CARTESIAN_POINT('',(35.,6.482569237113,-3.771776250792));
#8476 = SURFACE_CURVE('',#8477,(#8500,#8524),.PCURVE_S1.);
#8477 = B_SPLINE_CURVE_WITH_KNOTS('',6,(#8478,#8479,#8480,#8481,#8482,
    #8483,#8484,#8485,#8486,#8487,#8488,#8489,#8490,#8491,#8492,#8493,
    #8494,#8495,#8496,#8497,#8498,#8499),.UNSPECIFIED.,.F.,.F.,(7,5,5,5,
    7),(0.,0.227454230207,0.528398533171,0.76616594152,1.),
  .UNSPECIFIED.);
#8478 = CARTESIAN_POINT('',(35.,3.379668280451,-6.696519606134));
#8479 = CARTESIAN_POINT('',(35.,3.659943275446,-6.555543735944));
#8480 = CARTESIAN_POINT('',(35.,3.933124942496,-6.400455293394));
#8481 = CARTESIAN_POINT('',(35.,4.198305315084,-6.23168221745));
#8482 = CARTESIAN_POINT('',(35.,4.454622033452,-6.04972751558));
#8483 = CARTESIAN_POINT('',(35.,4.701261641626,-5.855173331256));
#8484 = CARTESIAN_POINT('',(35.,5.249980344811,-5.375480668686));
#8485 = CARTESIAN_POINT('',(35.,5.544243837766,-5.081368050543));
#8486 = CARTESIAN_POINT('',(35.,5.81847256282,-4.767898649523));
#8487 = CARTESIAN_POINT('',(35.,6.07114335395,-4.436814303352));
#8488 = CARTESIAN_POINT('',(35.,6.300959461126,-4.090019371966));
#8489 = CARTESIAN_POINT('',(35.,6.669523945817,-3.44481274861));
#8490 = CARTESIAN_POINT('',(35.,6.817268767607,-3.151515653084));
#8491 = CARTESIAN_POINT('',(35.,6.949567045136,-2.850695550017));
#8492 = CARTESIAN_POINT('',(35.,7.065998782216,-2.543388461095));
#8493 = CARTESIAN_POINT('',(35.,7.166223299778,-2.230654252598));
#8494 = CARTESIAN_POINT('',(35.,7.332307299164,-1.601727704656));
#8495 = CARTESIAN_POINT('',(35.,7.398705872866,-1.285684724982));
#8496 = CARTESIAN_POINT('',(35.,7.448890772286,-0.966443373244));
#8497 = CARTESIAN_POINT('',(35.,7.482637320972,-0.645037330995));
#8498 = CARTESIAN_POINT('',(35.,7.499750447643,-0.322528398698));
#8499 = CARTESIAN_POINT('',(35.,7.499999999999,1.7763568394E-15));
#8500 = PCURVE('',#7790,#8501);
#8501 = DEFINITIONAL_REPRESENTATION('',(#8502),#8523);
#8502 = B_SPLINE_CURVE_WITH_KNOTS('',10,(#8503,#8504,#8505,#8506,#8507,
    #8508,#8509,#8510,#8511,#8512,#8513,#8514,#8515,#8516,#8517,#8518,
    #8519,#8520,#8521,#8522),.UNSPECIFIED.,.F.,.F.,(11,9,11),(0.,0.5,1.)
  ,.UNSPECIFIED.);
#8503 = CARTESIAN_POINT('',(0.351131488633,0.));
#8504 = CARTESIAN_POINT('',(0.333556420189,4.177149411695E-02));
#8505 = CARTESIAN_POINT('',(0.315983142573,8.354560049089E-02));
#8506 = CARTESIAN_POINT('',(0.298420088965,0.125302690338));
#8507 = CARTESIAN_POINT('',(0.280831262136,0.167128543899));
#8508 = CARTESIAN_POINT('',(0.263316379809,0.208785758578));
#8509 = CARTESIAN_POINT('',(0.245726416763,0.250628181659));
#8510 = CARTESIAN_POINT('',(0.228210899406,0.292299091151));
#8511 = CARTESIAN_POINT('',(0.210681732944,0.334006411595));
#8512 = CARTESIAN_POINT('',(0.193164399118,0.375687412718));
#8513 = CARTESIAN_POINT('',(0.158149462722,0.459000592923));
#8514 = CARTESIAN_POINT('',(0.140651603016,0.500633385247));
#8515 = CARTESIAN_POINT('',(0.123156066993,0.54225695561));
#8516 = CARTESIAN_POINT('',(0.105661548622,0.583871030974));
#8517 = CARTESIAN_POINT('',(8.816073656094E-02,0.625488963333));
#8518 = CARTESIAN_POINT('',(7.064129241646E-02,0.66713530848));
#8519 = CARTESIAN_POINT('',(5.308827308861E-02,0.708839949116));
#8520 = CARTESIAN_POINT('',(3.548279207827E-02,0.750641113929));
#8521 = CARTESIAN_POINT('',(1.779802778795E-02,0.79259455651));
#8522 = CARTESIAN_POINT('',(1.387778780781E-17,0.834771070176));
#8523 = ( GEOMETRIC_REPRESENTATION_CONTEXT(2) 
PARAMETRIC_REPRESENTATION_CONTEXT() REPRESENTATION_CONTEXT('2D SPACE',''
  ) );
#8524 = PCURVE('',#8070,#8525);
#8525 = DEFINITIONAL_REPRESENTATION('',(#8526),#8549);
#8526 = B_SPLINE_CURVE_WITH_KNOTS('',6,(#8527,#8528,#8529,#8530,#8531,
    #8532,#8533,#8534,#8535,#8536,#8537,#8538,#8539,#8540,#8541,#8542,
    #8543,#8544,#8545,#8546,#8547,#8548),.UNSPECIFIED.,.F.,.F.,(7,5,5,5,
    7),(0.,0.227454230207,0.528398533171,0.76616594152,1.),
  .UNSPECIFIED.);
#8527 = CARTESIAN_POINT('',(-7.749477999908,-5.602927144427));
#8528 = CARTESIAN_POINT('',(-7.608502129719,-5.883202139422));
#8529 = CARTESIAN_POINT('',(-7.453413687169,-6.156383806472));
#8530 = CARTESIAN_POINT('',(-7.284640611224,-6.42156417906));
#8531 = CARTESIAN_POINT('',(-7.102685909354,-6.677880897428));
#8532 = CARTESIAN_POINT('',(-6.90813172503,-6.924520505602));
#8533 = CARTESIAN_POINT('',(-6.428439062461,-7.473239208788));
#8534 = CARTESIAN_POINT('',(-6.134326444317,-7.767502701743));
#8535 = CARTESIAN_POINT('',(-5.820857043297,-8.041731426796));
#8536 = CARTESIAN_POINT('',(-5.489772697126,-8.294402217926));
#8537 = CARTESIAN_POINT('',(-5.142977765741,-8.524218325103));
#8538 = CARTESIAN_POINT('',(-4.497771142385,-8.892782809794));
#8539 = CARTESIAN_POINT('',(-4.204474046858,-9.040527631583));
#8540 = CARTESIAN_POINT('',(-3.903653943792,-9.172825909113));
#8541 = CARTESIAN_POINT('',(-3.596346854869,-9.289257646192));
#8542 = CARTESIAN_POINT('',(-3.283612646373,-9.389482163754));
#8543 = CARTESIAN_POINT('',(-2.654686098431,-9.555566163141));
#8544 = CARTESIAN_POINT('',(-2.338643118757,-9.621964736842));
#8545 = CARTESIAN_POINT('',(-2.019401767018,-9.672149636262));
#8546 = CARTESIAN_POINT('',(-1.697995724769,-9.705896184948));
#8547 = CARTESIAN_POINT('',(-1.375486792473,-9.723009311619));
#8548 = CARTESIAN_POINT('',(-1.052958393774,-9.723258863976));
#8549 = ( GEOMETRIC_REPRESENTATION_CONTEXT(2) 
PARAMETRIC_REPRESENTATION_CONTEXT() REPRESENTATION_CONTEXT('2D SPACE',''
  ) );
#8550 = ORIENTED_EDGE('',*,*,#8551,.T.);
#8551 = EDGE_CURVE('',#8474,#7776,#8552,.T.);
#8552 = SURFACE_CURVE('',#8553,(#8576,#8600),.PCURVE_S1.);
#8553 = B_SPLINE_CURVE_WITH_KNOTS('',6,(#8554,#8555,#8556,#8557,#8558,
    #8559,#8560,#8561,#8562,#8563,#8564,#8565,#8566,#8567,#8568,#8569,
    #8570,#8571,#8572,#8573,#8574,#8575),.UNSPECIFIED.,.F.,.F.,(7,5,5,5,
    7),(0.,0.227454230207,0.528398533171,0.76616594152,1.),
  .UNSPECIFIED.);
#8554 = CARTESIAN_POINT('',(35.,3.379668280451,-6.696519606134));
#8555 = CARTESIAN_POINT('',(35.,3.659943275446,-6.555543735944));
#8556 = CARTESIAN_POINT('',(35.,3.933124942496,-6.400455293394));
#8557 = CARTESIAN_POINT('',(35.,4.198305315084,-6.23168221745));
#8558 = CARTESIAN_POINT('',(35.,4.454622033452,-6.04972751558));
#8559 = CARTESIAN_POINT('',(35.,4.701261641626,-5.855173331256));
#8560 = CARTESIAN_POINT('',(35.,5.249980344811,-5.375480668686));
#8561 = CARTESIAN_POINT('',(35.,5.544243837766,-5.081368050543));
#8562 = CARTESIAN_POINT('',(35.,5.81847256282,-4.767898649523));
#8563 = CARTESIAN_POINT('',(35.,6.07114335395,-4.436814303352));
#8564 = CARTESIAN_POINT('',(35.,6.300959461126,-4.090019371966));
#8565 = CARTESIAN_POINT('',(35.,6.669523945817,-3.44481274861));
#8566 = CARTESIAN_POINT('',(35.,6.817268767607,-3.151515653084));
#8567 = CARTESIAN_POINT('',(35.,6.949567045136,-2.850695550017));
#8568 = CARTESIAN_POINT('',(35.,7.065998782216,-2.543388461095));
#8569 = CARTESIAN_POINT('',(35.,7.166223299778,-2.230654252598));
#8570 = CARTESIAN_POINT('',(35.,7.332307299164,-1.601727704656));
#8571 = CARTESIAN_POINT('',(35.,7.398705872866,-1.285684724982));
#8572 = CARTESIAN_POINT('',(35.,7.448890772286,-0.966443373244));
#8573 = CARTESIAN_POINT('',(35.,7.482637320972,-0.645037330995));
#8574 = CARTESIAN_POINT('',(35.,7.499750447643,-0.322528398698));
#8575 = CARTESIAN_POINT('',(35.,7.499999999999,1.7763568394E-15));
#8576 = PCURVE('',#7790,#8577);
#8577 = DEFINITIONAL_REPRESENTATION('',(#8578),#8599);
#8578 = B_SPLINE_CURVE_WITH_KNOTS('',10,(#8579,#8580,#8581,#8582,#8583,
    #8584,#8585,#8586,#8587,#8588,#8589,#8590,#8591,#8592,#8593,#8594,
    #8595,#8596,#8597,#8598),.UNSPECIFIED.,.F.,.F.,(11,9,11),(0.,0.5,1.)
  ,.UNSPECIFIED.);
#8579 = CARTESIAN_POINT('',(0.351131488633,0.));
#8580 = CARTESIAN_POINT('',(0.333556420189,4.177149411695E-02));
#8581 = CARTESIAN_POINT('',(0.315983142573,8.354560049089E-02));
#8582 = CARTESIAN_POINT('',(0.298420088965,0.125302690338));
#8583 = CARTESIAN_POINT('',(0.280831262136,0.167128543899));
#8584 = CARTESIAN_POINT('',(0.263316379809,0.208785758578));
#8585 = CARTESIAN_POINT('',(0.245726416763,0.250628181659));
#8586 = CARTESIAN_POINT('',(0.228210899406,0.292299091151));
#8587 = CARTESIAN_POINT('',(0.210681732944,0.334006411595));
#8588 = CARTESIAN_POINT('',(0.193164399118,0.375687412718));
#8589 = CARTESIAN_POINT('',(0.158149462722,0.459000592923));
#8590 = CARTESIAN_POINT('',(0.140651603016,0.500633385247));
#8591 = CARTESIAN_POINT('',(0.123156066993,0.54225695561));
#8592 = CARTESIAN_POINT('',(0.105661548622,0.583871030974));
#8593 = CARTESIAN_POINT('',(8.816073656094E-02,0.625488963333));
#8594 = CARTESIAN_POINT('',(7.064129241646E-02,0.66713530848));
#8595 = CARTESIAN_POINT('',(5.308827308861E-02,0.708839949116));
#8596 = CARTESIAN_POINT('',(3.548279207827E-02,0.750641113929));
#8597 = CARTESIAN_POINT('',(1.779802778795E-02,0.79259455651));
#8598 = CARTESIAN_POINT('',(1.387778780781E-17,0.834771070176));
#8599 = ( GEOMETRIC_REPRESENTATION_CONTEXT(2) 
PARAMETRIC_REPRESENTATION_CONTEXT() REPRESENTATION_CONTEXT('2D SPACE',''
  ) );
#8600 = PCURVE('',#8601,#8606);
#8601 = PLANE('',#8602);
#8602 = AXIS2_PLACEMENT_3D('',#8603,#8604,#8605);
#8603 = CARTESIAN_POINT('',(35.,0.,0.));
#8604 = DIRECTION('',(1.,0.,0.));
#8605 = DIRECTION('',(-0.,0.,1.));
#8606 = DEFINITIONAL_REPRESENTATION('',(#8607),#8630);
#8607 = B_SPLINE_CURVE_WITH_KNOTS('',6,(#8608,#8609,#8610,#8611,#8612,
    #8613,#8614,#8615,#8616,#8617,#8618,#8619,#8620,#8621,#8622,#8623,
    #8624,#8625,#8626,#8627,#8628,#8629),.UNSPECIFIED.,.F.,.F.,(7,5,5,5,
    7),(0.,0.227454230207,0.528398533171,0.76616594152,1.),
  .UNSPECIFIED.);
#8608 = CARTESIAN_POINT('',(-6.696519606134,-3.379668280451));
#8609 = CARTESIAN_POINT('',(-6.555543735944,-3.659943275446));
#8610 = CARTESIAN_POINT('',(-6.400455293394,-3.933124942496));
#8611 = CARTESIAN_POINT('',(-6.23168221745,-4.198305315084));
#8612 = CARTESIAN_POINT('',(-6.04972751558,-4.454622033452));
#8613 = CARTESIAN_POINT('',(-5.855173331256,-4.701261641626));
#8614 = CARTESIAN_POINT('',(-5.375480668686,-5.249980344811));
#8615 = CARTESIAN_POINT('',(-5.081368050543,-5.544243837766));
#8616 = CARTESIAN_POINT('',(-4.767898649523,-5.81847256282));
#8617 = CARTESIAN_POINT('',(-4.436814303352,-6.07114335395));
#8618 = CARTESIAN_POINT('',(-4.090019371966,-6.300959461126));
#8619 = CARTESIAN_POINT('',(-3.44481274861,-6.669523945817));
#8620 = CARTESIAN_POINT('',(-3.151515653084,-6.817268767607));
#8621 = CARTESIAN_POINT('',(-2.850695550017,-6.949567045136));
#8622 = CARTESIAN_POINT('',(-2.543388461095,-7.065998782216));
#8623 = CARTESIAN_POINT('',(-2.230654252598,-7.166223299778));
#8624 = CARTESIAN_POINT('',(-1.601727704656,-7.332307299164));
#8625 = CARTESIAN_POINT('',(-1.285684724982,-7.398705872866));
#8626 = CARTESIAN_POINT('',(-0.966443373244,-7.448890772286));
#8627 = CARTESIAN_POINT('',(-0.645037330995,-7.482637320972));
#8628 = CARTESIAN_POINT('',(-0.322528398698,-7.499750447643));
#8629 = CARTESIAN_POINT('',(1.7763568394E-15,-7.499999999999));
#8630 = ( GEOMETRIC_REPRESENTATION_CONTEXT(2) 
PARAMETRIC_REPRESENTATION_CONTEXT() REPRESENTATION_CONTEXT('2D SPACE',''
  ) );
#8631 = ADVANCED_FACE('',(#8632),#7965,.F.);
#8632 = FACE_BOUND('',#8633,.F.);
#8633 = EDGE_LOOP('',(#8634,#8635,#8636,#8720));
#8634 = ORIENTED_EDGE('',*,*,#7952,.F.);
#8635 = ORIENTED_EDGE('',*,*,#8091,.T.);
#8636 = ORIENTED_EDGE('',*,*,#8637,.T.);
#8637 = EDGE_CURVE('',#8027,#8393,#8638,.T.);
#8638 = SURFACE_CURVE('',#8639,(#8666,#8690),.PCURVE_S1.);
#8639 = B_SPLINE_CURVE_WITH_KNOTS('',7,(#8640,#8641,#8642,#8643,#8644,
    #8645,#8646,#8647,#8648,#8649,#8650,#8651,#8652,#8653,#8654,#8655,
    #8656,#8657,#8658,#8659,#8660,#8661,#8662,#8663,#8664,#8665),
  .UNSPECIFIED.,.F.,.F.,(8,6,6,6,8),(0.,0.386145333494,0.681770421934,
    0.866140794561,1.),.UNSPECIFIED.);
#8640 = CARTESIAN_POINT('',(35.,-11.05066890773,-4.672818819062));
#8641 = CARTESIAN_POINT('',(35.,-10.51595875837,-5.416257605004));
#8642 = CARTESIAN_POINT('',(35.,-9.913680826115,-6.111461712142));
#8643 = CARTESIAN_POINT('',(35.,-9.247200762847,-6.749288943414));
#8644 = CARTESIAN_POINT('',(35.,-8.52131447074,-7.320624859503));
#8645 = CARTESIAN_POINT('',(35.,-7.742510498112,-7.816723828879));
#8646 = CARTESIAN_POINT('',(35.,-6.919120785489,-8.229395583767));
#8647 = CARTESIAN_POINT('',(35.,-5.405298739676,-8.798196531866));
#8648 = CARTESIAN_POINT('',(35.,-4.728920682761,-8.991796830605));
#8649 = CARTESIAN_POINT('',(35.,-4.037294596393,-9.129180927858));
#8650 = CARTESIAN_POINT('',(35.,-3.335770851589,-9.20759551606));
#8651 = CARTESIAN_POINT('',(35.,-2.630341307916,-9.224779495393));
#8652 = CARTESIAN_POINT('',(35.,-1.927648514951,-9.17906257459));
#8653 = CARTESIAN_POINT('',(35.,-0.803016264283,-9.00115933683));
#8654 = CARTESIAN_POINT('',(35.,-0.37496691694,-8.907993633816));
#8655 = CARTESIAN_POINT('',(35.,4.737211983247E-02,-8.789772305385));
#8656 = CARTESIAN_POINT('',(35.,0.462089590331,-8.64638843208));
#8657 = CARTESIAN_POINT('',(35.,0.867151969017,-8.477881469678));
#8658 = CARTESIAN_POINT('',(35.,1.260413679833,-8.284466462306));
#8659 = CARTESIAN_POINT('',(35.,1.914949403564,-7.908358064007));
#8660 = CARTESIAN_POINT('',(35.,2.182856755412,-7.737250099646));
#8661 = CARTESIAN_POINT('',(35.,2.442483411982,-7.553405706039));
#8662 = CARTESIAN_POINT('',(35.,2.692924520697,-7.357057283813));
#8663 = CARTESIAN_POINT('',(35.,2.933244336081,-7.148513466074));
#8664 = CARTESIAN_POINT('',(35.,3.162484220342,-6.928169293824));
#8665 = CARTESIAN_POINT('',(35.,3.379670643966,-6.696516391387));
#8666 = PCURVE('',#7965,#8667);
#8667 = DEFINITIONAL_REPRESENTATION('',(#8668),#8689);
#8668 = B_SPLINE_CURVE_WITH_KNOTS('',7,(#8669,#8670,#8671,#8672,#8673,
    #8674,#8675,#8676,#8677,#8678,#8679,#8680,#8681,#8682,#8683,#8684,
    #8685,#8686,#8687,#8688),.UNSPECIFIED.,.F.,.F.,(8,6,6,8),(0.,0.5,
    0.75,1.),.UNSPECIFIED.);
#8669 = CARTESIAN_POINT('',(0.872474316684,-2.775557561563E-17));
#8670 = CARTESIAN_POINT('',(0.841912202555,5.866786652184E-02));
#8671 = CARTESIAN_POINT('',(0.810598358079,0.118800617768));
#8672 = CARTESIAN_POINT('',(0.77844323207,0.180551471671));
#8673 = CARTESIAN_POINT('',(0.74536969908,0.244053522943));
#8674 = CARTESIAN_POINT('',(0.711268338724,0.309505777248));
#8675 = CARTESIAN_POINT('',(0.676062879827,0.377049449987));
#8676 = CARTESIAN_POINT('',(0.621379506453,0.481924610421));
#8677 = CARTESIAN_POINT('',(0.602839665485,0.517475349178));
#8678 = CARTESIAN_POINT('',(0.583967911431,0.553656736328));
#8679 = CARTESIAN_POINT('',(0.564749958325,0.590496786749));
#8680 = CARTESIAN_POINT('',(0.545150748566,0.628063781853));
#8681 = CARTESIAN_POINT('',(0.52514950894,0.666399063377));
#8682 = CARTESIAN_POINT('',(0.4842723764,0.744745368167));
#8683 = CARTESIAN_POINT('',(0.463396646444,0.784756078312));
#8684 = CARTESIAN_POINT('',(0.442052201704,0.82566675936));
#8685 = CARTESIAN_POINT('',(0.420198213164,0.867557955998));
#8686 = CARTESIAN_POINT('',(0.397792675735,0.91051285653));
#8687 = CARTESIAN_POINT('',(0.374790400977,0.954620831661));
#8688 = CARTESIAN_POINT('',(0.351130900694,1.));
#8689 = ( GEOMETRIC_REPRESENTATION_CONTEXT(2) 
PARAMETRIC_REPRESENTATION_CONTEXT() REPRESENTATION_CONTEXT('2D SPACE',''
  ) );
#8690 = PCURVE('',#8070,#8691);
#8691 = DEFINITIONAL_REPRESENTATION('',(#8692),#8719);
#8692 = B_SPLINE_CURVE_WITH_KNOTS('',7,(#8693,#8694,#8695,#8696,#8697,
    #8698,#8699,#8700,#8701,#8702,#8703,#8704,#8705,#8706,#8707,#8708,
    #8709,#8710,#8711,#8712,#8713,#8714,#8715,#8716,#8717,#8718),
  .UNSPECIFIED.,.F.,.F.,(8,6,6,6,8),(0.,0.386145333494,0.681770421934,
    0.866140794561,1.),.UNSPECIFIED.);
#8693 = CARTESIAN_POINT('',(-5.725777212837,8.82741004376));
#8694 = CARTESIAN_POINT('',(-6.469215998779,8.2926998944));
#8695 = CARTESIAN_POINT('',(-7.164420105916,7.690421962139));
#8696 = CARTESIAN_POINT('',(-7.802247337189,7.023941898871));
#8697 = CARTESIAN_POINT('',(-8.373583253277,6.298055606764));
#8698 = CARTESIAN_POINT('',(-8.869682222654,5.519251634135));
#8699 = CARTESIAN_POINT('',(-9.282353977542,4.695861921512));
#8700 = CARTESIAN_POINT('',(-9.85115492564,3.182039875699));
#8701 = CARTESIAN_POINT('',(-10.04475522438,2.505661818785));
#8702 = CARTESIAN_POINT('',(-10.18213932163,1.814035732416));
#8703 = CARTESIAN_POINT('',(-10.26055390983,1.112511987612));
#8704 = CARTESIAN_POINT('',(-10.27773788916,0.40708244394));
#8705 = CARTESIAN_POINT('',(-10.23202096836,-0.295610349026));
#8706 = CARTESIAN_POINT('',(-10.0541177306,-1.420242599694));
#8707 = CARTESIAN_POINT('',(-9.96095202759,-1.848291947037));
#8708 = CARTESIAN_POINT('',(-9.842730699159,-2.270630983809));
#8709 = CARTESIAN_POINT('',(-9.699346825854,-2.685348454308));
#8710 = CARTESIAN_POINT('',(-9.530839863452,-3.090410832994));
#8711 = CARTESIAN_POINT('',(-9.33742485608,-3.483672543809));
#8712 = CARTESIAN_POINT('',(-8.961316457782,-4.138208267541));
#8713 = CARTESIAN_POINT('',(-8.79020849342,-4.406115619389));
#8714 = CARTESIAN_POINT('',(-8.606364099813,-4.665742275958));
#8715 = CARTESIAN_POINT('',(-8.410015677588,-4.916183384673));
#8716 = CARTESIAN_POINT('',(-8.201471859848,-5.156503200057));
#8717 = CARTESIAN_POINT('',(-7.981127687599,-5.385743084319));
#8718 = CARTESIAN_POINT('',(-7.749474785162,-5.602929507942));
#8719 = ( GEOMETRIC_REPRESENTATION_CONTEXT(2) 
PARAMETRIC_REPRESENTATION_CONTEXT() REPRESENTATION_CONTEXT('2D SPACE',''
  ) );
#8720 = ORIENTED_EDGE('',*,*,#8392,.F.);
#8721 = ADVANCED_FACE('',(#8722),#8070,.T.);
#8722 = FACE_BOUND('',#8723,.T.);
#8723 = EDGE_LOOP('',(#8724,#8748,#8749,#8847,#8848,#8849,#8850));
#8724 = ORIENTED_EDGE('',*,*,#8725,.F.);
#8725 = EDGE_CURVE('',#8138,#8726,#8728,.T.);
#8726 = VERTEX_POINT('',#8727);
#8727 = CARTESIAN_POINT('',(35.,1.836970198721E-15,7.5));
#8728 = SURFACE_CURVE('',#8729,(#8734,#8741),.PCURVE_S1.);
#8729 = CIRCLE('',#8730,7.5);
#8730 = AXIS2_PLACEMENT_3D('',#8731,#8732,#8733);
#8731 = CARTESIAN_POINT('',(35.,0.,0.));
#8732 = DIRECTION('',(1.,0.,0.));
#8733 = DIRECTION('',(-0.,0.,1.));
#8734 = PCURVE('',#8070,#8735);
#8735 = DEFINITIONAL_REPRESENTATION('',(#8736),#8740);
#8736 = CIRCLE('',#8737,7.5);
#8737 = AXIS2_PLACEMENT_2D('',#8738,#8739);
#8738 = CARTESIAN_POINT('',(-1.052958393774,-2.223258863976));
#8739 = DIRECTION('',(1.,0.));
#8740 = ( GEOMETRIC_REPRESENTATION_CONTEXT(2) 
PARAMETRIC_REPRESENTATION_CONTEXT() REPRESENTATION_CONTEXT('2D SPACE',''
  ) );
#8741 = PCURVE('',#8375,#8742);
#8742 = DEFINITIONAL_REPRESENTATION('',(#8743),#8747);
#8743 = LINE('',#8744,#8745);
#8744 = CARTESIAN_POINT('',(0.,0.));
#8745 = VECTOR('',#8746,1.);
#8746 = DIRECTION('',(1.,0.));
#8747 = ( GEOMETRIC_REPRESENTATION_CONTEXT(2) 
PARAMETRIC_REPRESENTATION_CONTEXT() REPRESENTATION_CONTEXT('2D SPACE',''
  ) );
#8748 = ORIENTED_EDGE('',*,*,#8235,.T.);
#8749 = ORIENTED_EDGE('',*,*,#8750,.T.);
#8750 = EDGE_CURVE('',#8236,#7992,#8751,.T.);
#8751 = SURFACE_CURVE('',#8752,(#8785,#8821),.PCURVE_S1.);
#8752 = B_SPLINE_CURVE_WITH_KNOTS('',6,(#8753,#8754,#8755,#8756,#8757,
    #8758,#8759,#8760,#8761,#8762,#8763,#8764,#8765,#8766,#8767,#8768,
    #8769,#8770,#8771,#8772,#8773,#8774,#8775,#8776,#8777,#8778,#8779,
    #8780,#8781,#8782,#8783,#8784),.UNSPECIFIED.,.F.,.F.,(7,5,5,5,5,5,7)
  ,(0.,0.306704678944,0.613876662172,0.644118467502,0.678310398049,
    0.797953909506,1.),.UNSPECIFIED.);
#8753 = CARTESIAN_POINT('',(35.,-3.379325602355,11.51272176204));
#8754 = CARTESIAN_POINT('',(35.,-4.13615332901,11.291746967668));
#8755 = CARTESIAN_POINT('',(35.,-4.875655952465,11.011205149682));
#8756 = CARTESIAN_POINT('',(35.,-5.591805677939,10.672672007905));
#8757 = CARTESIAN_POINT('',(35.,-6.278913154214,10.278487837095));
#8758 = CARTESIAN_POINT('',(35.,-6.931600026698,9.831692463671));
#8759 = CARTESIAN_POINT('',(35.,-8.159187371607,8.840055801055));
#8760 = CARTESIAN_POINT('',(35.,-8.734060284286,8.294991195572));
#8761 = CARTESIAN_POINT('',(35.,-9.264537593978,7.705036333367));
#8762 = CARTESIAN_POINT('',(35.,-9.746440430676,7.074802157317));
#8763 = CARTESIAN_POINT('',(35.,-10.17629475915,6.409416050644));
#8764 = CARTESIAN_POINT('',(35.,-10.58828441426,5.646134344756));
#8765 = CARTESIAN_POINT('',(35.,-10.62467960721,5.577436285526));
#8766 = CARTESIAN_POINT('',(35.,-10.66054152011,5.508457028867));
#8767 = CARTESIAN_POINT('',(35.,-10.69586765936,5.43920186333));
#8768 = CARTESIAN_POINT('',(35.,-10.73065560152,5.3696761031));
#8769 = CARTESIAN_POINT('',(35.,-10.80362371199,5.220978107584));
#8770 = CARTESIAN_POINT('',(35.,-10.84165344582,5.141732051071));
#8771 = CARTESIAN_POINT('',(35.,-10.87898879435,5.062154636022));
#8772 = CARTESIAN_POINT('',(35.,-10.91562646646,4.982253614713));
#8773 = CARTESIAN_POINT('',(35.,-10.95156328027,4.902036774134));
#8774 = CARTESIAN_POINT('',(35.,-11.11008214788,4.539741522886));
#8775 = CARTESIAN_POINT('',(35.,-11.22474902745,4.254199973493));
#8776 = CARTESIAN_POINT('',(35.,-11.33066500942,3.965222328756));
#8777 = CARTESIAN_POINT('',(35.,-11.42771447763,3.67314799293));
#8778 = CARTESIAN_POINT('',(35.,-11.51579521711,3.378319785392));
#8779 = CARTESIAN_POINT('',(35.,-11.72826012834,2.579129052472));
#8780 = CARTESIAN_POINT('',(35.,-11.83586209645,2.070320963121));
#8781 = CARTESIAN_POINT('',(35.,-11.9171908289,1.556296056524));
#8782 = CARTESIAN_POINT('',(35.,-11.97187866135,1.038740276593));
#8783 = CARTESIAN_POINT('',(35.,-11.99960709754,0.519385747358));
#8784 = CARTESIAN_POINT('',(35.,-11.99999999999,-3.552713678801E-15));
#8785 = PCURVE('',#8070,#8786);
#8786 = DEFINITIONAL_REPRESENTATION('',(#8787),#8820);
#8787 = B_SPLINE_CURVE_WITH_KNOTS('',6,(#8788,#8789,#8790,#8791,#8792,
    #8793,#8794,#8795,#8796,#8797,#8798,#8799,#8800,#8801,#8802,#8803,
    #8804,#8805,#8806,#8807,#8808,#8809,#8810,#8811,#8812,#8813,#8814,
    #8815,#8816,#8817,#8818,#8819),.UNSPECIFIED.,.F.,.F.,(7,5,5,5,5,5,7)
  ,(0.,0.306704678944,0.613876662172,0.644118467502,0.678310398049,
    0.797953909506,1.),.UNSPECIFIED.);
#8788 = CARTESIAN_POINT('',(10.459763368266,1.156066738379));
#8789 = CARTESIAN_POINT('',(10.238788573894,1.912894465034));
#8790 = CARTESIAN_POINT('',(9.958246755907,2.652397088488));
#8791 = CARTESIAN_POINT('',(9.619713614131,3.368546813963));
#8792 = CARTESIAN_POINT('',(9.22552944332,4.055654290237));
#8793 = CARTESIAN_POINT('',(8.778734069896,4.708341162721));
#8794 = CARTESIAN_POINT('',(7.78709740728,5.935928507631));
#8795 = CARTESIAN_POINT('',(7.242032801798,6.51080142031));
#8796 = CARTESIAN_POINT('',(6.652077939593,7.041278730002));
#8797 = CARTESIAN_POINT('',(6.021843763543,7.5231815667));
#8798 = CARTESIAN_POINT('',(5.35645765687,7.953035895177));
#8799 = CARTESIAN_POINT('',(4.593175950981,8.365025550283));
#8800 = CARTESIAN_POINT('',(4.524477891752,8.401420743234));
#8801 = CARTESIAN_POINT('',(4.455498635093,8.437282656133));
#8802 = CARTESIAN_POINT('',(4.386243469555,8.472608795392));
#8803 = CARTESIAN_POINT('',(4.316717709326,8.507396737546));
#8804 = CARTESIAN_POINT('',(4.16801971381,8.580364848015));
#8805 = CARTESIAN_POINT('',(4.088773657296,8.618394581848));
#8806 = CARTESIAN_POINT('',(4.009196242248,8.655729930381));
#8807 = CARTESIAN_POINT('',(3.929295220939,8.692367602488));
#8808 = CARTESIAN_POINT('',(3.849078380359,8.728304416295));
#8809 = CARTESIAN_POINT('',(3.486783129112,8.886823283908));
#8810 = CARTESIAN_POINT('',(3.201241579719,9.001490163478));
#8811 = CARTESIAN_POINT('',(2.912263934982,9.107406145449));
#8812 = CARTESIAN_POINT('',(2.620189599156,9.204455613662));
#8813 = CARTESIAN_POINT('',(2.325361391617,9.292536353135));
#8814 = CARTESIAN_POINT('',(1.526170658698,9.505001264369));
#8815 = CARTESIAN_POINT('',(1.017362569347,9.612603232478));
#8816 = CARTESIAN_POINT('',(0.50333766275,9.693931964931));
#8817 = CARTESIAN_POINT('',(-1.421811718146E-02,9.748619797376));
#8818 = CARTESIAN_POINT('',(-0.533572646416,9.776348233567));
#8819 = CARTESIAN_POINT('',(-1.052958393774,9.776741136023));
#8820 = ( GEOMETRIC_REPRESENTATION_CONTEXT(2) 
PARAMETRIC_REPRESENTATION_CONTEXT() REPRESENTATION_CONTEXT('2D SPACE',''
  ) );
#8821 = PCURVE('',#8006,#8822);
#8822 = DEFINITIONAL_REPRESENTATION('',(#8823),#8846);
#8823 = B_SPLINE_CURVE_WITH_KNOTS('',11,(#8824,#8825,#8826,#8827,#8828,
    #8829,#8830,#8831,#8832,#8833,#8834,#8835,#8836,#8837,#8838,#8839,
    #8840,#8841,#8842,#8843,#8844,#8845),.UNSPECIFIED.,.F.,.F.,(12,10,12
    ),(0.,0.5,1.),.UNSPECIFIED.);
#8824 = CARTESIAN_POINT('',(0.409074274706,0.));
#8825 = CARTESIAN_POINT('',(0.390461632927,3.467098560911E-02));
#8826 = CARTESIAN_POINT('',(0.371848844954,6.93465858359E-02));
#8827 = CARTESIAN_POINT('',(0.353229914958,0.104038892675));
#8828 = CARTESIAN_POINT('',(0.33462517796,0.138710664049));
#8829 = CARTESIAN_POINT('',(0.316016655347,0.173396046532));
#8830 = CARTESIAN_POINT('',(0.297395899358,0.208110859896));
#8831 = CARTESIAN_POINT('',(0.278821281231,0.242746346505));
#8832 = CARTESIAN_POINT('',(0.260215257242,0.277446489636));
#8833 = CARTESIAN_POINT('',(0.241644472448,0.312086185812));
#8834 = CARTESIAN_POINT('',(0.223078619082,0.346720544048));
#8835 = CARTESIAN_POINT('',(0.185971027713,0.415948231966));
#8836 = CARTESIAN_POINT('',(0.167428172938,0.450543643891));
#8837 = CARTESIAN_POINT('',(0.148894592623,0.485121833164));
#8838 = CARTESIAN_POINT('',(0.130373827773,0.519673783639));
#8839 = CARTESIAN_POINT('',(0.111852893472,0.55422072731));
#8840 = CARTESIAN_POINT('',(9.332337309371E-02,0.588774761714));
#8841 = CARTESIAN_POINT('',(7.478001031277E-02,0.623341403106));
#8842 = CARTESIAN_POINT('',(5.620477032545E-02,0.657949202714));
#8843 = CARTESIAN_POINT('',(3.756746633699E-02,0.692648416875));
#8844 = CARTESIAN_POINT('',(1.884699549431E-02,0.727471113411));
#8845 = CARTESIAN_POINT('',(-1.387778780781E-17,0.762489016464));
#8846 = ( GEOMETRIC_REPRESENTATION_CONTEXT(2) 
PARAMETRIC_REPRESENTATION_CONTEXT() REPRESENTATION_CONTEXT('2D SPACE',''
  ) );
#8847 = ORIENTED_EDGE('',*,*,#8026,.T.);
#8848 = ORIENTED_EDGE('',*,*,#8637,.T.);
#8849 = ORIENTED_EDGE('',*,*,#8473,.T.);
#8850 = ORIENTED_EDGE('',*,*,#8851,.F.);
#8851 = EDGE_CURVE('',#8726,#8474,#8852,.T.);
#8852 = SURFACE_CURVE('',#8853,(#8858,#8865),.PCURVE_S1.);
#8853 = CIRCLE('',#8854,7.5);
#8854 = AXIS2_PLACEMENT_3D('',#8855,#8856,#8857);
#8855 = CARTESIAN_POINT('',(35.,0.,0.));
#8856 = DIRECTION('',(1.,0.,0.));
#8857 = DIRECTION('',(-0.,0.,1.));
#8858 = PCURVE('',#8070,#8859);
#8859 = DEFINITIONAL_REPRESENTATION('',(#8860),#8864);
#8860 = CIRCLE('',#8861,7.5);
#8861 = AXIS2_PLACEMENT_2D('',#8862,#8863);
#8862 = CARTESIAN_POINT('',(-1.052958393774,-2.223258863976));
#8863 = DIRECTION('',(1.,0.));
#8864 = ( GEOMETRIC_REPRESENTATION_CONTEXT(2) 
PARAMETRIC_REPRESENTATION_CONTEXT() REPRESENTATION_CONTEXT('2D SPACE',''
  ) );
#8865 = PCURVE('',#8375,#8866);
#8866 = DEFINITIONAL_REPRESENTATION('',(#8867),#8871);
#8867 = LINE('',#8868,#8869);
#8868 = CARTESIAN_POINT('',(0.,0.));
#8869 = VECTOR('',#8870,1.);
#8870 = DIRECTION('',(1.,0.));
#8871 = ( GEOMETRIC_REPRESENTATION_CONTEXT(2) 
PARAMETRIC_REPRESENTATION_CONTEXT() REPRESENTATION_CONTEXT('2D SPACE',''
  ) );
#8872 = ADVANCED_FACE('',(#8873),#8006,.F.);
#8873 = FACE_BOUND('',#8874,.F.);
#8874 = EDGE_LOOP('',(#8875,#8876,#8877));
#8875 = ORIENTED_EDGE('',*,*,#7991,.F.);
#8876 = ORIENTED_EDGE('',*,*,#8333,.T.);
#8877 = ORIENTED_EDGE('',*,*,#8750,.T.);
#8878 = ADVANCED_FACE('',(#8879),#8375,.T.);
#8879 = FACE_BOUND('',#8880,.T.);
#8880 = EDGE_LOOP('',(#8881,#8904,#8931,#8932,#8933,#8955,#8956));
#8881 = ORIENTED_EDGE('',*,*,#8882,.T.);
#8882 = EDGE_CURVE('',#8726,#8883,#8885,.T.);
#8883 = VERTEX_POINT('',#8884);
#8884 = CARTESIAN_POINT('',(55.,1.836970198721E-15,7.5));
#8885 = SEAM_CURVE('',#8886,(#8890,#8897),.PCURVE_S1.);
#8886 = LINE('',#8887,#8888);
#8887 = CARTESIAN_POINT('',(35.,1.836970198721E-15,7.5));
#8888 = VECTOR('',#8889,1.);
#8889 = DIRECTION('',(1.,0.,0.));
#8890 = PCURVE('',#8375,#8891);
#8891 = DEFINITIONAL_REPRESENTATION('',(#8892),#8896);
#8892 = LINE('',#8893,#8894);
#8893 = CARTESIAN_POINT('',(6.28318530718,-0.));
#8894 = VECTOR('',#8895,1.);
#8895 = DIRECTION('',(0.,1.));
#8896 = ( GEOMETRIC_REPRESENTATION_CONTEXT(2) 
PARAMETRIC_REPRESENTATION_CONTEXT() REPRESENTATION_CONTEXT('2D SPACE',''
  ) );
#8897 = PCURVE('',#8375,#8898);
#8898 = DEFINITIONAL_REPRESENTATION('',(#8899),#8903);
#8899 = LINE('',#8900,#8901);
#8900 = CARTESIAN_POINT('',(0.,-0.));
#8901 = VECTOR('',#8902,1.);
#8902 = DIRECTION('',(0.,1.));
#8903 = ( GEOMETRIC_REPRESENTATION_CONTEXT(2) 
PARAMETRIC_REPRESENTATION_CONTEXT() REPRESENTATION_CONTEXT('2D SPACE',''
  ) );
#8904 = ORIENTED_EDGE('',*,*,#8905,.F.);
#8905 = EDGE_CURVE('',#8883,#8883,#8906,.T.);
#8906 = SURFACE_CURVE('',#8907,(#8912,#8919),.PCURVE_S1.);
#8907 = CIRCLE('',#8908,7.5);
#8908 = AXIS2_PLACEMENT_3D('',#8909,#8910,#8911);
#8909 = CARTESIAN_POINT('',(55.,0.,0.));
#8910 = DIRECTION('',(1.,0.,0.));
#8911 = DIRECTION('',(-0.,0.,1.));
#8912 = PCURVE('',#8375,#8913);
#8913 = DEFINITIONAL_REPRESENTATION('',(#8914),#8918);
#8914 = LINE('',#8915,#8916);
#8915 = CARTESIAN_POINT('',(0.,20.));
#8916 = VECTOR('',#8917,1.);
#8917 = DIRECTION('',(1.,0.));
#8918 = ( GEOMETRIC_REPRESENTATION_CONTEXT(2) 
PARAMETRIC_REPRESENTATION_CONTEXT() REPRESENTATION_CONTEXT('2D SPACE',''
  ) );
#8919 = PCURVE('',#8920,#8925);
#8920 = PLANE('',#8921);
#8921 = AXIS2_PLACEMENT_3D('',#8922,#8923,#8924);
#8922 = CARTESIAN_POINT('',(55.,0.,0.));
#8923 = DIRECTION('',(1.,0.,0.));
#8924 = DIRECTION('',(-0.,0.,1.));
#8925 = DEFINITIONAL_REPRESENTATION('',(#8926),#8930);
#8926 = CIRCLE('',#8927,7.5);
#8927 = AXIS2_PLACEMENT_2D('',#8928,#8929);
#8928 = CARTESIAN_POINT('',(0.,0.));
#8929 = DIRECTION('',(1.,0.));
#8930 = ( GEOMETRIC_REPRESENTATION_CONTEXT(2) 
PARAMETRIC_REPRESENTATION_CONTEXT() REPRESENTATION_CONTEXT('2D SPACE',''
  ) );
#8931 = ORIENTED_EDGE('',*,*,#8882,.F.);
#8932 = ORIENTED_EDGE('',*,*,#8851,.T.);
#8933 = ORIENTED_EDGE('',*,*,#8934,.T.);
#8934 = EDGE_CURVE('',#8474,#7776,#8935,.T.);
#8935 = SURFACE_CURVE('',#8936,(#8941,#8948),.PCURVE_S1.);
#8936 = CIRCLE('',#8937,7.5);
#8937 = AXIS2_PLACEMENT_3D('',#8938,#8939,#8940);
#8938 = CARTESIAN_POINT('',(35.,0.,0.));
#8939 = DIRECTION('',(1.,0.,0.));
#8940 = DIRECTION('',(-0.,0.,1.));
#8941 = PCURVE('',#8375,#8942);
#8942 = DEFINITIONAL_REPRESENTATION('',(#8943),#8947);
#8943 = LINE('',#8944,#8945);
#8944 = CARTESIAN_POINT('',(0.,0.));
#8945 = VECTOR('',#8946,1.);
#8946 = DIRECTION('',(1.,0.));
#8947 = ( GEOMETRIC_REPRESENTATION_CONTEXT(2) 
PARAMETRIC_REPRESENTATION_CONTEXT() REPRESENTATION_CONTEXT('2D SPACE',''
  ) );
#8948 = PCURVE('',#8601,#8949);
#8949 = DEFINITIONAL_REPRESENTATION('',(#8950),#8954);
#8950 = CIRCLE('',#8951,7.5);
#8951 = AXIS2_PLACEMENT_2D('',#8952,#8953);
#8952 = CARTESIAN_POINT('',(0.,0.));
#8953 = DIRECTION('',(1.,0.));
#8954 = ( GEOMETRIC_REPRESENTATION_CONTEXT(2) 
PARAMETRIC_REPRESENTATION_CONTEXT() REPRESENTATION_CONTEXT('2D SPACE',''
  ) );
#8955 = ORIENTED_EDGE('',*,*,#8360,.T.);
#8956 = ORIENTED_EDGE('',*,*,#8725,.T.);
#8957 = ADVANCED_FACE('',(#8958),#8601,.F.);
#8958 = FACE_BOUND('',#8959,.F.);
#8959 = EDGE_LOOP('',(#8960,#8961));
#8960 = ORIENTED_EDGE('',*,*,#8551,.F.);
#8961 = ORIENTED_EDGE('',*,*,#8934,.T.);
#8962 = ADVANCED_FACE('',(#8963),#8920,.T.);
#8963 = FACE_BOUND('',#8964,.T.);
#8964 = EDGE_LOOP('',(#8965));
#8965 = ORIENTED_EDGE('',*,*,#8905,.T.);
#8966 = ( GEOMETRIC_REPRESENTATION_CONTEXT(3) 
GLOBAL_UNCERTAINTY_ASSIGNED_CONTEXT((#8970)) 
GLOBAL_UNIT_ASSIGNED_CONTEXT((#8967,#8968,#8969)) REPRESENTATION_CONTEXT
('Context #1','3D Context with UNIT and UNCERTAINTY') );
#8967 = ( LENGTH_UNIT() NAMED_UNIT(*) SI_UNIT(.MILLI.,.METRE.) );
#8968 = ( NAMED_UNIT(*) PLANE_ANGLE_UNIT() SI_UNIT($,.RADIAN.) );
#8969 = ( NAMED_UNIT(*) SI_UNIT($,.STERADIAN.) SOLID_ANGLE_UNIT() );
#8970 = UNCERTAINTY_MEASURE_WITH_UNIT(LENGTH_MEASURE(5.E-06),#8967,
  'distance_accuracy_value','confusion accuracy');
#8971 = PRODUCT_RELATED_PRODUCT_CATEGORY('part',$,(#7));
ENDSEC;
END-ISO-10303-21;
