ISO-10303-21;
HEADER;
FILE_DESCRIPTION(('Open CASCADE Model'),'2;1');
FILE_NAME('Open CASCADE Shape Model','2026-09-23T19:28:45',('Author'),(
    'Open CASCADE'),'Open CASCADE STEP processor 7.9','Open CASCADE 7.9'
  ,'Unknown');
FILE_SCHEMA(('AUTOMOTIVE_DESIGN { 1 0 10303 214 1 1 1 1 }'));
ENDSEC;
DATA;
#1 = APPLICATION_PROTOCOL_DEFINITION('international standard',
  'automotive_design',2000,#2);
#2 = APPLICATION_CONTEXT(
  'core data for automotive mechanical design processes');
#3 = SHAPE_DEFINITION_REPRESENTATION(#4,#10);
#4 = PRODUCT_DEFINITION_SHAPE('','',#5);
#5 = PRODUCT_DEFINITION('design','',#6,#9);
#6 = PRODUCT_DEFINITION_FORMATION('','',#7);
#7 = PRODUCT('Open CASCADE STEP translator 7.9 1',
  'Open CASCADE STEP translator 7.9 1','',(#8));
#8 = PRODUCT_CONTEXT('',#2,'mechanical');
#9 = PRODUCT_DEFINITION_CONTEXT('part definition',#2,'design');
#10 = ADVANCED_BREP_SHAPE_REPRESENTATION('',(#11,#15),#2119);
#11 = AXIS2_PLACEMENT_3D('',#12,#13,#14);
#12 = CARTESIAN_POINT('',(0.,0.,0.));
#13 = DIRECTION('',(0.,0.,1.));
#14 = DIRECTION('',(1.,0.,-0.));
#15 = MANIFOLD_SOLID_BREP('',#16);
#16 = CLOSED_SHELL('',(#17,#137,#283,#337,#391,#462,#489,#851,#956,#1025
    ,#1053,#1108,#1133,#1194,#1493,#1775,#1921,#1992,#2000,#2049,#2076,
    #2105,#2112));
#17 = ADVANCED_FACE('',(#18),#32,.F.);
#18 = FACE_BOUND('',#19,.F.);
#19 = EDGE_LOOP('',(#20,#55,#83,#111));
#20 = ORIENTED_EDGE('',*,*,#21,.F.);
#21 = EDGE_CURVE('',#22,#24,#26,.T.);
#22 = VERTEX_POINT('',#23);
#23 = CARTESIAN_POINT('',(-60.,-30.,0.));
#24 = VERTEX_POINT('',#25);
#25 = CARTESIAN_POINT('',(-60.,-30.,12.));
#26 = SURFACE_CURVE('',#27,(#31,#43),.PCURVE_S1.);
#27 = LINE('',#28,#29);
#28 = CARTESIAN_POINT('',(-60.,-30.,0.));
#29 = VECTOR('',#30,1.);
#30 = DIRECTION('',(0.,0.,1.));
#31 = PCURVE('',#32,#37);
#32 = PLANE('',#33);
#33 = AXIS2_PLACEMENT_3D('',#34,#35,#36);
#34 = CARTESIAN_POINT('',(-60.,-30.,0.));
#35 = DIRECTION('',(1.,0.,-0.));
#36 = DIRECTION('',(0.,0.,1.));
#37 = DEFINITIONAL_REPRESENTATION('',(#38),#42);
#38 = LINE('',#39,#40);
#39 = CARTESIAN_POINT('',(0.,0.));
#40 = VECTOR('',#41,1.);
#41 = DIRECTION('',(1.,0.));
#42 = ( GEOMETRIC_REPRESENTATION_CONTEXT(2) 
PARAMETRIC_REPRESENTATION_CONTEXT() REPRESENTATION_CONTEXT('2D SPACE',''
  ) );
#43 = PCURVE('',#44,#49);
#44 = PLANE('',#45);
#45 = AXIS2_PLACEMENT_3D('',#46,#47,#48);
#46 = CARTESIAN_POINT('',(-60.,-30.,0.));
#47 = DIRECTION('',(-0.,1.,0.));
#48 = DIRECTION('',(0.,0.,1.));
#49 = DEFINITIONAL_REPRESENTATION('',(#50),#54);
#50 = LINE('',#51,#52);
#51 = CARTESIAN_POINT('',(0.,0.));
#52 = VECTOR('',#53,1.);
#53 = DIRECTION('',(1.,0.));
#54 = ( GEOMETRIC_REPRESENTATION_CONTEXT(2) 
PARAMETRIC_REPRESENTATION_CONTEXT() REPRESENTATION_CONTEXT('2D SPACE',''
  ) );
#55 = ORIENTED_EDGE('',*,*,#56,.T.);
#56 = EDGE_CURVE('',#22,#57,#59,.T.);
#57 = VERTEX_POINT('',#58);
#58 = CARTESIAN_POINT('',(-60.,30.,0.));
#59 = SURFACE_CURVE('',#60,(#64,#71),.PCURVE_S1.);
#60 = LINE('',#61,#62);
#61 = CARTESIAN_POINT('',(-60.,-30.,0.));
#62 = VECTOR('',#63,1.);
#63 = DIRECTION('',(-0.,1.,0.));
#64 = PCURVE('',#32,#65);
#65 = DEFINITIONAL_REPRESENTATION('',(#66),#70);
#66 = LINE('',#67,#68);
#67 = CARTESIAN_POINT('',(0.,0.));
#68 = VECTOR('',#69,1.);
#69 = DIRECTION('',(0.,-1.));
#70 = ( GEOMETRIC_REPRESENTATION_CONTEXT(2) 
PARAMETRIC_REPRESENTATION_CONTEXT() REPRESENTATION_CONTEXT('2D SPACE',''
  ) );
#71 = PCURVE('',#72,#77);
#72 = PLANE('',#73);
#73 = AXIS2_PLACEMENT_3D('',#74,#75,#76);
#74 = CARTESIAN_POINT('',(-60.,-30.,0.));
#75 = DIRECTION('',(0.,0.,1.));
#76 = DIRECTION('',(1.,0.,-0.));
#77 = DEFINITIONAL_REPRESENTATION('',(#78),#82);
#78 = LINE('',#79,#80);
#79 = CARTESIAN_POINT('',(0.,0.));
#80 = VECTOR('',#81,1.);
#81 = DIRECTION('',(0.,1.));
#82 = ( GEOMETRIC_REPRESENTATION_CONTEXT(2) 
PARAMETRIC_REPRESENTATION_CONTEXT() REPRESENTATION_CONTEXT('2D SPACE',''
  ) );
#83 = ORIENTED_EDGE('',*,*,#84,.T.);
#84 = EDGE_CURVE('',#57,#85,#87,.T.);
#85 = VERTEX_POINT('',#86);
#86 = CARTESIAN_POINT('',(-60.,30.,12.));
#87 = SURFACE_CURVE('',#88,(#92,#99),.PCURVE_S1.);
#88 = LINE('',#89,#90);
#89 = CARTESIAN_POINT('',(-60.,30.,0.));
#90 = VECTOR('',#91,1.);
#91 = DIRECTION('',(0.,0.,1.));
#92 = PCURVE('',#32,#93);
#93 = DEFINITIONAL_REPRESENTATION('',(#94),#98);
#94 = LINE('',#95,#96);
#95 = CARTESIAN_POINT('',(0.,-60.));
#96 = VECTOR('',#97,1.);
#97 = DIRECTION('',(1.,0.));
#98 = ( GEOMETRIC_REPRESENTATION_CONTEXT(2) 
PARAMETRIC_REPRESENTATION_CONTEXT() REPRESENTATION_CONTEXT('2D SPACE',''
  ) );
#99 = PCURVE('',#100,#105);
#100 = PLANE('',#101);
#101 = AXIS2_PLACEMENT_3D('',#102,#103,#104);
#102 = CARTESIAN_POINT('',(-60.,30.,0.));
#103 = DIRECTION('',(-0.,1.,0.));
#104 = DIRECTION('',(0.,0.,1.));
#105 = DEFINITIONAL_REPRESENTATION('',(#106),#110);
#106 = LINE('',#107,#108);
#107 = CARTESIAN_POINT('',(0.,0.));
#108 = VECTOR('',#109,1.);
#109 = DIRECTION('',(1.,0.));
#110 = ( GEOMETRIC_REPRESENTATION_CONTEXT(2) 
PARAMETRIC_REPRESENTATION_CONTEXT() REPRESENTATION_CONTEXT('2D SPACE',''
  ) );
#111 = ORIENTED_EDGE('',*,*,#112,.F.);
#112 = EDGE_CURVE('',#24,#85,#113,.T.);
#113 = SURFACE_CURVE('',#114,(#118,#125),.PCURVE_S1.);
#114 = LINE('',#115,#116);
#115 = CARTESIAN_POINT('',(-60.,-30.,12.));
#116 = VECTOR('',#117,1.);
#117 = DIRECTION('',(-0.,1.,0.));
#118 = PCURVE('',#32,#119);
#119 = DEFINITIONAL_REPRESENTATION('',(#120),#124);
#120 = LINE('',#121,#122);
#121 = CARTESIAN_POINT('',(12.,0.));
#122 = VECTOR('',#123,1.);
#123 = DIRECTION('',(0.,-1.));
#124 = ( GEOMETRIC_REPRESENTATION_CONTEXT(2) 
PARAMETRIC_REPRESENTATION_CONTEXT() REPRESENTATION_CONTEXT('2D SPACE',''
  ) );
#125 = PCURVE('',#126,#131);
#126 = PLANE('',#127);
#127 = AXIS2_PLACEMENT_3D('',#128,#129,#130);
#128 = CARTESIAN_POINT('',(-60.,-30.,12.));
#129 = DIRECTION('',(0.,0.,1.));
#130 = DIRECTION('',(1.,0.,-0.));
#131 = DEFINITIONAL_REPRESENTATION('',(#132),#136);
#132 = LINE('',#133,#134);
#133 = CARTESIAN_POINT('',(0.,0.));
#134 = VECTOR('',#135,1.);
#135 = DIRECTION('',(0.,1.));
#136 = ( GEOMETRIC_REPRESENTATION_CONTEXT(2) 
PARAMETRIC_REPRESENTATION_CONTEXT() REPRESENTATION_CONTEXT('2D SPACE',''
  ) );
#137 = ADVANCED_FACE('',(#138,#213,#248),#72,.F.);
#138 = FACE_BOUND('',#139,.F.);
#139 = EDGE_LOOP('',(#140,#141,#164,#192));
#140 = ORIENTED_EDGE('',*,*,#56,.F.);
#141 = ORIENTED_EDGE('',*,*,#142,.T.);
#142 = EDGE_CURVE('',#22,#143,#145,.T.);
#143 = VERTEX_POINT('',#144);
#144 = CARTESIAN_POINT('',(60.,-30.,0.));
#145 = SURFACE_CURVE('',#146,(#150,#157),.PCURVE_S1.);
#146 = LINE('',#147,#148);
#147 = CARTESIAN_POINT('',(-60.,-30.,0.));
#148 = VECTOR('',#149,1.);
#149 = DIRECTION('',(1.,0.,-0.));
#150 = PCURVE('',#72,#151);
#151 = DEFINITIONAL_REPRESENTATION('',(#152),#156);
#152 = LINE('',#153,#154);
#153 = CARTESIAN_POINT('',(0.,0.));
#154 = VECTOR('',#155,1.);
#155 = DIRECTION('',(1.,0.));
#156 = ( GEOMETRIC_REPRESENTATION_CONTEXT(2) 
PARAMETRIC_REPRESENTATION_CONTEXT() REPRESENTATION_CONTEXT('2D SPACE',''
  ) );
#157 = PCURVE('',#44,#158);
#158 = DEFINITIONAL_REPRESENTATION('',(#159),#163);
#159 = LINE('',#160,#161);
#160 = CARTESIAN_POINT('',(0.,0.));
#161 = VECTOR('',#162,1.);
#162 = DIRECTION('',(0.,1.));
#163 = ( GEOMETRIC_REPRESENTATION_CONTEXT(2) 
PARAMETRIC_REPRESENTATION_CONTEXT() REPRESENTATION_CONTEXT('2D SPACE',''
  ) );
#164 = ORIENTED_EDGE('',*,*,#165,.T.);
#165 = EDGE_CURVE('',#143,#166,#168,.T.);
#166 = VERTEX_POINT('',#167);
#167 = CARTESIAN_POINT('',(60.,30.,0.));
#168 = SURFACE_CURVE('',#169,(#173,#180),.PCURVE_S1.);
#169 = LINE('',#170,#171);
#170 = CARTESIAN_POINT('',(60.,-30.,0.));
#171 = VECTOR('',#172,1.);
#172 = DIRECTION('',(-0.,1.,0.));
#173 = PCURVE('',#72,#174);
#174 = DEFINITIONAL_REPRESENTATION('',(#175),#179);
#175 = LINE('',#176,#177);
#176 = CARTESIAN_POINT('',(120.,0.));
#177 = VECTOR('',#178,1.);
#178 = DIRECTION('',(0.,1.));
#179 = ( GEOMETRIC_REPRESENTATION_CONTEXT(2) 
PARAMETRIC_REPRESENTATION_CONTEXT() REPRESENTATION_CONTEXT('2D SPACE',''
  ) );
#180 = PCURVE('',#181,#186);
#181 = PLANE('',#182);
#182 = AXIS2_PLACEMENT_3D('',#183,#184,#185);
#183 = CARTESIAN_POINT('',(60.,-30.,0.));
#184 = DIRECTION('',(1.,0.,-0.));
#185 = DIRECTION('',(0.,0.,1.));
#186 = DEFINITIONAL_REPRESENTATION('',(#187),#191);
#187 = LINE('',#188,#189);
#188 = CARTESIAN_POINT('',(0.,0.));
#189 = VECTOR('',#190,1.);
#190 = DIRECTION('',(0.,-1.));
#191 = ( GEOMETRIC_REPRESENTATION_CONTEXT(2) 
PARAMETRIC_REPRESENTATION_CONTEXT() REPRESENTATION_CONTEXT('2D SPACE',''
  ) );
#192 = ORIENTED_EDGE('',*,*,#193,.F.);
#193 = EDGE_CURVE('',#57,#166,#194,.T.);
#194 = SURFACE_CURVE('',#195,(#199,#206),.PCURVE_S1.);
#195 = LINE('',#196,#197);
#196 = CARTESIAN_POINT('',(-60.,30.,0.));
#197 = VECTOR('',#198,1.);
#198 = DIRECTION('',(1.,0.,-0.));
#199 = PCURVE('',#72,#200);
#200 = DEFINITIONAL_REPRESENTATION('',(#201),#205);
#201 = LINE('',#202,#203);
#202 = CARTESIAN_POINT('',(0.,60.));
#203 = VECTOR('',#204,1.);
#204 = DIRECTION('',(1.,0.));
#205 = ( GEOMETRIC_REPRESENTATION_CONTEXT(2) 
PARAMETRIC_REPRESENTATION_CONTEXT() REPRESENTATION_CONTEXT('2D SPACE',''
  ) );
#206 = PCURVE('',#100,#207);
#207 = DEFINITIONAL_REPRESENTATION('',(#208),#212);
#208 = LINE('',#209,#210);
#209 = CARTESIAN_POINT('',(0.,0.));
#210 = VECTOR('',#211,1.);
#211 = DIRECTION('',(0.,1.));
#212 = ( GEOMETRIC_REPRESENTATION_CONTEXT(2) 
PARAMETRIC_REPRESENTATION_CONTEXT() REPRESENTATION_CONTEXT('2D SPACE',''
  ) );
#213 = FACE_BOUND('',#214,.F.);
#214 = EDGE_LOOP('',(#215));
#215 = ORIENTED_EDGE('',*,*,#216,.T.);
#216 = EDGE_CURVE('',#217,#217,#219,.T.);
#217 = VERTEX_POINT('',#218);
#218 = CARTESIAN_POINT('',(-50.,-1.224646799147E-15,0.));
#219 = SURFACE_CURVE('',#220,(#225,#236),.PCURVE_S1.);
#220 = CIRCLE('',#221,5.);
#221 = AXIS2_PLACEMENT_3D('',#222,#223,#224);
#222 = CARTESIAN_POINT('',(-45.,0.,0.));
#223 = DIRECTION('',(0.,0.,-1.));
#224 = DIRECTION('',(-1.,0.,0.));
#225 = PCURVE('',#72,#226);
#226 = DEFINITIONAL_REPRESENTATION('',(#227),#235);
#227 = ( BOUNDED_CURVE() B_SPLINE_CURVE(2,(#228,#229,#230,#231,#232,#233
,#234),.UNSPECIFIED.,.T.,.F.) B_SPLINE_CURVE_WITH_KNOTS((1,2,2,2,2,1),(
    -2.094395102393,0.,2.094395102393,4.188790204786,6.28318530718,
8.377580409573),.UNSPECIFIED.) CURVE() GEOMETRIC_REPRESENTATION_ITEM() 
RATIONAL_B_SPLINE_CURVE((1.,0.5,1.,0.5,1.,0.5,1.)) REPRESENTATION_ITEM(
  '') );
#228 = CARTESIAN_POINT('',(10.,30.));
#229 = CARTESIAN_POINT('',(10.,38.660254037844));
#230 = CARTESIAN_POINT('',(17.5,34.330127018922));
#231 = CARTESIAN_POINT('',(25.,30.));
#232 = CARTESIAN_POINT('',(17.5,25.669872981078));
#233 = CARTESIAN_POINT('',(10.,21.339745962156));
#234 = CARTESIAN_POINT('',(10.,30.));
#235 = ( GEOMETRIC_REPRESENTATION_CONTEXT(2) 
PARAMETRIC_REPRESENTATION_CONTEXT() REPRESENTATION_CONTEXT('2D SPACE',''
  ) );
#236 = PCURVE('',#237,#242);
#237 = CYLINDRICAL_SURFACE('',#238,5.);
#238 = AXIS2_PLACEMENT_3D('',#239,#240,#241);
#239 = CARTESIAN_POINT('',(-45.,0.,12.));
#240 = DIRECTION('',(0.,0.,-1.));
#241 = DIRECTION('',(-1.,0.,0.));
#242 = DEFINITIONAL_REPRESENTATION('',(#243),#247);
#243 = LINE('',#244,#245);
#244 = CARTESIAN_POINT('',(0.,12.));
#245 = VECTOR('',#246,1.);
#246 = DIRECTION('',(1.,0.));
#247 = ( GEOMETRIC_REPRESENTATION_CONTEXT(2) 
PARAMETRIC_REPRESENTATION_CONTEXT() REPRESENTATION_CONTEXT('2D SPACE',''
  ) );
#248 = FACE_BOUND('',#249,.F.);
#249 = EDGE_LOOP('',(#250));
#250 = ORIENTED_EDGE('',*,*,#251,.T.);
#251 = EDGE_CURVE('',#252,#252,#254,.T.);
#252 = VERTEX_POINT('',#253);
#253 = CARTESIAN_POINT('',(40.,-1.224646799147E-15,0.));
#254 = SURFACE_CURVE('',#255,(#260,#271),.PCURVE_S1.);
#255 = CIRCLE('',#256,5.);
#256 = AXIS2_PLACEMENT_3D('',#257,#258,#259);
#257 = CARTESIAN_POINT('',(45.,0.,0.));
#258 = DIRECTION('',(0.,0.,-1.));
#259 = DIRECTION('',(-1.,0.,0.));
#260 = PCURVE('',#72,#261);
#261 = DEFINITIONAL_REPRESENTATION('',(#262),#270);
#262 = ( BOUNDED_CURVE() B_SPLINE_CURVE(2,(#263,#264,#265,#266,#267,#268
,#269),.UNSPECIFIED.,.T.,.F.) B_SPLINE_CURVE_WITH_KNOTS((1,2,2,2,2,1),(
    -2.094395102393,0.,2.094395102393,4.188790204786,6.28318530718,
8.377580409573),.UNSPECIFIED.) CURVE() GEOMETRIC_REPRESENTATION_ITEM() 
RATIONAL_B_SPLINE_CURVE((1.,0.5,1.,0.5,1.,0.5,1.)) REPRESENTATION_ITEM(
  '') );
#263 = CARTESIAN_POINT('',(100.,30.));
#264 = CARTESIAN_POINT('',(100.,38.660254037844));
#265 = CARTESIAN_POINT('',(107.5,34.330127018922));
#266 = CARTESIAN_POINT('',(115.,30.));
#267 = CARTESIAN_POINT('',(107.5,25.669872981078));
#268 = CARTESIAN_POINT('',(100.,21.339745962156));
#269 = CARTESIAN_POINT('',(100.,30.));
#270 = ( GEOMETRIC_REPRESENTATION_CONTEXT(2) 
PARAMETRIC_REPRESENTATION_CONTEXT() REPRESENTATION_CONTEXT('2D SPACE',''
  ) );
#271 = PCURVE('',#272,#277);
#272 = CYLINDRICAL_SURFACE('',#273,5.);
#273 = AXIS2_PLACEMENT_3D('',#274,#275,#276);
#274 = CARTESIAN_POINT('',(45.,0.,12.));
#275 = DIRECTION('',(0.,0.,-1.));
#276 = DIRECTION('',(-1.,0.,0.));
#277 = DEFINITIONAL_REPRESENTATION('',(#278),#282);
#278 = LINE('',#279,#280);
#279 = CARTESIAN_POINT('',(0.,12.));
#280 = VECTOR('',#281,1.);
#281 = DIRECTION('',(1.,0.));
#282 = ( GEOMETRIC_REPRESENTATION_CONTEXT(2) 
PARAMETRIC_REPRESENTATION_CONTEXT() REPRESENTATION_CONTEXT('2D SPACE',''
  ) );
#283 = ADVANCED_FACE('',(#284),#272,.F.);
#284 = FACE_BOUND('',#285,.F.);
#285 = EDGE_LOOP('',(#286,#287,#310,#336));
#286 = ORIENTED_EDGE('',*,*,#251,.F.);
#287 = ORIENTED_EDGE('',*,*,#288,.F.);
#288 = EDGE_CURVE('',#289,#252,#291,.T.);
#289 = VERTEX_POINT('',#290);
#290 = CARTESIAN_POINT('',(40.,-1.224646799147E-15,12.));
#291 = SEAM_CURVE('',#292,(#296,#303),.PCURVE_S1.);
#292 = LINE('',#293,#294);
#293 = CARTESIAN_POINT('',(40.,-1.224646799147E-15,12.));
#294 = VECTOR('',#295,1.);
#295 = DIRECTION('',(0.,0.,-1.));
#296 = PCURVE('',#272,#297);
#297 = DEFINITIONAL_REPRESENTATION('',(#298),#302);
#298 = LINE('',#299,#300);
#299 = CARTESIAN_POINT('',(6.28318530718,-0.));
#300 = VECTOR('',#301,1.);
#301 = DIRECTION('',(0.,1.));
#302 = ( GEOMETRIC_REPRESENTATION_CONTEXT(2) 
PARAMETRIC_REPRESENTATION_CONTEXT() REPRESENTATION_CONTEXT('2D SPACE',''
  ) );
#303 = PCURVE('',#272,#304);
#304 = DEFINITIONAL_REPRESENTATION('',(#305),#309);
#305 = LINE('',#306,#307);
#306 = CARTESIAN_POINT('',(0.,-0.));
#307 = VECTOR('',#308,1.);
#308 = DIRECTION('',(0.,1.));
#309 = ( GEOMETRIC_REPRESENTATION_CONTEXT(2) 
PARAMETRIC_REPRESENTATION_CONTEXT() REPRESENTATION_CONTEXT('2D SPACE',''
  ) );
#310 = ORIENTED_EDGE('',*,*,#311,.T.);
#311 = EDGE_CURVE('',#289,#289,#312,.T.);
#312 = SURFACE_CURVE('',#313,(#318,#325),.PCURVE_S1.);
#313 = CIRCLE('',#314,5.);
#314 = AXIS2_PLACEMENT_3D('',#315,#316,#317);
#315 = CARTESIAN_POINT('',(45.,0.,12.));
#316 = DIRECTION('',(0.,0.,-1.));
#317 = DIRECTION('',(-1.,0.,0.));
#318 = PCURVE('',#272,#319);
#319 = DEFINITIONAL_REPRESENTATION('',(#320),#324);
#320 = LINE('',#321,#322);
#321 = CARTESIAN_POINT('',(0.,0.));
#322 = VECTOR('',#323,1.);
#323 = DIRECTION('',(1.,0.));
#324 = ( GEOMETRIC_REPRESENTATION_CONTEXT(2) 
PARAMETRIC_REPRESENTATION_CONTEXT() REPRESENTATION_CONTEXT('2D SPACE',''
  ) );
#325 = PCURVE('',#126,#326);
#326 = DEFINITIONAL_REPRESENTATION('',(#327),#335);
#327 = ( BOUNDED_CURVE() B_SPLINE_CURVE(2,(#328,#329,#330,#331,#332,#333
,#334),.UNSPECIFIED.,.T.,.F.) B_SPLINE_CURVE_WITH_KNOTS((1,2,2,2,2,1),(
    -2.094395102393,0.,2.094395102393,4.188790204786,6.28318530718,
8.377580409573),.UNSPECIFIED.) CURVE() GEOMETRIC_REPRESENTATION_ITEM() 
RATIONAL_B_SPLINE_CURVE((1.,0.5,1.,0.5,1.,0.5,1.)) REPRESENTATION_ITEM(
  '') );
#328 = CARTESIAN_POINT('',(100.,30.));
#329 = CARTESIAN_POINT('',(100.,38.660254037844));
#330 = CARTESIAN_POINT('',(107.5,34.330127018922));
#331 = CARTESIAN_POINT('',(115.,30.));
#332 = CARTESIAN_POINT('',(107.5,25.669872981078));
#333 = CARTESIAN_POINT('',(100.,21.339745962156));
#334 = CARTESIAN_POINT('',(100.,30.));
#335 = ( GEOMETRIC_REPRESENTATION_CONTEXT(2) 
PARAMETRIC_REPRESENTATION_CONTEXT() REPRESENTATION_CONTEXT('2D SPACE',''
  ) );
#336 = ORIENTED_EDGE('',*,*,#288,.T.);
#337 = ADVANCED_FACE('',(#338),#237,.F.);
#338 = FACE_BOUND('',#339,.F.);
#339 = EDGE_LOOP('',(#340,#341,#364,#390));
#340 = ORIENTED_EDGE('',*,*,#216,.F.);
#341 = ORIENTED_EDGE('',*,*,#342,.F.);
#342 = EDGE_CURVE('',#343,#217,#345,.T.);
#343 = VERTEX_POINT('',#344);
#344 = CARTESIAN_POINT('',(-50.,-1.224646799147E-15,12.));
#345 = SEAM_CURVE('',#346,(#350,#357),.PCURVE_S1.);
#346 = LINE('',#347,#348);
#347 = CARTESIAN_POINT('',(-50.,-1.224646799147E-15,12.));
#348 = VECTOR('',#349,1.);
#349 = DIRECTION('',(0.,0.,-1.));
#350 = PCURVE('',#237,#351);
#351 = DEFINITIONAL_REPRESENTATION('',(#352),#356);
#352 = LINE('',#353,#354);
#353 = CARTESIAN_POINT('',(6.28318530718,-0.));
#354 = VECTOR('',#355,1.);
#355 = DIRECTION('',(0.,1.));
#356 = ( GEOMETRIC_REPRESENTATION_CONTEXT(2) 
PARAMETRIC_REPRESENTATION_CONTEXT() REPRESENTATION_CONTEXT('2D SPACE',''
  ) );
#357 = PCURVE('',#237,#358);
#358 = DEFINITIONAL_REPRESENTATION('',(#359),#363);
#359 = LINE('',#360,#361);
#360 = CARTESIAN_POINT('',(0.,-0.));
#361 = VECTOR('',#362,1.);
#362 = DIRECTION('',(0.,1.));
#363 = ( GEOMETRIC_REPRESENTATION_CONTEXT(2) 
PARAMETRIC_REPRESENTATION_CONTEXT() REPRESENTATION_CONTEXT('2D SPACE',''
  ) );
#364 = ORIENTED_EDGE('',*,*,#365,.T.);
#365 = EDGE_CURVE('',#343,#343,#366,.T.);
#366 = SURFACE_CURVE('',#367,(#372,#379),.PCURVE_S1.);
#367 = CIRCLE('',#368,5.);
#368 = AXIS2_PLACEMENT_3D('',#369,#370,#371);
#369 = CARTESIAN_POINT('',(-45.,0.,12.));
#370 = DIRECTION('',(0.,0.,-1.));
#371 = DIRECTION('',(-1.,0.,0.));
#372 = PCURVE('',#237,#373);
#373 = DEFINITIONAL_REPRESENTATION('',(#374),#378);
#374 = LINE('',#375,#376);
#375 = CARTESIAN_POINT('',(0.,0.));
#376 = VECTOR('',#377,1.);
#377 = DIRECTION('',(1.,0.));
#378 = ( GEOMETRIC_REPRESENTATION_CONTEXT(2) 
PARAMETRIC_REPRESENTATION_CONTEXT() REPRESENTATION_CONTEXT('2D SPACE',''
  ) );
#379 = PCURVE('',#126,#380);
#380 = DEFINITIONAL_REPRESENTATION('',(#381),#389);
#381 = ( BOUNDED_CURVE() B_SPLINE_CURVE(2,(#382,#383,#384,#385,#386,#387
,#388),.UNSPECIFIED.,.T.,.F.) B_SPLINE_CURVE_WITH_KNOTS((1,2,2,2,2,1),(
    -2.094395102393,0.,2.094395102393,4.188790204786,6.28318530718,
8.377580409573),.UNSPECIFIED.) CURVE() GEOMETRIC_REPRESENTATION_ITEM() 
RATIONAL_B_SPLINE_CURVE((1.,0.5,1.,0.5,1.,0.5,1.)) REPRESENTATION_ITEM(
  '') );
#382 = CARTESIAN_POINT('',(10.,30.));
#383 = CARTESIAN_POINT('',(10.,38.660254037844));
#384 = CARTESIAN_POINT('',(17.5,34.330127018922));
#385 = CARTESIAN_POINT('',(25.,30.));
#386 = CARTESIAN_POINT('',(17.5,25.669872981078));
#387 = CARTESIAN_POINT('',(10.,21.339745962156));
#388 = CARTESIAN_POINT('',(10.,30.));
#389 = ( GEOMETRIC_REPRESENTATION_CONTEXT(2) 
PARAMETRIC_REPRESENTATION_CONTEXT() REPRESENTATION_CONTEXT('2D SPACE',''
  ) );
#390 = ORIENTED_EDGE('',*,*,#342,.T.);
#391 = ADVANCED_FACE('',(#392),#181,.T.);
#392 = FACE_BOUND('',#393,.T.);
#393 = EDGE_LOOP('',(#394,#417,#418,#441));
#394 = ORIENTED_EDGE('',*,*,#395,.F.);
#395 = EDGE_CURVE('',#143,#396,#398,.T.);
#396 = VERTEX_POINT('',#397);
#397 = CARTESIAN_POINT('',(60.,-30.,12.));
#398 = SURFACE_CURVE('',#399,(#403,#410),.PCURVE_S1.);
#399 = LINE('',#400,#401);
#400 = CARTESIAN_POINT('',(60.,-30.,0.));
#401 = VECTOR('',#402,1.);
#402 = DIRECTION('',(0.,0.,1.));
#403 = PCURVE('',#181,#404);
#404 = DEFINITIONAL_REPRESENTATION('',(#405),#409);
#405 = LINE('',#406,#407);
#406 = CARTESIAN_POINT('',(0.,0.));
#407 = VECTOR('',#408,1.);
#408 = DIRECTION('',(1.,0.));
#409 = ( GEOMETRIC_REPRESENTATION_CONTEXT(2) 
PARAMETRIC_REPRESENTATION_CONTEXT() REPRESENTATION_CONTEXT('2D SPACE',''
  ) );
#410 = PCURVE('',#44,#411);
#411 = DEFINITIONAL_REPRESENTATION('',(#412),#416);
#412 = LINE('',#413,#414);
#413 = CARTESIAN_POINT('',(0.,120.));
#414 = VECTOR('',#415,1.);
#415 = DIRECTION('',(1.,0.));
#416 = ( GEOMETRIC_REPRESENTATION_CONTEXT(2) 
PARAMETRIC_REPRESENTATION_CONTEXT() REPRESENTATION_CONTEXT('2D SPACE',''
  ) );
#417 = ORIENTED_EDGE('',*,*,#165,.T.);
#418 = ORIENTED_EDGE('',*,*,#419,.T.);
#419 = EDGE_CURVE('',#166,#420,#422,.T.);
#420 = VERTEX_POINT('',#421);
#421 = CARTESIAN_POINT('',(60.,30.,12.));
#422 = SURFACE_CURVE('',#423,(#427,#434),.PCURVE_S1.);
#423 = LINE('',#424,#425);
#424 = CARTESIAN_POINT('',(60.,30.,0.));
#425 = VECTOR('',#426,1.);
#426 = DIRECTION('',(0.,0.,1.));
#427 = PCURVE('',#181,#428);
#428 = DEFINITIONAL_REPRESENTATION('',(#429),#433);
#429 = LINE('',#430,#431);
#430 = CARTESIAN_POINT('',(0.,-60.));
#431 = VECTOR('',#432,1.);
#432 = DIRECTION('',(1.,0.));
#433 = ( GEOMETRIC_REPRESENTATION_CONTEXT(2) 
PARAMETRIC_REPRESENTATION_CONTEXT() REPRESENTATION_CONTEXT('2D SPACE',''
  ) );
#434 = PCURVE('',#100,#435);
#435 = DEFINITIONAL_REPRESENTATION('',(#436),#440);
#436 = LINE('',#437,#438);
#437 = CARTESIAN_POINT('',(0.,120.));
#438 = VECTOR('',#439,1.);
#439 = DIRECTION('',(1.,0.));
#440 = ( GEOMETRIC_REPRESENTATION_CONTEXT(2) 
PARAMETRIC_REPRESENTATION_CONTEXT() REPRESENTATION_CONTEXT('2D SPACE',''
  ) );
#441 = ORIENTED_EDGE('',*,*,#442,.F.);
#442 = EDGE_CURVE('',#396,#420,#443,.T.);
#443 = SURFACE_CURVE('',#444,(#448,#455),.PCURVE_S1.);
#444 = LINE('',#445,#446);
#445 = CARTESIAN_POINT('',(60.,-30.,12.));
#446 = VECTOR('',#447,1.);
#447 = DIRECTION('',(-0.,1.,0.));
#448 = PCURVE('',#181,#449);
#449 = DEFINITIONAL_REPRESENTATION('',(#450),#454);
#450 = LINE('',#451,#452);
#451 = CARTESIAN_POINT('',(12.,0.));
#452 = VECTOR('',#453,1.);
#453 = DIRECTION('',(0.,-1.));
#454 = ( GEOMETRIC_REPRESENTATION_CONTEXT(2) 
PARAMETRIC_REPRESENTATION_CONTEXT() REPRESENTATION_CONTEXT('2D SPACE',''
  ) );
#455 = PCURVE('',#126,#456);
#456 = DEFINITIONAL_REPRESENTATION('',(#457),#461);
#457 = LINE('',#458,#459);
#458 = CARTESIAN_POINT('',(120.,0.));
#459 = VECTOR('',#460,1.);
#460 = DIRECTION('',(0.,1.));
#461 = ( GEOMETRIC_REPRESENTATION_CONTEXT(2) 
PARAMETRIC_REPRESENTATION_CONTEXT() REPRESENTATION_CONTEXT('2D SPACE',''
  ) );
#462 = ADVANCED_FACE('',(#463),#100,.T.);
#463 = FACE_BOUND('',#464,.T.);
#464 = EDGE_LOOP('',(#465,#466,#467,#488));
#465 = ORIENTED_EDGE('',*,*,#193,.F.);
#466 = ORIENTED_EDGE('',*,*,#84,.T.);
#467 = ORIENTED_EDGE('',*,*,#468,.T.);
#468 = EDGE_CURVE('',#85,#420,#469,.T.);
#469 = SURFACE_CURVE('',#470,(#474,#481),.PCURVE_S1.);
#470 = LINE('',#471,#472);
#471 = CARTESIAN_POINT('',(-60.,30.,12.));
#472 = VECTOR('',#473,1.);
#473 = DIRECTION('',(1.,0.,-0.));
#474 = PCURVE('',#100,#475);
#475 = DEFINITIONAL_REPRESENTATION('',(#476),#480);
#476 = LINE('',#477,#478);
#477 = CARTESIAN_POINT('',(12.,0.));
#478 = VECTOR('',#479,1.);
#479 = DIRECTION('',(0.,1.));
#480 = ( GEOMETRIC_REPRESENTATION_CONTEXT(2) 
PARAMETRIC_REPRESENTATION_CONTEXT() REPRESENTATION_CONTEXT('2D SPACE',''
  ) );
#481 = PCURVE('',#126,#482);
#482 = DEFINITIONAL_REPRESENTATION('',(#483),#487);
#483 = LINE('',#484,#485);
#484 = CARTESIAN_POINT('',(0.,60.));
#485 = VECTOR('',#486,1.);
#486 = DIRECTION('',(1.,0.));
#487 = ( GEOMETRIC_REPRESENTATION_CONTEXT(2) 
PARAMETRIC_REPRESENTATION_CONTEXT() REPRESENTATION_CONTEXT('2D SPACE',''
  ) );
#488 = ORIENTED_EDGE('',*,*,#419,.F.);
#489 = ADVANCED_FACE('',(#490,#516,#519,#633,#734,#848),#126,.T.);
#490 = FACE_BOUND('',#491,.T.);
#491 = EDGE_LOOP('',(#492,#493,#514,#515));
#492 = ORIENTED_EDGE('',*,*,#112,.F.);
#493 = ORIENTED_EDGE('',*,*,#494,.T.);
#494 = EDGE_CURVE('',#24,#396,#495,.T.);
#495 = SURFACE_CURVE('',#496,(#500,#507),.PCURVE_S1.);
#496 = LINE('',#497,#498);
#497 = CARTESIAN_POINT('',(-60.,-30.,12.));
#498 = VECTOR('',#499,1.);
#499 = DIRECTION('',(1.,0.,-0.));
#500 = PCURVE('',#126,#501);
#501 = DEFINITIONAL_REPRESENTATION('',(#502),#506);
#502 = LINE('',#503,#504);
#503 = CARTESIAN_POINT('',(0.,0.));
#504 = VECTOR('',#505,1.);
#505 = DIRECTION('',(1.,0.));
#506 = ( GEOMETRIC_REPRESENTATION_CONTEXT(2) 
PARAMETRIC_REPRESENTATION_CONTEXT() REPRESENTATION_CONTEXT('2D SPACE',''
  ) );
#507 = PCURVE('',#44,#508);
#508 = DEFINITIONAL_REPRESENTATION('',(#509),#513);
#509 = LINE('',#510,#511);
#510 = CARTESIAN_POINT('',(12.,0.));
#511 = VECTOR('',#512,1.);
#512 = DIRECTION('',(0.,1.));
#513 = ( GEOMETRIC_REPRESENTATION_CONTEXT(2) 
PARAMETRIC_REPRESENTATION_CONTEXT() REPRESENTATION_CONTEXT('2D SPACE',''
  ) );
#514 = ORIENTED_EDGE('',*,*,#442,.T.);
#515 = ORIENTED_EDGE('',*,*,#468,.F.);
#516 = FACE_BOUND('',#517,.T.);
#517 = EDGE_LOOP('',(#518));
#518 = ORIENTED_EDGE('',*,*,#365,.T.);
#519 = FACE_BOUND('',#520,.T.);
#520 = EDGE_LOOP('',(#521,#551,#579,#607));
#521 = ORIENTED_EDGE('',*,*,#522,.F.);
#522 = EDGE_CURVE('',#523,#525,#527,.T.);
#523 = VERTEX_POINT('',#524);
#524 = CARTESIAN_POINT('',(-39.028,8.,12.));
#525 = VERTEX_POINT('',#526);
#526 = CARTESIAN_POINT('',(-39.028,-8.,12.));
#527 = SURFACE_CURVE('',#528,(#532,#539),.PCURVE_S1.);
#528 = LINE('',#529,#530);
#529 = CARTESIAN_POINT('',(-39.028,8.,12.));
#530 = VECTOR('',#531,1.);
#531 = DIRECTION('',(0.,-1.,0.));
#532 = PCURVE('',#126,#533);
#533 = DEFINITIONAL_REPRESENTATION('',(#534),#538);
#534 = LINE('',#535,#536);
#535 = CARTESIAN_POINT('',(20.972,38.));
#536 = VECTOR('',#537,1.);
#537 = DIRECTION('',(0.,-1.));
#538 = ( GEOMETRIC_REPRESENTATION_CONTEXT(2) 
PARAMETRIC_REPRESENTATION_CONTEXT() REPRESENTATION_CONTEXT('2D SPACE',''
  ) );
#539 = PCURVE('',#540,#545);
#540 = CYLINDRICAL_SURFACE('',#541,5.);
#541 = AXIS2_PLACEMENT_3D('',#542,#543,#544);
#542 = CARTESIAN_POINT('',(-39.028,0.,17.));
#543 = DIRECTION('',(-0.,1.,-0.));
#544 = DIRECTION('',(-0.754709580223,0.,0.656059028991));
#545 = DEFINITIONAL_REPRESENTATION('',(#546),#550);
#546 = LINE('',#547,#548);
#547 = CARTESIAN_POINT('',(-2.286381320113,8.));
#548 = VECTOR('',#549,1.);
#549 = DIRECTION('',(-0.,-1.));
#550 = ( GEOMETRIC_REPRESENTATION_CONTEXT(2) 
PARAMETRIC_REPRESENTATION_CONTEXT() REPRESENTATION_CONTEXT('2D SPACE',''
  ) );
#551 = ORIENTED_EDGE('',*,*,#552,.F.);
#552 = EDGE_CURVE('',#553,#523,#555,.T.);
#553 = VERTEX_POINT('',#554);
#554 = CARTESIAN_POINT('',(-15.,8.,12.));
#555 = SURFACE_CURVE('',#556,(#560,#567),.PCURVE_S1.);
#556 = LINE('',#557,#558);
#557 = CARTESIAN_POINT('',(-15.,8.,12.));
#558 = VECTOR('',#559,1.);
#559 = DIRECTION('',(-1.,0.,0.));
#560 = PCURVE('',#126,#561);
#561 = DEFINITIONAL_REPRESENTATION('',(#562),#566);
#562 = LINE('',#563,#564);
#563 = CARTESIAN_POINT('',(45.,38.));
#564 = VECTOR('',#565,1.);
#565 = DIRECTION('',(-1.,0.));
#566 = ( GEOMETRIC_REPRESENTATION_CONTEXT(2) 
PARAMETRIC_REPRESENTATION_CONTEXT() REPRESENTATION_CONTEXT('2D SPACE',''
  ) );
#567 = PCURVE('',#568,#573);
#568 = PLANE('',#569);
#569 = AXIS2_PLACEMENT_3D('',#570,#571,#572);
#570 = CARTESIAN_POINT('',(29.833636727145,8.,20.02359230503));
#571 = DIRECTION('',(0.,-1.,0.));
#572 = DIRECTION('',(1.,0.,0.));
#573 = DEFINITIONAL_REPRESENTATION('',(#574),#578);
#574 = LINE('',#575,#576);
#575 = CARTESIAN_POINT('',(-44.83363672714,-8.02359230503));
#576 = VECTOR('',#577,1.);
#577 = DIRECTION('',(-1.,0.));
#578 = ( GEOMETRIC_REPRESENTATION_CONTEXT(2) 
PARAMETRIC_REPRESENTATION_CONTEXT() REPRESENTATION_CONTEXT('2D SPACE',''
  ) );
#579 = ORIENTED_EDGE('',*,*,#580,.T.);
#580 = EDGE_CURVE('',#553,#581,#583,.T.);
#581 = VERTEX_POINT('',#582);
#582 = CARTESIAN_POINT('',(-15.,-8.,12.));
#583 = SURFACE_CURVE('',#584,(#588,#595),.PCURVE_S1.);
#584 = LINE('',#585,#586);
#585 = CARTESIAN_POINT('',(-15.,8.,12.));
#586 = VECTOR('',#587,1.);
#587 = DIRECTION('',(0.,-1.,0.));
#588 = PCURVE('',#126,#589);
#589 = DEFINITIONAL_REPRESENTATION('',(#590),#594);
#590 = LINE('',#591,#592);
#591 = CARTESIAN_POINT('',(45.,38.));
#592 = VECTOR('',#593,1.);
#593 = DIRECTION('',(0.,-1.));
#594 = ( GEOMETRIC_REPRESENTATION_CONTEXT(2) 
PARAMETRIC_REPRESENTATION_CONTEXT() REPRESENTATION_CONTEXT('2D SPACE',''
  ) );
#595 = PCURVE('',#596,#601);
#596 = PLANE('',#597);
#597 = AXIS2_PLACEMENT_3D('',#598,#599,#600);
#598 = CARTESIAN_POINT('',(-30.,0.,35.));
#599 = DIRECTION('',(0.837610596839,0.,0.546267780547));
#600 = DIRECTION('',(0.546267780547,0.,-0.837610596839));
#601 = DEFINITIONAL_REPRESENTATION('',(#602),#606);
#602 = LINE('',#603,#604);
#603 = CARTESIAN_POINT('',(27.459060435492,8.));
#604 = VECTOR('',#605,1.);
#605 = DIRECTION('',(0.,-1.));
#606 = ( GEOMETRIC_REPRESENTATION_CONTEXT(2) 
PARAMETRIC_REPRESENTATION_CONTEXT() REPRESENTATION_CONTEXT('2D SPACE',''
  ) );
#607 = ORIENTED_EDGE('',*,*,#608,.T.);
#608 = EDGE_CURVE('',#581,#525,#609,.T.);
#609 = SURFACE_CURVE('',#610,(#614,#621),.PCURVE_S1.);
#610 = LINE('',#611,#612);
#611 = CARTESIAN_POINT('',(-15.,-8.,12.));
#612 = VECTOR('',#613,1.);
#613 = DIRECTION('',(-1.,0.,0.));
#614 = PCURVE('',#126,#615);
#615 = DEFINITIONAL_REPRESENTATION('',(#616),#620);
#616 = LINE('',#617,#618);
#617 = CARTESIAN_POINT('',(45.,22.));
#618 = VECTOR('',#619,1.);
#619 = DIRECTION('',(-1.,0.));
#620 = ( GEOMETRIC_REPRESENTATION_CONTEXT(2) 
PARAMETRIC_REPRESENTATION_CONTEXT() REPRESENTATION_CONTEXT('2D SPACE',''
  ) );
#621 = PCURVE('',#622,#627);
#622 = PLANE('',#623);
#623 = AXIS2_PLACEMENT_3D('',#624,#625,#626);
#624 = CARTESIAN_POINT('',(29.833636727145,-8.,20.02359230503));
#625 = DIRECTION('',(0.,-1.,0.));
#626 = DIRECTION('',(1.,0.,0.));
#627 = DEFINITIONAL_REPRESENTATION('',(#628),#632);
#628 = LINE('',#629,#630);
#629 = CARTESIAN_POINT('',(-44.83363672714,-8.02359230503));
#630 = VECTOR('',#631,1.);
#631 = DIRECTION('',(-1.,0.));
#632 = ( GEOMETRIC_REPRESENTATION_CONTEXT(2) 
PARAMETRIC_REPRESENTATION_CONTEXT() REPRESENTATION_CONTEXT('2D SPACE',''
  ) );
#633 = FACE_BOUND('',#634,.T.);
#634 = EDGE_LOOP('',(#635,#663,#689,#715));
#635 = ORIENTED_EDGE('',*,*,#636,.T.);
#636 = EDGE_CURVE('',#637,#639,#641,.T.);
#637 = VERTEX_POINT('',#638);
#638 = CARTESIAN_POINT('',(8.306623862918,-16.,12.));
#639 = VERTEX_POINT('',#640);
#640 = CARTESIAN_POINT('',(-8.306623862918,-16.,12.));
#641 = SURFACE_CURVE('',#642,(#646,#652),.PCURVE_S1.);
#642 = LINE('',#643,#644);
#643 = CARTESIAN_POINT('',(-30.,-16.,12.));
#644 = VECTOR('',#645,1.);
#645 = DIRECTION('',(-1.,0.,0.));
#646 = PCURVE('',#126,#647);
#647 = DEFINITIONAL_REPRESENTATION('',(#648),#651);
#648 = B_SPLINE_CURVE_WITH_KNOTS('',1,(#649,#650),.UNSPECIFIED.,.F.,.F.,
  (2,2),(-65.,5.),.PIECEWISE_BEZIER_KNOTS.);
#649 = CARTESIAN_POINT('',(95.,14.));
#650 = CARTESIAN_POINT('',(25.,14.));
#651 = ( GEOMETRIC_REPRESENTATION_CONTEXT(2) 
PARAMETRIC_REPRESENTATION_CONTEXT() REPRESENTATION_CONTEXT('2D SPACE',''
  ) );
#652 = PCURVE('',#653,#658);
#653 = PLANE('',#654);
#654 = AXIS2_PLACEMENT_3D('',#655,#656,#657);
#655 = CARTESIAN_POINT('',(0.,-16.,46.));
#656 = DIRECTION('',(0.,1.,0.));
#657 = DIRECTION('',(0.,-0.,1.));
#658 = DEFINITIONAL_REPRESENTATION('',(#659),#662);
#659 = B_SPLINE_CURVE_WITH_KNOTS('',1,(#660,#661),.UNSPECIFIED.,.F.,.F.,
  (2,2),(-65.,5.),.PIECEWISE_BEZIER_KNOTS.);
#660 = CARTESIAN_POINT('',(-34.,35.));
#661 = CARTESIAN_POINT('',(-34.,-35.));
#662 = ( GEOMETRIC_REPRESENTATION_CONTEXT(2) 
PARAMETRIC_REPRESENTATION_CONTEXT() REPRESENTATION_CONTEXT('2D SPACE',''
  ) );
#663 = ORIENTED_EDGE('',*,*,#664,.T.);
#664 = EDGE_CURVE('',#639,#665,#667,.T.);
#665 = VERTEX_POINT('',#666);
#666 = CARTESIAN_POINT('',(-8.306623862918,16.,12.));
#667 = SURFACE_CURVE('',#668,(#672,#678),.PCURVE_S1.);
#668 = LINE('',#669,#670);
#669 = CARTESIAN_POINT('',(-8.306623862918,-16.,12.));
#670 = VECTOR('',#671,1.);
#671 = DIRECTION('',(0.,1.,0.));
#672 = PCURVE('',#126,#673);
#673 = DEFINITIONAL_REPRESENTATION('',(#674),#677);
#674 = B_SPLINE_CURVE_WITH_KNOTS('',1,(#675,#676),.UNSPECIFIED.,.F.,.F.,
  (2,2),(-5.999999999062E-07,32.0000006),.PIECEWISE_BEZIER_KNOTS.);
#675 = CARTESIAN_POINT('',(51.693376137082,13.9999994));
#676 = CARTESIAN_POINT('',(51.693376137082,46.0000006));
#677 = ( GEOMETRIC_REPRESENTATION_CONTEXT(2) 
PARAMETRIC_REPRESENTATION_CONTEXT() REPRESENTATION_CONTEXT('2D SPACE',''
  ) );
#678 = PCURVE('',#679,#684);
#679 = CYLINDRICAL_SURFACE('',#680,35.);
#680 = AXIS2_PLACEMENT_3D('',#681,#682,#683);
#681 = CARTESIAN_POINT('',(0.,-16.,46.));
#682 = DIRECTION('',(0.,1.,0.));
#683 = DIRECTION('',(0.,-0.,1.));
#684 = DEFINITIONAL_REPRESENTATION('',(#685),#688);
#685 = B_SPLINE_CURVE_WITH_KNOTS('',1,(#686,#687),.UNSPECIFIED.,.F.,.F.,
  (2,2),(0.,32.),.PIECEWISE_BEZIER_KNOTS.);
#686 = CARTESIAN_POINT('',(3.381211222219,0.));
#687 = CARTESIAN_POINT('',(3.381211222219,32.));
#688 = ( GEOMETRIC_REPRESENTATION_CONTEXT(2) 
PARAMETRIC_REPRESENTATION_CONTEXT() REPRESENTATION_CONTEXT('2D SPACE',''
  ) );
#689 = ORIENTED_EDGE('',*,*,#690,.F.);
#690 = EDGE_CURVE('',#691,#665,#693,.T.);
#691 = VERTEX_POINT('',#692);
#692 = CARTESIAN_POINT('',(8.306623862918,16.,12.));
#693 = SURFACE_CURVE('',#694,(#698,#704),.PCURVE_S1.);
#694 = LINE('',#695,#696);
#695 = CARTESIAN_POINT('',(-30.,16.,12.));
#696 = VECTOR('',#697,1.);
#697 = DIRECTION('',(-1.,0.,0.));
#698 = PCURVE('',#126,#699);
#699 = DEFINITIONAL_REPRESENTATION('',(#700),#703);
#700 = B_SPLINE_CURVE_WITH_KNOTS('',1,(#701,#702),.UNSPECIFIED.,.F.,.F.,
  (2,2),(-65.,5.),.PIECEWISE_BEZIER_KNOTS.);
#701 = CARTESIAN_POINT('',(95.,46.));
#702 = CARTESIAN_POINT('',(25.,46.));
#703 = ( GEOMETRIC_REPRESENTATION_CONTEXT(2) 
PARAMETRIC_REPRESENTATION_CONTEXT() REPRESENTATION_CONTEXT('2D SPACE',''
  ) );
#704 = PCURVE('',#705,#710);
#705 = PLANE('',#706);
#706 = AXIS2_PLACEMENT_3D('',#707,#708,#709);
#707 = CARTESIAN_POINT('',(0.,16.,46.));
#708 = DIRECTION('',(0.,1.,0.));
#709 = DIRECTION('',(0.,-0.,1.));
#710 = DEFINITIONAL_REPRESENTATION('',(#711),#714);
#711 = B_SPLINE_CURVE_WITH_KNOTS('',1,(#712,#713),.UNSPECIFIED.,.F.,.F.,
  (2,2),(-65.,5.),.PIECEWISE_BEZIER_KNOTS.);
#712 = CARTESIAN_POINT('',(-34.,35.));
#713 = CARTESIAN_POINT('',(-34.,-35.));
#714 = ( GEOMETRIC_REPRESENTATION_CONTEXT(2) 
PARAMETRIC_REPRESENTATION_CONTEXT() REPRESENTATION_CONTEXT('2D SPACE',''
  ) );
#715 = ORIENTED_EDGE('',*,*,#716,.F.);
#716 = EDGE_CURVE('',#637,#691,#717,.T.);
#717 = SURFACE_CURVE('',#718,(#722,#728),.PCURVE_S1.);
#718 = LINE('',#719,#720);
#719 = CARTESIAN_POINT('',(8.306623862918,-16.,12.));
#720 = VECTOR('',#721,1.);
#721 = DIRECTION('',(0.,1.,0.));
#722 = PCURVE('',#126,#723);
#723 = DEFINITIONAL_REPRESENTATION('',(#724),#727);
#724 = B_SPLINE_CURVE_WITH_KNOTS('',1,(#725,#726),.UNSPECIFIED.,.F.,.F.,
  (2,2),(-5.999999999062E-07,32.0000006),.PIECEWISE_BEZIER_KNOTS.);
#725 = CARTESIAN_POINT('',(68.306623862918,13.9999994));
#726 = CARTESIAN_POINT('',(68.306623862918,46.0000006));
#727 = ( GEOMETRIC_REPRESENTATION_CONTEXT(2) 
PARAMETRIC_REPRESENTATION_CONTEXT() REPRESENTATION_CONTEXT('2D SPACE',''
  ) );
#728 = PCURVE('',#679,#729);
#729 = DEFINITIONAL_REPRESENTATION('',(#730),#733);
#730 = B_SPLINE_CURVE_WITH_KNOTS('',1,(#731,#732),.UNSPECIFIED.,.F.,.F.,
  (2,2),(0.,32.),.PIECEWISE_BEZIER_KNOTS.);
#731 = CARTESIAN_POINT('',(9.18515939214,0.));
#732 = CARTESIAN_POINT('',(9.18515939214,32.));
#733 = ( GEOMETRIC_REPRESENTATION_CONTEXT(2) 
PARAMETRIC_REPRESENTATION_CONTEXT() REPRESENTATION_CONTEXT('2D SPACE',''
  ) );
#734 = FACE_BOUND('',#735,.T.);
#735 = EDGE_LOOP('',(#736,#766,#794,#822));
#736 = ORIENTED_EDGE('',*,*,#737,.F.);
#737 = EDGE_CURVE('',#738,#740,#742,.T.);
#738 = VERTEX_POINT('',#739);
#739 = CARTESIAN_POINT('',(15.,8.,12.));
#740 = VERTEX_POINT('',#741);
#741 = CARTESIAN_POINT('',(15.,-8.,12.));
#742 = SURFACE_CURVE('',#743,(#747,#754),.PCURVE_S1.);
#743 = LINE('',#744,#745);
#744 = CARTESIAN_POINT('',(15.,8.,12.));
#745 = VECTOR('',#746,1.);
#746 = DIRECTION('',(0.,-1.,0.));
#747 = PCURVE('',#126,#748);
#748 = DEFINITIONAL_REPRESENTATION('',(#749),#753);
#749 = LINE('',#750,#751);
#750 = CARTESIAN_POINT('',(75.,38.));
#751 = VECTOR('',#752,1.);
#752 = DIRECTION('',(0.,-1.));
#753 = ( GEOMETRIC_REPRESENTATION_CONTEXT(2) 
PARAMETRIC_REPRESENTATION_CONTEXT() REPRESENTATION_CONTEXT('2D SPACE',''
  ) );
#754 = PCURVE('',#755,#760);
#755 = PLANE('',#756);
#756 = AXIS2_PLACEMENT_3D('',#757,#758,#759);
#757 = CARTESIAN_POINT('',(30.,0.,35.));
#758 = DIRECTION('',(0.837610596839,0.,-0.546267780547));
#759 = DIRECTION('',(-0.546267780547,-0.,-0.837610596839));
#760 = DEFINITIONAL_REPRESENTATION('',(#761),#765);
#761 = LINE('',#762,#763);
#762 = CARTESIAN_POINT('',(27.459060435492,8.));
#763 = VECTOR('',#764,1.);
#764 = DIRECTION('',(0.,-1.));
#765 = ( GEOMETRIC_REPRESENTATION_CONTEXT(2) 
PARAMETRIC_REPRESENTATION_CONTEXT() REPRESENTATION_CONTEXT('2D SPACE',''
  ) );
#766 = ORIENTED_EDGE('',*,*,#767,.T.);
#767 = EDGE_CURVE('',#738,#768,#770,.T.);
#768 = VERTEX_POINT('',#769);
#769 = CARTESIAN_POINT('',(39.028,8.,12.));
#770 = SURFACE_CURVE('',#771,(#775,#782),.PCURVE_S1.);
#771 = LINE('',#772,#773);
#772 = CARTESIAN_POINT('',(15.,8.,12.));
#773 = VECTOR('',#774,1.);
#774 = DIRECTION('',(1.,0.,0.));
#775 = PCURVE('',#126,#776);
#776 = DEFINITIONAL_REPRESENTATION('',(#777),#781);
#777 = LINE('',#778,#779);
#778 = CARTESIAN_POINT('',(75.,38.));
#779 = VECTOR('',#780,1.);
#780 = DIRECTION('',(1.,0.));
#781 = ( GEOMETRIC_REPRESENTATION_CONTEXT(2) 
PARAMETRIC_REPRESENTATION_CONTEXT() REPRESENTATION_CONTEXT('2D SPACE',''
  ) );
#782 = PCURVE('',#783,#788);
#783 = PLANE('',#784);
#784 = AXIS2_PLACEMENT_3D('',#785,#786,#787);
#785 = CARTESIAN_POINT('',(29.833636727145,8.,20.02359230503));
#786 = DIRECTION('',(0.,-1.,0.));
#787 = DIRECTION('',(1.,0.,0.));
#788 = DEFINITIONAL_REPRESENTATION('',(#789),#793);
#789 = LINE('',#790,#791);
#790 = CARTESIAN_POINT('',(-14.83363672714,-8.02359230503));
#791 = VECTOR('',#792,1.);
#792 = DIRECTION('',(1.,0.));
#793 = ( GEOMETRIC_REPRESENTATION_CONTEXT(2) 
PARAMETRIC_REPRESENTATION_CONTEXT() REPRESENTATION_CONTEXT('2D SPACE',''
  ) );
#794 = ORIENTED_EDGE('',*,*,#795,.F.);
#795 = EDGE_CURVE('',#796,#768,#798,.T.);
#796 = VERTEX_POINT('',#797);
#797 = CARTESIAN_POINT('',(39.028,-8.,12.));
#798 = SURFACE_CURVE('',#799,(#803,#810),.PCURVE_S1.);
#799 = LINE('',#800,#801);
#800 = CARTESIAN_POINT('',(39.028,-8.,12.));
#801 = VECTOR('',#802,1.);
#802 = DIRECTION('',(0.,1.,0.));
#803 = PCURVE('',#126,#804);
#804 = DEFINITIONAL_REPRESENTATION('',(#805),#809);
#805 = LINE('',#806,#807);
#806 = CARTESIAN_POINT('',(99.028,22.));
#807 = VECTOR('',#808,1.);
#808 = DIRECTION('',(0.,1.));
#809 = ( GEOMETRIC_REPRESENTATION_CONTEXT(2) 
PARAMETRIC_REPRESENTATION_CONTEXT() REPRESENTATION_CONTEXT('2D SPACE',''
  ) );
#810 = PCURVE('',#811,#816);
#811 = CYLINDRICAL_SURFACE('',#812,5.);
#812 = AXIS2_PLACEMENT_3D('',#813,#814,#815);
#813 = CARTESIAN_POINT('',(39.028,0.,17.));
#814 = DIRECTION('',(-0.,1.,-0.));
#815 = DIRECTION('',(1.42108547152E-15,0.,-1.));
#816 = DEFINITIONAL_REPRESENTATION('',(#817),#821);
#817 = LINE('',#818,#819);
#818 = CARTESIAN_POINT('',(-0.,-8.));
#819 = VECTOR('',#820,1.);
#820 = DIRECTION('',(0.,1.));
#821 = ( GEOMETRIC_REPRESENTATION_CONTEXT(2) 
PARAMETRIC_REPRESENTATION_CONTEXT() REPRESENTATION_CONTEXT('2D SPACE',''
  ) );
#822 = ORIENTED_EDGE('',*,*,#823,.F.);
#823 = EDGE_CURVE('',#740,#796,#824,.T.);
#824 = SURFACE_CURVE('',#825,(#829,#836),.PCURVE_S1.);
#825 = LINE('',#826,#827);
#826 = CARTESIAN_POINT('',(15.,-8.,12.));
#827 = VECTOR('',#828,1.);
#828 = DIRECTION('',(1.,0.,0.));
#829 = PCURVE('',#126,#830);
#830 = DEFINITIONAL_REPRESENTATION('',(#831),#835);
#831 = LINE('',#832,#833);
#832 = CARTESIAN_POINT('',(75.,22.));
#833 = VECTOR('',#834,1.);
#834 = DIRECTION('',(1.,0.));
#835 = ( GEOMETRIC_REPRESENTATION_CONTEXT(2) 
PARAMETRIC_REPRESENTATION_CONTEXT() REPRESENTATION_CONTEXT('2D SPACE',''
  ) );
#836 = PCURVE('',#837,#842);
#837 = PLANE('',#838);
#838 = AXIS2_PLACEMENT_3D('',#839,#840,#841);
#839 = CARTESIAN_POINT('',(29.833636727145,-8.,20.02359230503));
#840 = DIRECTION('',(0.,-1.,0.));
#841 = DIRECTION('',(1.,0.,0.));
#842 = DEFINITIONAL_REPRESENTATION('',(#843),#847);
#843 = LINE('',#844,#845);
#844 = CARTESIAN_POINT('',(-14.83363672714,-8.02359230503));
#845 = VECTOR('',#846,1.);
#846 = DIRECTION('',(1.,0.));
#847 = ( GEOMETRIC_REPRESENTATION_CONTEXT(2) 
PARAMETRIC_REPRESENTATION_CONTEXT() REPRESENTATION_CONTEXT('2D SPACE',''
  ) );
#848 = FACE_BOUND('',#849,.T.);
#849 = EDGE_LOOP('',(#850));
#850 = ORIENTED_EDGE('',*,*,#311,.T.);
#851 = ADVANCED_FACE('',(#852),#783,.F.);
#852 = FACE_BOUND('',#853,.F.);
#853 = EDGE_LOOP('',(#854,#878,#906,#934,#955));
#854 = ORIENTED_EDGE('',*,*,#855,.T.);
#855 = EDGE_CURVE('',#768,#856,#858,.T.);
#856 = VERTEX_POINT('',#857);
#857 = CARTESIAN_POINT('',(42.801547901107,8.,20.280295144976));
#858 = SURFACE_CURVE('',#859,(#864,#871),.PCURVE_S1.);
#859 = CIRCLE('',#860,5.);
#860 = AXIS2_PLACEMENT_3D('',#861,#862,#863);
#861 = CARTESIAN_POINT('',(39.028,8.,17.));
#862 = DIRECTION('',(0.,-1.,0.));
#863 = DIRECTION('',(1.42108547152E-15,0.,-1.));
#864 = PCURVE('',#783,#865);
#865 = DEFINITIONAL_REPRESENTATION('',(#866),#870);
#866 = CIRCLE('',#867,5.);
#867 = AXIS2_PLACEMENT_2D('',#868,#869);
#868 = CARTESIAN_POINT('',(9.194363272855,-3.02359230503));
#869 = DIRECTION('',(1.42108547152E-15,-1.));
#870 = ( GEOMETRIC_REPRESENTATION_CONTEXT(2) 
PARAMETRIC_REPRESENTATION_CONTEXT() REPRESENTATION_CONTEXT('2D SPACE',''
  ) );
#871 = PCURVE('',#811,#872);
#872 = DEFINITIONAL_REPRESENTATION('',(#873),#877);
#873 = LINE('',#874,#875);
#874 = CARTESIAN_POINT('',(0.,8.));
#875 = VECTOR('',#876,1.);
#876 = DIRECTION('',(-1.,-0.));
#877 = ( GEOMETRIC_REPRESENTATION_CONTEXT(2) 
PARAMETRIC_REPRESENTATION_CONTEXT() REPRESENTATION_CONTEXT('2D SPACE',''
  ) );
#878 = ORIENTED_EDGE('',*,*,#879,.T.);
#879 = EDGE_CURVE('',#856,#880,#882,.T.);
#880 = VERTEX_POINT('',#881);
#881 = CARTESIAN_POINT('',(32.253417671279,8.,32.408934974698));
#882 = SURFACE_CURVE('',#883,(#887,#894),.PCURVE_S1.);
#883 = LINE('',#884,#885);
#884 = CARTESIAN_POINT('',(42.8015479011,8.,20.280295145));
#885 = VECTOR('',#886,1.);
#886 = DIRECTION('',(-0.656231388155,0.,0.754559716126));
#887 = PCURVE('',#783,#888);
#888 = DEFINITIONAL_REPRESENTATION('',(#889),#893);
#889 = LINE('',#890,#891);
#890 = CARTESIAN_POINT('',(12.967911173955,0.25670283997));
#891 = VECTOR('',#892,1.);
#892 = DIRECTION('',(-0.656231388155,0.754559716126));
#893 = ( GEOMETRIC_REPRESENTATION_CONTEXT(2) 
PARAMETRIC_REPRESENTATION_CONTEXT() REPRESENTATION_CONTEXT('2D SPACE',''
  ) );
#894 = PCURVE('',#895,#900);
#895 = PLANE('',#896);
#896 = AXIS2_PLACEMENT_3D('',#897,#898,#899);
#897 = CARTESIAN_POINT('',(42.8015479011,0.,20.280295145));
#898 = DIRECTION('',(-0.754559716126,-0.,-0.656231388155));
#899 = DIRECTION('',(-0.656231388155,0.,0.754559716126));
#900 = DEFINITIONAL_REPRESENTATION('',(#901),#905);
#901 = LINE('',#902,#903);
#902 = CARTESIAN_POINT('',(0.,8.));
#903 = VECTOR('',#904,1.);
#904 = DIRECTION('',(1.,0.));
#905 = ( GEOMETRIC_REPRESENTATION_CONTEXT(2) 
PARAMETRIC_REPRESENTATION_CONTEXT() REPRESENTATION_CONTEXT('2D SPACE',''
  ) );
#906 = ORIENTED_EDGE('',*,*,#907,.T.);
#907 = EDGE_CURVE('',#880,#908,#910,.T.);
#908 = VERTEX_POINT('',#909);
#909 = CARTESIAN_POINT('',(17.349655564206,8.,15.602805198449));
#910 = SURFACE_CURVE('',#911,(#916,#927),.PCURVE_S1.);
#911 = CIRCLE('',#912,35.);
#912 = AXIS2_PLACEMENT_3D('',#913,#914,#915);
#913 = CARTESIAN_POINT('',(0.,8.,46.));
#914 = DIRECTION('',(0.,1.,0.));
#915 = DIRECTION('',(0.,-0.,1.));
#916 = PCURVE('',#783,#917);
#917 = DEFINITIONAL_REPRESENTATION('',(#918),#926);
#918 = ( BOUNDED_CURVE() B_SPLINE_CURVE(2,(#919,#920,#921,#922,#923,#924
,#925),.UNSPECIFIED.,.T.,.F.) B_SPLINE_CURVE_WITH_KNOTS((1,2,2,2,2,1),(
    -2.094395102393,0.,2.094395102393,4.188790204786,6.28318530718,
8.377580409573),.UNSPECIFIED.) CURVE() GEOMETRIC_REPRESENTATION_ITEM() 
RATIONAL_B_SPLINE_CURVE((1.,0.5,1.,0.5,1.,0.5,1.)) REPRESENTATION_ITEM(
  '') );
#919 = CARTESIAN_POINT('',(-29.83363672714,60.97640769497));
#920 = CARTESIAN_POINT('',(30.788141537766,60.97640769497));
#921 = CARTESIAN_POINT('',(0.477252405311,8.47640769497));
#922 = CARTESIAN_POINT('',(-29.83363672714,-44.02359230503));
#923 = CARTESIAN_POINT('',(-60.1445258596,8.47640769497));
#924 = CARTESIAN_POINT('',(-90.45541499205,60.97640769497));
#925 = CARTESIAN_POINT('',(-29.83363672714,60.97640769497));
#926 = ( GEOMETRIC_REPRESENTATION_CONTEXT(2) 
PARAMETRIC_REPRESENTATION_CONTEXT() REPRESENTATION_CONTEXT('2D SPACE',''
  ) );
#927 = PCURVE('',#679,#928);
#928 = DEFINITIONAL_REPRESENTATION('',(#929),#933);
#929 = LINE('',#930,#931);
#930 = CARTESIAN_POINT('',(6.28318530718,24.));
#931 = VECTOR('',#932,1.);
#932 = DIRECTION('',(1.,0.));
#933 = ( GEOMETRIC_REPRESENTATION_CONTEXT(2) 
PARAMETRIC_REPRESENTATION_CONTEXT() REPRESENTATION_CONTEXT('2D SPACE',''
  ) );
#934 = ORIENTED_EDGE('',*,*,#935,.T.);
#935 = EDGE_CURVE('',#908,#738,#936,.T.);
#936 = SURFACE_CURVE('',#937,(#941,#948),.PCURVE_S1.);
#937 = LINE('',#938,#939);
#938 = CARTESIAN_POINT('',(30.,8.,35.));
#939 = VECTOR('',#940,1.);
#940 = DIRECTION('',(-0.546267780547,-0.,-0.837610596839));
#941 = PCURVE('',#783,#942);
#942 = DEFINITIONAL_REPRESENTATION('',(#943),#947);
#943 = LINE('',#944,#945);
#944 = CARTESIAN_POINT('',(0.166363272855,14.97640769497));
#945 = VECTOR('',#946,1.);
#946 = DIRECTION('',(-0.546267780547,-0.837610596839));
#947 = ( GEOMETRIC_REPRESENTATION_CONTEXT(2) 
PARAMETRIC_REPRESENTATION_CONTEXT() REPRESENTATION_CONTEXT('2D SPACE',''
  ) );
#948 = PCURVE('',#755,#949);
#949 = DEFINITIONAL_REPRESENTATION('',(#950),#954);
#950 = LINE('',#951,#952);
#951 = CARTESIAN_POINT('',(-0.,8.));
#952 = VECTOR('',#953,1.);
#953 = DIRECTION('',(1.,0.));
#954 = ( GEOMETRIC_REPRESENTATION_CONTEXT(2) 
PARAMETRIC_REPRESENTATION_CONTEXT() REPRESENTATION_CONTEXT('2D SPACE',''
  ) );
#955 = ORIENTED_EDGE('',*,*,#767,.T.);
#956 = ADVANCED_FACE('',(#957),#895,.F.);
#957 = FACE_BOUND('',#958,.F.);
#958 = EDGE_LOOP('',(#959,#982,#1005,#1024));
#959 = ORIENTED_EDGE('',*,*,#960,.F.);
#960 = EDGE_CURVE('',#961,#856,#963,.T.);
#961 = VERTEX_POINT('',#962);
#962 = CARTESIAN_POINT('',(42.801547901107,-8.,20.280295144976));
#963 = SURFACE_CURVE('',#964,(#968,#975),.PCURVE_S1.);
#964 = LINE('',#965,#966);
#965 = CARTESIAN_POINT('',(42.801547901107,-8.,20.280295144976));
#966 = VECTOR('',#967,1.);
#967 = DIRECTION('',(0.,1.,0.));
#968 = PCURVE('',#895,#969);
#969 = DEFINITIONAL_REPRESENTATION('',(#970),#974);
#970 = LINE('',#971,#972);
#971 = CARTESIAN_POINT('',(-2.245507987294E-11,-8.));
#972 = VECTOR('',#973,1.);
#973 = DIRECTION('',(0.,1.));
#974 = ( GEOMETRIC_REPRESENTATION_CONTEXT(2) 
PARAMETRIC_REPRESENTATION_CONTEXT() REPRESENTATION_CONTEXT('2D SPACE',''
  ) );
#975 = PCURVE('',#811,#976);
#976 = DEFINITIONAL_REPRESENTATION('',(#977),#981);
#977 = LINE('',#978,#979);
#978 = CARTESIAN_POINT('',(-2.286381320113,-8.));
#979 = VECTOR('',#980,1.);
#980 = DIRECTION('',(0.,1.));
#981 = ( GEOMETRIC_REPRESENTATION_CONTEXT(2) 
PARAMETRIC_REPRESENTATION_CONTEXT() REPRESENTATION_CONTEXT('2D SPACE',''
  ) );
#982 = ORIENTED_EDGE('',*,*,#983,.T.);
#983 = EDGE_CURVE('',#961,#984,#986,.T.);
#984 = VERTEX_POINT('',#985);
#985 = CARTESIAN_POINT('',(32.253417671279,-8.,32.408934974698));
#986 = SURFACE_CURVE('',#987,(#991,#998),.PCURVE_S1.);
#987 = LINE('',#988,#989);
#988 = CARTESIAN_POINT('',(42.8015479011,-8.,20.280295145));
#989 = VECTOR('',#990,1.);
#990 = DIRECTION('',(-0.656231388155,0.,0.754559716126));
#991 = PCURVE('',#895,#992);
#992 = DEFINITIONAL_REPRESENTATION('',(#993),#997);
#993 = LINE('',#994,#995);
#994 = CARTESIAN_POINT('',(0.,-8.));
#995 = VECTOR('',#996,1.);
#996 = DIRECTION('',(1.,0.));
#997 = ( GEOMETRIC_REPRESENTATION_CONTEXT(2) 
PARAMETRIC_REPRESENTATION_CONTEXT() REPRESENTATION_CONTEXT('2D SPACE',''
  ) );
#998 = PCURVE('',#837,#999);
#999 = DEFINITIONAL_REPRESENTATION('',(#1000),#1004);
#1000 = LINE('',#1001,#1002);
#1001 = CARTESIAN_POINT('',(12.967911173955,0.25670283997));
#1002 = VECTOR('',#1003,1.);
#1003 = DIRECTION('',(-0.656231388155,0.754559716126));
#1004 = ( GEOMETRIC_REPRESENTATION_CONTEXT(2) 
PARAMETRIC_REPRESENTATION_CONTEXT() REPRESENTATION_CONTEXT('2D SPACE',''
  ) );
#1005 = ORIENTED_EDGE('',*,*,#1006,.T.);
#1006 = EDGE_CURVE('',#984,#880,#1007,.T.);
#1007 = SURFACE_CURVE('',#1008,(#1012,#1018),.PCURVE_S1.);
#1008 = LINE('',#1009,#1010);
#1009 = CARTESIAN_POINT('',(32.253417671279,-16.,32.408934974698));
#1010 = VECTOR('',#1011,1.);
#1011 = DIRECTION('',(0.,1.,0.));
#1012 = PCURVE('',#895,#1013);
#1013 = DEFINITIONAL_REPRESENTATION('',(#1014),#1017);
#1014 = B_SPLINE_CURVE_WITH_KNOTS('',1,(#1015,#1016),.UNSPECIFIED.,.F.,
  .F.,(2,2),(6.4,25.6),.PIECEWISE_BEZIER_KNOTS.);
#1015 = CARTESIAN_POINT('',(16.073797170046,-9.6));
#1016 = CARTESIAN_POINT('',(16.073797170046,9.6));
#1017 = ( GEOMETRIC_REPRESENTATION_CONTEXT(2) 
PARAMETRIC_REPRESENTATION_CONTEXT() REPRESENTATION_CONTEXT('2D SPACE',''
  ) );
#1018 = PCURVE('',#679,#1019);
#1019 = DEFINITIONAL_REPRESENTATION('',(#1020),#1023);
#1020 = B_SPLINE_CURVE_WITH_KNOTS('',1,(#1021,#1022),.UNSPECIFIED.,.F.,
  .F.,(2,2),(6.4,25.6),.PIECEWISE_BEZIER_KNOTS.);
#1021 = CARTESIAN_POINT('',(8.252785274216,6.4));
#1022 = CARTESIAN_POINT('',(8.252785274216,25.6));
#1023 = ( GEOMETRIC_REPRESENTATION_CONTEXT(2) 
PARAMETRIC_REPRESENTATION_CONTEXT() REPRESENTATION_CONTEXT('2D SPACE',''
  ) );
#1024 = ORIENTED_EDGE('',*,*,#879,.F.);
#1025 = ADVANCED_FACE('',(#1026),#811,.T.);
#1026 = FACE_BOUND('',#1027,.F.);
#1027 = EDGE_LOOP('',(#1028,#1029,#1051,#1052));
#1028 = ORIENTED_EDGE('',*,*,#795,.F.);
#1029 = ORIENTED_EDGE('',*,*,#1030,.T.);
#1030 = EDGE_CURVE('',#796,#961,#1031,.T.);
#1031 = SURFACE_CURVE('',#1032,(#1037,#1044),.PCURVE_S1.);
#1032 = CIRCLE('',#1033,5.);
#1033 = AXIS2_PLACEMENT_3D('',#1034,#1035,#1036);
#1034 = CARTESIAN_POINT('',(39.028,-8.,17.));
#1035 = DIRECTION('',(0.,-1.,0.));
#1036 = DIRECTION('',(1.42108547152E-15,0.,-1.));
#1037 = PCURVE('',#811,#1038);
#1038 = DEFINITIONAL_REPRESENTATION('',(#1039),#1043);
#1039 = LINE('',#1040,#1041);
#1040 = CARTESIAN_POINT('',(-0.,-8.));
#1041 = VECTOR('',#1042,1.);
#1042 = DIRECTION('',(-1.,0.));
#1043 = ( GEOMETRIC_REPRESENTATION_CONTEXT(2) 
PARAMETRIC_REPRESENTATION_CONTEXT() REPRESENTATION_CONTEXT('2D SPACE',''
  ) );
#1044 = PCURVE('',#837,#1045);
#1045 = DEFINITIONAL_REPRESENTATION('',(#1046),#1050);
#1046 = CIRCLE('',#1047,5.);
#1047 = AXIS2_PLACEMENT_2D('',#1048,#1049);
#1048 = CARTESIAN_POINT('',(9.194363272855,-3.02359230503));
#1049 = DIRECTION('',(1.42108547152E-15,-1.));
#1050 = ( GEOMETRIC_REPRESENTATION_CONTEXT(2) 
PARAMETRIC_REPRESENTATION_CONTEXT() REPRESENTATION_CONTEXT('2D SPACE',''
  ) );
#1051 = ORIENTED_EDGE('',*,*,#960,.T.);
#1052 = ORIENTED_EDGE('',*,*,#855,.F.);
#1053 = ADVANCED_FACE('',(#1054),#837,.T.);
#1054 = FACE_BOUND('',#1055,.T.);
#1055 = EDGE_LOOP('',(#1056,#1057,#1058,#1086,#1107));
#1056 = ORIENTED_EDGE('',*,*,#1030,.T.);
#1057 = ORIENTED_EDGE('',*,*,#983,.T.);
#1058 = ORIENTED_EDGE('',*,*,#1059,.T.);
#1059 = EDGE_CURVE('',#984,#1060,#1062,.T.);
#1060 = VERTEX_POINT('',#1061);
#1061 = CARTESIAN_POINT('',(17.349655564206,-8.,15.602805198449));
#1062 = SURFACE_CURVE('',#1063,(#1068,#1079),.PCURVE_S1.);
#1063 = CIRCLE('',#1064,35.);
#1064 = AXIS2_PLACEMENT_3D('',#1065,#1066,#1067);
#1065 = CARTESIAN_POINT('',(0.,-8.,46.));
#1066 = DIRECTION('',(0.,1.,0.));
#1067 = DIRECTION('',(0.,-0.,1.));
#1068 = PCURVE('',#837,#1069);
#1069 = DEFINITIONAL_REPRESENTATION('',(#1070),#1078);
#1070 = ( BOUNDED_CURVE() B_SPLINE_CURVE(2,(#1071,#1072,#1073,#1074,
#1075,#1076,#1077),.UNSPECIFIED.,.T.,.F.) B_SPLINE_CURVE_WITH_KNOTS((1,2
    ,2,2,2,1),(-2.094395102393,0.,2.094395102393,4.188790204786,
6.28318530718,8.377580409573),.UNSPECIFIED.) CURVE() 
GEOMETRIC_REPRESENTATION_ITEM() RATIONAL_B_SPLINE_CURVE((1.,0.5,1.,0.5,
1.,0.5,1.)) REPRESENTATION_ITEM('') );
#1071 = CARTESIAN_POINT('',(-29.83363672714,60.97640769497));
#1072 = CARTESIAN_POINT('',(30.788141537766,60.97640769497));
#1073 = CARTESIAN_POINT('',(0.477252405311,8.47640769497));
#1074 = CARTESIAN_POINT('',(-29.83363672714,-44.02359230503));
#1075 = CARTESIAN_POINT('',(-60.1445258596,8.47640769497));
#1076 = CARTESIAN_POINT('',(-90.45541499205,60.97640769497));
#1077 = CARTESIAN_POINT('',(-29.83363672714,60.97640769497));
#1078 = ( GEOMETRIC_REPRESENTATION_CONTEXT(2) 
PARAMETRIC_REPRESENTATION_CONTEXT() REPRESENTATION_CONTEXT('2D SPACE',''
  ) );
#1079 = PCURVE('',#679,#1080);
#1080 = DEFINITIONAL_REPRESENTATION('',(#1081),#1085);
#1081 = LINE('',#1082,#1083);
#1082 = CARTESIAN_POINT('',(6.28318530718,8.));
#1083 = VECTOR('',#1084,1.);
#1084 = DIRECTION('',(1.,0.));
#1085 = ( GEOMETRIC_REPRESENTATION_CONTEXT(2) 
PARAMETRIC_REPRESENTATION_CONTEXT() REPRESENTATION_CONTEXT('2D SPACE',''
  ) );
#1086 = ORIENTED_EDGE('',*,*,#1087,.T.);
#1087 = EDGE_CURVE('',#1060,#740,#1088,.T.);
#1088 = SURFACE_CURVE('',#1089,(#1093,#1100),.PCURVE_S1.);
#1089 = LINE('',#1090,#1091);
#1090 = CARTESIAN_POINT('',(30.,-8.,35.));
#1091 = VECTOR('',#1092,1.);
#1092 = DIRECTION('',(-0.546267780547,-0.,-0.837610596839));
#1093 = PCURVE('',#837,#1094);
#1094 = DEFINITIONAL_REPRESENTATION('',(#1095),#1099);
#1095 = LINE('',#1096,#1097);
#1096 = CARTESIAN_POINT('',(0.166363272855,14.97640769497));
#1097 = VECTOR('',#1098,1.);
#1098 = DIRECTION('',(-0.546267780547,-0.837610596839));
#1099 = ( GEOMETRIC_REPRESENTATION_CONTEXT(2) 
PARAMETRIC_REPRESENTATION_CONTEXT() REPRESENTATION_CONTEXT('2D SPACE',''
  ) );
#1100 = PCURVE('',#755,#1101);
#1101 = DEFINITIONAL_REPRESENTATION('',(#1102),#1106);
#1102 = LINE('',#1103,#1104);
#1103 = CARTESIAN_POINT('',(0.,-8.));
#1104 = VECTOR('',#1105,1.);
#1105 = DIRECTION('',(1.,0.));
#1106 = ( GEOMETRIC_REPRESENTATION_CONTEXT(2) 
PARAMETRIC_REPRESENTATION_CONTEXT() REPRESENTATION_CONTEXT('2D SPACE',''
  ) );
#1107 = ORIENTED_EDGE('',*,*,#823,.T.);
#1108 = ADVANCED_FACE('',(#1109),#755,.F.);
#1109 = FACE_BOUND('',#1110,.F.);
#1110 = EDGE_LOOP('',(#1111,#1130,#1131,#1132));
#1111 = ORIENTED_EDGE('',*,*,#1112,.F.);
#1112 = EDGE_CURVE('',#1060,#908,#1113,.T.);
#1113 = SURFACE_CURVE('',#1114,(#1118,#1124),.PCURVE_S1.);
#1114 = LINE('',#1115,#1116);
#1115 = CARTESIAN_POINT('',(17.349655564206,-16.,15.602805198449));
#1116 = VECTOR('',#1117,1.);
#1117 = DIRECTION('',(0.,1.,0.));
#1118 = PCURVE('',#755,#1119);
#1119 = DEFINITIONAL_REPRESENTATION('',(#1120),#1123);
#1120 = B_SPLINE_CURVE_WITH_KNOTS('',1,(#1121,#1122),.UNSPECIFIED.,.F.,
  .F.,(2,2),(6.4,25.6),.PIECEWISE_BEZIER_KNOTS.);
#1121 = CARTESIAN_POINT('',(23.157771492817,-9.6));
#1122 = CARTESIAN_POINT('',(23.157771492817,9.6));
#1123 = ( GEOMETRIC_REPRESENTATION_CONTEXT(2) 
PARAMETRIC_REPRESENTATION_CONTEXT() REPRESENTATION_CONTEXT('2D SPACE',''
  ) );
#1124 = PCURVE('',#679,#1125);
#1125 = DEFINITIONAL_REPRESENTATION('',(#1126),#1129);
#1126 = B_SPLINE_CURVE_WITH_KNOTS('',1,(#1127,#1128),.UNSPECIFIED.,.F.,
  .F.,(2,2),(6.4,25.6),.PIECEWISE_BEZIER_KNOTS.);
#1127 = CARTESIAN_POINT('',(8.906132203573,6.4));
#1128 = CARTESIAN_POINT('',(8.906132203573,25.6));
#1129 = ( GEOMETRIC_REPRESENTATION_CONTEXT(2) 
PARAMETRIC_REPRESENTATION_CONTEXT() REPRESENTATION_CONTEXT('2D SPACE',''
  ) );
#1130 = ORIENTED_EDGE('',*,*,#1087,.T.);
#1131 = ORIENTED_EDGE('',*,*,#737,.F.);
#1132 = ORIENTED_EDGE('',*,*,#935,.F.);
#1133 = ADVANCED_FACE('',(#1134,#1163),#705,.T.);
#1134 = FACE_BOUND('',#1135,.T.);
#1135 = EDGE_LOOP('',(#1136,#1137));
#1136 = ORIENTED_EDGE('',*,*,#690,.T.);
#1137 = ORIENTED_EDGE('',*,*,#1138,.F.);
#1138 = EDGE_CURVE('',#691,#665,#1139,.T.);
#1139 = SURFACE_CURVE('',#1140,(#1145,#1156),.PCURVE_S1.);
#1140 = CIRCLE('',#1141,35.);
#1141 = AXIS2_PLACEMENT_3D('',#1142,#1143,#1144);
#1142 = CARTESIAN_POINT('',(0.,16.,46.));
#1143 = DIRECTION('',(0.,-1.,0.));
#1144 = DIRECTION('',(0.237332110369,0.,-0.971428571429));
#1145 = PCURVE('',#705,#1146);
#1146 = DEFINITIONAL_REPRESENTATION('',(#1147),#1155);
#1147 = ( BOUNDED_CURVE() B_SPLINE_CURVE(2,(#1148,#1149,#1150,#1151,
#1152,#1153,#1154),.UNSPECIFIED.,.T.,.F.) B_SPLINE_CURVE_WITH_KNOTS((1,2
    ,2,2,2,1),(-2.094395102393,0.,2.094395102393,4.188790204786,
6.28318530718,8.377580409573),.UNSPECIFIED.) CURVE() 
GEOMETRIC_REPRESENTATION_ITEM() RATIONAL_B_SPLINE_CURVE((1.,0.5,1.,0.5,
1.,0.5,1.)) REPRESENTATION_ITEM('') );
#1148 = CARTESIAN_POINT('',(-34.,8.306623862918));
#1149 = CARTESIAN_POINT('',(-19.61250543006,67.19635132026));
#1150 = CARTESIAN_POINT('',(24.193747284969,25.291551797212));
#1151 = CARTESIAN_POINT('',(68.,-16.61324772583));
#1152 = CARTESIAN_POINT('',(9.806252715031,-33.59817566013));
#1153 = CARTESIAN_POINT('',(-48.38749456993,-50.58310359442));
#1154 = CARTESIAN_POINT('',(-34.,8.306623862918));
#1155 = ( GEOMETRIC_REPRESENTATION_CONTEXT(2) 
PARAMETRIC_REPRESENTATION_CONTEXT() REPRESENTATION_CONTEXT('2D SPACE',''
  ) );
#1156 = PCURVE('',#679,#1157);
#1157 = DEFINITIONAL_REPRESENTATION('',(#1158),#1162);
#1158 = LINE('',#1159,#1160);
#1159 = CARTESIAN_POINT('',(9.18515939214,32.));
#1160 = VECTOR('',#1161,1.);
#1161 = DIRECTION('',(-1.,-0.));
#1162 = ( GEOMETRIC_REPRESENTATION_CONTEXT(2) 
PARAMETRIC_REPRESENTATION_CONTEXT() REPRESENTATION_CONTEXT('2D SPACE',''
  ) );
#1163 = FACE_BOUND('',#1164,.T.);
#1164 = EDGE_LOOP('',(#1165));
#1165 = ORIENTED_EDGE('',*,*,#1166,.F.);
#1166 = EDGE_CURVE('',#1167,#1167,#1169,.T.);
#1167 = VERTEX_POINT('',#1168);
#1168 = CARTESIAN_POINT('',(-6.368163355566E-15,16.,72.));
#1169 = SURFACE_CURVE('',#1170,(#1175,#1182),.PCURVE_S1.);
#1170 = CIRCLE('',#1171,26.);
#1171 = AXIS2_PLACEMENT_3D('',#1172,#1173,#1174);
#1172 = CARTESIAN_POINT('',(0.,16.,46.));
#1173 = DIRECTION('',(0.,1.,0.));
#1174 = DIRECTION('',(0.,-0.,1.));
#1175 = PCURVE('',#705,#1176);
#1176 = DEFINITIONAL_REPRESENTATION('',(#1177),#1181);
#1177 = CIRCLE('',#1178,26.);
#1178 = AXIS2_PLACEMENT_2D('',#1179,#1180);
#1179 = CARTESIAN_POINT('',(0.,0.));
#1180 = DIRECTION('',(1.,0.));
#1181 = ( GEOMETRIC_REPRESENTATION_CONTEXT(2) 
PARAMETRIC_REPRESENTATION_CONTEXT() REPRESENTATION_CONTEXT('2D SPACE',''
  ) );
#1182 = PCURVE('',#1183,#1188);
#1183 = CYLINDRICAL_SURFACE('',#1184,26.);
#1184 = AXIS2_PLACEMENT_3D('',#1185,#1186,#1187);
#1185 = CARTESIAN_POINT('',(0.,-20.,46.));
#1186 = DIRECTION('',(0.,1.,0.));
#1187 = DIRECTION('',(0.,-0.,1.));
#1188 = DEFINITIONAL_REPRESENTATION('',(#1189),#1193);
#1189 = LINE('',#1190,#1191);
#1190 = CARTESIAN_POINT('',(0.,36.));
#1191 = VECTOR('',#1192,1.);
#1192 = DIRECTION('',(1.,0.));
#1193 = ( GEOMETRIC_REPRESENTATION_CONTEXT(2) 
PARAMETRIC_REPRESENTATION_CONTEXT() REPRESENTATION_CONTEXT('2D SPACE',''
  ) );
#1194 = ADVANCED_FACE('',(#1195),#1183,.F.);
#1195 = FACE_BOUND('',#1196,.F.);
#1196 = EDGE_LOOP('',(#1197,#1220,#1221,#1222,#1331,#1354,#1376,#1377,
    #1439));
#1197 = ORIENTED_EDGE('',*,*,#1198,.T.);
#1198 = EDGE_CURVE('',#1199,#1167,#1201,.T.);
#1199 = VERTEX_POINT('',#1200);
#1200 = CARTESIAN_POINT('',(-6.368163355566E-15,3.,72.));
#1201 = SEAM_CURVE('',#1202,(#1206,#1213),.PCURVE_S1.);
#1202 = LINE('',#1203,#1204);
#1203 = CARTESIAN_POINT('',(-6.368163355566E-15,-20.,72.));
#1204 = VECTOR('',#1205,1.);
#1205 = DIRECTION('',(0.,1.,0.));
#1206 = PCURVE('',#1183,#1207);
#1207 = DEFINITIONAL_REPRESENTATION('',(#1208),#1212);
#1208 = LINE('',#1209,#1210);
#1209 = CARTESIAN_POINT('',(6.28318530718,-0.));
#1210 = VECTOR('',#1211,1.);
#1211 = DIRECTION('',(0.,1.));
#1212 = ( GEOMETRIC_REPRESENTATION_CONTEXT(2) 
PARAMETRIC_REPRESENTATION_CONTEXT() REPRESENTATION_CONTEXT('2D SPACE',''
  ) );
#1213 = PCURVE('',#1183,#1214);
#1214 = DEFINITIONAL_REPRESENTATION('',(#1215),#1219);
#1215 = LINE('',#1216,#1217);
#1216 = CARTESIAN_POINT('',(0.,-0.));
#1217 = VECTOR('',#1218,1.);
#1218 = DIRECTION('',(0.,1.));
#1219 = ( GEOMETRIC_REPRESENTATION_CONTEXT(2) 
PARAMETRIC_REPRESENTATION_CONTEXT() REPRESENTATION_CONTEXT('2D SPACE',''
  ) );
#1220 = ORIENTED_EDGE('',*,*,#1166,.F.);
#1221 = ORIENTED_EDGE('',*,*,#1198,.F.);
#1222 = ORIENTED_EDGE('',*,*,#1223,.T.);
#1223 = EDGE_CURVE('',#1199,#1224,#1226,.T.);
#1224 = VERTEX_POINT('',#1225);
#1225 = CARTESIAN_POINT('',(-6.368163355566E-15,-3.,72.));
#1226 = SURFACE_CURVE('',#1227,(#1258,#1292),.PCURVE_S1.);
#1227 = B_SPLINE_CURVE_WITH_KNOTS('',8,(#1228,#1229,#1230,#1231,#1232,
    #1233,#1234,#1235,#1236,#1237,#1238,#1239,#1240,#1241,#1242,#1243,
    #1244,#1245,#1246,#1247,#1248,#1249,#1250,#1251,#1252,#1253,#1254,
    #1255,#1256,#1257),.UNSPECIFIED.,.F.,.F.,(9,7,7,7,9),(0.,
    0.160070036146,0.368602422158,0.691706116552,1.),.UNSPECIFIED.);
#1228 = CARTESIAN_POINT('',(1.240419119614E-15,3.,72.));
#1229 = CARTESIAN_POINT('',(0.227026758385,3.,72.));
#1230 = CARTESIAN_POINT('',(0.45227136617,2.980365291952,71.997734893628
    ));
#1231 = CARTESIAN_POINT('',(0.673155824784,2.941635196509,
    71.993264932739));
#1232 = CARTESIAN_POINT('',(0.887201640416,2.884872655038,
    71.986797901959));
#1233 = CARTESIAN_POINT('',(1.09212361828,2.811643216788,71.978665748345
    ));
#1234 = CARTESIAN_POINT('',(1.285914848413,2.723997770387,
    71.969288333638));
#1235 = CARTESIAN_POINT('',(1.466922882971,2.624459019671,
    71.959124309094));
#1236 = CARTESIAN_POINT('',(1.851470023866,2.374731186432,
    71.934910365738));
#1237 = CARTESIAN_POINT('',(2.047539478344,2.216837402261,
    71.920471546496));
#1238 = CARTESIAN_POINT('',(2.222413547296,2.045839981165,
    71.905993656885));
#1239 = CARTESIAN_POINT('',(2.376652709924,1.864541061457,
    71.892046842772));
#1240 = CARTESIAN_POINT('',(2.510941092891,1.675187346157,
    71.879066089018));
#1241 = CARTESIAN_POINT('',(2.625979142153,1.479583316248,71.8673719404)
  );
#1242 = CARTESIAN_POINT('',(2.722406176468,1.279173768905,
    71.857198476245));
#1243 = CARTESIAN_POINT('',(2.92211504628,0.758914376034,71.835559761625
    ));
#1244 = CARTESIAN_POINT('',(3.000052038924,0.433945372491,
    71.826456301905));
#1245 = CARTESIAN_POINT('',(3.036503305326,0.104400156979,
    71.822012460832));
#1246 = CARTESIAN_POINT('',(3.032406613056,-0.226598170352,
    71.822483541824));
#1247 = CARTESIAN_POINT('',(2.987777117402,-0.556153150072,
    71.827885653343));
#1248 = CARTESIAN_POINT('',(2.901755536399,-0.88112396396,71.83800854444
    ));
#1249 = CARTESIAN_POINT('',(2.772658558858,-1.197614504018,
    71.852333568185));
#1250 = CARTESIAN_POINT('',(2.431496036544,-1.788525326303,
    71.886596065388));
#1251 = CARTESIAN_POINT('',(2.218246898148,-2.073315339686,
    71.906774273056));
#1252 = CARTESIAN_POINT('',(1.955386422382,-2.341609170712,
    71.929484857121));
#1253 = CARTESIAN_POINT('',(1.643048203743,-2.580759091665,
    71.952915874877));
#1254 = CARTESIAN_POINT('',(1.284222606431,-2.778302487615,
    71.974420183925));
#1255 = CARTESIAN_POINT('',(0.884553849296,-2.922037117807,
    71.991004153729));
#1256 = CARTESIAN_POINT('',(0.45238715561,-3.,72.));
#1257 = CARTESIAN_POINT('',(1.607813159358E-15,-3.,72.));
#1258 = PCURVE('',#1183,#1259);
#1259 = DEFINITIONAL_REPRESENTATION('',(#1260),#1291);
#1260 = B_SPLINE_CURVE_WITH_KNOTS('',8,(#1261,#1262,#1263,#1264,#1265,
    #1266,#1267,#1268,#1269,#1270,#1271,#1272,#1273,#1274,#1275,#1276,
    #1277,#1278,#1279,#1280,#1281,#1282,#1283,#1284,#1285,#1286,#1287,
    #1288,#1289,#1290),.UNSPECIFIED.,.F.,.F.,(9,7,7,7,9),(0.,
    0.160070036146,0.368602422158,0.691706116552,1.),.UNSPECIFIED.);
#1261 = CARTESIAN_POINT('',(0.,23.));
#1262 = CARTESIAN_POINT('',(8.731798399413E-03,23.));
#1263 = CARTESIAN_POINT('',(1.739505369842E-02,22.980365291952));
#1264 = CARTESIAN_POINT('',(2.589162044019E-02,22.941635196509));
#1265 = CARTESIAN_POINT('',(3.412713329056E-02,22.884872655038));
#1266 = CARTESIAN_POINT('',(4.201432717462E-02,22.811643216788));
#1267 = CARTESIAN_POINT('',(4.947617283713E-02,22.723997770387));
#1268 = CARTESIAN_POINT('',(5.644882782655E-02,22.624459019671));
#1269 = CARTESIAN_POINT('',(7.126839442535E-02,22.374731186432));
#1270 = CARTESIAN_POINT('',(7.882952052597E-02,22.216837402261));
#1271 = CARTESIAN_POINT('',(8.557804507746E-02,22.045839981165));
#1272 = CARTESIAN_POINT('',(9.153425547469E-02,21.864541061457));
#1273 = CARTESIAN_POINT('',(9.672313141059E-02,21.675187346157));
#1274 = CARTESIAN_POINT('',(0.101170417494,21.479583316247));
#1275 = CARTESIAN_POINT('',(0.104899719227,21.279173768905));
#1276 = CARTESIAN_POINT('',(0.112625786171,20.758914376034));
#1277 = CARTESIAN_POINT('',(0.11564364027,20.433945372491));
#1278 = CARTESIAN_POINT('',(0.117056009797,20.104400156979));
#1279 = CARTESIAN_POINT('',(0.116897434974,19.773401829648));
#1280 = CARTESIAN_POINT('',(0.115168338043,19.443846849928));
#1281 = CARTESIAN_POINT('',(0.111837014645,19.11887603604));
#1282 = CARTESIAN_POINT('',(0.106841539512,18.802385495982));
#1283 = CARTESIAN_POINT('',(9.365389818974E-02,18.211474673697));
#1284 = CARTESIAN_POINT('',(8.541550745295E-02,17.926684660314));
#1285 = CARTESIAN_POINT('',(7.526840789112E-02,17.658390829288));
#1286 = CARTESIAN_POINT('',(6.32232755672E-02,17.419240908334));
#1287 = CARTESIAN_POINT('',(4.940119655223E-02,17.221697512385));
#1288 = CARTESIAN_POINT('',(3.402130336162E-02,17.077962882193));
#1289 = CARTESIAN_POINT('',(1.7399505985E-02,17.));
#1290 = CARTESIAN_POINT('',(0.,17.));
#1291 = ( GEOMETRIC_REPRESENTATION_CONTEXT(2) 
PARAMETRIC_REPRESENTATION_CONTEXT() REPRESENTATION_CONTEXT('2D SPACE',''
  ) );
#1292 = PCURVE('',#1293,#1298);
#1293 = CYLINDRICAL_SURFACE('',#1294,3.);
#1294 = AXIS2_PLACEMENT_3D('',#1295,#1296,#1297);
#1295 = CARTESIAN_POINT('',(0.,0.,82.));
#1296 = DIRECTION('',(0.,0.,-1.));
#1297 = DIRECTION('',(-1.,0.,-0.));
#1298 = DEFINITIONAL_REPRESENTATION('',(#1299),#1330);
#1299 = B_SPLINE_CURVE_WITH_KNOTS('',8,(#1300,#1301,#1302,#1303,#1304,
    #1305,#1306,#1307,#1308,#1309,#1310,#1311,#1312,#1313,#1314,#1315,
    #1316,#1317,#1318,#1319,#1320,#1321,#1322,#1323,#1324,#1325,#1326,
    #1327,#1328,#1329),.UNSPECIFIED.,.F.,.F.,(9,7,7,7,9),(0.,
    0.160070036146,0.368602422158,0.691706116552,1.),.UNSPECIFIED.);
#1300 = CARTESIAN_POINT('',(1.570796326795,10.));
#1301 = CARTESIAN_POINT('',(1.646471912923,10.));
#1302 = CARTESIAN_POINT('',(1.721553375135,10.002265106372));
#1303 = CARTESIAN_POINT('',(1.795842143192,10.006735067261));
#1304 = CARTESIAN_POINT('',(1.869128120195,10.013202098041));
#1305 = CARTESIAN_POINT('',(1.941176524315,10.021334251655));
#1306 = CARTESIAN_POINT('',(2.011709483972,10.030711666362));
#1307 = CARTESIAN_POINT('',(2.080382386447,10.040875690906));
#1308 = CARTESIAN_POINT('',(2.233222351503,10.065089634262));
#1309 = CARTESIAN_POINT('',(2.316700021679,10.079528453504));
#1310 = CARTESIAN_POINT('',(2.397615999483,10.094006343115));
#1311 = CARTESIAN_POINT('',(2.476318822438,10.107953157228));
#1312 = CARTESIAN_POINT('',(2.553123391616,10.120933910982));
#1313 = CARTESIAN_POINT('',(2.628325840528,10.1326280596));
#1314 = CARTESIAN_POINT('',(2.702210686188,10.142801523755));
#1315 = CARTESIAN_POINT('',(2.88796843421,10.164440238375));
#1316 = CARTESIAN_POINT('',(2.998406722229,10.173543698095));
#1317 = CARTESIAN_POINT('',(3.107505618762,10.177987539168));
#1318 = CARTESIAN_POINT('',(3.21619940943,10.177516458176));
#1319 = CARTESIAN_POINT('',(3.32537483842,10.172114346657));
#1320 = CARTESIAN_POINT('',(3.435923815486,10.16199145556));
#1321 = CARTESIAN_POINT('',(3.548803197519,10.147666431815));
#1322 = CARTESIAN_POINT('',(3.776244879061,10.113403934612));
#1323 = CARTESIAN_POINT('',(3.893998564337,10.093225726944));
#1324 = CARTESIAN_POINT('',(4.017343353,10.070515142879));
#1325 = CARTESIAN_POINT('',(4.145760974336,10.047084125123));
#1326 = CARTESIAN_POINT('',(4.279091638095,10.025579816075));
#1327 = CARTESIAN_POINT('',(4.417537335105,10.008995846271));
#1328 = CARTESIAN_POINT('',(4.561593261848,10.));
#1329 = CARTESIAN_POINT('',(4.712388980385,10.));
#1330 = ( GEOMETRIC_REPRESENTATION_CONTEXT(2) 
PARAMETRIC_REPRESENTATION_CONTEXT() REPRESENTATION_CONTEXT('2D SPACE',''
  ) );
#1331 = ORIENTED_EDGE('',*,*,#1332,.F.);
#1332 = EDGE_CURVE('',#1333,#1224,#1335,.T.);
#1333 = VERTEX_POINT('',#1334);
#1334 = CARTESIAN_POINT('',(-6.368163355566E-15,-16.,72.));
#1335 = SEAM_CURVE('',#1336,(#1340,#1347),.PCURVE_S1.);
#1336 = LINE('',#1337,#1338);
#1337 = CARTESIAN_POINT('',(-6.368163355566E-15,-20.,72.));
#1338 = VECTOR('',#1339,1.);
#1339 = DIRECTION('',(0.,1.,0.));
#1340 = PCURVE('',#1183,#1341);
#1341 = DEFINITIONAL_REPRESENTATION('',(#1342),#1346);
#1342 = LINE('',#1343,#1344);
#1343 = CARTESIAN_POINT('',(6.28318530718,-0.));
#1344 = VECTOR('',#1345,1.);
#1345 = DIRECTION('',(0.,1.));
#1346 = ( GEOMETRIC_REPRESENTATION_CONTEXT(2) 
PARAMETRIC_REPRESENTATION_CONTEXT() REPRESENTATION_CONTEXT('2D SPACE',''
  ) );
#1347 = PCURVE('',#1183,#1348);
#1348 = DEFINITIONAL_REPRESENTATION('',(#1349),#1353);
#1349 = LINE('',#1350,#1351);
#1350 = CARTESIAN_POINT('',(0.,-0.));
#1351 = VECTOR('',#1352,1.);
#1352 = DIRECTION('',(0.,1.));
#1353 = ( GEOMETRIC_REPRESENTATION_CONTEXT(2) 
PARAMETRIC_REPRESENTATION_CONTEXT() REPRESENTATION_CONTEXT('2D SPACE',''
  ) );
#1354 = ORIENTED_EDGE('',*,*,#1355,.T.);
#1355 = EDGE_CURVE('',#1333,#1333,#1356,.T.);
#1356 = SURFACE_CURVE('',#1357,(#1362,#1369),.PCURVE_S1.);
#1357 = CIRCLE('',#1358,26.);
#1358 = AXIS2_PLACEMENT_3D('',#1359,#1360,#1361);
#1359 = CARTESIAN_POINT('',(0.,-16.,46.));
#1360 = DIRECTION('',(0.,1.,0.));
#1361 = DIRECTION('',(0.,-0.,1.));
#1362 = PCURVE('',#1183,#1363);
#1363 = DEFINITIONAL_REPRESENTATION('',(#1364),#1368);
#1364 = LINE('',#1365,#1366);
#1365 = CARTESIAN_POINT('',(0.,4.));
#1366 = VECTOR('',#1367,1.);
#1367 = DIRECTION('',(1.,0.));
#1368 = ( GEOMETRIC_REPRESENTATION_CONTEXT(2) 
PARAMETRIC_REPRESENTATION_CONTEXT() REPRESENTATION_CONTEXT('2D SPACE',''
  ) );
#1369 = PCURVE('',#653,#1370);
#1370 = DEFINITIONAL_REPRESENTATION('',(#1371),#1375);
#1371 = CIRCLE('',#1372,26.);
#1372 = AXIS2_PLACEMENT_2D('',#1373,#1374);
#1373 = CARTESIAN_POINT('',(0.,0.));
#1374 = DIRECTION('',(1.,0.));
#1375 = ( GEOMETRIC_REPRESENTATION_CONTEXT(2) 
PARAMETRIC_REPRESENTATION_CONTEXT() REPRESENTATION_CONTEXT('2D SPACE',''
  ) );
#1376 = ORIENTED_EDGE('',*,*,#1332,.T.);
#1377 = ORIENTED_EDGE('',*,*,#1378,.T.);
#1378 = EDGE_CURVE('',#1224,#1379,#1381,.T.);
#1379 = VERTEX_POINT('',#1380);
#1380 = CARTESIAN_POINT('',(-3.,-7.347880794884E-16,71.82634314029));
#1381 = SURFACE_CURVE('',#1382,(#1399,#1419),.PCURVE_S1.);
#1382 = B_SPLINE_CURVE_WITH_KNOTS('',8,(#1383,#1384,#1385,#1386,#1387,
    #1388,#1389,#1390,#1391,#1392,#1393,#1394,#1395,#1396,#1397,#1398),
  .UNSPECIFIED.,.F.,.F.,(9,7,9),(0.,0.31870997894,1.),.UNSPECIFIED.);
#1383 = CARTESIAN_POINT('',(-1.7763568394E-15,-3.,72.));
#1384 = CARTESIAN_POINT('',(-0.227026758385,-3.,72.));
#1385 = CARTESIAN_POINT('',(-0.45227136617,-2.980365291952,
    71.997734893628));
#1386 = CARTESIAN_POINT('',(-0.673155824784,-2.941635196509,
    71.993264932739));
#1387 = CARTESIAN_POINT('',(-0.887201640416,-2.884872655038,
    71.986797901959));
#1388 = CARTESIAN_POINT('',(-1.09212361828,-2.811643216788,
    71.978665748345));
#1389 = CARTESIAN_POINT('',(-1.285914848413,-2.723997770387,
    71.969288333638));
#1390 = CARTESIAN_POINT('',(-1.466922882971,-2.624459019671,
    71.959124309094));
#1391 = CARTESIAN_POINT('',(-1.990892112392,-2.284189423483,
    71.926131315799));
#1392 = CARTESIAN_POINT('',(-2.290034293203,-2.007630705836,
    71.901660187819));
#1393 = CARTESIAN_POINT('',(-2.532739509507,-1.701751815204,
    71.878284958489));
#1394 = CARTESIAN_POINT('',(-2.722187450477,-1.376797360167,
    71.858146084042));
#1395 = CARTESIAN_POINT('',(-2.861631674854,-1.039934150615,
    71.842415115106));
#1396 = CARTESIAN_POINT('',(-2.953731951571,-0.696068724452,
    71.831717850993));
#1397 = CARTESIAN_POINT('',(-3.,-0.348500488577,71.82634314029));
#1398 = CARTESIAN_POINT('',(-3.,-4.440892098501E-16,71.82634314029));
#1399 = PCURVE('',#1183,#1400);
#1400 = DEFINITIONAL_REPRESENTATION('',(#1401),#1418);
#1401 = B_SPLINE_CURVE_WITH_KNOTS('',8,(#1402,#1403,#1404,#1405,#1406,
    #1407,#1408,#1409,#1410,#1411,#1412,#1413,#1414,#1415,#1416,#1417),
  .UNSPECIFIED.,.F.,.F.,(9,7,9),(0.,0.31870997894,1.),.UNSPECIFIED.);
#1402 = CARTESIAN_POINT('',(6.28318530718,17.));
#1403 = CARTESIAN_POINT('',(6.27445350878,17.));
#1404 = CARTESIAN_POINT('',(6.265790253481,17.019634708048));
#1405 = CARTESIAN_POINT('',(6.257293686739,17.058364803491));
#1406 = CARTESIAN_POINT('',(6.249058173889,17.115127344962));
#1407 = CARTESIAN_POINT('',(6.241170980005,17.188356783212));
#1408 = CARTESIAN_POINT('',(6.233709134342,17.276002229613));
#1409 = CARTESIAN_POINT('',(6.226736479353,17.375540980329));
#1410 = CARTESIAN_POINT('',(6.206543904593,17.715810576517));
#1411 = CARTESIAN_POINT('',(6.195002031795,17.992369294164));
#1412 = CARTESIAN_POINT('',(6.185625188185,18.298248184796));
#1413 = CARTESIAN_POINT('',(6.178297961554,18.623202639833));
#1414 = CARTESIAN_POINT('',(6.17290076209,18.960065849384));
#1415 = CARTESIAN_POINT('',(6.169334619662,19.303931275549));
#1416 = CARTESIAN_POINT('',(6.167543114663,19.651499511423));
#1417 = CARTESIAN_POINT('',(6.167543114663,20.));
#1418 = ( GEOMETRIC_REPRESENTATION_CONTEXT(2) 
PARAMETRIC_REPRESENTATION_CONTEXT() REPRESENTATION_CONTEXT('2D SPACE',''
  ) );
#1419 = PCURVE('',#1293,#1420);
#1420 = DEFINITIONAL_REPRESENTATION('',(#1421),#1438);
#1421 = B_SPLINE_CURVE_WITH_KNOTS('',8,(#1422,#1423,#1424,#1425,#1426,
    #1427,#1428,#1429,#1430,#1431,#1432,#1433,#1434,#1435,#1436,#1437),
  .UNSPECIFIED.,.F.,.F.,(9,7,9),(0.,0.31870997894,1.),.UNSPECIFIED.);
#1422 = CARTESIAN_POINT('',(4.712388980385,10.));
#1423 = CARTESIAN_POINT('',(4.788064566513,10.));
#1424 = CARTESIAN_POINT('',(4.863146028725,10.002265106372));
#1425 = CARTESIAN_POINT('',(4.937434796782,10.006735067261));
#1426 = CARTESIAN_POINT('',(5.010720773785,10.013202098041));
#1427 = CARTESIAN_POINT('',(5.082769177905,10.021334251655));
#1428 = CARTESIAN_POINT('',(5.153302137561,10.030711666362));
#1429 = CARTESIAN_POINT('',(5.221975040037,10.040875690906));
#1430 = CARTESIAN_POINT('',(5.43022893195,10.073868684201));
#1431 = CARTESIAN_POINT('',(5.564064879043,10.098339812182));
#1432 = CARTESIAN_POINT('',(5.691795004592,10.121715041511));
#1433 = CARTESIAN_POINT('',(5.814745808714,10.141853915958));
#1434 = CARTESIAN_POINT('',(5.934154137547,10.157584884894));
#1435 = CARTESIAN_POINT('',(6.051161891983,10.168282149007));
#1436 = CARTESIAN_POINT('',(6.167018477654,10.17365685971));
#1437 = CARTESIAN_POINT('',(6.28318530718,10.17365685971));
#1438 = ( GEOMETRIC_REPRESENTATION_CONTEXT(2) 
PARAMETRIC_REPRESENTATION_CONTEXT() REPRESENTATION_CONTEXT('2D SPACE',''
  ) );
#1439 = ORIENTED_EDGE('',*,*,#1440,.T.);
#1440 = EDGE_CURVE('',#1379,#1199,#1441,.T.);
#1441 = SURFACE_CURVE('',#1442,(#1457,#1475),.PCURVE_S1.);
#1442 = B_SPLINE_CURVE_WITH_KNOTS('',7,(#1443,#1444,#1445,#1446,#1447,
    #1448,#1449,#1450,#1451,#1452,#1453,#1454,#1455,#1456),
  .UNSPECIFIED.,.F.,.F.,(8,6,8),(0.,0.51972802808,1.),.UNSPECIFIED.);
#1443 = CARTESIAN_POINT('',(-3.,0.,71.82634314029));
#1444 = CARTESIAN_POINT('',(-3.,0.302194701104,71.82634314029));
#1445 = CARTESIAN_POINT('',(-2.96448701691,0.604040335353,
    71.830468306935));
#1446 = CARTESIAN_POINT('',(-2.893601615543,0.903242042273,
    71.838702585273));
#1447 = CARTESIAN_POINT('',(-2.78648585534,1.197247224778,
    71.850832901321));
#1448 = CARTESIAN_POINT('',(-2.641517724054,1.482762342827,
    71.866432980834));
#1449 = CARTESIAN_POINT('',(-2.456568482021,1.755133949926,
    71.884691291967));
#1450 = CARTESIAN_POINT('',(-2.019543743471,2.24049909385,
    71.922303591712));
#1451 = CARTESIAN_POINT('',(-1.767817287928,2.46288673948,
    71.941969481651));
#1452 = CARTESIAN_POINT('',(-1.474542485037,2.661078392312,
    71.961784101882));
#1453 = CARTESIAN_POINT('',(-1.143448829084,2.823152493745,
    71.979595249245));
#1454 = CARTESIAN_POINT('',(-0.781110023965,2.93890857226,
    71.992950826095));
#1455 = CARTESIAN_POINT('',(-0.396351178927,3.,72.));
#1456 = CARTESIAN_POINT('',(-1.7763568394E-15,3.,72.));
#1457 = PCURVE('',#1183,#1458);
#1458 = DEFINITIONAL_REPRESENTATION('',(#1459),#1474);
#1459 = B_SPLINE_CURVE_WITH_KNOTS('',7,(#1460,#1461,#1462,#1463,#1464,
    #1465,#1466,#1467,#1468,#1469,#1470,#1471,#1472,#1473),
  .UNSPECIFIED.,.F.,.F.,(8,6,8),(0.,0.51972802808,1.),.UNSPECIFIED.);
#1460 = CARTESIAN_POINT('',(6.167543114663,20.));
#1461 = CARTESIAN_POINT('',(6.167543114663,20.302194701104));
#1462 = CARTESIAN_POINT('',(6.168918182227,20.604040335353));
#1463 = CARTESIAN_POINT('',(6.171662879444,20.903242042273));
#1464 = CARTESIAN_POINT('',(6.175809024108,21.197247224779));
#1465 = CARTESIAN_POINT('',(6.181416733527,21.482762342827));
#1466 = CARTESIAN_POINT('',(6.18856418237,21.755133949926));
#1467 = CARTESIAN_POINT('',(6.205434962894,22.24049909385));
#1468 = CARTESIAN_POINT('',(6.215145943547,22.46288673948));
#1469 = CARTESIAN_POINT('',(6.226450440927,22.661078392312));
#1470 = CARTESIAN_POINT('',(6.239200746627,22.823152493745));
#1471 = CARTESIAN_POINT('',(6.253142608181,22.93890857226));
#1472 = CARTESIAN_POINT('',(6.267941031067,23.));
#1473 = CARTESIAN_POINT('',(6.28318530718,23.));
#1474 = ( GEOMETRIC_REPRESENTATION_CONTEXT(2) 
PARAMETRIC_REPRESENTATION_CONTEXT() REPRESENTATION_CONTEXT('2D SPACE',''
  ) );
#1475 = PCURVE('',#1293,#1476);
#1476 = DEFINITIONAL_REPRESENTATION('',(#1477),#1492);
#1477 = B_SPLINE_CURVE_WITH_KNOTS('',7,(#1478,#1479,#1480,#1481,#1482,
    #1483,#1484,#1485,#1486,#1487,#1488,#1489,#1490,#1491),
  .UNSPECIFIED.,.F.,.F.,(8,6,8),(0.,0.51972802808,1.),.UNSPECIFIED.);
#1478 = CARTESIAN_POINT('',(0.,10.17365685971));
#1479 = CARTESIAN_POINT('',(0.100731567035,10.17365685971));
#1480 = CARTESIAN_POINT('',(0.201346539591,10.169531693065));
#1481 = CARTESIAN_POINT('',(0.302750984437,10.161297414727));
#1482 = CARTESIAN_POINT('',(0.405741544146,10.149167098679));
#1483 = CARTESIAN_POINT('',(0.511167059515,10.133567019166));
#1484 = CARTESIAN_POINT('',(0.619889470828,10.115308708033));
#1485 = CARTESIAN_POINT('',(0.837597211986,10.077696408288));
#1486 = CARTESIAN_POINT('',(0.948831965128,10.058030518349));
#1487 = CARTESIAN_POINT('',(1.065206592334,10.038215898118));
#1488 = CARTESIAN_POINT('',(1.18587991067,10.020404750755));
#1489 = CARTESIAN_POINT('',(1.310426410976,10.007049173905));
#1490 = CARTESIAN_POINT('',(1.438679267153,10.));
#1491 = CARTESIAN_POINT('',(1.570796326795,10.));
#1492 = ( GEOMETRIC_REPRESENTATION_CONTEXT(2) 
PARAMETRIC_REPRESENTATION_CONTEXT() REPRESENTATION_CONTEXT('2D SPACE',''
  ) );
#1493 = ADVANCED_FACE('',(#1494),#1293,.F.);
#1494 = FACE_BOUND('',#1495,.F.);
#1495 = EDGE_LOOP('',(#1496,#1497,#1520,#1772,#1773,#1774));
#1496 = ORIENTED_EDGE('',*,*,#1440,.F.);
#1497 = ORIENTED_EDGE('',*,*,#1498,.F.);
#1498 = EDGE_CURVE('',#1499,#1379,#1501,.T.);
#1499 = VERTEX_POINT('',#1500);
#1500 = CARTESIAN_POINT('',(-3.,-7.347880794884E-16,80.871191548325));
#1501 = SEAM_CURVE('',#1502,(#1506,#1513),.PCURVE_S1.);
#1502 = LINE('',#1503,#1504);
#1503 = CARTESIAN_POINT('',(-3.,-7.347880794884E-16,82.));
#1504 = VECTOR('',#1505,1.);
#1505 = DIRECTION('',(0.,0.,-1.));
#1506 = PCURVE('',#1293,#1507);
#1507 = DEFINITIONAL_REPRESENTATION('',(#1508),#1512);
#1508 = LINE('',#1509,#1510);
#1509 = CARTESIAN_POINT('',(0.,-0.));
#1510 = VECTOR('',#1511,1.);
#1511 = DIRECTION('',(0.,1.));
#1512 = ( GEOMETRIC_REPRESENTATION_CONTEXT(2) 
PARAMETRIC_REPRESENTATION_CONTEXT() REPRESENTATION_CONTEXT('2D SPACE',''
  ) );
#1513 = PCURVE('',#1293,#1514);
#1514 = DEFINITIONAL_REPRESENTATION('',(#1515),#1519);
#1515 = LINE('',#1516,#1517);
#1516 = CARTESIAN_POINT('',(6.28318530718,-0.));
#1517 = VECTOR('',#1518,1.);
#1518 = DIRECTION('',(0.,1.));
#1519 = ( GEOMETRIC_REPRESENTATION_CONTEXT(2) 
PARAMETRIC_REPRESENTATION_CONTEXT() REPRESENTATION_CONTEXT('2D SPACE',''
  ) );
#1520 = ORIENTED_EDGE('',*,*,#1521,.T.);
#1521 = EDGE_CURVE('',#1499,#1499,#1522,.T.);
#1522 = SURFACE_CURVE('',#1523,(#1582,#1677),.PCURVE_S1.);
#1523 = B_SPLINE_CURVE_WITH_KNOTS('',8,(#1524,#1525,#1526,#1527,#1528,
    #1529,#1530,#1531,#1532,#1533,#1534,#1535,#1536,#1537,#1538,#1539,
    #1540,#1541,#1542,#1543,#1544,#1545,#1546,#1547,#1548,#1549,#1550,
    #1551,#1552,#1553,#1554,#1555,#1556,#1557,#1558,#1559,#1560,#1561,
    #1562,#1563,#1564,#1565,#1566,#1567,#1568,#1569,#1570,#1571,#1572,
    #1573,#1574,#1575,#1576,#1577,#1578,#1579,#1580,#1581),
  .UNSPECIFIED.,.T.,.F.,(9,7,7,7,7,7,7,7,9),(0.,0.519811393066,1.,
    1.314420683364,1.723942162354,2.358905613176,2.964341801467,
    3.268260844651,3.91566978031),.UNSPECIFIED.);
#1524 = CARTESIAN_POINT('',(-3.,0.,80.871191548325));
#1525 = CARTESIAN_POINT('',(-3.,0.264312318333,80.871191548325));
#1526 = CARTESIAN_POINT('',(-2.973387030573,0.52836559097,
    80.873481063072));
#1527 = CARTESIAN_POINT('',(-2.920247906534,0.790746751865,
    80.878052761398));
#1528 = CARTESIAN_POINT('',(-2.840160158969,1.049911167208,
    80.884828059379));
#1529 = CARTESIAN_POINT('',(-2.732281850757,1.303996811013,
    80.893652528693));
#1530 = CARTESIAN_POINT('',(-2.595449105035,1.550606151392,
    80.904261272005));
#1531 = CARTESIAN_POINT('',(-2.428298874121,1.78653053025,
    80.916229360293));
#1532 = CARTESIAN_POINT('',(-2.0457285797,2.211417887036,80.940647960833
    ));
#1533 = CARTESIAN_POINT('',(-1.830626193315,2.407402010702,
    80.953268763027));
#1534 = CARTESIAN_POINT('',(-1.584312389586,2.586907018477,
    80.966111202305));
#1535 = CARTESIAN_POINT('',(-1.308701046616,2.742274334372,
    80.978241371959));
#1536 = CARTESIAN_POINT('',(-1.007215398401,2.866689807703,
    80.988573634569));
#1537 = CARTESIAN_POINT('',(-0.684564902595,2.95424692277,
    80.996078240096));
#1538 = CARTESIAN_POINT('',(-0.34655920752,3.,81.));
#1539 = CARTESIAN_POINT('',(0.226922049546,3.,81.));
#1540 = CARTESIAN_POINT('',(0.452100809335,2.980383416178,
    80.998318916952));
#1541 = CARTESIAN_POINT('',(0.672953317714,2.941677486973,
    80.995000409609));
#1542 = CARTESIAN_POINT('',(0.88699546251,2.884936682484,80.990198469532
    ));
#1543 = CARTESIAN_POINT('',(1.091937477862,2.811720387314,
    80.984159761611));
#1544 = CARTESIAN_POINT('',(1.285769847774,2.724073949224,
    80.977196389909));
#1545 = CARTESIAN_POINT('',(1.466839616398,2.624513093616,
    80.969649088827));
#1546 = CARTESIAN_POINT('',(1.851529443791,2.374692598681,
    80.951670879614));
#1547 = CARTESIAN_POINT('',(2.047642966759,2.216753502395,
    80.940954264281));
#1548 = CARTESIAN_POINT('',(2.222541937123,2.045711300815,
    80.930212510911));
#1549 = CARTESIAN_POINT('',(2.376784811557,1.864377407416,
    80.919869210585));
#1550 = CARTESIAN_POINT('',(2.511056626619,1.675008835482,
    80.910246690211));
#1551 = CARTESIAN_POINT('',(2.626061858131,1.479420635855,
    80.901581617948));
#1552 = CARTESIAN_POINT('',(2.722446896321,1.279067690061,
    80.894046088308));
#1553 = CARTESIAN_POINT('',(2.922136796622,0.758857714456,80.87801525872
    ));
#1554 = CARTESIAN_POINT('',(3.000050412411,0.433905881758,80.87127466275
    ));
#1555 = CARTESIAN_POINT('',(3.036480386698,0.104437729727,
    80.867986655108));
#1556 = CARTESIAN_POINT('',(3.032393019916,-0.226462302595,
    80.868334834692));
#1557 = CARTESIAN_POINT('',(2.987804643147,-0.555944739801,
    80.872330675495));
#1558 = CARTESIAN_POINT('',(2.901829977695,-0.880907829869,
    80.879823565405));
#1559 = CARTESIAN_POINT('',(2.772740470459,-1.197472628962,
    80.89043689783));
#1560 = CARTESIAN_POINT('',(2.431534242478,-1.788459151684,
    80.91583496258));
#1561 = CARTESIAN_POINT('',(2.218270185714,-2.07331383235,
    80.930796373081));
#1562 = CARTESIAN_POINT('',(1.955322926886,-2.341715186953,
    80.947646878678));
#1563 = CARTESIAN_POINT('',(1.642841642337,-2.580946337921,
    80.96504235119));
#1564 = CARTESIAN_POINT('',(1.283866565678,-2.778496642047,
    80.981014436988));
#1565 = CARTESIAN_POINT('',(0.884121098121,-2.922153001827,
    80.993327315583));
#1566 = CARTESIAN_POINT('',(0.452050718787,-3.,81.));
#1567 = CARTESIAN_POINT('',(-0.226922051542,-3.,81.));
#1568 = CARTESIAN_POINT('',(-0.452100806671,-2.980383416668,
    80.998318916988));
#1569 = CARTESIAN_POINT('',(-0.672953317374,-2.941677486592,
    80.995000409581));
#1570 = CARTESIAN_POINT('',(-0.886995464768,-2.884936681867,
    80.990198469486));
#1571 = CARTESIAN_POINT('',(-1.091937477983,-2.811720387757,
    80.984159761643));
#1572 = CARTESIAN_POINT('',(-1.285769845341,-2.724073950132,
    80.977196389975));
#1573 = CARTESIAN_POINT('',(-1.466839617857,-2.624513092669,
    80.969649088759));
#1574 = CARTESIAN_POINT('',(-1.989825892529,-2.284881834758,
    80.9452076921));
#1575 = CARTESIAN_POINT('',(-2.289188079575,-2.00867095845,
    80.927067336299));
#1576 = CARTESIAN_POINT('',(-2.532630686676,-1.702392806862,
    80.909691105467));
#1577 = CARTESIAN_POINT('',(-2.722702819888,-1.37648637172,
    80.894709354033));
#1578 = CARTESIAN_POINT('',(-2.862332747357,-1.038567601886,
    80.883034613434));
#1579 = CARTESIAN_POINT('',(-2.954165995118,-0.694086724856,
    80.875134804381));
#1580 = CARTESIAN_POINT('',(-3.,-0.346862101562,80.871191548325));
#1581 = CARTESIAN_POINT('',(-3.,-4.440892098501E-16,80.871191548325));
#1582 = PCURVE('',#1293,#1583);
#1583 = DEFINITIONAL_REPRESENTATION('',(#1584),#1676);
#1584 = B_SPLINE_CURVE_WITH_KNOTS('',3,(#1585,#1586,#1587,#1588,#1589,
    #1590,#1591,#1592,#1593,#1594,#1595,#1596,#1597,#1598,#1599,#1600,
    #1601,#1602,#1603,#1604,#1605,#1606,#1607,#1608,#1609,#1610,#1611,
    #1612,#1613,#1614,#1615,#1616,#1617,#1618,#1619,#1620,#1621,#1622,
    #1623,#1624,#1625,#1626,#1627,#1628,#1629,#1630,#1631,#1632,#1633,
    #1634,#1635,#1636,#1637,#1638,#1639,#1640,#1641,#1642,#1643,#1644,
    #1645,#1646,#1647,#1648,#1649,#1650,#1651,#1652,#1653,#1654,#1655,
    #1656,#1657,#1658,#1659,#1660,#1661,#1662,#1663,#1664,#1665,#1666,
    #1667,#1668,#1669,#1670,#1671,#1672,#1673,#1674,#1675),
  .UNSPECIFIED.,.F.,.F.,(4,1,1,1,1,1,1,1,1,1,1,1,1,1,1,1,1,1,1,1,1,1,1,1
    ,1,1,1,1,1,1,1,1,1,1,1,1,1,1,1,1,1,1,1,1,1,1,1,1,1,1,1,1,1,1,1,1,1,1
    ,1,1,1,1,1,1,1,1,1,1,1,1,1,1,1,1,1,1,1,1,1,1,1,1,1,1,1,1,1,1,4),(0.,
    4.449624750352E-02,8.899249500704E-02,0.133488742511,0.177984990014,
    0.222481237518,0.266977485021,0.311473732525,0.355969980028,
    0.400466227532,0.444962475035,0.489458722539,0.533954970042,
    0.578451217546,0.622947465049,0.667443712553,0.711939960056,
    0.75643620756,0.800932455063,0.845428702567,0.88992495007,
    0.934421197574,0.978917445077,1.023413692581,1.067909940085,
    1.112406187588,1.156902435092,1.201398682595,1.245894930099,
    1.290391177602,1.334887425106,1.379383672609,1.423879920113,
    1.468376167616,1.51287241512,1.557368662623,1.601864910127,
    1.64636115763,1.690857405134,1.735353652637,1.779849900141,
    1.824346147644,1.868842395148,1.913338642651,1.957834890155,
    2.002331137658,2.046827385162,2.091323632665,2.135819880169,
    2.180316127673,2.224812375176,2.26930862268,2.313804870183,
    2.358301117687,2.40279736519,2.447293612694,2.491789860197,
    2.536286107701,2.580782355204,2.625278602708,2.669774850211,
    2.714271097715,2.758767345218,2.803263592722,2.847759840225,
    2.892256087729,2.936752335232,2.981248582736,3.025744830239,
    3.070241077743,3.114737325246,3.15923357275,3.203729820254,
    3.248226067757,3.292722315261,3.337218562764,3.381714810268,
    3.426211057771,3.470707305275,3.515203552778,3.559699800282,
    3.604196047785,3.648692295289,3.693188542792,3.737684790296,
    3.782181037799,3.826677285303,3.871173532806,3.91566978031),
  .QUASI_UNIFORM_KNOTS.);
#1585 = CARTESIAN_POINT('',(0.,1.128808451675));
#1586 = CARTESIAN_POINT('',(2.011116001162E-02,1.128809017266));
#1587 = CARTESIAN_POINT('',(6.032264744648E-02,1.128494850573));
#1588 = CARTESIAN_POINT('',(0.120722293265,1.127089933767));
#1589 = CARTESIAN_POINT('',(0.181320141488,1.124760807336));
#1590 = CARTESIAN_POINT('',(0.24222891628,1.121526622431));
#1591 = CARTESIAN_POINT('',(0.303560816741,1.117413680543));
#1592 = CARTESIAN_POINT('',(0.365428036273,1.11245715852));
#1593 = CARTESIAN_POINT('',(0.427944252498,1.106701826521));
#1594 = CARTESIAN_POINT('',(0.491223937137,1.10020346282));
#1595 = CARTESIAN_POINT('',(0.555389490672,1.093029302641));
#1596 = CARTESIAN_POINT('',(0.620549806668,1.085262345326));
#1597 = CARTESIAN_POINT('',(0.686886395702,1.07699176252));
#1598 = CARTESIAN_POINT('',(0.754339573808,1.068355489322));
#1599 = CARTESIAN_POINT('',(0.824090865675,1.059349513848));
#1600 = CARTESIAN_POINT('',(0.895951946656,1.050173065119));
#1601 = CARTESIAN_POINT('',(0.969726218503,1.041057254106));
#1602 = CARTESIAN_POINT('',(1.045261986312,1.032248977024));
#1603 = CARTESIAN_POINT('',(1.122433612732,1.024005668021));
#1604 = CARTESIAN_POINT('',(1.201142016996,1.016586324696));
#1605 = CARTESIAN_POINT('',(1.281312720295,1.010243150528));
#1606 = CARTESIAN_POINT('',(1.362887505664,1.005212263573));
#1607 = CARTESIAN_POINT('',(1.445847387565,1.001706579132));
#1608 = CARTESIAN_POINT('',(1.530120146838,0.999901235375));
#1609 = CARTESIAN_POINT('',(1.615921770055,0.999948227422));
#1610 = CARTESIAN_POINT('',(1.700769414225,1.001864474102));
#1611 = CARTESIAN_POINT('',(1.784716667497,1.00552295162));
#1612 = CARTESIAN_POINT('',(1.867477166993,1.010750305719));
#1613 = CARTESIAN_POINT('',(1.948832053427,1.017316941407));
#1614 = CARTESIAN_POINT('',(2.028496190482,1.024951811676));
#1615 = CARTESIAN_POINT('',(2.106200971529,1.033361743265));
#1616 = CARTESIAN_POINT('',(2.181446834427,1.042217218601));
#1617 = CARTESIAN_POINT('',(2.254787183821,1.051328893603));
#1618 = CARTESIAN_POINT('',(2.326403626298,1.060497031931));
#1619 = CARTESIAN_POINT('',(2.396447277303,1.069540961914));
#1620 = CARTESIAN_POINT('',(2.465064145983,1.078303119113));
#1621 = CARTESIAN_POINT('',(2.53239147437,1.086646683601));
#1622 = CARTESIAN_POINT('',(2.598561268367,1.094454538651));
#1623 = CARTESIAN_POINT('',(2.663701421527,1.101627593579));
#1624 = CARTESIAN_POINT('',(2.727937764106,1.108083155351));
#1625 = CARTESIAN_POINT('',(2.791394205065,1.113753150096));
#1626 = CARTESIAN_POINT('',(2.854200144536,1.118582922173));
#1627 = CARTESIAN_POINT('',(2.916482011382,1.122528648582));
#1628 = CARTESIAN_POINT('',(2.978359127885,1.125555922596));
#1629 = CARTESIAN_POINT('',(3.039946853619,1.127639207333));
#1630 = CARTESIAN_POINT('',(3.101357167933,1.128761277298));
#1631 = CARTESIAN_POINT('',(3.162699789151,1.128912901877));
#1632 = CARTESIAN_POINT('',(3.224083094854,1.128092694683));
#1633 = CARTESIAN_POINT('',(3.285614926928,1.126307163116));
#1634 = CARTESIAN_POINT('',(3.347403864426,1.123570880734));
#1635 = CARTESIAN_POINT('',(3.409558696788,1.119907041538));
#1636 = CARTESIAN_POINT('',(3.47219472354,1.115347421152));
#1637 = CARTESIAN_POINT('',(3.535414798913,1.109935369729));
#1638 = CARTESIAN_POINT('',(3.59938501854,1.10371829624));
#1639 = CARTESIAN_POINT('',(3.664057804104,1.096780164596));
#1640 = CARTESIAN_POINT('',(3.730211816863,1.089125444034));
#1641 = CARTESIAN_POINT('',(3.798418827144,1.080780107434));
#1642 = CARTESIAN_POINT('',(3.868378166156,1.071903250686));
#1643 = CARTESIAN_POINT('',(3.940053604289,1.062656430439));
#1644 = CARTESIAN_POINT('',(4.013366370959,1.053235205064));
#1645 = CARTESIAN_POINT('',(4.08827541034,1.043856187918));
#1646 = CARTESIAN_POINT('',(4.164754279094,1.0347550395));
#1647 = CARTESIAN_POINT('',(4.242796633273,1.026180619073));
#1648 = CARTESIAN_POINT('',(4.322413120275,1.018389257334));
#1649 = CARTESIAN_POINT('',(4.403636462303,1.011638322324));
#1650 = CARTESIAN_POINT('',(4.486504827149,1.006178635769));
#1651 = CARTESIAN_POINT('',(4.571126528511,1.002248515091));
#1652 = CARTESIAN_POINT('',(4.657444265856,1.000058927636));
#1653 = CARTESIAN_POINT('',(4.746123872652,0.999809148934));
#1654 = CARTESIAN_POINT('',(4.834056289268,1.001575496741));
#1655 = CARTESIAN_POINT('',(4.920981053516,1.005221000383));
#1656 = CARTESIAN_POINT('',(5.006669089823,1.010560226328));
#1657 = CARTESIAN_POINT('',(5.090855660234,1.017340926811));
#1658 = CARTESIAN_POINT('',(5.173234296636,1.025263770166));
#1659 = CARTESIAN_POINT('',(5.25349521167,1.034002520581));
#1660 = CARTESIAN_POINT('',(5.331118491869,1.043195744758));
#1661 = CARTESIAN_POINT('',(5.40686913182,1.052656459566));
#1662 = CARTESIAN_POINT('',(5.480868505645,1.062158127288));
#1663 = CARTESIAN_POINT('',(5.553287438773,1.071504087727));
#1664 = CARTESIAN_POINT('',(5.624268102996,1.080520212112));
#1665 = CARTESIAN_POINT('',(5.693948452805,1.089055859492));
#1666 = CARTESIAN_POINT('',(5.762458553174,1.096982165381));
#1667 = CARTESIAN_POINT('',(5.829924012944,1.104190723613));
#1668 = CARTESIAN_POINT('',(5.896467232397,1.110591952497));
#1669 = CARTESIAN_POINT('',(5.962209041701,1.116113422828));
#1670 = CARTESIAN_POINT('',(6.027270121642,1.120698187535));
#1671 = CARTESIAN_POINT('',(6.091772323351,1.124303055633));
#1672 = CARTESIAN_POINT('',(6.15584020503,1.126897317528));
#1673 = CARTESIAN_POINT('',(6.219601547098,1.128460206579));
#1674 = CARTESIAN_POINT('',(6.261994951658,1.128809164995));
#1675 = CARTESIAN_POINT('',(6.28318530718,1.128808451675));
#1676 = ( GEOMETRIC_REPRESENTATION_CONTEXT(2) 
PARAMETRIC_REPRESENTATION_CONTEXT() REPRESENTATION_CONTEXT('2D SPACE',''
  ) );
#1677 = PCURVE('',#679,#1678);
#1678 = DEFINITIONAL_REPRESENTATION('',(#1679),#1771);
#1679 = B_SPLINE_CURVE_WITH_KNOTS('',3,(#1680,#1681,#1682,#1683,#1684,
    #1685,#1686,#1687,#1688,#1689,#1690,#1691,#1692,#1693,#1694,#1695,
    #1696,#1697,#1698,#1699,#1700,#1701,#1702,#1703,#1704,#1705,#1706,
    #1707,#1708,#1709,#1710,#1711,#1712,#1713,#1714,#1715,#1716,#1717,
    #1718,#1719,#1720,#1721,#1722,#1723,#1724,#1725,#1726,#1727,#1728,
    #1729,#1730,#1731,#1732,#1733,#1734,#1735,#1736,#1737,#1738,#1739,
    #1740,#1741,#1742,#1743,#1744,#1745,#1746,#1747,#1748,#1749,#1750,
    #1751,#1752,#1753,#1754,#1755,#1756,#1757,#1758,#1759,#1760,#1761,
    #1762,#1763,#1764,#1765,#1766,#1767,#1768,#1769,#1770),
  .UNSPECIFIED.,.T.,.F.,(4,1,1,1,1,1,1,1,1,1,1,1,1,1,1,1,1,1,1,1,1,1,1,1
    ,1,1,1,1,1,1,1,1,1,1,1,1,1,1,1,1,1,1,1,1,1,1,1,1,1,1,1,1,1,1,1,1,1,1
    ,1,1,1,1,1,1,1,1,1,1,1,1,1,1,1,1,1,1,1,1,1,1,1,1,1,1,1,1,1,1,4),(0.,
    4.449624750352E-02,8.899249500704E-02,0.133488742511,0.177984990014,
    0.222481237518,0.266977485021,0.311473732525,0.355969980028,
    0.400466227532,0.444962475035,0.489458722539,0.533954970042,
    0.578451217546,0.622947465049,0.667443712553,0.711939960056,
    0.75643620756,0.800932455063,0.845428702567,0.88992495007,
    0.934421197574,0.978917445077,1.023413692581,1.067909940085,
    1.112406187588,1.156902435092,1.201398682595,1.245894930099,
    1.290391177602,1.334887425106,1.379383672609,1.423879920113,
    1.468376167616,1.51287241512,1.557368662623,1.601864910127,
    1.64636115763,1.690857405134,1.735353652637,1.779849900141,
    1.824346147644,1.868842395148,1.913338642651,1.957834890155,
    2.002331137658,2.046827385162,2.091323632665,2.135819880169,
    2.180316127673,2.224812375176,2.26930862268,2.313804870183,
    2.358301117687,2.40279736519,2.447293612694,2.491789860197,
    2.536286107701,2.580782355204,2.625278602708,2.669774850211,
    2.714271097715,2.758767345218,2.803263592722,2.847759840225,
    2.892256087729,2.936752335232,2.981248582736,3.025744830239,
    3.070241077743,3.114737325246,3.15923357275,3.203729820254,
    3.248226067757,3.292722315261,3.337218562764,3.381714810268,
    3.426211057771,3.470707305275,3.515203552778,3.559699800282,
    3.604196047785,3.648692295289,3.693188542792,3.737684790296,
    3.782181037799,3.826677285303,3.871173532806,3.91566978031),
  .QUASI_UNIFORM_KNOTS.);
#1680 = CARTESIAN_POINT('',(6.197365716674,16.));
#1681 = CARTESIAN_POINT('',(6.197365816255,16.060332641822));
#1682 = CARTESIAN_POINT('',(6.197470022575,16.180968339503));
#1683 = CARTESIAN_POINT('',(6.197939778496,16.361507923575));
#1684 = CARTESIAN_POINT('',(6.198723956248,16.541317211363));
#1685 = CARTESIAN_POINT('',(6.199825104737,16.720048821466));
#1686 = CARTESIAN_POINT('',(6.201246698009,16.89732694186));
#1687 = CARTESIAN_POINT('',(6.202993189637,17.07273781815));
#1688 = CARTESIAN_POINT('',(6.2050699056,17.245824068352));
#1689 = CARTESIAN_POINT('',(6.207482855206,17.416073461836));
#1690 = CARTESIAN_POINT('',(6.210239002888,17.58292345119));
#1691 = CARTESIAN_POINT('',(6.213344746806,17.74570545891));
#1692 = CARTESIAN_POINT('',(6.216811074645,17.903811417083));
#1693 = CARTESIAN_POINT('',(6.220633766047,18.056028360001));
#1694 = CARTESIAN_POINT('',(6.224884437178,18.203634260452));
#1695 = CARTESIAN_POINT('',(6.229560207855,18.344483476979));
#1696 = CARTESIAN_POINT('',(6.234647763808,18.476492405265));
#1697 = CARTESIAN_POINT('',(6.240129638276,18.597691058298));
#1698 = CARTESIAN_POINT('',(6.245982920051,18.706212798418));
#1699 = CARTESIAN_POINT('',(6.252179930994,18.800300959691));
#1700 = CARTESIAN_POINT('',(6.258688534825,18.878309208565));
#1701 = CARTESIAN_POINT('',(6.26547186252,18.93870940765));
#1702 = CARTESIAN_POINT('',(6.272490628023,18.980074970446));
#1703 = CARTESIAN_POINT('',(6.279695532511,19.001153886021));
#1704 = CARTESIAN_POINT('',(6.287056571001,19.00060660498));
#1705 = CARTESIAN_POINT('',(6.294307892476,18.978224936901));
#1706 = CARTESIAN_POINT('',(6.301403805977,18.935020404618));
#1707 = CARTESIAN_POINT('',(6.308274332362,18.872159928912));
#1708 = CARTESIAN_POINT('',(6.314861419505,18.79119007731));
#1709 = CARTESIAN_POINT('',(6.321109343942,18.693997010407));
#1710 = CARTESIAN_POINT('',(6.326972241983,18.582701268318));
#1711 = CARTESIAN_POINT('',(6.332398732465,18.460080769506));
#1712 = CARTESIAN_POINT('',(6.33742123464,18.327206242702));
#1713 = CARTESIAN_POINT('',(6.342045174569,18.185389671605));
#1714 = CARTESIAN_POINT('',(6.346276543835,18.03586430579));
#1715 = CARTESIAN_POINT('',(6.35012238931,17.879714779721));
#1716 = CARTESIAN_POINT('',(6.353590272831,17.717911168492));
#1717 = CARTESIAN_POINT('',(6.356688044608,17.551313715198));
#1718 = CARTESIAN_POINT('',(6.359423563756,17.380684441232));
#1719 = CARTESIAN_POINT('',(6.361804476085,17.206694405024));
#1720 = CARTESIAN_POINT('',(6.363837963101,17.029935681377));
#1721 = CARTESIAN_POINT('',(6.365530699527,16.850911811463));
#1722 = CARTESIAN_POINT('',(6.366888308371,16.670072372291));
#1723 = CARTESIAN_POINT('',(6.367915227139,16.487838158088));
#1724 = CARTESIAN_POINT('',(6.368614787942,16.304604297581));
#1725 = CARTESIAN_POINT('',(6.368989224607,16.120749592255));
#1726 = CARTESIAN_POINT('',(6.369039698237,15.936643594861));
#1727 = CARTESIAN_POINT('',(6.368766315529,15.752653771929));
#1728 = CARTESIAN_POINT('',(6.368168153934,15.569152700064));
#1729 = CARTESIAN_POINT('',(6.367243265611,15.386523997165));
#1730 = CARTESIAN_POINT('',(6.365988760778,15.205173078318));
#1731 = CARTESIAN_POINT('',(6.364400598418,15.025520520266));
#1732 = CARTESIAN_POINT('',(6.362474474123,14.848061653109));
#1733 = CARTESIAN_POINT('',(6.36020262003,14.673180964823));
#1734 = CARTESIAN_POINT('',(6.357585869173,14.501884201603));
#1735 = CARTESIAN_POINT('',(6.354588761825,14.333108890476));
#1736 = CARTESIAN_POINT('',(6.351171694737,14.166722559255));
#1737 = CARTESIAN_POINT('',(6.347338214405,14.004921710283));
#1738 = CARTESIAN_POINT('',(6.343085661021,13.849268559872));
#1739 = CARTESIAN_POINT('',(6.338418269272,13.701483310309));
#1740 = CARTESIAN_POINT('',(6.333343551907,13.563230698223));
#1741 = CARTESIAN_POINT('',(6.327873192904,13.43617623586));
#1742 = CARTESIAN_POINT('',(6.322022729194,13.321970660524));
#1743 = CARTESIAN_POINT('',(6.315811720053,13.222253621699));
#1744 = CARTESIAN_POINT('',(6.309263374928,13.138654525047));
#1745 = CARTESIAN_POINT('',(6.302406107715,13.072788424959));
#1746 = CARTESIAN_POINT('',(6.295268228847,13.026278123102));
#1747 = CARTESIAN_POINT('',(6.287898519658,13.000680640359));
#1748 = CARTESIAN_POINT('',(6.28029056132,12.997774969373));
#1749 = CARTESIAN_POINT('',(6.27276898018,13.018385424855));
#1750 = CARTESIAN_POINT('',(6.265412473683,13.061378847088));
#1751 = CARTESIAN_POINT('',(6.258291427907,13.125509300169));
#1752 = CARTESIAN_POINT('',(6.251472417336,13.209076452071));
#1753 = CARTESIAN_POINT('',(6.245016481477,13.310000494998));
#1754 = CARTESIAN_POINT('',(6.238975162915,13.425913068509));
#1755 = CARTESIAN_POINT('',(6.233401973624,13.553763616721));
#1756 = CARTESIAN_POINT('',(6.228250651112,13.692686729458));
#1757 = CARTESIAN_POINT('',(6.223521797729,13.841170569395));
#1758 = CARTESIAN_POINT('',(6.219209183667,13.997906752994));
#1759 = CARTESIAN_POINT('',(6.215306993094,14.161703796518));
#1760 = CARTESIAN_POINT('',(6.211808284353,14.331494342392));
#1761 = CARTESIAN_POINT('',(6.208705765036,14.506319073369));
#1762 = CARTESIAN_POINT('',(6.205991914231,14.685318372228));
#1763 = CARTESIAN_POINT('',(6.203659253954,14.867723112192));
#1764 = CARTESIAN_POINT('',(6.201700559463,15.052846558674));
#1765 = CARTESIAN_POINT('',(6.20010907573,15.240076709436));
#1766 = CARTESIAN_POINT('',(6.198878707659,15.428868474513));
#1767 = CARTESIAN_POINT('',(6.198004271193,15.618737509292));
#1768 = CARTESIAN_POINT('',(6.197481512368,15.809247847345));
#1769 = CARTESIAN_POINT('',(6.197365837937,15.936430475955));
#1770 = CARTESIAN_POINT('',(6.197365716674,16.));
#1771 = ( GEOMETRIC_REPRESENTATION_CONTEXT(2) 
PARAMETRIC_REPRESENTATION_CONTEXT() REPRESENTATION_CONTEXT('2D SPACE',''
  ) );
#1772 = ORIENTED_EDGE('',*,*,#1498,.T.);
#1773 = ORIENTED_EDGE('',*,*,#1378,.F.);
#1774 = ORIENTED_EDGE('',*,*,#1223,.F.);
#1775 = ADVANCED_FACE('',(#1776,#1807,#1912,#1915),#679,.T.);
#1776 = FACE_BOUND('',#1777,.T.);
#1777 = EDGE_LOOP('',(#1778,#1779,#1780,#1806));
#1778 = ORIENTED_EDGE('',*,*,#1138,.T.);
#1779 = ORIENTED_EDGE('',*,*,#664,.F.);
#1780 = ORIENTED_EDGE('',*,*,#1781,.F.);
#1781 = EDGE_CURVE('',#637,#639,#1782,.T.);
#1782 = SURFACE_CURVE('',#1783,(#1788,#1795),.PCURVE_S1.);
#1783 = CIRCLE('',#1784,35.);
#1784 = AXIS2_PLACEMENT_3D('',#1785,#1786,#1787);
#1785 = CARTESIAN_POINT('',(0.,-16.,46.));
#1786 = DIRECTION('',(0.,-1.,0.));
#1787 = DIRECTION('',(0.237332110369,0.,-0.971428571429));
#1788 = PCURVE('',#679,#1789);
#1789 = DEFINITIONAL_REPRESENTATION('',(#1790),#1794);
#1790 = LINE('',#1791,#1792);
#1791 = CARTESIAN_POINT('',(9.18515939214,0.));
#1792 = VECTOR('',#1793,1.);
#1793 = DIRECTION('',(-1.,-0.));
#1794 = ( GEOMETRIC_REPRESENTATION_CONTEXT(2) 
PARAMETRIC_REPRESENTATION_CONTEXT() REPRESENTATION_CONTEXT('2D SPACE',''
  ) );
#1795 = PCURVE('',#653,#1796);
#1796 = DEFINITIONAL_REPRESENTATION('',(#1797),#1805);
#1797 = ( BOUNDED_CURVE() B_SPLINE_CURVE(2,(#1798,#1799,#1800,#1801,
#1802,#1803,#1804),.UNSPECIFIED.,.T.,.F.) B_SPLINE_CURVE_WITH_KNOTS((1,2
    ,2,2,2,1),(-2.094395102393,0.,2.094395102393,4.188790204786,
6.28318530718,8.377580409573),.UNSPECIFIED.) CURVE() 
GEOMETRIC_REPRESENTATION_ITEM() RATIONAL_B_SPLINE_CURVE((1.,0.5,1.,0.5,
1.,0.5,1.)) REPRESENTATION_ITEM('') );
#1798 = CARTESIAN_POINT('',(-34.,8.306623862918));
#1799 = CARTESIAN_POINT('',(-19.61250543006,67.19635132026));
#1800 = CARTESIAN_POINT('',(24.193747284969,25.291551797212));
#1801 = CARTESIAN_POINT('',(68.,-16.61324772583));
#1802 = CARTESIAN_POINT('',(9.806252715031,-33.59817566013));
#1803 = CARTESIAN_POINT('',(-48.38749456993,-50.58310359442));
#1804 = CARTESIAN_POINT('',(-34.,8.306623862918));
#1805 = ( GEOMETRIC_REPRESENTATION_CONTEXT(2) 
PARAMETRIC_REPRESENTATION_CONTEXT() REPRESENTATION_CONTEXT('2D SPACE',''
  ) );
#1806 = ORIENTED_EDGE('',*,*,#716,.T.);
#1807 = FACE_BOUND('',#1808,.T.);
#1808 = EDGE_LOOP('',(#1809,#1839,#1860,#1888));
#1809 = ORIENTED_EDGE('',*,*,#1810,.F.);
#1810 = EDGE_CURVE('',#1811,#1813,#1815,.T.);
#1811 = VERTEX_POINT('',#1812);
#1812 = CARTESIAN_POINT('',(-17.3496555642,-8.,15.602805198449));
#1813 = VERTEX_POINT('',#1814);
#1814 = CARTESIAN_POINT('',(-32.25341767127,-8.,32.408934974698));
#1815 = SURFACE_CURVE('',#1816,(#1821,#1828),.PCURVE_S1.);
#1816 = CIRCLE('',#1817,35.);
#1817 = AXIS2_PLACEMENT_3D('',#1818,#1819,#1820);
#1818 = CARTESIAN_POINT('',(0.,-8.,46.));
#1819 = DIRECTION('',(0.,1.,0.));
#1820 = DIRECTION('',(0.,-0.,1.));
#1821 = PCURVE('',#679,#1822);
#1822 = DEFINITIONAL_REPRESENTATION('',(#1823),#1827);
#1823 = LINE('',#1824,#1825);
#1824 = CARTESIAN_POINT('',(0.,8.));
#1825 = VECTOR('',#1826,1.);
#1826 = DIRECTION('',(1.,0.));
#1827 = ( GEOMETRIC_REPRESENTATION_CONTEXT(2) 
PARAMETRIC_REPRESENTATION_CONTEXT() REPRESENTATION_CONTEXT('2D SPACE',''
  ) );
#1828 = PCURVE('',#622,#1829);
#1829 = DEFINITIONAL_REPRESENTATION('',(#1830),#1838);
#1830 = ( BOUNDED_CURVE() B_SPLINE_CURVE(2,(#1831,#1832,#1833,#1834,
#1835,#1836,#1837),.UNSPECIFIED.,.T.,.F.) B_SPLINE_CURVE_WITH_KNOTS((1,2
    ,2,2,2,1),(-2.094395102393,0.,2.094395102393,4.188790204786,
6.28318530718,8.377580409573),.UNSPECIFIED.) CURVE() 
GEOMETRIC_REPRESENTATION_ITEM() RATIONAL_B_SPLINE_CURVE((1.,0.5,1.,0.5,
1.,0.5,1.)) REPRESENTATION_ITEM('') );
#1831 = CARTESIAN_POINT('',(-29.83363672714,60.97640769497));
#1832 = CARTESIAN_POINT('',(30.788141537766,60.97640769497));
#1833 = CARTESIAN_POINT('',(0.477252405311,8.47640769497));
#1834 = CARTESIAN_POINT('',(-29.83363672714,-44.02359230503));
#1835 = CARTESIAN_POINT('',(-60.1445258596,8.47640769497));
#1836 = CARTESIAN_POINT('',(-90.45541499205,60.97640769497));
#1837 = CARTESIAN_POINT('',(-29.83363672714,60.97640769497));
#1838 = ( GEOMETRIC_REPRESENTATION_CONTEXT(2) 
PARAMETRIC_REPRESENTATION_CONTEXT() REPRESENTATION_CONTEXT('2D SPACE',''
  ) );
#1839 = ORIENTED_EDGE('',*,*,#1840,.T.);
#1840 = EDGE_CURVE('',#1811,#1841,#1843,.T.);
#1841 = VERTEX_POINT('',#1842);
#1842 = CARTESIAN_POINT('',(-17.3496555642,8.,15.602805198449));
#1843 = SURFACE_CURVE('',#1844,(#1848,#1854),.PCURVE_S1.);
#1844 = LINE('',#1845,#1846);
#1845 = CARTESIAN_POINT('',(-17.3496555642,-16.,15.602805198449));
#1846 = VECTOR('',#1847,1.);
#1847 = DIRECTION('',(0.,1.,0.));
#1848 = PCURVE('',#679,#1849);
#1849 = DEFINITIONAL_REPRESENTATION('',(#1850),#1853);
#1850 = B_SPLINE_CURVE_WITH_KNOTS('',1,(#1851,#1852),.UNSPECIFIED.,.F.,
  .F.,(2,2),(6.4,25.6),.PIECEWISE_BEZIER_KNOTS.);
#1851 = CARTESIAN_POINT('',(3.660238410786,6.4));
#1852 = CARTESIAN_POINT('',(3.660238410786,25.6));
#1853 = ( GEOMETRIC_REPRESENTATION_CONTEXT(2) 
PARAMETRIC_REPRESENTATION_CONTEXT() REPRESENTATION_CONTEXT('2D SPACE',''
  ) );
#1854 = PCURVE('',#596,#1855);
#1855 = DEFINITIONAL_REPRESENTATION('',(#1856),#1859);
#1856 = B_SPLINE_CURVE_WITH_KNOTS('',1,(#1857,#1858),.UNSPECIFIED.,.F.,
  .F.,(2,2),(6.4,25.6),.PIECEWISE_BEZIER_KNOTS.);
#1857 = CARTESIAN_POINT('',(23.157771492817,-9.6));
#1858 = CARTESIAN_POINT('',(23.157771492817,9.6));
#1859 = ( GEOMETRIC_REPRESENTATION_CONTEXT(2) 
PARAMETRIC_REPRESENTATION_CONTEXT() REPRESENTATION_CONTEXT('2D SPACE',''
  ) );
#1860 = ORIENTED_EDGE('',*,*,#1861,.T.);
#1861 = EDGE_CURVE('',#1841,#1862,#1864,.T.);
#1862 = VERTEX_POINT('',#1863);
#1863 = CARTESIAN_POINT('',(-32.25341767127,8.,32.408934974698));
#1864 = SURFACE_CURVE('',#1865,(#1870,#1877),.PCURVE_S1.);
#1865 = CIRCLE('',#1866,35.);
#1866 = AXIS2_PLACEMENT_3D('',#1867,#1868,#1869);
#1867 = CARTESIAN_POINT('',(0.,8.,46.));
#1868 = DIRECTION('',(0.,1.,0.));
#1869 = DIRECTION('',(0.,-0.,1.));
#1870 = PCURVE('',#679,#1871);
#1871 = DEFINITIONAL_REPRESENTATION('',(#1872),#1876);
#1872 = LINE('',#1873,#1874);
#1873 = CARTESIAN_POINT('',(0.,24.));
#1874 = VECTOR('',#1875,1.);
#1875 = DIRECTION('',(1.,0.));
#1876 = ( GEOMETRIC_REPRESENTATION_CONTEXT(2) 
PARAMETRIC_REPRESENTATION_CONTEXT() REPRESENTATION_CONTEXT('2D SPACE',''
  ) );
#1877 = PCURVE('',#568,#1878);
#1878 = DEFINITIONAL_REPRESENTATION('',(#1879),#1887);
#1879 = ( BOUNDED_CURVE() B_SPLINE_CURVE(2,(#1880,#1881,#1882,#1883,
#1884,#1885,#1886),.UNSPECIFIED.,.T.,.F.) B_SPLINE_CURVE_WITH_KNOTS((1,2
    ,2,2,2,1),(-2.094395102393,0.,2.094395102393,4.188790204786,
6.28318530718,8.377580409573),.UNSPECIFIED.) CURVE() 
GEOMETRIC_REPRESENTATION_ITEM() RATIONAL_B_SPLINE_CURVE((1.,0.5,1.,0.5,
1.,0.5,1.)) REPRESENTATION_ITEM('') );
#1880 = CARTESIAN_POINT('',(-29.83363672714,60.97640769497));
#1881 = CARTESIAN_POINT('',(30.788141537766,60.97640769497));
#1882 = CARTESIAN_POINT('',(0.477252405311,8.47640769497));
#1883 = CARTESIAN_POINT('',(-29.83363672714,-44.02359230503));
#1884 = CARTESIAN_POINT('',(-60.1445258596,8.47640769497));
#1885 = CARTESIAN_POINT('',(-90.45541499205,60.97640769497));
#1886 = CARTESIAN_POINT('',(-29.83363672714,60.97640769497));
#1887 = ( GEOMETRIC_REPRESENTATION_CONTEXT(2) 
PARAMETRIC_REPRESENTATION_CONTEXT() REPRESENTATION_CONTEXT('2D SPACE',''
  ) );
#1888 = ORIENTED_EDGE('',*,*,#1889,.F.);
#1889 = EDGE_CURVE('',#1813,#1862,#1890,.T.);
#1890 = SURFACE_CURVE('',#1891,(#1895,#1901),.PCURVE_S1.);
#1891 = LINE('',#1892,#1893);
#1892 = CARTESIAN_POINT('',(-32.25341767127,-16.,32.408934974698));
#1893 = VECTOR('',#1894,1.);
#1894 = DIRECTION('',(0.,1.,0.));
#1895 = PCURVE('',#679,#1896);
#1896 = DEFINITIONAL_REPRESENTATION('',(#1897),#1900);
#1897 = B_SPLINE_CURVE_WITH_KNOTS('',1,(#1898,#1899),.UNSPECIFIED.,.F.,
  .F.,(2,2),(6.4,25.6),.PIECEWISE_BEZIER_KNOTS.);
#1898 = CARTESIAN_POINT('',(4.313585340144,6.4));
#1899 = CARTESIAN_POINT('',(4.313585340144,25.6));
#1900 = ( GEOMETRIC_REPRESENTATION_CONTEXT(2) 
PARAMETRIC_REPRESENTATION_CONTEXT() REPRESENTATION_CONTEXT('2D SPACE',''
  ) );
#1901 = PCURVE('',#1902,#1907);
#1902 = PLANE('',#1903);
#1903 = AXIS2_PLACEMENT_3D('',#1904,#1905,#1906);
#1904 = CARTESIAN_POINT('',(-42.8015479011,0.,20.280295145));
#1905 = DIRECTION('',(-0.754559716126,0.,0.656231388155));
#1906 = DIRECTION('',(0.656231388155,0.,0.754559716126));
#1907 = DEFINITIONAL_REPRESENTATION('',(#1908),#1911);
#1908 = B_SPLINE_CURVE_WITH_KNOTS('',1,(#1909,#1910),.UNSPECIFIED.,.F.,
  .F.,(2,2),(6.4,25.6),.PIECEWISE_BEZIER_KNOTS.);
#1909 = CARTESIAN_POINT('',(16.073797170046,-9.6));
#1910 = CARTESIAN_POINT('',(16.073797170046,9.6));
#1911 = ( GEOMETRIC_REPRESENTATION_CONTEXT(2) 
PARAMETRIC_REPRESENTATION_CONTEXT() REPRESENTATION_CONTEXT('2D SPACE',''
  ) );
#1912 = FACE_BOUND('',#1913,.T.);
#1913 = EDGE_LOOP('',(#1914));
#1914 = ORIENTED_EDGE('',*,*,#1521,.T.);
#1915 = FACE_BOUND('',#1916,.T.);
#1916 = EDGE_LOOP('',(#1917,#1918,#1919,#1920));
#1917 = ORIENTED_EDGE('',*,*,#1059,.F.);
#1918 = ORIENTED_EDGE('',*,*,#1006,.T.);
#1919 = ORIENTED_EDGE('',*,*,#907,.T.);
#1920 = ORIENTED_EDGE('',*,*,#1112,.F.);
#1921 = ADVANCED_FACE('',(#1922),#1902,.T.);
#1922 = FACE_BOUND('',#1923,.T.);
#1923 = EDGE_LOOP('',(#1924,#1949,#1970,#1971));
#1924 = ORIENTED_EDGE('',*,*,#1925,.F.);
#1925 = EDGE_CURVE('',#1926,#1928,#1930,.T.);
#1926 = VERTEX_POINT('',#1927);
#1927 = CARTESIAN_POINT('',(-42.8015479011,-8.,20.280295144976));
#1928 = VERTEX_POINT('',#1929);
#1929 = CARTESIAN_POINT('',(-42.8015479011,8.,20.280295144976));
#1930 = SURFACE_CURVE('',#1931,(#1935,#1942),.PCURVE_S1.);
#1931 = LINE('',#1932,#1933);
#1932 = CARTESIAN_POINT('',(-42.8015479011,-8.,20.280295144976));
#1933 = VECTOR('',#1934,1.);
#1934 = DIRECTION('',(0.,1.,0.));
#1935 = PCURVE('',#1902,#1936);
#1936 = DEFINITIONAL_REPRESENTATION('',(#1937),#1941);
#1937 = LINE('',#1938,#1939);
#1938 = CARTESIAN_POINT('',(-2.245507987294E-11,-8.));
#1939 = VECTOR('',#1940,1.);
#1940 = DIRECTION('',(0.,1.));
#1941 = ( GEOMETRIC_REPRESENTATION_CONTEXT(2) 
PARAMETRIC_REPRESENTATION_CONTEXT() REPRESENTATION_CONTEXT('2D SPACE',''
  ) );
#1942 = PCURVE('',#540,#1943);
#1943 = DEFINITIONAL_REPRESENTATION('',(#1944),#1948);
#1944 = LINE('',#1945,#1946);
#1945 = CARTESIAN_POINT('',(-0.,-8.));
#1946 = VECTOR('',#1947,1.);
#1947 = DIRECTION('',(0.,1.));
#1948 = ( GEOMETRIC_REPRESENTATION_CONTEXT(2) 
PARAMETRIC_REPRESENTATION_CONTEXT() REPRESENTATION_CONTEXT('2D SPACE',''
  ) );
#1949 = ORIENTED_EDGE('',*,*,#1950,.T.);
#1950 = EDGE_CURVE('',#1926,#1813,#1951,.T.);
#1951 = SURFACE_CURVE('',#1952,(#1956,#1963),.PCURVE_S1.);
#1952 = LINE('',#1953,#1954);
#1953 = CARTESIAN_POINT('',(-42.8015479011,-8.,20.280295145));
#1954 = VECTOR('',#1955,1.);
#1955 = DIRECTION('',(0.656231388155,0.,0.754559716126));
#1956 = PCURVE('',#1902,#1957);
#1957 = DEFINITIONAL_REPRESENTATION('',(#1958),#1962);
#1958 = LINE('',#1959,#1960);
#1959 = CARTESIAN_POINT('',(0.,-8.));
#1960 = VECTOR('',#1961,1.);
#1961 = DIRECTION('',(1.,0.));
#1962 = ( GEOMETRIC_REPRESENTATION_CONTEXT(2) 
PARAMETRIC_REPRESENTATION_CONTEXT() REPRESENTATION_CONTEXT('2D SPACE',''
  ) );
#1963 = PCURVE('',#622,#1964);
#1964 = DEFINITIONAL_REPRESENTATION('',(#1965),#1969);
#1965 = LINE('',#1966,#1967);
#1966 = CARTESIAN_POINT('',(-72.63518462824,0.25670283997));
#1967 = VECTOR('',#1968,1.);
#1968 = DIRECTION('',(0.656231388155,0.754559716126));
#1969 = ( GEOMETRIC_REPRESENTATION_CONTEXT(2) 
PARAMETRIC_REPRESENTATION_CONTEXT() REPRESENTATION_CONTEXT('2D SPACE',''
  ) );
#1970 = ORIENTED_EDGE('',*,*,#1889,.T.);
#1971 = ORIENTED_EDGE('',*,*,#1972,.F.);
#1972 = EDGE_CURVE('',#1928,#1862,#1973,.T.);
#1973 = SURFACE_CURVE('',#1974,(#1978,#1985),.PCURVE_S1.);
#1974 = LINE('',#1975,#1976);
#1975 = CARTESIAN_POINT('',(-42.8015479011,8.,20.280295145));
#1976 = VECTOR('',#1977,1.);
#1977 = DIRECTION('',(0.656231388155,0.,0.754559716126));
#1978 = PCURVE('',#1902,#1979);
#1979 = DEFINITIONAL_REPRESENTATION('',(#1980),#1984);
#1980 = LINE('',#1981,#1982);
#1981 = CARTESIAN_POINT('',(0.,8.));
#1982 = VECTOR('',#1983,1.);
#1983 = DIRECTION('',(1.,0.));
#1984 = ( GEOMETRIC_REPRESENTATION_CONTEXT(2) 
PARAMETRIC_REPRESENTATION_CONTEXT() REPRESENTATION_CONTEXT('2D SPACE',''
  ) );
#1985 = PCURVE('',#568,#1986);
#1986 = DEFINITIONAL_REPRESENTATION('',(#1987),#1991);
#1987 = LINE('',#1988,#1989);
#1988 = CARTESIAN_POINT('',(-72.63518462824,0.25670283997));
#1989 = VECTOR('',#1990,1.);
#1990 = DIRECTION('',(0.656231388155,0.754559716126));
#1991 = ( GEOMETRIC_REPRESENTATION_CONTEXT(2) 
PARAMETRIC_REPRESENTATION_CONTEXT() REPRESENTATION_CONTEXT('2D SPACE',''
  ) );
#1992 = ADVANCED_FACE('',(#1993,#1997),#653,.F.);
#1993 = FACE_BOUND('',#1994,.F.);
#1994 = EDGE_LOOP('',(#1995,#1996));
#1995 = ORIENTED_EDGE('',*,*,#636,.T.);
#1996 = ORIENTED_EDGE('',*,*,#1781,.F.);
#1997 = FACE_BOUND('',#1998,.F.);
#1998 = EDGE_LOOP('',(#1999));
#1999 = ORIENTED_EDGE('',*,*,#1355,.F.);
#2000 = ADVANCED_FACE('',(#2001),#568,.F.);
#2001 = FACE_BOUND('',#2002,.F.);
#2002 = EDGE_LOOP('',(#2003,#2025,#2026,#2047,#2048));
#2003 = ORIENTED_EDGE('',*,*,#2004,.T.);
#2004 = EDGE_CURVE('',#1928,#523,#2005,.T.);
#2005 = SURFACE_CURVE('',#2006,(#2011,#2018),.PCURVE_S1.);
#2006 = CIRCLE('',#2007,5.);
#2007 = AXIS2_PLACEMENT_3D('',#2008,#2009,#2010);
#2008 = CARTESIAN_POINT('',(-39.028,8.,17.));
#2009 = DIRECTION('',(0.,-1.,0.));
#2010 = DIRECTION('',(-0.754709580223,0.,0.656059028991));
#2011 = PCURVE('',#568,#2012);
#2012 = DEFINITIONAL_REPRESENTATION('',(#2013),#2017);
#2013 = CIRCLE('',#2014,5.);
#2014 = AXIS2_PLACEMENT_2D('',#2015,#2016);
#2015 = CARTESIAN_POINT('',(-68.86163672714,-3.02359230503));
#2016 = DIRECTION('',(-0.754709580223,0.656059028991));
#2017 = ( GEOMETRIC_REPRESENTATION_CONTEXT(2) 
PARAMETRIC_REPRESENTATION_CONTEXT() REPRESENTATION_CONTEXT('2D SPACE',''
  ) );
#2018 = PCURVE('',#540,#2019);
#2019 = DEFINITIONAL_REPRESENTATION('',(#2020),#2024);
#2020 = LINE('',#2021,#2022);
#2021 = CARTESIAN_POINT('',(0.,8.));
#2022 = VECTOR('',#2023,1.);
#2023 = DIRECTION('',(-1.,-0.));
#2024 = ( GEOMETRIC_REPRESENTATION_CONTEXT(2) 
PARAMETRIC_REPRESENTATION_CONTEXT() REPRESENTATION_CONTEXT('2D SPACE',''
  ) );
#2025 = ORIENTED_EDGE('',*,*,#552,.F.);
#2026 = ORIENTED_EDGE('',*,*,#2027,.F.);
#2027 = EDGE_CURVE('',#1841,#553,#2028,.T.);
#2028 = SURFACE_CURVE('',#2029,(#2033,#2040),.PCURVE_S1.);
#2029 = LINE('',#2030,#2031);
#2030 = CARTESIAN_POINT('',(-30.,8.,35.));
#2031 = VECTOR('',#2032,1.);
#2032 = DIRECTION('',(0.546267780547,0.,-0.837610596839));
#2033 = PCURVE('',#568,#2034);
#2034 = DEFINITIONAL_REPRESENTATION('',(#2035),#2039);
#2035 = LINE('',#2036,#2037);
#2036 = CARTESIAN_POINT('',(-59.83363672714,14.97640769497));
#2037 = VECTOR('',#2038,1.);
#2038 = DIRECTION('',(0.546267780547,-0.837610596839));
#2039 = ( GEOMETRIC_REPRESENTATION_CONTEXT(2) 
PARAMETRIC_REPRESENTATION_CONTEXT() REPRESENTATION_CONTEXT('2D SPACE',''
  ) );
#2040 = PCURVE('',#596,#2041);
#2041 = DEFINITIONAL_REPRESENTATION('',(#2042),#2046);
#2042 = LINE('',#2043,#2044);
#2043 = CARTESIAN_POINT('',(0.,8.));
#2044 = VECTOR('',#2045,1.);
#2045 = DIRECTION('',(1.,0.));
#2046 = ( GEOMETRIC_REPRESENTATION_CONTEXT(2) 
PARAMETRIC_REPRESENTATION_CONTEXT() REPRESENTATION_CONTEXT('2D SPACE',''
  ) );
#2047 = ORIENTED_EDGE('',*,*,#1861,.T.);
#2048 = ORIENTED_EDGE('',*,*,#1972,.F.);
#2049 = ADVANCED_FACE('',(#2050),#596,.T.);
#2050 = FACE_BOUND('',#2051,.T.);
#2051 = EDGE_LOOP('',(#2052,#2053,#2074,#2075));
#2052 = ORIENTED_EDGE('',*,*,#1840,.F.);
#2053 = ORIENTED_EDGE('',*,*,#2054,.T.);
#2054 = EDGE_CURVE('',#1811,#581,#2055,.T.);
#2055 = SURFACE_CURVE('',#2056,(#2060,#2067),.PCURVE_S1.);
#2056 = LINE('',#2057,#2058);
#2057 = CARTESIAN_POINT('',(-30.,-8.,35.));
#2058 = VECTOR('',#2059,1.);
#2059 = DIRECTION('',(0.546267780547,0.,-0.837610596839));
#2060 = PCURVE('',#596,#2061);
#2061 = DEFINITIONAL_REPRESENTATION('',(#2062),#2066);
#2062 = LINE('',#2063,#2064);
#2063 = CARTESIAN_POINT('',(0.,-8.));
#2064 = VECTOR('',#2065,1.);
#2065 = DIRECTION('',(1.,0.));
#2066 = ( GEOMETRIC_REPRESENTATION_CONTEXT(2) 
PARAMETRIC_REPRESENTATION_CONTEXT() REPRESENTATION_CONTEXT('2D SPACE',''
  ) );
#2067 = PCURVE('',#622,#2068);
#2068 = DEFINITIONAL_REPRESENTATION('',(#2069),#2073);
#2069 = LINE('',#2070,#2071);
#2070 = CARTESIAN_POINT('',(-59.83363672714,14.97640769497));
#2071 = VECTOR('',#2072,1.);
#2072 = DIRECTION('',(0.546267780547,-0.837610596839));
#2073 = ( GEOMETRIC_REPRESENTATION_CONTEXT(2) 
PARAMETRIC_REPRESENTATION_CONTEXT() REPRESENTATION_CONTEXT('2D SPACE',''
  ) );
#2074 = ORIENTED_EDGE('',*,*,#580,.F.);
#2075 = ORIENTED_EDGE('',*,*,#2027,.F.);
#2076 = ADVANCED_FACE('',(#2077),#622,.T.);
#2077 = FACE_BOUND('',#2078,.T.);
#2078 = EDGE_LOOP('',(#2079,#2101,#2102,#2103,#2104));
#2079 = ORIENTED_EDGE('',*,*,#2080,.T.);
#2080 = EDGE_CURVE('',#1926,#525,#2081,.T.);
#2081 = SURFACE_CURVE('',#2082,(#2087,#2094),.PCURVE_S1.);
#2082 = CIRCLE('',#2083,5.);
#2083 = AXIS2_PLACEMENT_3D('',#2084,#2085,#2086);
#2084 = CARTESIAN_POINT('',(-39.028,-8.,17.));
#2085 = DIRECTION('',(0.,-1.,0.));
#2086 = DIRECTION('',(-0.754709580223,0.,0.656059028991));
#2087 = PCURVE('',#622,#2088);
#2088 = DEFINITIONAL_REPRESENTATION('',(#2089),#2093);
#2089 = CIRCLE('',#2090,5.);
#2090 = AXIS2_PLACEMENT_2D('',#2091,#2092);
#2091 = CARTESIAN_POINT('',(-68.86163672714,-3.02359230503));
#2092 = DIRECTION('',(-0.754709580223,0.656059028991));
#2093 = ( GEOMETRIC_REPRESENTATION_CONTEXT(2) 
PARAMETRIC_REPRESENTATION_CONTEXT() REPRESENTATION_CONTEXT('2D SPACE',''
  ) );
#2094 = PCURVE('',#540,#2095);
#2095 = DEFINITIONAL_REPRESENTATION('',(#2096),#2100);
#2096 = LINE('',#2097,#2098);
#2097 = CARTESIAN_POINT('',(-0.,-8.));
#2098 = VECTOR('',#2099,1.);
#2099 = DIRECTION('',(-1.,0.));
#2100 = ( GEOMETRIC_REPRESENTATION_CONTEXT(2) 
PARAMETRIC_REPRESENTATION_CONTEXT() REPRESENTATION_CONTEXT('2D SPACE',''
  ) );
#2101 = ORIENTED_EDGE('',*,*,#608,.F.);
#2102 = ORIENTED_EDGE('',*,*,#2054,.F.);
#2103 = ORIENTED_EDGE('',*,*,#1810,.T.);
#2104 = ORIENTED_EDGE('',*,*,#1950,.F.);
#2105 = ADVANCED_FACE('',(#2106),#540,.T.);
#2106 = FACE_BOUND('',#2107,.F.);
#2107 = EDGE_LOOP('',(#2108,#2109,#2110,#2111));
#2108 = ORIENTED_EDGE('',*,*,#522,.F.);
#2109 = ORIENTED_EDGE('',*,*,#2004,.F.);
#2110 = ORIENTED_EDGE('',*,*,#1925,.F.);
#2111 = ORIENTED_EDGE('',*,*,#2080,.T.);
#2112 = ADVANCED_FACE('',(#2113),#44,.F.);
#2113 = FACE_BOUND('',#2114,.F.);
#2114 = EDGE_LOOP('',(#2115,#2116,#2117,#2118));
#2115 = ORIENTED_EDGE('',*,*,#142,.F.);
#2116 = ORIENTED_EDGE('',*,*,#21,.T.);
#2117 = ORIENTED_EDGE('',*,*,#494,.T.);
#2118 = ORIENTED_EDGE('',*,*,#395,.F.);
#2119 = ( GEOMETRIC_REPRESENTATION_CONTEXT(3) 
GLOBAL_UNCERTAINTY_ASSIGNED_CONTEXT((#2123)) 
GLOBAL_UNIT_ASSIGNED_CONTEXT((#2120,#2121,#2122)) REPRESENTATION_CONTEXT
('Context #1','3D Context with UNIT and UNCERTAINTY') );
#2120 = ( LENGTH_UNIT() NAMED_UNIT(*) SI_UNIT(.MILLI.,.METRE.) );
#2121 = ( NAMED_UNIT(*) PLANE_ANGLE_UNIT() SI_UNIT($,.RADIAN.) );
#2122 = ( NAMED_UNIT(*) SI_UNIT($,.STERADIAN.) SOLID_ANGLE_UNIT() );
#2123 = UNCERTAINTY_MEASURE_WITH_UNIT(LENGTH_MEASURE(1.E-07),#2120,
  'distance_accuracy_value','confusion accuracy');
#2124 = PRODUCT_RELATED_PRODUCT_CATEGORY('part',$,(#7));
ENDSEC;
END-ISO-10303-21;
