ISO-10303-21;
HEADER;
FILE_DESCRIPTION(('Open CASCADE Model'),'2;1');
FILE_NAME('Open CASCADE Shape Model','2026-09-21T15:33:22',('Author'),(
    'Open CASCADE'),'Open CASCADE STEP processor 7.9','Open CASCADE 7.9'
  ,'Unknown');
FILE_SCHEMA((
'AP242_MANAGED_MODEL_BASED_3D_ENGINEERING_MIM_LF {1 0 10303 442 1 1 4 }'
    ));
ENDSEC;
DATA;
#1 = APPLICATION_PROTOCOL_DEFINITION('international standard',
  'ap242_managed_model_based_3d_engineering',2013,#2);
#2 = APPLICATION_CONTEXT('Managed model based 3d engineering');
#3 = SHAPE_DEFINITION_REPRESENTATION(#4,#10);
#4 = PRODUCT_DEFINITION_SHAPE('','',#5);
#5 = PRODUCT_DEFINITION('design','',#6,#9);
#6 = PRODUCT_DEFINITION_FORMATION('','',#7);
#7 = PRODUCT('Open CASCADE STEP translator 7.9 24',
  'Open CASCADE STEP translator 7.9 24','',(#8));
#8 = PRODUCT_CONTEXT('',#2,'mechanical');
#9 = PRODUCT_DEFINITION_CONTEXT('part definition',#2,'design');
#10 = ADVANCED_BREP_SHAPE_REPRESENTATION('',(#11,#15),#3383);
#11 = AXIS2_PLACEMENT_3D('',#12,#13,#14);
#12 = CARTESIAN_POINT('',(0.,0.,0.));
#13 = DIRECTION('',(0.,0.,1.));
#14 = DIRECTION('',(1.,0.,-0.));
#15 = MANIFOLD_SOLID_BREP('',#16);
#16 = CLOSED_SHELL('',(#17,#566,#1587,#2094,#2151,#2181,#2230,#2569,
    #2648,#2974,#3324,#3376));
#17 = ADVANCED_FACE('',(#18),#32,.T.);
#18 = FACE_BOUND('',#19,.T.);
#19 = EDGE_LOOP('',(#20,#55,#83,#515,#538,#565));
#20 = ORIENTED_EDGE('',*,*,#21,.F.);
#21 = EDGE_CURVE('',#22,#24,#26,.T.);
#22 = VERTEX_POINT('',#23);
#23 = CARTESIAN_POINT('',(12.5,9.17175999916E-08,23.608058909293));
#24 = VERTEX_POINT('',#25);
#25 = CARTESIAN_POINT('',(12.5,9.171742616257E-08,26.391941090708));
#26 = SURFACE_CURVE('',#27,(#31,#43),.PCURVE_S1.);
#27 = LINE('',#28,#29);
#28 = CARTESIAN_POINT('',(12.5,-3.061616997868E-15,0.));
#29 = VECTOR('',#30,1.);
#30 = DIRECTION('',(0.,0.,1.));
#31 = PCURVE('',#32,#37);
#32 = CYLINDRICAL_SURFACE('',#33,12.5);
#33 = AXIS2_PLACEMENT_3D('',#34,#35,#36);
#34 = CARTESIAN_POINT('',(0.,0.,0.));
#35 = DIRECTION('',(0.,0.,1.));
#36 = DIRECTION('',(1.,0.,-0.));
#37 = DEFINITIONAL_REPRESENTATION('',(#38),#42);
#38 = LINE('',#39,#40);
#39 = CARTESIAN_POINT('',(0.,-0.));
#40 = VECTOR('',#41,1.);
#41 = DIRECTION('',(0.,1.));
#42 = ( GEOMETRIC_REPRESENTATION_CONTEXT(2) 
PARAMETRIC_REPRESENTATION_CONTEXT() REPRESENTATION_CONTEXT('2D SPACE',''
  ) );
#43 = PCURVE('',#44,#49);
#44 = PLANE('',#45);
#45 = AXIS2_PLACEMENT_3D('',#46,#47,#48);
#46 = CARTESIAN_POINT('',(8.750633692939,3.114920751797E-11,
    24.99999999983));
#47 = DIRECTION('',(4.891596737931E-08,-1.,-1.250126771919E-13));
#48 = DIRECTION('',(-1.,-4.891596737931E-08,-7.523163845263E-37));
#49 = DEFINITIONAL_REPRESENTATION('',(#50),#54);
#50 = LINE('',#51,#52);
#51 = CARTESIAN_POINT('',(-3.749366307061,24.99999999983));
#52 = VECTOR('',#53,1.);
#53 = DIRECTION('',(0.,-1.));
#54 = ( GEOMETRIC_REPRESENTATION_CONTEXT(2) 
PARAMETRIC_REPRESENTATION_CONTEXT() REPRESENTATION_CONTEXT('2D SPACE',''
  ) );
#55 = ORIENTED_EDGE('',*,*,#56,.F.);
#56 = EDGE_CURVE('',#57,#22,#59,.T.);
#57 = VERTEX_POINT('',#58);
#58 = CARTESIAN_POINT('',(12.5,-3.061616997868E-15,16.391941067353));
#59 = SURFACE_CURVE('',#60,(#64,#71),.PCURVE_S1.);
#60 = LINE('',#61,#62);
#61 = CARTESIAN_POINT('',(12.5,-3.061616997868E-15,0.));
#62 = VECTOR('',#63,1.);
#63 = DIRECTION('',(0.,0.,1.));
#64 = PCURVE('',#32,#65);
#65 = DEFINITIONAL_REPRESENTATION('',(#66),#70);
#66 = LINE('',#67,#68);
#67 = CARTESIAN_POINT('',(0.,-0.));
#68 = VECTOR('',#69,1.);
#69 = DIRECTION('',(0.,1.));
#70 = ( GEOMETRIC_REPRESENTATION_CONTEXT(2) 
PARAMETRIC_REPRESENTATION_CONTEXT() REPRESENTATION_CONTEXT('2D SPACE',''
  ) );
#71 = PCURVE('',#72,#77);
#72 = CYLINDRICAL_SURFACE('',#73,12.5);
#73 = AXIS2_PLACEMENT_3D('',#74,#75,#76);
#74 = CARTESIAN_POINT('',(0.,0.,0.));
#75 = DIRECTION('',(0.,0.,1.));
#76 = DIRECTION('',(1.,0.,-0.));
#77 = DEFINITIONAL_REPRESENTATION('',(#78),#82);
#78 = LINE('',#79,#80);
#79 = CARTESIAN_POINT('',(6.28318530718,-0.));
#80 = VECTOR('',#81,1.);
#81 = DIRECTION('',(0.,1.));
#82 = ( GEOMETRIC_REPRESENTATION_CONTEXT(2) 
PARAMETRIC_REPRESENTATION_CONTEXT() REPRESENTATION_CONTEXT('2D SPACE',''
  ) );
#83 = ORIENTED_EDGE('',*,*,#84,.T.);
#84 = EDGE_CURVE('',#57,#24,#85,.T.);
#85 = SURFACE_CURVE('',#86,(#173,#263),.PCURVE_S1.);
#86 = B_SPLINE_CURVE_WITH_KNOTS('',8,(#87,#88,#89,#90,#91,#92,#93,#94,
    #95,#96,#97,#98,#99,#100,#101,#102,#103,#104,#105,#106,#107,#108,
    #109,#110,#111,#112,#113,#114,#115,#116,#117,#118,#119,#120,#121,
    #122,#123,#124,#125,#126,#127,#128,#129,#130,#131,#132,#133,#134,
    #135,#136,#137,#138,#139,#140,#141,#142,#143,#144,#145,#146,#147,
    #148,#149,#150,#151,#152,#153,#154,#155,#156,#157,#158,#159,#160,
    #161,#162,#163,#164,#165,#166,#167,#168,#169,#170,#171,#172),
  .UNSPECIFIED.,.F.,.F.,(9,7,7,7,7,7,7,7,7,7,7,7,9),(0.,
    4.703798231304E-02,0.133936922673,0.21667169497,0.272618923195,
    0.374685459657,0.503044533238,0.620340382324,0.732651862373,
    0.785061468922,0.870842606426,0.921213414289,1.),.UNSPECIFIED.);
#87 = CARTESIAN_POINT('',(12.5,5.329070518201E-15,16.391941067353));
#88 = CARTESIAN_POINT('',(12.5,0.461747178892,16.450732444996));
#89 = CARTESIAN_POINT('',(12.480506473116,0.923499100757,16.509536131525
    ));
#90 = CARTESIAN_POINT('',(12.441518718767,1.384288173766,16.568342912261
    ));
#91 = CARTESIAN_POINT('',(12.383094535654,1.84315421906,16.627148194021)
  );
#92 = CARTESIAN_POINT('',(12.305347539831,2.29914473442,16.685950226283)
  );
#93 = CARTESIAN_POINT('',(12.208446257361,2.751315316209,16.744748667474
    ));
#94 = CARTESIAN_POINT('',(12.092614991563,3.198730239581,16.80354349639)
  );
#95 = CARTESIAN_POINT('',(11.709698056138,4.456529788918,16.9709455562)
  );
#96 = CARTESIAN_POINT('',(11.397574809184,5.253342485902,17.079560961044
    ));
#97 = CARTESIAN_POINT('',(11.023552907043,6.024920136908,17.188161883835
    ));
#98 = CARTESIAN_POINT('',(10.590069905561,6.765670458621,17.296753938171
    ));
#99 = CARTESIAN_POINT('',(10.100116839689,7.470342257566,17.405351347568
    ));
#100 = CARTESIAN_POINT('',(9.557201400603,8.134015676608,17.513964338336
    ));
#101 = CARTESIAN_POINT('',(8.965372183634,8.752130465799,17.622589528423
    ));
#102 = CARTESIAN_POINT('',(7.723716003948,9.861735506869,17.834612359989
    ));
#103 = CARTESIAN_POINT('',(7.077869604057,10.35801524697,17.938037450386
    ));
#104 = CARTESIAN_POINT('',(6.39575324838,10.805795134333,18.041459510883
    ));
#105 = CARTESIAN_POINT('',(5.681648232977,11.202020133828,
    18.144875112634));
#106 = CARTESIAN_POINT('',(4.9400848462,11.544108041162,18.248289387346)
  );
#107 = CARTESIAN_POINT('',(4.17582286981,11.829929110775,18.351708394854
    ));
#108 = CARTESIAN_POINT('',(3.393856443933,12.057833809183,18.45513094142
    ));
#109 = CARTESIAN_POINT('',(2.062242159394,12.340939446945,
    18.628467420655));
#110 = CARTESIAN_POINT('',(1.519292086703,12.428178544301,
    18.698396118981));
#111 = CARTESIAN_POINT('',(0.972192911498,12.488103335738,
    18.768323533615));
#112 = CARTESIAN_POINT('',(0.42255031502,12.520491728051,18.83824969539)
  );
#113 = CARTESIAN_POINT('',(-0.128025338666,12.525234280742,
    18.908175838835));
#114 = CARTESIAN_POINT('',(-0.67791997338,12.502331593562,
    18.978103176575));
#115 = CARTESIAN_POINT('',(-1.225516577572,12.451896985816,
    19.04803168539));
#116 = CARTESIAN_POINT('',(-2.761049282296,12.23235424422,
    19.245529638493));
#117 = CARTESIAN_POINT('',(-3.740184337292,11.999644585539,
    19.373137154989));
#118 = CARTESIAN_POINT('',(-4.696467618431,11.677400479728,
    19.500729149817));
#119 = CARTESIAN_POINT('',(-5.620373620206,11.268366207352,
    19.628307208885));
#120 = CARTESIAN_POINT('',(-6.502911064249,10.776392428977,
    19.755885914062));
#121 = CARTESIAN_POINT('',(-7.335595907671,10.206345247583,
    19.883479509038));
#122 = CARTESIAN_POINT('',(-8.110506379721,9.564181674235,
    20.011088653923));
#123 = CARTESIAN_POINT('',(-9.713288808794,7.968044129314,
    20.299093515304));
#124 = CARTESIAN_POINT('',(-10.5043015918,6.975445846083,20.459632172498
    ));
#125 = CARTESIAN_POINT('',(-11.17847278531,5.89385204569,20.620104785796
    ));
#126 = CARTESIAN_POINT('',(-11.72459694076,4.739580299587,
    20.780529231594));
#127 = CARTESIAN_POINT('',(-12.1340224257,3.530048883566,20.94095318472)
  );
#128 = CARTESIAN_POINT('',(-12.40086625453,2.2837955435,21.101424739817)
  );
#129 = CARTESIAN_POINT('',(-12.52184534152,1.020339575715,
    21.261963050773));
#130 = CARTESIAN_POINT('',(-12.47564712188,-1.390697574827,
    21.569003879807));
#131 = CARTESIAN_POINT('',(-12.33238293483,-2.540151930848,
    21.715685321882));
#132 = CARTESIAN_POINT('',(-12.06801334287,-3.672095665436,
    21.862333995163));
#133 = CARTESIAN_POINT('',(-11.68531027221,-4.771711127044,
    22.00895624367));
#134 = CARTESIAN_POINT('',(-11.18891318198,-5.82489940805,
    22.155578327883));
#135 = CARTESIAN_POINT('',(-10.58537782647,-6.818344148542,
    22.302226669555));
#136 = CARTESIAN_POINT('',(-9.883096322806,-7.739523160696,
    22.448908091033));
#137 = CARTESIAN_POINT('',(-8.336503969708,-9.379137980045,
    22.73589257497));
#138 = CARTESIAN_POINT('',(-7.4988530087,-10.10520814835,22.876321147745
    ));
#139 = CARTESIAN_POINT('',(-6.589378793429,-10.74523604679,
    23.016715906767));
#140 = CARTESIAN_POINT('',(-5.618544436485,-11.29114298921,
    23.157084185538));
#141 = CARTESIAN_POINT('',(-4.597601630681,-11.73635817473,
    23.297453349565));
#142 = CARTESIAN_POINT('',(-3.538576674578,-12.07586671837,
    23.437850277793));
#143 = CARTESIAN_POINT('',(-2.454228122143,-12.30618802074,
    23.57828064469));
#144 = CARTESIAN_POINT('',(-0.846830755066,-12.4818893596,
    23.784159999308));
#145 = CARTESIAN_POINT('',(-0.332762701159,-12.51373723676,
    23.849666764709));
#146 = CARTESIAN_POINT('',(0.182610272483,-12.52138227042,23.9151733612)
  );
#147 = CARTESIAN_POINT('',(0.69795748806,-12.50476912376,23.980679492398
    ));
#148 = CARTESIAN_POINT('',(1.211952491086,-12.46392922404,
    24.046185662742));
#149 = CARTESIAN_POINT('',(1.723273546826,-12.39897894513,
    24.111692356174));
#150 = CARTESIAN_POINT('',(2.230604333821,-12.31012137874,
    24.177199223374));
#151 = CARTESIAN_POINT('',(3.554330516739,-12.0135675527,24.349919317453
    ));
#152 = CARTESIAN_POINT('',(4.361968843451,-11.7661961056,24.457147717535
    ));
#153 = CARTESIAN_POINT('',(5.149690142965,-11.45681930594,
    24.564367783761));
#154 = CARTESIAN_POINT('',(5.911953857498,-11.0873615308,24.671577593909
    ));
#155 = CARTESIAN_POINT('',(6.643500640651,-10.66029636659,
    24.778786014532));
#156 = CARTESIAN_POINT('',(7.339345751579,-10.17861235756,
    24.886003002245));
#157 = CARTESIAN_POINT('',(7.994803745845,-9.645837717702,24.99322918934
    ));
#158 = CARTESIAN_POINT('',(8.964172294329,-8.725715277368,
    25.163401887983));
#159 = CARTESIAN_POINT('',(9.307417463903,-8.369087563739,
    25.226361592712));
#160 = CARTESIAN_POINT('',(9.634414616379,-7.997060337552,
    25.289322535295));
#161 = CARTESIAN_POINT('',(9.944360387011,-7.610501451821,
    25.352284728959));
#162 = CARTESIAN_POINT('',(10.236510268991,-7.210324074696,
    25.415248700987));
#163 = CARTESIAN_POINT('',(10.510177711966,-6.797485363985,
    25.478214720089));
#164 = CARTESIAN_POINT('',(10.764735451703,-6.372986881867,
    25.541182082887));
#165 = CARTESIAN_POINT('',(11.367008024498,-5.25730712684,25.70263617572
    ));
#166 = CARTESIAN_POINT('',(11.686309466381,-4.550691768651,
    25.801133585153));
#167 = CARTESIAN_POINT('',(11.955310463618,-3.822091522257,
    25.899623203908));
#168 = CARTESIAN_POINT('',(12.172280777792,-3.075701927309,
    25.998099861919));
#169 = CARTESIAN_POINT('',(12.33591436934,-2.315831923035,
    26.096563420224));
#170 = CARTESIAN_POINT('',(12.445311295238,-1.546893887826,
    26.195016646475));
#171 = CARTESIAN_POINT('',(12.5,-0.773405011468,26.293468248706));
#172 = CARTESIAN_POINT('',(12.5,7.105427357601E-15,26.391941067352));
#173 = PCURVE('',#32,#174);
#174 = DEFINITIONAL_REPRESENTATION('',(#175),#262);
#175 = B_SPLINE_CURVE_WITH_KNOTS('',8,(#176,#177,#178,#179,#180,#181,
    #182,#183,#184,#185,#186,#187,#188,#189,#190,#191,#192,#193,#194,
    #195,#196,#197,#198,#199,#200,#201,#202,#203,#204,#205,#206,#207,
    #208,#209,#210,#211,#212,#213,#214,#215,#216,#217,#218,#219,#220,
    #221,#222,#223,#224,#225,#226,#227,#228,#229,#230,#231,#232,#233,
    #234,#235,#236,#237,#238,#239,#240,#241,#242,#243,#244,#245,#246,
    #247,#248,#249,#250,#251,#252,#253,#254,#255,#256,#257,#258,#259,
    #260,#261),.UNSPECIFIED.,.F.,.F.,(9,7,7,7,7,7,7,7,7,7,7,7,9),(0.,
    4.703798231304E-02,0.133936922673,0.21667169497,0.272618923195,
    0.374685459657,0.503044533238,0.620340382324,0.732651862373,
    0.785061468922,0.870842606426,0.921213414289,1.),.UNSPECIFIED.);
#176 = CARTESIAN_POINT('',(0.,16.391941067353));
#177 = CARTESIAN_POINT('',(3.693977431135E-02,16.450732444996));
#178 = CARTESIAN_POINT('',(7.387992576466E-02,16.509536131525));
#179 = CARTESIAN_POINT('',(0.110819866907,16.568342912261));
#180 = CARTESIAN_POINT('',(0.147759581008,16.627148194021));
#181 = CARTESIAN_POINT('',(0.184699339026,16.685950226283));
#182 = CARTESIAN_POINT('',(0.221639407174,16.744748667474));
#183 = CARTESIAN_POINT('',(0.25857974509,16.80354349639));
#184 = CARTESIAN_POINT('',(0.363763320561,16.9709455562));
#185 = CARTESIAN_POINT('',(0.432017022066,17.079560961044));
#186 = CARTESIAN_POINT('',(0.500266539603,17.188161883835));
#187 = CARTESIAN_POINT('',(0.568510629424,17.296753938171));
#188 = CARTESIAN_POINT('',(0.636754620082,17.405351347568));
#189 = CARTESIAN_POINT('',(0.705003915578,17.513964338336));
#190 = CARTESIAN_POINT('',(0.773257445146,17.622589528423));
#191 = CARTESIAN_POINT('',(0.906474463055,17.834612359989));
#192 = CARTESIAN_POINT('',(0.971455522494,17.938037450386));
#193 = CARTESIAN_POINT('',(1.036433142919,18.041459510883));
#194 = CARTESIAN_POINT('',(1.101406485137,18.144875112634));
#195 = CARTESIAN_POINT('',(1.166379835605,18.248289387346));
#196 = CARTESIAN_POINT('',(1.231357480297,18.351708394854));
#197 = CARTESIAN_POINT('',(1.29633858265,18.45513094142));
#198 = CARTESIAN_POINT('',(1.405248685908,18.628467420655));
#199 = CARTESIAN_POINT('',(1.449186446111,18.698396118981));
#200 = CARTESIAN_POINT('',(1.493123739052,18.768323533615));
#201 = CARTESIAN_POINT('',(1.537060431365,18.83824969539));
#202 = CARTESIAN_POINT('',(1.580997127312,18.908175838835));
#203 = CARTESIAN_POINT('',(1.624934431374,18.978103176575));
#204 = CARTESIAN_POINT('',(1.668872209585,19.04803168539));
#205 = CARTESIAN_POINT('',(1.792964038877,19.245529638493));
#206 = CARTESIAN_POINT('',(1.87314124771,19.373137154989));
#207 = CARTESIAN_POINT('',(1.953307205845,19.500729149818));
#208 = CARTESIAN_POINT('',(2.033463048344,19.628307208885));
#209 = CARTESIAN_POINT('',(2.113618858721,19.755885914062));
#210 = CARTESIAN_POINT('',(2.193784774148,19.883479509038));
#211 = CARTESIAN_POINT('',(2.273962023098,20.011088653923));
#212 = CARTESIAN_POINT('',(2.45492065399,20.299093515304));
#213 = CARTESIAN_POINT('',(2.555792936829,20.459632172498));
#214 = CARTESIAN_POINT('',(2.656627289026,20.620104785796));
#215 = CARTESIAN_POINT('',(2.757434310119,20.780529231594));
#216 = CARTESIAN_POINT('',(2.858241365169,20.94095318472));
#217 = CARTESIAN_POINT('',(2.959075736389,21.101424739817));
#218 = CARTESIAN_POINT('',(3.059948159747,21.261963050773));
#219 = CARTESIAN_POINT('',(3.252866536963,21.569003879807));
#220 = CARTESIAN_POINT('',(3.34502553627,21.715685321882));
#221 = CARTESIAN_POINT('',(3.437160868433,21.862333995165));
#222 = CARTESIAN_POINT('',(3.529277592616,22.008956243667));
#223 = CARTESIAN_POINT('',(3.621394312856,22.155578327884));
#224 = CARTESIAN_POINT('',(3.713529627178,22.302226669554));
#225 = CARTESIAN_POINT('',(3.805688630689,22.448908091033));
#226 = CARTESIAN_POINT('',(3.986004525273,22.73589257497));
#227 = CARTESIAN_POINT('',(4.074240047682,22.876321147744));
#228 = CARTESIAN_POINT('',(4.162456699376,23.016715906769));
#229 = CARTESIAN_POINT('',(4.250658132509,23.157084185536));
#230 = CARTESIAN_POINT('',(4.338859810986,23.297453349566));
#231 = CARTESIAN_POINT('',(4.427077155224,23.437850277792));
#232 = CARTESIAN_POINT('',(4.515313517112,23.57828064469));
#233 = CARTESIAN_POINT('',(4.64467124761,23.784159999308));
#234 = CARTESIAN_POINT('',(4.68583002758,23.849666764709));
#235 = CARTESIAN_POINT('',(4.726988451193,23.9151733612));
#236 = CARTESIAN_POINT('',(4.768146430969,23.980679492398));
#237 = CARTESIAN_POINT('',(4.809304411583,24.046185662742));
#238 = CARTESIAN_POINT('',(4.850462836111,24.111692356174));
#239 = CARTESIAN_POINT('',(4.891621611757,24.177199223374));
#240 = CARTESIAN_POINT('',(5.000144646852,24.349919317453));
#241 = CARTESIAN_POINT('',(5.067518995024,24.457147717535));
#242 = CARTESIAN_POINT('',(5.134889337239,24.564367783761));
#243 = CARTESIAN_POINT('',(5.202254622393,24.671577593909));
#244 = CARTESIAN_POINT('',(5.269619922575,24.778786014532));
#245 = CARTESIAN_POINT('',(5.336990313189,24.886003002245));
#246 = CARTESIAN_POINT('',(5.404364741226,24.99322918934));
#247 = CARTESIAN_POINT('',(5.511286789482,25.163401887983));
#248 = CARTESIAN_POINT('',(5.550844410589,25.226361592712));
#249 = CARTESIAN_POINT('',(5.590401738449,25.289322535295));
#250 = CARTESIAN_POINT('',(5.629958663768,25.352284728959));
#251 = CARTESIAN_POINT('',(5.669515536094,25.415248700987));
#252 = CARTESIAN_POINT('',(5.709072726051,25.478214720089));
#253 = CARTESIAN_POINT('',(5.74863018821,25.541182082887));
#254 = CARTESIAN_POINT('',(5.850059132961,25.70263617572));
#255 = CARTESIAN_POINT('',(5.911937263899,25.801133585153));
#256 = CARTESIAN_POINT('',(5.973812794494,25.899623203908));
#257 = CARTESIAN_POINT('',(6.03568511728,25.998099861919));
#258 = CARTESIAN_POINT('',(6.097557677961,26.096563420224));
#259 = CARTESIAN_POINT('',(6.159433887168,26.195016646475));
#260 = CARTESIAN_POINT('',(6.221312906262,26.293468248706));
#261 = CARTESIAN_POINT('',(6.28318530718,26.391941067352));
#262 = ( GEOMETRIC_REPRESENTATION_CONTEXT(2) 
PARAMETRIC_REPRESENTATION_CONTEXT() REPRESENTATION_CONTEXT('2D SPACE',''
  ) );
#263 = PCURVE('',#264,#426);
#264 = ( BOUNDED_SURFACE() B_SPLINE_SURFACE(6,11,(
    (#265,#266,#267,#268,#269,#270,#271,#272,#273,#274,#275,#276,#277
      ,#278,#279,#280,#281,#282,#283,#284,#285,#286,#287)
    ,(#288,#289,#290,#291,#292,#293,#294,#295,#296,#297,#298,#299,#300
      ,#301,#302,#303,#304,#305,#306,#307,#308,#309,#310)
    ,(#311,#312,#313,#314,#315,#316,#317,#318,#319,#320,#321,#322,#323
      ,#324,#325,#326,#327,#328,#329,#330,#331,#332,#333)
    ,(#334,#335,#336,#337,#338,#339,#340,#341,#342,#343,#344,#345,#346
      ,#347,#348,#349,#350,#351,#352,#353,#354,#355,#356)
    ,(#357,#358,#359,#360,#361,#362,#363,#364,#365,#366,#367,#368,#369
      ,#370,#371,#372,#373,#374,#375,#376,#377,#378,#379)
    ,(#380,#381,#382,#383,#384,#385,#386,#387,#388,#389,#390,#391,#392
      ,#393,#394,#395,#396,#397,#398,#399,#400,#401,#402)
    ,(#403,#404,#405,#406,#407,#408,#409,#410,#411,#412,#413,#414,#415
      ,#416,#417,#418,#419,#420,#421,#422,#423,#424,#425
)),.UNSPECIFIED.,.T.,.F.,.F.) B_SPLINE_SURFACE_WITH_KNOTS((1,6,6,1),(12,
    11,12),(-6.28318530718,0.,6.28318530718,12.566370614359),(0.,
    11.810098120014,23.620196240028),.UNSPECIFIED.) 
GEOMETRIC_REPRESENTATION_ITEM() RATIONAL_B_SPLINE_SURFACE((
    (1.669078461068,1.669078461068,1.669078461068,1.669078461069
      ,1.669078461066,1.669078461071,1.669078461066,1.66907846107
      ,1.669078461067,1.669078461069,1.669078461068,1.669078461068
      ,1.669078461068,1.669078461069,1.669078461067,1.66907846107
      ,1.669078461067,1.66907846107,1.669078461067,1.669078461069
      ,1.669078461068,1.669078461068,1.669078461068)
    ,(1.03672962321,1.03672962321,1.036729623209,1.03672962321
      ,1.036729623208,1.036729623212,1.036729623208,1.036729623211
      ,1.036729623209,1.03672962321,1.03672962321,1.03672962321
      ,1.03672962321,1.03672962321,1.036729623209,1.03672962321
      ,1.036729623209,1.03672962321,1.036729623209,1.03672962321
      ,1.036729623209,1.03672962321,1.03672962321)
    ,(1.038346699848,1.038346699848,1.038346699847,1.038346699848
      ,1.038346699846,1.038346699849,1.038346699846,1.038346699849
      ,1.038346699847,1.038346699848,1.038346699847,1.038346699848
      ,1.038346699847,1.038346699848,1.038346699847,1.038346699848
      ,1.038346699847,1.038346699848,1.038346699847,1.038346699848
      ,1.038346699847,1.038346699848,1.038346699848)
    ,(0.853534330196,0.853534330196,0.853534330196,0.853534330197
      ,0.853534330195,0.853534330198,0.853534330195,0.853534330197
      ,0.853534330195,0.853534330196,0.853534330196,0.853534330196
      ,0.853534330196,0.853534330196,0.853534330196,0.853534330197
      ,0.853534330195,0.853534330197,0.853534330196,0.853534330196
      ,0.853534330196,0.853534330196,0.853534330196)
    ,(1.038346699848,1.038346699848,1.038346699847,1.038346699848
      ,1.038346699846,1.038346699849,1.038346699846,1.038346699849
      ,1.038346699847,1.038346699848,1.038346699847,1.038346699848
      ,1.038346699847,1.038346699848,1.038346699847,1.038346699848
      ,1.038346699847,1.038346699848,1.038346699847,1.038346699848
      ,1.038346699847,1.038346699848,1.038346699848)
    ,(1.03672962321,1.03672962321,1.036729623209,1.03672962321
      ,1.036729623208,1.036729623212,1.036729623208,1.036729623211
      ,1.036729623209,1.03672962321,1.03672962321,1.03672962321
      ,1.03672962321,1.03672962321,1.036729623209,1.03672962321
      ,1.036729623209,1.03672962321,1.036729623209,1.03672962321
      ,1.036729623209,1.03672962321,1.03672962321)
    ,(1.669078461068,1.669078461068,1.669078461068,1.669078461069
      ,1.669078461066,1.669078461071,1.669078461066,1.66907846107
      ,1.669078461067,1.669078461069,1.669078461068,1.669078461068
      ,1.669078461068,1.669078461069,1.669078461067,1.66907846107
      ,1.669078461067,1.66907846107,1.669078461067,1.669078461069
      ,1.669078461068,1.669078461068,1.669078461068
))) REPRESENTATION_ITEM('') SURFACE() );
#265 = CARTESIAN_POINT('',(12.75,6.064593272015E-15,5.));
#266 = CARTESIAN_POINT('',(12.75,7.282795926058,5.909088605339));
#267 = CARTESIAN_POINT('',(8.17507853478,14.565328528592,6.818188402084)
  );
#268 = CARTESIAN_POINT('',(-0.984269380987,18.655361849508,
    7.727250370735));
#269 = CARTESIAN_POINT('',(-12.17377865209,16.346016439431,
    8.636408496357));
#270 = CARTESIAN_POINT('',(-20.51702179887,6.741853687568,9.54538903189)
  );
#271 = CARTESIAN_POINT('',(-20.51702169561,-6.741854002424,
    10.454609892431));
#272 = CARTESIAN_POINT('',(-12.17377840111,-16.34601662627,
    11.363590427853));
#273 = CARTESIAN_POINT('',(-0.984269094745,-18.65536186457,
    12.272748553622));
#274 = CARTESIAN_POINT('',(8.175078758316,-14.56532840316,
    13.181810522165));
#275 = CARTESIAN_POINT('',(12.750000111763,-7.28279573038,
    14.090910318959));
#276 = CARTESIAN_POINT('',(12.75,1.956632713768E-07,14.999998924285));
#277 = CARTESIAN_POINT('',(12.750000000003,7.282795530843,
    15.909090778153));
#278 = CARTESIAN_POINT('',(8.175078534773,14.565329169978,
    16.818184875855));
#279 = CARTESIAN_POINT('',(-0.984269380982,18.655360992995,
    17.727255079717));
#280 = CARTESIAN_POINT('',(-12.17377865207,16.346017391389,
    18.636403262683));
#281 = CARTESIAN_POINT('',(-20.51702179892,6.741852804548,
    19.545393886331));
#282 = CARTESIAN_POINT('',(-20.51702169557,-6.741853322375,
    20.454606154143));
#283 = CARTESIAN_POINT('',(-12.17377840112,-16.34601705461,
    21.363592782275));
#284 = CARTESIAN_POINT('',(-0.98426909475,-18.65536165073,
    22.272747378269));
#285 = CARTESIAN_POINT('',(8.175078758322,-14.56532848222,
    23.181810956694));
#286 = CARTESIAN_POINT('',(12.750000111761,-7.282795712591,
    24.090910221182));
#287 = CARTESIAN_POINT('',(12.75,1.956640211034E-07,24.99999892428));
#288 = CARTESIAN_POINT('',(12.75,3.330669073875E-16,11.646172302284));
#289 = CARTESIAN_POINT('',(12.750003827782,7.282796436525,
    12.555260907623));
#290 = CARTESIAN_POINT('',(8.175073083172,14.565326117023,
    13.464360704368));
#291 = CARTESIAN_POINT('',(-0.984266709388,18.655376603173,
    14.373422673018));
#292 = CARTESIAN_POINT('',(-12.17376445748,16.34599648235,
    15.282580798647));
#293 = CARTESIAN_POINT('',(-20.51705915552,6.741865176694,
    16.191561334161));
#294 = CARTESIAN_POINT('',(-20.51698721518,-6.741843458587,
    17.100782194732));
#295 = CARTESIAN_POINT('',(-12.17379430217,-16.34603887466,
    18.009762730122));
#296 = CARTESIAN_POINT('',(-0.984271904434,-18.65534972615,
    18.918920855915));
#297 = CARTESIAN_POINT('',(8.175085355998,-14.56533285653,
    19.827982824446));
#298 = CARTESIAN_POINT('',(12.749998071308,-7.282796240847,
    20.737082621244));
#299 = CARTESIAN_POINT('',(12.750001787346,1.956634291048E-07,
    21.646171226569));
#300 = CARTESIAN_POINT('',(12.75000021756,7.28279604131,22.555263080437)
  );
#301 = CARTESIAN_POINT('',(8.17507894215,14.565326758397,23.464357178139
    ));
#302 = CARTESIAN_POINT('',(-0.984274533567,18.655375746706,
    24.373427381998));
#303 = CARTESIAN_POINT('',(-12.17375576149,16.345997434213,
    25.282575564976));
#304 = CARTESIAN_POINT('',(-20.5170672214,6.741864293807,26.191566188599
    ));
#305 = CARTESIAN_POINT('',(-20.51698100386,-6.741842778669,
    27.100778456447));
#306 = CARTESIAN_POINT('',(-12.1737982141,-16.34603930291,
    28.009765084543));
#307 = CARTESIAN_POINT('',(-0.984269951574,-18.65534951236,
    28.918919680562));
#308 = CARTESIAN_POINT('',(8.175084634031,-14.56533293558,
    29.827983258975));
#309 = CARTESIAN_POINT('',(12.749998233763,-7.282796223059,
    30.737082523467));
#310 = CARTESIAN_POINT('',(12.750001787355,1.956632788361E-07,
    31.646171226564));
#311 = CARTESIAN_POINT('',(4.531807237807,-2.366162821232E-15,
    12.600449532982));
#312 = CARTESIAN_POINT('',(4.531811615195,2.588549161691,13.50954287149)
  );
#313 = CARTESIAN_POINT('',(2.905707284046,5.177139375974,14.418624408128
    ));
#314 = CARTESIAN_POINT('',(-0.34982966651,6.630498437641,15.327745836283
    ));
#315 = CARTESIAN_POINT('',(-4.327000208647,5.810525178892,
    16.236765862363));
#316 = CARTESIAN_POINT('',(-7.292517827538,2.395504818517,
    17.145973165583));
#317 = CARTESIAN_POINT('',(-7.292435784994,-2.395479289991,
    18.054927034744));
#318 = CARTESIAN_POINT('',(-4.327034890064,-5.810573247266,
    18.964134338059));
#319 = CARTESIAN_POINT('',(-0.349836236735,-6.630467668452,
    19.873154364014));
#320 = CARTESIAN_POINT('',(2.905720827699,-5.177147358866,20.78227579226
    ));
#321 = CARTESIAN_POINT('',(4.531804786515,-2.588549368044,
    21.691357328857));
#322 = CARTESIAN_POINT('',(4.531809281787,-2.063362254043E-07,
    22.600450667375));
#323 = CARTESIAN_POINT('',(4.531807486605,2.588549578464,23.509540580152
    ));
#324 = CARTESIAN_POINT('',(2.905713984279,5.177138699586,24.418628126711
    ));
#325 = CARTESIAN_POINT('',(-0.349838614107,6.630499340939,
    25.327740870427));
#326 = CARTESIAN_POINT('',(-4.326990264084,5.810524174885,
    26.236771381527));
#327 = CARTESIAN_POINT('',(-7.292527051489,2.395505749839,
    27.145968046354));
#328 = CARTESIAN_POINT('',(-7.292428681889,-2.395480007229,
    28.05493097692));
#329 = CARTESIAN_POINT('',(-4.327039363664,-5.810572795511,
    28.964131855239));
#330 = CARTESIAN_POINT('',(-0.349834003479,-6.630467893983,
    29.873155603458));
#331 = CARTESIAN_POINT('',(2.905720002066,-5.177147275486,
    30.782275334039));
#332 = CARTESIAN_POINT('',(4.531804972298,-2.588549386806,
    31.691357431965));
#333 = CARTESIAN_POINT('',(4.531809281797,-2.063376807609E-07,
    32.600450667381));
#334 = CARTESIAN_POINT('',(-2.246467684034,2.012279232133E-16,5.));
#335 = CARTESIAN_POINT('',(-2.246467684032,-1.283214959077,
    5.909097242372));
#336 = CARTESIAN_POINT('',(-1.440400740279,-2.566130656546,
    6.818163718275));
#337 = CARTESIAN_POINT('',(0.173443650788,-3.287507318963,7.72733418798)
  );
#338 = CARTESIAN_POINT('',(2.144906650465,-2.878990388439,8.636240311057
    ));
#339 = CARTESIAN_POINT('',(3.61498542433,-1.189339858219,9.545634649815)
  );
#340 = CARTESIAN_POINT('',(3.614985140063,1.189340723739,10.454368307358
    ));
#341 = CARTESIAN_POINT('',(2.144905960742,2.878990902202,11.363762646403
    ));
#342 = CARTESIAN_POINT('',(0.173442863777,3.287507360326,12.272668769103
    ));
#343 = CARTESIAN_POINT('',(-1.440401354778,2.566130311747,
    13.181839239082));
#344 = CARTESIAN_POINT('',(-2.246467991287,1.283214421131,14.09090571486
    ));
#345 = CARTESIAN_POINT('',(-2.246467684033,-5.379013094456E-07,
    15.000002957266));
#346 = CARTESIAN_POINT('',(-2.246467684032,-1.283213872584,
    15.909091269051));
#347 = CARTESIAN_POINT('',(-1.440400740282,-2.566132419798,
    16.818173412301));
#348 = CARTESIAN_POINT('',(0.173443650804,-3.287504964282,
    17.727321242424));
#349 = CARTESIAN_POINT('',(2.144906650427,-2.87899300552,18.636254699042
    ));
#350 = CARTESIAN_POINT('',(3.614985424387,-1.189337430709,
    19.545621304415));
#351 = CARTESIAN_POINT('',(3.614985140007,1.189338854297,20.454378584295
    ));
#352 = CARTESIAN_POINT('',(2.144905960778,2.878992079658,21.363756173879
    ));
#353 = CARTESIAN_POINT('',(0.17344286376,3.2875067725,22.272672000243));
#354 = CARTESIAN_POINT('',(-1.440401354774,2.566130529076,
    23.181838044531));
#355 = CARTESIAN_POINT('',(-2.246467991288,1.283214372226,
    24.090905983656));
#356 = CARTESIAN_POINT('',(-2.246467684033,-5.379027015265E-07,
    25.00000295728));
#357 = CARTESIAN_POINT('',(4.531807237807,-7.868705687031E-15,
    -2.600449532982));
#358 = CARTESIAN_POINT('',(4.531802860422,2.588547994168,-1.691356194475
    ));
#359 = CARTESIAN_POINT('',(2.905719752785,5.177144891639,-0.782274657838
    ));
#360 = CARTESIAN_POINT('',(-0.349835776912,6.630464693544,0.126846770325
    ));
#361 = CARTESIAN_POINT('',(-4.327032674063,5.810570824075,1.035866796378
    ));
#362 = CARTESIAN_POINT('',(-7.292432386706,2.395478540948,1.945074099655
    ));
#363 = CARTESIAN_POINT('',(-7.292514647455,-2.395503405477,
    2.854027968735));
#364 = CARTESIAN_POINT('',(-4.326998521726,-5.810522361509,
    3.763235272132));
#365 = CARTESIAN_POINT('',(-0.349829810499,-6.630495431024,
    4.672255298028));
#366 = CARTESIAN_POINT('',(2.905705737699,-5.177137173266,5.581376726304
    ));
#367 = CARTESIAN_POINT('',(4.531809453377,-2.588548200521,6.49045826289)
  );
#368 = CARTESIAN_POINT('',(4.531805193829,-2.063365730567E-07,
    7.399551601411));
#369 = CARTESIAN_POINT('',(4.531806989014,2.588548410941,8.308641514186)
  );
#370 = CARTESIAN_POINT('',(2.905713052541,5.177144215274,9.217729060747)
  );
#371 = CARTESIAN_POINT('',(-0.34982682929,6.630465596749,10.126841804466
    ));
#372 = CARTESIAN_POINT('',(-4.327042618656,5.810569820263,
    11.035872315547));
#373 = CARTESIAN_POINT('',(-7.292423162726,2.395479471995,
    11.945068980421));
#374 = CARTESIAN_POINT('',(-7.292521750591,-2.395504122437,
    12.854031910917));
#375 = CARTESIAN_POINT('',(-4.326994048092,-5.810521909955,
    13.763232789307));
#376 = CARTESIAN_POINT('',(-0.349832043781,-6.630495656455,
    14.672256537474));
#377 = CARTESIAN_POINT('',(2.905706563345,-5.177137089915,
    15.581376268082));
#378 = CARTESIAN_POINT('',(4.531809267591,-2.58854821928,16.490458365998
    ));
#379 = CARTESIAN_POINT('',(4.531805193819,-2.063359767282E-07,
    17.399551601416));
#380 = CARTESIAN_POINT('',(12.75,-6.022959908591E-15,-1.646172302284));
#381 = CARTESIAN_POINT('',(12.749996172218,7.282795415591,
    -0.737083696945));
#382 = CARTESIAN_POINT('',(8.175083986395,14.565330940166,0.172016099798
    ));
#383 = CARTESIAN_POINT('',(-0.984272052598,18.65534709583,1.081078068455
    ));
#384 = CARTESIAN_POINT('',(-12.17379284668,16.346036396533,
    1.990236194062));
#385 = CARTESIAN_POINT('',(-20.51698444224,6.741842198418,2.899216729624
    ));
#386 = CARTESIAN_POINT('',(-20.51705617603,-6.741864546247,
    3.808437590125));
#387 = CARTESIAN_POINT('',(-12.17376250007,-16.34599437788,
    4.717418125586));
#388 = CARTESIAN_POINT('',(-0.984266285044,-18.65537400299,
    5.626576251327));
#389 = CARTESIAN_POINT('',(8.175072160628,-14.56532394979,6.535638219885
    ));
#390 = CARTESIAN_POINT('',(12.75000215222,-7.282795219912,7.444738016674
    ));
#391 = CARTESIAN_POINT('',(12.749998212653,1.9566312804E-07,
    8.353826622001));
#392 = CARTESIAN_POINT('',(12.749999782445,7.282795020376,9.262918475868
    ));
#393 = CARTESIAN_POINT('',(8.175078127396,14.56533158156,10.172012573571
    ));
#394 = CARTESIAN_POINT('',(-0.984264228396,18.655346239282,
    11.081082777433));
#395 = CARTESIAN_POINT('',(-12.17380154266,16.346037348568,
    11.990230960394));
#396 = CARTESIAN_POINT('',(-20.51697637643,6.741841315288,
    12.899221584058));
#397 = CARTESIAN_POINT('',(-20.51706238729,-6.741863866083,
    13.808433851844));
#398 = CARTESIAN_POINT('',(-12.17375858814,-16.34599480631,
    14.717420480004));
#399 = CARTESIAN_POINT('',(-0.984268237928,-18.6553737891,
    15.626575075977));
#400 = CARTESIAN_POINT('',(8.175072882615,-14.56532402886,
    16.535638654413));
#401 = CARTESIAN_POINT('',(12.750001989759,-7.282795202122,
    17.444737918897));
#402 = CARTESIAN_POINT('',(12.749998212645,1.956647631002E-07,
    18.353826621996));
#403 = CARTESIAN_POINT('',(12.75,6.064593272015E-15,5.));
#404 = CARTESIAN_POINT('',(12.75,7.282795926058,5.909088605339));
#405 = CARTESIAN_POINT('',(8.17507853478,14.565328528592,6.818188402084)
  );
#406 = CARTESIAN_POINT('',(-0.984269380987,18.655361849508,
    7.727250370735));
#407 = CARTESIAN_POINT('',(-12.17377865209,16.346016439431,
    8.636408496357));
#408 = CARTESIAN_POINT('',(-20.51702179887,6.741853687568,9.54538903189)
  );
#409 = CARTESIAN_POINT('',(-20.51702169561,-6.741854002424,
    10.454609892431));
#410 = CARTESIAN_POINT('',(-12.17377840111,-16.34601662627,
    11.363590427853));
#411 = CARTESIAN_POINT('',(-0.984269094745,-18.65536186457,
    12.272748553622));
#412 = CARTESIAN_POINT('',(8.175078758316,-14.56532840316,
    13.181810522165));
#413 = CARTESIAN_POINT('',(12.750000111763,-7.28279573038,
    14.090910318959));
#414 = CARTESIAN_POINT('',(12.75,1.956632713768E-07,14.999998924285));
#415 = CARTESIAN_POINT('',(12.750000000003,7.282795530843,
    15.909090778153));
#416 = CARTESIAN_POINT('',(8.175078534773,14.565329169978,
    16.818184875855));
#417 = CARTESIAN_POINT('',(-0.984269380982,18.655360992995,
    17.727255079717));
#418 = CARTESIAN_POINT('',(-12.17377865207,16.346017391389,
    18.636403262683));
#419 = CARTESIAN_POINT('',(-20.51702179892,6.741852804548,
    19.545393886331));
#420 = CARTESIAN_POINT('',(-20.51702169557,-6.741853322375,
    20.454606154143));
#421 = CARTESIAN_POINT('',(-12.17377840112,-16.34601705461,
    21.363592782275));
#422 = CARTESIAN_POINT('',(-0.98426909475,-18.65536165073,
    22.272747378269));
#423 = CARTESIAN_POINT('',(8.175078758322,-14.56532848222,
    23.181810956694));
#424 = CARTESIAN_POINT('',(12.750000111761,-7.282795712591,
    24.090910221182));
#425 = CARTESIAN_POINT('',(12.75,1.956640211034E-07,24.99999892428));
#426 = DEFINITIONAL_REPRESENTATION('',(#427),#514);
#427 = B_SPLINE_CURVE_WITH_KNOTS('',8,(#428,#429,#430,#431,#432,#433,
    #434,#435,#436,#437,#438,#439,#440,#441,#442,#443,#444,#445,#446,
    #447,#448,#449,#450,#451,#452,#453,#454,#455,#456,#457,#458,#459,
    #460,#461,#462,#463,#464,#465,#466,#467,#468,#469,#470,#471,#472,
    #473,#474,#475,#476,#477,#478,#479,#480,#481,#482,#483,#484,#485,
    #486,#487,#488,#489,#490,#491,#492,#493,#494,#495,#496,#497,#498,
    #499,#500,#501,#502,#503,#504,#505,#506,#507,#508,#509,#510,#511,
    #512,#513),.UNSPECIFIED.,.F.,.F.,(9,7,7,7,7,7,7,7,7,7,7,7,9),(0.,
    4.703798231304E-02,0.133936922673,0.21667169497,0.272618923195,
    0.374685459657,0.503044533238,0.620340382324,0.732651862373,
    0.785061468922,0.870842606426,0.921213414289,1.),.UNSPECIFIED.);
#428 = CARTESIAN_POINT('',(0.358339816885,11.810098092431));
#429 = CARTESIAN_POINT('',(0.358339854246,11.879531286294));
#430 = CARTESIAN_POINT('',(0.35834281965,11.948965370977));
#431 = CARTESIAN_POINT('',(0.358346808657,12.018399198752));
#432 = CARTESIAN_POINT('',(0.358350507345,12.087832685947));
#433 = CARTESIAN_POINT('',(0.358353234492,12.157266281653));
#434 = CARTESIAN_POINT('',(0.358354841681,12.226700426025));
#435 = CARTESIAN_POINT('',(0.358355471319,12.296134998188));
#436 = CARTESIAN_POINT('',(0.358354620673,12.493842108305));
#437 = CARTESIAN_POINT('',(0.358350955997,12.622134100328));
#438 = CARTESIAN_POINT('',(0.358345302988,12.750417798393));
#439 = CARTESIAN_POINT('',(0.35833965893,12.878691005598));
#440 = CARTESIAN_POINT('',(0.358335504366,13.006963973367));
#441 = CARTESIAN_POINT('',(0.358333224836,13.135247068932));
#442 = CARTESIAN_POINT('',(0.358332343941,13.263538396499));
#443 = CARTESIAN_POINT('',(0.358332780788,13.513937549743));
#444 = CARTESIAN_POINT('',(0.358333966353,13.636078376852));
#445 = CARTESIAN_POINT('',(0.358335740405,13.758213021264));
#446 = CARTESIAN_POINT('',(0.358337557078,13.880339842697));
#447 = CARTESIAN_POINT('',(0.358338988946,14.002466789462));
#448 = CARTESIAN_POINT('',(0.35833985959,14.124601798662));
#449 = CARTESIAN_POINT('',(0.358340228455,14.24674319988));
#450 = CARTESIAN_POINT('',(0.358340227659,14.451455262945));
#451 = CARTESIAN_POINT('',(0.35834005957,14.53404247396));
#452 = CARTESIAN_POINT('',(0.35833976715,14.616628717773));
#453 = CARTESIAN_POINT('',(0.358339417453,14.699213735268));
#454 = CARTESIAN_POINT('',(0.358339083408,14.781798662897));
#455 = CARTESIAN_POINT('',(0.358338830068,14.864384645927));
#456 = CARTESIAN_POINT('',(0.358338704837,14.946971447874));
#457 = CARTESIAN_POINT('',(0.358338780697,15.180218121005));
#458 = CARTESIAN_POINT('',(0.35833933636,15.330921394128));
#459 = CARTESIAN_POINT('',(0.358340547454,15.481603448412));
#460 = CARTESIAN_POINT('',(0.358342321155,15.632266566235));
#461 = CARTESIAN_POINT('',(0.358344238638,15.782929816521));
#462 = CARTESIAN_POINT('',(0.358345784239,15.933612295752));
#463 = CARTESIAN_POINT('',(0.358346618076,16.084316282015));
#464 = CARTESIAN_POINT('',(0.35834662698,16.424452840938));
#465 = CARTESIAN_POINT('',(0.358345319091,16.614056359246));
#466 = CARTESIAN_POINT('',(0.358342465527,16.803588697179));
#467 = CARTESIAN_POINT('',(0.358338379313,16.993069582564));
#468 = CARTESIAN_POINT('',(0.358334201243,17.182550283161));
#469 = CARTESIAN_POINT('',(0.358331174189,17.372082114024));
#470 = CARTESIAN_POINT('',(0.358329824949,17.561685373636));
#471 = CARTESIAN_POINT('',(0.358330319833,17.924301387173));
#472 = CARTESIAN_POINT('',(0.358331898791,18.097526622731));
#473 = CARTESIAN_POINT('',(0.358334766886,18.270707469265));
#474 = CARTESIAN_POINT('',(0.358338450176,18.443853514081));
#475 = CARTESIAN_POINT('',(0.358342050561,18.616999737875));
#476 = CARTESIAN_POINT('',(0.358344743643,18.790180984709));
#477 = CARTESIAN_POINT('',(0.358346217,18.963406689629));
#478 = CARTESIAN_POINT('',(0.358346889206,19.302335242246));
#479 = CARTESIAN_POINT('',(0.35834618234,19.468185902354));
#480 = CARTESIAN_POINT('',(0.358344519136,19.634000850992));
#481 = CARTESIAN_POINT('',(0.358342317326,19.799786902014));
#482 = CARTESIAN_POINT('',(0.358340304131,19.965573160707));
#483 = CARTESIAN_POINT('',(0.358339063988,20.131388788953));
#484 = CARTESIAN_POINT('',(0.358338642282,20.297240287715));
#485 = CARTESIAN_POINT('',(0.358338821046,20.540385021185));
#486 = CARTESIAN_POINT('',(0.358338996159,20.617748374601));
#487 = CARTESIAN_POINT('',(0.358339261828,20.695111127549));
#488 = CARTESIAN_POINT('',(0.358339573685,20.772473126106));
#489 = CARTESIAN_POINT('',(0.358339876249,20.849835211269));
#490 = CARTESIAN_POINT('',(0.358340110763,20.927198214351));
#491 = CARTESIAN_POINT('',(0.358340225303,21.004561952441));
#492 = CARTESIAN_POINT('',(0.358340124715,21.208546499644));
#493 = CARTESIAN_POINT('',(0.358339650746,21.335186372104));
#494 = CARTESIAN_POINT('',(0.358338630564,21.461818816796));
#495 = CARTESIAN_POINT('',(0.358337024056,21.588441742566));
#496 = CARTESIAN_POINT('',(0.358335074407,21.715064548601));
#497 = CARTESIAN_POINT('',(0.358333310186,21.841696660488));
#498 = CARTESIAN_POINT('',(0.358332360771,21.968336045401));
#499 = CARTESIAN_POINT('',(0.358332716851,22.169310128655));
#500 = CARTESIAN_POINT('',(0.358333253737,22.243663799213));
#501 = CARTESIAN_POINT('',(0.358334265818,22.318016834621));
#502 = CARTESIAN_POINT('',(0.358335798888,22.392369047817));
#503 = CARTESIAN_POINT('',(0.358337838588,22.466721124355));
#504 = CARTESIAN_POINT('',(0.358340290744,22.541073796807));
#505 = CARTESIAN_POINT('',(0.358342977957,22.615427017336));
#506 = CARTESIAN_POINT('',(0.358349835678,22.806075634776));
#507 = CARTESIAN_POINT('',(0.358354008249,22.922383633712));
#508 = CARTESIAN_POINT('',(0.358357147035,23.038686993897));
#509 = CARTESIAN_POINT('',(0.3583580973,23.154984711179));
#510 = CARTESIAN_POINT('',(0.358355370599,23.271283201785));
#511 = CARTESIAN_POINT('',(0.35834832919,23.387588569583));
#512 = CARTESIAN_POINT('',(0.358339756965,23.503898847402));
#513 = CARTESIAN_POINT('',(0.358339816886,23.620196212445));
#514 = ( GEOMETRIC_REPRESENTATION_CONTEXT(2) 
PARAMETRIC_REPRESENTATION_CONTEXT() REPRESENTATION_CONTEXT('2D SPACE',''
  ) );
#515 = ORIENTED_EDGE('',*,*,#516,.T.);
#516 = EDGE_CURVE('',#24,#517,#519,.T.);
#517 = VERTEX_POINT('',#518);
#518 = CARTESIAN_POINT('',(12.5,-3.061616997868E-15,30.));
#519 = SEAM_CURVE('',#520,(#524,#531),.PCURVE_S1.);
#520 = LINE('',#521,#522);
#521 = CARTESIAN_POINT('',(12.5,-3.061616997868E-15,0.));
#522 = VECTOR('',#523,1.);
#523 = DIRECTION('',(0.,0.,1.));
#524 = PCURVE('',#32,#525);
#525 = DEFINITIONAL_REPRESENTATION('',(#526),#530);
#526 = LINE('',#527,#528);
#527 = CARTESIAN_POINT('',(6.28318530718,-0.));
#528 = VECTOR('',#529,1.);
#529 = DIRECTION('',(0.,1.));
#530 = ( GEOMETRIC_REPRESENTATION_CONTEXT(2) 
PARAMETRIC_REPRESENTATION_CONTEXT() REPRESENTATION_CONTEXT('2D SPACE',''
  ) );
#531 = PCURVE('',#32,#532);
#532 = DEFINITIONAL_REPRESENTATION('',(#533),#537);
#533 = LINE('',#534,#535);
#534 = CARTESIAN_POINT('',(0.,-0.));
#535 = VECTOR('',#536,1.);
#536 = DIRECTION('',(0.,1.));
#537 = ( GEOMETRIC_REPRESENTATION_CONTEXT(2) 
PARAMETRIC_REPRESENTATION_CONTEXT() REPRESENTATION_CONTEXT('2D SPACE',''
  ) );
#538 = ORIENTED_EDGE('',*,*,#539,.F.);
#539 = EDGE_CURVE('',#517,#517,#540,.T.);
#540 = SURFACE_CURVE('',#541,(#546,#553),.PCURVE_S1.);
#541 = CIRCLE('',#542,12.5);
#542 = AXIS2_PLACEMENT_3D('',#543,#544,#545);
#543 = CARTESIAN_POINT('',(0.,0.,30.));
#544 = DIRECTION('',(0.,0.,1.));
#545 = DIRECTION('',(1.,0.,-0.));
#546 = PCURVE('',#32,#547);
#547 = DEFINITIONAL_REPRESENTATION('',(#548),#552);
#548 = LINE('',#549,#550);
#549 = CARTESIAN_POINT('',(0.,30.));
#550 = VECTOR('',#551,1.);
#551 = DIRECTION('',(1.,0.));
#552 = ( GEOMETRIC_REPRESENTATION_CONTEXT(2) 
PARAMETRIC_REPRESENTATION_CONTEXT() REPRESENTATION_CONTEXT('2D SPACE',''
  ) );
#553 = PCURVE('',#554,#559);
#554 = PLANE('',#555);
#555 = AXIS2_PLACEMENT_3D('',#556,#557,#558);
#556 = CARTESIAN_POINT('',(0.,0.,30.));
#557 = DIRECTION('',(0.,0.,1.));
#558 = DIRECTION('',(1.,0.,-0.));
#559 = DEFINITIONAL_REPRESENTATION('',(#560),#564);
#560 = CIRCLE('',#561,12.5);
#561 = AXIS2_PLACEMENT_2D('',#562,#563);
#562 = CARTESIAN_POINT('',(0.,0.));
#563 = DIRECTION('',(1.,0.));
#564 = ( GEOMETRIC_REPRESENTATION_CONTEXT(2) 
PARAMETRIC_REPRESENTATION_CONTEXT() REPRESENTATION_CONTEXT('2D SPACE',''
  ) );
#565 = ORIENTED_EDGE('',*,*,#516,.F.);
#566 = ADVANCED_FACE('',(#567),#264,.T.);
#567 = FACE_BOUND('',#568,.T.);
#568 = EDGE_LOOP('',(#569,#862,#898,#1196,#1557,#1586));
#569 = ORIENTED_EDGE('',*,*,#570,.F.);
#570 = EDGE_CURVE('',#571,#57,#573,.T.);
#571 = VERTEX_POINT('',#572);
#572 = CARTESIAN_POINT('',(12.5,8.696293421188E-16,6.391941090707));
#573 = SURFACE_CURVE('',#574,(#668,#765),.PCURVE_S1.);
#574 = B_SPLINE_CURVE_WITH_KNOTS('',8,(#575,#576,#577,#578,#579,#580,
    #581,#582,#583,#584,#585,#586,#587,#588,#589,#590,#591,#592,#593,
    #594,#595,#596,#597,#598,#599,#600,#601,#602,#603,#604,#605,#606,
    #607,#608,#609,#610,#611,#612,#613,#614,#615,#616,#617,#618,#619,
    #620,#621,#622,#623,#624,#625,#626,#627,#628,#629,#630,#631,#632,
    #633,#634,#635,#636,#637,#638,#639,#640,#641,#642,#643,#644,#645,
    #646,#647,#648,#649,#650,#651,#652,#653,#654,#655,#656,#657,#658,
    #659,#660,#661,#662,#663,#664,#665,#666,#667),.UNSPECIFIED.,.F.,.F.,
  (9,7,7,7,7,7,7,7,7,7,7,7,7,9),(0.,4.75103984036E-02,0.134759712493,
    0.216459722877,0.275060367891,0.374990384282,0.502572374252,
    0.622346826756,0.732018902784,0.786726969,0.872066319378,
    0.921884912655,0.956559451786,1.),.UNSPECIFIED.);
#575 = CARTESIAN_POINT('',(12.5,1.06581410364E-14,6.391941090707));
#576 = CARTESIAN_POINT('',(12.5,0.466388765181,6.451323450701));
#577 = CARTESIAN_POINT('',(12.480112596021,0.932781106966,6.510718147968
    ));
#578 = CARTESIAN_POINT('',(12.440337258437,1.39818054623,6.570115891702)
  );
#579 = CARTESIAN_POINT('',(12.380734192767,1.86159822168,6.629512003376)
  );
#580 = CARTESIAN_POINT('',(12.301421588379,2.322053103332,6.688904724853
    ));
#581 = CARTESIAN_POINT('',(12.20257473693,2.778572427345,6.748293787316)
  );
#582 = CARTESIAN_POINT('',(12.084427020531,3.23019235224,6.807679241014)
  );
#583 = CARTESIAN_POINT('',(11.695399185858,4.494575840351,6.976109896873
    ));
#584 = CARTESIAN_POINT('',(11.379383178442,5.293593285342,7.085163600536
    ));
#585 = CARTESIAN_POINT('',(11.001050856658,6.066961510525,7.194202844424
    ));
#586 = CARTESIAN_POINT('',(10.562889129513,6.809028945273,7.303233300594
    ));
#587 = CARTESIAN_POINT('',(10.067945926822,7.514492611912,7.412269333393
    ));
#588 = CARTESIAN_POINT('',(9.519792650909,8.1783879714,7.521321228816));
#589 = CARTESIAN_POINT('',(8.922548858943,8.796118112013,7.630385445363)
  );
#590 = CARTESIAN_POINT('',(7.680195779437,9.894837936476,7.841554283046)
  );
#591 = CARTESIAN_POINT('',(7.040394411222,10.382160812087,7.943685753034
    ));
#592 = CARTESIAN_POINT('',(6.3654213996,10.822050912787,8.045814342107)
  );
#593 = CARTESIAN_POINT('',(5.659409460342,11.211582104276,8.147936821574
    ));
#594 = CARTESIAN_POINT('',(4.926727203371,11.548278482085,8.250058010525
    ));
#595 = CARTESIAN_POINT('',(4.171961106422,11.830095471454,8.352183593847
    ));
#596 = CARTESIAN_POINT('',(3.399919955673,12.055445658058,8.454312436043
    ));
#597 = CARTESIAN_POINT('',(2.053139958062,12.34364358851,8.629672699977)
  );
#598 = CARTESIAN_POINT('',(1.484269375526,12.434435807168,8.702918538733
    ));
#599 = CARTESIAN_POINT('',(0.910890147765,12.495248907675,8.776162848514
    ));
#600 = CARTESIAN_POINT('',(0.334848604538,12.525831773387,8.849405643445
    ));
#601 = CARTESIAN_POINT('',(-0.242004186211,12.526068828949,
    8.922648451557));
#602 = CARTESIAN_POINT('',(-0.817813654482,12.495976577271,
    8.995892771957));
#603 = CARTESIAN_POINT('',(-1.39072275097,12.435707113402,9.069138547981
    ));
#604 = CARTESIAN_POINT('',(-2.927722832067,12.191830940661,
    9.267283755019));
#605 = CARTESIAN_POINT('',(-3.883029233846,11.951168917867,
    9.392218079753));
#606 = CARTESIAN_POINT('',(-4.815319451537,11.625001490096,
    9.517138555146));
#607 = CARTESIAN_POINT('',(-5.715689591757,11.216010776418,
    9.642046344045));
#608 = CARTESIAN_POINT('',(-6.575735666369,10.727891687902,
    9.766954641159));
#609 = CARTESIAN_POINT('',(-7.38752938658,10.165272389878,9.891876310802
    ));
#610 = CARTESIAN_POINT('',(-8.143668184805,9.533780526008,10.01681167178
    ));
#611 = CARTESIAN_POINT('',(-9.723163146382,7.954787796855,
    10.301175588871));
#612 = CARTESIAN_POINT('',(-10.50809873446,6.96732092152,10.460740234007
    ));
#613 = CARTESIAN_POINT('',(-11.17752881455,5.892070332863,10.62024081229
    ));
#614 = CARTESIAN_POINT('',(-11.72045943577,4.74506212102,10.779694432085
    ));
#615 = CARTESIAN_POINT('',(-12.12839463427,3.54340046633,10.939147526781
    ));
#616 = CARTESIAN_POINT('',(-12.3955385066,2.305282881095,11.098647008807
    ));
#617 = CARTESIAN_POINT('',(-12.51863907131,1.04986937812,11.258211136925
    ));
#618 = CARTESIAN_POINT('',(-12.47932487836,-1.378004345984,
    11.567379553923));
#619 = CARTESIAN_POINT('',(-12.33389982079,-2.552187457882,
    11.717167234583));
#620 = CARTESIAN_POINT('',(-12.06213012869,-3.708135772259,
    11.866917971721));
#621 = CARTESIAN_POINT('',(-11.66699075185,-4.830069756133,
    12.016639596511));
#622 = CARTESIAN_POINT('',(-11.15347062065,-5.902994762711,
    12.166360912881));
#623 = CARTESIAN_POINT('',(-10.52863957794,-6.912777613846,
    12.316110971445));
#624 = CARTESIAN_POINT('',(-9.801546820505,-7.846153560464,
    12.465898189617));
#625 = CARTESIAN_POINT('',(-8.235475436472,-9.464989178544,
    12.752681712809));
#626 = CARTESIAN_POINT('',(-7.410481573161,-10.16536521664,
    12.889805599875));
#627 = CARTESIAN_POINT('',(-6.517833759729,-10.7830693462,
    13.026899659173));
#628 = CARTESIAN_POINT('',(-5.567332464098,-11.31066073162,
    13.163969885783));
#629 = CARTESIAN_POINT('',(-4.569492283,-11.74208243906,13.301040934681)
  );
#630 = CARTESIAN_POINT('',(-3.535525808976,-12.07269593856,
    13.438136928128));
#631 = CARTESIAN_POINT('',(-2.477307983962,-12.2992682891,
    13.575262681201));
#632 = CARTESIAN_POINT('',(-0.873935732111,-12.480971488,13.780717100307
    ));
#633 = CARTESIAN_POINT('',(-0.337328446513,-12.51524487861,
    13.849097435942));
#634 = CARTESIAN_POINT('',(0.200741791742,-12.52314391572,
    13.917477528807));
#635 = CARTESIAN_POINT('',(0.738760933326,-12.50460428743,
    13.985857007798));
#636 = CARTESIAN_POINT('',(1.275220311666,-12.45966466521,
    14.054236506061));
#637 = CARTESIAN_POINT('',(1.808617262577,-12.38846431845,14.12261664363
    ));
#638 = CARTESIAN_POINT('',(2.337456009399,-12.29124536479,
    14.190997021786));
#639 = CARTESIAN_POINT('',(3.675755582203,-11.97666970517,
    14.366038692087));
#640 = CARTESIAN_POINT('',(4.476691387913,-11.72249146971,14.47271499408
    ));
#641 = CARTESIAN_POINT('',(5.257302326644,-11.40714777113,
    14.579383066481));
#642 = CARTESIAN_POINT('',(6.012152518734,-11.03258671595,
    14.686041164059));
#643 = CARTESIAN_POINT('',(6.736086332104,-10.60129195478,
    14.792698045348));
#644 = CARTESIAN_POINT('',(7.424221675331,-10.11624963818,
    14.899363482881));
#645 = CARTESIAN_POINT('',(8.071974360648,-9.580972069137,
    15.006038103292));
#646 = CARTESIAN_POINT('',(9.027208381482,-8.660177390017,
    15.174970116496));
#647 = CARTESIAN_POINT('',(9.364133281904,-8.305028336602,
    15.237240090333));
#648 = CARTESIAN_POINT('',(9.685057819552,-7.934929733963,
    15.299511273267));
#649 = CARTESIAN_POINT('',(9.989210906135,-7.550726330455,
    15.361783701509));
#650 = CARTESIAN_POINT('',(10.275877879264,-7.153305975401,
    15.424057867907));
#651 = CARTESIAN_POINT('',(10.544399700377,-6.743598421097,
    15.486333993853));
#652 = CARTESIAN_POINT('',(10.794174255005,-6.322575732469,
    15.548611358244));
#653 = CARTESIAN_POINT('',(11.185081356514,-5.591047679623,
    15.654233003643));
#654 = CARTESIAN_POINT('',(11.336160870605,-5.285847598035,
    15.697578373385));
#655 = CARTESIAN_POINT('',(11.47771629159,-4.975994799656,
    15.740923427846));
#656 = CARTESIAN_POINT('',(11.609581136528,-4.66183635419,15.7842678105)
  );
#657 = CARTESIAN_POINT('',(11.731604445586,-4.343725660989,
    15.827611173147));
#658 = CARTESIAN_POINT('',(11.843650782028,-4.022022449054,
    15.870953175913));
#659 = CARTESIAN_POINT('',(11.945600232221,-3.697092777032,
    15.914293487249));
#660 = CARTESIAN_POINT('',(12.152291272956,-2.958658859241,
    16.011926358966));
#661 = CARTESIAN_POINT('',(12.251224961569,-2.543521499604,
    16.066218650028));
#662 = CARTESIAN_POINT('',(12.333944013576,-2.124631242722,
    16.120507673619));
#663 = CARTESIAN_POINT('',(12.400283949855,-1.702728399491,
    16.174793301951));
#664 = CARTESIAN_POINT('',(12.450121319835,-1.278559157432,
    16.229076473852));
#665 = CARTESIAN_POINT('',(12.483373751282,-0.852875434842,
    16.283359405664));
#666 = CARTESIAN_POINT('',(12.500000000077,-0.426434734937,
    16.337645802141));
#667 = CARTESIAN_POINT('',(12.5,-8.881784197001E-15,16.391941067353));
#668 = PCURVE('',#264,#669);
#669 = DEFINITIONAL_REPRESENTATION('',(#670),#764);
#670 = B_SPLINE_CURVE_WITH_KNOTS('',8,(#671,#672,#673,#674,#675,#676,
    #677,#678,#679,#680,#681,#682,#683,#684,#685,#686,#687,#688,#689,
    #690,#691,#692,#693,#694,#695,#696,#697,#698,#699,#700,#701,#702,
    #703,#704,#705,#706,#707,#708,#709,#710,#711,#712,#713,#714,#715,
    #716,#717,#718,#719,#720,#721,#722,#723,#724,#725,#726,#727,#728,
    #729,#730,#731,#732,#733,#734,#735,#736,#737,#738,#739,#740,#741,
    #742,#743,#744,#745,#746,#747,#748,#749,#750,#751,#752,#753,#754,
    #755,#756,#757,#758,#759,#760,#761,#762,#763),.UNSPECIFIED.,.F.,.F.,
  (9,7,7,7,7,7,7,7,7,7,7,7,7,9),(0.,4.75103984036E-02,0.134759712493,
    0.216459722877,0.275060367891,0.374990384282,0.502572374252,
    0.622346826756,0.732018902784,0.786726969,0.872066319378,
    0.921884912655,0.956559451786,1.),.UNSPECIFIED.);
#671 = CARTESIAN_POINT('',(0.358339547124,0.));
#672 = CARTESIAN_POINT('',(0.358339584861,7.013114981256E-02));
#673 = CARTESIAN_POINT('',(0.358342750843,0.140263003542));
#674 = CARTESIAN_POINT('',(0.358346804396,0.210394498681));
#675 = CARTESIAN_POINT('',(0.358350500889,0.280525617338));
#676 = CARTESIAN_POINT('',(0.358353257034,0.350656867117));
#677 = CARTESIAN_POINT('',(0.358354893286,0.420788729331));
#678 = CARTESIAN_POINT('',(0.358355453359,0.490921074524));
#679 = CARTESIAN_POINT('',(0.358354453503,0.689843776907));
#680 = CARTESIAN_POINT('',(0.358350689478,0.818653897188));
#681 = CARTESIAN_POINT('',(0.358344988521,0.947455497054));
#682 = CARTESIAN_POINT('',(0.358339361978,1.07624639744));
#683 = CARTESIAN_POINT('',(0.35833527631,1.205037084698));
#684 = CARTESIAN_POINT('',(0.35833308875,1.333838125399));
#685 = CARTESIAN_POINT('',(0.3583322951,1.462647560575));
#686 = CARTESIAN_POINT('',(0.358332865522,1.71203754341));
#687 = CARTESIAN_POINT('',(0.358334067168,1.832650517609));
#688 = CARTESIAN_POINT('',(0.358335817276,1.953257662309));
#689 = CARTESIAN_POINT('',(0.358337595333,2.073857462074));
#690 = CARTESIAN_POINT('',(0.35833899646,2.194457396422));
#691 = CARTESIAN_POINT('',(0.358339853387,2.315064919053));
#692 = CARTESIAN_POINT('',(0.3583402216,2.435678445589));
#693 = CARTESIAN_POINT('',(0.358340232007,2.642780568659));
#694 = CARTESIAN_POINT('',(0.358340051258,2.729285410644));
#695 = CARTESIAN_POINT('',(0.358339734707,2.815789046475));
#696 = CARTESIAN_POINT('',(0.358339360613,2.902291147873));
#697 = CARTESIAN_POINT('',(0.358339013477,2.988793146844));
#698 = CARTESIAN_POINT('',(0.358338766828,3.075296489588));
#699 = CARTESIAN_POINT('',(0.358338671483,3.161800885055));
#700 = CARTESIAN_POINT('',(0.358338882037,3.395811378614));
#701 = CARTESIAN_POINT('',(0.358339518858,3.543357228836));
#702 = CARTESIAN_POINT('',(0.358340771888,3.690884007947));
#703 = CARTESIAN_POINT('',(0.358342524798,3.838393602431));
#704 = CARTESIAN_POINT('',(0.358344376652,3.985903364092));
#705 = CARTESIAN_POINT('',(0.358345850715,4.133430588667));
#706 = CARTESIAN_POINT('',(0.358346635076,4.280977027836));
#707 = CARTESIAN_POINT('',(0.358346605111,4.616813766744));
#708 = CARTESIAN_POINT('',(0.358345288052,4.805267007525));
#709 = CARTESIAN_POINT('',(0.35834244859,4.993651300244));
#710 = CARTESIAN_POINT('',(0.358338399718,5.181985465873));
#711 = CARTESIAN_POINT('',(0.358334256282,5.370319420477));
#712 = CARTESIAN_POINT('',(0.358331234659,5.558703199815));
#713 = CARTESIAN_POINT('',(0.35832986065,5.747156049503));
#714 = CARTESIAN_POINT('',(0.358330279141,6.112285102309));
#715 = CARTESIAN_POINT('',(0.358331883078,6.289178725384));
#716 = CARTESIAN_POINT('',(0.358334840318,6.466022745829));
#717 = CARTESIAN_POINT('',(0.358338646227,6.642828642985));
#718 = CARTESIAN_POINT('',(0.358342326694,6.819634737141));
#719 = CARTESIAN_POINT('',(0.358345005544,6.996479205569));
#720 = CARTESIAN_POINT('',(0.358346385224,7.173373301286));
#721 = CARTESIAN_POINT('',(0.358346793249,7.512065684439));
#722 = CARTESIAN_POINT('',(0.358346010338,7.674013813767));
#723 = CARTESIAN_POINT('',(0.358344351759,7.835930582715));
#724 = CARTESIAN_POINT('',(0.358342223664,7.997821275699));
#725 = CARTESIAN_POINT('',(0.358340293873,8.159712059363));
#726 = CARTESIAN_POINT('',(0.358339090282,8.32162908967));
#727 = CARTESIAN_POINT('',(0.3583386612,8.483577839764));
#728 = CARTESIAN_POINT('',(0.358338808048,8.726220861299));
#729 = CARTESIAN_POINT('',(0.358338987906,8.806977908105));
#730 = CARTESIAN_POINT('',(0.358339268435,8.887734222436));
#731 = CARTESIAN_POINT('',(0.358339599118,8.968489589312));
#732 = CARTESIAN_POINT('',(0.35833991616,9.049245038487));
#733 = CARTESIAN_POINT('',(0.35834015225,9.130001599835));
#734 = CARTESIAN_POINT('',(0.358340249144,9.210759060072));
#735 = CARTESIAN_POINT('',(0.358340054436,9.417485827183));
#736 = CARTESIAN_POINT('',(0.358339512699,9.543473966155));
#737 = CARTESIAN_POINT('',(0.358338426621,9.669454792507));
#738 = CARTESIAN_POINT('',(0.358336779203,9.795426322003));
#739 = CARTESIAN_POINT('',(0.358334833456,9.921397738634));
#740 = CARTESIAN_POINT('',(0.358333125661,10.047378216355));
#741 = CARTESIAN_POINT('',(0.35833227616,10.173365755342));
#742 = CARTESIAN_POINT('',(0.358332817019,10.372873761691));
#743 = CARTESIAN_POINT('',(0.358333422779,10.446412549213));
#744 = CARTESIAN_POINT('',(0.358334498953,10.519950688529));
#745 = CARTESIAN_POINT('',(0.358336084141,10.593488051459));
#746 = CARTESIAN_POINT('',(0.35833815747,10.667025311627));
#747 = CARTESIAN_POINT('',(0.358340620534,10.740563164407));
#748 = CARTESIAN_POINT('',(0.358343295348,10.814101543641));
#749 = CARTESIAN_POINT('',(0.35834777785,10.93882196821));
#750 = CARTESIAN_POINT('',(0.358349614805,10.990005170807));
#751 = CARTESIAN_POINT('',(0.35835134478,11.041188472801));
#752 = CARTESIAN_POINT('',(0.358352869569,11.092371886876));
#753 = CARTESIAN_POINT('',(0.35835409715,11.143555408495));
#754 = CARTESIAN_POINT('',(0.358354941685,11.194739015902));
#755 = CARTESIAN_POINT('',(0.358355323523,11.245922670118));
#756 = CARTESIAN_POINT('',(0.358354975851,11.361229606753));
#757 = CARTESIAN_POINT('',(0.358353972858,11.425353856532));
#758 = CARTESIAN_POINT('',(0.358352073497,11.489478106691));
#759 = CARTESIAN_POINT('',(0.358349291613,11.553602176837));
#760 = CARTESIAN_POINT('',(0.35834586152,11.617726268094));
#761 = CARTESIAN_POINT('',(0.358342357908,11.681850567415));
#762 = CARTESIAN_POINT('',(0.358339815747,11.745974851901));
#763 = CARTESIAN_POINT('',(0.358339850195,11.810098093111));
#764 = ( GEOMETRIC_REPRESENTATION_CONTEXT(2) 
PARAMETRIC_REPRESENTATION_CONTEXT() REPRESENTATION_CONTEXT('2D SPACE',''
  ) );
#765 = PCURVE('',#72,#766);
#766 = DEFINITIONAL_REPRESENTATION('',(#767),#861);
#767 = B_SPLINE_CURVE_WITH_KNOTS('',8,(#768,#769,#770,#771,#772,#773,
    #774,#775,#776,#777,#778,#779,#780,#781,#782,#783,#784,#785,#786,
    #787,#788,#789,#790,#791,#792,#793,#794,#795,#796,#797,#798,#799,
    #800,#801,#802,#803,#804,#805,#806,#807,#808,#809,#810,#811,#812,
    #813,#814,#815,#816,#817,#818,#819,#820,#821,#822,#823,#824,#825,
    #826,#827,#828,#829,#830,#831,#832,#833,#834,#835,#836,#837,#838,
    #839,#840,#841,#842,#843,#844,#845,#846,#847,#848,#849,#850,#851,
    #852,#853,#854,#855,#856,#857,#858,#859,#860),.UNSPECIFIED.,.F.,.F.,
  (9,7,7,7,7,7,7,7,7,7,7,7,7,9),(0.,4.75103984036E-02,0.134759712493,
    0.216459722877,0.275060367891,0.374990384282,0.502572374252,
    0.622346826756,0.732018902784,0.786726969,0.872066319378,
    0.921884912655,0.956559451786,1.),.UNSPECIFIED.);
#768 = CARTESIAN_POINT('',(0.,6.391941090707));
#769 = CARTESIAN_POINT('',(3.731110121444E-02,6.451323450701));
#770 = CARTESIAN_POINT('',(7.462248603554E-02,6.510718147968));
#771 = CARTESIAN_POINT('',(0.111933596625,6.570115891702));
#772 = CARTESIAN_POINT('',(0.149244458424,6.629512003376));
#773 = CARTESIAN_POINT('',(0.186555380989,6.688904724853));
#774 = CARTESIAN_POINT('',(0.223866650924,6.748293787316));
#775 = CARTESIAN_POINT('',(0.261178216893,6.807679241014));
#776 = CARTESIAN_POINT('',(0.367008519129,6.976109896873));
#777 = CARTESIAN_POINT('',(0.435537883343,7.085163600536));
#778 = CARTESIAN_POINT('',(0.504062943674,7.194202844424));
#779 = CARTESIAN_POINT('',(0.572582462274,7.303233300594));
#780 = CARTESIAN_POINT('',(0.641101890241,7.412269333393));
#781 = CARTESIAN_POINT('',(0.709626737528,7.521321228816));
#782 = CARTESIAN_POINT('',(0.778155901624,7.630385445363));
#783 = CARTESIAN_POINT('',(0.910836002361,7.841554283046));
#784 = CARTESIAN_POINT('',(0.975004208961,7.943685753034));
#785 = CARTESIAN_POINT('',(1.039169169758,8.045814342107));
#786 = CARTESIAN_POINT('',(1.103330111613,8.147936821574));
#787 = CARTESIAN_POINT('',(1.167491069545,8.250058010525));
#788 = CARTESIAN_POINT('',(1.231656069728,8.352183593847));
#789 = CARTESIAN_POINT('',(1.295824319229,8.454312436043));
#790 = CARTESIAN_POINT('',(1.406005970234,8.629672699977));
#791 = CARTESIAN_POINT('',(1.452027975432,8.702918538733));
#792 = CARTESIAN_POINT('',(1.498049391184,8.776162848514));
#793 = CARTESIAN_POINT('',(1.544070047839,8.849405643445));
#794 = CARTESIAN_POINT('',(1.590090706416,8.922648451557));
#795 = CARTESIAN_POINT('',(1.636112130155,8.995892771957));
#796 = CARTESIAN_POINT('',(1.682134154206,9.069138547981));
#797 = CARTESIAN_POINT('',(1.806632374901,9.267283755019));
#798 = CARTESIAN_POINT('',(1.885129775373,9.392218079753));
#799 = CARTESIAN_POINT('',(1.963617057196,9.517138555146));
#800 = CARTESIAN_POINT('',(2.042095151023,9.642046344045));
#801 = CARTESIAN_POINT('',(2.120573233434,9.766954641159));
#802 = CARTESIAN_POINT('',(2.199060487159,9.891876310802));
#803 = CARTESIAN_POINT('',(2.277557860153,10.01681167178));
#804 = CARTESIAN_POINT('',(2.456228907565,10.301175588871));
#805 = CARTESIAN_POINT('',(2.556489222863,10.460740234007));
#806 = CARTESIAN_POINT('',(2.656712796887,10.62024081229));
#807 = CARTESIAN_POINT('',(2.756909744531,10.779694432085));
#808 = CARTESIAN_POINT('',(2.857106709491,10.939147526781));
#809 = CARTESIAN_POINT('',(2.957330294636,11.098647008807));
#810 = CARTESIAN_POINT('',(3.057590677603,11.258211136925));
#811 = CARTESIAN_POINT('',(3.251846038214,11.567379553923));
#812 = CARTESIAN_POINT('',(3.345956688057,11.717167234583));
#813 = CARTESIAN_POINT('',(3.440040894902,11.866917971721));
#814 = CARTESIAN_POINT('',(3.534104721268,12.016639596511));
#815 = CARTESIAN_POINT('',(3.62816854794,12.166360912881));
#816 = CARTESIAN_POINT('',(3.722252753747,12.316110971445));
#817 = CARTESIAN_POINT('',(3.816363406975,12.465898189617));
#818 = CARTESIAN_POINT('',(3.99655367687,12.752681712809));
#819 = CARTESIAN_POINT('',(4.082712996086,12.889805599875));
#820 = CARTESIAN_POINT('',(4.168855755407,13.026899659173));
#821 = CARTESIAN_POINT('',(4.254984788322,13.163969885783));
#822 = CARTESIAN_POINT('',(4.341113993628,13.301040934681));
#823 = CARTESIAN_POINT('',(4.427257199744,13.438136928128));
#824 = CARTESIAN_POINT('',(4.513417219954,13.575262681201));
#825 = CARTESIAN_POINT('',(4.642508037735,13.780717100307));
#826 = CARTESIAN_POINT('',(4.685472329135,13.849097435942));
#827 = CARTESIAN_POINT('',(4.72843619076,13.917477528807));
#828 = CARTESIAN_POINT('',(4.771399501777,13.985857007798));
#829 = CARTESIAN_POINT('',(4.814362806961,14.054236506061));
#830 = CARTESIAN_POINT('',(4.857326655431,14.12261664363));
#831 = CARTESIAN_POINT('',(4.900290939348,14.190997021786));
#832 = CARTESIAN_POINT('',(5.010272860545,14.366038692087));
#833 = CARTESIAN_POINT('',(5.077300469667,14.47271499408));
#834 = CARTESIAN_POINT('',(5.144324140674,14.579383066481));
#835 = CARTESIAN_POINT('',(5.211342879964,14.686041164059));
#836 = CARTESIAN_POINT('',(5.278361643923,14.792698045348));
#837 = CARTESIAN_POINT('',(5.345385371099,14.899363482881));
#838 = CARTESIAN_POINT('',(5.41241302226,15.006038103292));
#839 = CARTESIAN_POINT('',(5.518555111952,15.174970116496));
#840 = CARTESIAN_POINT('',(5.557679206194,15.237240090333));
#841 = CARTESIAN_POINT('',(5.596802998007,15.299511273267));
#842 = CARTESIAN_POINT('',(5.635926409164,15.361783701509));
#843 = CARTESIAN_POINT('',(5.675049782948,15.424057867907));
#844 = CARTESIAN_POINT('',(5.714173470634,15.486333993853));
#845 = CARTESIAN_POINT('',(5.753297417753,15.548611358244));
#846 = CARTESIAN_POINT('',(5.819651216335,15.654233003643));
#847 = CARTESIAN_POINT('',(5.846881702636,15.697578373385));
#848 = CARTESIAN_POINT('',(5.874112218547,15.740923427846));
#849 = CARTESIAN_POINT('',(5.90134276654,15.7842678105));
#850 = CARTESIAN_POINT('',(5.928573342059,15.827611173147));
#851 = CARTESIAN_POINT('',(5.955803933521,15.870953175913));
#852 = CARTESIAN_POINT('',(5.983034522313,15.914293487249));
#853 = CARTESIAN_POINT('',(6.044379753248,16.011926358966));
#854 = CARTESIAN_POINT('',(6.07849489864,16.066218650028));
#855 = CARTESIAN_POINT('',(6.112610016207,16.120507673619));
#856 = CARTESIAN_POINT('',(6.146725029638,16.174793301951));
#857 = CARTESIAN_POINT('',(6.180840072391,16.229076473852));
#858 = CARTESIAN_POINT('',(6.214955270998,16.283359405664));
#859 = CARTESIAN_POINT('',(6.249070528385,16.337645802141));
#860 = CARTESIAN_POINT('',(6.28318530718,16.391941067353));
#861 = ( GEOMETRIC_REPRESENTATION_CONTEXT(2) 
PARAMETRIC_REPRESENTATION_CONTEXT() REPRESENTATION_CONTEXT('2D SPACE',''
  ) );
#862 = ORIENTED_EDGE('',*,*,#863,.T.);
#863 = EDGE_CURVE('',#571,#864,#866,.T.);
#864 = VERTEX_POINT('',#865);
#865 = CARTESIAN_POINT('',(5.,-1.627322239368E-15,6.391941090707));
#866 = SURFACE_CURVE('',#867,(#875,#882),.PCURVE_S1.);
#867 = ( BOUNDED_CURVE() B_SPLINE_CURVE(6,(#868,#869,#870,#871,#872,#873
,#874),.UNSPECIFIED.,.T.,.F.) B_SPLINE_CURVE_WITH_KNOTS((1,6,6,1),(
    -6.28318530718,0.,6.28318530718,12.566370614359),.UNSPECIFIED.) 
CURVE() GEOMETRIC_REPRESENTATION_ITEM() RATIONAL_B_SPLINE_CURVE((
    1.669078461068,1.03672962321,1.038346699848,0.853534330196,
1.038346699848,1.03672962321,1.669078461068)) REPRESENTATION_ITEM('') );
#868 = CARTESIAN_POINT('',(12.75,6.064593272015E-15,5.));
#869 = CARTESIAN_POINT('',(12.75,3.330669073875E-16,11.646172302284));
#870 = CARTESIAN_POINT('',(4.531807237807,-2.366162821232E-15,
    12.600449532982));
#871 = CARTESIAN_POINT('',(-2.246467684034,2.012279232133E-16,5.));
#872 = CARTESIAN_POINT('',(4.531807237807,-7.868705687031E-15,
    -2.600449532982));
#873 = CARTESIAN_POINT('',(12.75,-6.022959908591E-15,-1.646172302284));
#874 = CARTESIAN_POINT('',(12.75,6.064593272015E-15,5.));
#875 = PCURVE('',#264,#876);
#876 = DEFINITIONAL_REPRESENTATION('',(#877),#881);
#877 = LINE('',#878,#879);
#878 = CARTESIAN_POINT('',(0.,0.));
#879 = VECTOR('',#880,1.);
#880 = DIRECTION('',(1.,0.));
#881 = ( GEOMETRIC_REPRESENTATION_CONTEXT(2) 
PARAMETRIC_REPRESENTATION_CONTEXT() REPRESENTATION_CONTEXT('2D SPACE',''
  ) );
#882 = PCURVE('',#883,#888);
#883 = PLANE('',#884);
#884 = AXIS2_PLACEMENT_3D('',#885,#886,#887);
#885 = CARTESIAN_POINT('',(8.750633692939,2.035501861133E-16,5.));
#886 = DIRECTION('',(9.649572120899E-16,-1.,4.265105197275E-16));
#887 = DIRECTION('',(-1.,-9.649572120899E-16,0.));
#888 = DEFINITIONAL_REPRESENTATION('',(#889),#897);
#889 = ( BOUNDED_CURVE() B_SPLINE_CURVE(6,(#890,#891,#892,#893,#894,#895
,#896),.UNSPECIFIED.,.T.,.F.) B_SPLINE_CURVE_WITH_KNOTS((1,6,6,1),(
    -6.28318530718,0.,6.28318530718,12.566370614359),.UNSPECIFIED.) 
CURVE() GEOMETRIC_REPRESENTATION_ITEM() RATIONAL_B_SPLINE_CURVE((
    1.669078461068,1.03672962321,1.038346699848,0.853534330196,
1.038346699848,1.03672962321,1.669078461068)) REPRESENTATION_ITEM('') );
#890 = CARTESIAN_POINT('',(-3.999366307061,-7.993605777301E-15));
#891 = CARTESIAN_POINT('',(-3.999366307061,-6.646172302284));
#892 = CARTESIAN_POINT('',(4.218826455132,-7.600449532982));
#893 = CARTESIAN_POINT('',(10.997101376973,-2.39808173319E-14));
#894 = CARTESIAN_POINT('',(4.218826455132,7.600449532982));
#895 = CARTESIAN_POINT('',(-3.999366307061,6.646172302284));
#896 = CARTESIAN_POINT('',(-3.999366307061,-7.993605777301E-15));
#897 = ( GEOMETRIC_REPRESENTATION_CONTEXT(2) 
PARAMETRIC_REPRESENTATION_CONTEXT() REPRESENTATION_CONTEXT('2D SPACE',''
  ) );
#898 = ORIENTED_EDGE('',*,*,#899,.T.);
#899 = EDGE_CURVE('',#864,#900,#902,.T.);
#900 = VERTEX_POINT('',#901);
#901 = CARTESIAN_POINT('',(5.,-1.224646799147E-15,16.391941149096));
#902 = SURFACE_CURVE('',#903,(#997,#1094),.PCURVE_S1.);
#903 = B_SPLINE_CURVE_WITH_KNOTS('',8,(#904,#905,#906,#907,#908,#909,
    #910,#911,#912,#913,#914,#915,#916,#917,#918,#919,#920,#921,#922,
    #923,#924,#925,#926,#927,#928,#929,#930,#931,#932,#933,#934,#935,
    #936,#937,#938,#939,#940,#941,#942,#943,#944,#945,#946,#947,#948,
    #949,#950,#951,#952,#953,#954,#955,#956,#957,#958,#959,#960,#961,
    #962,#963,#964,#965,#966,#967,#968,#969,#970,#971,#972,#973,#974,
    #975,#976,#977,#978,#979,#980,#981,#982,#983,#984,#985,#986,#987,
    #988,#989,#990,#991,#992,#993,#994,#995,#996),.UNSPECIFIED.,.F.,.F.,
  (9,7,7,7,7,7,7,7,7,7,7,7,7,9),(0.,5.303919872871E-02,0.133043669977,
    0.223538143514,0.265991329943,0.375239504422,0.496311996349,
    0.62963234398,0.736798212583,0.781445033347,0.864423201292,
    0.917968859846,0.962007098658,1.),.UNSPECIFIED.);
#904 = CARTESIAN_POINT('',(5.,2.6645352591E-15,6.391941090708));
#905 = CARTESIAN_POINT('',(5.,0.208268025575,6.458235141692));
#906 = CARTESIAN_POINT('',(4.990085305165,0.416541763763,6.524525509137)
  );
#907 = CARTESIAN_POINT('',(4.970255856034,0.624264047044,6.59081435209)
  );
#908 = CARTESIAN_POINT('',(4.940548444872,0.830882813519,6.657103540922)
  );
#909 = CARTESIAN_POINT('',(4.901036431017,1.035851805537,6.723394415494)
  );
#910 = CARTESIAN_POINT('',(4.851829456234,1.238631268317,6.789687543332)
  );
#911 = CARTESIAN_POINT('',(4.793073160066,1.438688648575,6.855982477793)
  );
#912 = CARTESIAN_POINT('',(4.622190069229,1.932369003338,7.022277132081)
  );
#913 = CARTESIAN_POINT('',(4.498106225319,2.221882906062,7.12228733115)
  );
#914 = CARTESIAN_POINT('',(4.353322323986,2.502217988644,7.2222952421));
#915 = CARTESIAN_POINT('',(4.188643697877,2.771652922156,7.322298357183)
  );
#916 = CARTESIAN_POINT('',(4.005036286737,3.028563407432,7.422300047739)
  );
#917 = CARTESIAN_POINT('',(3.803617398204,3.271424801832,7.522304539821)
  );
#918 = CARTESIAN_POINT('',(3.58565699444,3.49882202677,7.622311349951));
#919 = CARTESIAN_POINT('',(3.088962741402,3.947730737711,7.835418497737)
  );
#920 = CARTESIAN_POINT('',(2.805949578729,4.164613454917,7.948540782284)
  );
#921 = CARTESIAN_POINT('',(2.505622586405,4.358224981104,8.06165571142)
  );
#922 = CARTESIAN_POINT('',(2.190231197402,4.526974041233,8.174762613058)
  );
#923 = CARTESIAN_POINT('',(1.862170968564,4.669538632823,8.287870356797)
  );
#924 = CARTESIAN_POINT('',(1.523965052371,4.784860481307,8.400987323422)
  );
#925 = CARTESIAN_POINT('',(1.178257879716,4.872163329638,8.514111453383)
  );
#926 = CARTESIAN_POINT('',(0.663422507287,4.958594476924,8.680282554915)
  );
#927 = CARTESIAN_POINT('',(0.497971254016,4.979929986829,8.733345138498)
  );
#928 = CARTESIAN_POINT('',(0.331747254892,4.994954654069,8.786407603864)
  );
#929 = CARTESIAN_POINT('',(0.165031578083,5.003636580915,8.839469875201)
  );
#930 = CARTESIAN_POINT('',(-1.893901982804E-03,5.00595892237,
    8.892532100365));
#931 = CARTESIAN_POINT('',(-0.168746805502,5.001919898812,8.945594429219
    ));
#932 = CARTESIAN_POINT('',(-0.335244548184,4.991532808644,8.998656791976
    ));
#933 = CARTESIAN_POINT('',(-0.927925665658,4.931833181596,9.188267064604
    ));
#934 = CARTESIAN_POINT('',(-1.350650548279,4.846977025426,9.324852791873
    ));
#935 = CARTESIAN_POINT('',(-1.76430876158,4.720718598812,9.46141829255)
  );
#936 = CARTESIAN_POINT('',(-2.164177145073,4.554250531061,9.597965049428
    ));
#937 = CARTESIAN_POINT('',(-2.545787345958,4.349360422146,9.734511695003
    ));
#938 = CARTESIAN_POINT('',(-2.904931386136,4.108383710828,9.871077020349
    ));
#939 = CARTESIAN_POINT('',(-3.237701600768,3.834229068743,
    10.007662877813));
#940 = CARTESIAN_POINT('',(-3.876284681915,3.193811548777,
    10.295540239138));
#941 = CARTESIAN_POINT('',(-4.175525375616,2.820546230645,
    10.446933365981));
#942 = CARTESIAN_POINT('',(-4.433435162584,2.415464442995,
    10.598295304865));
#943 = CARTESIAN_POINT('',(-4.6461582257,1.983982975349,10.749629814995)
  );
#944 = CARTESIAN_POINT('',(-4.81071643168,1.531934403502,10.900964428599
    ));
#945 = CARTESIAN_POINT('',(-4.924956417843,1.065503413014,
    11.052326616922));
#946 = CARTESIAN_POINT('',(-4.987632016305,0.591220988025,
    11.203719985078));
#947 = CARTESIAN_POINT('',(-5.010794461889,-0.407425136466,
    11.521685262215));
#948 = CARTESIAN_POINT('',(-4.96031605356,-0.932563246485,
    11.688422138126));
#949 = CARTESIAN_POINT('',(-4.846871802474,-1.450239140437,
    11.855101308626));
#950 = CARTESIAN_POINT('',(-4.671918356265,-1.95167356668,
    12.021735133051));
#951 = CARTESIAN_POINT('',(-4.438185404675,-2.428553000892,
    12.188369388095));
#952 = CARTESIAN_POINT('',(-4.149668301263,-2.873093056751,
    12.355049435695));
#953 = CARTESIAN_POINT('',(-3.811587743097,-3.278086994249,
    12.521787046278));
#954 = CARTESIAN_POINT('',(-3.124644451798,-3.926025036533,
    12.822369596878));
#955 = CARTESIAN_POINT('',(-2.790677166704,-4.185390888081,
    12.956351307321));
#956 = CARTESIAN_POINT('',(-2.43225810464,-4.412133656252,
    13.090316378497));
#957 = CARTESIAN_POINT('',(-2.053147812153,-4.603612033409,
    13.224265302708));
#958 = CARTESIAN_POINT('',(-1.657371678402,-4.757722448193,
    13.358213749359));
#959 = CARTESIAN_POINT('',(-1.249184440279,-4.872875492068,
    13.492177717841));
#960 = CARTESIAN_POINT('',(-0.833064062171,-4.948038031216,
    13.626158469159));
#961 = CARTESIAN_POINT('',(-0.238991020446,-4.997361096085,
    13.815908025104));
#962 = CARTESIAN_POINT('',(-6.369648999331E-02,-5.004865653502,
    13.871712148297));
#963 = CARTESIAN_POINT('',(0.111851525754,-5.005342015272,
    13.927516080148));
#964 = CARTESIAN_POINT('',(0.287324043475,-4.998781366377,
    13.983319812885));
#965 = CARTESIAN_POINT('',(0.462392702655,-4.9851933275,14.039123618794)
  );
#966 = CARTESIAN_POINT('',(0.63673015548,-4.964605946561,14.09492775409)
  );
#967 = CARTESIAN_POINT('',(0.810010456732,-4.937065690252,
    14.150732162779));
#968 = CARTESIAN_POINT('',(1.30139163843,-4.838650942269,14.310250511733
    ));
#969 = CARTESIAN_POINT('',(1.616138345082,-4.750865047801,
    14.413974956918));
#970 = CARTESIAN_POINT('',(1.924035629036,-4.639695448479,
    14.517695725697));
#971 = CARTESIAN_POINT('',(2.223060124815,-4.505781918318,
    14.621411771022));
#972 = CARTESIAN_POINT('',(2.511276612461,-4.349962782497,
    14.725128182957));
#973 = CARTESIAN_POINT('',(2.786842529829,-4.173263725084,14.82884976582
    ));
#974 = CARTESIAN_POINT('',(3.048019430765,-3.976900931056,
    14.932574798671));
#975 = CARTESIAN_POINT('',(3.451400401272,-3.623816050486,
    15.103215548341));
#976 = CARTESIAN_POINT('',(3.602956891866,-3.477727520851,
    15.170142724576));
#977 = CARTESIAN_POINT('',(3.747431051079,-3.324409422093,
    15.237068808956));
#978 = CARTESIAN_POINT('',(3.884421369718,-3.164263864987,15.30399358925
    ));
#979 = CARTESIAN_POINT('',(4.013555274568,-2.997717869081,
    15.370917648474));
#980 = CARTESIAN_POINT('',(4.13448976365,-2.8252226091,15.437841673447)
  );
#981 = CARTESIAN_POINT('',(4.246912041475,-2.647252661349,
    15.504765763345));
#982 = CARTESIAN_POINT('',(4.435768344672,-2.313841477645,
    15.626729053955));
#983 = CARTESIAN_POINT('',(4.515049886422,-2.160007858344,
    15.681769751603));
#984 = CARTESIAN_POINT('',(4.588228562047,-2.003080331903,
    15.736810421039));
#985 = CARTESIAN_POINT('',(4.655164116295,-1.843342009905,
    15.791851272866));
#986 = CARTESIAN_POINT('',(4.715732403424,-1.681082806889,
    15.846892807982));
#987 = CARTESIAN_POINT('',(4.769825534456,-1.516599071412,
    15.901935487092));
#988 = CARTESIAN_POINT('',(4.817352024427,-1.350193217108,
    15.956979400232));
#989 = CARTESIAN_POINT('',(4.89350938904,-1.037218372245,16.05951224836)
  );
#990 = CARTESIAN_POINT('',(4.923838970734,-0.89106047444,16.107001552895
    ));
#991 = CARTESIAN_POINT('',(4.949177707072,-0.743897145494,
    16.154491551546));
#992 = CARTESIAN_POINT('',(4.969487210477,-0.59592731369,16.201982108997
    ));
#993 = CARTESIAN_POINT('',(4.984738669233,-0.447351135558,
    16.249473042653));
#994 = CARTESIAN_POINT('',(4.994912833281,-0.298369781011,
    16.296963912323));
#995 = CARTESIAN_POINT('',(5.,-0.14918521847,16.344453809911));
#996 = CARTESIAN_POINT('',(5.,-8.881784197001E-16,16.391941149096));
#997 = PCURVE('',#264,#998);
#998 = DEFINITIONAL_REPRESENTATION('',(#999),#1093);
#999 = B_SPLINE_CURVE_WITH_KNOTS('',8,(#1000,#1001,#1002,#1003,#1004,
    #1005,#1006,#1007,#1008,#1009,#1010,#1011,#1012,#1013,#1014,#1015,
    #1016,#1017,#1018,#1019,#1020,#1021,#1022,#1023,#1024,#1025,#1026,
    #1027,#1028,#1029,#1030,#1031,#1032,#1033,#1034,#1035,#1036,#1037,
    #1038,#1039,#1040,#1041,#1042,#1043,#1044,#1045,#1046,#1047,#1048,
    #1049,#1050,#1051,#1052,#1053,#1054,#1055,#1056,#1057,#1058,#1059,
    #1060,#1061,#1062,#1063,#1064,#1065,#1066,#1067,#1068,#1069,#1070,
    #1071,#1072,#1073,#1074,#1075,#1076,#1077,#1078,#1079,#1080,#1081,
    #1082,#1083,#1084,#1085,#1086,#1087,#1088,#1089,#1090,#1091,#1092),
  .UNSPECIFIED.,.F.,.F.,(9,7,7,7,7,7,7,7,7,7,7,7,7,9),(0.,
    5.303919872871E-02,0.133043669977,0.223538143514,0.265991329943,
    0.375239504422,0.496311996349,0.62963234398,0.736798212583,
    0.781445033347,0.864423201292,0.917968859846,0.962007098658,1.),
  .UNSPECIFIED.);
#1000 = CARTESIAN_POINT('',(2.786172065442,0.));
#1001 = CARTESIAN_POINT('',(2.786172107441,7.829392469063E-02));
#1002 = CARTESIAN_POINT('',(2.786173591809,0.156589955426));
#1003 = CARTESIAN_POINT('',(2.786175405,0.234885686898));
#1004 = CARTESIAN_POINT('',(2.786176930429,0.313180580664));
#1005 = CARTESIAN_POINT('',(2.786177918537,0.391475102713));
#1006 = CARTESIAN_POINT('',(2.786178356868,0.469769861026));
#1007 = CARTESIAN_POINT('',(2.786178340142,0.548064743136));
#1008 = CARTESIAN_POINT('',(2.786177337226,0.744455895731));
#1009 = CARTESIAN_POINT('',(2.786175881328,0.862562465175));
#1010 = CARTESIAN_POINT('',(2.786173979066,0.980664351127));
#1011 = CARTESIAN_POINT('',(2.786172154666,1.098760912554));
#1012 = CARTESIAN_POINT('',(2.786170775691,1.216857761459));
#1013 = CARTESIAN_POINT('',(2.78616994478,1.33496034634));
#1014 = CARTESIAN_POINT('',(2.786169557554,1.453067635941));
#1015 = CARTESIAN_POINT('',(2.786169491833,1.704748943875));
#1016 = CARTESIAN_POINT('',(2.78616990537,1.838349290261));
#1017 = CARTESIAN_POINT('',(2.786170595655,1.971942182474));
#1018 = CARTESIAN_POINT('',(2.786171297693,2.105525653738));
#1019 = CARTESIAN_POINT('',(2.786171813463,2.239109301246));
#1020 = CARTESIAN_POINT('',(2.78617208311,2.372702755743));
#1021 = CARTESIAN_POINT('',(2.786172167011,2.506303849899));
#1022 = CARTESIAN_POINT('',(2.78617212545,2.702553390003));
#1023 = CARTESIAN_POINT('',(2.786172087792,2.765220662445));
#1024 = CARTESIAN_POINT('',(2.786172034331,2.827887725154));
#1025 = CARTESIAN_POINT('',(2.786171975136,2.890554532999));
#1026 = CARTESIAN_POINT('',(2.786171920674,2.953221306776));
#1027 = CARTESIAN_POINT('',(2.786171880718,3.015888266606));
#1028 = CARTESIAN_POINT('',(2.786171863259,3.078555365346));
#1029 = CARTESIAN_POINT('',(2.786171899554,3.302487133356));
#1030 = CARTESIAN_POINT('',(2.786172109173,3.463797150892));
#1031 = CARTESIAN_POINT('',(2.786172592864,3.625084487437));
#1032 = CARTESIAN_POINT('',(2.786173338952,3.78635084257));
#1033 = CARTESIAN_POINT('',(2.786174158329,3.947617385652));
#1034 = CARTESIAN_POINT('',(2.786174802469,4.108905211051));
#1035 = CARTESIAN_POINT('',(2.786175113723,4.270215810787));
#1036 = CARTESIAN_POINT('',(2.786174973142,4.610201145906));
#1037 = CARTESIAN_POINT('',(2.786174434812,4.788995516414));
#1038 = CARTESIAN_POINT('',(2.786173371952,4.967750735902));
#1039 = CARTESIAN_POINT('',(2.786171889296,5.146471709901));
#1040 = CARTESIAN_POINT('',(2.786170334371,5.325192493602));
#1041 = CARTESIAN_POINT('',(2.786169100981,5.503947273316));
#1042 = CARTESIAN_POINT('',(2.786168404385,5.682741257363));
#1043 = CARTESIAN_POINT('',(2.786168131166,6.058260193927));
#1044 = CARTESIAN_POINT('',(2.786168675115,6.255180508122));
#1045 = CARTESIAN_POINT('',(2.786169945797,6.452035887134));
#1046 = CARTESIAN_POINT('',(2.786171718204,6.64883992706));
#1047 = CARTESIAN_POINT('',(2.786173432919,6.84564421055));
#1048 = CARTESIAN_POINT('',(2.786174594278,7.042500115643));
#1049 = CARTESIAN_POINT('',(2.786175094381,7.239421068433));
#1050 = CARTESIAN_POINT('',(2.786175020622,7.594411650114));
#1051 = CARTESIAN_POINT('',(2.786174638399,7.752643655729));
#1052 = CARTESIAN_POINT('',(2.786173969649,7.910854741838));
#1053 = CARTESIAN_POINT('',(2.786173176992,8.06904621251));
#1054 = CARTESIAN_POINT('',(2.786172488552,8.227237586125));
#1055 = CARTESIAN_POINT('',(2.786172063018,8.385448462347));
#1056 = CARTESIAN_POINT('',(2.786171892655,8.543680296042));
#1057 = CARTESIAN_POINT('',(2.786171878749,8.767776338066));
#1058 = CARTESIAN_POINT('',(2.786171902417,8.833681665594));
#1059 = CARTESIAN_POINT('',(2.786171947202,8.899586861462));
#1060 = CARTESIAN_POINT('',(2.786172003171,8.965491872345));
#1061 = CARTESIAN_POINT('',(2.786172058566,9.031396967554));
#1062 = CARTESIAN_POINT('',(2.786172101275,9.097302395823));
#1063 = CARTESIAN_POINT('',(2.786172120305,9.16320804209));
#1064 = CARTESIAN_POINT('',(2.786172082978,9.351600633575));
#1065 = CARTESIAN_POINT('',(2.786171947239,9.474099632992));
#1066 = CARTESIAN_POINT('',(2.786171651265,9.596593578448));
#1067 = CARTESIAN_POINT('',(2.786171168203,9.719081112687));
#1068 = CARTESIAN_POINT('',(2.786170554748,9.841568496822));
#1069 = CARTESIAN_POINT('',(2.786169958984,9.964062059997));
#1070 = CARTESIAN_POINT('',(2.786169574416,10.086560627166));
#1071 = CARTESIAN_POINT('',(2.78616951811,10.288088752078));
#1072 = CARTESIAN_POINT('',(2.786169640527,10.367130934348));
#1073 = CARTESIAN_POINT('',(2.78616994793,10.446172644969));
#1074 = CARTESIAN_POINT('',(2.786170465942,10.525213747404));
#1075 = CARTESIAN_POINT('',(2.786171197991,10.604254946145));
#1076 = CARTESIAN_POINT('',(2.786172117974,10.68329693746));
#1077 = CARTESIAN_POINT('',(2.786173162925,10.762339560139));
#1078 = CARTESIAN_POINT('',(2.786175099735,10.906387961396));
#1079 = CARTESIAN_POINT('',(2.78617598466,10.971395476715));
#1080 = CARTESIAN_POINT('',(2.786176832082,11.036402793525));
#1081 = CARTESIAN_POINT('',(2.786177566422,11.101409825651));
#1082 = CARTESIAN_POINT('',(2.786178103008,11.166416789076));
#1083 = CARTESIAN_POINT('',(2.786178366193,11.231423891597));
#1084 = CARTESIAN_POINT('',(2.786178307471,11.296431022486));
#1085 = CARTESIAN_POINT('',(2.786177592403,11.417520122917));
#1086 = CARTESIAN_POINT('',(2.786177039513,11.473602907852));
#1087 = CARTESIAN_POINT('',(2.786176223722,11.529685462215));
#1088 = CARTESIAN_POINT('',(2.786175189837,11.585767775857));
#1089 = CARTESIAN_POINT('',(2.786174060716,11.641850027649));
#1090 = CARTESIAN_POINT('',(2.786173029331,11.697932449911));
#1091 = CARTESIAN_POINT('',(2.786172350822,11.754015192844));
#1092 = CARTESIAN_POINT('',(2.786172334554,11.81009818896));
#1093 = ( GEOMETRIC_REPRESENTATION_CONTEXT(2) 
PARAMETRIC_REPRESENTATION_CONTEXT() REPRESENTATION_CONTEXT('2D SPACE',''
  ) );
#1094 = PCURVE('',#1095,#1100);
#1095 = CYLINDRICAL_SURFACE('',#1096,5.);
#1096 = AXIS2_PLACEMENT_3D('',#1097,#1098,#1099);
#1097 = CARTESIAN_POINT('',(0.,0.,-1.));
#1098 = DIRECTION('',(0.,0.,1.));
#1099 = DIRECTION('',(1.,0.,-0.));
#1100 = DEFINITIONAL_REPRESENTATION('',(#1101),#1195);
#1101 = B_SPLINE_CURVE_WITH_KNOTS('',8,(#1102,#1103,#1104,#1105,#1106,
    #1107,#1108,#1109,#1110,#1111,#1112,#1113,#1114,#1115,#1116,#1117,
    #1118,#1119,#1120,#1121,#1122,#1123,#1124,#1125,#1126,#1127,#1128,
    #1129,#1130,#1131,#1132,#1133,#1134,#1135,#1136,#1137,#1138,#1139,
    #1140,#1141,#1142,#1143,#1144,#1145,#1146,#1147,#1148,#1149,#1150,
    #1151,#1152,#1153,#1154,#1155,#1156,#1157,#1158,#1159,#1160,#1161,
    #1162,#1163,#1164,#1165,#1166,#1167,#1168,#1169,#1170,#1171,#1172,
    #1173,#1174,#1175,#1176,#1177,#1178,#1179,#1180,#1181,#1182,#1183,
    #1184,#1185,#1186,#1187,#1188,#1189,#1190,#1191,#1192,#1193,#1194),
  .UNSPECIFIED.,.F.,.F.,(9,7,7,7,7,7,7,7,7,7,7,7,7,9),(0.,
    5.303919872871E-02,0.133043669977,0.223538143514,0.265991329943,
    0.375239504422,0.496311996349,0.62963234398,0.736798212583,
    0.781445033347,0.864423201292,0.917968859846,0.962007098658,1.),
  .UNSPECIFIED.);
#1102 = CARTESIAN_POINT('',(0.,7.391941090708));
#1103 = CARTESIAN_POINT('',(4.165360511506E-02,7.458235141692));
#1104 = CARTESIAN_POINT('',(8.330835482057E-02,7.524525509137));
#1105 = CARTESIAN_POINT('',(0.124962941229,7.59081435209));
#1106 = CARTESIAN_POINT('',(0.166617083046,7.657103540922));
#1107 = CARTESIAN_POINT('',(0.208271051702,7.723394415494));
#1108 = CARTESIAN_POINT('',(0.249925197483,7.789687543332));
#1109 = CARTESIAN_POINT('',(0.291579475668,7.855982477793));
#1110 = CARTESIAN_POINT('',(0.396063220512,8.022277132081));
#1111 = CARTESIAN_POINT('',(0.458898243185,8.12228733115));
#1112 = CARTESIAN_POINT('',(0.521730906649,8.2222952421));
#1113 = CARTESIAN_POINT('',(0.584560804841,8.322298357183));
#1114 = CARTESIAN_POINT('',(0.647390839939,8.422300047739));
#1115 = CARTESIAN_POINT('',(0.710223841262,8.522304539821));
#1116 = CARTESIAN_POINT('',(0.773059222799,8.622311349951));
#1117 = CARTESIAN_POINT('',(0.906958320893,8.835418497737));
#1118 = CARTESIAN_POINT('',(0.978036009714,8.948540782284));
#1119 = CARTESIAN_POINT('',(1.049109562041,9.06165571142));
#1120 = CARTESIAN_POINT('',(1.120177981681,9.174762613058));
#1121 = CARTESIAN_POINT('',(1.191246452685,9.287870356797));
#1122 = CARTESIAN_POINT('',(1.262320177461,9.400987323422));
#1123 = CARTESIAN_POINT('',(1.333398060333,9.514111453383));
#1124 = CARTESIAN_POINT('',(1.437806068441,9.680282554915));
#1125 = CARTESIAN_POINT('',(1.4711461212,9.733345138498));
#1126 = CARTESIAN_POINT('',(1.504486090009,9.786407603864));
#1127 = CARTESIAN_POINT('',(1.537825951729,9.839469875201));
#1128 = CARTESIAN_POINT('',(1.571165823264,9.892532100365));
#1129 = CARTESIAN_POINT('',(1.604505819912,9.945594429219));
#1130 = CARTESIAN_POINT('',(1.637845913724,9.998656791976));
#1131 = CARTESIAN_POINT('',(1.756981962421,10.188267064604));
#1132 = CARTESIAN_POINT('',(1.842802153273,10.324852791873));
#1133 = CARTESIAN_POINT('',(1.928610346075,10.46141829255));
#1134 = CARTESIAN_POINT('',(2.014407347824,10.597965049428));
#1135 = CARTESIAN_POINT('',(2.100204339859,10.734511695003));
#1136 = CARTESIAN_POINT('',(2.186012512399,10.871077020349));
#1137 = CARTESIAN_POINT('',(2.271832678883,11.007662877813));
#1138 = CARTESIAN_POINT('',(2.452710864567,11.295540239138));
#1139 = CARTESIAN_POINT('',(2.547832512526,11.446933365981));
#1140 = CARTESIAN_POINT('',(2.64293327378,11.598295304865));
#1141 = CARTESIAN_POINT('',(2.7380158443,11.749629814995));
#1142 = CARTESIAN_POINT('',(2.833098406124,11.900964428599));
#1143 = CARTESIAN_POINT('',(2.9281991541,12.052326616922));
#1144 = CARTESIAN_POINT('',(3.023320812996,12.203719985078));
#1145 = CARTESIAN_POINT('',(3.223103753293,12.521685262215));
#1146 = CARTESIAN_POINT('',(3.327868972388,12.688422138126));
#1147 = CARTESIAN_POINT('',(3.432599595219,12.855101308626));
#1148 = CARTESIAN_POINT('',(3.537302787516,13.021735133051));
#1149 = CARTESIAN_POINT('',(3.64200597373,13.188369388095));
#1150 = CARTESIAN_POINT('',(3.746736594197,13.355049435695));
#1151 = CARTESIAN_POINT('',(3.851501903291,13.521787046278));
#1152 = CARTESIAN_POINT('',(4.040363206061,13.822369596878));
#1153 = CARTESIAN_POINT('',(4.124545537688,13.956351307321));
#1154 = CARTESIAN_POINT('',(4.208716859541,14.090316378497));
#1155 = CARTESIAN_POINT('',(4.292877876081,14.224265302708));
#1156 = CARTESIAN_POINT('',(4.377038932806,14.358213749359));
#1157 = CARTESIAN_POINT('',(4.461210376527,14.492177717841));
#1158 = CARTESIAN_POINT('',(4.545392891589,14.626158469159));
#1159 = CARTESIAN_POINT('',(4.664616302651,14.815908025104));
#1160 = CARTESIAN_POINT('',(4.699679183591,14.871712148297));
#1161 = CARTESIAN_POINT('',(4.734741967606,14.927516080148));
#1162 = CARTESIAN_POINT('',(4.769804623456,14.983319812885));
#1163 = CARTESIAN_POINT('',(4.804867292937,15.039123618794));
#1164 = CARTESIAN_POINT('',(4.839930108474,15.09492775409));
#1165 = CARTESIAN_POINT('',(4.874993010727,15.150732162779));
#1166 = CARTESIAN_POINT('',(4.975220936645,15.310250511733));
#1167 = CARTESIAN_POINT('',(5.040392311197,15.413974956918));
#1168 = CARTESIAN_POINT('',(5.10556093121,15.517695725697));
#1169 = CARTESIAN_POINT('',(5.170726121022,15.621411771022));
#1170 = CARTESIAN_POINT('',(5.235891271021,15.725128182957));
#1171 = CARTESIAN_POINT('',(5.301059806046,15.82884976582));
#1172 = CARTESIAN_POINT('',(5.366231139073,15.932574798671));
#1173 = CARTESIAN_POINT('',(5.473447768428,16.103215548341));
#1174 = CARTESIAN_POINT('',(5.515499703025,16.170142724576));
#1175 = CARTESIAN_POINT('',(5.557551443587,16.237068808956));
#1176 = CARTESIAN_POINT('',(5.599602910699,16.30399358925));
#1177 = CARTESIAN_POINT('',(5.641654466105,16.370917648474));
#1178 = CARTESIAN_POINT('',(5.683706462847,16.437841673447));
#1179 = CARTESIAN_POINT('',(5.725758795409,16.504765763345));
#1180 = CARTESIAN_POINT('',(5.802395528292,16.626729053955));
#1181 = CARTESIAN_POINT('',(5.836980859641,16.681769751603));
#1182 = CARTESIAN_POINT('',(5.871566061164,16.736810421039));
#1183 = CARTESIAN_POINT('',(5.906151077738,16.791851272866));
#1184 = CARTESIAN_POINT('',(5.94073601776,16.846892807982));
#1185 = CARTESIAN_POINT('',(5.975320989056,16.901935487092));
#1186 = CARTESIAN_POINT('',(6.009905934787,16.956979400232));
#1187 = CARTESIAN_POINT('',(6.074327421172,17.05951224836));
#1188 = CARTESIAN_POINT('',(6.104164401921,17.107001552895));
#1189 = CARTESIAN_POINT('',(6.13400124222,17.154491551546));
#1190 = CARTESIAN_POINT('',(6.163837943003,17.201982108997));
#1191 = CARTESIAN_POINT('',(6.193674603665,17.249473042653));
#1192 = CARTESIAN_POINT('',(6.223511350226,17.296963912323));
#1193 = CARTESIAN_POINT('',(6.253348263486,17.344453809911));
#1194 = CARTESIAN_POINT('',(6.28318530718,17.391941149096));
#1195 = ( GEOMETRIC_REPRESENTATION_CONTEXT(2) 
PARAMETRIC_REPRESENTATION_CONTEXT() REPRESENTATION_CONTEXT('2D SPACE',''
  ) );
#1196 = ORIENTED_EDGE('',*,*,#1197,.T.);
#1197 = EDGE_CURVE('',#900,#1198,#1200,.T.);
#1198 = VERTEX_POINT('',#1199);
#1199 = CARTESIAN_POINT('',(5.,-9.171745072217E-08,26.391941090708));
#1200 = SURFACE_CURVE('',#1201,(#1316,#1434),.PCURVE_S1.);
#1201 = B_SPLINE_CURVE_WITH_KNOTS('',8,(#1202,#1203,#1204,#1205,#1206,
    #1207,#1208,#1209,#1210,#1211,#1212,#1213,#1214,#1215,#1216,#1217,
    #1218,#1219,#1220,#1221,#1222,#1223,#1224,#1225,#1226,#1227,#1228,
    #1229,#1230,#1231,#1232,#1233,#1234,#1235,#1236,#1237,#1238,#1239,
    #1240,#1241,#1242,#1243,#1244,#1245,#1246,#1247,#1248,#1249,#1250,
    #1251,#1252,#1253,#1254,#1255,#1256,#1257,#1258,#1259,#1260,#1261,
    #1262,#1263,#1264,#1265,#1266,#1267,#1268,#1269,#1270,#1271,#1272,
    #1273,#1274,#1275,#1276,#1277,#1278,#1279,#1280,#1281,#1282,#1283,
    #1284,#1285,#1286,#1287,#1288,#1289,#1290,#1291,#1292,#1293,#1294,
    #1295,#1296,#1297,#1298,#1299,#1300,#1301,#1302,#1303,#1304,#1305,
    #1306,#1307,#1308,#1309,#1310,#1311,#1312,#1313,#1314,#1315),
  .UNSPECIFIED.,.F.,.F.,(9,7,7,7,7,7,7,7,7,7,7,7,7,7,7,7,9),(0.,
    5.20704024866E-02,0.134074834724,0.221536893727,0.265682561587,
    0.318498258512,0.376023959575,0.435818055751,0.477821239632,
    0.630477206968,0.736595979572,0.78498376934,0.826986885741,
    0.86787960316,0.918019320226,0.962232692664,1.),.UNSPECIFIED.);
#1202 = CARTESIAN_POINT('',(5.,-8.881784197001E-16,16.391941149096));
#1203 = CARTESIAN_POINT('',(5.000000000001,0.204463550978,
    16.457024205555));
#1204 = CARTESIAN_POINT('',(4.990444241875,0.408932514279,16.5221036703)
  );
#1205 = CARTESIAN_POINT('',(4.971332644092,0.612879819567,
    16.587181634441));
#1206 = CARTESIAN_POINT('',(4.942699370787,0.815783086238,
    16.652259894467));
#1207 = CARTESIAN_POINT('',(4.904612572866,1.017125251446,
    16.717339733769));
#1208 = CARTESIAN_POINT('',(4.857174129094,1.216395198116,
    16.782421704157));
#1209 = CARTESIAN_POINT('',(4.800519387196,1.413088382966,
    16.847505407375));
#1210 = CARTESIAN_POINT('',(4.631343636157,1.911633527998,
    17.015088306599));
#1211 = CARTESIAN_POINT('',(4.505418622879,2.208969854315,
    17.117599184127));
#1212 = CARTESIAN_POINT('',(4.357703157448,2.496747040946,
    17.220107464292));
#1213 = CARTESIAN_POINT('',(4.189058623494,2.773108075158,
    17.322610367231));
#1214 = CARTESIAN_POINT('',(4.000523694862,3.036302810371,
    17.425111738723));
#1215 = CARTESIAN_POINT('',(3.793303718661,3.284690872954,17.52761638381
    ));
#1216 = CARTESIAN_POINT('',(3.56877228244,3.516752999471,17.630123773449
    ));
#1217 = CARTESIAN_POINT('',(3.072205848408,3.959734727088,
    17.841939963355));
#1218 = CARTESIAN_POINT('',(2.797949660566,4.168267663912,17.95127014032
    ));
#1219 = CARTESIAN_POINT('',(2.507596769237,4.355018127822,
    18.060594131661));
#1220 = CARTESIAN_POINT('',(2.203180548967,4.518554115185,
    18.169911262543));
#1221 = CARTESIAN_POINT('',(1.8868622258,4.657679097639,18.279228975303)
  );
#1222 = CARTESIAN_POINT('',(1.560915368016,4.771427441737,
    18.388554328126));
#1223 = CARTESIAN_POINT('',(1.227720023393,4.859079256364,
    18.497885723791));
#1224 = CARTESIAN_POINT('',(0.719187579608,4.951042108388,
    18.662382698872));
#1225 = CARTESIAN_POINT('',(0.547384620576,4.975131134229,
    18.717561174714));
#1226 = CARTESIAN_POINT('',(0.374672160421,4.992404877393,18.77273957322
    ));
#1227 = CARTESIAN_POINT('',(0.201366092235,5.002824127087,
    18.827917744446));
#1228 = CARTESIAN_POINT('',(2.77833015799E-02,5.006367314728,
    18.883095840845));
#1229 = CARTESIAN_POINT('',(-0.145758699626,5.003030498911,
    18.938274046771));
#1230 = CARTESIAN_POINT('',(-0.318942139222,4.992827350373,
    18.993452307996));
#1231 = CARTESIAN_POINT('',(-0.697836275209,4.955404687943,
    19.114644500053));
#1232 = CARTESIAN_POINT('',(-0.903260332007,4.925236161324,
    19.180659843562));
#1233 = CARTESIAN_POINT('',(-1.107175862904,4.885337628872,
    19.246674577773));
#1234 = CARTESIAN_POINT('',(-1.309044884605,4.835798553729,
    19.312688556574));
#1235 = CARTESIAN_POINT('',(-1.50833799213,4.776743526844,
    19.378702336081));
#1236 = CARTESIAN_POINT('',(-1.704535262018,4.708332003406,
    19.444716509004));
#1237 = CARTESIAN_POINT('',(-1.897127155536,4.630758039283,
    19.510731039014));
#1238 = CARTESIAN_POINT('',(-2.290912715952,4.450027394456,
    19.64864511552));
#1239 = CARTESIAN_POINT('',(-2.491349612311,4.345202956692,
    19.720547156707));
#1240 = CARTESIAN_POINT('',(-2.686280666096,4.230071999667,
    19.792448562233));
#1241 = CARTESIAN_POINT('',(-2.875088686199,4.104974931027,
    19.864349260888));
#1242 = CARTESIAN_POINT('',(-3.057184309672,3.970294292359,
    19.936250209226));
#1243 = CARTESIAN_POINT('',(-3.232006607776,3.826453245177,
    20.008152337588));
#1244 = CARTESIAN_POINT('',(-3.399024723657,3.673915531106,
    20.080055499647));
#1245 = CARTESIAN_POINT('',(-3.722714956766,3.346120313828,
    20.226694640065));
#1246 = CARTESIAN_POINT('',(-3.878727497466,3.170195892817,
    20.30143415878));
#1247 = CARTESIAN_POINT('',(-4.025216842717,2.985980571277,
    20.376173251065));
#1248 = CARTESIAN_POINT('',(-4.161671575071,2.794078726778,
    20.450911677717));
#1249 = CARTESIAN_POINT('',(-4.28762826374,2.595128902652,
    20.525650427634));
#1250 = CARTESIAN_POINT('',(-4.402671431289,2.389801794947,
    20.600390461853));
#1251 = CARTESIAN_POINT('',(-4.506435403972,2.178799510062,
    20.675131464838));
#1252 = CARTESIAN_POINT('',(-4.663355983474,1.81116367472,
    20.802372136859));
#1253 = CARTESIAN_POINT('',(-4.722385610214,1.65702938312,
    20.854873997753));
#1254 = CARTESIAN_POINT('',(-4.775589068742,1.500706068907,
    20.907375684843));
#1255 = CARTESIAN_POINT('',(-4.822872256469,1.342451007006,
    20.959877123084));
#1256 = CARTESIAN_POINT('',(-4.864154902734,1.18252562197,
    21.012378452306));
#1257 = CARTESIAN_POINT('',(-4.899370646164,1.021195213319,
    21.06487981629));
#1258 = CARTESIAN_POINT('',(-4.928467112027,0.858728680886,
    21.117381151833));
#1259 = CARTESIAN_POINT('',(-5.034774825453,0.101791704291,
    21.360690474612));
#1260 = CARTESIAN_POINT('',(-5.036898792629,-0.50385905781,
    21.551695435487));
#1261 = CARTESIAN_POINT('',(-4.955518546347,-1.107611481719,
    21.742582614204));
#1262 = CARTESIAN_POINT('',(-4.791749157655,-1.696085632557,
    21.933388225826));
#1263 = CARTESIAN_POINT('',(-4.548841559915,-2.256549939133,
    22.124193818013));
#1264 = CARTESIAN_POINT('',(-4.232276657526,-2.777060605265,
    22.315080771837));
#1265 = CARTESIAN_POINT('',(-3.849607077081,-3.246512189446,
    22.50608440589));
#1266 = CARTESIAN_POINT('',(-3.106721991692,-3.939785774439,
    22.829527131296));
#1267 = CARTESIAN_POINT('',(-2.77492512265,-4.195139168291,
    22.962199007217));
#1268 = CARTESIAN_POINT('',(-2.419290153305,-4.418408265519,
    23.094855066025));
#1269 = CARTESIAN_POINT('',(-2.043477233522,-4.60704270571,
    23.227495680715));
#1270 = CARTESIAN_POINT('',(-1.651400120595,-4.759009871149,
    23.360135821774));
#1271 = CARTESIAN_POINT('',(-1.247192468981,-4.87277274222,
    23.492790767081));
#1272 = CARTESIAN_POINT('',(-0.835201645963,-4.947329812799,
    23.62546162616));
#1273 = CARTESIAN_POINT('',(-0.230648195248,-4.998289972167,
    23.818579031309));
#1274 = CARTESIAN_POINT('',(-4.062100926441E-02,-5.006026986875,
    23.87905946633));
#1275 = CARTESIAN_POINT('',(0.149681919364,-5.005506232718,
    23.93953961648));
#1276 = CARTESIAN_POINT('',(0.339841507424,-4.996717935622,
    24.000019433659));
#1277 = CARTESIAN_POINT('',(0.529439824967,-4.97967776967,
    24.060499312082));
#1278 = CARTESIAN_POINT('',(0.718060686573,-4.954426808674,
    24.120979648513));
#1279 = CARTESIAN_POINT('',(0.905290242619,-4.921031477751,
    24.181460402494));
#1280 = CARTESIAN_POINT('',(1.251678128501,-4.843604510269,
    24.294440660495));
#1281 = CARTESIAN_POINT('',(1.41128320123,-4.801557220031,
    24.346941109251));
#1282 = CARTESIAN_POINT('',(1.569264504697,-4.753501678251,
    24.399441557388));
#1283 = CARTESIAN_POINT('',(1.725358203125,-4.699511683683,
    24.451941973209));
#1284 = CARTESIAN_POINT('',(1.879305177169,-4.639674688517,
    24.504442524833));
#1285 = CARTESIAN_POINT('',(2.030851292083,-4.574091697121,
    24.556943366245));
#1286 = CARTESIAN_POINT('',(2.179747665894,-4.502877164777,
    24.609444423351));
#1287 = CARTESIAN_POINT('',(2.467894450766,-4.351468760615,
    24.713058020961));
#1288 = CARTESIAN_POINT('',(2.607297362454,-4.271561224615,
    24.764171138836));
#1289 = CARTESIAN_POINT('',(2.743735281394,-4.186554268116,
    24.815284103852));
#1290 = CARTESIAN_POINT('',(2.876990829372,-4.096576769005,
    24.866396835002));
#1291 = CARTESIAN_POINT('',(3.006853848171,-4.001768370782,
    24.917509420475));
#1292 = CARTESIAN_POINT('',(3.133121606552,-3.902279349968,
    24.968621938053));
#1293 = CARTESIAN_POINT('',(3.25559900723,-3.798270483516,25.01973427552
    ));
#1294 = CARTESIAN_POINT('',(3.519394732816,-3.557052639156,
    25.133515421603));
#1295 = CARTESIAN_POINT('',(3.658713861259,-3.417651604611,
    25.196185270748));
#1296 = CARTESIAN_POINT('',(3.791710260866,-3.272026230425,
    25.258854222394));
#1297 = CARTESIAN_POINT('',(3.918060121571,-3.120512327597,
    25.321522101046));
#1298 = CARTESIAN_POINT('',(4.037462175172,-2.963464538877,
    25.384189332711));
#1299 = CARTESIAN_POINT('',(4.149638128957,-2.801255777347,
    25.446856445807));
#1300 = CARTESIAN_POINT('',(4.254333099313,-2.634276665021,
    25.509523572069));
#1301 = CARTESIAN_POINT('',(4.436835935851,-2.31184528532,
    25.627449369657));
#1302 = CARTESIAN_POINT('',(4.516360677525,-2.157360739297,
    25.682709184932));
#1303 = CARTESIAN_POINT('',(4.589732257502,-1.999760649419,
    25.737968971556));
#1304 = CARTESIAN_POINT('',(4.656808889195,-1.839331605705,
    25.793228941906));
#1305 = CARTESIAN_POINT('',(4.717465161088,-1.676367094615,
    25.848489605156));
#1306 = CARTESIAN_POINT('',(4.771592185521,-1.511167121525,
    25.903751429959));
#1307 = CARTESIAN_POINT('',(4.819097747475,-1.344037833216,
    25.959014507142));
#1308 = CARTESIAN_POINT('',(4.894765475694,-1.031146781747,
    26.061484775149));
#1309 = CARTESIAN_POINT('',(4.924738428795,-0.885820700362,
    26.108692306955));
#1310 = CARTESIAN_POINT('',(4.949778472548,-0.739506911104,
    26.155900519166));
#1311 = CARTESIAN_POINT('',(4.969848122315,-0.592400842398,
    26.203109281643));
#1312 = CARTESIAN_POINT('',(4.984919239464,-0.444699128479,
    26.250318414031));
#1313 = CARTESIAN_POINT('',(4.994973021893,-0.296599401703,
    26.297527477038));
#1314 = CARTESIAN_POINT('',(4.999999994559,-0.148300084852,
    26.34473556371));
#1315 = CARTESIAN_POINT('',(5.,-1.834349205865E-07,26.391941090708));
#1316 = PCURVE('',#264,#1317);
#1317 = DEFINITIONAL_REPRESENTATION('',(#1318),#1433);
#1318 = B_SPLINE_CURVE_WITH_KNOTS('',8,(#1319,#1320,#1321,#1322,#1323,
    #1324,#1325,#1326,#1327,#1328,#1329,#1330,#1331,#1332,#1333,#1334,
    #1335,#1336,#1337,#1338,#1339,#1340,#1341,#1342,#1343,#1344,#1345,
    #1346,#1347,#1348,#1349,#1350,#1351,#1352,#1353,#1354,#1355,#1356,
    #1357,#1358,#1359,#1360,#1361,#1362,#1363,#1364,#1365,#1366,#1367,
    #1368,#1369,#1370,#1371,#1372,#1373,#1374,#1375,#1376,#1377,#1378,
    #1379,#1380,#1381,#1382,#1383,#1384,#1385,#1386,#1387,#1388,#1389,
    #1390,#1391,#1392,#1393,#1394,#1395,#1396,#1397,#1398,#1399,#1400,
    #1401,#1402,#1403,#1404,#1405,#1406,#1407,#1408,#1409,#1410,#1411,
    #1412,#1413,#1414,#1415,#1416,#1417,#1418,#1419,#1420,#1421,#1422,
    #1423,#1424,#1425,#1426,#1427,#1428,#1429,#1430,#1431,#1432),
  .UNSPECIFIED.,.F.,.F.,(9,7,7,7,7,7,7,7,7,7,7,7,7,7,7,7,9),(0.,
    5.20704024866E-02,0.134074834724,0.221536893727,0.265682561587,
    0.318498258512,0.376023959575,0.435818055751,0.477821239632,
    0.630477206968,0.736595979572,0.78498376934,0.826986885741,
    0.86787960316,0.918019320226,0.962232692664,1.),.UNSPECIFIED.);
#1319 = CARTESIAN_POINT('',(2.786172334554,11.81009818896));
#1320 = CARTESIAN_POINT('',(2.786172312257,11.886961893373));
#1321 = CARTESIAN_POINT('',(2.786173694736,11.963827591653));
#1322 = CARTESIAN_POINT('',(2.786175423958,12.040693054159));
#1323 = CARTESIAN_POINT('',(2.786176905934,12.117557764312));
#1324 = CARTESIAN_POINT('',(2.786177891036,12.194422128863));
#1325 = CARTESIAN_POINT('',(2.786178354312,12.271286688164));
#1326 = CARTESIAN_POINT('',(2.786178375807,12.348151326436));
#1327 = CARTESIAN_POINT('',(2.786177461913,12.546064428542));
#1328 = CARTESIAN_POINT('',(2.786175986024,12.667124278608));
#1329 = CARTESIAN_POINT('',(2.786174016455,12.788178849636));
#1330 = CARTESIAN_POINT('',(2.786172125333,12.909227399699));
#1331 = CARTESIAN_POINT('',(2.786170714415,13.030276257996));
#1332 = CARTESIAN_POINT('',(2.786169888835,13.151331571274));
#1333 = CARTESIAN_POINT('',(2.786169523829,13.272392166231));
#1334 = CARTESIAN_POINT('',(2.786169525146,13.522549133271));
#1335 = CARTESIAN_POINT('',(2.786169933575,13.651670938312));
#1336 = CARTESIAN_POINT('',(2.786170590162,13.78078654415));
#1337 = CARTESIAN_POINT('',(2.786171259856,13.909894113644));
#1338 = CARTESIAN_POINT('',(2.786171765471,14.039001650669));
#1339 = CARTESIAN_POINT('',(2.786172047738,14.168117226594));
#1340 = CARTESIAN_POINT('',(2.78617215207,14.297239153943));
#1341 = CARTESIAN_POINT('',(2.786172136996,14.491511651511));
#1342 = CARTESIAN_POINT('',(2.786172103064,14.556677830443));
#1343 = CARTESIAN_POINT('',(2.786172049415,14.621843830675));
#1344 = CARTESIAN_POINT('',(2.786171987245,14.68700952446));
#1345 = CARTESIAN_POINT('',(2.786171928433,14.752175144236));
#1346 = CARTESIAN_POINT('',(2.786171884191,14.817340957205));
#1347 = CARTESIAN_POINT('',(2.786171863716,14.882506939908));
#1348 = CARTESIAN_POINT('',(2.786171883753,15.025636206567));
#1349 = CARTESIAN_POINT('',(2.786171936819,15.103601214107));
#1350 = CARTESIAN_POINT('',(2.786172043628,15.181565738569));
#1351 = CARTESIAN_POINT('',(2.786172207986,15.259529624178));
#1352 = CARTESIAN_POINT('',(2.786172426778,15.337493513922));
#1353 = CARTESIAN_POINT('',(2.786172690826,15.415458067236));
#1354 = CARTESIAN_POINT('',(2.786172985754,15.493423177696));
#1355 = CARTESIAN_POINT('',(2.786173627323,15.65630388719));
#1356 = CARTESIAN_POINT('',(2.78617397656,15.741222443758));
#1357 = CARTESIAN_POINT('',(2.786174317789,15.826140213053));
#1358 = CARTESIAN_POINT('',(2.786174623801,15.911056990794));
#1359 = CARTESIAN_POINT('',(2.786174867836,15.995973788527));
#1360 = CARTESIAN_POINT('',(2.786175027505,16.080891606199));
#1361 = CARTESIAN_POINT('',(2.786175087727,16.165810204554));
#1362 = CARTESIAN_POINT('',(2.786174995899,16.338992045914));
#1363 = CARTESIAN_POINT('',(2.786174835369,16.427259432603));
#1364 = CARTESIAN_POINT('',(2.786174554261,16.515525782648));
#1365 = CARTESIAN_POINT('',(2.786174156328,16.603790830456));
#1366 = CARTESIAN_POINT('',(2.786173656747,16.692055811349));
#1367 = CARTESIAN_POINT('',(2.786173080872,16.780321972718));
#1368 = CARTESIAN_POINT('',(2.786172460913,16.868589084591));
#1369 = CARTESIAN_POINT('',(2.78617138776,17.018856816017));
#1370 = CARTESIAN_POINT('',(2.786170939817,17.080860046645));
#1371 = CARTESIAN_POINT('',(2.786170498519,17.142863102184));
#1372 = CARTESIAN_POINT('',(2.78617007603,17.204865947828));
#1373 = CARTESIAN_POINT('',(2.786169684192,17.266868801094));
#1374 = CARTESIAN_POINT('',(2.786169333824,17.328871879634));
#1375 = CARTESIAN_POINT('',(2.786169034035,17.390875149042));
#1376 = CARTESIAN_POINT('',(2.786167910124,17.678220892404));
#1377 = CARTESIAN_POINT('',(2.786167785643,17.903799097039));
#1378 = CARTESIAN_POINT('',(2.786168740803,18.129242980961));
#1379 = CARTESIAN_POINT('',(2.786170741474,18.354595156705));
#1380 = CARTESIAN_POINT('',(2.786172974377,18.579948325533));
#1381 = CARTESIAN_POINT('',(2.786174495614,18.805394418439));
#1382 = CARTESIAN_POINT('',(2.786175125017,19.030974353463));
#1383 = CARTESIAN_POINT('',(2.786174999212,19.412962792853));
#1384 = CARTESIAN_POINT('',(2.786174608081,19.569647831873));
#1385 = CARTESIAN_POINT('',(2.786173942191,19.72631297455));
#1386 = CARTESIAN_POINT('',(2.786173161236,19.882959370991));
#1387 = CARTESIAN_POINT('',(2.786172484889,20.039605676613));
#1388 = CARTESIAN_POINT('',(2.786172065072,20.196270608909));
#1389 = CARTESIAN_POINT('',(2.786171894802,20.352955447204));
#1390 = CARTESIAN_POINT('',(2.786171877633,20.581028937708));
#1391 = CARTESIAN_POINT('',(2.786171905052,20.65245705246));
#1392 = CARTESIAN_POINT('',(2.786171956963,20.723884940171));
#1393 = CARTESIAN_POINT('',(2.78617202041,20.795312486465));
#1394 = CARTESIAN_POINT('',(2.786172080028,20.866740088624));
#1395 = CARTESIAN_POINT('',(2.786172120284,20.938168146149));
#1396 = CARTESIAN_POINT('',(2.786172127715,21.009596551334));
#1397 = CARTESIAN_POINT('',(2.78617206319,21.143027073713));
#1398 = CARTESIAN_POINT('',(2.786172001783,21.205030353472));
#1399 = CARTESIAN_POINT('',(2.786171902677,21.267033465022));
#1400 = CARTESIAN_POINT('',(2.786171762938,21.329036357725));
#1401 = CARTESIAN_POINT('',(2.786171583382,21.391039233549));
#1402 = CARTESIAN_POINT('',(2.786171368989,21.45304229623));
#1403 = CARTESIAN_POINT('',(2.786171129311,21.515045500424));
#1404 = CARTESIAN_POINT('',(2.786170635077,21.637411988504));
#1405 = CARTESIAN_POINT('',(2.786170381107,21.697775956937));
#1406 = CARTESIAN_POINT('',(2.786170129292,21.758139753034));
#1407 = CARTESIAN_POINT('',(2.786169896592,21.818503356203));
#1408 = CARTESIAN_POINT('',(2.786169702601,21.87886695738));
#1409 = CARTESIAN_POINT('',(2.786169567526,21.939230737997));
#1410 = CARTESIAN_POINT('',(2.786169510178,21.999594648961));
#1411 = CARTESIAN_POINT('',(2.786169589825,22.133971633614));
#1412 = CARTESIAN_POINT('',(2.786169772507,22.207986138039));
#1413 = CARTESIAN_POINT('',(2.786170124174,22.282000329739));
#1414 = CARTESIAN_POINT('',(2.786170661175,22.356014074358));
#1415 = CARTESIAN_POINT('',(2.786171381182,22.430027865298));
#1416 = CARTESIAN_POINT('',(2.786172258341,22.504042212679));
#1417 = CARTESIAN_POINT('',(2.786173238421,22.578057032291));
#1418 = CARTESIAN_POINT('',(2.786175111821,22.717336832586));
#1419 = CARTESIAN_POINT('',(2.786176000256,22.782603142425));
#1420 = CARTESIAN_POINT('',(2.786176850334,22.847869249298));
#1421 = CARTESIAN_POINT('',(2.786177585365,22.913135064222));
#1422 = CARTESIAN_POINT('',(2.786178119484,22.978400807695));
#1423 = CARTESIAN_POINT('',(2.786178376235,23.043666693376));
#1424 = CARTESIAN_POINT('',(2.786178307158,23.108932611776));
#1425 = CARTESIAN_POINT('',(2.786177571445,23.229947710701));
#1426 = CARTESIAN_POINT('',(2.786176993812,23.2856976899));
#1427 = CARTESIAN_POINT('',(2.786176186908,23.341447450262));
#1428 = CARTESIAN_POINT('',(2.786175184899,23.397196986618));
#1429 = CARTESIAN_POINT('',(2.786174074532,23.452946466476));
#1430 = CARTESIAN_POINT('',(2.786173022987,23.508696106578));
#1431 = CARTESIAN_POINT('',(2.786172305732,23.564446049462));
#1432 = CARTESIAN_POINT('',(2.786172334369,23.620196240028));
#1433 = ( GEOMETRIC_REPRESENTATION_CONTEXT(2) 
PARAMETRIC_REPRESENTATION_CONTEXT() REPRESENTATION_CONTEXT('2D SPACE',''
  ) );
#1434 = PCURVE('',#1435,#1440);
#1435 = CYLINDRICAL_SURFACE('',#1436,5.);
#1436 = AXIS2_PLACEMENT_3D('',#1437,#1438,#1439);
#1437 = CARTESIAN_POINT('',(0.,0.,-1.));
#1438 = DIRECTION('',(0.,0.,1.));
#1439 = DIRECTION('',(1.,0.,-0.));
#1440 = DEFINITIONAL_REPRESENTATION('',(#1441),#1556);
#1441 = B_SPLINE_CURVE_WITH_KNOTS('',8,(#1442,#1443,#1444,#1445,#1446,
    #1447,#1448,#1449,#1450,#1451,#1452,#1453,#1454,#1455,#1456,#1457,
    #1458,#1459,#1460,#1461,#1462,#1463,#1464,#1465,#1466,#1467,#1468,
    #1469,#1470,#1471,#1472,#1473,#1474,#1475,#1476,#1477,#1478,#1479,
    #1480,#1481,#1482,#1483,#1484,#1485,#1486,#1487,#1488,#1489,#1490,
    #1491,#1492,#1493,#1494,#1495,#1496,#1497,#1498,#1499,#1500,#1501,
    #1502,#1503,#1504,#1505,#1506,#1507,#1508,#1509,#1510,#1511,#1512,
    #1513,#1514,#1515,#1516,#1517,#1518,#1519,#1520,#1521,#1522,#1523,
    #1524,#1525,#1526,#1527,#1528,#1529,#1530,#1531,#1532,#1533,#1534,
    #1535,#1536,#1537,#1538,#1539,#1540,#1541,#1542,#1543,#1544,#1545,
    #1546,#1547,#1548,#1549,#1550,#1551,#1552,#1553,#1554,#1555),
  .UNSPECIFIED.,.F.,.F.,(9,7,7,7,7,7,7,7,7,7,7,7,7,7,7,7,9),(0.,
    5.20704024866E-02,0.134074834724,0.221536893727,0.265682561587,
    0.318498258512,0.376023959575,0.435818055751,0.477821239632,
    0.630477206968,0.736595979572,0.78498376934,0.826986885741,
    0.86787960316,0.918019320226,0.962232692664,1.),.UNSPECIFIED.);
#1442 = CARTESIAN_POINT('',(0.,17.391941149096));
#1443 = CARTESIAN_POINT('',(4.089271019554E-02,17.457024205555));
#1444 = CARTESIAN_POINT('',(8.178650462132E-02,17.5221036703));
#1445 = CARTESIAN_POINT('',(0.122680169538,17.587181634441));
#1446 = CARTESIAN_POINT('',(0.163573434378,17.652259894467));
#1447 = CARTESIAN_POINT('',(0.204466537474,17.717339733769));
#1448 = CARTESIAN_POINT('',(0.245359791784,17.782421704157));
#1449 = CARTESIAN_POINT('',(0.286253150624,17.847505407375));
#1450 = CARTESIAN_POINT('',(0.391546587528,18.015088306599));
#1451 = CARTESIAN_POINT('',(0.455952807856,18.117599184127));
#1452 = CARTESIAN_POINT('',(0.52035636194,18.220107464292));
#1453 = CARTESIAN_POINT('',(0.584756785403,18.322610367231));
#1454 = CARTESIAN_POINT('',(0.649157354882,18.425111738723));
#1455 = CARTESIAN_POINT('',(0.713561265824,18.52761638381));
#1456 = CARTESIAN_POINT('',(0.777967855111,18.630123773449));
#1457 = CARTESIAN_POINT('',(0.91105595141,18.841939963355));
#1458 = CARTESIAN_POINT('',(0.979750971082,18.95127014032));
#1459 = CARTESIAN_POINT('',(1.048442536053,19.060594131661));
#1460 = CARTESIAN_POINT('',(1.117129714094,19.169911262543));
#1461 = CARTESIAN_POINT('',(1.185816832952,19.279228975303));
#1462 = CARTESIAN_POINT('',(1.254508257442,19.388554328126));
#1463 = CARTESIAN_POINT('',(1.323203142918,19.497885723791));
#1464 = CARTESIAN_POINT('',(1.426559306263,19.662382698872));
#1465 = CARTESIAN_POINT('',(1.461228811444,19.717561174714));
#1466 = CARTESIAN_POINT('',(1.495898251147,19.77273957322));
#1467 = CARTESIAN_POINT('',(1.530567558702,19.827917744446));
#1468 = CARTESIAN_POINT('',(1.565236857368,19.883095840845));
#1469 = CARTESIAN_POINT('',(1.599906287422,19.938274046771));
#1470 = CARTESIAN_POINT('',(1.634575833242,19.993452307996));
#1471 = CARTESIAN_POINT('',(1.710723380004,20.114644500053));
#1472 = CARTESIAN_POINT('',(1.7522023072,20.180659843562));
#1473 = CARTESIAN_POINT('',(1.79368100088,20.246674577773));
#1474 = CARTESIAN_POINT('',(1.83515936951,20.312688556574));
#1475 = CARTESIAN_POINT('',(1.87663774586,20.378702336081));
#1476 = CARTESIAN_POINT('',(1.918116471731,20.444716509004));
#1477 = CARTESIAN_POINT('',(1.959595482694,20.510731039014));
#1478 = CARTESIAN_POINT('',(2.046251269246,20.64864511552));
#1479 = CARTESIAN_POINT('',(2.091429615082,20.720547156707));
#1480 = CARTESIAN_POINT('',(2.136607514312,20.792448562233));
#1481 = CARTESIAN_POINT('',(2.181784853298,20.864349260888));
#1482 = CARTESIAN_POINT('',(2.226962168445,20.936250209226));
#1483 = CARTESIAN_POINT('',(2.27213999319,21.008152337588));
#1484 = CARTESIAN_POINT('',(2.31731820429,21.080055499647));
#1485 = CARTESIAN_POINT('',(2.409453989191,21.226694640065));
#1486 = CARTESIAN_POINT('',(2.456413765634,21.30143415878));
#1487 = CARTESIAN_POINT('',(2.503372971255,21.376173251065));
#1488 = CARTESIAN_POINT('',(2.550331472789,21.450911677717));
#1489 = CARTESIAN_POINT('',(2.59728993588,21.525650427634));
#1490 = CARTESIAN_POINT('',(2.644249031743,21.600390461853));
#1491 = CARTESIAN_POINT('',(2.691208643824,21.675131464838));
#1492 = CARTESIAN_POINT('',(2.77115366886,21.802372136859));
#1493 = CARTESIAN_POINT('',(2.804140463887,21.854873997753));
#1494 = CARTESIAN_POINT('',(2.837127173871,21.907375684843));
#1495 = CARTESIAN_POINT('',(2.870113780895,21.959877123084));
#1496 = CARTESIAN_POINT('',(2.903100400686,22.012378452306));
#1497 = CARTESIAN_POINT('',(2.936087148499,22.06487981629));
#1498 = CARTESIAN_POINT('',(2.969074004997,22.117381151833));
#1499 = CARTESIAN_POINT('',(3.121947144099,22.360690474612));
#1500 = CARTESIAN_POINT('',(3.24195890915,22.551695435487));
#1501 = CARTESIAN_POINT('',(3.361899219281,22.742582614204));
#1502 = CARTESIAN_POINT('',(3.481790616983,22.933388225826));
#1503 = CARTESIAN_POINT('',(3.601682306883,23.124193818013));
#1504 = CARTESIAN_POINT('',(3.721623356098,23.315080771837));
#1505 = CARTESIAN_POINT('',(3.84163571426,23.50608440589));
#1506 = CARTESIAN_POINT('',(4.044860369629,23.829527131296));
#1507 = CARTESIAN_POINT('',(4.128219692112,23.962199007217));
#1508 = CARTESIAN_POINT('',(4.211568547104,24.094855066025));
#1509 = CARTESIAN_POINT('',(4.294907555473,24.227495680715));
#1510 = CARTESIAN_POINT('',(4.378246603923,24.360135821774));
#1511 = CARTESIAN_POINT('',(4.46159557231,24.492790767081));
#1512 = CARTESIAN_POINT('',(4.544955054586,24.62546162616));
#1513 = CARTESIAN_POINT('',(4.666294547352,24.818579031309));
#1514 = CARTESIAN_POINT('',(4.704295654422,24.87905946633));
#1515 = CARTESIAN_POINT('',(4.742296608794,24.93953961648));
#1516 = CARTESIAN_POINT('',(4.780297346065,25.000019433659));
#1517 = CARTESIAN_POINT('',(4.818298075997,25.060499312082));
#1518 = CARTESIAN_POINT('',(4.856299011738,25.120979648513));
#1519 = CARTESIAN_POINT('',(4.89430009906,25.181460402494));
#1520 = CARTESIAN_POINT('',(4.965287281785,25.294440660495));
#1521 = CARTESIAN_POINT('',(4.998274002467,25.346941109251));
#1522 = CARTESIAN_POINT('',(5.031260616333,25.399441557388));
#1523 = CARTESIAN_POINT('',(5.064247101416,25.451941973209));
#1524 = CARTESIAN_POINT('',(5.09723357118,25.504442524833));
#1525 = CARTESIAN_POINT('',(5.130220140635,25.556943366245));
#1526 = CARTESIAN_POINT('',(5.163206792439,25.609444423351));
#1527 = CARTESIAN_POINT('',(5.22830766017,25.713058020961));
#1528 = CARTESIAN_POINT('',(5.260422239523,25.764171138836));
#1529 = CARTESIAN_POINT('',(5.292536745982,25.815284103852));
#1530 = CARTESIAN_POINT('',(5.324651174071,25.866396835002));
#1531 = CARTESIAN_POINT('',(5.356765629902,25.917509420475));
#1532 = CARTESIAN_POINT('',(5.388880213149,25.968621938053));
#1533 = CARTESIAN_POINT('',(5.420994899021,26.01973427552));
#1534 = CARTESIAN_POINT('',(5.492485942733,26.133515421603));
#1535 = CARTESIAN_POINT('',(5.531863077786,26.196185270748));
#1536 = CARTESIAN_POINT('',(5.571240094308,26.258854222394));
#1537 = CARTESIAN_POINT('',(5.610616914015,26.321522101046));
#1538 = CARTESIAN_POINT('',(5.649993787893,26.384189332711));
#1539 = CARTESIAN_POINT('',(5.689370972665,26.446856445807));
#1540 = CARTESIAN_POINT('',(5.728748407255,26.509523572069));
#1541 = CARTESIAN_POINT('',(5.802848145436,26.627449369657));
#1542 = CARTESIAN_POINT('',(5.837571160547,26.682709184932));
#1543 = CARTESIAN_POINT('',(5.872294043142,26.737968971556));
#1544 = CARTESIAN_POINT('',(5.907016736515,26.793228941906));
#1545 = CARTESIAN_POINT('',(5.941739351439,26.848489605156));
#1546 = CARTESIAN_POINT('',(5.976461998905,26.903751429959));
#1547 = CARTESIAN_POINT('',(6.011184622859,26.959014507142));
#1548 = CARTESIAN_POINT('',(6.075566736892,27.061484775149));
#1549 = CARTESIAN_POINT('',(6.105226661114,27.108692306955));
#1550 = CARTESIAN_POINT('',(6.134886447888,27.155900519166));
#1551 = CARTESIAN_POINT('',(6.164546102077,27.203109281643));
#1552 = CARTESIAN_POINT('',(6.194205721304,27.250318414031));
#1553 = CARTESIAN_POINT('',(6.223865426127,27.297527477038));
#1554 = CARTESIAN_POINT('',(6.253525290209,27.34473556371));
#1555 = CARTESIAN_POINT('',(6.283185270493,27.391941090708));
#1556 = ( GEOMETRIC_REPRESENTATION_CONTEXT(2) 
PARAMETRIC_REPRESENTATION_CONTEXT() REPRESENTATION_CONTEXT('2D SPACE',''
  ) );
#1557 = ORIENTED_EDGE('',*,*,#1558,.F.);
#1558 = EDGE_CURVE('',#24,#1198,#1559,.T.);
#1559 = SURFACE_CURVE('',#1560,(#1568,#1575),.PCURVE_S1.);
#1560 = ( BOUNDED_CURVE() B_SPLINE_CURVE(6,(#1561,#1562,#1563,#1564,
#1565,#1566,#1567),.UNSPECIFIED.,.T.,.F.) B_SPLINE_CURVE_WITH_KNOTS((1,6
    ,6,1),(-6.28318530718,0.,6.28318530718,12.566370614359),
.UNSPECIFIED.) CURVE() GEOMETRIC_REPRESENTATION_ITEM() 
RATIONAL_B_SPLINE_CURVE((1.669078461068,1.03672962321,1.038346699848,
    0.853534330196,1.038346699848,1.03672962321,1.669078461068)) 
REPRESENTATION_ITEM('') );
#1561 = CARTESIAN_POINT('',(12.75,1.956640211034E-07,24.99999892428));
#1562 = CARTESIAN_POINT('',(12.750001787355,1.956632788361E-07,
    31.646171226564));
#1563 = CARTESIAN_POINT('',(4.531809281797,-2.063376807609E-07,
    32.600450667381));
#1564 = CARTESIAN_POINT('',(-2.246467684033,-5.379027015265E-07,
    25.00000295728));
#1565 = CARTESIAN_POINT('',(4.531805193819,-2.063359767282E-07,
    17.399551601416));
#1566 = CARTESIAN_POINT('',(12.749998212645,1.956647631002E-07,
    18.353826621996));
#1567 = CARTESIAN_POINT('',(12.75,1.956640211034E-07,24.99999892428));
#1568 = PCURVE('',#264,#1569);
#1569 = DEFINITIONAL_REPRESENTATION('',(#1570),#1574);
#1570 = LINE('',#1571,#1572);
#1571 = CARTESIAN_POINT('',(0.,23.620196240028));
#1572 = VECTOR('',#1573,1.);
#1573 = DIRECTION('',(1.,0.));
#1574 = ( GEOMETRIC_REPRESENTATION_CONTEXT(2) 
PARAMETRIC_REPRESENTATION_CONTEXT() REPRESENTATION_CONTEXT('2D SPACE',''
  ) );
#1575 = PCURVE('',#44,#1576);
#1576 = DEFINITIONAL_REPRESENTATION('',(#1577),#1585);
#1577 = ( BOUNDED_CURVE() B_SPLINE_CURVE(6,(#1578,#1579,#1580,#1581,
#1582,#1583,#1584),.UNSPECIFIED.,.T.,.F.) B_SPLINE_CURVE_WITH_KNOTS((1,6
    ,6,1),(-6.28318530718,0.,6.28318530718,12.566370614359),
.UNSPECIFIED.) CURVE() GEOMETRIC_REPRESENTATION_ITEM() 
RATIONAL_B_SPLINE_CURVE((1.669078461068,1.03672962321,1.038346699848,
    0.853534330196,1.038346699848,1.03672962321,1.669078461068)) 
REPRESENTATION_ITEM('') );
#1578 = CARTESIAN_POINT('',(-3.99936630706,1.075549580065E-06));
#1579 = CARTESIAN_POINT('',(-3.999368094416,-6.646171226734));
#1580 = CARTESIAN_POINT('',(4.218824411143,-7.600450667551));
#1581 = CARTESIAN_POINT('',(10.997101376973,-2.957450615071E-06));
#1582 = CARTESIAN_POINT('',(4.218828499121,7.600448398413));
#1583 = CARTESIAN_POINT('',(-3.999364519705,6.646173377834));
#1584 = CARTESIAN_POINT('',(-3.99936630706,1.075549580065E-06));
#1585 = ( GEOMETRIC_REPRESENTATION_CONTEXT(2) 
PARAMETRIC_REPRESENTATION_CONTEXT() REPRESENTATION_CONTEXT('2D SPACE',''
  ) );
#1586 = ORIENTED_EDGE('',*,*,#84,.F.);
#1587 = ADVANCED_FACE('',(#1588),#72,.T.);
#1588 = FACE_BOUND('',#1589,.T.);
#1589 = EDGE_LOOP('',(#1590,#2066,#2092,#2093));
#1590 = ORIENTED_EDGE('',*,*,#1591,.F.);
#1591 = EDGE_CURVE('',#1592,#22,#1594,.T.);
#1592 = VERTEX_POINT('',#1593);
#1593 = CARTESIAN_POINT('',(12.5,-3.061616997868E-15,13.608058885936));
#1594 = SURFACE_CURVE('',#1595,(#1696,#1800),.PCURVE_S1.);
#1595 = B_SPLINE_CURVE_WITH_KNOTS('',8,(#1596,#1597,#1598,#1599,#1600,
    #1601,#1602,#1603,#1604,#1605,#1606,#1607,#1608,#1609,#1610,#1611,
    #1612,#1613,#1614,#1615,#1616,#1617,#1618,#1619,#1620,#1621,#1622,
    #1623,#1624,#1625,#1626,#1627,#1628,#1629,#1630,#1631,#1632,#1633,
    #1634,#1635,#1636,#1637,#1638,#1639,#1640,#1641,#1642,#1643,#1644,
    #1645,#1646,#1647,#1648,#1649,#1650,#1651,#1652,#1653,#1654,#1655,
    #1656,#1657,#1658,#1659,#1660,#1661,#1662,#1663,#1664,#1665,#1666,
    #1667,#1668,#1669,#1670,#1671,#1672,#1673,#1674,#1675,#1676,#1677,
    #1678,#1679,#1680,#1681,#1682,#1683,#1684,#1685,#1686,#1687,#1688,
    #1689,#1690,#1691,#1692,#1693,#1694,#1695),.UNSPECIFIED.,.F.,.F.,(9,
    7,7,7,7,7,7,7,7,7,7,7,7,7,9),(0.,5.099558858149E-02,0.131000376898,
    0.219075908265,0.274798463301,0.376786191074,0.494450071726,
    0.626249264053,0.635220384687,0.729221798172,0.786179540662,
    0.867311334926,0.920102976757,0.963666647483,1.),.UNSPECIFIED.);
#1596 = CARTESIAN_POINT('',(12.5,1.7763568394E-15,13.608058885936));
#1597 = CARTESIAN_POINT('',(12.5,0.500600971437,13.67179727185));
#1598 = CARTESIAN_POINT('',(12.477087868693,1.00121428265,
    13.735523859069));
#1599 = CARTESIAN_POINT('',(12.43126168059,1.500600893571,
    13.799247105667));
#1600 = CARTESIAN_POINT('',(12.36260173155,1.997535229176,
    13.862972033434));
#1601 = CARTESIAN_POINT('',(12.271265517862,2.490804453838,
    13.92670134068));
#1602 = CARTESIAN_POINT('',(12.157485896407,2.979208368409,
    13.990436019755));
#1603 = CARTESIAN_POINT('',(12.021572425922,3.461559930048,
    14.054175479311));
#1604 = CARTESIAN_POINT('',(11.616575321514,4.682091895335,
    14.217918773657));
#1605 = CARTESIAN_POINT('',(11.315685180135,5.409813338583,
    14.317939110847));
#1606 = CARTESIAN_POINT('',(10.962753572323,6.115245016639,
    14.417959429311));
#1607 = CARTESIAN_POINT('',(10.559744423975,6.794058678425,
    14.517973382462));
#1608 = CARTESIAN_POINT('',(10.109018541757,7.442172937878,
    14.617983027418));
#1609 = CARTESIAN_POINT('',(9.613311651003,8.055746921487,
    14.717993088359));
#1610 = CARTESIAN_POINT('',(9.07574940954,8.63119815515,14.818003486478)
  );
#1611 = CARTESIAN_POINT('',(7.865958643686,9.75316490553,15.028084273679
    ));
#1612 = CARTESIAN_POINT('',(7.185445198851,10.29106332816,
    15.138180920137));
#1613 = CARTESIAN_POINT('',(6.463103234167,10.774492499556,
    15.248267675271));
#1614 = CARTESIAN_POINT('',(5.704062935833,11.199708450925,
    15.358345109383));
#1615 = CARTESIAN_POINT('',(4.913775822467,11.563572168839,
    15.468424332128));
#1616 = CARTESIAN_POINT('',(4.097986221265,11.863520388648,
    15.578515250875));
#1617 = CARTESIAN_POINT('',(3.262738902823,12.097605715832,
    15.688615519015));
#1618 = CARTESIAN_POINT('',(1.877720616544,12.370261829829,
    15.868347193813));
#1619 = CARTESIAN_POINT('',(1.335720049744,12.449078984996,
    15.937996562507));
#1620 = CARTESIAN_POINT('',(0.790007003955,12.500742815107,
    16.007645529799));
#1621 = CARTESIAN_POINT('',(0.242171145325,12.52505739748,
    16.077293603712));
#1622 = CARTESIAN_POINT('',(-0.306195033935,12.521937788085,
    16.146941460951));
#1623 = CARTESIAN_POINT('',(-0.853497109378,12.491407379212,
    16.216589840974));
#1624 = CARTESIAN_POINT('',(-1.39813950161,12.433600439187,
    16.286238423981));
#1625 = CARTESIAN_POINT('',(-2.927583530957,12.193506303021,
    16.483356677948));
#1626 = CARTESIAN_POINT('',(-3.902699796896,11.947665480575,
    16.610861535483));
#1627 = CARTESIAN_POINT('',(-4.853785398413,11.612747470585,
    16.738346195534));
#1628 = CARTESIAN_POINT('',(-5.771375079338,11.191618750051,
    16.865813054464));
#1629 = CARTESIAN_POINT('',(-6.646550229051,10.688241503103,
    16.993279787517));
#1630 = CARTESIAN_POINT('',(-7.470911209775,10.107584345751,
    17.120764280599));
#1631 = CARTESIAN_POINT('',(-8.236634075867,9.455696671132,
    17.248269478832));
#1632 = CARTESIAN_POINT('',(-9.744254391487,7.914143018262,
    17.522809891354));
#1633 = CARTESIAN_POINT('',(-10.46504556591,7.002670666482,
    17.669952155833));
#1634 = CARTESIAN_POINT('',(-11.08776181018,6.016729331252,
    17.817060903854));
#1635 = CARTESIAN_POINT('',(-11.60371203371,4.968811244349,
    17.964143330828));
#1636 = CARTESIAN_POINT('',(-12.00604945387,3.872243332236,
    18.111226360936));
#1637 = CARTESIAN_POINT('',(-12.28985431664,2.741177590564,
    18.258336551943));
#1638 = CARTESIAN_POINT('',(-12.45208359249,1.590524403315,
    18.405480333561));
#1639 = CARTESIAN_POINT('',(-12.53753395264,-0.856855975964,
    18.717283676551));
#1640 = CARTESIAN_POINT('',(-12.4297595753,-2.156207915026,
    18.882137991528));
#1641 = CARTESIAN_POINT('',(-12.16786950302,-3.439249173926,
    19.046915942339));
#1642 = CARTESIAN_POINT('',(-11.75522338525,-4.684802995494,
    19.211640559973));
#1643 = CARTESIAN_POINT('',(-11.19804511268,-5.872756509796,
    19.376365604413));
#1644 = CARTESIAN_POINT('',(-10.50565077539,-6.98422948327,
    19.54114432102));
#1645 = CARTESIAN_POINT('',(-9.690166824432,-8.001538929033,
    19.705998762405));
#1646 = CARTESIAN_POINT('',(-8.705264192435,-8.970848950279,
    19.881945736067));
#1647 = CARTESIAN_POINT('',(-8.642000220124,-9.032116473484,
    19.893158636429));
#1648 = CARTESIAN_POINT('',(-8.578243565603,-9.092873993514,
    19.904371568312));
#1649 = CARTESIAN_POINT('',(-8.513998966312,-9.153116947459,
    19.915584541974));
#1650 = CARTESIAN_POINT('',(-8.44927125248,-9.212840788518,
    19.926797560385));
#1651 = CARTESIAN_POINT('',(-8.384065347135,-9.272040986002,
    19.938010619227));
#1652 = CARTESIAN_POINT('',(-8.318386266094,-9.330713025331,
    19.949223706893));
#1653 = CARTESIAN_POINT('',(-7.559134468599,-9.998049895844,
    20.077930155278));
#1654 = CARTESIAN_POINT('',(-6.814495710418,-10.54889152262,
    20.195448924943));
#1655 = CARTESIAN_POINT('',(-6.024250914724,-11.0360988835,
    20.312957487064));
#1656 = CARTESIAN_POINT('',(-5.194803601561,-11.45533933498,
    20.430455421378));
#1657 = CARTESIAN_POINT('',(-4.332933421541,-11.80308297842,
    20.547952380105));
#1658 = CARTESIAN_POINT('',(-3.445762666036,-12.07655523475,
    20.665458442827));
#1659 = CARTESIAN_POINT('',(-2.540769891506,-12.27379343071,
    20.78297428279));
#1660 = CARTESIAN_POINT('',(-1.071448790408,-12.46654029875,
    20.971656233601));
#1661 = CARTESIAN_POINT('',(-0.513332717102,-12.51092629886,
    21.042848418653));
#1662 = CARTESIAN_POINT('',(4.680425921629E-02,-12.52674653638,
    21.114039375005));
#1663 = CARTESIAN_POINT('',(0.607254405974,-12.51390352818,
    21.185229100407));
#1664 = CARTESIAN_POINT('',(1.16631481726,-12.47242075363,
    21.256418925764));
#1665 = CARTESIAN_POINT('',(1.722288242504,-12.40243969975,
    21.327610188276));
#1666 = CARTESIAN_POINT('',(2.273484201579,-12.3042227863,
    21.398802889962));
#1667 = CARTESIAN_POINT('',(3.594153949264,-11.99859880508,
    21.571400927379));
#1668 = CARTESIAN_POINT('',(4.357098477939,-11.76251387691,21.6728201652
    ));
#1669 = CARTESIAN_POINT('',(5.102120026992,-11.47102714445,
    21.774236337902));
#1670 = CARTESIAN_POINT('',(5.824534575769,-11.12576723889,
    21.875648201362));
#1671 = CARTESIAN_POINT('',(6.519881214992,-10.72880418133,
    21.977061105785));
#1672 = CARTESIAN_POINT('',(7.183917478537,-10.28262455053,
    22.078479607669));
#1673 = CARTESIAN_POINT('',(7.812636820296,-9.79014930128,
    22.179900572423));
#1674 = CARTESIAN_POINT('',(8.786001490603,-8.906444079998,
    22.347290758016));
#1675 = CARTESIAN_POINT('',(9.153198011314,-8.53990609025,
    22.413274602877));
#1676 = CARTESIAN_POINT('',(9.502879979701,-8.156101763684,
    22.47925601196));
#1677 = CARTESIAN_POINT('',(9.834103559788,-7.756012460428,
    22.545234558515));
#1678 = CARTESIAN_POINT('',(10.145994823114,-7.340675411805,
    22.611210964283));
#1679 = CARTESIAN_POINT('',(10.437748631514,-6.911182072905,
    22.677186310906));
#1680 = CARTESIAN_POINT('',(10.708630477739,-6.468678817278,
    22.743161177691));
#1681 = CARTESIAN_POINT('',(11.163745606451,-5.639474248182,
    22.863576070978));
#1682 = CARTESIAN_POINT('',(11.35485334493,-5.256529605628,
    22.918017955181));
#1683 = CARTESIAN_POINT('',(11.530935033102,-4.86620984829,
    22.972460141071));
#1684 = CARTESIAN_POINT('',(11.69166000214,-4.469204378626,
    23.026903319187));
#1685 = CARTESIAN_POINT('',(11.83673653557,-4.066217876375,
    23.08134857402));
#1686 = CARTESIAN_POINT('',(11.965912024184,-3.65796997559,
    23.13579687012));
#1687 = CARTESIAN_POINT('',(12.078973120948,-3.245194941672,
    23.190248538217));
#1688 = CARTESIAN_POINT('',(12.25645716953,-2.481223688358,
    23.290119147299));
#1689 = CARTESIAN_POINT('',(12.325839345989,-2.131173136754,
    23.335537900325));
#1690 = CARTESIAN_POINT('',(12.383791967428,-1.778922822755,
    23.380958617623));
#1691 = CARTESIAN_POINT('',(12.430234650362,-1.424908368937,
    23.426380919545));
#1692 = CARTESIAN_POINT('',(12.465107069069,-1.069567732778,23.471804087
    ));
#1693 = CARTESIAN_POINT('',(12.488368938968,-0.713341048155,
    23.51722669888));
#1694 = CARTESIAN_POINT('',(12.5,-0.356670466841,23.562646269482));
#1695 = CARTESIAN_POINT('',(12.5,-5.329070518201E-15,23.608058885937));
#1696 = PCURVE('',#72,#1697);
#1697 = DEFINITIONAL_REPRESENTATION('',(#1698),#1799);
#1698 = B_SPLINE_CURVE_WITH_KNOTS('',8,(#1699,#1700,#1701,#1702,#1703,
    #1704,#1705,#1706,#1707,#1708,#1709,#1710,#1711,#1712,#1713,#1714,
    #1715,#1716,#1717,#1718,#1719,#1720,#1721,#1722,#1723,#1724,#1725,
    #1726,#1727,#1728,#1729,#1730,#1731,#1732,#1733,#1734,#1735,#1736,
    #1737,#1738,#1739,#1740,#1741,#1742,#1743,#1744,#1745,#1746,#1747,
    #1748,#1749,#1750,#1751,#1752,#1753,#1754,#1755,#1756,#1757,#1758,
    #1759,#1760,#1761,#1762,#1763,#1764,#1765,#1766,#1767,#1768,#1769,
    #1770,#1771,#1772,#1773,#1774,#1775,#1776,#1777,#1778,#1779,#1780,
    #1781,#1782,#1783,#1784,#1785,#1786,#1787,#1788,#1789,#1790,#1791,
    #1792,#1793,#1794,#1795,#1796,#1797,#1798),.UNSPECIFIED.,.F.,.F.,(9,
    7,7,7,7,7,7,7,7,7,7,7,7,7,9),(0.,5.099558858149E-02,0.131000376898,
    0.219075908265,0.274798463301,0.376786191074,0.494450071726,
    0.626249264053,0.635220384687,0.729221798172,0.786179540662,
    0.867311334926,0.920102976757,0.963666647483,1.),.UNSPECIFIED.);
#1699 = CARTESIAN_POINT('',(0.,13.608058885936));
#1700 = CARTESIAN_POINT('',(4.004807771495E-02,13.67179727185));
#1701 = CARTESIAN_POINT('',(8.009713808383E-02,13.735523859069));
#1702 = CARTESIAN_POINT('',(0.120145954681,13.799247105667));
#1703 = CARTESIAN_POINT('',(0.160194341895,13.862972033434));
#1704 = CARTESIAN_POINT('',(0.200242643624,13.92670134068));
#1705 = CARTESIAN_POINT('',(0.240291236078,13.990436019755));
#1706 = CARTESIAN_POINT('',(0.28034004469,14.054175479311));
#1707 = CARTESIAN_POINT('',(0.38321770976,14.217918773657));
#1708 = CARTESIAN_POINT('',(0.446053682546,14.317939110847));
#1709 = CARTESIAN_POINT('',(0.508886684133,14.417959429311));
#1710 = CARTESIAN_POINT('',(0.571716084411,14.517973382462));
#1711 = CARTESIAN_POINT('',(0.634545561052,14.617983027418));
#1712 = CARTESIAN_POINT('',(0.697378750434,14.717993088359));
#1713 = CARTESIAN_POINT('',(0.760214920953,14.818003486478));
#1714 = CARTESIAN_POINT('',(0.892212571505,15.028084273679));
#1715 = CARTESIAN_POINT('',(0.96139096982,15.138180920137));
#1716 = CARTESIAN_POINT('',(1.030564774952,15.248267675271));
#1717 = CARTESIAN_POINT('',(1.099732782246,15.358345109383));
#1718 = CARTESIAN_POINT('',(1.16890077746,15.468424332128));
#1719 = CARTESIAN_POINT('',(1.238074578545,15.578515250875));
#1720 = CARTESIAN_POINT('',(1.307253012862,15.688615519015));
#1721 = CARTESIAN_POINT('',(1.420181082282,15.868347193813));
#1722 = CARTESIAN_POINT('',(1.463942491116,15.937996562507));
#1723 = CARTESIAN_POINT('',(1.507703446713,16.007645529799));
#1724 = CARTESIAN_POINT('',(1.551463802548,16.077293603712));
#1725 = CARTESIAN_POINT('',(1.595224149334,16.146941460951));
#1726 = CARTESIAN_POINT('',(1.638985089804,16.216589840974));
#1727 = CARTESIAN_POINT('',(1.682746514118,16.286238423981));
#1728 = CARTESIAN_POINT('',(1.806600472843,16.483356677948));
#1729 = CARTESIAN_POINT('',(1.886716036449,16.610861535483));
#1730 = CARTESIAN_POINT('',(1.966820445438,16.738346195534));
#1731 = CARTESIAN_POINT('',(2.046914830366,16.865813054464));
#1732 = CARTESIAN_POINT('',(2.127009214206,16.993279787517));
#1733 = CARTESIAN_POINT('',(2.207113617956,17.120764280599));
#1734 = CARTESIAN_POINT('',(2.287229166399,17.248269478832));
#1735 = CARTESIAN_POINT('',(2.459727174378,17.522809891354));
#1736 = CARTESIAN_POINT('',(2.55217621652,17.669952155833));
#1737 = CARTESIAN_POINT('',(2.644601188239,17.817060903853));
#1738 = CARTESIAN_POINT('',(2.737007291843,17.964143330829));
#1739 = CARTESIAN_POINT('',(2.82941338452,18.111226360936));
#1740 = CARTESIAN_POINT('',(2.921838325946,18.258336551943));
#1741 = CARTESIAN_POINT('',(3.014287344665,18.405480333561));
#1742 = CARTESIAN_POINT('',(3.210197078735,18.717283676551));
#1743 = CARTESIAN_POINT('',(3.313780966422,18.882137991529));
#1744 = CARTESIAN_POINT('',(3.417321108126,19.046915942338));
#1745 = CARTESIAN_POINT('',(3.520830693327,19.211640559975));
#1746 = CARTESIAN_POINT('',(3.624340282126,19.376365604411));
#1747 = CARTESIAN_POINT('',(3.727880443934,19.541144321021));
#1748 = CARTESIAN_POINT('',(3.831464388163,19.705998762405));
#1749 = CARTESIAN_POINT('',(3.942014868558,19.881945736067));
#1750 = CARTESIAN_POINT('',(3.949060110527,19.893158636429));
#1751 = CARTESIAN_POINT('',(3.956105358216,19.904371568312));
#1752 = CARTESIAN_POINT('',(3.963150618323,19.915584541974));
#1753 = CARTESIAN_POINT('',(3.970195892996,19.926797560385));
#1754 = CARTESIAN_POINT('',(3.977241179834,19.938010619227));
#1755 = CARTESIAN_POINT('',(3.984286471883,19.949223706893));
#1756 = CARTESIAN_POINT('',(4.065153841451,20.077930155278));
#1757 = CARTESIAN_POINT('',(4.138990520027,20.195448924943));
#1758 = CARTESIAN_POINT('',(4.212819826848,20.312957487064));
#1759 = CARTESIAN_POINT('',(4.286642225913,20.430455421378));
#1760 = CARTESIAN_POINT('',(4.360464643436,20.547952380105));
#1761 = CARTESIAN_POINT('',(4.434293999281,20.665458442827));
#1762 = CARTESIAN_POINT('',(4.508130739988,20.78297428279));
#1763 = CARTESIAN_POINT('',(4.626683502339,20.971656233601));
#1764 = CARTESIAN_POINT('',(4.671415345751,21.042848418653));
#1765 = CARTESIAN_POINT('',(4.716146664093,21.114039375005));
#1766 = CARTESIAN_POINT('',(4.760877321486,21.185229100408));
#1767 = CARTESIAN_POINT('',(4.805607982608,21.256418925764));
#1768 = CARTESIAN_POINT('',(4.850339306897,21.327610188276));
#1769 = CARTESIAN_POINT('',(4.895071141931,21.398802889962));
#1770 = CARTESIAN_POINT('',(5.003516876943,21.571400927379));
#1771 = CARTESIAN_POINT('',(5.067239018184,21.6728201652));
#1772 = CARTESIAN_POINT('',(5.130958038179,21.774236337902));
#1773 = CARTESIAN_POINT('',(5.194673148257,21.875648201362));
#1774 = CARTESIAN_POINT('',(5.258388231252,21.977061105785));
#1775 = CARTESIAN_POINT('',(5.322107192737,22.078479607669));
#1776 = CARTESIAN_POINT('',(5.385829304849,22.179900572423));
#1777 = CARTESIAN_POINT('',(5.491003406589,22.347290758016));
#1778 = CARTESIAN_POINT('',(5.532463199017,22.413274602877));
#1779 = CARTESIAN_POINT('',(5.573922693861,22.47925601196));
#1780 = CARTESIAN_POINT('',(5.615381780267,22.545234558515));
#1781 = CARTESIAN_POINT('',(5.656840906049,22.611210964283));
#1782 = CARTESIAN_POINT('',(5.698300521312,22.677186310906));
#1783 = CARTESIAN_POINT('',(5.739760522302,22.743161177691));
#1784 = CARTESIAN_POINT('',(5.815431811348,22.863576070978));
#1785 = CARTESIAN_POINT('',(5.849644247445,22.918017955181));
#1786 = CARTESIAN_POINT('',(5.883856544257,22.972460141071));
#1787 = CARTESIAN_POINT('',(5.918068645959,23.026903319187));
#1788 = CARTESIAN_POINT('',(5.952280697972,23.08134857402));
#1789 = CARTESIAN_POINT('',(5.986492844536,23.13579687012));
#1790 = CARTESIAN_POINT('',(6.020705026283,23.190248538217));
#1791 = CARTESIAN_POINT('',(6.083450361135,23.290119147299));
#1792 = CARTESIAN_POINT('',(6.11198401808,23.335537900325));
#1793 = CARTESIAN_POINT('',(6.140517577998,23.380958617623));
#1794 = CARTESIAN_POINT('',(6.169051038956,23.426380919545));
#1795 = CARTESIAN_POINT('',(6.197584488232,23.471804087));
#1796 = CARTESIAN_POINT('',(6.226118022801,23.51722669888));
#1797 = CARTESIAN_POINT('',(6.254651669832,23.562646269482));
#1798 = CARTESIAN_POINT('',(6.28318530718,23.608058885937));
#1799 = ( GEOMETRIC_REPRESENTATION_CONTEXT(2) 
PARAMETRIC_REPRESENTATION_CONTEXT() REPRESENTATION_CONTEXT('2D SPACE',''
  ) );
#1800 = PCURVE('',#1801,#1963);
#1801 = ( BOUNDED_SURFACE() B_SPLINE_SURFACE(6,11,(
    (#1802,#1803,#1804,#1805,#1806,#1807,#1808,#1809,#1810,#1811,#1812
      ,#1813,#1814,#1815,#1816,#1817,#1818,#1819,#1820,#1821,#1822,#1823
      ,#1824)
    ,(#1825,#1826,#1827,#1828,#1829,#1830,#1831,#1832,#1833,#1834,#1835
      ,#1836,#1837,#1838,#1839,#1840,#1841,#1842,#1843,#1844,#1845,#1846
      ,#1847)
    ,(#1848,#1849,#1850,#1851,#1852,#1853,#1854,#1855,#1856,#1857,#1858
      ,#1859,#1860,#1861,#1862,#1863,#1864,#1865,#1866,#1867,#1868,#1869
      ,#1870)
    ,(#1871,#1872,#1873,#1874,#1875,#1876,#1877,#1878,#1879,#1880,#1881
      ,#1882,#1883,#1884,#1885,#1886,#1887,#1888,#1889,#1890,#1891,#1892
      ,#1893)
    ,(#1894,#1895,#1896,#1897,#1898,#1899,#1900,#1901,#1902,#1903,#1904
      ,#1905,#1906,#1907,#1908,#1909,#1910,#1911,#1912,#1913,#1914,#1915
      ,#1916)
    ,(#1917,#1918,#1919,#1920,#1921,#1922,#1923,#1924,#1925,#1926,#1927
      ,#1928,#1929,#1930,#1931,#1932,#1933,#1934,#1935,#1936,#1937,#1938
      ,#1939)
    ,(#1940,#1941,#1942,#1943,#1944,#1945,#1946,#1947,#1948,#1949,#1950
      ,#1951,#1952,#1953,#1954,#1955,#1956,#1957,#1958,#1959,#1960,#1961
,#1962
    )),.UNSPECIFIED.,.T.,.F.,.F.) B_SPLINE_SURFACE_WITH_KNOTS((1,6,6,1),
  (12,11,12),(-6.28318530718,0.,6.28318530718,12.566370614359),(0.,
    11.810098120014,23.620196240028),.UNSPECIFIED.) 
GEOMETRIC_REPRESENTATION_ITEM() RATIONAL_B_SPLINE_SURFACE((
    (1.669078461068,1.669078461068,1.669078461068,1.669078461069
      ,1.669078461066,1.669078461071,1.669078461066,1.66907846107
      ,1.669078461067,1.669078461069,1.669078461068,1.669078461068
      ,1.669078461068,1.669078461069,1.669078461067,1.66907846107
      ,1.669078461067,1.66907846107,1.669078461067,1.669078461069
      ,1.669078461068,1.669078461068,1.669078461068)
    ,(1.03672962321,1.03672962321,1.036729623209,1.03672962321
      ,1.036729623208,1.036729623212,1.036729623208,1.036729623211
      ,1.036729623209,1.03672962321,1.03672962321,1.03672962321
      ,1.03672962321,1.03672962321,1.036729623209,1.03672962321
      ,1.036729623209,1.03672962321,1.036729623209,1.03672962321
      ,1.036729623209,1.03672962321,1.03672962321)
    ,(1.038346699848,1.038346699848,1.038346699847,1.038346699848
      ,1.038346699846,1.038346699849,1.038346699846,1.038346699849
      ,1.038346699847,1.038346699848,1.038346699847,1.038346699848
      ,1.038346699847,1.038346699848,1.038346699847,1.038346699848
      ,1.038346699847,1.038346699848,1.038346699847,1.038346699848
      ,1.038346699847,1.038346699848,1.038346699848)
    ,(0.853534330196,0.853534330196,0.853534330196,0.853534330197
      ,0.853534330195,0.853534330198,0.853534330195,0.853534330197
      ,0.853534330195,0.853534330196,0.853534330196,0.853534330196
      ,0.853534330196,0.853534330196,0.853534330196,0.853534330197
      ,0.853534330195,0.853534330197,0.853534330196,0.853534330196
      ,0.853534330196,0.853534330196,0.853534330196)
    ,(1.038346699848,1.038346699848,1.038346699847,1.038346699848
      ,1.038346699846,1.038346699849,1.038346699846,1.038346699849
      ,1.038346699847,1.038346699848,1.038346699847,1.038346699848
      ,1.038346699847,1.038346699848,1.038346699847,1.038346699848
      ,1.038346699847,1.038346699848,1.038346699847,1.038346699848
      ,1.038346699847,1.038346699848,1.038346699848)
    ,(1.03672962321,1.03672962321,1.036729623209,1.03672962321
      ,1.036729623208,1.036729623212,1.036729623208,1.036729623211
      ,1.036729623209,1.03672962321,1.03672962321,1.03672962321
      ,1.03672962321,1.03672962321,1.036729623209,1.03672962321
      ,1.036729623209,1.03672962321,1.036729623209,1.03672962321
      ,1.036729623209,1.03672962321,1.03672962321)
    ,(1.669078461068,1.669078461068,1.669078461068,1.669078461069
      ,1.669078461066,1.669078461071,1.669078461066,1.66907846107
      ,1.669078461067,1.669078461069,1.669078461068,1.669078461068
      ,1.669078461068,1.669078461069,1.669078461067,1.66907846107
      ,1.669078461067,1.66907846107,1.669078461067,1.669078461069
      ,1.669078461068,1.669078461068,1.669078461068
))) REPRESENTATION_ITEM('') SURFACE() );
#1802 = CARTESIAN_POINT('',(12.75,6.064593272015E-15,5.));
#1803 = CARTESIAN_POINT('',(12.75,7.282795926058,5.909088605339));
#1804 = CARTESIAN_POINT('',(8.17507853478,14.565328528592,6.818188402084
    ));
#1805 = CARTESIAN_POINT('',(-0.984269380987,18.655361849508,
    7.727250370735));
#1806 = CARTESIAN_POINT('',(-12.17377865209,16.346016439431,
    8.636408496357));
#1807 = CARTESIAN_POINT('',(-20.51702179887,6.741853687568,9.54538903189
    ));
#1808 = CARTESIAN_POINT('',(-20.51702169561,-6.741854002424,
    10.454609892431));
#1809 = CARTESIAN_POINT('',(-12.17377840111,-16.34601662627,
    11.363590427853));
#1810 = CARTESIAN_POINT('',(-0.984269094745,-18.65536186457,
    12.272748553622));
#1811 = CARTESIAN_POINT('',(8.175078758316,-14.56532840316,
    13.181810522165));
#1812 = CARTESIAN_POINT('',(12.750000111763,-7.28279573038,
    14.090910318959));
#1813 = CARTESIAN_POINT('',(12.75,1.956632713768E-07,14.999998924285));
#1814 = CARTESIAN_POINT('',(12.750000000003,7.282795530843,
    15.909090778153));
#1815 = CARTESIAN_POINT('',(8.175078534773,14.565329169978,
    16.818184875855));
#1816 = CARTESIAN_POINT('',(-0.984269380982,18.655360992995,
    17.727255079717));
#1817 = CARTESIAN_POINT('',(-12.17377865207,16.346017391389,
    18.636403262683));
#1818 = CARTESIAN_POINT('',(-20.51702179892,6.741852804548,
    19.545393886331));
#1819 = CARTESIAN_POINT('',(-20.51702169557,-6.741853322375,
    20.454606154143));
#1820 = CARTESIAN_POINT('',(-12.17377840112,-16.34601705461,
    21.363592782275));
#1821 = CARTESIAN_POINT('',(-0.98426909475,-18.65536165073,
    22.272747378269));
#1822 = CARTESIAN_POINT('',(8.175078758322,-14.56532848222,
    23.181810956694));
#1823 = CARTESIAN_POINT('',(12.750000111761,-7.282795712591,
    24.090910221182));
#1824 = CARTESIAN_POINT('',(12.75,1.956640211034E-07,24.99999892428));
#1825 = CARTESIAN_POINT('',(12.75,3.330669073875E-16,11.646172302284));
#1826 = CARTESIAN_POINT('',(12.750003827782,7.282796436525,
    12.555260907623));
#1827 = CARTESIAN_POINT('',(8.175073083172,14.565326117023,
    13.464360704368));
#1828 = CARTESIAN_POINT('',(-0.984266709388,18.655376603173,
    14.373422673018));
#1829 = CARTESIAN_POINT('',(-12.17376445748,16.34599648235,
    15.282580798647));
#1830 = CARTESIAN_POINT('',(-20.51705915552,6.741865176694,
    16.191561334161));
#1831 = CARTESIAN_POINT('',(-20.51698721518,-6.741843458587,
    17.100782194732));
#1832 = CARTESIAN_POINT('',(-12.17379430217,-16.34603887466,
    18.009762730122));
#1833 = CARTESIAN_POINT('',(-0.984271904434,-18.65534972615,
    18.918920855915));
#1834 = CARTESIAN_POINT('',(8.175085355998,-14.56533285653,
    19.827982824446));
#1835 = CARTESIAN_POINT('',(12.749998071308,-7.282796240847,
    20.737082621244));
#1836 = CARTESIAN_POINT('',(12.750001787346,1.956634291048E-07,
    21.646171226569));
#1837 = CARTESIAN_POINT('',(12.75000021756,7.28279604131,22.555263080437
    ));
#1838 = CARTESIAN_POINT('',(8.17507894215,14.565326758397,
    23.464357178139));
#1839 = CARTESIAN_POINT('',(-0.984274533567,18.655375746706,
    24.373427381998));
#1840 = CARTESIAN_POINT('',(-12.17375576149,16.345997434213,
    25.282575564976));
#1841 = CARTESIAN_POINT('',(-20.5170672214,6.741864293807,
    26.191566188599));
#1842 = CARTESIAN_POINT('',(-20.51698100386,-6.741842778669,
    27.100778456447));
#1843 = CARTESIAN_POINT('',(-12.1737982141,-16.34603930291,
    28.009765084543));
#1844 = CARTESIAN_POINT('',(-0.984269951574,-18.65534951236,
    28.918919680562));
#1845 = CARTESIAN_POINT('',(8.175084634031,-14.56533293558,
    29.827983258975));
#1846 = CARTESIAN_POINT('',(12.749998233763,-7.282796223059,
    30.737082523467));
#1847 = CARTESIAN_POINT('',(12.750001787355,1.956632788361E-07,
    31.646171226564));
#1848 = CARTESIAN_POINT('',(4.531807237807,-2.366162821232E-15,
    12.600449532982));
#1849 = CARTESIAN_POINT('',(4.531811615195,2.588549161691,13.50954287149
    ));
#1850 = CARTESIAN_POINT('',(2.905707284046,5.177139375974,
    14.418624408128));
#1851 = CARTESIAN_POINT('',(-0.34982966651,6.630498437641,
    15.327745836283));
#1852 = CARTESIAN_POINT('',(-4.327000208647,5.810525178892,
    16.236765862363));
#1853 = CARTESIAN_POINT('',(-7.292517827538,2.395504818517,
    17.145973165583));
#1854 = CARTESIAN_POINT('',(-7.292435784994,-2.395479289991,
    18.054927034744));
#1855 = CARTESIAN_POINT('',(-4.327034890064,-5.810573247266,
    18.964134338059));
#1856 = CARTESIAN_POINT('',(-0.349836236735,-6.630467668452,
    19.873154364014));
#1857 = CARTESIAN_POINT('',(2.905720827699,-5.177147358866,
    20.78227579226));
#1858 = CARTESIAN_POINT('',(4.531804786515,-2.588549368044,
    21.691357328857));
#1859 = CARTESIAN_POINT('',(4.531809281787,-2.063362254043E-07,
    22.600450667375));
#1860 = CARTESIAN_POINT('',(4.531807486605,2.588549578464,
    23.509540580152));
#1861 = CARTESIAN_POINT('',(2.905713984279,5.177138699586,
    24.418628126711));
#1862 = CARTESIAN_POINT('',(-0.349838614107,6.630499340939,
    25.327740870427));
#1863 = CARTESIAN_POINT('',(-4.326990264084,5.810524174885,
    26.236771381527));
#1864 = CARTESIAN_POINT('',(-7.292527051489,2.395505749839,
    27.145968046354));
#1865 = CARTESIAN_POINT('',(-7.292428681889,-2.395480007229,
    28.05493097692));
#1866 = CARTESIAN_POINT('',(-4.327039363664,-5.810572795511,
    28.964131855239));
#1867 = CARTESIAN_POINT('',(-0.349834003479,-6.630467893983,
    29.873155603458));
#1868 = CARTESIAN_POINT('',(2.905720002066,-5.177147275486,
    30.782275334039));
#1869 = CARTESIAN_POINT('',(4.531804972298,-2.588549386806,
    31.691357431965));
#1870 = CARTESIAN_POINT('',(4.531809281797,-2.063376807609E-07,
    32.600450667381));
#1871 = CARTESIAN_POINT('',(-2.246467684034,2.012279232133E-16,5.));
#1872 = CARTESIAN_POINT('',(-2.246467684032,-1.283214959077,
    5.909097242372));
#1873 = CARTESIAN_POINT('',(-1.440400740279,-2.566130656546,
    6.818163718275));
#1874 = CARTESIAN_POINT('',(0.173443650788,-3.287507318963,7.72733418798
    ));
#1875 = CARTESIAN_POINT('',(2.144906650465,-2.878990388439,
    8.636240311057));
#1876 = CARTESIAN_POINT('',(3.61498542433,-1.189339858219,9.545634649815
    ));
#1877 = CARTESIAN_POINT('',(3.614985140063,1.189340723739,
    10.454368307358));
#1878 = CARTESIAN_POINT('',(2.144905960742,2.878990902202,
    11.363762646403));
#1879 = CARTESIAN_POINT('',(0.173442863777,3.287507360326,
    12.272668769103));
#1880 = CARTESIAN_POINT('',(-1.440401354778,2.566130311747,
    13.181839239082));
#1881 = CARTESIAN_POINT('',(-2.246467991287,1.283214421131,
    14.09090571486));
#1882 = CARTESIAN_POINT('',(-2.246467684033,-5.379013094456E-07,
    15.000002957266));
#1883 = CARTESIAN_POINT('',(-2.246467684032,-1.283213872584,
    15.909091269051));
#1884 = CARTESIAN_POINT('',(-1.440400740282,-2.566132419798,
    16.818173412301));
#1885 = CARTESIAN_POINT('',(0.173443650804,-3.287504964282,
    17.727321242424));
#1886 = CARTESIAN_POINT('',(2.144906650427,-2.87899300552,
    18.636254699042));
#1887 = CARTESIAN_POINT('',(3.614985424387,-1.189337430709,
    19.545621304415));
#1888 = CARTESIAN_POINT('',(3.614985140007,1.189338854297,
    20.454378584295));
#1889 = CARTESIAN_POINT('',(2.144905960778,2.878992079658,
    21.363756173879));
#1890 = CARTESIAN_POINT('',(0.17344286376,3.2875067725,22.272672000243)
  );
#1891 = CARTESIAN_POINT('',(-1.440401354774,2.566130529076,
    23.181838044531));
#1892 = CARTESIAN_POINT('',(-2.246467991288,1.283214372226,
    24.090905983656));
#1893 = CARTESIAN_POINT('',(-2.246467684033,-5.379027015265E-07,
    25.00000295728));
#1894 = CARTESIAN_POINT('',(4.531807237807,-7.868705687031E-15,
    -2.600449532982));
#1895 = CARTESIAN_POINT('',(4.531802860422,2.588547994168,
    -1.691356194475));
#1896 = CARTESIAN_POINT('',(2.905719752785,5.177144891639,
    -0.782274657838));
#1897 = CARTESIAN_POINT('',(-0.349835776912,6.630464693544,
    0.126846770325));
#1898 = CARTESIAN_POINT('',(-4.327032674063,5.810570824075,
    1.035866796378));
#1899 = CARTESIAN_POINT('',(-7.292432386706,2.395478540948,
    1.945074099655));
#1900 = CARTESIAN_POINT('',(-7.292514647455,-2.395503405477,
    2.854027968735));
#1901 = CARTESIAN_POINT('',(-4.326998521726,-5.810522361509,
    3.763235272132));
#1902 = CARTESIAN_POINT('',(-0.349829810499,-6.630495431024,
    4.672255298028));
#1903 = CARTESIAN_POINT('',(2.905705737699,-5.177137173266,
    5.581376726304));
#1904 = CARTESIAN_POINT('',(4.531809453377,-2.588548200521,6.49045826289
    ));
#1905 = CARTESIAN_POINT('',(4.531805193829,-2.063365730567E-07,
    7.399551601411));
#1906 = CARTESIAN_POINT('',(4.531806989014,2.588548410941,8.308641514186
    ));
#1907 = CARTESIAN_POINT('',(2.905713052541,5.177144215274,9.217729060747
    ));
#1908 = CARTESIAN_POINT('',(-0.34982682929,6.630465596749,
    10.126841804466));
#1909 = CARTESIAN_POINT('',(-4.327042618656,5.810569820263,
    11.035872315547));
#1910 = CARTESIAN_POINT('',(-7.292423162726,2.395479471995,
    11.945068980421));
#1911 = CARTESIAN_POINT('',(-7.292521750591,-2.395504122437,
    12.854031910917));
#1912 = CARTESIAN_POINT('',(-4.326994048092,-5.810521909955,
    13.763232789307));
#1913 = CARTESIAN_POINT('',(-0.349832043781,-6.630495656455,
    14.672256537474));
#1914 = CARTESIAN_POINT('',(2.905706563345,-5.177137089915,
    15.581376268082));
#1915 = CARTESIAN_POINT('',(4.531809267591,-2.58854821928,
    16.490458365998));
#1916 = CARTESIAN_POINT('',(4.531805193819,-2.063359767282E-07,
    17.399551601416));
#1917 = CARTESIAN_POINT('',(12.75,-6.022959908591E-15,-1.646172302284));
#1918 = CARTESIAN_POINT('',(12.749996172218,7.282795415591,
    -0.737083696945));
#1919 = CARTESIAN_POINT('',(8.175083986395,14.565330940166,
    0.172016099798));
#1920 = CARTESIAN_POINT('',(-0.984272052598,18.65534709583,
    1.081078068455));
#1921 = CARTESIAN_POINT('',(-12.17379284668,16.346036396533,
    1.990236194062));
#1922 = CARTESIAN_POINT('',(-20.51698444224,6.741842198418,
    2.899216729624));
#1923 = CARTESIAN_POINT('',(-20.51705617603,-6.741864546247,
    3.808437590125));
#1924 = CARTESIAN_POINT('',(-12.17376250007,-16.34599437788,
    4.717418125586));
#1925 = CARTESIAN_POINT('',(-0.984266285044,-18.65537400299,
    5.626576251327));
#1926 = CARTESIAN_POINT('',(8.175072160628,-14.56532394979,
    6.535638219885));
#1927 = CARTESIAN_POINT('',(12.75000215222,-7.282795219912,
    7.444738016674));
#1928 = CARTESIAN_POINT('',(12.749998212653,1.9566312804E-07,
    8.353826622001));
#1929 = CARTESIAN_POINT('',(12.749999782445,7.282795020376,
    9.262918475868));
#1930 = CARTESIAN_POINT('',(8.175078127396,14.56533158156,
    10.172012573571));
#1931 = CARTESIAN_POINT('',(-0.984264228396,18.655346239282,
    11.081082777433));
#1932 = CARTESIAN_POINT('',(-12.17380154266,16.346037348568,
    11.990230960394));
#1933 = CARTESIAN_POINT('',(-20.51697637643,6.741841315288,
    12.899221584058));
#1934 = CARTESIAN_POINT('',(-20.51706238729,-6.741863866083,
    13.808433851844));
#1935 = CARTESIAN_POINT('',(-12.17375858814,-16.34599480631,
    14.717420480004));
#1936 = CARTESIAN_POINT('',(-0.984268237928,-18.6553737891,
    15.626575075977));
#1937 = CARTESIAN_POINT('',(8.175072882615,-14.56532402886,
    16.535638654413));
#1938 = CARTESIAN_POINT('',(12.750001989759,-7.282795202122,
    17.444737918897));
#1939 = CARTESIAN_POINT('',(12.749998212645,1.956647631002E-07,
    18.353826621996));
#1940 = CARTESIAN_POINT('',(12.75,6.064593272015E-15,5.));
#1941 = CARTESIAN_POINT('',(12.75,7.282795926058,5.909088605339));
#1942 = CARTESIAN_POINT('',(8.17507853478,14.565328528592,6.818188402084
    ));
#1943 = CARTESIAN_POINT('',(-0.984269380987,18.655361849508,
    7.727250370735));
#1944 = CARTESIAN_POINT('',(-12.17377865209,16.346016439431,
    8.636408496357));
#1945 = CARTESIAN_POINT('',(-20.51702179887,6.741853687568,9.54538903189
    ));
#1946 = CARTESIAN_POINT('',(-20.51702169561,-6.741854002424,
    10.454609892431));
#1947 = CARTESIAN_POINT('',(-12.17377840111,-16.34601662627,
    11.363590427853));
#1948 = CARTESIAN_POINT('',(-0.984269094745,-18.65536186457,
    12.272748553622));
#1949 = CARTESIAN_POINT('',(8.175078758316,-14.56532840316,
    13.181810522165));
#1950 = CARTESIAN_POINT('',(12.750000111763,-7.28279573038,
    14.090910318959));
#1951 = CARTESIAN_POINT('',(12.75,1.956632713768E-07,14.999998924285));
#1952 = CARTESIAN_POINT('',(12.750000000003,7.282795530843,
    15.909090778153));
#1953 = CARTESIAN_POINT('',(8.175078534773,14.565329169978,
    16.818184875855));
#1954 = CARTESIAN_POINT('',(-0.984269380982,18.655360992995,
    17.727255079717));
#1955 = CARTESIAN_POINT('',(-12.17377865207,16.346017391389,
    18.636403262683));
#1956 = CARTESIAN_POINT('',(-20.51702179892,6.741852804548,
    19.545393886331));
#1957 = CARTESIAN_POINT('',(-20.51702169557,-6.741853322375,
    20.454606154143));
#1958 = CARTESIAN_POINT('',(-12.17377840112,-16.34601705461,
    21.363592782275));
#1959 = CARTESIAN_POINT('',(-0.98426909475,-18.65536165073,
    22.272747378269));
#1960 = CARTESIAN_POINT('',(8.175078758322,-14.56532848222,
    23.181810956694));
#1961 = CARTESIAN_POINT('',(12.750000111761,-7.282795712591,
    24.090910221182));
#1962 = CARTESIAN_POINT('',(12.75,1.956640211034E-07,24.99999892428));
#1963 = DEFINITIONAL_REPRESENTATION('',(#1964),#2065);
#1964 = B_SPLINE_CURVE_WITH_KNOTS('',8,(#1965,#1966,#1967,#1968,#1969,
    #1970,#1971,#1972,#1973,#1974,#1975,#1976,#1977,#1978,#1979,#1980,
    #1981,#1982,#1983,#1984,#1985,#1986,#1987,#1988,#1989,#1990,#1991,
    #1992,#1993,#1994,#1995,#1996,#1997,#1998,#1999,#2000,#2001,#2002,
    #2003,#2004,#2005,#2006,#2007,#2008,#2009,#2010,#2011,#2012,#2013,
    #2014,#2015,#2016,#2017,#2018,#2019,#2020,#2021,#2022,#2023,#2024,
    #2025,#2026,#2027,#2028,#2029,#2030,#2031,#2032,#2033,#2034,#2035,
    #2036,#2037,#2038,#2039,#2040,#2041,#2042,#2043,#2044,#2045,#2046,
    #2047,#2048,#2049,#2050,#2051,#2052,#2053,#2054,#2055,#2056,#2057,
    #2058,#2059,#2060,#2061,#2062,#2063,#2064),.UNSPECIFIED.,.F.,.F.,(9,
    7,7,7,7,7,7,7,7,7,7,7,7,7,9),(0.,5.099558858149E-02,0.131000376898,
    0.219075908265,0.274798463301,0.376786191074,0.494450071726,
    0.626249264053,0.635220384687,0.729221798172,0.786179540662,
    0.867311334926,0.920102976757,0.963666647483,1.),.UNSPECIFIED.);
#1965 = CARTESIAN_POINT('',(5.924846029816,11.810098092431));
#1966 = CARTESIAN_POINT('',(5.924846070323,11.885373751592));
#1967 = CARTESIAN_POINT('',(5.924842317646,11.960651469283));
#1968 = CARTESIAN_POINT('',(5.924837876388,12.035928892017));
#1969 = CARTESIAN_POINT('',(5.924834084322,12.111205597005));
#1970 = CARTESIAN_POINT('',(5.924831422783,12.18648214991));
#1971 = CARTESIAN_POINT('',(5.924830052846,12.261759187551));
#1972 = CARTESIAN_POINT('',(5.924829977322,12.33703652553));
#1973 = CARTESIAN_POINT('',(5.924832164,12.530409205378));
#1974 = CARTESIAN_POINT('',(5.924835880733,12.648517758775));
#1975 = CARTESIAN_POINT('',(5.924840938474,12.766620393782));
#1976 = CARTESIAN_POINT('',(5.92484587999,12.884716042267));
#1977 = CARTESIAN_POINT('',(5.924849648037,13.002811794161));
#1978 = CARTESIAN_POINT('',(5.92485192087,13.120914643264));
#1979 = CARTESIAN_POINT('',(5.924852966336,13.239023309903));
#1980 = CARTESIAN_POINT('',(5.924853067594,13.487130372556));
#1981 = CARTESIAN_POINT('',(5.924851933088,13.617160618507));
#1982 = CARTESIAN_POINT('',(5.92485003185,13.7471825611));
#1983 = CARTESIAN_POINT('',(5.924848044984,13.877193865483));
#1984 = CARTESIAN_POINT('',(5.924846511133,14.007205274757));
#1985 = CARTESIAN_POINT('',(5.924845637012,14.1372275788));
#1986 = CARTESIAN_POINT('',(5.924845321212,14.267258456285));
#1987 = CARTESIAN_POINT('',(5.924845435604,14.479522798209));
#1988 = CARTESIAN_POINT('',(5.924845632961,14.561778504714));
#1989 = CARTESIAN_POINT('',(5.924845936331,14.644033269142));
#1990 = CARTESIAN_POINT('',(5.92484627805,14.72628680971));
#1991 = CARTESIAN_POINT('',(5.92484658719,14.808540239207));
#1992 = CARTESIAN_POINT('',(5.924846802671,14.890794700937));
#1993 = CARTESIAN_POINT('',(5.924846882113,14.973050004548));
#1994 = CARTESIAN_POINT('',(5.924846667858,15.205849531451));
#1995 = CARTESIAN_POINT('',(5.924846009192,15.356436925656));
#1996 = CARTESIAN_POINT('',(5.924844710108,15.507003300124));
#1997 = CARTESIAN_POINT('',(5.924842897005,15.657550926372));
#1998 = CARTESIAN_POINT('',(5.924841005951,15.808098752068));
#1999 = CARTESIAN_POINT('',(5.924839546953,15.958665646706));
#2000 = CARTESIAN_POINT('',(5.924838836841,16.109253687586));
#2001 = CARTESIAN_POINT('',(5.924839119499,16.433487389595));
#2002 = CARTESIAN_POINT('',(5.924840390894,16.607258247251));
#2003 = CARTESIAN_POINT('',(5.924842922998,16.780983950268));
#2004 = CARTESIAN_POINT('',(5.924846458103,16.954674132569));
#2005 = CARTESIAN_POINT('',(5.924850198419,17.128364113983));
#2006 = CARTESIAN_POINT('',(5.924853219104,17.302089344298));
#2007 = CARTESIAN_POINT('',(5.924854998239,17.475859723846));
#2008 = CARTESIAN_POINT('',(5.924855926291,17.844098400214));
#2009 = CARTESIAN_POINT('',(5.924854733822,18.038798210029));
#2010 = CARTESIAN_POINT('',(5.924851718878,18.233415882223));
#2011 = CARTESIAN_POINT('',(5.924847397095,18.42797634377));
#2012 = CARTESIAN_POINT('',(5.924843128031,18.622537085607));
#2013 = CARTESIAN_POINT('',(5.924840182356,18.817155380832));
#2014 = CARTESIAN_POINT('',(5.924838883301,19.011855844118));
#2015 = CARTESIAN_POINT('',(5.924838962189,19.219650616995));
#2016 = CARTESIAN_POINT('',(5.924838973574,19.232893113292));
#2017 = CARTESIAN_POINT('',(5.92483899123,19.246135619142));
#2018 = CARTESIAN_POINT('',(5.924839015056,19.259378147102));
#2019 = CARTESIAN_POINT('',(5.92483904494,19.272620701177));
#2020 = CARTESIAN_POINT('',(5.924839080755,19.285863276817));
#2021 = CARTESIAN_POINT('',(5.924839122365,19.299105860922));
#2022 = CARTESIAN_POINT('',(5.924839664763,19.45110705913));
#2023 = CARTESIAN_POINT('',(5.924840779773,19.589892970176));
#2024 = CARTESIAN_POINT('',(5.924842343318,19.728664844846));
#2025 = CARTESIAN_POINT('',(5.924844045676,19.867423552658));
#2026 = CARTESIAN_POINT('',(5.924845508065,20.006182163876));
#2027 = CARTESIAN_POINT('',(5.924846458275,20.144953783463));
#2028 = CARTESIAN_POINT('',(5.924846860564,20.283739364179));
#2029 = CARTESIAN_POINT('',(5.924846839993,20.506574678126));
#2030 = CARTESIAN_POINT('',(5.924846680021,20.59065404733));
#2031 = CARTESIAN_POINT('',(5.924846396836,20.674732507971));
#2032 = CARTESIAN_POINT('',(5.924846044305,20.758809819814));
#2033 = CARTESIAN_POINT('',(5.924845693736,20.842887240207));
#2034 = CARTESIAN_POINT('',(5.924845422489,20.926966007296));
#2035 = CARTESIAN_POINT('',(5.924845298646,21.011045823385));
#2036 = CARTESIAN_POINT('',(5.924845451568,21.214885101411));
#2037 = CARTESIAN_POINT('',(5.924845922687,21.33466012442));
#2038 = CARTESIAN_POINT('',(5.92484688375,21.454429367075));
#2039 = CARTESIAN_POINT('',(5.924848359895,21.574191250621));
#2040 = CARTESIAN_POINT('',(5.924850154889,21.693952961272));
#2041 = CARTESIAN_POINT('',(5.924851847231,21.813721741723));
#2042 = CARTESIAN_POINT('',(5.924852920206,21.933496170855));
#2043 = CARTESIAN_POINT('',(5.924853094657,22.131184878462));
#2044 = CARTESIAN_POINT('',(5.924852753374,22.209113965491));
#2045 = CARTESIAN_POINT('',(5.924851909987,22.287042393971));
#2046 = CARTESIAN_POINT('',(5.924850493426,22.364969973153));
#2047 = CARTESIAN_POINT('',(5.924848499037,22.442897575305));
#2048 = CARTESIAN_POINT('',(5.924846015171,22.520826087075));
#2049 = CARTESIAN_POINT('',(5.924843230933,22.598755357208));
#2050 = CARTESIAN_POINT('',(5.924838109708,22.740989159105));
#2051 = CARTESIAN_POINT('',(5.924835786057,22.80529582628));
#2052 = CARTESIAN_POINT('',(5.924833586818,22.869602299773));
#2053 = CARTESIAN_POINT('',(5.924831716832,22.933908490969));
#2054 = CARTESIAN_POINT('',(5.924830402503,22.998214681701));
#2055 = CARTESIAN_POINT('',(5.924829841218,23.062521140939));
#2056 = CARTESIAN_POINT('',(5.924830150753,23.1268277415));
#2057 = CARTESIAN_POINT('',(5.924832292776,23.244766490175));
#2058 = CARTESIAN_POINT('',(5.924833863114,23.298399571566));
#2059 = CARTESIAN_POINT('',(5.924835998393,23.352032485488));
#2060 = CARTESIAN_POINT('',(5.924838604238,23.405665202844));
#2061 = CARTESIAN_POINT('',(5.924841458767,23.459297857406));
#2062 = CARTESIAN_POINT('',(5.924844148153,23.512930602355));
#2063 = CARTESIAN_POINT('',(5.924846002182,23.566563466826));
#2064 = CARTESIAN_POINT('',(5.924846029818,23.620196212445));
#2065 = ( GEOMETRIC_REPRESENTATION_CONTEXT(2) 
PARAMETRIC_REPRESENTATION_CONTEXT() REPRESENTATION_CONTEXT('2D SPACE',''
  ) );
#2066 = ORIENTED_EDGE('',*,*,#2067,.F.);
#2067 = EDGE_CURVE('',#571,#1592,#2068,.T.);
#2068 = SURFACE_CURVE('',#2069,(#2073,#2080),.PCURVE_S1.);
#2069 = LINE('',#2070,#2071);
#2070 = CARTESIAN_POINT('',(12.5,-3.061616997868E-15,0.));
#2071 = VECTOR('',#2072,1.);
#2072 = DIRECTION('',(0.,0.,1.));
#2073 = PCURVE('',#72,#2074);
#2074 = DEFINITIONAL_REPRESENTATION('',(#2075),#2079);
#2075 = LINE('',#2076,#2077);
#2076 = CARTESIAN_POINT('',(0.,-0.));
#2077 = VECTOR('',#2078,1.);
#2078 = DIRECTION('',(0.,1.));
#2079 = ( GEOMETRIC_REPRESENTATION_CONTEXT(2) 
PARAMETRIC_REPRESENTATION_CONTEXT() REPRESENTATION_CONTEXT('2D SPACE',''
  ) );
#2080 = PCURVE('',#2081,#2086);
#2081 = CYLINDRICAL_SURFACE('',#2082,12.5);
#2082 = AXIS2_PLACEMENT_3D('',#2083,#2084,#2085);
#2083 = CARTESIAN_POINT('',(0.,0.,0.));
#2084 = DIRECTION('',(0.,0.,1.));
#2085 = DIRECTION('',(1.,0.,-0.));
#2086 = DEFINITIONAL_REPRESENTATION('',(#2087),#2091);
#2087 = LINE('',#2088,#2089);
#2088 = CARTESIAN_POINT('',(6.28318530718,-0.));
#2089 = VECTOR('',#2090,1.);
#2090 = DIRECTION('',(0.,1.));
#2091 = ( GEOMETRIC_REPRESENTATION_CONTEXT(2) 
PARAMETRIC_REPRESENTATION_CONTEXT() REPRESENTATION_CONTEXT('2D SPACE',''
  ) );
#2092 = ORIENTED_EDGE('',*,*,#570,.T.);
#2093 = ORIENTED_EDGE('',*,*,#56,.T.);
#2094 = ADVANCED_FACE('',(#2095),#44,.T.);
#2095 = FACE_BOUND('',#2096,.T.);
#2096 = EDGE_LOOP('',(#2097,#2098,#2099,#2122));
#2097 = ORIENTED_EDGE('',*,*,#21,.T.);
#2098 = ORIENTED_EDGE('',*,*,#1558,.T.);
#2099 = ORIENTED_EDGE('',*,*,#2100,.F.);
#2100 = EDGE_CURVE('',#2101,#1198,#2103,.T.);
#2101 = VERTEX_POINT('',#2102);
#2102 = CARTESIAN_POINT('',(5.,-9.171727662787E-08,23.608058909292));
#2103 = SURFACE_CURVE('',#2104,(#2108,#2115),.PCURVE_S1.);
#2104 = LINE('',#2105,#2106);
#2105 = CARTESIAN_POINT('',(5.,-1.224646799147E-15,-1.));
#2106 = VECTOR('',#2107,1.);
#2107 = DIRECTION('',(0.,0.,1.));
#2108 = PCURVE('',#44,#2109);
#2109 = DEFINITIONAL_REPRESENTATION('',(#2110),#2114);
#2110 = LINE('',#2111,#2112);
#2111 = CARTESIAN_POINT('',(3.750633692939,25.99999999983));
#2112 = VECTOR('',#2113,1.);
#2113 = DIRECTION('',(0.,-1.));
#2114 = ( GEOMETRIC_REPRESENTATION_CONTEXT(2) 
PARAMETRIC_REPRESENTATION_CONTEXT() REPRESENTATION_CONTEXT('2D SPACE',''
  ) );
#2115 = PCURVE('',#1435,#2116);
#2116 = DEFINITIONAL_REPRESENTATION('',(#2117),#2121);
#2117 = LINE('',#2118,#2119);
#2118 = CARTESIAN_POINT('',(0.,-0.));
#2119 = VECTOR('',#2120,1.);
#2120 = DIRECTION('',(0.,1.));
#2121 = ( GEOMETRIC_REPRESENTATION_CONTEXT(2) 
PARAMETRIC_REPRESENTATION_CONTEXT() REPRESENTATION_CONTEXT('2D SPACE',''
  ) );
#2122 = ORIENTED_EDGE('',*,*,#2123,.T.);
#2123 = EDGE_CURVE('',#2101,#22,#2124,.T.);
#2124 = SURFACE_CURVE('',#2125,(#2133,#2144),.PCURVE_S1.);
#2125 = ( BOUNDED_CURVE() B_SPLINE_CURVE(6,(#2126,#2127,#2128,#2129,
#2130,#2131,#2132),.UNSPECIFIED.,.T.,.F.) B_SPLINE_CURVE_WITH_KNOTS((1,6
    ,6,1),(-6.28318530718,0.,6.28318530718,12.566370614359),
.UNSPECIFIED.) CURVE() GEOMETRIC_REPRESENTATION_ITEM() 
RATIONAL_B_SPLINE_CURVE((1.669078461068,1.03672962321,1.038346699848,
    0.853534330196,1.038346699848,1.03672962321,1.669078461068)) 
REPRESENTATION_ITEM('') );
#2126 = CARTESIAN_POINT('',(12.75,1.956640211034E-07,24.99999892428));
#2127 = CARTESIAN_POINT('',(12.750001787355,1.956632788361E-07,
    31.646171226564));
#2128 = CARTESIAN_POINT('',(4.531809281797,-2.063376807609E-07,
    32.600450667381));
#2129 = CARTESIAN_POINT('',(-2.246467684033,-5.379027015265E-07,
    25.00000295728));
#2130 = CARTESIAN_POINT('',(4.531805193819,-2.063359767282E-07,
    17.399551601416));
#2131 = CARTESIAN_POINT('',(12.749998212645,1.956647631002E-07,
    18.353826621996));
#2132 = CARTESIAN_POINT('',(12.75,1.956640211034E-07,24.99999892428));
#2133 = PCURVE('',#44,#2134);
#2134 = DEFINITIONAL_REPRESENTATION('',(#2135),#2143);
#2135 = ( BOUNDED_CURVE() B_SPLINE_CURVE(6,(#2136,#2137,#2138,#2139,
#2140,#2141,#2142),.UNSPECIFIED.,.T.,.F.) B_SPLINE_CURVE_WITH_KNOTS((1,6
    ,6,1),(-6.28318530718,0.,6.28318530718,12.566370614359),
.UNSPECIFIED.) CURVE() GEOMETRIC_REPRESENTATION_ITEM() 
RATIONAL_B_SPLINE_CURVE((1.669078461068,1.03672962321,1.038346699848,
    0.853534330196,1.038346699848,1.03672962321,1.669078461068)) 
REPRESENTATION_ITEM('') );
#2136 = CARTESIAN_POINT('',(-3.99936630706,1.075549580065E-06));
#2137 = CARTESIAN_POINT('',(-3.999368094416,-6.646171226734));
#2138 = CARTESIAN_POINT('',(4.218824411143,-7.600450667551));
#2139 = CARTESIAN_POINT('',(10.997101376973,-2.957450615071E-06));
#2140 = CARTESIAN_POINT('',(4.218828499121,7.600448398413));
#2141 = CARTESIAN_POINT('',(-3.999364519705,6.646173377834));
#2142 = CARTESIAN_POINT('',(-3.99936630706,1.075549580065E-06));
#2143 = ( GEOMETRIC_REPRESENTATION_CONTEXT(2) 
PARAMETRIC_REPRESENTATION_CONTEXT() REPRESENTATION_CONTEXT('2D SPACE',''
  ) );
#2144 = PCURVE('',#1801,#2145);
#2145 = DEFINITIONAL_REPRESENTATION('',(#2146),#2150);
#2146 = LINE('',#2147,#2148);
#2147 = CARTESIAN_POINT('',(0.,23.620196240028));
#2148 = VECTOR('',#2149,1.);
#2149 = DIRECTION('',(1.,0.));
#2150 = ( GEOMETRIC_REPRESENTATION_CONTEXT(2) 
PARAMETRIC_REPRESENTATION_CONTEXT() REPRESENTATION_CONTEXT('2D SPACE',''
  ) );
#2151 = ADVANCED_FACE('',(#2152,#2155),#554,.T.);
#2152 = FACE_BOUND('',#2153,.T.);
#2153 = EDGE_LOOP('',(#2154));
#2154 = ORIENTED_EDGE('',*,*,#539,.T.);
#2155 = FACE_BOUND('',#2156,.T.);
#2156 = EDGE_LOOP('',(#2157));
#2157 = ORIENTED_EDGE('',*,*,#2158,.F.);
#2158 = EDGE_CURVE('',#2159,#2159,#2161,.T.);
#2159 = VERTEX_POINT('',#2160);
#2160 = CARTESIAN_POINT('',(5.,-1.224646799147E-15,30.));
#2161 = SURFACE_CURVE('',#2162,(#2167,#2174),.PCURVE_S1.);
#2162 = CIRCLE('',#2163,5.);
#2163 = AXIS2_PLACEMENT_3D('',#2164,#2165,#2166);
#2164 = CARTESIAN_POINT('',(0.,0.,30.));
#2165 = DIRECTION('',(0.,0.,1.));
#2166 = DIRECTION('',(1.,0.,-0.));
#2167 = PCURVE('',#554,#2168);
#2168 = DEFINITIONAL_REPRESENTATION('',(#2169),#2173);
#2169 = CIRCLE('',#2170,5.);
#2170 = AXIS2_PLACEMENT_2D('',#2171,#2172);
#2171 = CARTESIAN_POINT('',(0.,0.));
#2172 = DIRECTION('',(1.,0.));
#2173 = ( GEOMETRIC_REPRESENTATION_CONTEXT(2) 
PARAMETRIC_REPRESENTATION_CONTEXT() REPRESENTATION_CONTEXT('2D SPACE',''
  ) );
#2174 = PCURVE('',#1435,#2175);
#2175 = DEFINITIONAL_REPRESENTATION('',(#2176),#2180);
#2176 = LINE('',#2177,#2178);
#2177 = CARTESIAN_POINT('',(0.,31.));
#2178 = VECTOR('',#2179,1.);
#2179 = DIRECTION('',(1.,0.));
#2180 = ( GEOMETRIC_REPRESENTATION_CONTEXT(2) 
PARAMETRIC_REPRESENTATION_CONTEXT() REPRESENTATION_CONTEXT('2D SPACE',''
  ) );
#2181 = ADVANCED_FACE('',(#2182),#1435,.F.);
#2182 = FACE_BOUND('',#2183,.F.);
#2183 = EDGE_LOOP('',(#2184,#2185,#2206,#2207,#2228,#2229));
#2184 = ORIENTED_EDGE('',*,*,#2100,.F.);
#2185 = ORIENTED_EDGE('',*,*,#2186,.F.);
#2186 = EDGE_CURVE('',#900,#2101,#2187,.T.);
#2187 = SURFACE_CURVE('',#2188,(#2192,#2199),.PCURVE_S1.);
#2188 = LINE('',#2189,#2190);
#2189 = CARTESIAN_POINT('',(5.,-1.224646799147E-15,-1.));
#2190 = VECTOR('',#2191,1.);
#2191 = DIRECTION('',(0.,0.,1.));
#2192 = PCURVE('',#1435,#2193);
#2193 = DEFINITIONAL_REPRESENTATION('',(#2194),#2198);
#2194 = LINE('',#2195,#2196);
#2195 = CARTESIAN_POINT('',(0.,-0.));
#2196 = VECTOR('',#2197,1.);
#2197 = DIRECTION('',(0.,1.));
#2198 = ( GEOMETRIC_REPRESENTATION_CONTEXT(2) 
PARAMETRIC_REPRESENTATION_CONTEXT() REPRESENTATION_CONTEXT('2D SPACE',''
  ) );
#2199 = PCURVE('',#1095,#2200);
#2200 = DEFINITIONAL_REPRESENTATION('',(#2201),#2205);
#2201 = LINE('',#2202,#2203);
#2202 = CARTESIAN_POINT('',(6.28318530718,-0.));
#2203 = VECTOR('',#2204,1.);
#2204 = DIRECTION('',(0.,1.));
#2205 = ( GEOMETRIC_REPRESENTATION_CONTEXT(2) 
PARAMETRIC_REPRESENTATION_CONTEXT() REPRESENTATION_CONTEXT('2D SPACE',''
  ) );
#2206 = ORIENTED_EDGE('',*,*,#1197,.T.);
#2207 = ORIENTED_EDGE('',*,*,#2208,.T.);
#2208 = EDGE_CURVE('',#1198,#2159,#2209,.T.);
#2209 = SEAM_CURVE('',#2210,(#2214,#2221),.PCURVE_S1.);
#2210 = LINE('',#2211,#2212);
#2211 = CARTESIAN_POINT('',(5.,-1.224646799147E-15,-1.));
#2212 = VECTOR('',#2213,1.);
#2213 = DIRECTION('',(0.,0.,1.));
#2214 = PCURVE('',#1435,#2215);
#2215 = DEFINITIONAL_REPRESENTATION('',(#2216),#2220);
#2216 = LINE('',#2217,#2218);
#2217 = CARTESIAN_POINT('',(6.28318530718,-0.));
#2218 = VECTOR('',#2219,1.);
#2219 = DIRECTION('',(0.,1.));
#2220 = ( GEOMETRIC_REPRESENTATION_CONTEXT(2) 
PARAMETRIC_REPRESENTATION_CONTEXT() REPRESENTATION_CONTEXT('2D SPACE',''
  ) );
#2221 = PCURVE('',#1435,#2222);
#2222 = DEFINITIONAL_REPRESENTATION('',(#2223),#2227);
#2223 = LINE('',#2224,#2225);
#2224 = CARTESIAN_POINT('',(0.,-0.));
#2225 = VECTOR('',#2226,1.);
#2226 = DIRECTION('',(0.,1.));
#2227 = ( GEOMETRIC_REPRESENTATION_CONTEXT(2) 
PARAMETRIC_REPRESENTATION_CONTEXT() REPRESENTATION_CONTEXT('2D SPACE',''
  ) );
#2228 = ORIENTED_EDGE('',*,*,#2158,.F.);
#2229 = ORIENTED_EDGE('',*,*,#2208,.F.);
#2230 = ADVANCED_FACE('',(#2231),#1095,.F.);
#2231 = FACE_BOUND('',#2232,.F.);
#2232 = EDGE_LOOP('',(#2233,#2541,#2567,#2568));
#2233 = ORIENTED_EDGE('',*,*,#2234,.F.);
#2234 = EDGE_CURVE('',#2235,#2101,#2237,.T.);
#2235 = VERTEX_POINT('',#2236);
#2236 = CARTESIAN_POINT('',(5.,-1.224646799147E-15,13.608058967682));
#2237 = SURFACE_CURVE('',#2238,(#2337,#2439),.PCURVE_S1.);
#2238 = B_SPLINE_CURVE_WITH_KNOTS('',7,(#2239,#2240,#2241,#2242,#2243,
    #2244,#2245,#2246,#2247,#2248,#2249,#2250,#2251,#2252,#2253,#2254,
    #2255,#2256,#2257,#2258,#2259,#2260,#2261,#2262,#2263,#2264,#2265,
    #2266,#2267,#2268,#2269,#2270,#2271,#2272,#2273,#2274,#2275,#2276,
    #2277,#2278,#2279,#2280,#2281,#2282,#2283,#2284,#2285,#2286,#2287,
    #2288,#2289,#2290,#2291,#2292,#2293,#2294,#2295,#2296,#2297,#2298,
    #2299,#2300,#2301,#2302,#2303,#2304,#2305,#2306,#2307,#2308,#2309,
    #2310,#2311,#2312,#2313,#2314,#2315,#2316,#2317,#2318,#2319,#2320,
    #2321,#2322,#2323,#2324,#2325,#2326,#2327,#2328,#2329,#2330,#2331,
    #2332,#2333,#2334,#2335,#2336),.UNSPECIFIED.,.F.,.F.,(8,6,6,6,6,6,6,
    6,6,6,6,6,6,6,6,6,8),(0.,4.841191928994E-02,8.224809598106E-02,
    0.137593051776,0.221192058384,0.269760904159,0.331764458123,
    0.375237557846,0.500951853161,0.623534731989,0.740612141639,
    0.780837025116,0.838796670593,0.874143358894,0.922146765057,
    0.957512453415,1.),.UNSPECIFIED.);
#2239 = CARTESIAN_POINT('',(5.,0.,13.608058967682));
#2240 = CARTESIAN_POINT('',(5.,0.217257625674,13.677214474432));
#2241 = CARTESIAN_POINT('',(4.988986299384,0.434515467021,
    13.746376069783));
#2242 = CARTESIAN_POINT('',(4.966959482035,0.651101009254,
    13.815537874367));
#2243 = CARTESIAN_POINT('',(4.933970471033,0.866346028323,
    13.884697944069));
#2244 = CARTESIAN_POINT('',(4.890120492826,1.079588525034,13.95385642578
    ));
#2245 = CARTESIAN_POINT('',(4.835561041404,1.290174659169,14.02301371314
    ));
#2246 = CARTESIAN_POINT('',(4.725016917116,1.642337537305,
    14.140502506064));
#2247 = CARTESIAN_POINT('',(4.674406502782,1.785604143144,
    14.188835700549));
#2248 = CARTESIAN_POINT('',(4.618731481268,1.927041071954,
    14.237168306019));
#2249 = CARTESIAN_POINT('',(4.558071899209,2.066433772667,14.28550045365
    ));
#2250 = CARTESIAN_POINT('',(4.492518968072,2.203572572306,
    14.333832285523));
#2251 = CARTESIAN_POINT('',(4.42217506416,2.338252675992,14.382163954618
    ));
#2252 = CARTESIAN_POINT('',(4.224443277669,2.686218292284,14.50955048304
    ));
#2253 = CARTESIAN_POINT('',(4.089215376361,2.895055483425,
    14.588607095444));
#2254 = CARTESIAN_POINT('',(3.9419685032,3.09590632862,14.667663133105)
  );
#2255 = CARTESIAN_POINT('',(3.783274022004,3.287945965373,
    14.746719428588));
#2256 = CARTESIAN_POINT('',(3.613769794858,3.470402701037,
    14.825777640159));
#2257 = CARTESIAN_POINT('',(3.434158279702,3.64256025726,14.9048380302)
  );
#2258 = CARTESIAN_POINT('',(2.959799856242,4.04726265857,15.103317116317
    ));
#2259 = CARTESIAN_POINT('',(2.653043278501,4.265804132188,
    15.222751838549));
#2260 = CARTESIAN_POINT('',(2.327613608623,4.457090313655,
    15.342177672414));
#2261 = CARTESIAN_POINT('',(1.986431870873,4.619256216295,
    15.461596991237));
#2262 = CARTESIAN_POINT('',(1.632615281052,4.750820102739,
    15.581021593849));
#2263 = CARTESIAN_POINT('',(1.269454876886,4.850694240704,
    15.700455147084));
#2264 = CARTESIAN_POINT('',(0.686022532079,4.957507502651,
    15.889254620242));
#2265 = CARTESIAN_POINT('',(0.469624411218,4.985855571368,
    15.958635100872));
#2266 = CARTESIAN_POINT('',(0.251897291836,5.003177601727,
    16.028014817503));
#2267 = CARTESIAN_POINT('',(3.351533461311E-02,5.009402669383,
    16.097394061535));
#2268 = CARTESIAN_POINT('',(-0.184845034147,5.004511490756,
    16.166773721989));
#2269 = CARTESIAN_POINT('',(-0.402506745361,4.988536459678,
    16.23615409663));
#2270 = CARTESIAN_POINT('',(-0.894908167146,4.927125371395,
    16.394104516422));
#2271 = CARTESIAN_POINT('',(-1.168796218616,4.874760915247,
    16.482678560268));
#2272 = CARTESIAN_POINT('',(-1.439044042743,4.804642479838,
    16.571250689271));
#2273 = CARTESIAN_POINT('',(-1.704275598051,4.717084012735,
    16.659821729924));
#2274 = CARTESIAN_POINT('',(-1.96315415029,4.612526843125,
    16.748394428811));
#2275 = CARTESIAN_POINT('',(-2.214387307984,4.491537994329,
    16.836969446457));
#2276 = CARTESIAN_POINT('',(-2.626655342674,4.258960361412,
    16.987642631014));
#2277 = CARTESIAN_POINT('',(-2.792212697512,4.15536561347,17.04974432117
    ));
#2278 = CARTESIAN_POINT('',(-2.952982883362,4.044274741722,
    17.111845568533));
#2279 = CARTESIAN_POINT('',(-3.108560058986,3.92595473504,
    17.173946465895));
#2280 = CARTESIAN_POINT('',(-3.258558029749,3.800699268622,
    17.236047430202));
#2281 = CARTESIAN_POINT('',(-3.402610987782,3.668828176475,17.2981485352
    ));
#2282 = CARTESIAN_POINT('',(-3.938754211517,3.131213908859,
    17.539828782514));
#2283 = CARTESIAN_POINT('',(-4.284773323506,2.679070898025,
    17.719508476493));
#2284 = CARTESIAN_POINT('',(-4.569633063949,2.182877010982,
    17.899101198879));
#2285 = CARTESIAN_POINT('',(-4.786975486317,1.65268413177,
    18.078666129798));
#2286 = CARTESIAN_POINT('',(-4.932363354188,1.099316046467,
    18.25825825148));
#2287 = CARTESIAN_POINT('',(-5.003269611951,0.534395517273,
    18.437937563999));
#2288 = CARTESIAN_POINT('',(-4.996636876155,-0.579867616627,
    18.792624973768));
#2289 = CARTESIAN_POINT('',(-4.92274816581,-1.129832418165,
    18.967824153878));
#2290 = CARTESIAN_POINT('',(-4.77819043065,-1.668266047604,
    19.142951788882));
#2291 = CARTESIAN_POINT('',(-4.565363299079,-2.184415530174,
    19.318057058792));
#2292 = CARTESIAN_POINT('',(-4.288402075488,-2.668254132511,
    19.493184643503));
#2293 = CARTESIAN_POINT('',(-3.953181607126,-3.110463181997,
    19.668384301302));
#2294 = CARTESIAN_POINT('',(-3.199670768767,-3.877906679272,
    20.010734909598));
#2295 = CARTESIAN_POINT('',(-2.785450421196,-4.207846240897,
    20.178047194464));
#2296 = CARTESIAN_POINT('',(-2.331967231535,-4.485699874204,
    20.345299022687));
#2297 = CARTESIAN_POINT('',(-1.847174933645,-4.706115085745,
    20.512530074186));
#2298 = CARTESIAN_POINT('',(-1.339682115093,-4.865178083978,
    20.6797827593));
#2299 = CARTESIAN_POINT('',(-0.81875045959,-4.960413349763,
    20.847095789099));
#2300 = CARTESIAN_POINT('',(-0.114049695221,-5.001957518513,
    21.071798292921));
#2301 = CARTESIAN_POINT('',(6.660277167726E-02,-5.004990763045,
    21.129259012193));
#2302 = CARTESIAN_POINT('',(0.247318208171,-5.000411068613,
    21.186719570864));
#2303 = CARTESIAN_POINT('',(0.427711852135,-4.988220094359,
    21.24418002559));
#2304 = CARTESIAN_POINT('',(0.607400260211,-4.968443754243,
    21.301640649434));
#2305 = CARTESIAN_POINT('',(0.786001914926,-4.941132182837,
    21.359101480466));
#2306 = CARTESIAN_POINT('',(1.218371260896,-4.856256368631,
    21.499355990296));
#2307 = CARTESIAN_POINT('',(1.470571355189,-4.79066116419,
    21.582152343902));
#2308 = CARTESIAN_POINT('',(1.718597348748,-4.709796364268,
    21.664946907066));
#2309 = CARTESIAN_POINT('',(1.961343701172,-4.613988459815,
    21.747740080722));
#2310 = CARTESIAN_POINT('',(2.197740808335,-4.50365962949,
    21.830533887127));
#2311 = CARTESIAN_POINT('',(2.426758445867,-4.379326279228,
    21.913329095939));
#2312 = CARTESIAN_POINT('',(2.781977476426,-4.157615115,22.046613701313)
  );
#2313 = CARTESIAN_POINT('',(2.91343490534,-4.068644556456,
    22.097105368801));
#2314 = CARTESIAN_POINT('',(3.041562090151,-3.974831651371,
    22.147596987264));
#2315 = CARTESIAN_POINT('',(3.166145522271,-3.876326747023,
    22.198088642723));
#2316 = CARTESIAN_POINT('',(3.286980579779,-3.773291655812,
    22.248580550976));
#2317 = CARTESIAN_POINT('',(3.403871780674,-3.665899451937,
    22.299072806067));
#2318 = CARTESIAN_POINT('',(3.669771126424,-3.402820531098,
    22.41813742194));
#2319 = CARTESIAN_POINT('',(3.815294787671,-3.243607451174,
    22.486711086652));
#2320 = CARTESIAN_POINT('',(3.952736678658,-3.07715778478,
    22.555284808765));
#2321 = CARTESIAN_POINT('',(4.081667686346,-2.903965533786,
    22.623858830574));
#2322 = CARTESIAN_POINT('',(4.201697817193,-2.724554690899,
    22.692433824746));
#2323 = CARTESIAN_POINT('',(4.312477088473,-2.539477985099,
    22.761009768283));
#2324 = CARTESIAN_POINT('',(4.488268030379,-2.20921676266,
    22.880106310216));
#2325 = CARTESIAN_POINT('',(4.557651751259,-2.066355767659,
    22.930627825642));
#2326 = CARTESIAN_POINT('',(4.621724371105,-1.920964244427,
    22.981149164923));
#2327 = CARTESIAN_POINT('',(4.680376128526,-1.773279214327,
    23.031670127455));
#2328 = CARTESIAN_POINT('',(4.733510711882,-1.623543117722,
    23.082190509863));
#2329 = CARTESIAN_POINT('',(4.781045259278,-1.472003813983,
    23.132710106005));
#2330 = CARTESIAN_POINT('',(4.873206151999,-1.134996603358,
    23.243920623671));
#2331 = CARTESIAN_POINT('',(4.915319913787,-0.948838874057,
    23.304611790037));
#2332 = CARTESIAN_POINT('',(4.949131579131,-0.760880609588,
    23.365301351077));
#2333 = CARTESIAN_POINT('',(4.97455075385,-0.571566322108,
    23.425989484299));
#2334 = CARTESIAN_POINT('',(4.991516978586,-0.381345262684,
    23.486677224929));
#2335 = CARTESIAN_POINT('',(4.999999993005,-0.190670864061,
    23.547366291143));
#2336 = CARTESIAN_POINT('',(5.,-1.834345724205E-07,23.608058909292));
#2337 = PCURVE('',#1095,#2338);
#2338 = DEFINITIONAL_REPRESENTATION('',(#2339),#2438);
#2339 = B_SPLINE_CURVE_WITH_KNOTS('',7,(#2340,#2341,#2342,#2343,#2344,
    #2345,#2346,#2347,#2348,#2349,#2350,#2351,#2352,#2353,#2354,#2355,
    #2356,#2357,#2358,#2359,#2360,#2361,#2362,#2363,#2364,#2365,#2366,
    #2367,#2368,#2369,#2370,#2371,#2372,#2373,#2374,#2375,#2376,#2377,
    #2378,#2379,#2380,#2381,#2382,#2383,#2384,#2385,#2386,#2387,#2388,
    #2389,#2390,#2391,#2392,#2393,#2394,#2395,#2396,#2397,#2398,#2399,
    #2400,#2401,#2402,#2403,#2404,#2405,#2406,#2407,#2408,#2409,#2410,
    #2411,#2412,#2413,#2414,#2415,#2416,#2417,#2418,#2419,#2420,#2421,
    #2422,#2423,#2424,#2425,#2426,#2427,#2428,#2429,#2430,#2431,#2432,
    #2433,#2434,#2435,#2436,#2437),.UNSPECIFIED.,.F.,.F.,(8,6,6,6,6,6,6,
    6,6,6,6,6,6,6,6,6,8),(0.,4.841191928994E-02,8.224809598106E-02,
    0.137593051776,0.221192058384,0.269760904159,0.331764458123,
    0.375237557846,0.500951853161,0.623534731989,0.740612141639,
    0.780837025116,0.838796670593,0.874143358894,0.922146765057,
    0.957512453415,1.),.UNSPECIFIED.);
#2340 = CARTESIAN_POINT('',(0.,14.608058967682));
#2341 = CARTESIAN_POINT('',(4.345152513476E-02,14.677214474432));
#2342 = CARTESIAN_POINT('',(8.690309750377E-02,14.746376069783));
#2343 = CARTESIAN_POINT('',(0.130354198259,14.815537874367));
#2344 = CARTESIAN_POINT('',(0.173805176228,14.884697944069));
#2345 = CARTESIAN_POINT('',(0.217256602022,14.95385642578));
#2346 = CARTESIAN_POINT('',(0.26070862216,15.02301371314));
#2347 = CARTESIAN_POINT('',(0.334529675025,15.140502506064));
#2348 = CARTESIAN_POINT('',(0.364899171318,15.188835700549));
#2349 = CARTESIAN_POINT('',(0.395268761174,15.237168306019));
#2350 = CARTESIAN_POINT('',(0.425638407917,15.28550045365));
#2351 = CARTESIAN_POINT('',(0.45600807907,15.333832285523));
#2352 = CARTESIAN_POINT('',(0.486377746359,15.382163954618));
#2353 = CARTESIAN_POINT('',(0.566422216377,15.50955048304));
#2354 = CARTESIAN_POINT('',(0.616098103189,15.588607095444));
#2355 = CARTESIAN_POINT('',(0.665773125762,15.667663133105));
#2356 = CARTESIAN_POINT('',(0.715447540225,15.746719428588));
#2357 = CARTESIAN_POINT('',(0.765122341093,15.825777640159));
#2358 = CARTESIAN_POINT('',(0.814797814138,15.9048380302));
#2359 = CARTESIAN_POINT('',(0.939505463869,16.103317116317));
#2360 = CARTESIAN_POINT('',(1.014547020157,16.222751838549));
#2361 = CARTESIAN_POINT('',(1.089582330006,16.342177672414));
#2362 = CARTESIAN_POINT('',(1.164613741947,16.461596991237));
#2363 = CARTESIAN_POINT('',(1.239649144055,16.581021593849));
#2364 = CARTESIAN_POINT('',(1.314690792831,16.700455147084));
#2365 = CARTESIAN_POINT('',(1.433316654075,16.889254620242));
#2366 = CARTESIAN_POINT('',(1.476909718712,16.958635100872));
#2367 = CARTESIAN_POINT('',(1.520502415042,17.028014817503));
#2368 = CARTESIAN_POINT('',(1.564094868544,17.097394061535));
#2369 = CARTESIAN_POINT('',(1.607687575138,17.166773721989));
#2370 = CARTESIAN_POINT('',(1.651280668229,17.23615409663));
#2371 = CARTESIAN_POINT('',(1.750523901135,17.394104516422));
#2372 = CARTESIAN_POINT('',(1.806176494367,17.482678560268));
#2373 = CARTESIAN_POINT('',(1.861827664051,17.571250689271));
#2374 = CARTESIAN_POINT('',(1.917477913888,17.659821729924));
#2375 = CARTESIAN_POINT('',(1.973129022186,17.748394428811));
#2376 = CARTESIAN_POINT('',(2.028781508688,17.836969446457));
#2377 = CARTESIAN_POINT('',(2.123450888692,17.987642631014));
#2378 = CARTESIAN_POINT('',(2.162469980224,18.04974432117));
#2379 = CARTESIAN_POINT('',(2.201488847246,18.111845568533));
#2380 = CARTESIAN_POINT('',(2.240507587952,18.173946465895));
#2381 = CARTESIAN_POINT('',(2.279526500403,18.236047430202));
#2382 = CARTESIAN_POINT('',(2.318545658125,18.2981485352));
#2383 = CARTESIAN_POINT('',(2.470398041327,18.539828782514));
#2384 = CARTESIAN_POINT('',(2.583295700257,18.719508476493));
#2385 = CARTESIAN_POINT('',(2.696140464904,18.899101198879));
#2386 = CARTESIAN_POINT('',(2.808969029671,19.078666129798));
#2387 = CARTESIAN_POINT('',(2.921813861413,19.25825825148));
#2388 = CARTESIAN_POINT('',(3.034711586315,19.437937563999));
#2389 = CARTESIAN_POINT('',(3.257568161246,19.792624973768));
#2390 = CARTESIAN_POINT('',(3.367647166359,19.967824153878));
#2391 = CARTESIAN_POINT('',(3.477679339555,20.142951788882));
#2392 = CARTESIAN_POINT('',(3.587696444934,20.318057058792));
#2393 = CARTESIAN_POINT('',(3.697728543972,20.493184643503));
#2394 = CARTESIAN_POINT('',(3.807807690321,20.668384301302));
#2395 = CARTESIAN_POINT('',(4.022912139837,21.010734909598));
#2396 = CARTESIAN_POINT('',(4.128038667741,21.178047194464));
#2397 = CARTESIAN_POINT('',(4.233128606594,21.345299022687));
#2398 = CARTESIAN_POINT('',(4.338206036638,21.512530074186));
#2399 = CARTESIAN_POINT('',(4.443296030568,21.6797827593));
#2400 = CARTESIAN_POINT('',(4.548422736751,21.847095789099));
#2401 = CARTESIAN_POINT('',(4.689607592208,22.071798292921));
#2402 = CARTESIAN_POINT('',(4.725711166511,22.129259012193));
#2403 = CARTESIAN_POINT('',(4.761814569756,22.186719570864));
#2404 = CARTESIAN_POINT('',(4.797917866195,22.24418002559));
#2405 = CARTESIAN_POINT('',(4.834021261319,22.301640649434));
#2406 = CARTESIAN_POINT('',(4.870124812807,22.359101480466));
#2407 = CARTESIAN_POINT('',(4.958249078516,22.499355990296));
#2408 = CARTESIAN_POINT('',(5.010271531962,22.582152343902));
#2409 = CARTESIAN_POINT('',(5.062293054397,22.664946907066));
#2410 = CARTESIAN_POINT('',(5.11431395766,22.747740080722));
#2411 = CARTESIAN_POINT('',(5.166335494001,22.830533887127));
#2412 = CARTESIAN_POINT('',(5.218358038124,22.913329095939));
#2413 = CARTESIAN_POINT('',(5.302104417154,23.046613701313));
#2414 = CARTESIAN_POINT('',(5.333829703924,23.097105368801));
#2415 = CARTESIAN_POINT('',(5.365554908453,23.147596987264));
#2416 = CARTESIAN_POINT('',(5.397280039096,23.198088642723));
#2417 = CARTESIAN_POINT('',(5.429005183733,23.248580550976));
#2418 = CARTESIAN_POINT('',(5.460730358942,23.299072806067));
#2419 = CARTESIAN_POINT('',(5.535540246165,23.41813742194));
#2420 = CARTESIAN_POINT('',(5.578625597017,23.486711086652));
#2421 = CARTESIAN_POINT('',(5.621710502166,23.555284808765));
#2422 = CARTESIAN_POINT('',(5.664795096466,23.623858830574));
#2423 = CARTESIAN_POINT('',(5.707879871717,23.692433824746));
#2424 = CARTESIAN_POINT('',(5.750964989197,23.761009768283));
#2425 = CARTESIAN_POINT('',(5.825791436475,23.880106310216));
#2426 = CARTESIAN_POINT('',(5.857533302167,23.930627825642));
#2427 = CARTESIAN_POINT('',(5.889275215229,23.981149164923));
#2428 = CARTESIAN_POINT('',(5.921017187777,24.031670127455));
#2429 = CARTESIAN_POINT('',(5.952759218098,24.082190509863));
#2430 = CARTESIAN_POINT('',(5.984501290649,24.132710106005));
#2431 = CARTESIAN_POINT('',(6.05437760714,24.243920623671));
#2432 = CARTESIAN_POINT('',(6.092512269442,24.304611790037));
#2433 = CARTESIAN_POINT('',(6.130646866943,24.365301351077));
#2434 = CARTESIAN_POINT('',(6.168781463726,24.425989484299));
#2435 = CARTESIAN_POINT('',(6.206916254373,24.486677224929));
#2436 = CARTESIAN_POINT('',(6.245051134367,24.547366291143));
#2437 = CARTESIAN_POINT('',(6.283185270493,24.608058909292));
#2438 = ( GEOMETRIC_REPRESENTATION_CONTEXT(2) 
PARAMETRIC_REPRESENTATION_CONTEXT() REPRESENTATION_CONTEXT('2D SPACE',''
  ) );
#2439 = PCURVE('',#1801,#2440);
#2440 = DEFINITIONAL_REPRESENTATION('',(#2441),#2540);
#2441 = B_SPLINE_CURVE_WITH_KNOTS('',7,(#2442,#2443,#2444,#2445,#2446,
    #2447,#2448,#2449,#2450,#2451,#2452,#2453,#2454,#2455,#2456,#2457,
    #2458,#2459,#2460,#2461,#2462,#2463,#2464,#2465,#2466,#2467,#2468,
    #2469,#2470,#2471,#2472,#2473,#2474,#2475,#2476,#2477,#2478,#2479,
    #2480,#2481,#2482,#2483,#2484,#2485,#2486,#2487,#2488,#2489,#2490,
    #2491,#2492,#2493,#2494,#2495,#2496,#2497,#2498,#2499,#2500,#2501,
    #2502,#2503,#2504,#2505,#2506,#2507,#2508,#2509,#2510,#2511,#2512,
    #2513,#2514,#2515,#2516,#2517,#2518,#2519,#2520,#2521,#2522,#2523,
    #2524,#2525,#2526,#2527,#2528,#2529,#2530,#2531,#2532,#2533,#2534,
    #2535,#2536,#2537,#2538,#2539),.UNSPECIFIED.,.F.,.F.,(8,6,6,6,6,6,6,
    6,6,6,6,6,6,6,6,6,8),(0.,4.841191928994E-02,8.224809598106E-02,
    0.137593051776,0.221192058384,0.269760904159,0.331764458123,
    0.375237557846,0.500951853161,0.623534731989,0.740612141639,
    0.780837025116,0.838796670593,0.874143358894,0.922146765057,
    0.957512453415,1.),.UNSPECIFIED.);
#2442 = CARTESIAN_POINT('',(3.497013510664,11.810098188972));
#2443 = CARTESIAN_POINT('',(3.497013498422,11.891771546352));
#2444 = CARTESIAN_POINT('',(3.49701186698,11.973444938457));
#2445 = CARTESIAN_POINT('',(3.497009983924,12.055117463289));
#2446 = CARTESIAN_POINT('',(3.497008512277,12.136789752736));
#2447 = CARTESIAN_POINT('',(3.497007640933,12.218462813103));
#2448 = CARTESIAN_POINT('',(3.497007315078,12.300136865648));
#2449 = CARTESIAN_POINT('',(3.497007572546,12.438893504147));
#2450 = CARTESIAN_POINT('',(3.49700791293,12.49597701547));
#2451 = CARTESIAN_POINT('',(3.497008438148,12.553060643608));
#2452 = CARTESIAN_POINT('',(3.497009098391,12.610144323308));
#2453 = CARTESIAN_POINT('',(3.497009843673,12.667228001551));
#2454 = CARTESIAN_POINT('',(3.497010623826,12.724311637553));
#2455 = CARTESIAN_POINT('',(3.497012639273,12.874765308437));
#2456 = CARTESIAN_POINT('',(3.497013861047,12.96813734771));
#2457 = CARTESIAN_POINT('',(3.497014873134,13.061507773114));
#2458 = CARTESIAN_POINT('',(3.497015577521,13.154877137107));
#2459 = CARTESIAN_POINT('',(3.497015965028,13.248247360103));
#2460 = CARTESIAN_POINT('',(3.497016091129,13.34161899944));
#2461 = CARTESIAN_POINT('',(3.497015916152,13.576023939734));
#2462 = CARTESIAN_POINT('',(3.497015364441,13.717075060781));
#2463 = CARTESIAN_POINT('',(3.497014605005,13.858114774));
#2464 = CARTESIAN_POINT('',(3.4970139659,13.999147335226));
#2465 = CARTESIAN_POINT('',(3.497013604541,14.140187373831));
#2466 = CARTESIAN_POINT('',(3.497013466915,14.281238977928));
#2467 = CARTESIAN_POINT('',(3.49701346541,14.504213027591));
#2468 = CARTESIAN_POINT('',(3.497013510717,14.586152266562));
#2469 = CARTESIAN_POINT('',(3.497013582711,14.668090721245));
#2470 = CARTESIAN_POINT('',(3.497013656521,14.750028625133));
#2471 = CARTESIAN_POINT('',(3.497013707094,14.831966916783));
#2472 = CARTESIAN_POINT('',(3.497013714704,14.913905860204));
#2473 = CARTESIAN_POINT('',(3.497013614016,15.100446421065));
#2474 = CARTESIAN_POINT('',(3.4970134728,15.205052614224));
#2475 = CARTESIAN_POINT('',(3.49701322605,15.309656075602));
#2476 = CARTESIAN_POINT('',(3.497012877848,15.414257799374));
#2477 = CARTESIAN_POINT('',(3.497012460337,15.518861171936));
#2478 = CARTESIAN_POINT('',(3.497012024914,15.62346720155));
#2479 = CARTESIAN_POINT('',(3.497011338558,15.801410656921));
#2480 = CARTESIAN_POINT('',(3.497011071354,15.874752172343));
#2481 = CARTESIAN_POINT('',(3.497010837456,15.948093311835));
#2482 = CARTESIAN_POINT('',(3.49701065409,16.021434261522));
#2483 = CARTESIAN_POINT('',(3.497010536069,16.094775579668));
#2484 = CARTESIAN_POINT('',(3.497010493776,16.16811739959));
#2485 = CARTESIAN_POINT('',(3.497010639214,16.453544761243));
#2486 = CARTESIAN_POINT('',(3.497011414546,16.665751661114));
#2487 = CARTESIAN_POINT('',(3.497012958258,16.877859258478));
#2488 = CARTESIAN_POINT('',(3.497014987583,17.089936196455));
#2489 = CARTESIAN_POINT('',(3.497016593556,17.302043381916));
#2490 = CARTESIAN_POINT('',(3.497017364569,17.514249847445));
#2491 = CARTESIAN_POINT('',(3.497017271005,17.933138782703));
#2492 = CARTESIAN_POINT('',(3.497016446688,18.140047101497));
#2493 = CARTESIAN_POINT('',(3.497014859149,18.346867539803));
#2494 = CARTESIAN_POINT('',(3.497012912131,18.553659963213));
#2495 = CARTESIAN_POINT('',(3.497011423574,18.76048076001));
#2496 = CARTESIAN_POINT('',(3.49701066022,18.967389879458));
#2497 = CARTESIAN_POINT('',(3.497010418136,19.37170819898));
#2498 = CARTESIAN_POINT('',(3.497010882863,19.569307686419));
#2499 = CARTESIAN_POINT('',(3.497011855166,19.766838022564));
#2500 = CARTESIAN_POINT('',(3.497012957331,19.964344402342));
#2501 = CARTESIAN_POINT('',(3.497013582842,20.161874231593));
#2502 = CARTESIAN_POINT('',(3.497013751278,20.359473315429));
#2503 = CARTESIAN_POINT('',(3.497013679386,20.624848879871));
#2504 = CARTESIAN_POINT('',(3.497013634904,20.692710362417));
#2505 = CARTESIAN_POINT('',(3.497013573769,20.760571582307));
#2506 = CARTESIAN_POINT('',(3.497013509239,20.828432664965));
#2507 = CARTESIAN_POINT('',(3.497013455959,20.8962939975));
#2508 = CARTESIAN_POINT('',(3.497013427542,20.964155684897));
#2509 = CARTESIAN_POINT('',(3.497013443677,21.129797727589));
#2510 = CARTESIAN_POINT('',(3.497013525984,21.227581408815));
#2511 = CARTESIAN_POINT('',(3.497013710314,21.325363426021));
#2512 = CARTESIAN_POINT('',(3.497014012688,21.423144322756));
#2513 = CARTESIAN_POINT('',(3.497014412703,21.520926396168));
#2514 = CARTESIAN_POINT('',(3.497014851009,21.618710291865));
#2515 = CARTESIAN_POINT('',(3.497015489237,21.776123540207));
#2516 = CARTESIAN_POINT('',(3.497015715407,21.835755693369));
#2517 = CARTESIAN_POINT('',(3.497015908295,21.895387639863));
#2518 = CARTESIAN_POINT('',(3.497016046854,21.955019388115));
#2519 = CARTESIAN_POINT('',(3.497016109908,22.014651099315));
#2520 = CARTESIAN_POINT('',(3.497016079389,22.07428280469));
#2521 = CARTESIAN_POINT('',(3.497015759147,22.214897844899));
#2522 = CARTESIAN_POINT('',(3.497015381968,22.295882331711));
#2523 = CARTESIAN_POINT('',(3.497014778502,22.376865883195));
#2524 = CARTESIAN_POINT('',(3.497013947812,22.457848782182));
#2525 = CARTESIAN_POINT('',(3.497012928346,22.53883199423));
#2526 = CARTESIAN_POINT('',(3.497011804728,22.619815867485));
#2527 = CARTESIAN_POINT('',(3.497009911354,22.76046164679));
#2528 = CARTESIAN_POINT('',(3.497009118267,22.820124531875));
#2529 = CARTESIAN_POINT('',(3.497008403128,22.879787554849));
#2530 = CARTESIAN_POINT('',(3.4970078274,22.939450750645));
#2531 = CARTESIAN_POINT('',(3.49700744615,22.999114122079));
#2532 = CARTESIAN_POINT('',(3.497007308052,23.058777639858));
#2533 = CARTESIAN_POINT('',(3.497007632392,23.190119759725));
#2534 = CARTESIAN_POINT('',(3.497008212739,23.261799171308));
#2535 = CARTESIAN_POINT('',(3.497009214118,23.333478541886));
#2536 = CARTESIAN_POINT('',(3.497010608895,23.405157953039));
#2537 = CARTESIAN_POINT('',(3.497012196173,23.47683772903));
#2538 = CARTESIAN_POINT('',(3.497013473847,23.548517662478));
#2539 = CARTESIAN_POINT('',(3.497013510666,23.620196240028));
#2540 = ( GEOMETRIC_REPRESENTATION_CONTEXT(2) 
PARAMETRIC_REPRESENTATION_CONTEXT() REPRESENTATION_CONTEXT('2D SPACE',''
  ) );
#2541 = ORIENTED_EDGE('',*,*,#2542,.F.);
#2542 = EDGE_CURVE('',#864,#2235,#2543,.T.);
#2543 = SURFACE_CURVE('',#2544,(#2548,#2555),.PCURVE_S1.);
#2544 = LINE('',#2545,#2546);
#2545 = CARTESIAN_POINT('',(5.,-1.224646799147E-15,-1.));
#2546 = VECTOR('',#2547,1.);
#2547 = DIRECTION('',(0.,0.,1.));
#2548 = PCURVE('',#1095,#2549);
#2549 = DEFINITIONAL_REPRESENTATION('',(#2550),#2554);
#2550 = LINE('',#2551,#2552);
#2551 = CARTESIAN_POINT('',(0.,-0.));
#2552 = VECTOR('',#2553,1.);
#2553 = DIRECTION('',(0.,1.));
#2554 = ( GEOMETRIC_REPRESENTATION_CONTEXT(2) 
PARAMETRIC_REPRESENTATION_CONTEXT() REPRESENTATION_CONTEXT('2D SPACE',''
  ) );
#2555 = PCURVE('',#2556,#2561);
#2556 = CYLINDRICAL_SURFACE('',#2557,5.);
#2557 = AXIS2_PLACEMENT_3D('',#2558,#2559,#2560);
#2558 = CARTESIAN_POINT('',(0.,0.,-1.));
#2559 = DIRECTION('',(0.,0.,1.));
#2560 = DIRECTION('',(1.,0.,-0.));
#2561 = DEFINITIONAL_REPRESENTATION('',(#2562),#2566);
#2562 = LINE('',#2563,#2564);
#2563 = CARTESIAN_POINT('',(6.28318530718,-0.));
#2564 = VECTOR('',#2565,1.);
#2565 = DIRECTION('',(0.,1.));
#2566 = ( GEOMETRIC_REPRESENTATION_CONTEXT(2) 
PARAMETRIC_REPRESENTATION_CONTEXT() REPRESENTATION_CONTEXT('2D SPACE',''
  ) );
#2567 = ORIENTED_EDGE('',*,*,#899,.T.);
#2568 = ORIENTED_EDGE('',*,*,#2186,.T.);
#2569 = ADVANCED_FACE('',(#2570),#883,.F.);
#2570 = FACE_BOUND('',#2571,.F.);
#2571 = EDGE_LOOP('',(#2572,#2595,#2596,#2619));
#2572 = ORIENTED_EDGE('',*,*,#2573,.T.);
#2573 = EDGE_CURVE('',#2574,#571,#2576,.T.);
#2574 = VERTEX_POINT('',#2575);
#2575 = CARTESIAN_POINT('',(12.5,2.278407450679E-16,3.608058909293));
#2576 = SURFACE_CURVE('',#2577,(#2581,#2588),.PCURVE_S1.);
#2577 = LINE('',#2578,#2579);
#2578 = CARTESIAN_POINT('',(12.5,-3.061616997868E-15,0.));
#2579 = VECTOR('',#2580,1.);
#2580 = DIRECTION('',(0.,0.,1.));
#2581 = PCURVE('',#883,#2582);
#2582 = DEFINITIONAL_REPRESENTATION('',(#2583),#2587);
#2583 = LINE('',#2584,#2585);
#2584 = CARTESIAN_POINT('',(-3.749366307061,5.));
#2585 = VECTOR('',#2586,1.);
#2586 = DIRECTION('',(0.,-1.));
#2587 = ( GEOMETRIC_REPRESENTATION_CONTEXT(2) 
PARAMETRIC_REPRESENTATION_CONTEXT() REPRESENTATION_CONTEXT('2D SPACE',''
  ) );
#2588 = PCURVE('',#2081,#2589);
#2589 = DEFINITIONAL_REPRESENTATION('',(#2590),#2594);
#2590 = LINE('',#2591,#2592);
#2591 = CARTESIAN_POINT('',(6.28318530718,-0.));
#2592 = VECTOR('',#2593,1.);
#2593 = DIRECTION('',(0.,1.));
#2594 = ( GEOMETRIC_REPRESENTATION_CONTEXT(2) 
PARAMETRIC_REPRESENTATION_CONTEXT() REPRESENTATION_CONTEXT('2D SPACE',''
  ) );
#2595 = ORIENTED_EDGE('',*,*,#863,.T.);
#2596 = ORIENTED_EDGE('',*,*,#2597,.F.);
#2597 = EDGE_CURVE('',#2598,#864,#2600,.T.);
#2598 = VERTEX_POINT('',#2599);
#2599 = CARTESIAN_POINT('',(5.,-2.198698025759E-15,3.608058909293));
#2600 = SURFACE_CURVE('',#2601,(#2605,#2612),.PCURVE_S1.);
#2601 = LINE('',#2602,#2603);
#2602 = CARTESIAN_POINT('',(5.,-1.224646799147E-15,-1.));
#2603 = VECTOR('',#2604,1.);
#2604 = DIRECTION('',(0.,0.,1.));
#2605 = PCURVE('',#883,#2606);
#2606 = DEFINITIONAL_REPRESENTATION('',(#2607),#2611);
#2607 = LINE('',#2608,#2609);
#2608 = CARTESIAN_POINT('',(3.750633692939,6.));
#2609 = VECTOR('',#2610,1.);
#2610 = DIRECTION('',(0.,-1.));
#2611 = ( GEOMETRIC_REPRESENTATION_CONTEXT(2) 
PARAMETRIC_REPRESENTATION_CONTEXT() REPRESENTATION_CONTEXT('2D SPACE',''
  ) );
#2612 = PCURVE('',#2556,#2613);
#2613 = DEFINITIONAL_REPRESENTATION('',(#2614),#2618);
#2614 = LINE('',#2615,#2616);
#2615 = CARTESIAN_POINT('',(6.28318530718,-0.));
#2616 = VECTOR('',#2617,1.);
#2617 = DIRECTION('',(0.,1.));
#2618 = ( GEOMETRIC_REPRESENTATION_CONTEXT(2) 
PARAMETRIC_REPRESENTATION_CONTEXT() REPRESENTATION_CONTEXT('2D SPACE',''
  ) );
#2619 = ORIENTED_EDGE('',*,*,#2620,.T.);
#2620 = EDGE_CURVE('',#2598,#2574,#2621,.T.);
#2621 = SURFACE_CURVE('',#2622,(#2630,#2641),.PCURVE_S1.);
#2622 = ( BOUNDED_CURVE() B_SPLINE_CURVE(6,(#2623,#2624,#2625,#2626,
#2627,#2628,#2629),.UNSPECIFIED.,.T.,.F.) B_SPLINE_CURVE_WITH_KNOTS((1,6
    ,6,1),(-6.28318530718,0.,6.28318530718,12.566370614359),
.UNSPECIFIED.) CURVE() GEOMETRIC_REPRESENTATION_ITEM() 
RATIONAL_B_SPLINE_CURVE((1.669078461068,1.03672962321,1.038346699848,
    0.853534330196,1.038346699848,1.03672962321,1.669078461068)) 
REPRESENTATION_ITEM('') );
#2623 = CARTESIAN_POINT('',(12.75,6.064593272015E-15,5.));
#2624 = CARTESIAN_POINT('',(12.75,3.330669073875E-16,11.646172302284));
#2625 = CARTESIAN_POINT('',(4.531807237807,-2.366162821232E-15,
    12.600449532982));
#2626 = CARTESIAN_POINT('',(-2.246467684034,2.012279232133E-16,5.));
#2627 = CARTESIAN_POINT('',(4.531807237807,-7.868705687031E-15,
    -2.600449532982));
#2628 = CARTESIAN_POINT('',(12.75,-6.022959908591E-15,-1.646172302284));
#2629 = CARTESIAN_POINT('',(12.75,6.064593272015E-15,5.));
#2630 = PCURVE('',#883,#2631);
#2631 = DEFINITIONAL_REPRESENTATION('',(#2632),#2640);
#2632 = ( BOUNDED_CURVE() B_SPLINE_CURVE(6,(#2633,#2634,#2635,#2636,
#2637,#2638,#2639),.UNSPECIFIED.,.T.,.F.) B_SPLINE_CURVE_WITH_KNOTS((1,6
    ,6,1),(-6.28318530718,0.,6.28318530718,12.566370614359),
.UNSPECIFIED.) CURVE() GEOMETRIC_REPRESENTATION_ITEM() 
RATIONAL_B_SPLINE_CURVE((1.669078461068,1.03672962321,1.038346699848,
    0.853534330196,1.038346699848,1.03672962321,1.669078461068)) 
REPRESENTATION_ITEM('') );
#2633 = CARTESIAN_POINT('',(-3.999366307061,-7.993605777301E-15));
#2634 = CARTESIAN_POINT('',(-3.999366307061,-6.646172302284));
#2635 = CARTESIAN_POINT('',(4.218826455132,-7.600449532982));
#2636 = CARTESIAN_POINT('',(10.997101376973,-2.39808173319E-14));
#2637 = CARTESIAN_POINT('',(4.218826455132,7.600449532982));
#2638 = CARTESIAN_POINT('',(-3.999366307061,6.646172302284));
#2639 = CARTESIAN_POINT('',(-3.999366307061,-7.993605777301E-15));
#2640 = ( GEOMETRIC_REPRESENTATION_CONTEXT(2) 
PARAMETRIC_REPRESENTATION_CONTEXT() REPRESENTATION_CONTEXT('2D SPACE',''
  ) );
#2641 = PCURVE('',#1801,#2642);
#2642 = DEFINITIONAL_REPRESENTATION('',(#2643),#2647);
#2643 = LINE('',#2644,#2645);
#2644 = CARTESIAN_POINT('',(0.,0.));
#2645 = VECTOR('',#2646,1.);
#2646 = DIRECTION('',(1.,0.));
#2647 = ( GEOMETRIC_REPRESENTATION_CONTEXT(2) 
PARAMETRIC_REPRESENTATION_CONTEXT() REPRESENTATION_CONTEXT('2D SPACE',''
  ) );
#2648 = ADVANCED_FACE('',(#2649),#2081,.T.);
#2649 = FACE_BOUND('',#2650,.T.);
#2650 = EDGE_LOOP('',(#2651,#2921,#2944,#2971,#2972,#2973));
#2651 = ORIENTED_EDGE('',*,*,#2652,.F.);
#2652 = EDGE_CURVE('',#2574,#1592,#2653,.T.);
#2653 = SURFACE_CURVE('',#2654,(#2741,#2831),.PCURVE_S1.);
#2654 = B_SPLINE_CURVE_WITH_KNOTS('',8,(#2655,#2656,#2657,#2658,#2659,
    #2660,#2661,#2662,#2663,#2664,#2665,#2666,#2667,#2668,#2669,#2670,
    #2671,#2672,#2673,#2674,#2675,#2676,#2677,#2678,#2679,#2680,#2681,
    #2682,#2683,#2684,#2685,#2686,#2687,#2688,#2689,#2690,#2691,#2692,
    #2693,#2694,#2695,#2696,#2697,#2698,#2699,#2700,#2701,#2702,#2703,
    #2704,#2705,#2706,#2707,#2708,#2709,#2710,#2711,#2712,#2713,#2714,
    #2715,#2716,#2717,#2718,#2719,#2720,#2721,#2722,#2723,#2724,#2725,
    #2726,#2727,#2728,#2729,#2730,#2731,#2732,#2733,#2734,#2735,#2736,
    #2737,#2738,#2739,#2740),.UNSPECIFIED.,.F.,.F.,(9,7,7,7,7,7,7,7,7,7,
    7,7,9),(0.,5.101137760134E-02,0.131016557052,0.21947529921,
    0.274865075652,0.37805447155,0.49583596568,0.62823557105,
    0.72762061392,0.786647521707,0.868300384931,0.958295900604,1.),
  .UNSPECIFIED.);
#2655 = CARTESIAN_POINT('',(12.5,8.881784197001E-15,3.608058909292));
#2656 = CARTESIAN_POINT('',(12.5,0.500753555858,3.67181672473));
#2657 = CARTESIAN_POINT('',(12.477073899481,1.001519411224,
    3.735562764183));
#2658 = CARTESIAN_POINT('',(12.431219777496,1.501057432059,
    3.799305420652));
#2659 = CARTESIAN_POINT('',(12.362518028582,1.998140938966,
    3.863049749432));
#2660 = CARTESIAN_POINT('',(12.271126336968,2.491555999559,
    3.926798481298));
#2661 = CARTESIAN_POINT('',(12.157277837637,2.980101333581,
    3.990552599453));
#2662 = CARTESIAN_POINT('',(12.021282464219,3.46258883075,4.054311480235
    ));
#2663 = CARTESIAN_POINT('',(11.616118139964,4.683226033544,
    4.218074202633));
#2664 = CARTESIAN_POINT('',(11.315156948577,5.410918101156,4.31809453795
    ));
#2665 = CARTESIAN_POINT('',(10.962156466109,6.11631532333,4.418114849946
    ));
#2666 = CARTESIAN_POINT('',(10.55908104109,6.795089640097,4.518128794165
    ));
#2667 = CARTESIAN_POINT('',(10.108291878904,7.443159895305,
    4.618138430101));
#2668 = CARTESIAN_POINT('',(9.61252508021,8.056685482233,4.71814848348)
  );
#2669 = CARTESIAN_POINT('',(9.074906652917,8.632084231906,4.818158876023
    ));
#2670 = CARTESIAN_POINT('',(7.862250969922,9.756487710665,5.028718084258
    ));
#2671 = CARTESIAN_POINT('',(7.178522687162,10.296439950376,5.13929348413
    ));
#2672 = CARTESIAN_POINT('',(6.45262743052,10.781424471347,5.249858820667
    ));
#2673 = CARTESIAN_POINT('',(5.689765371583,11.207651498195,
    5.360414657767));
#2674 = CARTESIAN_POINT('',(4.895462886021,11.571947087884,
    5.470972322174));
#2675 = CARTESIAN_POINT('',(4.075543332616,11.87172312278,5.581541911691
    ));
#2676 = CARTESIAN_POINT('',(3.236134797745,12.105018480932,
    5.692121014259));
#2677 = CARTESIAN_POINT('',(1.849959162153,12.374299878741,
    5.871914906425));
#2678 = CARTESIAN_POINT('',(1.311035525494,12.451456469856,
    5.941147888075));
#2679 = CARTESIAN_POINT('',(0.768501609614,12.501776200177,
    6.010380461442));
#2680 = CARTESIAN_POINT('',(0.223918821024,12.52506987825,6.079612176728
    ));
#2681 = CARTESIAN_POINT('',(-0.321148661434,12.521256600334,
    6.148843697153));
#2682 = CARTESIAN_POINT('',(-0.865134729909,12.490361275496,
    6.218075724851));
#2683 = CARTESIAN_POINT('',(-1.406472114305,12.432517153387,
    6.287307911264));
#2684 = CARTESIAN_POINT('',(-2.944232373768,12.190470940495,
    6.485510748592));
#2685 = CARTESIAN_POINT('',(-3.930572130363,11.940249774799,
    6.614518671644));
#2686 = CARTESIAN_POINT('',(-4.892152131675,11.59886656167,
    6.743505235226));
#2687 = CARTESIAN_POINT('',(-5.819173177258,11.169313182206,
    6.872473103818));
#2688 = CARTESIAN_POINT('',(-6.702413310814,10.655726802477,
    7.001440913933));
#2689 = CARTESIAN_POINT('',(-7.533197529711,10.063294503815,
    7.13042749632));
#2690 = CARTESIAN_POINT('',(-8.30345863112,9.39833280551,7.259436022027)
  );
#2691 = CARTESIAN_POINT('',(-9.807731696152,7.835509005591,
    7.535623998997));
#2692 = CARTESIAN_POINT('',(-10.52186753767,6.917332864538,
    7.682912900475));
#2693 = CARTESIAN_POINT('',(-11.13713129861,5.925335360321,
    7.830168034411));
#2694 = CARTESIAN_POINT('',(-11.64490844191,4.872116898976,
    7.977396571993));
#2695 = CARTESIAN_POINT('',(-12.03844235287,3.771100276666,
    8.124625494731));
#2696 = CARTESIAN_POINT('',(-12.31291797685,2.636520551863,
    8.271881512404));
#2697 = CARTESIAN_POINT('',(-12.46541019027,1.483358256042,
    8.419171202115));
#2698 = CARTESIAN_POINT('',(-12.52976531801,-0.971700967959,
    8.731868871894));
#2699 = CARTESIAN_POINT('',(-12.40945896771,-2.276006610294,
    8.897474513873));
#2700 = CARTESIAN_POINT('',(-12.1337713664,-3.562395949319,
    9.063002124587));
#2701 = CARTESIAN_POINT('',(-11.7063193492,-4.809434354282,
    9.228475670364));
#2702 = CARTESIAN_POINT('',(-11.13361910947,-5.996799090008,
    9.393950090262));
#2703 = CARTESIAN_POINT('',(-10.42532379177,-7.105457112931,
    9.55947952746));
#2704 = CARTESIAN_POINT('',(-9.593927525044,-8.117620734753,
    9.725086737364));
#2705 = CARTESIAN_POINT('',(-7.952490597644,-9.693281631631,
    10.014789427988));
#2706 = CARTESIAN_POINT('',(-7.188234226787,-10.30628292902,
    10.139042070158));
#2707 = CARTESIAN_POINT('',(-6.370285822441,-10.85009680404,
    10.263281261863));
#2708 = CARTESIAN_POINT('',(-5.506032910266,-11.31933040005,
    10.387507146977));
#2709 = CARTESIAN_POINT('',(-4.603359158934,-11.70957844852,
    10.511732252991));
#2710 = CARTESIAN_POINT('',(-3.67059696288,-12.01735822712,
    10.635969537619));
#2711 = CARTESIAN_POINT('',(-2.716549338603,-12.24018696605,
    10.760220239742));
#2712 = CARTESIAN_POINT('',(-1.176826282522,-12.45796237246,
    10.958214684406));
#2713 = CARTESIAN_POINT('',(-0.598782484804,-12.50871739007,
    11.031992486109));
#2714 = CARTESIAN_POINT('',(-1.832584504219E-02,-12.52880786571,
    11.105768876935));
#2715 = CARTESIAN_POINT('',(0.562643239681,-12.51811142622,
    11.179543808442));
#2716 = CARTESIAN_POINT('',(1.142229450609,-12.47664518635,
    11.25331883661));
#2717 = CARTESIAN_POINT('',(1.718543561349,-12.40456206913,
    11.327095535988));
#2718 = CARTESIAN_POINT('',(2.289703718657,-12.30215443406,
    11.400873889226));
#2719 = CARTESIAN_POINT('',(3.634211544077,-11.98686694637,
    11.576707224958));
#2720 = CARTESIAN_POINT('',(4.401263955157,-11.74665889994,
    11.678776797173));
#2721 = CARTESIAN_POINT('',(5.149966573016,-11.45039706011,
    11.780843157167));
#2722 = CARTESIAN_POINT('',(5.875550670623,-11.09975919842,
    11.882905016009));
#2723 = CARTESIAN_POINT('',(6.573478253882,-10.69687479592,
    11.984967879628));
#2724 = CARTESIAN_POINT('',(7.239437102766,-10.24429932459,
    12.087036435464));
#2725 = CARTESIAN_POINT('',(7.869359043787,-9.745032685969,
    12.189107453474));
#2726 = CARTESIAN_POINT('',(9.109855923719,-8.604707529434,
    12.403646209525));
#2727 = CARTESIAN_POINT('',(9.712068857404,-7.954198284953,
    12.516142918097));
#2728 = CARTESIAN_POINT('',(10.260959296275,-7.255726136951,
    12.628625672611));
#2729 = CARTESIAN_POINT('',(10.752123246008,-6.514441728232,
    12.741090672993));
#2730 = CARTESIAN_POINT('',(11.181787328934,-5.7358947003,
    12.853550639875));
#2731 = CARTESIAN_POINT('',(11.546778328363,-4.925999440567,
    12.966023203015));
#2732 = CARTESIAN_POINT('',(11.844568624844,-4.091046157281,
    13.078515011944));
#2733 = CARTESIAN_POINT('',(12.179437287578,-2.842341535134,
    13.243128061087));
#2734 = CARTESIAN_POINT('',(12.270677270725,-2.442954101676,
    13.295257855298));
#2735 = CARTESIAN_POINT('',(12.346943182234,-2.040245877882,
    13.347390430462));
#2736 = CARTESIAN_POINT('',(12.408095618206,-1.634872681622,
    13.399525567327));
#2737 = CARTESIAN_POINT('',(12.45402999818,-1.227494916985,
    13.451662651573));
#2738 = CARTESIAN_POINT('',(12.484676500894,-0.81877723871,
    13.503799976983));
#2739 = CARTESIAN_POINT('',(12.500000000035,-0.409388216609,
    13.555934048608));
#2740 = CARTESIAN_POINT('',(12.5,-3.552713678801E-15,13.608058885936));
#2741 = PCURVE('',#2081,#2742);
#2742 = DEFINITIONAL_REPRESENTATION('',(#2743),#2830);
#2743 = B_SPLINE_CURVE_WITH_KNOTS('',8,(#2744,#2745,#2746,#2747,#2748,
    #2749,#2750,#2751,#2752,#2753,#2754,#2755,#2756,#2757,#2758,#2759,
    #2760,#2761,#2762,#2763,#2764,#2765,#2766,#2767,#2768,#2769,#2770,
    #2771,#2772,#2773,#2774,#2775,#2776,#2777,#2778,#2779,#2780,#2781,
    #2782,#2783,#2784,#2785,#2786,#2787,#2788,#2789,#2790,#2791,#2792,
    #2793,#2794,#2795,#2796,#2797,#2798,#2799,#2800,#2801,#2802,#2803,
    #2804,#2805,#2806,#2807,#2808,#2809,#2810,#2811,#2812,#2813,#2814,
    #2815,#2816,#2817,#2818,#2819,#2820,#2821,#2822,#2823,#2824,#2825,
    #2826,#2827,#2828,#2829),.UNSPECIFIED.,.F.,.F.,(9,7,7,7,7,7,7,7,7,7,
    7,7,9),(0.,5.101137760134E-02,0.131016557052,0.21947529921,
    0.274865075652,0.37805447155,0.49583596568,0.62823557105,
    0.72762061392,0.786647521707,0.868300384931,0.958295900604,1.),
  .UNSPECIFIED.);
#2744 = CARTESIAN_POINT('',(0.,3.608058909292));
#2745 = CARTESIAN_POINT('',(4.006028446861E-02,3.67181672473));
#2746 = CARTESIAN_POINT('',(8.01215483641E-02,3.735562764183));
#2747 = CARTESIAN_POINT('',(0.1201825673,3.799305420652));
#2748 = CARTESIAN_POINT('',(0.16024315673,3.863049749432));
#2749 = CARTESIAN_POINT('',(0.200303661542,3.926798481298));
#2750 = CARTESIAN_POINT('',(0.240364458775,3.990552599453));
#2751 = CARTESIAN_POINT('',(0.280425473489,4.054311480235));
#2752 = CARTESIAN_POINT('',(0.383315342704,4.218074202633));
#2753 = CARTESIAN_POINT('',(0.446151315887,4.31809453795));
#2754 = CARTESIAN_POINT('',(0.508984317948,4.418114849946));
#2755 = CARTESIAN_POINT('',(0.571813718739,4.518128794165));
#2756 = CARTESIAN_POINT('',(0.634643195889,4.618138430101));
#2757 = CARTESIAN_POINT('',(0.697476385752,4.71814848348));
#2758 = CARTESIAN_POINT('',(0.760312556711,4.818158876023));
#2759 = CARTESIAN_POINT('',(0.892610813414,5.028718084258));
#2760 = CARTESIAN_POINT('',(0.962090045628,5.13929348413));
#2761 = CARTESIAN_POINT('',(1.03156458399,5.249858820667));
#2762 = CARTESIAN_POINT('',(1.101033198148,5.360414657767));
#2763 = CARTESIAN_POINT('',(1.170501798889,5.470972322174));
#2764 = CARTESIAN_POINT('',(1.239976328982,5.581541911691));
#2765 = CARTESIAN_POINT('',(1.309455590913,5.692121014259));
#2766 = CARTESIAN_POINT('',(1.422422711479,5.871914906425));
#2767 = CARTESIAN_POINT('',(1.465922491402,5.941147888075));
#2768 = CARTESIAN_POINT('',(1.509421822061,6.010380461442));
#2769 = CARTESIAN_POINT('',(1.552920580669,6.079612176728));
#2770 = CARTESIAN_POINT('',(1.596419345954,6.148843697153));
#2771 = CARTESIAN_POINT('',(1.639918693941,6.218075724851));
#2772 = CARTESIAN_POINT('',(1.68341849443,6.287307911264));
#2773 = CARTESIAN_POINT('',(1.807953931565,6.485510748592));
#2774 = CARTESIAN_POINT('',(1.889013944056,6.614518671644));
#2775 = CARTESIAN_POINT('',(1.970062109919,6.743505235226));
#2776 = CARTESIAN_POINT('',(2.051099704616,6.872473103818));
#2777 = CARTESIAN_POINT('',(2.132137298335,7.001440913933));
#2778 = CARTESIAN_POINT('',(2.213185458343,7.13042749632));
#2779 = CARTESIAN_POINT('',(2.294245451055,7.259436022027));
#2780 = CARTESIAN_POINT('',(2.467778261717,7.535623998997));
#2781 = CARTESIAN_POINT('',(2.560319209501,7.682912900475));
#2782 = CARTESIAN_POINT('',(2.652835959421,7.830168034411));
#2783 = CARTESIAN_POINT('',(2.745333762895,7.977396571993));
#2784 = CARTESIAN_POINT('',(2.837831560056,8.124625494731));
#2785 = CARTESIAN_POINT('',(2.930348292905,8.271881512404));
#2786 = CARTESIAN_POINT('',(3.022889230933,8.419171202115));
#2787 = CARTESIAN_POINT('',(3.219361435596,8.731868871894));
#2788 = CARTESIAN_POINT('',(3.323417735195,8.897474513873));
#2789 = CARTESIAN_POINT('',(3.427429210641,9.063002124587));
#2790 = CARTESIAN_POINT('',(3.531409525077,9.228475670364));
#2791 = CARTESIAN_POINT('',(3.635389874315,9.393950090262));
#2792 = CARTESIAN_POINT('',(3.739401435273,9.55947952746));
#2793 = CARTESIAN_POINT('',(3.843457991803,9.725086737364));
#2794 = CARTESIAN_POINT('',(4.025482560669,10.014789427988));
#2795 = CARTESIAN_POINT('',(4.10355065196,10.139042070158));
#2796 = CARTESIAN_POINT('',(4.18160892403,10.263281261863));
#2797 = CARTESIAN_POINT('',(4.259658256128,10.387507146977));
#2798 = CARTESIAN_POINT('',(4.337707595201,10.511732252991));
#2799 = CARTESIAN_POINT('',(4.415765890407,10.635969537619));
#2800 = CARTESIAN_POINT('',(4.493834026648,10.760220239742));
#2801 = CARTESIAN_POINT('',(4.618237839247,10.958214684406));
#2802 = CARTESIAN_POINT('',(4.664594248919,11.031992486109));
#2803 = CARTESIAN_POINT('',(4.710950056475,11.105768876935));
#2804 = CARTESIAN_POINT('',(4.757305086236,11.179543808442));
#2805 = CARTESIAN_POINT('',(4.803660125367,11.25331883661));
#2806 = CARTESIAN_POINT('',(4.850015960034,11.327095535988));
#2807 = CARTESIAN_POINT('',(4.896372406806,11.400873889226));
#2808 = CARTESIAN_POINT('',(5.006850856976,11.576707224958));
#2809 = CARTESIAN_POINT('',(5.070981552416,11.678776797173));
#2810 = CARTESIAN_POINT('',(5.135109016603,11.780843157167));
#2811 = CARTESIAN_POINT('',(5.19923244723,11.882905016009));
#2812 = CARTESIAN_POINT('',(5.263355856913,11.984967879628));
#2813 = CARTESIAN_POINT('',(5.32748327551,12.087036435464));
#2814 = CARTESIAN_POINT('',(5.391613946553,12.189107453474));
#2815 = CARTESIAN_POINT('',(5.526412735194,12.403646209525));
#2816 = CARTESIAN_POINT('',(5.597099692678,12.516142918097));
#2817 = CARTESIAN_POINT('',(5.667781614265,12.628625672611));
#2818 = CARTESIAN_POINT('',(5.738457214048,12.741090672993));
#2819 = CARTESIAN_POINT('',(5.809132904489,12.853550639875));
#2820 = CARTESIAN_POINT('',(5.879815032307,12.966023203015));
#2821 = CARTESIAN_POINT('',(5.950502141942,13.078515011944));
#2822 = CARTESIAN_POINT('',(6.053928258711,13.243128061087));
#2823 = CARTESIAN_POINT('',(6.086679466685,13.295257855298));
#2824 = CARTESIAN_POINT('',(6.119430515004,13.347390430462));
#2825 = CARTESIAN_POINT('',(6.152181369894,13.399525567327));
#2826 = CARTESIAN_POINT('',(6.184932181589,13.451662651573));
#2827 = CARTESIAN_POINT('',(6.217683126575,13.503799976983));
#2828 = CARTESIAN_POINT('',(6.250434249851,13.555934048608));
#2829 = CARTESIAN_POINT('',(6.28318530718,13.608058885936));
#2830 = ( GEOMETRIC_REPRESENTATION_CONTEXT(2) 
PARAMETRIC_REPRESENTATION_CONTEXT() REPRESENTATION_CONTEXT('2D SPACE',''
  ) );
#2831 = PCURVE('',#1801,#2832);
#2832 = DEFINITIONAL_REPRESENTATION('',(#2833),#2920);
#2833 = B_SPLINE_CURVE_WITH_KNOTS('',8,(#2834,#2835,#2836,#2837,#2838,
    #2839,#2840,#2841,#2842,#2843,#2844,#2845,#2846,#2847,#2848,#2849,
    #2850,#2851,#2852,#2853,#2854,#2855,#2856,#2857,#2858,#2859,#2860,
    #2861,#2862,#2863,#2864,#2865,#2866,#2867,#2868,#2869,#2870,#2871,
    #2872,#2873,#2874,#2875,#2876,#2877,#2878,#2879,#2880,#2881,#2882,
    #2883,#2884,#2885,#2886,#2887,#2888,#2889,#2890,#2891,#2892,#2893,
    #2894,#2895,#2896,#2897,#2898,#2899,#2900,#2901,#2902,#2903,#2904,
    #2905,#2906,#2907,#2908,#2909,#2910,#2911,#2912,#2913,#2914,#2915,
    #2916,#2917,#2918,#2919),.UNSPECIFIED.,.F.,.F.,(9,7,7,7,7,7,7,7,7,7,
    7,7,9),(0.,5.101137760134E-02,0.131016557052,0.21947529921,
    0.274865075652,0.37805447155,0.49583596568,0.62823557105,
    0.72762061392,0.786647521707,0.868300384931,0.958295900604,1.),
  .UNSPECIFIED.);
#2834 = CARTESIAN_POINT('',(5.924845760055,0.));
#2835 = CARTESIAN_POINT('',(5.924845800573,7.529860562382E-02));
#2836 = CARTESIAN_POINT('',(5.924842215758,0.150599246683));
#2837 = CARTESIAN_POINT('',(5.924837780503,0.225899605038));
#2838 = CARTESIAN_POINT('',(5.924833948096,0.301199249397));
#2839 = CARTESIAN_POINT('',(5.924831325391,0.376498735661));
#2840 = CARTESIAN_POINT('',(5.924830031452,0.451798706208));
#2841 = CARTESIAN_POINT('',(5.924829939658,0.527098988118));
#2842 = CARTESIAN_POINT('',(5.92483215774,0.720494602565));
#2843 = CARTESIAN_POINT('',(5.924835884491,0.838603154525));
#2844 = CARTESIAN_POINT('',(5.924840946169,0.956705789002));
#2845 = CARTESIAN_POINT('',(5.924845888006,1.074801437702));
#2846 = CARTESIAN_POINT('',(5.924849654597,1.192897190331));
#2847 = CARTESIAN_POINT('',(5.924851925379,1.311000040469));
#2848 = CARTESIAN_POINT('',(5.924852968832,1.429108708267));
#2849 = CARTESIAN_POINT('',(5.924853066862,1.677780800864));
#2850 = CARTESIAN_POINT('',(5.924851920802,1.808376506987));
#2851 = CARTESIAN_POINT('',(5.924850004237,1.938963723627));
#2852 = CARTESIAN_POINT('',(5.924848007975,2.069540065979));
#2853 = CARTESIAN_POINT('',(5.924846476023,2.200116509799));
#2854 = CARTESIAN_POINT('',(5.924845613306,2.330704077614));
#2855 = CARTESIAN_POINT('',(5.924845311664,2.461300400477));
#2856 = CARTESIAN_POINT('',(5.924845445783,2.673638134777));
#2857 = CARTESIAN_POINT('',(5.924845646593,2.7554020691));
#2858 = CARTESIAN_POINT('',(5.924845949716,2.837165069641));
#2859 = CARTESIAN_POINT('',(5.924846288565,2.918926899618));
#2860 = CARTESIAN_POINT('',(5.924846593666,3.000688649436));
#2861 = CARTESIAN_POINT('',(5.924846805338,3.082451412122));
#2862 = CARTESIAN_POINT('',(5.924846882229,3.164214958806));
#2863 = CARTESIAN_POINT('',(5.924846663095,3.398295411311));
#2864 = CARTESIAN_POINT('',(5.924845987623,3.550658015095));
#2865 = CARTESIAN_POINT('',(5.924844655386,3.702998298984));
#2866 = CARTESIAN_POINT('',(5.924842801502,3.855318812641));
#2867 = CARTESIAN_POINT('',(5.924840885623,4.007639534871));
#2868 = CARTESIAN_POINT('',(5.924839438349,4.159980360076));
#2869 = CARTESIAN_POINT('',(5.924838777698,4.312343627089));
#2870 = CARTESIAN_POINT('',(5.924839221187,4.638522408394));
#2871 = CARTESIAN_POINT('',(5.924840588229,4.812466023089));
#2872 = CARTESIAN_POINT('',(5.924843205035,4.986364234894));
#2873 = CARTESIAN_POINT('',(5.924846786544,5.160226769925));
#2874 = CARTESIAN_POINT('',(5.924850514041,5.334089108162));
#2875 = CARTESIAN_POINT('',(5.924853466946,5.507986860139));
#2876 = CARTESIAN_POINT('',(5.924855144516,5.681930006802));
#2877 = CARTESIAN_POINT('',(5.92485583996,6.051225918693));
#2878 = CARTESIAN_POINT('',(5.924854501978,6.246813695569));
#2879 = CARTESIAN_POINT('',(5.924851352449,6.442317317935));
#2880 = CARTESIAN_POINT('',(5.924846955935,6.637762601449));
#2881 = CARTESIAN_POINT('',(5.92484271893,6.833208222251));
#2882 = CARTESIAN_POINT('',(5.924839896725,7.028712581569));
#2883 = CARTESIAN_POINT('',(5.924838756666,7.224301370597));
#2884 = CARTESIAN_POINT('',(5.924839138384,7.566441437182));
#2885 = CARTESIAN_POINT('',(5.924840067104,7.713180941325));
#2886 = CARTESIAN_POINT('',(5.924841622813,7.859901791873));
#2887 = CARTESIAN_POINT('',(5.924843474061,8.006605620197));
#2888 = CARTESIAN_POINT('',(5.92484515221,8.153309288585));
#2889 = CARTESIAN_POINT('',(5.924846288425,8.300029727345));
#2890 = CARTESIAN_POINT('',(5.924846806443,8.446768736003));
#2891 = CARTESIAN_POINT('',(5.924846869633,8.680601826843));
#2892 = CARTESIAN_POINT('',(5.92484672465,8.767734768434));
#2893 = CARTESIAN_POINT('',(5.924846439668,8.854866660278));
#2894 = CARTESIAN_POINT('',(5.924846072568,8.941997189885));
#2895 = CARTESIAN_POINT('',(5.924845702355,9.029127846473));
#2896 = CARTESIAN_POINT('',(5.924845415894,9.116260106601));
#2897 = CARTESIAN_POINT('',(5.924845289604,9.203393612952));
#2898 = CARTESIAN_POINT('',(5.924845471977,9.411053679729));
#2899 = CARTESIAN_POINT('',(5.924845968003,9.531596644218));
#2900 = CARTESIAN_POINT('',(5.924846961973,9.652133619492));
#2901 = CARTESIAN_POINT('',(5.924848473552,9.772662998082));
#2902 = CARTESIAN_POINT('',(5.924850293466,9.89319220768));
#2903 = CARTESIAN_POINT('',(5.924851982438,10.013728724009));
#2904 = CARTESIAN_POINT('',(5.924853009908,10.134271074205));
#2905 = CARTESIAN_POINT('',(5.92485305742,10.387643275061));
#2906 = CARTESIAN_POINT('',(5.924851817988,10.520508486713));
#2907 = CARTESIAN_POINT('',(5.924849053802,10.65336395248));
#2908 = CARTESIAN_POINT('',(5.924844260185,10.786207409769));
#2909 = CARTESIAN_POINT('',(5.924838052303,10.919051161241));
#2910 = CARTESIAN_POINT('',(5.924832386027,11.051907389182));
#2911 = CARTESIAN_POINT('',(5.924829635561,11.184773469561));
#2912 = CARTESIAN_POINT('',(5.924830941307,11.379177372139));
#2913 = CARTESIAN_POINT('',(5.924832131616,11.440737920375));
#2914 = CARTESIAN_POINT('',(5.924834129805,11.502298210726));
#2915 = CARTESIAN_POINT('',(5.924836899125,11.563858145332));
#2916 = CARTESIAN_POINT('',(5.924840217966,11.625417961759));
#2917 = CARTESIAN_POINT('',(5.924843562792,11.686977946508));
#2918 = CARTESIAN_POINT('',(5.924845991073,11.748538148533));
#2919 = CARTESIAN_POINT('',(5.924846024224,11.810098092751));
#2920 = ( GEOMETRIC_REPRESENTATION_CONTEXT(2) 
PARAMETRIC_REPRESENTATION_CONTEXT() REPRESENTATION_CONTEXT('2D SPACE',''
  ) );
#2921 = ORIENTED_EDGE('',*,*,#2922,.F.);
#2922 = EDGE_CURVE('',#2923,#2574,#2925,.T.);
#2923 = VERTEX_POINT('',#2924);
#2924 = CARTESIAN_POINT('',(12.5,-3.061616997868E-15,0.));
#2925 = SEAM_CURVE('',#2926,(#2930,#2937),.PCURVE_S1.);
#2926 = LINE('',#2927,#2928);
#2927 = CARTESIAN_POINT('',(12.5,-3.061616997868E-15,0.));
#2928 = VECTOR('',#2929,1.);
#2929 = DIRECTION('',(0.,0.,1.));
#2930 = PCURVE('',#2081,#2931);
#2931 = DEFINITIONAL_REPRESENTATION('',(#2932),#2936);
#2932 = LINE('',#2933,#2934);
#2933 = CARTESIAN_POINT('',(0.,-0.));
#2934 = VECTOR('',#2935,1.);
#2935 = DIRECTION('',(0.,1.));
#2936 = ( GEOMETRIC_REPRESENTATION_CONTEXT(2) 
PARAMETRIC_REPRESENTATION_CONTEXT() REPRESENTATION_CONTEXT('2D SPACE',''
  ) );
#2937 = PCURVE('',#2081,#2938);
#2938 = DEFINITIONAL_REPRESENTATION('',(#2939),#2943);
#2939 = LINE('',#2940,#2941);
#2940 = CARTESIAN_POINT('',(6.28318530718,-0.));
#2941 = VECTOR('',#2942,1.);
#2942 = DIRECTION('',(0.,1.));
#2943 = ( GEOMETRIC_REPRESENTATION_CONTEXT(2) 
PARAMETRIC_REPRESENTATION_CONTEXT() REPRESENTATION_CONTEXT('2D SPACE',''
  ) );
#2944 = ORIENTED_EDGE('',*,*,#2945,.T.);
#2945 = EDGE_CURVE('',#2923,#2923,#2946,.T.);
#2946 = SURFACE_CURVE('',#2947,(#2952,#2959),.PCURVE_S1.);
#2947 = CIRCLE('',#2948,12.5);
#2948 = AXIS2_PLACEMENT_3D('',#2949,#2950,#2951);
#2949 = CARTESIAN_POINT('',(0.,0.,0.));
#2950 = DIRECTION('',(0.,0.,1.));
#2951 = DIRECTION('',(1.,0.,-0.));
#2952 = PCURVE('',#2081,#2953);
#2953 = DEFINITIONAL_REPRESENTATION('',(#2954),#2958);
#2954 = LINE('',#2955,#2956);
#2955 = CARTESIAN_POINT('',(0.,0.));
#2956 = VECTOR('',#2957,1.);
#2957 = DIRECTION('',(1.,0.));
#2958 = ( GEOMETRIC_REPRESENTATION_CONTEXT(2) 
PARAMETRIC_REPRESENTATION_CONTEXT() REPRESENTATION_CONTEXT('2D SPACE',''
  ) );
#2959 = PCURVE('',#2960,#2965);
#2960 = PLANE('',#2961);
#2961 = AXIS2_PLACEMENT_3D('',#2962,#2963,#2964);
#2962 = CARTESIAN_POINT('',(0.,0.,0.));
#2963 = DIRECTION('',(0.,0.,1.));
#2964 = DIRECTION('',(1.,0.,-0.));
#2965 = DEFINITIONAL_REPRESENTATION('',(#2966),#2970);
#2966 = CIRCLE('',#2967,12.5);
#2967 = AXIS2_PLACEMENT_2D('',#2968,#2969);
#2968 = CARTESIAN_POINT('',(0.,0.));
#2969 = DIRECTION('',(1.,0.));
#2970 = ( GEOMETRIC_REPRESENTATION_CONTEXT(2) 
PARAMETRIC_REPRESENTATION_CONTEXT() REPRESENTATION_CONTEXT('2D SPACE',''
  ) );
#2971 = ORIENTED_EDGE('',*,*,#2922,.T.);
#2972 = ORIENTED_EDGE('',*,*,#2573,.T.);
#2973 = ORIENTED_EDGE('',*,*,#2067,.T.);
#2974 = ADVANCED_FACE('',(#2975),#1801,.T.);
#2975 = FACE_BOUND('',#2976,.T.);
#2976 = EDGE_LOOP('',(#2977,#2978,#2979,#2980,#2981,#2982));
#2977 = ORIENTED_EDGE('',*,*,#2620,.T.);
#2978 = ORIENTED_EDGE('',*,*,#2652,.T.);
#2979 = ORIENTED_EDGE('',*,*,#1591,.T.);
#2980 = ORIENTED_EDGE('',*,*,#2123,.F.);
#2981 = ORIENTED_EDGE('',*,*,#2234,.F.);
#2982 = ORIENTED_EDGE('',*,*,#2983,.F.);
#2983 = EDGE_CURVE('',#2598,#2235,#2984,.T.);
#2984 = SURFACE_CURVE('',#2985,(#3096,#3210),.PCURVE_S1.);
#2985 = B_SPLINE_CURVE_WITH_KNOTS('',7,(#2986,#2987,#2988,#2989,#2990,
    #2991,#2992,#2993,#2994,#2995,#2996,#2997,#2998,#2999,#3000,#3001,
    #3002,#3003,#3004,#3005,#3006,#3007,#3008,#3009,#3010,#3011,#3012,
    #3013,#3014,#3015,#3016,#3017,#3018,#3019,#3020,#3021,#3022,#3023,
    #3024,#3025,#3026,#3027,#3028,#3029,#3030,#3031,#3032,#3033,#3034,
    #3035,#3036,#3037,#3038,#3039,#3040,#3041,#3042,#3043,#3044,#3045,
    #3046,#3047,#3048,#3049,#3050,#3051,#3052,#3053,#3054,#3055,#3056,
    #3057,#3058,#3059,#3060,#3061,#3062,#3063,#3064,#3065,#3066,#3067,
    #3068,#3069,#3070,#3071,#3072,#3073,#3074,#3075,#3076,#3077,#3078,
    #3079,#3080,#3081,#3082,#3083,#3084,#3085,#3086,#3087,#3088,#3089,
    #3090,#3091,#3092,#3093,#3094,#3095),.UNSPECIFIED.,.F.,.F.,(8,6,6,6,
    6,6,6,6,6,6,6,6,6,6,6,6,6,6,8),(0.,4.78234361312E-02,
    8.181070723362E-02,0.136643105497,0.172636523551,0.223425741419,
    0.263266715591,0.37096276458,0.500757728181,0.563912307435,
    0.627914288999,0.681659104082,0.738437132111,0.78165808054,
    0.838744578253,0.874046394841,0.922048628029,0.957314586122,1.),
  .UNSPECIFIED.);
#2986 = CARTESIAN_POINT('',(5.,1.7763568394E-15,3.608058909293));
#2987 = CARTESIAN_POINT('',(5.,0.214620664642,3.676375081735));
#2988 = CARTESIAN_POINT('',(4.989252041609,0.429241337705,3.744697114232
    ));
#2989 = CARTESIAN_POINT('',(4.967756702972,0.643213938491,3.813019418783
    ));
#2990 = CARTESIAN_POINT('',(4.935562459687,0.855894332863,3.881340115523
    ));
#2991 = CARTESIAN_POINT('',(4.892765697424,1.066644153576,3.949659292144
    ));
#2992 = CARTESIAN_POINT('',(4.839510724549,1.274832620597,4.017977263325
    ));
#2993 = CARTESIAN_POINT('',(4.730846575141,1.625532319343,4.13484349649)
  );
#2994 = CARTESIAN_POINT('',(4.680517723783,1.769620954247,4.183393679121
    ));
#2995 = CARTESIAN_POINT('',(4.625072123262,1.911881617348,4.23194312248)
  );
#2996 = CARTESIAN_POINT('',(4.564590244285,2.052096348534,4.280491975132
    ));
#2997 = CARTESIAN_POINT('',(4.499163979997,2.190052111958,4.329040554269
    ));
#2998 = CARTESIAN_POINT('',(4.428896490297,2.325541031634,4.377589110202
    ));
#2999 = CARTESIAN_POINT('',(4.232911890266,2.672641347879,4.504461902869
    ));
#3000 = CARTESIAN_POINT('',(4.099615341354,2.879979043075,4.582787806961
    ));
#3001 = CARTESIAN_POINT('',(3.95449585815,3.079518509478,4.661113219471)
  );
#3002 = CARTESIAN_POINT('',(3.798104725394,3.27045433833,4.739438901218)
  );
#3003 = CARTESIAN_POINT('',(3.63105911221,3.45203322883,4.817766402442)
  );
#3004 = CARTESIAN_POINT('',(3.454040130488,3.623556301716,4.89609600776)
  );
#3005 = CARTESIAN_POINT('',(3.145532030451,3.889951215395,5.025841667678
    ));
#3006 = CARTESIAN_POINT('',(3.019293478005,3.990913584401,5.077259315046
    ));
#3007 = CARTESIAN_POINT('',(2.889284711403,4.087087643587,5.1286771069)
  );
#3008 = CARTESIAN_POINT('',(2.75572433984,4.178305244753,5.180094959338)
  );
#3009 = CARTESIAN_POINT('',(2.618839794245,4.264411114001,5.231512965132
    ));
#3010 = CARTESIAN_POINT('',(2.478867015287,4.345262997978,5.282931138005
    ));
#3011 = CARTESIAN_POINT('',(2.13452559285,4.527223556348,5.406903560058)
  );
#3012 = CARTESIAN_POINT('',(1.927334340374,4.622998762622,5.479458995944
    ));
#3013 = CARTESIAN_POINT('',(1.715165592516,4.707693590813,5.552013447698
    ));
#3014 = CARTESIAN_POINT('',(1.498731346033,4.781001628387,5.624567131877
    ));
#3015 = CARTESIAN_POINT('',(1.2787644633,4.842674590278,5.697121035835)
  );
#3016 = CARTESIAN_POINT('',(1.056016749715,4.892523020768,5.769675455077
    ));
#3017 = CARTESIAN_POINT('',(0.654947048013,4.960142455354,5.899141893953
    ));
#3018 = CARTESIAN_POINT('',(0.47739533342,4.982512543967,5.956055619299)
  );
#3019 = CARTESIAN_POINT('',(0.298972275949,4.997464801053,6.012969050846
    ));
#3020 = CARTESIAN_POINT('',(0.120049975426,5.004960214661,6.069882251363
    ));
#3021 = CARTESIAN_POINT('',(-5.899834508814E-02,5.004983182024,
    6.126795555468));
#3022 = CARTESIAN_POINT('',(-0.23779892726,4.997541470542,6.183709122893
    ));
#3023 = CARTESIAN_POINT('',(-0.897622643566,4.942456063813,
    6.394467749947));
#3024 = CARTESIAN_POINT('',(-1.374879685828,4.847916003822,
    6.548360573126));
#3025 = CARTESIAN_POINT('',(-1.840127146069,4.699624675145,
    6.702216459951));
#3026 = CARTESIAN_POINT('',(-2.28618078817,4.49954608049,6.856059090744)
  );
#3027 = CARTESIAN_POINT('',(-2.706321320527,4.250695182182,
    7.009916192035));
#3028 = CARTESIAN_POINT('',(-3.094305275414,3.957129330313,
    7.163810675864));
#3029 = CARTESIAN_POINT('',(-3.866841370073,3.222861840055,
    7.503070392213));
#3030 = CARTESIAN_POINT('',(-4.234778580361,2.763923401197,
    7.688600770671));
#3031 = CARTESIAN_POINT('',(-4.538469608756,2.256584273031,
    7.874028896306));
#3032 = CARTESIAN_POINT('',(-4.770707429279,1.711790210886,
    8.059425923603));
#3033 = CARTESIAN_POINT('',(-4.926447677979,1.141380133913,
    8.244853059943));
#3034 = CARTESIAN_POINT('',(-5.002778161589,0.558128873019,
    8.430383981674));
#3035 = CARTESIAN_POINT('',(-4.998560035467,-0.307777389659,
    8.706013857365));
#3036 = CARTESIAN_POINT('',(-4.978436039899,-0.591117868639,
    8.796234838495));
#3037 = CARTESIAN_POINT('',(-4.939573523301,-0.872871357105,
    8.886454128245));
#3038 = CARTESIAN_POINT('',(-4.882131987001,-1.151554450549,
    8.97667243555));
#3039 = CARTESIAN_POINT('',(-4.806411888381,-1.425710116965,
    9.066892658445));
#3040 = CARTESIAN_POINT('',(-4.712853335159,-1.69391334905,
    9.157115492122));
#3041 = CARTESIAN_POINT('',(-4.489754248807,-2.219145316239,
    9.338765155659));
#3042 = CARTESIAN_POINT('',(-4.359739222317,-2.475995919814,
    9.430198779921));
#3043 = CARTESIAN_POINT('',(-4.212612662131,-2.723886916004,
    9.521629570038));
#3044 = CARTESIAN_POINT('',(-4.049126045212,-2.961459783884,
    9.613058252919));
#3045 = CARTESIAN_POINT('',(-3.870157043005,-3.187438987465,
    9.704487987411));
#3046 = CARTESIAN_POINT('',(-3.676706004678,-3.400637133179,
    9.795919678734));
#3047 = CARTESIAN_POINT('',(-3.296244115389,-3.76735321125,
    9.964122340513));
#3048 = CARTESIAN_POINT('',(-3.113160584741,-3.924968249254,
    10.040898479883));
#3049 = CARTESIAN_POINT('',(-2.921319007707,-4.072171589843,
    10.117673178599));
#3050 = CARTESIAN_POINT('',(-2.7214323829,-4.20838355597,10.194446889847
    ));
#3051 = CARTESIAN_POINT('',(-2.514258480465,-4.333087733807,
    10.271221066523));
#3052 = CARTESIAN_POINT('',(-2.300597564825,-4.445832519394,
    10.34799621812));
#3053 = CARTESIAN_POINT('',(-1.849605547006,-4.652299125666,
    10.50587662121));
#3054 = CARTESIAN_POINT('',(-1.611609200241,-4.744593188143,
    10.586985229521));
#3055 = CARTESIAN_POINT('',(-1.368293215477,-4.82265924898,
    10.668092567163));
#3056 = CARTESIAN_POINT('',(-1.120679733301,-4.886138082005,
    10.74919927778));
#3057 = CARTESIAN_POINT('',(-0.869815944387,-4.934761247521,
    10.830307232868));
#3058 = CARTESIAN_POINT('',(-0.616770801316,-4.968351952694,
    10.911416916699));
#3059 = CARTESIAN_POINT('',(-0.16917722582,-5.000900144762,
    11.054266348551));
#3060 = CARTESIAN_POINT('',(2.491750709281E-02,-5.006212339295,
    11.116008626878));
#3061 = CARTESIAN_POINT('',(0.219172343982,-5.002734222027,
    11.177750703444));
#3062 = CARTESIAN_POINT('',(0.413109661629,-4.990463553729,
    11.239492605626));
#3063 = CARTESIAN_POINT('',(0.60625354738,-4.969430479469,
    11.301234710541));
#3064 = CARTESIAN_POINT('',(0.798130672522,-4.939697427097,
    11.36297709854));
#3065 = CARTESIAN_POINT('',(1.239409912557,-4.850721380162,
    11.50626787123));
#3066 = CARTESIAN_POINT('',(1.4875281849,-4.785069764075,11.587818767572
    ));
#3067 = CARTESIAN_POINT('',(1.731537669326,-4.704622164666,
    11.669367949519));
#3068 = CARTESIAN_POINT('',(1.970383352432,-4.609694345159,
    11.750915841689));
#3069 = CARTESIAN_POINT('',(2.203044176652,-4.500692106016,
    11.832464337103));
#3070 = CARTESIAN_POINT('',(2.428536257344,-4.378109977191,
    11.914014137293));
#3071 = CARTESIAN_POINT('',(2.780346136206,-4.158698697445,
    12.045990578298));
#3072 = CARTESIAN_POINT('',(2.911674988554,-4.069891359884,
    12.096419364336));
#3073 = CARTESIAN_POINT('',(3.039683858601,-3.976252389906,
    12.146848099865));
#3074 = CARTESIAN_POINT('',(3.164159976216,-3.877931482088,
    12.19727687178));
#3075 = CARTESIAN_POINT('',(3.284899410208,-3.77508974141,
    12.247705896845));
#3076 = CARTESIAN_POINT('',(3.401707317806,-3.667899480242,
    12.298135271496));
#3077 = CARTESIAN_POINT('',(3.667631490539,-3.405126566873,
    12.417137006547));
#3078 = CARTESIAN_POINT('',(3.81325519949,-3.246004990402,
    12.485710661911));
#3079 = CARTESIAN_POINT('',(3.950801688739,-3.0796417486,12.554284374031
    ));
#3080 = CARTESIAN_POINT('',(4.079841534447,-2.906530573867,
    12.622858386201));
#3081 = CARTESIAN_POINT('',(4.199984413433,-2.72719521423,12.69143337239
    ));
#3082 = CARTESIAN_POINT('',(4.310879995405,-2.542188179273,
    12.760009310939));
#3083 = CARTESIAN_POINT('',(4.48666977299,-2.21242905561,12.878964613175
    ));
#3084 = CARTESIAN_POINT('',(4.55596351008,-2.070018685268,
    12.929344889538));
#3085 = CARTESIAN_POINT('',(4.619977726414,-1.925087951744,
    12.979724994174));
#3086 = CARTESIAN_POINT('',(4.678603395826,-1.777871805988,
    13.030104729368));
#3087 = CARTESIAN_POINT('',(4.731744786039,-1.628610573178,
    13.080483892854));
#3088 = CARTESIAN_POINT('',(4.779319458661,-1.477549952717,
    13.130862277816));
#3089 = CARTESIAN_POINT('',(4.872020408701,-1.140225335404,
    13.242215755073));
#3090 = CARTESIAN_POINT('',(4.914526585161,-0.953238477891,
    13.303191125795));
#3091 = CARTESIAN_POINT('',(4.948654452912,-0.764425754639,13.3641648511
    ));
#3092 = CARTESIAN_POINT('',(4.97431191246,-0.57423791105,13.425137114023
    ));
#3093 = CARTESIAN_POINT('',(4.991437370501,-0.38313052617,
    13.486108988585));
#3094 = CARTESIAN_POINT('',(4.999999999955,-0.191563409864,
    13.547082213802));
#3095 = CARTESIAN_POINT('',(5.,-8.881784197001E-16,13.608058967682));
#3096 = PCURVE('',#1801,#3097);
#3097 = DEFINITIONAL_REPRESENTATION('',(#3098),#3209);
#3098 = B_SPLINE_CURVE_WITH_KNOTS('',7,(#3099,#3100,#3101,#3102,#3103,
    #3104,#3105,#3106,#3107,#3108,#3109,#3110,#3111,#3112,#3113,#3114,
    #3115,#3116,#3117,#3118,#3119,#3120,#3121,#3122,#3123,#3124,#3125,
    #3126,#3127,#3128,#3129,#3130,#3131,#3132,#3133,#3134,#3135,#3136,
    #3137,#3138,#3139,#3140,#3141,#3142,#3143,#3144,#3145,#3146,#3147,
    #3148,#3149,#3150,#3151,#3152,#3153,#3154,#3155,#3156,#3157,#3158,
    #3159,#3160,#3161,#3162,#3163,#3164,#3165,#3166,#3167,#3168,#3169,
    #3170,#3171,#3172,#3173,#3174,#3175,#3176,#3177,#3178,#3179,#3180,
    #3181,#3182,#3183,#3184,#3185,#3186,#3187,#3188,#3189,#3190,#3191,
    #3192,#3193,#3194,#3195,#3196,#3197,#3198,#3199,#3200,#3201,#3202,
    #3203,#3204,#3205,#3206,#3207,#3208),.UNSPECIFIED.,.F.,.F.,(8,6,6,6,
    6,6,6,6,6,6,6,6,6,6,6,6,6,6,8),(0.,4.78234361312E-02,
    8.181070723362E-02,0.136643105497,0.172636523551,0.223425741419,
    0.263266715591,0.37096276458,0.500757728181,0.563912307435,
    0.627914288999,0.681659104082,0.738437132111,0.78165808054,
    0.838744578253,0.874046394841,0.922048628029,0.957314586122,1.),
  .UNSPECIFIED.);
#3099 = CARTESIAN_POINT('',(3.497013241738,0.));
#3100 = CARTESIAN_POINT('',(3.497013285018,8.068206997288E-02));
#3101 = CARTESIAN_POINT('',(3.497011737901,0.161364091271));
#3102 = CARTESIAN_POINT('',(3.49700992127,0.242045286707));
#3103 = CARTESIAN_POINT('',(3.497008483255,0.322726288186));
#3104 = CARTESIAN_POINT('',(3.497007617327,0.403408044594));
#3105 = CARTESIAN_POINT('',(3.497007280387,0.484090729692));
#3106 = CARTESIAN_POINT('',(3.497007503581,0.622111865264));
#3107 = CARTESIAN_POINT('',(3.497007828803,0.679451541366));
#3108 = CARTESIAN_POINT('',(3.497008350231,0.736791214143));
#3109 = CARTESIAN_POINT('',(3.497009015076,0.794130824315));
#3110 = CARTESIAN_POINT('',(3.497009764581,0.851470485815));
#3111 = CARTESIAN_POINT('',(3.497010544555,0.908810254116));
#3112 = CARTESIAN_POINT('',(3.497012560324,1.058657174459));
#3113 = CARTESIAN_POINT('',(3.497013783487,1.151166238513));
#3114 = CARTESIAN_POINT('',(3.497014799561,1.243673803172));
#3115 = CARTESIAN_POINT('',(3.49701552053,1.33618037823));
#3116 = CARTESIAN_POINT('',(3.497015933851,1.42868774038));
#3117 = CARTESIAN_POINT('',(3.497016080125,1.521196406769));
#3118 = CARTESIAN_POINT('',(3.497015998356,1.674426923228));
#3119 = CARTESIAN_POINT('',(3.497015880762,1.735151142112));
#3120 = CARTESIAN_POINT('',(3.497015696829,1.795875239122));
#3121 = CARTESIAN_POINT('',(3.497015468159,1.856599210952));
#3122 = CARTESIAN_POINT('',(3.497015216432,1.917323263223));
#3123 = CARTESIAN_POINT('',(3.497014960731,1.978047496628));
#3124 = CARTESIAN_POINT('',(3.497014367933,2.124457519317));
#3125 = CARTESIAN_POINT('',(3.497014040191,2.210144752863));
#3126 = CARTESIAN_POINT('',(3.497013774204,2.295831100032));
#3127 = CARTESIAN_POINT('',(3.497013589813,2.381516904004));
#3128 = CARTESIAN_POINT('',(3.497013488126,2.467203335172));
#3129 = CARTESIAN_POINT('',(3.497013455499,2.552890681485));
#3130 = CARTESIAN_POINT('',(3.49701347695,2.705791928876));
#3131 = CARTESIAN_POINT('',(3.497013514211,2.773007769879));
#3132 = CARTESIAN_POINT('',(3.49701356823,2.84022333794));
#3133 = CARTESIAN_POINT('',(3.49701362558,2.907438647472));
#3134 = CARTESIAN_POINT('',(3.497013672633,2.974654033084));
#3135 = CARTESIAN_POINT('',(3.497013697707,3.041869631503));
#3136 = CARTESIAN_POINT('',(3.497013681062,3.290777582275));
#3137 = CARTESIAN_POINT('',(3.497013452184,3.472525508936));
#3138 = CARTESIAN_POINT('',(3.497012853393,3.654228165715));
#3139 = CARTESIAN_POINT('',(3.497011909172,3.835913628106));
#3140 = CARTESIAN_POINT('',(3.497011038273,4.017616499619));
#3141 = CARTESIAN_POINT('',(3.497010543206,4.199365183493));
#3142 = CARTESIAN_POINT('',(3.497010495205,4.600033987378));
#3143 = CARTESIAN_POINT('',(3.497011157041,4.819150098438));
#3144 = CARTESIAN_POINT('',(3.497012674846,5.038149247562));
#3145 = CARTESIAN_POINT('',(3.49701480977,5.257114415144));
#3146 = CARTESIAN_POINT('',(3.497016529125,5.476113312278));
#3147 = CARTESIAN_POINT('',(3.497017359558,5.695230849423));
#3148 = CARTESIAN_POINT('',(3.497017297164,6.020752190703));
#3149 = CARTESIAN_POINT('',(3.497017070273,6.127303059564));
#3150 = CARTESIAN_POINT('',(3.497016638289,6.233851021905));
#3151 = CARTESIAN_POINT('',(3.497016031511,6.340397048531));
#3152 = CARTESIAN_POINT('',(3.497015305701,6.446944808488));
#3153 = CARTESIAN_POINT('',(3.497014530411,6.553495430495));
#3154 = CARTESIAN_POINT('',(3.497012997559,6.76801867975));
#3155 = CARTESIAN_POINT('',(3.497012240467,6.87599933328));
#3156 = CARTESIAN_POINT('',(3.497011563943,6.983976993987));
#3157 = CARTESIAN_POINT('',(3.497011030656,7.091952798009));
#3158 = CARTESIAN_POINT('',(3.497010679235,7.199930647416));
#3159 = CARTESIAN_POINT('',(3.497010516487,7.307911642001));
#3160 = CARTESIAN_POINT('',(3.497010527399,7.506560665918));
#3161 = CARTESIAN_POINT('',(3.497010651153,7.597234578995));
#3162 = CARTESIAN_POINT('',(3.497010882885,7.687907268715));
#3163 = CARTESIAN_POINT('',(3.497011196809,7.77857915656));
#3164 = CARTESIAN_POINT('',(3.497011558882,7.869251808116));
#3165 = CARTESIAN_POINT('',(3.497011933532,7.959925667981));
#3166 = CARTESIAN_POINT('',(3.497012667386,8.146387212549));
#3167 = CARTESIAN_POINT('',(3.497013024654,8.242178853297));
#3168 = CARTESIAN_POINT('',(3.497013327161,8.337968752949));
#3169 = CARTESIAN_POINT('',(3.497013546526,8.43375754622));
#3170 = CARTESIAN_POINT('',(3.497013672674,8.529547398809));
#3171 = CARTESIAN_POINT('',(3.497013716437,8.625338930459));
#3172 = CARTESIAN_POINT('',(3.497013692941,8.794045419843));
#3173 = CARTESIAN_POINT('',(3.497013649764,8.866963471758));
#3174 = CARTESIAN_POINT('',(3.49701358429,8.939881187567));
#3175 = CARTESIAN_POINT('',(3.497013512771,9.012798671337));
#3176 = CARTESIAN_POINT('',(3.497013453561,9.085716449427));
#3177 = CARTESIAN_POINT('',(3.497013423687,9.1586346918));
#3178 = CARTESIAN_POINT('',(3.497013450931,9.327862640256));
#3179 = CARTESIAN_POINT('',(3.49701353905,9.424175449679));
#3180 = CARTESIAN_POINT('',(3.497013726899,9.520486674668));
#3181 = CARTESIAN_POINT('',(3.4970140284,9.616796877483));
#3182 = CARTESIAN_POINT('',(3.497014423097,9.713108202463));
#3183 = CARTESIAN_POINT('',(3.497014854052,9.809421225474));
#3184 = CARTESIAN_POINT('',(3.497015486426,9.965289492534));
#3185 = CARTESIAN_POINT('',(3.497015712638,10.024847382102));
#3186 = CARTESIAN_POINT('',(3.497015905833,10.084405064425));
#3187 = CARTESIAN_POINT('',(3.497016045053,10.143962549375));
#3188 = CARTESIAN_POINT('',(3.497016109197,10.203519999622));
#3189 = CARTESIAN_POINT('',(3.497016080229,10.263077449374));
#3190 = CARTESIAN_POINT('',(3.497015764401,10.403618246225));
#3191 = CARTESIAN_POINT('',(3.497015389952,10.484602734171));
#3192 = CARTESIAN_POINT('',(3.497014789329,10.565586286675));
#3193 = CARTESIAN_POINT('',(3.497013961244,10.646569186257));
#3194 = CARTESIAN_POINT('',(3.497012943714,10.727552398145));
#3195 = CARTESIAN_POINT('',(3.497011820936,10.8085362702));
#3196 = CARTESIAN_POINT('',(3.497009928788,10.94901525163));
#3197 = CARTESIAN_POINT('',(3.497009136798,11.008511337921));
#3198 = CARTESIAN_POINT('',(3.497008421161,11.068007560386));
#3199 = CARTESIAN_POINT('',(3.497007842743,11.127503954711));
#3200 = CARTESIAN_POINT('',(3.497007456303,11.187000523612));
#3201 = CARTESIAN_POINT('',(3.497007310491,11.246497236826));
#3202 = CARTESIAN_POINT('',(3.497007614111,11.378008104352));
#3203 = CARTESIAN_POINT('',(3.497008200425,11.450023119626));
#3204 = CARTESIAN_POINT('',(3.497009183582,11.522038090155));
#3205 = CARTESIAN_POINT('',(3.497010563675,11.594053094663));
#3206 = CARTESIAN_POINT('',(3.497012176416,11.666068472914));
#3207 = CARTESIAN_POINT('',(3.497013505437,11.738084021244));
#3208 = CARTESIAN_POINT('',(3.497013494611,11.810098188094));
#3209 = ( GEOMETRIC_REPRESENTATION_CONTEXT(2) 
PARAMETRIC_REPRESENTATION_CONTEXT() REPRESENTATION_CONTEXT('2D SPACE',''
  ) );
#3210 = PCURVE('',#2556,#3211);
#3211 = DEFINITIONAL_REPRESENTATION('',(#3212),#3323);
#3212 = B_SPLINE_CURVE_WITH_KNOTS('',7,(#3213,#3214,#3215,#3216,#3217,
    #3218,#3219,#3220,#3221,#3222,#3223,#3224,#3225,#3226,#3227,#3228,
    #3229,#3230,#3231,#3232,#3233,#3234,#3235,#3236,#3237,#3238,#3239,
    #3240,#3241,#3242,#3243,#3244,#3245,#3246,#3247,#3248,#3249,#3250,
    #3251,#3252,#3253,#3254,#3255,#3256,#3257,#3258,#3259,#3260,#3261,
    #3262,#3263,#3264,#3265,#3266,#3267,#3268,#3269,#3270,#3271,#3272,
    #3273,#3274,#3275,#3276,#3277,#3278,#3279,#3280,#3281,#3282,#3283,
    #3284,#3285,#3286,#3287,#3288,#3289,#3290,#3291,#3292,#3293,#3294,
    #3295,#3296,#3297,#3298,#3299,#3300,#3301,#3302,#3303,#3304,#3305,
    #3306,#3307,#3308,#3309,#3310,#3311,#3312,#3313,#3314,#3315,#3316,
    #3317,#3318,#3319,#3320,#3321,#3322),.UNSPECIFIED.,.F.,.F.,(8,6,6,6,
    6,6,6,6,6,6,6,6,6,6,6,6,6,6,8),(0.,4.78234361312E-02,
    8.181070723362E-02,0.136643105497,0.172636523551,0.223425741419,
    0.263266715591,0.37096276458,0.500757728181,0.563912307435,
    0.627914288999,0.681659104082,0.738437132111,0.78165808054,
    0.838744578253,0.874046394841,0.922048628029,0.957314586122,1.),
  .UNSPECIFIED.);
#3213 = CARTESIAN_POINT('',(0.,4.608058909293));
#3214 = CARTESIAN_POINT('',(4.292413292844E-02,4.676375081735));
#3215 = CARTESIAN_POINT('',(8.584827161818E-02,4.744697114232));
#3216 = CARTESIAN_POINT('',(0.128771963638,4.813019418783));
#3217 = CARTESIAN_POINT('',(0.171695556228,4.881340115523));
#3218 = CARTESIAN_POINT('',(0.214619587462,4.949659292144));
#3219 = CARTESIAN_POINT('',(0.257544177413,5.017977263325));
#3220 = CARTESIAN_POINT('',(0.330973919634,5.13484349649));
#3221 = CARTESIAN_POINT('',(0.361479696155,5.183393679121));
#3222 = CARTESIAN_POINT('',(0.391985503641,5.23194312248));
#3223 = CARTESIAN_POINT('',(0.422491308394,5.280491975132));
#3224 = CARTESIAN_POINT('',(0.452997165998,5.329040554269));
#3225 = CARTESIAN_POINT('',(0.483503099056,5.377589110202));
#3226 = CARTESIAN_POINT('',(0.563224763109,5.504461902869));
#3227 = CARTESIAN_POINT('',(0.612441529474,5.582787806961));
#3228 = CARTESIAN_POINT('',(0.661657492394,5.661113219471));
#3229 = CARTESIAN_POINT('',(0.710872889332,5.739438901218));
#3230 = CARTESIAN_POINT('',(0.76008863849,5.817766402442));
#3231 = CARTESIAN_POINT('',(0.809305000459,5.89609600776));
#3232 = CARTESIAN_POINT('',(0.890826408156,6.025841667678));
#3233 = CARTESIAN_POINT('',(0.923132757891,6.077259315046));
#3234 = CARTESIAN_POINT('',(0.95543900942,6.1286771069));
#3235 = CARTESIAN_POINT('',(0.987745163754,6.180094959338));
#3236 = CARTESIAN_POINT('',(1.020051334942,6.231512965132));
#3237 = CARTESIAN_POINT('',(1.052357582445,6.282931138005));
#3238 = CARTESIAN_POINT('',(1.130249985158,6.406903560058));
#3239 = CARTESIAN_POINT('',(1.175836895112,6.479458995944));
#3240 = CARTESIAN_POINT('',(1.221423324912,6.552013447698));
#3241 = CARTESIAN_POINT('',(1.267009476599,6.624567131877));
#3242 = CARTESIAN_POINT('',(1.312595990465,6.697121035835));
#3243 = CARTESIAN_POINT('',(1.358183032784,6.769675455077));
#3244 = CARTESIAN_POINT('',(1.439529032945,6.899141893953));
#3245 = CARTESIAN_POINT('',(1.475289004687,6.956055619299));
#3246 = CARTESIAN_POINT('',(1.51104886372,7.012969050846));
#3247 = CARTESIAN_POINT('',(1.54680861849,7.069882251363));
#3248 = CARTESIAN_POINT('',(1.58256844566,7.126795555468));
#3249 = CARTESIAN_POINT('',(1.618328414831,7.183709122893));
#3250 = CARTESIAN_POINT('',(1.750752240276,7.394467749947));
#3251 = CARTESIAN_POINT('',(1.847445815802,7.548360573126));
#3252 = CARTESIAN_POINT('',(1.944115397336,7.702216459951));
#3253 = CARTESIAN_POINT('',(2.040775760624,7.856059090744));
#3254 = CARTESIAN_POINT('',(2.137445205216,8.009916192036));
#3255 = CARTESIAN_POINT('',(2.234138853816,8.163810675864));
#3256 = CARTESIAN_POINT('',(2.447301774119,8.503070392213));
#3257 = CARTESIAN_POINT('',(2.563875263,8.688600770671));
#3258 = CARTESIAN_POINT('',(2.680386433957,8.874028896306));
#3259 = CARTESIAN_POINT('',(2.796879634646,9.059425923603));
#3260 = CARTESIAN_POINT('',(2.91339097504,9.244853059943));
#3261 = CARTESIAN_POINT('',(3.029965516023,9.430383981674));
#3262 = CARTESIAN_POINT('',(3.203148823341,9.706013857365));
#3263 = CARTESIAN_POINT('',(3.25983583335,9.796234838495));
#3264 = CARTESIAN_POINT('',(3.316521285669,9.886454128245));
#3265 = CARTESIAN_POINT('',(3.373205686256,9.97667243555));
#3266 = CARTESIAN_POINT('',(3.429890981105,10.066892658445));
#3267 = CARTESIAN_POINT('',(3.486577771277,10.157115492122));
#3268 = CARTESIAN_POINT('',(3.60070784123,10.338765155659));
#3269 = CARTESIAN_POINT('',(3.658155390579,10.430198779921));
#3270 = CARTESIAN_POINT('',(3.715601332791,10.521629570038));
#3271 = CARTESIAN_POINT('',(3.773046285263,10.613058252919));
#3272 = CARTESIAN_POINT('',(3.830492340867,10.704487987411));
#3273 = CARTESIAN_POINT('',(3.88794010141,10.795919678734));
#3274 = CARTESIAN_POINT('',(3.993624902799,10.964122340513));
#3275 = CARTESIAN_POINT('',(4.041865061325,11.040898479883));
#3276 = CARTESIAN_POINT('',(4.090104605625,11.117673178599));
#3277 = CARTESIAN_POINT('',(4.138343763177,11.194446889847));
#3278 = CARTESIAN_POINT('',(4.186583366054,11.271221066523));
#3279 = CARTESIAN_POINT('',(4.2348236454,11.34799621812));
#3280 = CARTESIAN_POINT('',(4.334024907417,11.50587662121));
#3281 = CARTESIAN_POINT('',(4.384987997604,11.586985229521));
#3282 = CARTESIAN_POINT('',(4.435950176003,11.668092567163));
#3283 = CARTESIAN_POINT('',(4.486911763617,11.74919927778));
#3284 = CARTESIAN_POINT('',(4.537873893412,11.830307232868));
#3285 = CARTESIAN_POINT('',(4.588836876979,11.911416916699));
#3286 = CARTESIAN_POINT('',(4.678591964552,12.054266348551));
#3287 = CARTESIAN_POINT('',(4.717385736529,12.116008626878));
#3288 = CARTESIAN_POINT('',(4.756179294091,12.177750703444));
#3289 = CARTESIAN_POINT('',(4.794972689181,12.239492605626));
#3290 = CARTESIAN_POINT('',(4.833766201039,12.301234710541));
#3291 = CARTESIAN_POINT('',(4.872559922339,12.36297709854));
#3292 = CARTESIAN_POINT('',(4.962591939892,12.50626787123));
#3293 = CARTESIAN_POINT('',(5.013831863381,12.587818767572));
#3294 = CARTESIAN_POINT('',(5.065070900784,12.669367949519));
#3295 = CARTESIAN_POINT('',(5.11630937319,12.750915841689));
#3296 = CARTESIAN_POINT('',(5.167548450229,12.832464337103));
#3297 = CARTESIAN_POINT('',(5.218788467981,12.914014137293));
#3298 = CARTESIAN_POINT('',(5.301712891535,13.045990578298));
#3299 = CARTESIAN_POINT('',(5.333398668556,13.096419364336));
#3300 = CARTESIAN_POINT('',(5.365084362921,13.146848099865));
#3301 = CARTESIAN_POINT('',(5.39676998375,13.19727687178));
#3302 = CARTESIAN_POINT('',(5.428455619727,13.247705896845));
#3303 = CARTESIAN_POINT('',(5.460141289035,13.298135271496));
#3304 = CARTESIAN_POINT('',(5.534911676126,13.417137006547));
#3305 = CARTESIAN_POINT('',(5.577997026935,13.485710661911));
#3306 = CARTESIAN_POINT('',(5.621081932123,13.554284374031));
#3307 = CARTESIAN_POINT('',(5.664166526445,13.622858386201));
#3308 = CARTESIAN_POINT('',(5.707251301572,13.69143337239));
#3309 = CARTESIAN_POINT('',(5.750336418644,13.760009310939));
#3310 = CARTESIAN_POINT('',(5.825074126808,13.878964613175));
#3311 = CARTESIAN_POINT('',(5.856727252657,13.929344889538));
#3312 = CARTESIAN_POINT('',(5.888380425239,13.979724994174));
#3313 = CARTESIAN_POINT('',(5.920033657091,14.030104729368));
#3314 = CARTESIAN_POINT('',(5.951686946411,14.080483892854));
#3315 = CARTESIAN_POINT('',(5.983340277062,14.130862277816));
#3316 = CARTESIAN_POINT('',(6.053306372732,14.242215755073));
#3317 = CARTESIAN_POINT('',(6.091619579555,14.303191125795));
#3318 = CARTESIAN_POINT('',(6.129932725477,14.3641648511));
#3319 = CARTESIAN_POINT('',(6.168245867919,14.425137114023));
#3320 = CARTESIAN_POINT('',(6.206559201659,14.486108988585));
#3321 = CARTESIAN_POINT('',(6.244872625207,14.547082213802));
#3322 = CARTESIAN_POINT('',(6.28318530718,14.608058967682));
#3323 = ( GEOMETRIC_REPRESENTATION_CONTEXT(2) 
PARAMETRIC_REPRESENTATION_CONTEXT() REPRESENTATION_CONTEXT('2D SPACE',''
  ) );
#3324 = ADVANCED_FACE('',(#3325),#2556,.F.);
#3325 = FACE_BOUND('',#3326,.F.);
#3326 = EDGE_LOOP('',(#3327,#3328,#3351,#3373,#3374,#3375));
#3327 = ORIENTED_EDGE('',*,*,#2983,.F.);
#3328 = ORIENTED_EDGE('',*,*,#3329,.F.);
#3329 = EDGE_CURVE('',#3330,#2598,#3332,.T.);
#3330 = VERTEX_POINT('',#3331);
#3331 = CARTESIAN_POINT('',(5.,-1.224646799147E-15,0.));
#3332 = SEAM_CURVE('',#3333,(#3337,#3344),.PCURVE_S1.);
#3333 = LINE('',#3334,#3335);
#3334 = CARTESIAN_POINT('',(5.,-1.224646799147E-15,-1.));
#3335 = VECTOR('',#3336,1.);
#3336 = DIRECTION('',(0.,0.,1.));
#3337 = PCURVE('',#2556,#3338);
#3338 = DEFINITIONAL_REPRESENTATION('',(#3339),#3343);
#3339 = LINE('',#3340,#3341);
#3340 = CARTESIAN_POINT('',(0.,-0.));
#3341 = VECTOR('',#3342,1.);
#3342 = DIRECTION('',(0.,1.));
#3343 = ( GEOMETRIC_REPRESENTATION_CONTEXT(2) 
PARAMETRIC_REPRESENTATION_CONTEXT() REPRESENTATION_CONTEXT('2D SPACE',''
  ) );
#3344 = PCURVE('',#2556,#3345);
#3345 = DEFINITIONAL_REPRESENTATION('',(#3346),#3350);
#3346 = LINE('',#3347,#3348);
#3347 = CARTESIAN_POINT('',(6.28318530718,-0.));
#3348 = VECTOR('',#3349,1.);
#3349 = DIRECTION('',(0.,1.));
#3350 = ( GEOMETRIC_REPRESENTATION_CONTEXT(2) 
PARAMETRIC_REPRESENTATION_CONTEXT() REPRESENTATION_CONTEXT('2D SPACE',''
  ) );
#3351 = ORIENTED_EDGE('',*,*,#3352,.T.);
#3352 = EDGE_CURVE('',#3330,#3330,#3353,.T.);
#3353 = SURFACE_CURVE('',#3354,(#3359,#3366),.PCURVE_S1.);
#3354 = CIRCLE('',#3355,5.);
#3355 = AXIS2_PLACEMENT_3D('',#3356,#3357,#3358);
#3356 = CARTESIAN_POINT('',(0.,0.,0.));
#3357 = DIRECTION('',(0.,0.,1.));
#3358 = DIRECTION('',(1.,0.,-0.));
#3359 = PCURVE('',#2556,#3360);
#3360 = DEFINITIONAL_REPRESENTATION('',(#3361),#3365);
#3361 = LINE('',#3362,#3363);
#3362 = CARTESIAN_POINT('',(0.,1.));
#3363 = VECTOR('',#3364,1.);
#3364 = DIRECTION('',(1.,0.));
#3365 = ( GEOMETRIC_REPRESENTATION_CONTEXT(2) 
PARAMETRIC_REPRESENTATION_CONTEXT() REPRESENTATION_CONTEXT('2D SPACE',''
  ) );
#3366 = PCURVE('',#2960,#3367);
#3367 = DEFINITIONAL_REPRESENTATION('',(#3368),#3372);
#3368 = CIRCLE('',#3369,5.);
#3369 = AXIS2_PLACEMENT_2D('',#3370,#3371);
#3370 = CARTESIAN_POINT('',(0.,0.));
#3371 = DIRECTION('',(1.,0.));
#3372 = ( GEOMETRIC_REPRESENTATION_CONTEXT(2) 
PARAMETRIC_REPRESENTATION_CONTEXT() REPRESENTATION_CONTEXT('2D SPACE',''
  ) );
#3373 = ORIENTED_EDGE('',*,*,#3329,.T.);
#3374 = ORIENTED_EDGE('',*,*,#2597,.T.);
#3375 = ORIENTED_EDGE('',*,*,#2542,.T.);
#3376 = ADVANCED_FACE('',(#3377,#3380),#2960,.F.);
#3377 = FACE_BOUND('',#3378,.F.);
#3378 = EDGE_LOOP('',(#3379));
#3379 = ORIENTED_EDGE('',*,*,#2945,.T.);
#3380 = FACE_BOUND('',#3381,.F.);
#3381 = EDGE_LOOP('',(#3382));
#3382 = ORIENTED_EDGE('',*,*,#3352,.F.);
#3383 = ( GEOMETRIC_REPRESENTATION_CONTEXT(3) 
GLOBAL_UNCERTAINTY_ASSIGNED_CONTEXT((#3387)) 
GLOBAL_UNIT_ASSIGNED_CONTEXT((#3384,#3385,#3386)) REPRESENTATION_CONTEXT
('Context #1','3D Context with UNIT and UNCERTAINTY') );
#3384 = ( LENGTH_UNIT() NAMED_UNIT(*) SI_UNIT(.MILLI.,.METRE.) );
#3385 = ( NAMED_UNIT(*) PLANE_ANGLE_UNIT() SI_UNIT($,.RADIAN.) );
#3386 = ( NAMED_UNIT(*) SI_UNIT($,.STERADIAN.) SOLID_ANGLE_UNIT() );
#3387 = UNCERTAINTY_MEASURE_WITH_UNIT(LENGTH_MEASURE(2.E-06),#3384,
  'distance_accuracy_value','confusion accuracy');
#3388 = PRODUCT_RELATED_PRODUCT_CATEGORY('part',$,(#7));
ENDSEC;
END-ISO-10303-21;
