ISO-10303-21;
HEADER;
FILE_DESCRIPTION(('Open CASCADE Model'),'2;1');
FILE_NAME('Open CASCADE Shape Model','2026-09-21T14:28:56',('Author'),(
    'Open CASCADE'),'Open CASCADE STEP processor 7.9','Open CASCADE 7.9'
  ,'Unknown');
FILE_SCHEMA((
'AP242_MANAGED_MODEL_BASED_3D_ENGINEERING_MIM_LF {1 0 10303 442 1 1 4 }'
    ));
ENDSEC;
DATA;
#1 = APPLICATION_PROTOCOL_DEFINITION('international standard',
  'ap242_managed_model_based_3d_engineering',2013,#2);
#2 = APPLICATION_CONTEXT('Managed model based 3d engineering');
#3 = SHAPE_DEFINITION_REPRESENTATION(#4,#10);
#4 = PRODUCT_DEFINITION_SHAPE('','',#5);
#5 = PRODUCT_DEFINITION('design','',#6,#9);
#6 = PRODUCT_DEFINITION_FORMATION('','',#7);
#7 = PRODUCT('Open CASCADE STEP translator 7.9 2',
  'Open CASCADE STEP translator 7.9 2','',(#8));
#8 = PRODUCT_CONTEXT('',#2,'mechanical');
#9 = PRODUCT_DEFINITION_CONTEXT('part definition',#2,'design');
#10 = ADVANCED_BREP_SHAPE_REPRESENTATION('',(#11,#15),#11517);
#11 = AXIS2_PLACEMENT_3D('',#12,#13,#14);
#12 = CARTESIAN_POINT('',(0.,0.,0.));
#13 = DIRECTION('',(0.,0.,1.));
#14 = DIRECTION('',(1.,0.,-0.));
#15 = MANIFOLD_SOLID_BREP('',#16);
#16 = CLOSED_SHELL('',(#17,#179,#272,#365,#458,#551,#644,#737,#830,#923,
    #1016,#1109,#1202,#1295,#1388,#1481,#1574,#1667,#1760,#1853,#1946,
    #2039,#2132,#2225,#2318,#2411,#2504,#2597,#2690,#2783,#2876,#2969,
    #3062,#3155,#3248,#3341,#3434,#3527,#3620,#3713,#3806,#3899,#3992,
    #4085,#4178,#4271,#4364,#4457,#4550,#4643,#4736,#4829,#4922,#5015,
    #5108,#5201,#5294,#5387,#5480,#5573,#5666,#5759,#5852,#5945,#6038,
    #6131,#6224,#6317,#6410,#6503,#6596,#6689,#6782,#6875,#6968,#7061,
    #7154,#7247,#7340,#7433,#7526,#7619,#7712,#7805,#7898,#7991,#8084,
    #8177,#8270,#8363,#8456,#8549,#8642,#8735,#8828,#8921,#9014,#9107,
    #9200,#9293,#9386,#9479,#9572,#9665,#9758,#9851,#9944,#10037,#10130,
    #10223,#10316,#10409,#10502,#10595,#10688,#10781,#10874,#10967,
    #11060,#11136,#11312,#11362,#11391));
#17 = ADVANCED_FACE('',(#18),#33,.T.);
#18 = FACE_BOUND('',#19,.T.);
#19 = EDGE_LOOP('',(#20,#69,#110,#140));
#20 = ORIENTED_EDGE('',*,*,#21,.F.);
#21 = EDGE_CURVE('',#22,#24,#26,.T.);
#22 = VERTEX_POINT('',#23);
#23 = CARTESIAN_POINT('',(26.466004515867,-9.709305040508,0.));
#24 = VERTEX_POINT('',#25);
#25 = CARTESIAN_POINT('',(29.525594335929,-12.33852823922,0.));
#26 = SURFACE_CURVE('',#27,(#32,#56),.PCURVE_S1.);
#27 = B_SPLINE_CURVE_WITH_KNOTS('',3,(#28,#29,#30,#31),.UNSPECIFIED.,.F.
  ,.F.,(4,4),(0.,1.),.PIECEWISE_BEZIER_KNOTS.);
#28 = CARTESIAN_POINT('',(26.466004515867,-9.709305040508,0.));
#29 = CARTESIAN_POINT('',(27.692868458679,-10.29752839345,0.));
#30 = CARTESIAN_POINT('',(28.66469671485,-11.30704226174,0.));
#31 = CARTESIAN_POINT('',(29.525594335929,-12.33852823922,0.));
#32 = PCURVE('',#33,#50);
#33 = B_SPLINE_SURFACE_WITH_KNOTS('',3,3,(
    (#34,#35,#36,#37)
    ,(#38,#39,#40,#41)
    ,(#42,#43,#44,#45)
    ,(#46,#47,#48,#49
    )),.UNSPECIFIED.,.F.,.F.,.F.,(4,4),(4,4),(0.,1.),(0.,1.),
  .PIECEWISE_BEZIER_KNOTS.);
#34 = CARTESIAN_POINT('',(26.466004515867,-9.709305040508,0.));
#35 = CARTESIAN_POINT('',(27.692868458679,-10.29752839345,0.));
#36 = CARTESIAN_POINT('',(28.66469671485,-11.30704226174,0.));
#37 = CARTESIAN_POINT('',(29.525594335929,-12.33852823922,0.));
#38 = CARTESIAN_POINT('',(25.759399255373,-11.63595547527,6.000000986407
    ));
#39 = CARTESIAN_POINT('',(26.943452034918,-12.3134920026,6.000000986407)
  );
#40 = CARTESIAN_POINT('',(27.84179968217,-13.39375667757,6.000000986407)
  );
#41 = CARTESIAN_POINT('',(28.627616485377,-14.48791845186,6.000000986407
    ));
#42 = CARTESIAN_POINT('',(24.841447410526,-13.48497683981,
    11.999999013593));
#43 = CARTESIAN_POINT('',(25.972892232968,-14.24712468924,
    11.999999013593));
#44 = CARTESIAN_POINT('',(26.790000708614,-15.39007438294,
    11.999999013593));
#45 = CARTESIAN_POINT('',(27.49386417488,-16.53867102989,11.999999013593
    ));
#46 = CARTESIAN_POINT('',(23.733891178782,-15.21257403982,18.));
#47 = CARTESIAN_POINT('',(24.804177298861,-16.05262729307,18.));
#48 = CARTESIAN_POINT('',(25.534212234957,-17.2487114882,18.));
#49 = CARTESIAN_POINT('',(26.151190955348,-18.44221276357,18.));
#50 = DEFINITIONAL_REPRESENTATION('',(#51),#55);
#51 = LINE('',#52,#53);
#52 = CARTESIAN_POINT('',(0.,0.));
#53 = VECTOR('',#54,1.);
#54 = DIRECTION('',(0.,1.));
#55 = ( GEOMETRIC_REPRESENTATION_CONTEXT(2) 
PARAMETRIC_REPRESENTATION_CONTEXT() REPRESENTATION_CONTEXT('2D SPACE',''
  ) );
#56 = PCURVE('',#57,#62);
#57 = PLANE('',#58);
#58 = AXIS2_PLACEMENT_3D('',#59,#60,#61);
#59 = CARTESIAN_POINT('',(-3.890933157799E-17,2.84524487164E-16,0.));
#60 = DIRECTION('',(0.,0.,1.));
#61 = DIRECTION('',(1.,0.,-0.));
#62 = DEFINITIONAL_REPRESENTATION('',(#63),#68);
#63 = B_SPLINE_CURVE_WITH_KNOTS('',3,(#64,#65,#66,#67),.UNSPECIFIED.,.F.
  ,.F.,(4,4),(0.,1.),.PIECEWISE_BEZIER_KNOTS.);
#64 = CARTESIAN_POINT('',(26.466004515867,-9.709305040508));
#65 = CARTESIAN_POINT('',(27.692868458679,-10.29752839345));
#66 = CARTESIAN_POINT('',(28.66469671485,-11.30704226174));
#67 = CARTESIAN_POINT('',(29.525594335929,-12.33852823922));
#68 = ( GEOMETRIC_REPRESENTATION_CONTEXT(2) 
PARAMETRIC_REPRESENTATION_CONTEXT() REPRESENTATION_CONTEXT('2D SPACE',''
  ) );
#69 = ORIENTED_EDGE('',*,*,#70,.T.);
#70 = EDGE_CURVE('',#22,#71,#73,.T.);
#71 = VERTEX_POINT('',#72);
#72 = CARTESIAN_POINT('',(23.733891178782,-15.21257403982,18.));
#73 = SURFACE_CURVE('',#74,(#79,#86),.PCURVE_S1.);
#74 = B_SPLINE_CURVE_WITH_KNOTS('',3,(#75,#76,#77,#78),.UNSPECIFIED.,.F.
  ,.F.,(4,4),(0.,1.),.PIECEWISE_BEZIER_KNOTS.);
#75 = CARTESIAN_POINT('',(26.466004515867,-9.709305040508,0.));
#76 = CARTESIAN_POINT('',(25.759399275519,-11.63595543318,6.000000849768
    ));
#77 = CARTESIAN_POINT('',(24.841447389172,-13.48497688131,
    11.999999150232));
#78 = CARTESIAN_POINT('',(23.733891178782,-15.21257403982,18.));
#79 = PCURVE('',#33,#80);
#80 = DEFINITIONAL_REPRESENTATION('',(#81),#85);
#81 = LINE('',#82,#83);
#82 = CARTESIAN_POINT('',(0.,0.));
#83 = VECTOR('',#84,1.);
#84 = DIRECTION('',(1.,0.));
#85 = ( GEOMETRIC_REPRESENTATION_CONTEXT(2) 
PARAMETRIC_REPRESENTATION_CONTEXT() REPRESENTATION_CONTEXT('2D SPACE',''
  ) );
#86 = PCURVE('',#87,#104);
#87 = B_SPLINE_SURFACE_WITH_KNOTS('',3,3,(
    (#88,#89,#90,#91)
    ,(#92,#93,#94,#95)
    ,(#96,#97,#98,#99)
    ,(#100,#101,#102,#103
    )),.UNSPECIFIED.,.F.,.F.,.F.,(4,4),(4,4),(0.,1.),(0.,1.),
  .PIECEWISE_BEZIER_KNOTS.);
#88 = CARTESIAN_POINT('',(27.11843373936,-7.701334360191,0.));
#89 = CARTESIAN_POINT('',(26.163462662171,-7.782433032643,0.));
#90 = CARTESIAN_POINT('',(25.741085288932,-9.082376920736,0.));
#91 = CARTESIAN_POINT('',(26.466004515867,-9.709305040508,0.));
#92 = CARTESIAN_POINT('',(26.558002520105,-9.675464434366,6.000000849768
    ));
#93 = CARTESIAN_POINT('',(25.597121379861,-9.68704685091,6.000000849768)
  );
#94 = CARTESIAN_POINT('',(25.080112134165,-10.95625277934,6.000000849768
    ));
#95 = CARTESIAN_POINT('',(25.759399275519,-11.63595543318,6.000000849768
    ));
#96 = CARTESIAN_POINT('',(25.781007556396,-11.58800065825,
    11.999999150232));
#97 = CARTESIAN_POINT('',(24.82184371667,-11.52942210747,11.999999150232
    ));
#98 = CARTESIAN_POINT('',(24.213580105627,-12.75750908663,
    11.999999150232));
#99 = CARTESIAN_POINT('',(24.841447389172,-13.48497688131,
    11.999999150232));
#100 = CARTESIAN_POINT('',(24.805852508501,-13.39364329561,18.));
#101 = CARTESIAN_POINT('',(23.855992657421,-13.26592087687,18.));
#102 = CARTESIAN_POINT('',(23.162013610565,-14.44348184775,18.));
#103 = CARTESIAN_POINT('',(23.733891178782,-15.21257403982,18.));
#104 = DEFINITIONAL_REPRESENTATION('',(#105),#109);
#105 = LINE('',#106,#107);
#106 = CARTESIAN_POINT('',(0.,1.));
#107 = VECTOR('',#108,1.);
#108 = DIRECTION('',(1.,0.));
#109 = ( GEOMETRIC_REPRESENTATION_CONTEXT(2) 
PARAMETRIC_REPRESENTATION_CONTEXT() REPRESENTATION_CONTEXT('2D SPACE',''
  ) );
#110 = ORIENTED_EDGE('',*,*,#111,.T.);
#111 = EDGE_CURVE('',#71,#112,#114,.T.);
#112 = VERTEX_POINT('',#113);
#113 = CARTESIAN_POINT('',(26.151190955348,-18.44221276357,18.));
#114 = SURFACE_CURVE('',#115,(#120,#127),.PCURVE_S1.);
#115 = B_SPLINE_CURVE_WITH_KNOTS('',3,(#116,#117,#118,#119),
  .UNSPECIFIED.,.F.,.F.,(4,4),(0.,1.),.PIECEWISE_BEZIER_KNOTS.);
#116 = CARTESIAN_POINT('',(23.733891178782,-15.21257403982,18.));
#117 = CARTESIAN_POINT('',(24.804177298861,-16.05262729307,18.));
#118 = CARTESIAN_POINT('',(25.534212234957,-17.2487114882,18.));
#119 = CARTESIAN_POINT('',(26.151190955348,-18.44221276357,18.));
#120 = PCURVE('',#33,#121);
#121 = DEFINITIONAL_REPRESENTATION('',(#122),#126);
#122 = LINE('',#123,#124);
#123 = CARTESIAN_POINT('',(1.,0.));
#124 = VECTOR('',#125,1.);
#125 = DIRECTION('',(0.,1.));
#126 = ( GEOMETRIC_REPRESENTATION_CONTEXT(2) 
PARAMETRIC_REPRESENTATION_CONTEXT() REPRESENTATION_CONTEXT('2D SPACE',''
  ) );
#127 = PCURVE('',#128,#133);
#128 = PLANE('',#129);
#129 = AXIS2_PLACEMENT_3D('',#130,#131,#132);
#130 = CARTESIAN_POINT('',(-6.079583059061E-15,-3.454115115005E-15,18.)
  );
#131 = DIRECTION('',(-0.,-0.,-1.));
#132 = DIRECTION('',(-1.,0.,0.));
#133 = DEFINITIONAL_REPRESENTATION('',(#134),#139);
#134 = B_SPLINE_CURVE_WITH_KNOTS('',3,(#135,#136,#137,#138),
  .UNSPECIFIED.,.F.,.F.,(4,4),(0.,1.),.PIECEWISE_BEZIER_KNOTS.);
#135 = CARTESIAN_POINT('',(-23.73389117878,-15.21257403982));
#136 = CARTESIAN_POINT('',(-24.80417729886,-16.05262729307));
#137 = CARTESIAN_POINT('',(-25.53421223495,-17.2487114882));
#138 = CARTESIAN_POINT('',(-26.15119095534,-18.44221276357));
#139 = ( GEOMETRIC_REPRESENTATION_CONTEXT(2) 
PARAMETRIC_REPRESENTATION_CONTEXT() REPRESENTATION_CONTEXT('2D SPACE',''
  ) );
#140 = ORIENTED_EDGE('',*,*,#141,.F.);
#141 = EDGE_CURVE('',#24,#112,#142,.T.);
#142 = SURFACE_CURVE('',#143,(#148,#155),.PCURVE_S1.);
#143 = B_SPLINE_CURVE_WITH_KNOTS('',3,(#144,#145,#146,#147),
  .UNSPECIFIED.,.F.,.F.,(4,4),(0.,1.),.PIECEWISE_BEZIER_KNOTS.);
#144 = CARTESIAN_POINT('',(29.525594335929,-12.33852823922,0.));
#145 = CARTESIAN_POINT('',(28.627616485377,-14.48791845186,
    6.000000986407));
#146 = CARTESIAN_POINT('',(27.49386417488,-16.53867102989,
    11.999999013593));
#147 = CARTESIAN_POINT('',(26.151190955348,-18.44221276357,18.));
#148 = PCURVE('',#33,#149);
#149 = DEFINITIONAL_REPRESENTATION('',(#150),#154);
#150 = LINE('',#151,#152);
#151 = CARTESIAN_POINT('',(0.,1.));
#152 = VECTOR('',#153,1.);
#153 = DIRECTION('',(1.,0.));
#154 = ( GEOMETRIC_REPRESENTATION_CONTEXT(2) 
PARAMETRIC_REPRESENTATION_CONTEXT() REPRESENTATION_CONTEXT('2D SPACE',''
  ) );
#155 = PCURVE('',#156,#173);
#156 = B_SPLINE_SURFACE_WITH_KNOTS('',3,3,(
    (#157,#158,#159,#160)
    ,(#161,#162,#163,#164)
    ,(#165,#166,#167,#168)
    ,(#169,#170,#171,#172
    )),.UNSPECIFIED.,.F.,.F.,.F.,(4,4),(4,4),(0.,1.),(0.,1.),
  .PIECEWISE_BEZIER_KNOTS.);
#157 = CARTESIAN_POINT('',(29.525594335929,-12.33852823922,0.));
#158 = CARTESIAN_POINT('',(29.336044098915,-12.79211533174,0.));
#159 = CARTESIAN_POINT('',(29.136039291773,-13.24133348354,0.));
#160 = CARTESIAN_POINT('',(28.925792256092,-13.6857057676,0.));
#161 = CARTESIAN_POINT('',(28.627616465799,-14.48791848852,
    6.000001093596));
#162 = CARTESIAN_POINT('',(28.405046210197,-14.92771042535,
    6.000001093596));
#163 = CARTESIAN_POINT('',(28.172339348816,-15.36237235461,
    6.000001093596));
#164 = CARTESIAN_POINT('',(27.929742942442,-15.79144280337,
    6.000001093596));
#165 = CARTESIAN_POINT('',(27.49386419551,-16.53867099382,
    11.999998906404));
#166 = CARTESIAN_POINT('',(27.239789240444,-16.96104568954,
    11.999998906404));
#167 = CARTESIAN_POINT('',(26.975979128126,-17.37756423741,
    11.999998906404));
#168 = CARTESIAN_POINT('',(26.702713941118,-17.78778442701,
    11.999998906404));
#169 = CARTESIAN_POINT('',(26.151190955348,-18.44221276357,18.));
#170 = CARTESIAN_POINT('',(25.867872822859,-18.84396066793,18.));
#171 = CARTESIAN_POINT('',(25.575294957336,-19.23917840967,18.));
#172 = CARTESIAN_POINT('',(25.273767983558,-19.62744639308,18.));
#173 = DEFINITIONAL_REPRESENTATION('',(#174),#178);
#174 = LINE('',#175,#176);
#175 = CARTESIAN_POINT('',(0.,0.));
#176 = VECTOR('',#177,1.);
#177 = DIRECTION('',(1.,0.));
#178 = ( GEOMETRIC_REPRESENTATION_CONTEXT(2) 
PARAMETRIC_REPRESENTATION_CONTEXT() REPRESENTATION_CONTEXT('2D SPACE',''
  ) );
#179 = ADVANCED_FACE('',(#180),#156,.T.);
#180 = FACE_BOUND('',#181,.T.);
#181 = EDGE_LOOP('',(#182,#207,#208,#233));
#182 = ORIENTED_EDGE('',*,*,#183,.F.);
#183 = EDGE_CURVE('',#24,#184,#186,.T.);
#184 = VERTEX_POINT('',#185);
#185 = CARTESIAN_POINT('',(28.925792256092,-13.6857057676,0.));
#186 = SURFACE_CURVE('',#187,(#192,#199),.PCURVE_S1.);
#187 = B_SPLINE_CURVE_WITH_KNOTS('',3,(#188,#189,#190,#191),
  .UNSPECIFIED.,.F.,.F.,(4,4),(0.,1.),.PIECEWISE_BEZIER_KNOTS.);
#188 = CARTESIAN_POINT('',(29.525594335929,-12.33852823922,0.));
#189 = CARTESIAN_POINT('',(29.336044098915,-12.79211533174,0.));
#190 = CARTESIAN_POINT('',(29.136039291773,-13.24133348354,0.));
#191 = CARTESIAN_POINT('',(28.925792256092,-13.6857057676,0.));
#192 = PCURVE('',#156,#193);
#193 = DEFINITIONAL_REPRESENTATION('',(#194),#198);
#194 = LINE('',#195,#196);
#195 = CARTESIAN_POINT('',(0.,0.));
#196 = VECTOR('',#197,1.);
#197 = DIRECTION('',(0.,1.));
#198 = ( GEOMETRIC_REPRESENTATION_CONTEXT(2) 
PARAMETRIC_REPRESENTATION_CONTEXT() REPRESENTATION_CONTEXT('2D SPACE',''
  ) );
#199 = PCURVE('',#57,#200);
#200 = DEFINITIONAL_REPRESENTATION('',(#201),#206);
#201 = B_SPLINE_CURVE_WITH_KNOTS('',3,(#202,#203,#204,#205),
  .UNSPECIFIED.,.F.,.F.,(4,4),(0.,1.),.PIECEWISE_BEZIER_KNOTS.);
#202 = CARTESIAN_POINT('',(29.525594335929,-12.33852823922));
#203 = CARTESIAN_POINT('',(29.336044098915,-12.79211533174));
#204 = CARTESIAN_POINT('',(29.136039291773,-13.24133348354));
#205 = CARTESIAN_POINT('',(28.925792256092,-13.6857057676));
#206 = ( GEOMETRIC_REPRESENTATION_CONTEXT(2) 
PARAMETRIC_REPRESENTATION_CONTEXT() REPRESENTATION_CONTEXT('2D SPACE',''
  ) );
#207 = ORIENTED_EDGE('',*,*,#141,.T.);
#208 = ORIENTED_EDGE('',*,*,#209,.T.);
#209 = EDGE_CURVE('',#112,#210,#212,.T.);
#210 = VERTEX_POINT('',#211);
#211 = CARTESIAN_POINT('',(25.273767983558,-19.62744639308,18.));
#212 = SURFACE_CURVE('',#213,(#218,#225),.PCURVE_S1.);
#213 = B_SPLINE_CURVE_WITH_KNOTS('',3,(#214,#215,#216,#217),
  .UNSPECIFIED.,.F.,.F.,(4,4),(0.,1.),.PIECEWISE_BEZIER_KNOTS.);
#214 = CARTESIAN_POINT('',(26.151190955348,-18.44221276357,18.));
#215 = CARTESIAN_POINT('',(25.867872822859,-18.84396066793,18.));
#216 = CARTESIAN_POINT('',(25.575294957336,-19.23917840967,18.));
#217 = CARTESIAN_POINT('',(25.273767983558,-19.62744639308,18.));
#218 = PCURVE('',#156,#219);
#219 = DEFINITIONAL_REPRESENTATION('',(#220),#224);
#220 = LINE('',#221,#222);
#221 = CARTESIAN_POINT('',(1.,0.));
#222 = VECTOR('',#223,1.);
#223 = DIRECTION('',(0.,1.));
#224 = ( GEOMETRIC_REPRESENTATION_CONTEXT(2) 
PARAMETRIC_REPRESENTATION_CONTEXT() REPRESENTATION_CONTEXT('2D SPACE',''
  ) );
#225 = PCURVE('',#128,#226);
#226 = DEFINITIONAL_REPRESENTATION('',(#227),#232);
#227 = B_SPLINE_CURVE_WITH_KNOTS('',3,(#228,#229,#230,#231),
  .UNSPECIFIED.,.F.,.F.,(4,4),(0.,1.),.PIECEWISE_BEZIER_KNOTS.);
#228 = CARTESIAN_POINT('',(-26.15119095534,-18.44221276357));
#229 = CARTESIAN_POINT('',(-25.86787282285,-18.84396066793));
#230 = CARTESIAN_POINT('',(-25.57529495733,-19.23917840967));
#231 = CARTESIAN_POINT('',(-25.27376798355,-19.62744639308));
#232 = ( GEOMETRIC_REPRESENTATION_CONTEXT(2) 
PARAMETRIC_REPRESENTATION_CONTEXT() REPRESENTATION_CONTEXT('2D SPACE',''
  ) );
#233 = ORIENTED_EDGE('',*,*,#234,.F.);
#234 = EDGE_CURVE('',#184,#210,#235,.T.);
#235 = SURFACE_CURVE('',#236,(#241,#248),.PCURVE_S1.);
#236 = B_SPLINE_CURVE_WITH_KNOTS('',3,(#237,#238,#239,#240),
  .UNSPECIFIED.,.F.,.F.,(4,4),(0.,1.),.PIECEWISE_BEZIER_KNOTS.);
#237 = CARTESIAN_POINT('',(28.925792256092,-13.6857057676,0.));
#238 = CARTESIAN_POINT('',(27.929742963688,-15.79144276765,
    6.000000986407));
#239 = CARTESIAN_POINT('',(26.702713918848,-17.78778446209,
    11.999999013593));
#240 = CARTESIAN_POINT('',(25.273767983558,-19.62744639308,18.));
#241 = PCURVE('',#156,#242);
#242 = DEFINITIONAL_REPRESENTATION('',(#243),#247);
#243 = LINE('',#244,#245);
#244 = CARTESIAN_POINT('',(0.,1.));
#245 = VECTOR('',#246,1.);
#246 = DIRECTION('',(1.,0.));
#247 = ( GEOMETRIC_REPRESENTATION_CONTEXT(2) 
PARAMETRIC_REPRESENTATION_CONTEXT() REPRESENTATION_CONTEXT('2D SPACE',''
  ) );
#248 = PCURVE('',#249,#266);
#249 = B_SPLINE_SURFACE_WITH_KNOTS('',3,3,(
    (#250,#251,#252,#253)
    ,(#254,#255,#256,#257)
    ,(#258,#259,#260,#261)
    ,(#262,#263,#264,#265
    )),.UNSPECIFIED.,.F.,.F.,.F.,(4,4),(4,4),(0.,1.),(0.,1.),
  .PIECEWISE_BEZIER_KNOTS.);
#250 = CARTESIAN_POINT('',(28.925792256092,-13.6857057676,0.));
#251 = CARTESIAN_POINT('',(27.583195842169,-13.73613299279,0.));
#252 = CARTESIAN_POINT('',(26.182700804372,-13.68942047978,0.));
#253 = CARTESIAN_POINT('',(24.924633449434,-13.17128113795,0.));
#254 = CARTESIAN_POINT('',(27.929742963688,-15.79144276765,
    6.000000986407));
#255 = CARTESIAN_POINT('',(26.583466561797,-15.74413646529,
    6.000000986407));
#256 = CARTESIAN_POINT('',(25.186362397051,-15.59547505081,
    6.000000986407));
#257 = CARTESIAN_POINT('',(23.966004249718,-14.98575157017,
    6.000000986407));
#258 = CARTESIAN_POINT('',(26.702713918848,-17.78778446209,
    11.999999013593));
#259 = CARTESIAN_POINT('',(25.363480659613,-17.64234611126,
    11.999999013593));
#260 = CARTESIAN_POINT('',(23.980952614017,-17.39211328678,
    11.999999013593));
#261 = CARTESIAN_POINT('',(22.808349902461,-16.69494787495,
    11.999999013593));
#262 = CARTESIAN_POINT('',(25.273767983558,-19.62744639308,18.));
#263 = CARTESIAN_POINT('',(23.952134176876,-19.38580178471,18.));
#264 = CARTESIAN_POINT('',(22.595022253075,-19.03678081679,18.));
#265 = CARTESIAN_POINT('',(21.479090091547,-18.2583867919,18.));
#266 = DEFINITIONAL_REPRESENTATION('',(#267),#271);
#267 = LINE('',#268,#269);
#268 = CARTESIAN_POINT('',(0.,0.));
#269 = VECTOR('',#270,1.);
#270 = DIRECTION('',(1.,0.));
#271 = ( GEOMETRIC_REPRESENTATION_CONTEXT(2) 
PARAMETRIC_REPRESENTATION_CONTEXT() REPRESENTATION_CONTEXT('2D SPACE',''
  ) );
#272 = ADVANCED_FACE('',(#273),#249,.T.);
#273 = FACE_BOUND('',#274,.T.);
#274 = EDGE_LOOP('',(#275,#300,#301,#326));
#275 = ORIENTED_EDGE('',*,*,#276,.F.);
#276 = EDGE_CURVE('',#184,#277,#279,.T.);
#277 = VERTEX_POINT('',#278);
#278 = CARTESIAN_POINT('',(24.924633449434,-13.17128113795,0.));
#279 = SURFACE_CURVE('',#280,(#285,#292),.PCURVE_S1.);
#280 = B_SPLINE_CURVE_WITH_KNOTS('',3,(#281,#282,#283,#284),
  .UNSPECIFIED.,.F.,.F.,(4,4),(0.,1.),.PIECEWISE_BEZIER_KNOTS.);
#281 = CARTESIAN_POINT('',(28.925792256092,-13.6857057676,0.));
#282 = CARTESIAN_POINT('',(27.583195842169,-13.73613299279,0.));
#283 = CARTESIAN_POINT('',(26.182700804372,-13.68942047978,0.));
#284 = CARTESIAN_POINT('',(24.924633449434,-13.17128113795,0.));
#285 = PCURVE('',#249,#286);
#286 = DEFINITIONAL_REPRESENTATION('',(#287),#291);
#287 = LINE('',#288,#289);
#288 = CARTESIAN_POINT('',(0.,0.));
#289 = VECTOR('',#290,1.);
#290 = DIRECTION('',(0.,1.));
#291 = ( GEOMETRIC_REPRESENTATION_CONTEXT(2) 
PARAMETRIC_REPRESENTATION_CONTEXT() REPRESENTATION_CONTEXT('2D SPACE',''
  ) );
#292 = PCURVE('',#57,#293);
#293 = DEFINITIONAL_REPRESENTATION('',(#294),#299);
#294 = B_SPLINE_CURVE_WITH_KNOTS('',3,(#295,#296,#297,#298),
  .UNSPECIFIED.,.F.,.F.,(4,4),(0.,1.),.PIECEWISE_BEZIER_KNOTS.);
#295 = CARTESIAN_POINT('',(28.925792256092,-13.6857057676));
#296 = CARTESIAN_POINT('',(27.583195842169,-13.73613299279));
#297 = CARTESIAN_POINT('',(26.182700804372,-13.68942047978));
#298 = CARTESIAN_POINT('',(24.924633449434,-13.17128113795));
#299 = ( GEOMETRIC_REPRESENTATION_CONTEXT(2) 
PARAMETRIC_REPRESENTATION_CONTEXT() REPRESENTATION_CONTEXT('2D SPACE',''
  ) );
#300 = ORIENTED_EDGE('',*,*,#234,.T.);
#301 = ORIENTED_EDGE('',*,*,#302,.T.);
#302 = EDGE_CURVE('',#210,#303,#305,.T.);
#303 = VERTEX_POINT('',#304);
#304 = CARTESIAN_POINT('',(21.479090091547,-18.2583867919,18.));
#305 = SURFACE_CURVE('',#306,(#311,#318),.PCURVE_S1.);
#306 = B_SPLINE_CURVE_WITH_KNOTS('',3,(#307,#308,#309,#310),
  .UNSPECIFIED.,.F.,.F.,(4,4),(0.,1.),.PIECEWISE_BEZIER_KNOTS.);
#307 = CARTESIAN_POINT('',(25.273767983558,-19.62744639308,18.));
#308 = CARTESIAN_POINT('',(23.952134176876,-19.38580178471,18.));
#309 = CARTESIAN_POINT('',(22.595022253075,-19.03678081679,18.));
#310 = CARTESIAN_POINT('',(21.479090091547,-18.2583867919,18.));
#311 = PCURVE('',#249,#312);
#312 = DEFINITIONAL_REPRESENTATION('',(#313),#317);
#313 = LINE('',#314,#315);
#314 = CARTESIAN_POINT('',(1.,0.));
#315 = VECTOR('',#316,1.);
#316 = DIRECTION('',(0.,1.));
#317 = ( GEOMETRIC_REPRESENTATION_CONTEXT(2) 
PARAMETRIC_REPRESENTATION_CONTEXT() REPRESENTATION_CONTEXT('2D SPACE',''
  ) );
#318 = PCURVE('',#128,#319);
#319 = DEFINITIONAL_REPRESENTATION('',(#320),#325);
#320 = B_SPLINE_CURVE_WITH_KNOTS('',3,(#321,#322,#323,#324),
  .UNSPECIFIED.,.F.,.F.,(4,4),(0.,1.),.PIECEWISE_BEZIER_KNOTS.);
#321 = CARTESIAN_POINT('',(-25.27376798355,-19.62744639308));
#322 = CARTESIAN_POINT('',(-23.95213417687,-19.38580178471));
#323 = CARTESIAN_POINT('',(-22.59502225307,-19.03678081679));
#324 = CARTESIAN_POINT('',(-21.47909009154,-18.2583867919));
#325 = ( GEOMETRIC_REPRESENTATION_CONTEXT(2) 
PARAMETRIC_REPRESENTATION_CONTEXT() REPRESENTATION_CONTEXT('2D SPACE',''
  ) );
#326 = ORIENTED_EDGE('',*,*,#327,.F.);
#327 = EDGE_CURVE('',#277,#303,#328,.T.);
#328 = SURFACE_CURVE('',#329,(#334,#341),.PCURVE_S1.);
#329 = B_SPLINE_CURVE_WITH_KNOTS('',3,(#330,#331,#332,#333),
  .UNSPECIFIED.,.F.,.F.,(4,4),(0.,1.),.PIECEWISE_BEZIER_KNOTS.);
#330 = CARTESIAN_POINT('',(24.924633449434,-13.17128113795,0.));
#331 = CARTESIAN_POINT('',(23.966004275327,-14.98575153115,
    6.000000849768));
#332 = CARTESIAN_POINT('',(22.808349875734,-16.6949479132,
    11.999999150232));
#333 = CARTESIAN_POINT('',(21.479090091547,-18.2583867919,18.));
#334 = PCURVE('',#249,#335);
#335 = DEFINITIONAL_REPRESENTATION('',(#336),#340);
#336 = LINE('',#337,#338);
#337 = CARTESIAN_POINT('',(0.,1.));
#338 = VECTOR('',#339,1.);
#339 = DIRECTION('',(1.,0.));
#340 = ( GEOMETRIC_REPRESENTATION_CONTEXT(2) 
PARAMETRIC_REPRESENTATION_CONTEXT() REPRESENTATION_CONTEXT('2D SPACE',''
  ) );
#341 = PCURVE('',#342,#359);
#342 = B_SPLINE_SURFACE_WITH_KNOTS('',3,3,(
    (#343,#344,#345,#346)
    ,(#347,#348,#349,#350)
    ,(#351,#352,#353,#354)
    ,(#355,#356,#357,#358
    )),.UNSPECIFIED.,.F.,.F.,.F.,(4,4),(4,4),(0.,1.),(0.,1.),
  .PIECEWISE_BEZIER_KNOTS.);
#343 = CARTESIAN_POINT('',(24.924633449434,-13.17128113795,0.));
#344 = CARTESIAN_POINT('',(23.973669419398,-13.05205795849,0.));
#345 = CARTESIAN_POINT('',(23.290248473419,-14.23577775988,0.));
#346 = CARTESIAN_POINT('',(23.868980790568,-14.99972517825,0.));
#347 = CARTESIAN_POINT('',(23.966004275327,-14.98575153115,
    6.000000849768));
#348 = CARTESIAN_POINT('',(23.0237125736,-14.79730242156,6.000000849768)
  );
#349 = CARTESIAN_POINT('',(22.254118469789,-15.93128088885,
    6.000000849768));
#350 = CARTESIAN_POINT('',(22.7772434293,-16.73736214703,6.000000849768)
  );
#351 = CARTESIAN_POINT('',(22.808349875734,-16.6949479132,
    11.999999150232));
#352 = CARTESIAN_POINT('',(21.882325232734,-16.43822806861,
    11.999999150232));
#353 = CARTESIAN_POINT('',(21.03202000067,-17.51301328494,
    11.999999150232));
#354 = CARTESIAN_POINT('',(21.494917818441,-18.35512511145,
    11.999999150232));
#355 = CARTESIAN_POINT('',(21.479090091547,-18.2583867919,18.));
#356 = CARTESIAN_POINT('',(20.576541941214,-17.93596844677,18.));
#357 = CARTESIAN_POINT('',(19.652899309076,-18.94351052813,18.));
#358 = CARTESIAN_POINT('',(20.052376722291,-19.81469624271,18.));
#359 = DEFINITIONAL_REPRESENTATION('',(#360),#364);
#360 = LINE('',#361,#362);
#361 = CARTESIAN_POINT('',(0.,0.));
#362 = VECTOR('',#363,1.);
#363 = DIRECTION('',(1.,0.));
#364 = ( GEOMETRIC_REPRESENTATION_CONTEXT(2) 
PARAMETRIC_REPRESENTATION_CONTEXT() REPRESENTATION_CONTEXT('2D SPACE',''
  ) );
#365 = ADVANCED_FACE('',(#366),#342,.T.);
#366 = FACE_BOUND('',#367,.T.);
#367 = EDGE_LOOP('',(#368,#393,#394,#419));
#368 = ORIENTED_EDGE('',*,*,#369,.F.);
#369 = EDGE_CURVE('',#277,#370,#372,.T.);
#370 = VERTEX_POINT('',#371);
#371 = CARTESIAN_POINT('',(23.868980790568,-14.99972517825,0.));
#372 = SURFACE_CURVE('',#373,(#378,#385),.PCURVE_S1.);
#373 = B_SPLINE_CURVE_WITH_KNOTS('',3,(#374,#375,#376,#377),
  .UNSPECIFIED.,.F.,.F.,(4,4),(0.,1.),.PIECEWISE_BEZIER_KNOTS.);
#374 = CARTESIAN_POINT('',(24.924633449434,-13.17128113795,0.));
#375 = CARTESIAN_POINT('',(23.973669419398,-13.05205795849,0.));
#376 = CARTESIAN_POINT('',(23.290248473419,-14.23577775988,0.));
#377 = CARTESIAN_POINT('',(23.868980790568,-14.99972517825,0.));
#378 = PCURVE('',#342,#379);
#379 = DEFINITIONAL_REPRESENTATION('',(#380),#384);
#380 = LINE('',#381,#382);
#381 = CARTESIAN_POINT('',(0.,0.));
#382 = VECTOR('',#383,1.);
#383 = DIRECTION('',(0.,1.));
#384 = ( GEOMETRIC_REPRESENTATION_CONTEXT(2) 
PARAMETRIC_REPRESENTATION_CONTEXT() REPRESENTATION_CONTEXT('2D SPACE',''
  ) );
#385 = PCURVE('',#57,#386);
#386 = DEFINITIONAL_REPRESENTATION('',(#387),#392);
#387 = B_SPLINE_CURVE_WITH_KNOTS('',3,(#388,#389,#390,#391),
  .UNSPECIFIED.,.F.,.F.,(4,4),(0.,1.),.PIECEWISE_BEZIER_KNOTS.);
#388 = CARTESIAN_POINT('',(24.924633449434,-13.17128113795));
#389 = CARTESIAN_POINT('',(23.973669419398,-13.05205795849));
#390 = CARTESIAN_POINT('',(23.290248473419,-14.23577775988));
#391 = CARTESIAN_POINT('',(23.868980790568,-14.99972517825));
#392 = ( GEOMETRIC_REPRESENTATION_CONTEXT(2) 
PARAMETRIC_REPRESENTATION_CONTEXT() REPRESENTATION_CONTEXT('2D SPACE',''
  ) );
#393 = ORIENTED_EDGE('',*,*,#327,.T.);
#394 = ORIENTED_EDGE('',*,*,#395,.T.);
#395 = EDGE_CURVE('',#303,#396,#398,.T.);
#396 = VERTEX_POINT('',#397);
#397 = CARTESIAN_POINT('',(20.052376722291,-19.81469624271,18.));
#398 = SURFACE_CURVE('',#399,(#404,#411),.PCURVE_S1.);
#399 = B_SPLINE_CURVE_WITH_KNOTS('',3,(#400,#401,#402,#403),
  .UNSPECIFIED.,.F.,.F.,(4,4),(0.,1.),.PIECEWISE_BEZIER_KNOTS.);
#400 = CARTESIAN_POINT('',(21.479090091547,-18.2583867919,18.));
#401 = CARTESIAN_POINT('',(20.576541941214,-17.93596844677,18.));
#402 = CARTESIAN_POINT('',(19.652899309076,-18.94351052813,18.));
#403 = CARTESIAN_POINT('',(20.052376722291,-19.81469624271,18.));
#404 = PCURVE('',#342,#405);
#405 = DEFINITIONAL_REPRESENTATION('',(#406),#410);
#406 = LINE('',#407,#408);
#407 = CARTESIAN_POINT('',(1.,0.));
#408 = VECTOR('',#409,1.);
#409 = DIRECTION('',(0.,1.));
#410 = ( GEOMETRIC_REPRESENTATION_CONTEXT(2) 
PARAMETRIC_REPRESENTATION_CONTEXT() REPRESENTATION_CONTEXT('2D SPACE',''
  ) );
#411 = PCURVE('',#128,#412);
#412 = DEFINITIONAL_REPRESENTATION('',(#413),#418);
#413 = B_SPLINE_CURVE_WITH_KNOTS('',3,(#414,#415,#416,#417),
  .UNSPECIFIED.,.F.,.F.,(4,4),(0.,1.),.PIECEWISE_BEZIER_KNOTS.);
#414 = CARTESIAN_POINT('',(-21.47909009154,-18.2583867919));
#415 = CARTESIAN_POINT('',(-20.57654194121,-17.93596844677));
#416 = CARTESIAN_POINT('',(-19.65289930907,-18.94351052813));
#417 = CARTESIAN_POINT('',(-20.05237672229,-19.81469624271));
#418 = ( GEOMETRIC_REPRESENTATION_CONTEXT(2) 
PARAMETRIC_REPRESENTATION_CONTEXT() REPRESENTATION_CONTEXT('2D SPACE',''
  ) );
#419 = ORIENTED_EDGE('',*,*,#420,.F.);
#420 = EDGE_CURVE('',#370,#396,#421,.T.);
#421 = SURFACE_CURVE('',#422,(#427,#434),.PCURVE_S1.);
#422 = B_SPLINE_CURVE_WITH_KNOTS('',3,(#423,#424,#425,#426),
  .UNSPECIFIED.,.F.,.F.,(4,4),(0.,1.),.PIECEWISE_BEZIER_KNOTS.);
#423 = CARTESIAN_POINT('',(23.868980790568,-14.99972517825,0.));
#424 = CARTESIAN_POINT('',(22.7772434293,-16.73736214703,6.000000849768)
  );
#425 = CARTESIAN_POINT('',(21.494917818441,-18.35512511145,
    11.999999150232));
#426 = CARTESIAN_POINT('',(20.052376722291,-19.81469624271,18.));
#427 = PCURVE('',#342,#428);
#428 = DEFINITIONAL_REPRESENTATION('',(#429),#433);
#429 = LINE('',#430,#431);
#430 = CARTESIAN_POINT('',(0.,1.));
#431 = VECTOR('',#432,1.);
#432 = DIRECTION('',(1.,0.));
#433 = ( GEOMETRIC_REPRESENTATION_CONTEXT(2) 
PARAMETRIC_REPRESENTATION_CONTEXT() REPRESENTATION_CONTEXT('2D SPACE',''
  ) );
#434 = PCURVE('',#435,#452);
#435 = B_SPLINE_SURFACE_WITH_KNOTS('',3,3,(
    (#436,#437,#438,#439)
    ,(#440,#441,#442,#443)
    ,(#444,#445,#446,#447)
    ,(#448,#449,#450,#451
    )),.UNSPECIFIED.,.F.,.F.,.F.,(4,4),(4,4),(0.,1.),(0.,1.),
  .PIECEWISE_BEZIER_KNOTS.);
#436 = CARTESIAN_POINT('',(23.868980790568,-14.99972517825,0.));
#437 = CARTESIAN_POINT('',(24.946736300768,-15.83017379638,0.));
#438 = CARTESIAN_POINT('',(25.687438042606,-17.01968182048,0.));
#439 = CARTESIAN_POINT('',(26.315064991509,-18.20761803456,0.));
#440 = CARTESIAN_POINT('',(22.777243400842,-16.73736218402,
    6.000000986407));
#441 = CARTESIAN_POINT('',(23.794554021309,-17.64627132805,
    6.000000986407));
#442 = CARTESIAN_POINT('',(24.44867096199,-18.88970660631,6.000000986407
    ));
#443 = CARTESIAN_POINT('',(24.989826758142,-20.12333882088,
    6.000000986407));
#444 = CARTESIAN_POINT('',(21.494917847956,-18.3551250753,
    11.999999013593));
#445 = CARTESIAN_POINT('',(22.443178438363,-19.33585877172,
    11.999999013593));
#446 = CARTESIAN_POINT('',(23.004798530019,-20.62371867712,
    11.999999013593));
#447 = CARTESIAN_POINT('',(23.454474219855,-21.89355717493,
    11.999999013593));
#448 = CARTESIAN_POINT('',(20.052376722291,-19.81469624271,18.));
#449 = CARTESIAN_POINT('',(20.924617630487,-20.85891731374,18.));
#450 = CARTESIAN_POINT('',(21.390019664311,-22.1806469974,18.));
#451 = CARTESIAN_POINT('',(21.74537305121,-23.47634449533,18.));
#452 = DEFINITIONAL_REPRESENTATION('',(#453),#457);
#453 = LINE('',#454,#455);
#454 = CARTESIAN_POINT('',(0.,0.));
#455 = VECTOR('',#456,1.);
#456 = DIRECTION('',(1.,0.));
#457 = ( GEOMETRIC_REPRESENTATION_CONTEXT(2) 
PARAMETRIC_REPRESENTATION_CONTEXT() REPRESENTATION_CONTEXT('2D SPACE',''
  ) );
#458 = ADVANCED_FACE('',(#459),#435,.T.);
#459 = FACE_BOUND('',#460,.T.);
#460 = EDGE_LOOP('',(#461,#486,#487,#512));
#461 = ORIENTED_EDGE('',*,*,#462,.F.);
#462 = EDGE_CURVE('',#370,#463,#465,.T.);
#463 = VERTEX_POINT('',#464);
#464 = CARTESIAN_POINT('',(26.315064991509,-18.20761803456,0.));
#465 = SURFACE_CURVE('',#466,(#471,#478),.PCURVE_S1.);
#466 = B_SPLINE_CURVE_WITH_KNOTS('',3,(#467,#468,#469,#470),
  .UNSPECIFIED.,.F.,.F.,(4,4),(0.,1.),.PIECEWISE_BEZIER_KNOTS.);
#467 = CARTESIAN_POINT('',(23.868980790568,-14.99972517825,0.));
#468 = CARTESIAN_POINT('',(24.946736300768,-15.83017379638,0.));
#469 = CARTESIAN_POINT('',(25.687438042606,-17.01968182048,0.));
#470 = CARTESIAN_POINT('',(26.315064991509,-18.20761803456,0.));
#471 = PCURVE('',#435,#472);
#472 = DEFINITIONAL_REPRESENTATION('',(#473),#477);
#473 = LINE('',#474,#475);
#474 = CARTESIAN_POINT('',(0.,0.));
#475 = VECTOR('',#476,1.);
#476 = DIRECTION('',(0.,1.));
#477 = ( GEOMETRIC_REPRESENTATION_CONTEXT(2) 
PARAMETRIC_REPRESENTATION_CONTEXT() REPRESENTATION_CONTEXT('2D SPACE',''
  ) );
#478 = PCURVE('',#57,#479);
#479 = DEFINITIONAL_REPRESENTATION('',(#480),#485);
#480 = B_SPLINE_CURVE_WITH_KNOTS('',3,(#481,#482,#483,#484),
  .UNSPECIFIED.,.F.,.F.,(4,4),(0.,1.),.PIECEWISE_BEZIER_KNOTS.);
#481 = CARTESIAN_POINT('',(23.868980790568,-14.99972517825));
#482 = CARTESIAN_POINT('',(24.946736300768,-15.83017379638));
#483 = CARTESIAN_POINT('',(25.687438042606,-17.01968182048));
#484 = CARTESIAN_POINT('',(26.315064991509,-18.20761803456));
#485 = ( GEOMETRIC_REPRESENTATION_CONTEXT(2) 
PARAMETRIC_REPRESENTATION_CONTEXT() REPRESENTATION_CONTEXT('2D SPACE',''
  ) );
#486 = ORIENTED_EDGE('',*,*,#420,.T.);
#487 = ORIENTED_EDGE('',*,*,#488,.T.);
#488 = EDGE_CURVE('',#396,#489,#491,.T.);
#489 = VERTEX_POINT('',#490);
#490 = CARTESIAN_POINT('',(21.74537305121,-23.47634449533,18.));
#491 = SURFACE_CURVE('',#492,(#497,#504),.PCURVE_S1.);
#492 = B_SPLINE_CURVE_WITH_KNOTS('',3,(#493,#494,#495,#496),
  .UNSPECIFIED.,.F.,.F.,(4,4),(0.,1.),.PIECEWISE_BEZIER_KNOTS.);
#493 = CARTESIAN_POINT('',(20.052376722291,-19.81469624271,18.));
#494 = CARTESIAN_POINT('',(20.924617630487,-20.85891731374,18.));
#495 = CARTESIAN_POINT('',(21.390019664311,-22.1806469974,18.));
#496 = CARTESIAN_POINT('',(21.74537305121,-23.47634449533,18.));
#497 = PCURVE('',#435,#498);
#498 = DEFINITIONAL_REPRESENTATION('',(#499),#503);
#499 = LINE('',#500,#501);
#500 = CARTESIAN_POINT('',(1.,0.));
#501 = VECTOR('',#502,1.);
#502 = DIRECTION('',(0.,1.));
#503 = ( GEOMETRIC_REPRESENTATION_CONTEXT(2) 
PARAMETRIC_REPRESENTATION_CONTEXT() REPRESENTATION_CONTEXT('2D SPACE',''
  ) );
#504 = PCURVE('',#128,#505);
#505 = DEFINITIONAL_REPRESENTATION('',(#506),#511);
#506 = B_SPLINE_CURVE_WITH_KNOTS('',3,(#507,#508,#509,#510),
  .UNSPECIFIED.,.F.,.F.,(4,4),(0.,1.),.PIECEWISE_BEZIER_KNOTS.);
#507 = CARTESIAN_POINT('',(-20.05237672229,-19.81469624271));
#508 = CARTESIAN_POINT('',(-20.92461763048,-20.85891731374));
#509 = CARTESIAN_POINT('',(-21.39001966431,-22.1806469974));
#510 = CARTESIAN_POINT('',(-21.74537305121,-23.47634449533));
#511 = ( GEOMETRIC_REPRESENTATION_CONTEXT(2) 
PARAMETRIC_REPRESENTATION_CONTEXT() REPRESENTATION_CONTEXT('2D SPACE',''
  ) );
#512 = ORIENTED_EDGE('',*,*,#513,.F.);
#513 = EDGE_CURVE('',#463,#489,#514,.T.);
#514 = SURFACE_CURVE('',#515,(#520,#527),.PCURVE_S1.);
#515 = B_SPLINE_CURVE_WITH_KNOTS('',3,(#516,#517,#518,#519),
  .UNSPECIFIED.,.F.,.F.,(4,4),(0.,1.),.PIECEWISE_BEZIER_KNOTS.);
#516 = CARTESIAN_POINT('',(26.315064991509,-18.20761803456,0.));
#517 = CARTESIAN_POINT('',(24.989826758142,-20.12333882088,
    6.000000986407));
#518 = CARTESIAN_POINT('',(23.454474219855,-21.89355717493,
    11.999999013593));
#519 = CARTESIAN_POINT('',(21.74537305121,-23.47634449533,18.));
#520 = PCURVE('',#435,#521);
#521 = DEFINITIONAL_REPRESENTATION('',(#522),#526);
#522 = LINE('',#523,#524);
#523 = CARTESIAN_POINT('',(0.,1.));
#524 = VECTOR('',#525,1.);
#525 = DIRECTION('',(1.,0.));
#526 = ( GEOMETRIC_REPRESENTATION_CONTEXT(2) 
PARAMETRIC_REPRESENTATION_CONTEXT() REPRESENTATION_CONTEXT('2D SPACE',''
  ) );
#527 = PCURVE('',#528,#545);
#528 = B_SPLINE_SURFACE_WITH_KNOTS('',3,3,(
    (#529,#530,#531,#532)
    ,(#533,#534,#535,#536)
    ,(#537,#538,#539,#540)
    ,(#541,#542,#543,#544
    )),.UNSPECIFIED.,.F.,.F.,.F.,(4,4),(4,4),(0.,1.),(0.,1.),
  .PIECEWISE_BEZIER_KNOTS.);
#529 = CARTESIAN_POINT('',(26.315064991509,-18.20761803456,0.));
#530 = CARTESIAN_POINT('',(26.035350822616,-18.61188345056,0.));
#531 = CARTESIAN_POINT('',(25.746318894888,-19.00970177032,0.));
#532 = CARTESIAN_POINT('',(25.448276068445,-19.40065063713,0.));
#533 = CARTESIAN_POINT('',(24.98982673137,-20.12333885266,6.000001093596
    ));
#534 = CARTESIAN_POINT('',(24.680682284663,-20.50724532233,
    6.000001093596));
#535 = CARTESIAN_POINT('',(24.362689329883,-20.88402636855,
    6.000001093596));
#536 = CARTESIAN_POINT('',(24.036185474561,-21.25328196951,
    6.000001093596));
#537 = CARTESIAN_POINT('',(23.454474247535,-21.89355714393,
    11.999998906404));
#538 = CARTESIAN_POINT('',(23.118134802684,-22.25387678566,
    11.999998906404));
#539 = CARTESIAN_POINT('',(22.773490498726,-22.60644419742,
    11.999998906404));
#540 = CARTESIAN_POINT('',(22.420907238464,-22.95088506457,
    11.999998906404));
#541 = CARTESIAN_POINT('',(21.74537305121,-23.47634449533,18.));
#542 = CARTESIAN_POINT('',(21.384718013594,-23.81040809211,18.));
#543 = CARTESIAN_POINT('',(21.016363287477,-24.13615901925,18.));
#544 = CARTESIAN_POINT('',(20.6406999486,-24.45325143272,18.));
#545 = DEFINITIONAL_REPRESENTATION('',(#546),#550);
#546 = LINE('',#547,#548);
#547 = CARTESIAN_POINT('',(0.,0.));
#548 = VECTOR('',#549,1.);
#549 = DIRECTION('',(1.,0.));
#550 = ( GEOMETRIC_REPRESENTATION_CONTEXT(2) 
PARAMETRIC_REPRESENTATION_CONTEXT() REPRESENTATION_CONTEXT('2D SPACE',''
  ) );
#551 = ADVANCED_FACE('',(#552),#528,.T.);
#552 = FACE_BOUND('',#553,.T.);
#553 = EDGE_LOOP('',(#554,#579,#580,#605));
#554 = ORIENTED_EDGE('',*,*,#555,.F.);
#555 = EDGE_CURVE('',#463,#556,#558,.T.);
#556 = VERTEX_POINT('',#557);
#557 = CARTESIAN_POINT('',(25.448276068445,-19.40065063713,0.));
#558 = SURFACE_CURVE('',#559,(#564,#571),.PCURVE_S1.);
#559 = B_SPLINE_CURVE_WITH_KNOTS('',3,(#560,#561,#562,#563),
  .UNSPECIFIED.,.F.,.F.,(4,4),(0.,1.),.PIECEWISE_BEZIER_KNOTS.);
#560 = CARTESIAN_POINT('',(26.315064991509,-18.20761803456,0.));
#561 = CARTESIAN_POINT('',(26.035350822616,-18.61188345056,0.));
#562 = CARTESIAN_POINT('',(25.746318894888,-19.00970177032,0.));
#563 = CARTESIAN_POINT('',(25.448276068445,-19.40065063713,0.));
#564 = PCURVE('',#528,#565);
#565 = DEFINITIONAL_REPRESENTATION('',(#566),#570);
#566 = LINE('',#567,#568);
#567 = CARTESIAN_POINT('',(0.,0.));
#568 = VECTOR('',#569,1.);
#569 = DIRECTION('',(0.,1.));
#570 = ( GEOMETRIC_REPRESENTATION_CONTEXT(2) 
PARAMETRIC_REPRESENTATION_CONTEXT() REPRESENTATION_CONTEXT('2D SPACE',''
  ) );
#571 = PCURVE('',#57,#572);
#572 = DEFINITIONAL_REPRESENTATION('',(#573),#578);
#573 = B_SPLINE_CURVE_WITH_KNOTS('',3,(#574,#575,#576,#577),
  .UNSPECIFIED.,.F.,.F.,(4,4),(0.,1.),.PIECEWISE_BEZIER_KNOTS.);
#574 = CARTESIAN_POINT('',(26.315064991509,-18.20761803456));
#575 = CARTESIAN_POINT('',(26.035350822616,-18.61188345056));
#576 = CARTESIAN_POINT('',(25.746318894888,-19.00970177032));
#577 = CARTESIAN_POINT('',(25.448276068445,-19.40065063713));
#578 = ( GEOMETRIC_REPRESENTATION_CONTEXT(2) 
PARAMETRIC_REPRESENTATION_CONTEXT() REPRESENTATION_CONTEXT('2D SPACE',''
  ) );
#579 = ORIENTED_EDGE('',*,*,#513,.T.);
#580 = ORIENTED_EDGE('',*,*,#581,.T.);
#581 = EDGE_CURVE('',#489,#582,#584,.T.);
#582 = VERTEX_POINT('',#583);
#583 = CARTESIAN_POINT('',(20.6406999486,-24.45325143272,18.));
#584 = SURFACE_CURVE('',#585,(#590,#597),.PCURVE_S1.);
#585 = B_SPLINE_CURVE_WITH_KNOTS('',3,(#586,#587,#588,#589),
  .UNSPECIFIED.,.F.,.F.,(4,4),(0.,1.),.PIECEWISE_BEZIER_KNOTS.);
#586 = CARTESIAN_POINT('',(21.74537305121,-23.47634449533,18.));
#587 = CARTESIAN_POINT('',(21.384718013594,-23.81040809211,18.));
#588 = CARTESIAN_POINT('',(21.016363287477,-24.13615901925,18.));
#589 = CARTESIAN_POINT('',(20.6406999486,-24.45325143272,18.));
#590 = PCURVE('',#528,#591);
#591 = DEFINITIONAL_REPRESENTATION('',(#592),#596);
#592 = LINE('',#593,#594);
#593 = CARTESIAN_POINT('',(1.,0.));
#594 = VECTOR('',#595,1.);
#595 = DIRECTION('',(0.,1.));
#596 = ( GEOMETRIC_REPRESENTATION_CONTEXT(2) 
PARAMETRIC_REPRESENTATION_CONTEXT() REPRESENTATION_CONTEXT('2D SPACE',''
  ) );
#597 = PCURVE('',#128,#598);
#598 = DEFINITIONAL_REPRESENTATION('',(#599),#604);
#599 = B_SPLINE_CURVE_WITH_KNOTS('',3,(#600,#601,#602,#603),
  .UNSPECIFIED.,.F.,.F.,(4,4),(0.,1.),.PIECEWISE_BEZIER_KNOTS.);
#600 = CARTESIAN_POINT('',(-21.74537305121,-23.47634449533));
#601 = CARTESIAN_POINT('',(-21.38471801359,-23.81040809211));
#602 = CARTESIAN_POINT('',(-21.01636328747,-24.13615901925));
#603 = CARTESIAN_POINT('',(-20.6406999486,-24.45325143272));
#604 = ( GEOMETRIC_REPRESENTATION_CONTEXT(2) 
PARAMETRIC_REPRESENTATION_CONTEXT() REPRESENTATION_CONTEXT('2D SPACE',''
  ) );
#605 = ORIENTED_EDGE('',*,*,#606,.F.);
#606 = EDGE_CURVE('',#556,#582,#607,.T.);
#607 = SURFACE_CURVE('',#608,(#613,#620),.PCURVE_S1.);
#608 = B_SPLINE_CURVE_WITH_KNOTS('',3,(#609,#610,#611,#612),
  .UNSPECIFIED.,.F.,.F.,(4,4),(0.,1.),.PIECEWISE_BEZIER_KNOTS.);
#609 = CARTESIAN_POINT('',(25.448276068445,-19.40065063713,0.));
#610 = CARTESIAN_POINT('',(24.036185502769,-21.25328193899,
    6.000000986407));
#611 = CARTESIAN_POINT('',(22.420907209386,-22.95088509426,
    11.999999013593));
#612 = CARTESIAN_POINT('',(20.6406999486,-24.45325143272,18.));
#613 = PCURVE('',#528,#614);
#614 = DEFINITIONAL_REPRESENTATION('',(#615),#619);
#615 = LINE('',#616,#617);
#616 = CARTESIAN_POINT('',(0.,1.));
#617 = VECTOR('',#618,1.);
#618 = DIRECTION('',(1.,0.));
#619 = ( GEOMETRIC_REPRESENTATION_CONTEXT(2) 
PARAMETRIC_REPRESENTATION_CONTEXT() REPRESENTATION_CONTEXT('2D SPACE',''
  ) );
#620 = PCURVE('',#621,#638);
#621 = B_SPLINE_SURFACE_WITH_KNOTS('',3,3,(
    (#622,#623,#624,#625)
    ,(#626,#627,#628,#629)
    ,(#630,#631,#632,#633)
    ,(#634,#635,#636,#637
    )),.UNSPECIFIED.,.F.,.F.,.F.,(4,4),(4,4),(0.,1.),(0.,1.),
  .PIECEWISE_BEZIER_KNOTS.);
#622 = CARTESIAN_POINT('',(25.448276068445,-19.40065063713,0.));
#623 = CARTESIAN_POINT('',(24.124534197759,-19.17083441596,0.));
#624 = CARTESIAN_POINT('',(22.76435541426,-18.83396339215,0.));
#625 = CARTESIAN_POINT('',(21.641507076106,-18.06557972716,0.));
#626 = CARTESIAN_POINT('',(24.036185502769,-21.25328193899,
    6.000000986407));
#627 = CARTESIAN_POINT('',(22.729164003643,-20.92710278981,
    6.000000986407));
#628 = CARTESIAN_POINT('',(21.393498362967,-20.49121569477,
    6.000000986407));
#629 = CARTESIAN_POINT('',(20.326576608908,-19.64108940926,
    6.000000986407));
#630 = CARTESIAN_POINT('',(22.420907209386,-22.95088509426,
    11.999999013593));
#631 = CARTESIAN_POINT('',(21.141177743475,-22.530182669,11.999999013593
    ));
#632 = CARTESIAN_POINT('',(19.840887582362,-21.99797428856,
    11.999999013593));
#633 = CARTESIAN_POINT('',(18.838857892995,-21.07224580124,
    11.999999013593));
#634 = CARTESIAN_POINT('',(20.6406999486,-24.45325143272,18.));
#635 = CARTESIAN_POINT('',(19.398187750648,-23.94210421942,18.));
#636 = CARTESIAN_POINT('',(18.143297518026,-23.31855076234,18.));
#637 = CARTESIAN_POINT('',(17.213588369482,-22.32515117193,18.));
#638 = DEFINITIONAL_REPRESENTATION('',(#639),#643);
#639 = LINE('',#640,#641);
#640 = CARTESIAN_POINT('',(0.,0.));
#641 = VECTOR('',#642,1.);
#642 = DIRECTION('',(1.,0.));
#643 = ( GEOMETRIC_REPRESENTATION_CONTEXT(2) 
PARAMETRIC_REPRESENTATION_CONTEXT() REPRESENTATION_CONTEXT('2D SPACE',''
  ) );
#644 = ADVANCED_FACE('',(#645),#621,.T.);
#645 = FACE_BOUND('',#646,.T.);
#646 = EDGE_LOOP('',(#647,#672,#673,#698));
#647 = ORIENTED_EDGE('',*,*,#648,.F.);
#648 = EDGE_CURVE('',#556,#649,#651,.T.);
#649 = VERTEX_POINT('',#650);
#650 = CARTESIAN_POINT('',(21.641507076106,-18.06557972716,0.));
#651 = SURFACE_CURVE('',#652,(#657,#664),.PCURVE_S1.);
#652 = B_SPLINE_CURVE_WITH_KNOTS('',3,(#653,#654,#655,#656),
  .UNSPECIFIED.,.F.,.F.,(4,4),(0.,1.),.PIECEWISE_BEZIER_KNOTS.);
#653 = CARTESIAN_POINT('',(25.448276068445,-19.40065063713,0.));
#654 = CARTESIAN_POINT('',(24.124534197759,-19.17083441596,0.));
#655 = CARTESIAN_POINT('',(22.76435541426,-18.83396339215,0.));
#656 = CARTESIAN_POINT('',(21.641507076106,-18.06557972716,0.));
#657 = PCURVE('',#621,#658);
#658 = DEFINITIONAL_REPRESENTATION('',(#659),#663);
#659 = LINE('',#660,#661);
#660 = CARTESIAN_POINT('',(0.,0.));
#661 = VECTOR('',#662,1.);
#662 = DIRECTION('',(0.,1.));
#663 = ( GEOMETRIC_REPRESENTATION_CONTEXT(2) 
PARAMETRIC_REPRESENTATION_CONTEXT() REPRESENTATION_CONTEXT('2D SPACE',''
  ) );
#664 = PCURVE('',#57,#665);
#665 = DEFINITIONAL_REPRESENTATION('',(#666),#671);
#666 = B_SPLINE_CURVE_WITH_KNOTS('',3,(#667,#668,#669,#670),
  .UNSPECIFIED.,.F.,.F.,(4,4),(0.,1.),.PIECEWISE_BEZIER_KNOTS.);
#667 = CARTESIAN_POINT('',(25.448276068445,-19.40065063713));
#668 = CARTESIAN_POINT('',(24.124534197759,-19.17083441596));
#669 = CARTESIAN_POINT('',(22.76435541426,-18.83396339215));
#670 = CARTESIAN_POINT('',(21.641507076106,-18.06557972716));
#671 = ( GEOMETRIC_REPRESENTATION_CONTEXT(2) 
PARAMETRIC_REPRESENTATION_CONTEXT() REPRESENTATION_CONTEXT('2D SPACE',''
  ) );
#672 = ORIENTED_EDGE('',*,*,#606,.T.);
#673 = ORIENTED_EDGE('',*,*,#674,.T.);
#674 = EDGE_CURVE('',#582,#675,#677,.T.);
#675 = VERTEX_POINT('',#676);
#676 = CARTESIAN_POINT('',(17.213588369482,-22.32515117193,18.));
#677 = SURFACE_CURVE('',#678,(#683,#690),.PCURVE_S1.);
#678 = B_SPLINE_CURVE_WITH_KNOTS('',3,(#679,#680,#681,#682),
  .UNSPECIFIED.,.F.,.F.,(4,4),(0.,1.),.PIECEWISE_BEZIER_KNOTS.);
#679 = CARTESIAN_POINT('',(20.6406999486,-24.45325143272,18.));
#680 = CARTESIAN_POINT('',(19.398187750648,-23.94210421942,18.));
#681 = CARTESIAN_POINT('',(18.143297518026,-23.31855076234,18.));
#682 = CARTESIAN_POINT('',(17.213588369482,-22.32515117193,18.));
#683 = PCURVE('',#621,#684);
#684 = DEFINITIONAL_REPRESENTATION('',(#685),#689);
#685 = LINE('',#686,#687);
#686 = CARTESIAN_POINT('',(1.,0.));
#687 = VECTOR('',#688,1.);
#688 = DIRECTION('',(0.,1.));
#689 = ( GEOMETRIC_REPRESENTATION_CONTEXT(2) 
PARAMETRIC_REPRESENTATION_CONTEXT() REPRESENTATION_CONTEXT('2D SPACE',''
  ) );
#690 = PCURVE('',#128,#691);
#691 = DEFINITIONAL_REPRESENTATION('',(#692),#697);
#692 = B_SPLINE_CURVE_WITH_KNOTS('',3,(#693,#694,#695,#696),
  .UNSPECIFIED.,.F.,.F.,(4,4),(0.,1.),.PIECEWISE_BEZIER_KNOTS.);
#693 = CARTESIAN_POINT('',(-20.6406999486,-24.45325143272));
#694 = CARTESIAN_POINT('',(-19.39818775064,-23.94210421942));
#695 = CARTESIAN_POINT('',(-18.14329751802,-23.31855076234));
#696 = CARTESIAN_POINT('',(-17.21358836948,-22.32515117193));
#697 = ( GEOMETRIC_REPRESENTATION_CONTEXT(2) 
PARAMETRIC_REPRESENTATION_CONTEXT() REPRESENTATION_CONTEXT('2D SPACE',''
  ) );
#698 = ORIENTED_EDGE('',*,*,#699,.F.);
#699 = EDGE_CURVE('',#649,#675,#700,.T.);
#700 = SURFACE_CURVE('',#701,(#706,#713),.PCURVE_S1.);
#701 = B_SPLINE_CURVE_WITH_KNOTS('',3,(#702,#703,#704,#705),
  .UNSPECIFIED.,.F.,.F.,(4,4),(0.,1.),.PIECEWISE_BEZIER_KNOTS.);
#702 = CARTESIAN_POINT('',(21.641507076106,-18.06557972716,0.));
#703 = CARTESIAN_POINT('',(20.32657664207,-19.64108937642,6.000000849768
    ));
#704 = CARTESIAN_POINT('',(18.838857858898,-21.0722458331,
    11.999999150232));
#705 = CARTESIAN_POINT('',(17.213588369482,-22.32515117193,18.));
#706 = PCURVE('',#621,#707);
#707 = DEFINITIONAL_REPRESENTATION('',(#708),#712);
#708 = LINE('',#709,#710);
#709 = CARTESIAN_POINT('',(0.,1.));
#710 = VECTOR('',#711,1.);
#711 = DIRECTION('',(1.,0.));
#712 = ( GEOMETRIC_REPRESENTATION_CONTEXT(2) 
PARAMETRIC_REPRESENTATION_CONTEXT() REPRESENTATION_CONTEXT('2D SPACE',''
  ) );
#713 = PCURVE('',#714,#731);
#714 = B_SPLINE_SURFACE_WITH_KNOTS('',3,3,(
    (#715,#716,#717,#718)
    ,(#719,#720,#721,#722)
    ,(#723,#724,#725,#726)
    ,(#727,#728,#729,#730
    )),.UNSPECIFIED.,.F.,.F.,.F.,(4,4),(4,4),(0.,1.),(0.,1.),
  .PIECEWISE_BEZIER_KNOTS.);
#715 = CARTESIAN_POINT('',(21.641507076106,-18.06557972716,0.));
#716 = CARTESIAN_POINT('',(20.736111784569,-17.75124532082,0.));
#717 = CARTESIAN_POINT('',(19.821516040605,-18.76700680008,0.));
#718 = CARTESIAN_POINT('',(20.228768068644,-19.63458534903,0.));
#719 = CARTESIAN_POINT('',(20.32657664207,-19.64108937642,6.000000849768
    ));
#720 = CARTESIAN_POINT('',(19.444057047842,-19.26084487106,
    6.000000849768));
#721 = CARTESIAN_POINT('',(18.455513041175,-20.21003557676,
    6.000000849768));
#722 = CARTESIAN_POINT('',(18.79961274788,-21.10726582028,6.000000849768
    ));
#723 = CARTESIAN_POINT('',(18.838857858898,-21.0722458331,
    11.999999150232));
#724 = CARTESIAN_POINT('',(17.986444133081,-20.62860458379,
    11.999999150232));
#725 = CARTESIAN_POINT('',(16.931259698855,-21.50311476593,
    11.999999150232));
#726 = CARTESIAN_POINT('',(17.208957194984,-22.42306629655,
    11.999999150232));
#727 = CARTESIAN_POINT('',(17.213588369482,-22.32515117193,18.));
#728 = CARTESIAN_POINT('',(16.397797604973,-21.82212812923,18.));
#729 = CARTESIAN_POINT('',(15.284859002707,-22.61561689739,18.));
#730 = CARTESIAN_POINT('',(15.494477181058,-23.55082113832,18.));
#731 = DEFINITIONAL_REPRESENTATION('',(#732),#736);
#732 = LINE('',#733,#734);
#733 = CARTESIAN_POINT('',(0.,0.));
#734 = VECTOR('',#735,1.);
#735 = DIRECTION('',(1.,0.));
#736 = ( GEOMETRIC_REPRESENTATION_CONTEXT(2) 
PARAMETRIC_REPRESENTATION_CONTEXT() REPRESENTATION_CONTEXT('2D SPACE',''
  ) );
#737 = ADVANCED_FACE('',(#738),#714,.T.);
#738 = FACE_BOUND('',#739,.T.);
#739 = EDGE_LOOP('',(#740,#765,#766,#791));
#740 = ORIENTED_EDGE('',*,*,#741,.F.);
#741 = EDGE_CURVE('',#649,#742,#744,.T.);
#742 = VERTEX_POINT('',#743);
#743 = CARTESIAN_POINT('',(20.228768068644,-19.63458534903,0.));
#744 = SURFACE_CURVE('',#745,(#750,#757),.PCURVE_S1.);
#745 = B_SPLINE_CURVE_WITH_KNOTS('',3,(#746,#747,#748,#749),
  .UNSPECIFIED.,.F.,.F.,(4,4),(0.,1.),.PIECEWISE_BEZIER_KNOTS.);
#746 = CARTESIAN_POINT('',(21.641507076106,-18.06557972716,0.));
#747 = CARTESIAN_POINT('',(20.736111784569,-17.75124532082,0.));
#748 = CARTESIAN_POINT('',(19.821516040605,-18.76700680008,0.));
#749 = CARTESIAN_POINT('',(20.228768068644,-19.63458534903,0.));
#750 = PCURVE('',#714,#751);
#751 = DEFINITIONAL_REPRESENTATION('',(#752),#756);
#752 = LINE('',#753,#754);
#753 = CARTESIAN_POINT('',(0.,0.));
#754 = VECTOR('',#755,1.);
#755 = DIRECTION('',(0.,1.));
#756 = ( GEOMETRIC_REPRESENTATION_CONTEXT(2) 
PARAMETRIC_REPRESENTATION_CONTEXT() REPRESENTATION_CONTEXT('2D SPACE',''
  ) );
#757 = PCURVE('',#57,#758);
#758 = DEFINITIONAL_REPRESENTATION('',(#759),#764);
#759 = B_SPLINE_CURVE_WITH_KNOTS('',3,(#760,#761,#762,#763),
  .UNSPECIFIED.,.F.,.F.,(4,4),(0.,1.),.PIECEWISE_BEZIER_KNOTS.);
#760 = CARTESIAN_POINT('',(21.641507076106,-18.06557972716));
#761 = CARTESIAN_POINT('',(20.736111784569,-17.75124532082));
#762 = CARTESIAN_POINT('',(19.821516040605,-18.76700680008));
#763 = CARTESIAN_POINT('',(20.228768068644,-19.63458534903));
#764 = ( GEOMETRIC_REPRESENTATION_CONTEXT(2) 
PARAMETRIC_REPRESENTATION_CONTEXT() REPRESENTATION_CONTEXT('2D SPACE',''
  ) );
#765 = ORIENTED_EDGE('',*,*,#699,.T.);
#766 = ORIENTED_EDGE('',*,*,#767,.T.);
#767 = EDGE_CURVE('',#675,#768,#770,.T.);
#768 = VERTEX_POINT('',#769);
#769 = CARTESIAN_POINT('',(15.494477181058,-23.55082113832,18.));
#770 = SURFACE_CURVE('',#771,(#776,#783),.PCURVE_S1.);
#771 = B_SPLINE_CURVE_WITH_KNOTS('',3,(#772,#773,#774,#775),
  .UNSPECIFIED.,.F.,.F.,(4,4),(0.,1.),.PIECEWISE_BEZIER_KNOTS.);
#772 = CARTESIAN_POINT('',(17.213588369482,-22.32515117193,18.));
#773 = CARTESIAN_POINT('',(16.397797604973,-21.82212812923,18.));
#774 = CARTESIAN_POINT('',(15.284859002707,-22.61561689739,18.));
#775 = CARTESIAN_POINT('',(15.494477181058,-23.55082113832,18.));
#776 = PCURVE('',#714,#777);
#777 = DEFINITIONAL_REPRESENTATION('',(#778),#782);
#778 = LINE('',#779,#780);
#779 = CARTESIAN_POINT('',(1.,0.));
#780 = VECTOR('',#781,1.);
#781 = DIRECTION('',(0.,1.));
#782 = ( GEOMETRIC_REPRESENTATION_CONTEXT(2) 
PARAMETRIC_REPRESENTATION_CONTEXT() REPRESENTATION_CONTEXT('2D SPACE',''
  ) );
#783 = PCURVE('',#128,#784);
#784 = DEFINITIONAL_REPRESENTATION('',(#785),#790);
#785 = B_SPLINE_CURVE_WITH_KNOTS('',3,(#786,#787,#788,#789),
  .UNSPECIFIED.,.F.,.F.,(4,4),(0.,1.),.PIECEWISE_BEZIER_KNOTS.);
#786 = CARTESIAN_POINT('',(-17.21358836948,-22.32515117193));
#787 = CARTESIAN_POINT('',(-16.39779760497,-21.82212812923));
#788 = CARTESIAN_POINT('',(-15.2848590027,-22.61561689739));
#789 = CARTESIAN_POINT('',(-15.49447718105,-23.55082113832));
#790 = ( GEOMETRIC_REPRESENTATION_CONTEXT(2) 
PARAMETRIC_REPRESENTATION_CONTEXT() REPRESENTATION_CONTEXT('2D SPACE',''
  ) );
#791 = ORIENTED_EDGE('',*,*,#792,.F.);
#792 = EDGE_CURVE('',#742,#768,#793,.T.);
#793 = SURFACE_CURVE('',#794,(#799,#806),.PCURVE_S1.);
#794 = B_SPLINE_CURVE_WITH_KNOTS('',3,(#795,#796,#797,#798),
  .UNSPECIFIED.,.F.,.F.,(4,4),(0.,1.),.PIECEWISE_BEZIER_KNOTS.);
#795 = CARTESIAN_POINT('',(20.228768068644,-19.63458534903,0.));
#796 = CARTESIAN_POINT('',(18.79961274788,-21.10726582028,6.000000849768
    ));
#797 = CARTESIAN_POINT('',(17.208957194984,-22.42306629655,
    11.999999150232));
#798 = CARTESIAN_POINT('',(15.494477181058,-23.55082113832,18.));
#799 = PCURVE('',#714,#800);
#800 = DEFINITIONAL_REPRESENTATION('',(#801),#805);
#801 = LINE('',#802,#803);
#802 = CARTESIAN_POINT('',(0.,1.));
#803 = VECTOR('',#804,1.);
#804 = DIRECTION('',(1.,0.));
#805 = ( GEOMETRIC_REPRESENTATION_CONTEXT(2) 
PARAMETRIC_REPRESENTATION_CONTEXT() REPRESENTATION_CONTEXT('2D SPACE',''
  ) );
#806 = PCURVE('',#807,#824);
#807 = B_SPLINE_SURFACE_WITH_KNOTS('',3,3,(
    (#808,#809,#810,#811)
    ,(#812,#813,#814,#815)
    ,(#816,#817,#818,#819)
    ,(#820,#821,#822,#823
    )),.UNSPECIFIED.,.F.,.F.,.F.,(4,4),(4,4),(0.,1.),(0.,1.),
  .PIECEWISE_BEZIER_KNOTS.);
#808 = CARTESIAN_POINT('',(20.228768068644,-19.63458534903,0.));
#809 = CARTESIAN_POINT('',(21.110312058791,-20.6709646428,0.));
#810 = CARTESIAN_POINT('',(21.587515065896,-21.98847961417,0.));
#811 = CARTESIAN_POINT('',(21.954441033268,-23.28094755195,0.));
#812 = CARTESIAN_POINT('',(18.799612712354,-21.10726585055,
    6.000000986407));
#813 = CARTESIAN_POINT('',(19.60571981803,-22.20782392025,6.000000986407
    ));
#814 = CARTESIAN_POINT('',(19.987018003031,-23.56008571348,
    6.000000986407));
#815 = CARTESIAN_POINT('',(20.259861687082,-24.87927272092,
    6.000000986407));
#816 = CARTESIAN_POINT('',(17.208957231371,-22.42306626733,
    11.999999013593));
#817 = CARTESIAN_POINT('',(17.932590051683,-23.57952304213,
    11.999999013593));
#818 = CARTESIAN_POINT('',(18.214176266391,-24.95600750154,
    11.999999013593));
#819 = CARTESIAN_POINT('',(18.390011194369,-26.29158981448,
    11.999999013593));
#820 = CARTESIAN_POINT('',(15.494477181058,-23.55082113832,18.));
#821 = CARTESIAN_POINT('',(16.130551764205,-24.75357255561,18.));
#822 = CARTESIAN_POINT('',(16.310980593631,-26.14318179826,18.));
#823 = CARTESIAN_POINT('',(16.389177998857,-27.48444732065,18.));
#824 = DEFINITIONAL_REPRESENTATION('',(#825),#829);
#825 = LINE('',#826,#827);
#826 = CARTESIAN_POINT('',(0.,0.));
#827 = VECTOR('',#828,1.);
#828 = DIRECTION('',(1.,0.));
#829 = ( GEOMETRIC_REPRESENTATION_CONTEXT(2) 
PARAMETRIC_REPRESENTATION_CONTEXT() REPRESENTATION_CONTEXT('2D SPACE',''
  ) );
#830 = ADVANCED_FACE('',(#831),#807,.T.);
#831 = FACE_BOUND('',#832,.T.);
#832 = EDGE_LOOP('',(#833,#858,#859,#884));
#833 = ORIENTED_EDGE('',*,*,#834,.F.);
#834 = EDGE_CURVE('',#742,#835,#837,.T.);
#835 = VERTEX_POINT('',#836);
#836 = CARTESIAN_POINT('',(21.954441033268,-23.28094755195,0.));
#837 = SURFACE_CURVE('',#838,(#843,#850),.PCURVE_S1.);
#838 = B_SPLINE_CURVE_WITH_KNOTS('',3,(#839,#840,#841,#842),
  .UNSPECIFIED.,.F.,.F.,(4,4),(0.,1.),.PIECEWISE_BEZIER_KNOTS.);
#839 = CARTESIAN_POINT('',(20.228768068644,-19.63458534903,0.));
#840 = CARTESIAN_POINT('',(21.110312058791,-20.6709646428,0.));
#841 = CARTESIAN_POINT('',(21.587515065896,-21.98847961417,0.));
#842 = CARTESIAN_POINT('',(21.954441033268,-23.28094755195,0.));
#843 = PCURVE('',#807,#844);
#844 = DEFINITIONAL_REPRESENTATION('',(#845),#849);
#845 = LINE('',#846,#847);
#846 = CARTESIAN_POINT('',(0.,0.));
#847 = VECTOR('',#848,1.);
#848 = DIRECTION('',(0.,1.));
#849 = ( GEOMETRIC_REPRESENTATION_CONTEXT(2) 
PARAMETRIC_REPRESENTATION_CONTEXT() REPRESENTATION_CONTEXT('2D SPACE',''
  ) );
#850 = PCURVE('',#57,#851);
#851 = DEFINITIONAL_REPRESENTATION('',(#852),#857);
#852 = B_SPLINE_CURVE_WITH_KNOTS('',3,(#853,#854,#855,#856),
  .UNSPECIFIED.,.F.,.F.,(4,4),(0.,1.),.PIECEWISE_BEZIER_KNOTS.);
#853 = CARTESIAN_POINT('',(20.228768068644,-19.63458534903));
#854 = CARTESIAN_POINT('',(21.110312058791,-20.6709646428));
#855 = CARTESIAN_POINT('',(21.587515065896,-21.98847961417));
#856 = CARTESIAN_POINT('',(21.954441033268,-23.28094755195));
#857 = ( GEOMETRIC_REPRESENTATION_CONTEXT(2) 
PARAMETRIC_REPRESENTATION_CONTEXT() REPRESENTATION_CONTEXT('2D SPACE',''
  ) );
#858 = ORIENTED_EDGE('',*,*,#792,.T.);
#859 = ORIENTED_EDGE('',*,*,#860,.T.);
#860 = EDGE_CURVE('',#768,#861,#863,.T.);
#861 = VERTEX_POINT('',#862);
#862 = CARTESIAN_POINT('',(16.389177998857,-27.48444732065,18.));
#863 = SURFACE_CURVE('',#864,(#869,#876),.PCURVE_S1.);
#864 = B_SPLINE_CURVE_WITH_KNOTS('',3,(#865,#866,#867,#868),
  .UNSPECIFIED.,.F.,.F.,(4,4),(0.,1.),.PIECEWISE_BEZIER_KNOTS.);
#865 = CARTESIAN_POINT('',(15.494477181058,-23.55082113832,18.));
#866 = CARTESIAN_POINT('',(16.130551764205,-24.75357255561,18.));
#867 = CARTESIAN_POINT('',(16.310980593631,-26.14318179826,18.));
#868 = CARTESIAN_POINT('',(16.389177998857,-27.48444732065,18.));
#869 = PCURVE('',#807,#870);
#870 = DEFINITIONAL_REPRESENTATION('',(#871),#875);
#871 = LINE('',#872,#873);
#872 = CARTESIAN_POINT('',(1.,0.));
#873 = VECTOR('',#874,1.);
#874 = DIRECTION('',(0.,1.));
#875 = ( GEOMETRIC_REPRESENTATION_CONTEXT(2) 
PARAMETRIC_REPRESENTATION_CONTEXT() REPRESENTATION_CONTEXT('2D SPACE',''
  ) );
#876 = PCURVE('',#128,#877);
#877 = DEFINITIONAL_REPRESENTATION('',(#878),#883);
#878 = B_SPLINE_CURVE_WITH_KNOTS('',3,(#879,#880,#881,#882),
  .UNSPECIFIED.,.F.,.F.,(4,4),(0.,1.),.PIECEWISE_BEZIER_KNOTS.);
#879 = CARTESIAN_POINT('',(-15.49447718105,-23.55082113832));
#880 = CARTESIAN_POINT('',(-16.1305517642,-24.75357255561));
#881 = CARTESIAN_POINT('',(-16.31098059363,-26.14318179826));
#882 = CARTESIAN_POINT('',(-16.38917799885,-27.48444732065));
#883 = ( GEOMETRIC_REPRESENTATION_CONTEXT(2) 
PARAMETRIC_REPRESENTATION_CONTEXT() REPRESENTATION_CONTEXT('2D SPACE',''
  ) );
#884 = ORIENTED_EDGE('',*,*,#885,.F.);
#885 = EDGE_CURVE('',#835,#861,#886,.T.);
#886 = SURFACE_CURVE('',#887,(#892,#899),.PCURVE_S1.);
#887 = B_SPLINE_CURVE_WITH_KNOTS('',3,(#888,#889,#890,#891),
  .UNSPECIFIED.,.F.,.F.,(4,4),(0.,1.),.PIECEWISE_BEZIER_KNOTS.);
#888 = CARTESIAN_POINT('',(21.954441033268,-23.28094755195,0.));
#889 = CARTESIAN_POINT('',(20.259861687082,-24.87927272092,
    6.000000986407));
#890 = CARTESIAN_POINT('',(18.390011194369,-26.29158981448,
    11.999999013593));
#891 = CARTESIAN_POINT('',(16.389177998857,-27.48444732065,18.));
#892 = PCURVE('',#807,#893);
#893 = DEFINITIONAL_REPRESENTATION('',(#894),#898);
#894 = LINE('',#895,#896);
#895 = CARTESIAN_POINT('',(0.,1.));
#896 = VECTOR('',#897,1.);
#897 = DIRECTION('',(1.,0.));
#898 = ( GEOMETRIC_REPRESENTATION_CONTEXT(2) 
PARAMETRIC_REPRESENTATION_CONTEXT() REPRESENTATION_CONTEXT('2D SPACE',''
  ) );
#899 = PCURVE('',#900,#917);
#900 = B_SPLINE_SURFACE_WITH_KNOTS('',3,3,(
    (#901,#902,#903,#904)
    ,(#905,#906,#907,#908)
    ,(#909,#910,#911,#912)
    ,(#913,#914,#915,#916
    )),.UNSPECIFIED.,.F.,.F.,.F.,(4,4),(4,4),(0.,1.),(0.,1.),
  .PIECEWISE_BEZIER_KNOTS.);
#901 = CARTESIAN_POINT('',(21.954441033268,-23.28094755195,0.));
#902 = CARTESIAN_POINT('',(21.596787783895,-23.61822295287,0.));
#903 = CARTESIAN_POINT('',(21.231360817752,-23.94725487108,0.));
#904 = CARTESIAN_POINT('',(20.858548102229,-24.26769397917,0.));
#905 = CARTESIAN_POINT('',(20.259861654287,-24.87927274644,
    6.000001093596));
#906 = CARTESIAN_POINT('',(19.877654112237,-25.19051519403,
    6.000001093596));
#907 = CARTESIAN_POINT('',(19.48827288208,-25.4929482175,6.000001093596)
  );
#908 = CARTESIAN_POINT('',(19.092131363027,-25.78625072902,
    6.000001093596));
#909 = CARTESIAN_POINT('',(18.390011227888,-26.29158978991,
    11.999998906404));
#910 = CARTESIAN_POINT('',(17.986106940928,-26.5741066803,
    11.999998906404));
#911 = CARTESIAN_POINT('',(17.5756910552,-26.84731406824,11.999998906404
    ));
#912 = CARTESIAN_POINT('',(17.15919930204,-27.11092189424,
    11.999998906404));
#913 = CARTESIAN_POINT('',(16.389177998857,-27.48444732065,18.));
#914 = CARTESIAN_POINT('',(15.966948411873,-27.73622642766,18.));
#915 = CARTESIAN_POINT('',(15.538915694255,-27.97827366155,18.));
#916 = CARTESIAN_POINT('',(15.10553428082,-28.21033204503,18.));
#917 = DEFINITIONAL_REPRESENTATION('',(#918),#922);
#918 = LINE('',#919,#920);
#919 = CARTESIAN_POINT('',(0.,0.));
#920 = VECTOR('',#921,1.);
#921 = DIRECTION('',(1.,0.));
#922 = ( GEOMETRIC_REPRESENTATION_CONTEXT(2) 
PARAMETRIC_REPRESENTATION_CONTEXT() REPRESENTATION_CONTEXT('2D SPACE',''
  ) );
#923 = ADVANCED_FACE('',(#924),#900,.T.);
#924 = FACE_BOUND('',#925,.T.);
#925 = EDGE_LOOP('',(#926,#951,#952,#977));
#926 = ORIENTED_EDGE('',*,*,#927,.F.);
#927 = EDGE_CURVE('',#835,#928,#930,.T.);
#928 = VERTEX_POINT('',#929);
#929 = CARTESIAN_POINT('',(20.858548102229,-24.26769397917,0.));
#930 = SURFACE_CURVE('',#931,(#936,#943),.PCURVE_S1.);
#931 = B_SPLINE_CURVE_WITH_KNOTS('',3,(#932,#933,#934,#935),
  .UNSPECIFIED.,.F.,.F.,(4,4),(0.,1.),.PIECEWISE_BEZIER_KNOTS.);
#932 = CARTESIAN_POINT('',(21.954441033268,-23.28094755195,0.));
#933 = CARTESIAN_POINT('',(21.596787783895,-23.61822295287,0.));
#934 = CARTESIAN_POINT('',(21.231360817752,-23.94725487108,0.));
#935 = CARTESIAN_POINT('',(20.858548102229,-24.26769397917,0.));
#936 = PCURVE('',#900,#937);
#937 = DEFINITIONAL_REPRESENTATION('',(#938),#942);
#938 = LINE('',#939,#940);
#939 = CARTESIAN_POINT('',(0.,0.));
#940 = VECTOR('',#941,1.);
#941 = DIRECTION('',(0.,1.));
#942 = ( GEOMETRIC_REPRESENTATION_CONTEXT(2) 
PARAMETRIC_REPRESENTATION_CONTEXT() REPRESENTATION_CONTEXT('2D SPACE',''
  ) );
#943 = PCURVE('',#57,#944);
#944 = DEFINITIONAL_REPRESENTATION('',(#945),#950);
#945 = B_SPLINE_CURVE_WITH_KNOTS('',3,(#946,#947,#948,#949),
  .UNSPECIFIED.,.F.,.F.,(4,4),(0.,1.),.PIECEWISE_BEZIER_KNOTS.);
#946 = CARTESIAN_POINT('',(21.954441033268,-23.28094755195));
#947 = CARTESIAN_POINT('',(21.596787783895,-23.61822295287));
#948 = CARTESIAN_POINT('',(21.231360817752,-23.94725487108));
#949 = CARTESIAN_POINT('',(20.858548102229,-24.26769397917));
#950 = ( GEOMETRIC_REPRESENTATION_CONTEXT(2) 
PARAMETRIC_REPRESENTATION_CONTEXT() REPRESENTATION_CONTEXT('2D SPACE',''
  ) );
#951 = ORIENTED_EDGE('',*,*,#885,.T.);
#952 = ORIENTED_EDGE('',*,*,#953,.T.);
#953 = EDGE_CURVE('',#861,#954,#956,.T.);
#954 = VERTEX_POINT('',#955);
#955 = CARTESIAN_POINT('',(15.10553428082,-28.21033204503,18.));
#956 = SURFACE_CURVE('',#957,(#962,#969),.PCURVE_S1.);
#957 = B_SPLINE_CURVE_WITH_KNOTS('',3,(#958,#959,#960,#961),
  .UNSPECIFIED.,.F.,.F.,(4,4),(0.,1.),.PIECEWISE_BEZIER_KNOTS.);
#958 = CARTESIAN_POINT('',(16.389177998857,-27.48444732065,18.));
#959 = CARTESIAN_POINT('',(15.966948411873,-27.73622642766,18.));
#960 = CARTESIAN_POINT('',(15.538915694255,-27.97827366155,18.));
#961 = CARTESIAN_POINT('',(15.10553428082,-28.21033204503,18.));
#962 = PCURVE('',#900,#963);
#963 = DEFINITIONAL_REPRESENTATION('',(#964),#968);
#964 = LINE('',#965,#966);
#965 = CARTESIAN_POINT('',(1.,0.));
#966 = VECTOR('',#967,1.);
#967 = DIRECTION('',(0.,1.));
#968 = ( GEOMETRIC_REPRESENTATION_CONTEXT(2) 
PARAMETRIC_REPRESENTATION_CONTEXT() REPRESENTATION_CONTEXT('2D SPACE',''
  ) );
#969 = PCURVE('',#128,#970);
#970 = DEFINITIONAL_REPRESENTATION('',(#971),#976);
#971 = B_SPLINE_CURVE_WITH_KNOTS('',3,(#972,#973,#974,#975),
  .UNSPECIFIED.,.F.,.F.,(4,4),(0.,1.),.PIECEWISE_BEZIER_KNOTS.);
#972 = CARTESIAN_POINT('',(-16.38917799885,-27.48444732065));
#973 = CARTESIAN_POINT('',(-15.96694841187,-27.73622642766));
#974 = CARTESIAN_POINT('',(-15.53891569425,-27.97827366155));
#975 = CARTESIAN_POINT('',(-15.10553428082,-28.21033204503));
#976 = ( GEOMETRIC_REPRESENTATION_CONTEXT(2) 
PARAMETRIC_REPRESENTATION_CONTEXT() REPRESENTATION_CONTEXT('2D SPACE',''
  ) );
#977 = ORIENTED_EDGE('',*,*,#978,.F.);
#978 = EDGE_CURVE('',#928,#954,#979,.T.);
#979 = SURFACE_CURVE('',#980,(#985,#992),.PCURVE_S1.);
#980 = B_SPLINE_CURVE_WITH_KNOTS('',3,(#981,#982,#983,#984),
  .UNSPECIFIED.,.F.,.F.,(4,4),(0.,1.),.PIECEWISE_BEZIER_KNOTS.);
#981 = CARTESIAN_POINT('',(20.858548102229,-24.26769397917,0.));
#982 = CARTESIAN_POINT('',(19.092131396963,-25.78625070503,
    6.000000986407));
#983 = CARTESIAN_POINT('',(17.159199267424,-27.11092191724,
    11.999999013593));
#984 = CARTESIAN_POINT('',(15.10553428082,-28.21033204503,18.));
#985 = PCURVE('',#900,#986);
#986 = DEFINITIONAL_REPRESENTATION('',(#987),#991);
#987 = LINE('',#988,#989);
#988 = CARTESIAN_POINT('',(0.,1.));
#989 = VECTOR('',#990,1.);
#990 = DIRECTION('',(1.,0.));
#991 = ( GEOMETRIC_REPRESENTATION_CONTEXT(2) 
PARAMETRIC_REPRESENTATION_CONTEXT() REPRESENTATION_CONTEXT('2D SPACE',''
  ) );
#992 = PCURVE('',#993,#1010);
#993 = B_SPLINE_SURFACE_WITH_KNOTS('',3,3,(
    (#994,#995,#996,#997)
    ,(#998,#999,#1000,#1001)
    ,(#1002,#1003,#1004,#1005)
    ,(#1006,#1007,#1008,#1009
    )),.UNSPECIFIED.,.F.,.F.,.F.,(4,4),(4,4),(0.,1.),(0.,1.),
  .PIECEWISE_BEZIER_KNOTS.);
#994 = CARTESIAN_POINT('',(20.858548102229,-24.26769397917,0.));
#995 = CARTESIAN_POINT('',(19.611514646548,-23.76767838328,0.));
#996 = CARTESIAN_POINT('',(18.351098457048,-23.15537172889,0.));
#997 = CARTESIAN_POINT('',(17.41254299608,-22.17032579402,0.));
#998 = CARTESIAN_POINT('',(19.092131396963,-25.78625070503,
    6.000000986407));
#999 = CARTESIAN_POINT('',(17.8814879119,-25.19545430304,6.000000986407)
  );
#1000 = CARTESIAN_POINT('',(16.665635793026,-24.49139188511,
    6.000000986407));
#1001 = CARTESIAN_POINT('',(15.798780032553,-23.43801739276,
    6.000000986407));
#1002 = CARTESIAN_POINT('',(17.159199267424,-27.11092191724,
    11.999999013593));
#1003 = CARTESIAN_POINT('',(15.99490391332,-26.43334213231,
    11.999999013593));
#1004 = CARTESIAN_POINT('',(14.833680556216,-25.64241825593,
    11.999999013593));
#1005 = CARTESIAN_POINT('',(14.046017394734,-24.52858547016,
    11.999999013593));
#1006 = CARTESIAN_POINT('',(15.10553428082,-28.21033204503,18.));
#1007 = CARTESIAN_POINT('',(13.996447436884,-27.45202181278,18.));
#1008 = CARTESIAN_POINT('',(12.898623620238,-26.58118814475,18.));
#1009 = CARTESIAN_POINT('',(12.19577023571,-25.41619931778,18.));
#1010 = DEFINITIONAL_REPRESENTATION('',(#1011),#1015);
#1011 = LINE('',#1012,#1013);
#1012 = CARTESIAN_POINT('',(0.,0.));
#1013 = VECTOR('',#1014,1.);
#1014 = DIRECTION('',(1.,0.));
#1015 = ( GEOMETRIC_REPRESENTATION_CONTEXT(2) 
PARAMETRIC_REPRESENTATION_CONTEXT() REPRESENTATION_CONTEXT('2D SPACE',''
  ) );
#1016 = ADVANCED_FACE('',(#1017),#993,.T.);
#1017 = FACE_BOUND('',#1018,.T.);
#1018 = EDGE_LOOP('',(#1019,#1044,#1045,#1070));
#1019 = ORIENTED_EDGE('',*,*,#1020,.F.);
#1020 = EDGE_CURVE('',#928,#1021,#1023,.T.);
#1021 = VERTEX_POINT('',#1022);
#1022 = CARTESIAN_POINT('',(17.41254299608,-22.17032579402,0.));
#1023 = SURFACE_CURVE('',#1024,(#1029,#1036),.PCURVE_S1.);
#1024 = B_SPLINE_CURVE_WITH_KNOTS('',3,(#1025,#1026,#1027,#1028),
  .UNSPECIFIED.,.F.,.F.,(4,4),(0.,1.),.PIECEWISE_BEZIER_KNOTS.);
#1025 = CARTESIAN_POINT('',(20.858548102229,-24.26769397917,0.));
#1026 = CARTESIAN_POINT('',(19.611514646548,-23.76767838328,0.));
#1027 = CARTESIAN_POINT('',(18.351098457048,-23.15537172889,0.));
#1028 = CARTESIAN_POINT('',(17.41254299608,-22.17032579402,0.));
#1029 = PCURVE('',#993,#1030);
#1030 = DEFINITIONAL_REPRESENTATION('',(#1031),#1035);
#1031 = LINE('',#1032,#1033);
#1032 = CARTESIAN_POINT('',(0.,0.));
#1033 = VECTOR('',#1034,1.);
#1034 = DIRECTION('',(0.,1.));
#1035 = ( GEOMETRIC_REPRESENTATION_CONTEXT(2) 
PARAMETRIC_REPRESENTATION_CONTEXT() REPRESENTATION_CONTEXT('2D SPACE',''
  ) );
#1036 = PCURVE('',#57,#1037);
#1037 = DEFINITIONAL_REPRESENTATION('',(#1038),#1043);
#1038 = B_SPLINE_CURVE_WITH_KNOTS('',3,(#1039,#1040,#1041,#1042),
  .UNSPECIFIED.,.F.,.F.,(4,4),(0.,1.),.PIECEWISE_BEZIER_KNOTS.);
#1039 = CARTESIAN_POINT('',(20.858548102229,-24.26769397917));
#1040 = CARTESIAN_POINT('',(19.611514646548,-23.76767838328));
#1041 = CARTESIAN_POINT('',(18.351098457048,-23.15537172889));
#1042 = CARTESIAN_POINT('',(17.41254299608,-22.17032579402));
#1043 = ( GEOMETRIC_REPRESENTATION_CONTEXT(2) 
PARAMETRIC_REPRESENTATION_CONTEXT() REPRESENTATION_CONTEXT('2D SPACE',''
  ) );
#1044 = ORIENTED_EDGE('',*,*,#978,.T.);
#1045 = ORIENTED_EDGE('',*,*,#1046,.T.);
#1046 = EDGE_CURVE('',#954,#1047,#1049,.T.);
#1047 = VERTEX_POINT('',#1048);
#1048 = CARTESIAN_POINT('',(12.19577023571,-25.41619931778,18.));
#1049 = SURFACE_CURVE('',#1050,(#1055,#1062),.PCURVE_S1.);
#1050 = B_SPLINE_CURVE_WITH_KNOTS('',3,(#1051,#1052,#1053,#1054),
  .UNSPECIFIED.,.F.,.F.,(4,4),(0.,1.),.PIECEWISE_BEZIER_KNOTS.);
#1051 = CARTESIAN_POINT('',(15.10553428082,-28.21033204503,18.));
#1052 = CARTESIAN_POINT('',(13.996447436884,-27.45202181278,18.));
#1053 = CARTESIAN_POINT('',(12.898623620238,-26.58118814475,18.));
#1054 = CARTESIAN_POINT('',(12.19577023571,-25.41619931778,18.));
#1055 = PCURVE('',#993,#1056);
#1056 = DEFINITIONAL_REPRESENTATION('',(#1057),#1061);
#1057 = LINE('',#1058,#1059);
#1058 = CARTESIAN_POINT('',(1.,0.));
#1059 = VECTOR('',#1060,1.);
#1060 = DIRECTION('',(0.,1.));
#1061 = ( GEOMETRIC_REPRESENTATION_CONTEXT(2) 
PARAMETRIC_REPRESENTATION_CONTEXT() REPRESENTATION_CONTEXT('2D SPACE',''
  ) );
#1062 = PCURVE('',#128,#1063);
#1063 = DEFINITIONAL_REPRESENTATION('',(#1064),#1069);
#1064 = B_SPLINE_CURVE_WITH_KNOTS('',3,(#1065,#1066,#1067,#1068),
  .UNSPECIFIED.,.F.,.F.,(4,4),(0.,1.),.PIECEWISE_BEZIER_KNOTS.);
#1065 = CARTESIAN_POINT('',(-15.10553428082,-28.21033204503));
#1066 = CARTESIAN_POINT('',(-13.99644743688,-27.45202181278));
#1067 = CARTESIAN_POINT('',(-12.89862362023,-26.58118814475));
#1068 = CARTESIAN_POINT('',(-12.19577023571,-25.41619931778));
#1069 = ( GEOMETRIC_REPRESENTATION_CONTEXT(2) 
PARAMETRIC_REPRESENTATION_CONTEXT() REPRESENTATION_CONTEXT('2D SPACE',''
  ) );
#1070 = ORIENTED_EDGE('',*,*,#1071,.F.);
#1071 = EDGE_CURVE('',#1021,#1047,#1072,.T.);
#1072 = SURFACE_CURVE('',#1073,(#1078,#1085),.PCURVE_S1.);
#1073 = B_SPLINE_CURVE_WITH_KNOTS('',3,(#1074,#1075,#1076,#1077),
  .UNSPECIFIED.,.F.,.F.,(4,4),(0.,1.),.PIECEWISE_BEZIER_KNOTS.);
#1074 = CARTESIAN_POINT('',(17.41254299608,-22.17032579402,0.));
#1075 = CARTESIAN_POINT('',(15.798780071817,-23.43801736753,
    6.000000849768));
#1076 = CARTESIAN_POINT('',(14.046017354757,-24.52858549424,
    11.999999150232));
#1077 = CARTESIAN_POINT('',(12.19577023571,-25.41619931778,18.));
#1078 = PCURVE('',#993,#1079);
#1079 = DEFINITIONAL_REPRESENTATION('',(#1080),#1084);
#1080 = LINE('',#1081,#1082);
#1081 = CARTESIAN_POINT('',(0.,1.));
#1082 = VECTOR('',#1083,1.);
#1083 = DIRECTION('',(1.,0.));
#1084 = ( GEOMETRIC_REPRESENTATION_CONTEXT(2) 
PARAMETRIC_REPRESENTATION_CONTEXT() REPRESENTATION_CONTEXT('2D SPACE',''
  ) );
#1085 = PCURVE('',#1086,#1103);
#1086 = B_SPLINE_SURFACE_WITH_KNOTS('',3,3,(
    (#1087,#1088,#1089,#1090)
    ,(#1091,#1092,#1093,#1094)
    ,(#1095,#1096,#1097,#1098)
    ,(#1099,#1100,#1101,#1102
    )),.UNSPECIFIED.,.F.,.F.,.F.,(4,4),(4,4),(0.,1.),(0.,1.),
  .PIECEWISE_BEZIER_KNOTS.);
#1087 = CARTESIAN_POINT('',(17.41254299608,-22.17032579402,0.));
#1088 = CARTESIAN_POINT('',(16.592286561849,-21.67461808272,0.));
#1089 = CARTESIAN_POINT('',(15.486488242631,-22.47802758903,0.));
#1090 = CARTESIAN_POINT('',(15.704461113721,-23.41131992287,0.));
#1091 = CARTESIAN_POINT('',(15.798780071817,-23.43801736753,
    6.000000849768));
#1092 = CARTESIAN_POINT('',(15.014602926155,-22.88259597591,
    6.000000849768));
#1093 = CARTESIAN_POINT('',(13.850313133285,-23.60551473145,
    6.000000849768));
#1094 = CARTESIAN_POINT('',(14.000348778828,-24.55468069329,
    6.000000849768));
#1095 = CARTESIAN_POINT('',(14.046017354757,-24.52858549424,
    11.999999150232));
#1096 = CARTESIAN_POINT('',(13.304469116278,-23.91741209163,
    11.999999150232));
#1097 = CARTESIAN_POINT('',(12.090522103002,-24.55342694826,
    11.999999150232));
#1098 = CARTESIAN_POINT('',(12.170882564369,-25.51101188669,
    11.999999150232));
#1099 = CARTESIAN_POINT('',(12.19577023571,-25.41619931778,18.));
#1100 = CARTESIAN_POINT('',(11.502390828032,-24.75455609825,18.));
#1101 = CARTESIAN_POINT('',(10.248797013028,-25.29931228646,18.));
#1102 = CARTESIAN_POINT('',(10.259394636261,-26.25766214081,18.));
#1103 = DEFINITIONAL_REPRESENTATION('',(#1104),#1108);
#1104 = LINE('',#1105,#1106);
#1105 = CARTESIAN_POINT('',(0.,0.));
#1106 = VECTOR('',#1107,1.);
#1107 = DIRECTION('',(1.,0.));
#1108 = ( GEOMETRIC_REPRESENTATION_CONTEXT(2) 
PARAMETRIC_REPRESENTATION_CONTEXT() REPRESENTATION_CONTEXT('2D SPACE',''
  ) );
#1109 = ADVANCED_FACE('',(#1110),#1086,.T.);
#1110 = FACE_BOUND('',#1111,.T.);
#1111 = EDGE_LOOP('',(#1112,#1137,#1138,#1163));
#1112 = ORIENTED_EDGE('',*,*,#1113,.F.);
#1113 = EDGE_CURVE('',#1021,#1114,#1116,.T.);
#1114 = VERTEX_POINT('',#1115);
#1115 = CARTESIAN_POINT('',(15.704461113721,-23.41131992287,0.));
#1116 = SURFACE_CURVE('',#1117,(#1122,#1129),.PCURVE_S1.);
#1117 = B_SPLINE_CURVE_WITH_KNOTS('',3,(#1118,#1119,#1120,#1121),
  .UNSPECIFIED.,.F.,.F.,(4,4),(0.,1.),.PIECEWISE_BEZIER_KNOTS.);
#1118 = CARTESIAN_POINT('',(17.41254299608,-22.17032579402,0.));
#1119 = CARTESIAN_POINT('',(16.592286561849,-21.67461808272,0.));
#1120 = CARTESIAN_POINT('',(15.486488242631,-22.47802758903,0.));
#1121 = CARTESIAN_POINT('',(15.704461113721,-23.41131992287,0.));
#1122 = PCURVE('',#1086,#1123);
#1123 = DEFINITIONAL_REPRESENTATION('',(#1124),#1128);
#1124 = LINE('',#1125,#1126);
#1125 = CARTESIAN_POINT('',(0.,0.));
#1126 = VECTOR('',#1127,1.);
#1127 = DIRECTION('',(0.,1.));
#1128 = ( GEOMETRIC_REPRESENTATION_CONTEXT(2) 
PARAMETRIC_REPRESENTATION_CONTEXT() REPRESENTATION_CONTEXT('2D SPACE',''
  ) );
#1129 = PCURVE('',#57,#1130);
#1130 = DEFINITIONAL_REPRESENTATION('',(#1131),#1136);
#1131 = B_SPLINE_CURVE_WITH_KNOTS('',3,(#1132,#1133,#1134,#1135),
  .UNSPECIFIED.,.F.,.F.,(4,4),(0.,1.),.PIECEWISE_BEZIER_KNOTS.);
#1132 = CARTESIAN_POINT('',(17.41254299608,-22.17032579402));
#1133 = CARTESIAN_POINT('',(16.592286561849,-21.67461808272));
#1134 = CARTESIAN_POINT('',(15.486488242631,-22.47802758903));
#1135 = CARTESIAN_POINT('',(15.704461113721,-23.41131992287));
#1136 = ( GEOMETRIC_REPRESENTATION_CONTEXT(2) 
PARAMETRIC_REPRESENTATION_CONTEXT() REPRESENTATION_CONTEXT('2D SPACE',''
  ) );
#1137 = ORIENTED_EDGE('',*,*,#1071,.T.);
#1138 = ORIENTED_EDGE('',*,*,#1139,.T.);
#1139 = EDGE_CURVE('',#1047,#1140,#1142,.T.);
#1140 = VERTEX_POINT('',#1141);
#1141 = CARTESIAN_POINT('',(10.259394636261,-26.25766214081,18.));
#1142 = SURFACE_CURVE('',#1143,(#1148,#1155),.PCURVE_S1.);
#1143 = B_SPLINE_CURVE_WITH_KNOTS('',3,(#1144,#1145,#1146,#1147),
  .UNSPECIFIED.,.F.,.F.,(4,4),(0.,1.),.PIECEWISE_BEZIER_KNOTS.);
#1144 = CARTESIAN_POINT('',(12.19577023571,-25.41619931778,18.));
#1145 = CARTESIAN_POINT('',(11.502390828032,-24.75455609825,18.));
#1146 = CARTESIAN_POINT('',(10.248797013028,-25.29931228646,18.));
#1147 = CARTESIAN_POINT('',(10.259394636261,-26.25766214081,18.));
#1148 = PCURVE('',#1086,#1149);
#1149 = DEFINITIONAL_REPRESENTATION('',(#1150),#1154);
#1150 = LINE('',#1151,#1152);
#1151 = CARTESIAN_POINT('',(1.,0.));
#1152 = VECTOR('',#1153,1.);
#1153 = DIRECTION('',(0.,1.));
#1154 = ( GEOMETRIC_REPRESENTATION_CONTEXT(2) 
PARAMETRIC_REPRESENTATION_CONTEXT() REPRESENTATION_CONTEXT('2D SPACE',''
  ) );
#1155 = PCURVE('',#128,#1156);
#1156 = DEFINITIONAL_REPRESENTATION('',(#1157),#1162);
#1157 = B_SPLINE_CURVE_WITH_KNOTS('',3,(#1158,#1159,#1160,#1161),
  .UNSPECIFIED.,.F.,.F.,(4,4),(0.,1.),.PIECEWISE_BEZIER_KNOTS.);
#1158 = CARTESIAN_POINT('',(-12.19577023571,-25.41619931778));
#1159 = CARTESIAN_POINT('',(-11.50239082803,-24.75455609825));
#1160 = CARTESIAN_POINT('',(-10.24879701302,-25.29931228646));
#1161 = CARTESIAN_POINT('',(-10.25939463626,-26.25766214081));
#1162 = ( GEOMETRIC_REPRESENTATION_CONTEXT(2) 
PARAMETRIC_REPRESENTATION_CONTEXT() REPRESENTATION_CONTEXT('2D SPACE',''
  ) );
#1163 = ORIENTED_EDGE('',*,*,#1164,.F.);
#1164 = EDGE_CURVE('',#1114,#1140,#1165,.T.);
#1165 = SURFACE_CURVE('',#1166,(#1171,#1178),.PCURVE_S1.);
#1166 = B_SPLINE_CURVE_WITH_KNOTS('',3,(#1167,#1168,#1169,#1170),
  .UNSPECIFIED.,.F.,.F.,(4,4),(0.,1.),.PIECEWISE_BEZIER_KNOTS.);
#1167 = CARTESIAN_POINT('',(15.704461113721,-23.41131992287,0.));
#1168 = CARTESIAN_POINT('',(14.000348778828,-24.55468069329,
    6.000000849768));
#1169 = CARTESIAN_POINT('',(12.170882564369,-25.51101188669,
    11.999999150232));
#1170 = CARTESIAN_POINT('',(10.259394636261,-26.25766214081,18.));
#1171 = PCURVE('',#1086,#1172);
#1172 = DEFINITIONAL_REPRESENTATION('',(#1173),#1177);
#1173 = LINE('',#1174,#1175);
#1174 = CARTESIAN_POINT('',(0.,1.));
#1175 = VECTOR('',#1176,1.);
#1176 = DIRECTION('',(1.,0.));
#1177 = ( GEOMETRIC_REPRESENTATION_CONTEXT(2) 
PARAMETRIC_REPRESENTATION_CONTEXT() REPRESENTATION_CONTEXT('2D SPACE',''
  ) );
#1178 = PCURVE('',#1179,#1196);
#1179 = B_SPLINE_SURFACE_WITH_KNOTS('',3,3,(
    (#1180,#1181,#1182,#1183)
    ,(#1184,#1185,#1186,#1187)
    ,(#1188,#1189,#1190,#1191)
    ,(#1192,#1193,#1194,#1195
    )),.UNSPECIFIED.,.F.,.F.,.F.,(4,4),(4,4),(0.,1.),(0.,1.),
  .PIECEWISE_BEZIER_KNOTS.);
#1180 = CARTESIAN_POINT('',(15.704461113721,-23.41131992287,0.));
#1181 = CARTESIAN_POINT('',(16.351265881328,-24.60833514404,0.));
#1182 = CARTESIAN_POINT('',(16.544114092417,-25.99627533629,0.));
#1183 = CARTESIAN_POINT('',(16.634302652777,-27.33678794693,0.));
#1184 = CARTESIAN_POINT('',(14.000348737786,-24.55468071551,
    6.000000986407));
#1185 = CARTESIAN_POINT('',(14.560021580022,-25.79878804218,
    6.000000986407));
#1186 = CARTESIAN_POINT('',(14.651836448987,-27.20077602114,
    6.000000986407));
#1187 = CARTESIAN_POINT('',(14.644443442694,-28.54786301907,
    6.000000986407));
#1188 = CARTESIAN_POINT('',(12.170882606036,-25.51101186567,
    11.999999013593));
#1189 = CARTESIAN_POINT('',(12.638261429631,-26.79264900849,
    11.999999013593));
#1190 = CARTESIAN_POINT('',(12.627507098607,-28.19759904592,
    11.999999013593));
#1191 = CARTESIAN_POINT('',(12.521816434624,-29.54055381809,
    11.999999013593));
#1192 = CARTESIAN_POINT('',(10.259394636261,-26.25766214081,18.));
#1193 = CARTESIAN_POINT('',(10.631503382852,-27.56637789598,18.));
#1194 = CARTESIAN_POINT('',(10.519073402242,-28.96313410564,18.));
#1195 = CARTESIAN_POINT('',(10.316697223953,-30.29134791304,18.));
#1196 = DEFINITIONAL_REPRESENTATION('',(#1197),#1201);
#1197 = LINE('',#1198,#1199);
#1198 = CARTESIAN_POINT('',(0.,0.));
#1199 = VECTOR('',#1200,1.);
#1200 = DIRECTION('',(1.,0.));
#1201 = ( GEOMETRIC_REPRESENTATION_CONTEXT(2) 
PARAMETRIC_REPRESENTATION_CONTEXT() REPRESENTATION_CONTEXT('2D SPACE',''
  ) );
#1202 = ADVANCED_FACE('',(#1203),#1179,.T.);
#1203 = FACE_BOUND('',#1204,.T.);
#1204 = EDGE_LOOP('',(#1205,#1230,#1231,#1256));
#1205 = ORIENTED_EDGE('',*,*,#1206,.F.);
#1206 = EDGE_CURVE('',#1114,#1207,#1209,.T.);
#1207 = VERTEX_POINT('',#1208);
#1208 = CARTESIAN_POINT('',(16.634302652777,-27.33678794693,0.));
#1209 = SURFACE_CURVE('',#1210,(#1215,#1222),.PCURVE_S1.);
#1210 = B_SPLINE_CURVE_WITH_KNOTS('',3,(#1211,#1212,#1213,#1214),
  .UNSPECIFIED.,.F.,.F.,(4,4),(0.,1.),.PIECEWISE_BEZIER_KNOTS.);
#1211 = CARTESIAN_POINT('',(15.704461113721,-23.41131992287,0.));
#1212 = CARTESIAN_POINT('',(16.351265881328,-24.60833514404,0.));
#1213 = CARTESIAN_POINT('',(16.544114092417,-25.99627533629,0.));
#1214 = CARTESIAN_POINT('',(16.634302652777,-27.33678794693,0.));
#1215 = PCURVE('',#1179,#1216);
#1216 = DEFINITIONAL_REPRESENTATION('',(#1217),#1221);
#1217 = LINE('',#1218,#1219);
#1218 = CARTESIAN_POINT('',(0.,0.));
#1219 = VECTOR('',#1220,1.);
#1220 = DIRECTION('',(0.,1.));
#1221 = ( GEOMETRIC_REPRESENTATION_CONTEXT(2) 
PARAMETRIC_REPRESENTATION_CONTEXT() REPRESENTATION_CONTEXT('2D SPACE',''
  ) );
#1222 = PCURVE('',#57,#1223);
#1223 = DEFINITIONAL_REPRESENTATION('',(#1224),#1229);
#1224 = B_SPLINE_CURVE_WITH_KNOTS('',3,(#1225,#1226,#1227,#1228),
  .UNSPECIFIED.,.F.,.F.,(4,4),(0.,1.),.PIECEWISE_BEZIER_KNOTS.);
#1225 = CARTESIAN_POINT('',(15.704461113721,-23.41131992287));
#1226 = CARTESIAN_POINT('',(16.351265881328,-24.60833514404));
#1227 = CARTESIAN_POINT('',(16.544114092417,-25.99627533629));
#1228 = CARTESIAN_POINT('',(16.634302652777,-27.33678794693));
#1229 = ( GEOMETRIC_REPRESENTATION_CONTEXT(2) 
PARAMETRIC_REPRESENTATION_CONTEXT() REPRESENTATION_CONTEXT('2D SPACE',''
  ) );
#1230 = ORIENTED_EDGE('',*,*,#1164,.T.);
#1231 = ORIENTED_EDGE('',*,*,#1232,.T.);
#1232 = EDGE_CURVE('',#1140,#1233,#1235,.T.);
#1233 = VERTEX_POINT('',#1234);
#1234 = CARTESIAN_POINT('',(10.316697223953,-30.29134791304,18.));
#1235 = SURFACE_CURVE('',#1236,(#1241,#1248),.PCURVE_S1.);
#1236 = B_SPLINE_CURVE_WITH_KNOTS('',3,(#1237,#1238,#1239,#1240),
  .UNSPECIFIED.,.F.,.F.,(4,4),(0.,1.),.PIECEWISE_BEZIER_KNOTS.);
#1237 = CARTESIAN_POINT('',(10.259394636261,-26.25766214081,18.));
#1238 = CARTESIAN_POINT('',(10.631503382852,-27.56637789598,18.));
#1239 = CARTESIAN_POINT('',(10.519073402242,-28.96313410564,18.));
#1240 = CARTESIAN_POINT('',(10.316697223953,-30.29134791304,18.));
#1241 = PCURVE('',#1179,#1242);
#1242 = DEFINITIONAL_REPRESENTATION('',(#1243),#1247);
#1243 = LINE('',#1244,#1245);
#1244 = CARTESIAN_POINT('',(1.,0.));
#1245 = VECTOR('',#1246,1.);
#1246 = DIRECTION('',(0.,1.));
#1247 = ( GEOMETRIC_REPRESENTATION_CONTEXT(2) 
PARAMETRIC_REPRESENTATION_CONTEXT() REPRESENTATION_CONTEXT('2D SPACE',''
  ) );
#1248 = PCURVE('',#128,#1249);
#1249 = DEFINITIONAL_REPRESENTATION('',(#1250),#1255);
#1250 = B_SPLINE_CURVE_WITH_KNOTS('',3,(#1251,#1252,#1253,#1254),
  .UNSPECIFIED.,.F.,.F.,(4,4),(0.,1.),.PIECEWISE_BEZIER_KNOTS.);
#1251 = CARTESIAN_POINT('',(-10.25939463626,-26.25766214081));
#1252 = CARTESIAN_POINT('',(-10.63150338285,-27.56637789598));
#1253 = CARTESIAN_POINT('',(-10.51907340224,-28.96313410564));
#1254 = CARTESIAN_POINT('',(-10.31669722395,-30.29134791304));
#1255 = ( GEOMETRIC_REPRESENTATION_CONTEXT(2) 
PARAMETRIC_REPRESENTATION_CONTEXT() REPRESENTATION_CONTEXT('2D SPACE',''
  ) );
#1256 = ORIENTED_EDGE('',*,*,#1257,.F.);
#1257 = EDGE_CURVE('',#1207,#1233,#1258,.T.);
#1258 = SURFACE_CURVE('',#1259,(#1264,#1271),.PCURVE_S1.);
#1259 = B_SPLINE_CURVE_WITH_KNOTS('',3,(#1260,#1261,#1262,#1263),
  .UNSPECIFIED.,.F.,.F.,(4,4),(0.,1.),.PIECEWISE_BEZIER_KNOTS.);
#1260 = CARTESIAN_POINT('',(16.634302652777,-27.33678794693,0.));
#1261 = CARTESIAN_POINT('',(14.644443442694,-28.54786301907,
    6.000000986407));
#1262 = CARTESIAN_POINT('',(12.521816434624,-29.54055381809,
    11.999999013593));
#1263 = CARTESIAN_POINT('',(10.316697223953,-30.29134791304,18.));
#1264 = PCURVE('',#1179,#1265);
#1265 = DEFINITIONAL_REPRESENTATION('',(#1266),#1270);
#1266 = LINE('',#1267,#1268);
#1267 = CARTESIAN_POINT('',(0.,1.));
#1268 = VECTOR('',#1269,1.);
#1269 = DIRECTION('',(1.,0.));
#1270 = ( GEOMETRIC_REPRESENTATION_CONTEXT(2) 
PARAMETRIC_REPRESENTATION_CONTEXT() REPRESENTATION_CONTEXT('2D SPACE',''
  ) );
#1271 = PCURVE('',#1272,#1289);
#1272 = B_SPLINE_SURFACE_WITH_KNOTS('',3,3,(
    (#1273,#1274,#1275,#1276)
    ,(#1277,#1278,#1279,#1280)
    ,(#1281,#1282,#1283,#1284)
    ,(#1285,#1286,#1287,#1288
    )),.UNSPECIFIED.,.F.,.F.,.F.,(4,4),(4,4),(0.,1.),(0.,1.),
  .PIECEWISE_BEZIER_KNOTS.);
#1273 = CARTESIAN_POINT('',(16.634302652777,-27.33678794693,0.));
#1274 = CARTESIAN_POINT('',(16.214341486131,-27.59233277932,0.));
#1275 = CARTESIAN_POINT('',(15.788490393507,-27.83819802229,0.));
#1276 = CARTESIAN_POINT('',(15.357201493527,-28.07412264501,0.));
#1277 = CARTESIAN_POINT('',(14.644443405309,-28.54786303721,
    6.000001093596));
#1278 = CARTESIAN_POINT('',(14.205877071538,-28.77283867426,
    6.000001093596));
#1279 = CARTESIAN_POINT('',(13.762125394221,-28.98770590061,
    6.000001093596));
#1280 = CARTESIAN_POINT('',(13.313659496718,-29.19223659551,
    6.000001093596));
#1281 = CARTESIAN_POINT('',(12.521816472518,-29.54055380103,
    11.999998906404));
#1282 = CARTESIAN_POINT('',(12.067999898936,-29.7329205963,
    11.999998906404));
#1283 = CARTESIAN_POINT('',(11.609749575038,-29.91482748657,
    11.999998906404));
#1284 = CARTESIAN_POINT('',(11.147552017142,-30.0860813445,
    11.999998906404));
#1285 = CARTESIAN_POINT('',(10.316697223953,-30.29134791304,18.));
#1286 = CARTESIAN_POINT('',(9.851346546634,-30.44983857514,18.));
#1287 = CARTESIAN_POINT('',(9.382342921205,-30.59760349019,18.));
#1288 = CARTESIAN_POINT('',(8.910184280574,-30.73448577878,18.));
#1289 = DEFINITIONAL_REPRESENTATION('',(#1290),#1294);
#1290 = LINE('',#1291,#1292);
#1291 = CARTESIAN_POINT('',(0.,0.));
#1292 = VECTOR('',#1293,1.);
#1293 = DIRECTION('',(1.,0.));
#1294 = ( GEOMETRIC_REPRESENTATION_CONTEXT(2) 
PARAMETRIC_REPRESENTATION_CONTEXT() REPRESENTATION_CONTEXT('2D SPACE',''
  ) );
#1295 = ADVANCED_FACE('',(#1296),#1272,.T.);
#1296 = FACE_BOUND('',#1297,.T.);
#1297 = EDGE_LOOP('',(#1298,#1323,#1324,#1349));
#1298 = ORIENTED_EDGE('',*,*,#1299,.F.);
#1299 = EDGE_CURVE('',#1207,#1300,#1302,.T.);
#1300 = VERTEX_POINT('',#1301);
#1301 = CARTESIAN_POINT('',(15.357201493527,-28.07412264501,0.));
#1302 = SURFACE_CURVE('',#1303,(#1308,#1315),.PCURVE_S1.);
#1303 = B_SPLINE_CURVE_WITH_KNOTS('',3,(#1304,#1305,#1306,#1307),
  .UNSPECIFIED.,.F.,.F.,(4,4),(0.,1.),.PIECEWISE_BEZIER_KNOTS.);
#1304 = CARTESIAN_POINT('',(16.634302652777,-27.33678794693,0.));
#1305 = CARTESIAN_POINT('',(16.214341486131,-27.59233277932,0.));
#1306 = CARTESIAN_POINT('',(15.788490393507,-27.83819802229,0.));
#1307 = CARTESIAN_POINT('',(15.357201493527,-28.07412264501,0.));
#1308 = PCURVE('',#1272,#1309);
#1309 = DEFINITIONAL_REPRESENTATION('',(#1310),#1314);
#1310 = LINE('',#1311,#1312);
#1311 = CARTESIAN_POINT('',(0.,0.));
#1312 = VECTOR('',#1313,1.);
#1313 = DIRECTION('',(0.,1.));
#1314 = ( GEOMETRIC_REPRESENTATION_CONTEXT(2) 
PARAMETRIC_REPRESENTATION_CONTEXT() REPRESENTATION_CONTEXT('2D SPACE',''
  ) );
#1315 = PCURVE('',#57,#1316);
#1316 = DEFINITIONAL_REPRESENTATION('',(#1317),#1322);
#1317 = B_SPLINE_CURVE_WITH_KNOTS('',3,(#1318,#1319,#1320,#1321),
  .UNSPECIFIED.,.F.,.F.,(4,4),(0.,1.),.PIECEWISE_BEZIER_KNOTS.);
#1318 = CARTESIAN_POINT('',(16.634302652777,-27.33678794693));
#1319 = CARTESIAN_POINT('',(16.214341486131,-27.59233277932));
#1320 = CARTESIAN_POINT('',(15.788490393507,-27.83819802229));
#1321 = CARTESIAN_POINT('',(15.357201493527,-28.07412264501));
#1322 = ( GEOMETRIC_REPRESENTATION_CONTEXT(2) 
PARAMETRIC_REPRESENTATION_CONTEXT() REPRESENTATION_CONTEXT('2D SPACE',''
  ) );
#1323 = ORIENTED_EDGE('',*,*,#1257,.T.);
#1324 = ORIENTED_EDGE('',*,*,#1325,.T.);
#1325 = EDGE_CURVE('',#1233,#1326,#1328,.T.);
#1326 = VERTEX_POINT('',#1327);
#1327 = CARTESIAN_POINT('',(8.910184280574,-30.73448577878,18.));
#1328 = SURFACE_CURVE('',#1329,(#1334,#1341),.PCURVE_S1.);
#1329 = B_SPLINE_CURVE_WITH_KNOTS('',3,(#1330,#1331,#1332,#1333),
  .UNSPECIFIED.,.F.,.F.,(4,4),(0.,1.),.PIECEWISE_BEZIER_KNOTS.);
#1330 = CARTESIAN_POINT('',(10.316697223953,-30.29134791304,18.));
#1331 = CARTESIAN_POINT('',(9.851346546634,-30.44983857514,18.));
#1332 = CARTESIAN_POINT('',(9.382342921205,-30.59760349019,18.));
#1333 = CARTESIAN_POINT('',(8.910184280574,-30.73448577878,18.));
#1334 = PCURVE('',#1272,#1335);
#1335 = DEFINITIONAL_REPRESENTATION('',(#1336),#1340);
#1336 = LINE('',#1337,#1338);
#1337 = CARTESIAN_POINT('',(1.,0.));
#1338 = VECTOR('',#1339,1.);
#1339 = DIRECTION('',(0.,1.));
#1340 = ( GEOMETRIC_REPRESENTATION_CONTEXT(2) 
PARAMETRIC_REPRESENTATION_CONTEXT() REPRESENTATION_CONTEXT('2D SPACE',''
  ) );
#1341 = PCURVE('',#128,#1342);
#1342 = DEFINITIONAL_REPRESENTATION('',(#1343),#1348);
#1343 = B_SPLINE_CURVE_WITH_KNOTS('',3,(#1344,#1345,#1346,#1347),
  .UNSPECIFIED.,.F.,.F.,(4,4),(0.,1.),.PIECEWISE_BEZIER_KNOTS.);
#1344 = CARTESIAN_POINT('',(-10.31669722395,-30.29134791304));
#1345 = CARTESIAN_POINT('',(-9.851346546634,-30.44983857514));
#1346 = CARTESIAN_POINT('',(-9.382342921205,-30.59760349019));
#1347 = CARTESIAN_POINT('',(-8.910184280574,-30.73448577878));
#1348 = ( GEOMETRIC_REPRESENTATION_CONTEXT(2) 
PARAMETRIC_REPRESENTATION_CONTEXT() REPRESENTATION_CONTEXT('2D SPACE',''
  ) );
#1349 = ORIENTED_EDGE('',*,*,#1350,.F.);
#1350 = EDGE_CURVE('',#1300,#1326,#1351,.T.);
#1351 = SURFACE_CURVE('',#1352,(#1357,#1364),.PCURVE_S1.);
#1352 = B_SPLINE_CURVE_WITH_KNOTS('',3,(#1353,#1354,#1355,#1356),
  .UNSPECIFIED.,.F.,.F.,(4,4),(0.,1.),.PIECEWISE_BEZIER_KNOTS.);
#1353 = CARTESIAN_POINT('',(15.357201493527,-28.07412264501,0.));
#1354 = CARTESIAN_POINT('',(13.313659534899,-29.1922365791,
    6.000000986407));
#1355 = CARTESIAN_POINT('',(11.147551978503,-30.08608135979,
    11.999999013593));
#1356 = CARTESIAN_POINT('',(8.910184280574,-30.73448577878,18.));
#1357 = PCURVE('',#1272,#1358);
#1358 = DEFINITIONAL_REPRESENTATION('',(#1359),#1363);
#1359 = LINE('',#1360,#1361);
#1360 = CARTESIAN_POINT('',(0.,1.));
#1361 = VECTOR('',#1362,1.);
#1362 = DIRECTION('',(1.,0.));
#1363 = ( GEOMETRIC_REPRESENTATION_CONTEXT(2) 
PARAMETRIC_REPRESENTATION_CONTEXT() REPRESENTATION_CONTEXT('2D SPACE',''
  ) );
#1364 = PCURVE('',#1365,#1382);
#1365 = B_SPLINE_SURFACE_WITH_KNOTS('',3,3,(
    (#1366,#1367,#1368,#1369)
    ,(#1370,#1371,#1372,#1373)
    ,(#1374,#1375,#1376,#1377)
    ,(#1378,#1379,#1380,#1381
    )),.UNSPECIFIED.,.F.,.F.,.F.,(4,4),(4,4),(0.,1.),(0.,1.),
  .PIECEWISE_BEZIER_KNOTS.);
#1366 = CARTESIAN_POINT('',(15.357201493527,-28.07412264501,0.));
#1367 = CARTESIAN_POINT('',(14.241377798795,-27.32576075528,0.));
#1368 = CARTESIAN_POINT('',(13.135810438922,-26.46477920928,0.));
#1369 = CARTESIAN_POINT('',(12.422567232473,-25.30612223866,0.));
#1370 = CARTESIAN_POINT('',(13.313659534899,-29.1922365791,
    6.000000986407));
#1371 = CARTESIAN_POINT('',(12.252304993509,-28.36264356201,
    6.000000986407));
#1372 = CARTESIAN_POINT('',(11.209404968337,-27.42117672734,
    6.000000986407));
#1373 = CARTESIAN_POINT('',(10.580500957818,-26.21059154811,
    6.000000986407));
#1374 = CARTESIAN_POINT('',(11.147551978503,-30.08608135979,
    11.999999013593));
#1375 = CARTESIAN_POINT('',(10.149576030089,-29.18123770318,
    11.999999013593));
#1376 = CARTESIAN_POINT('',(9.178170509866,-28.16616549955,
    11.999999013593));
#1377 = CARTESIAN_POINT('',(8.639298536054,-26.91290825283,
    11.999999013593));
#1378 = CARTESIAN_POINT('',(8.910184280574,-30.73448577878,18.));
#1379 = CARTESIAN_POINT('',(7.982995207723,-29.76215432351,18.));
#1380 = CARTESIAN_POINT('',(7.090217975782,-28.68210005455,18.));
#1381 = CARTESIAN_POINT('',(6.644938420839,-27.39643759299,18.));
#1382 = DEFINITIONAL_REPRESENTATION('',(#1383),#1387);
#1383 = LINE('',#1384,#1385);
#1384 = CARTESIAN_POINT('',(0.,0.));
#1385 = VECTOR('',#1386,1.);
#1386 = DIRECTION('',(1.,0.));
#1387 = ( GEOMETRIC_REPRESENTATION_CONTEXT(2) 
PARAMETRIC_REPRESENTATION_CONTEXT() REPRESENTATION_CONTEXT('2D SPACE',''
  ) );
#1388 = ADVANCED_FACE('',(#1389),#1365,.T.);
#1389 = FACE_BOUND('',#1390,.T.);
#1390 = EDGE_LOOP('',(#1391,#1416,#1417,#1442));
#1391 = ORIENTED_EDGE('',*,*,#1392,.F.);
#1392 = EDGE_CURVE('',#1300,#1393,#1395,.T.);
#1393 = VERTEX_POINT('',#1394);
#1394 = CARTESIAN_POINT('',(12.422567232473,-25.30612223866,0.));
#1395 = SURFACE_CURVE('',#1396,(#1401,#1408),.PCURVE_S1.);
#1396 = B_SPLINE_CURVE_WITH_KNOTS('',3,(#1397,#1398,#1399,#1400),
  .UNSPECIFIED.,.F.,.F.,(4,4),(0.,1.),.PIECEWISE_BEZIER_KNOTS.);
#1397 = CARTESIAN_POINT('',(15.357201493527,-28.07412264501,0.));
#1398 = CARTESIAN_POINT('',(14.241377798795,-27.32576075528,0.));
#1399 = CARTESIAN_POINT('',(13.135810438922,-26.46477920928,0.));
#1400 = CARTESIAN_POINT('',(12.422567232473,-25.30612223866,0.));
#1401 = PCURVE('',#1365,#1402);
#1402 = DEFINITIONAL_REPRESENTATION('',(#1403),#1407);
#1403 = LINE('',#1404,#1405);
#1404 = CARTESIAN_POINT('',(0.,0.));
#1405 = VECTOR('',#1406,1.);
#1406 = DIRECTION('',(0.,1.));
#1407 = ( GEOMETRIC_REPRESENTATION_CONTEXT(2) 
PARAMETRIC_REPRESENTATION_CONTEXT() REPRESENTATION_CONTEXT('2D SPACE',''
  ) );
#1408 = PCURVE('',#57,#1409);
#1409 = DEFINITIONAL_REPRESENTATION('',(#1410),#1415);
#1410 = B_SPLINE_CURVE_WITH_KNOTS('',3,(#1411,#1412,#1413,#1414),
  .UNSPECIFIED.,.F.,.F.,(4,4),(0.,1.),.PIECEWISE_BEZIER_KNOTS.);
#1411 = CARTESIAN_POINT('',(15.357201493527,-28.07412264501));
#1412 = CARTESIAN_POINT('',(14.241377798795,-27.32576075528));
#1413 = CARTESIAN_POINT('',(13.135810438922,-26.46477920928));
#1414 = CARTESIAN_POINT('',(12.422567232473,-25.30612223866));
#1415 = ( GEOMETRIC_REPRESENTATION_CONTEXT(2) 
PARAMETRIC_REPRESENTATION_CONTEXT() REPRESENTATION_CONTEXT('2D SPACE',''
  ) );
#1416 = ORIENTED_EDGE('',*,*,#1350,.T.);
#1417 = ORIENTED_EDGE('',*,*,#1418,.T.);
#1418 = EDGE_CURVE('',#1326,#1419,#1421,.T.);
#1419 = VERTEX_POINT('',#1420);
#1420 = CARTESIAN_POINT('',(6.644938420839,-27.39643759299,18.));
#1421 = SURFACE_CURVE('',#1422,(#1427,#1434),.PCURVE_S1.);
#1422 = B_SPLINE_CURVE_WITH_KNOTS('',3,(#1423,#1424,#1425,#1426),
  .UNSPECIFIED.,.F.,.F.,(4,4),(0.,1.),.PIECEWISE_BEZIER_KNOTS.);
#1423 = CARTESIAN_POINT('',(8.910184280574,-30.73448577878,18.));
#1424 = CARTESIAN_POINT('',(7.982995207723,-29.76215432351,18.));
#1425 = CARTESIAN_POINT('',(7.090217975782,-28.68210005455,18.));
#1426 = CARTESIAN_POINT('',(6.644938420839,-27.39643759299,18.));
#1427 = PCURVE('',#1365,#1428);
#1428 = DEFINITIONAL_REPRESENTATION('',(#1429),#1433);
#1429 = LINE('',#1430,#1431);
#1430 = CARTESIAN_POINT('',(1.,0.));
#1431 = VECTOR('',#1432,1.);
#1432 = DIRECTION('',(0.,1.));
#1433 = ( GEOMETRIC_REPRESENTATION_CONTEXT(2) 
PARAMETRIC_REPRESENTATION_CONTEXT() REPRESENTATION_CONTEXT('2D SPACE',''
  ) );
#1434 = PCURVE('',#128,#1435);
#1435 = DEFINITIONAL_REPRESENTATION('',(#1436),#1441);
#1436 = B_SPLINE_CURVE_WITH_KNOTS('',3,(#1437,#1438,#1439,#1440),
  .UNSPECIFIED.,.F.,.F.,(4,4),(0.,1.),.PIECEWISE_BEZIER_KNOTS.);
#1437 = CARTESIAN_POINT('',(-8.910184280574,-30.73448577878));
#1438 = CARTESIAN_POINT('',(-7.982995207723,-29.76215432351));
#1439 = CARTESIAN_POINT('',(-7.090217975782,-28.68210005455));
#1440 = CARTESIAN_POINT('',(-6.644938420839,-27.39643759299));
#1441 = ( GEOMETRIC_REPRESENTATION_CONTEXT(2) 
PARAMETRIC_REPRESENTATION_CONTEXT() REPRESENTATION_CONTEXT('2D SPACE',''
  ) );
#1442 = ORIENTED_EDGE('',*,*,#1443,.F.);
#1443 = EDGE_CURVE('',#1393,#1419,#1444,.T.);
#1444 = SURFACE_CURVE('',#1445,(#1450,#1457),.PCURVE_S1.);
#1445 = B_SPLINE_CURVE_WITH_KNOTS('',3,(#1446,#1447,#1448,#1449),
  .UNSPECIFIED.,.F.,.F.,(4,4),(0.,1.),.PIECEWISE_BEZIER_KNOTS.);
#1446 = CARTESIAN_POINT('',(12.422567232473,-25.30612223866,0.));
#1447 = CARTESIAN_POINT('',(10.580501001468,-26.2105915316,
    6.000000849768));
#1448 = CARTESIAN_POINT('',(8.639298491945,-26.91290826807,
    11.999999150232));
#1449 = CARTESIAN_POINT('',(6.644938420839,-27.39643759299,18.));
#1450 = PCURVE('',#1365,#1451);
#1451 = DEFINITIONAL_REPRESENTATION('',(#1452),#1456);
#1452 = LINE('',#1453,#1454);
#1453 = CARTESIAN_POINT('',(0.,1.));
#1454 = VECTOR('',#1455,1.);
#1455 = DIRECTION('',(1.,0.));
#1456 = ( GEOMETRIC_REPRESENTATION_CONTEXT(2) 
PARAMETRIC_REPRESENTATION_CONTEXT() REPRESENTATION_CONTEXT('2D SPACE',''
  ) );
#1457 = PCURVE('',#1458,#1475);
#1458 = B_SPLINE_SURFACE_WITH_KNOTS('',3,3,(
    (#1459,#1460,#1461,#1462)
    ,(#1463,#1464,#1465,#1466)
    ,(#1467,#1468,#1469,#1470)
    ,(#1471,#1472,#1473,#1474
    )),.UNSPECIFIED.,.F.,.F.,.F.,(4,4),(4,4),(0.,1.),(0.,1.),
  .PIECEWISE_BEZIER_KNOTS.);
#1459 = CARTESIAN_POINT('',(12.422567232473,-25.30612223866,0.));
#1460 = CARTESIAN_POINT('',(11.723298797753,-24.65070602804,0.));
#1461 = CARTESIAN_POINT('',(10.474626596038,-25.20665071079,0.));
#1462 = CARTESIAN_POINT('',(10.493793849763,-26.1648674761,0.));
#1463 = CARTESIAN_POINT('',(10.580501001468,-26.2105915316,
    6.000000849768));
#1464 = CARTESIAN_POINT('',(9.928938608537,-25.50426783373,
    6.000000849768));
#1465 = CARTESIAN_POINT('',(8.639788080294,-25.96931962055,
    6.000000849768));
#1466 = CARTESIAN_POINT('',(8.589202387013,-26.92893819357,
    6.000000849768));
#1467 = CARTESIAN_POINT('',(8.639298491945,-26.91290826807,
    11.999999150232));
#1468 = CARTESIAN_POINT('',(8.041024957167,-26.16091392259,
    11.999999150232));
#1469 = CARTESIAN_POINT('',(6.721370674486,-26.53063655254,
    11.999999150232));
#1470 = CARTESIAN_POINT('',(6.600881963316,-27.48400384196,
    11.999999150232));
#1471 = CARTESIAN_POINT('',(6.644938420839,-27.39643759299,18.));
#1472 = CARTESIAN_POINT('',(6.104274377312,-26.60509118024,18.));
#1473 = CARTESIAN_POINT('',(4.764813414695,-26.87730632904,18.));
#1474 = CARTESIAN_POINT('',(4.575927315822,-27.8169173095,18.));
#1475 = DEFINITIONAL_REPRESENTATION('',(#1476),#1480);
#1476 = LINE('',#1477,#1478);
#1477 = CARTESIAN_POINT('',(0.,0.));
#1478 = VECTOR('',#1479,1.);
#1479 = DIRECTION('',(1.,0.));
#1480 = ( GEOMETRIC_REPRESENTATION_CONTEXT(2) 
PARAMETRIC_REPRESENTATION_CONTEXT() REPRESENTATION_CONTEXT('2D SPACE',''
  ) );
#1481 = ADVANCED_FACE('',(#1482),#1458,.T.);
#1482 = FACE_BOUND('',#1483,.T.);
#1483 = EDGE_LOOP('',(#1484,#1509,#1510,#1535));
#1484 = ORIENTED_EDGE('',*,*,#1485,.F.);
#1485 = EDGE_CURVE('',#1393,#1486,#1488,.T.);
#1486 = VERTEX_POINT('',#1487);
#1487 = CARTESIAN_POINT('',(10.493793849763,-26.1648674761,0.));
#1488 = SURFACE_CURVE('',#1489,(#1494,#1501),.PCURVE_S1.);
#1489 = B_SPLINE_CURVE_WITH_KNOTS('',3,(#1490,#1491,#1492,#1493),
  .UNSPECIFIED.,.F.,.F.,(4,4),(0.,1.),.PIECEWISE_BEZIER_KNOTS.);
#1490 = CARTESIAN_POINT('',(12.422567232473,-25.30612223866,0.));
#1491 = CARTESIAN_POINT('',(11.723298797753,-24.65070602804,0.));
#1492 = CARTESIAN_POINT('',(10.474626596038,-25.20665071079,0.));
#1493 = CARTESIAN_POINT('',(10.493793849763,-26.1648674761,0.));
#1494 = PCURVE('',#1458,#1495);
#1495 = DEFINITIONAL_REPRESENTATION('',(#1496),#1500);
#1496 = LINE('',#1497,#1498);
#1497 = CARTESIAN_POINT('',(0.,0.));
#1498 = VECTOR('',#1499,1.);
#1499 = DIRECTION('',(0.,1.));
#1500 = ( GEOMETRIC_REPRESENTATION_CONTEXT(2) 
PARAMETRIC_REPRESENTATION_CONTEXT() REPRESENTATION_CONTEXT('2D SPACE',''
  ) );
#1501 = PCURVE('',#57,#1502);
#1502 = DEFINITIONAL_REPRESENTATION('',(#1503),#1508);
#1503 = B_SPLINE_CURVE_WITH_KNOTS('',3,(#1504,#1505,#1506,#1507),
  .UNSPECIFIED.,.F.,.F.,(4,4),(0.,1.),.PIECEWISE_BEZIER_KNOTS.);
#1504 = CARTESIAN_POINT('',(12.422567232473,-25.30612223866));
#1505 = CARTESIAN_POINT('',(11.723298797753,-24.65070602804));
#1506 = CARTESIAN_POINT('',(10.474626596038,-25.20665071079));
#1507 = CARTESIAN_POINT('',(10.493793849763,-26.1648674761));
#1508 = ( GEOMETRIC_REPRESENTATION_CONTEXT(2) 
PARAMETRIC_REPRESENTATION_CONTEXT() REPRESENTATION_CONTEXT('2D SPACE',''
  ) );
#1509 = ORIENTED_EDGE('',*,*,#1443,.T.);
#1510 = ORIENTED_EDGE('',*,*,#1511,.T.);
#1511 = EDGE_CURVE('',#1419,#1512,#1514,.T.);
#1512 = VERTEX_POINT('',#1513);
#1513 = CARTESIAN_POINT('',(4.575927315822,-27.8169173095,18.));
#1514 = SURFACE_CURVE('',#1515,(#1520,#1527),.PCURVE_S1.);
#1515 = B_SPLINE_CURVE_WITH_KNOTS('',3,(#1516,#1517,#1518,#1519),
  .UNSPECIFIED.,.F.,.F.,(4,4),(0.,1.),.PIECEWISE_BEZIER_KNOTS.);
#1516 = CARTESIAN_POINT('',(6.644938420839,-27.39643759299,18.));
#1517 = CARTESIAN_POINT('',(6.104274377312,-26.60509118024,18.));
#1518 = CARTESIAN_POINT('',(4.764813414695,-26.87730632904,18.));
#1519 = CARTESIAN_POINT('',(4.575927315822,-27.8169173095,18.));
#1520 = PCURVE('',#1458,#1521);
#1521 = DEFINITIONAL_REPRESENTATION('',(#1522),#1526);
#1522 = LINE('',#1523,#1524);
#1523 = CARTESIAN_POINT('',(1.,0.));
#1524 = VECTOR('',#1525,1.);
#1525 = DIRECTION('',(0.,1.));
#1526 = ( GEOMETRIC_REPRESENTATION_CONTEXT(2) 
PARAMETRIC_REPRESENTATION_CONTEXT() REPRESENTATION_CONTEXT('2D SPACE',''
  ) );
#1527 = PCURVE('',#128,#1528);
#1528 = DEFINITIONAL_REPRESENTATION('',(#1529),#1534);
#1529 = B_SPLINE_CURVE_WITH_KNOTS('',3,(#1530,#1531,#1532,#1533),
  .UNSPECIFIED.,.F.,.F.,(4,4),(0.,1.),.PIECEWISE_BEZIER_KNOTS.);
#1530 = CARTESIAN_POINT('',(-6.644938420839,-27.39643759299));
#1531 = CARTESIAN_POINT('',(-6.104274377312,-26.60509118024));
#1532 = CARTESIAN_POINT('',(-4.764813414695,-26.87730632904));
#1533 = CARTESIAN_POINT('',(-4.575927315822,-27.8169173095));
#1534 = ( GEOMETRIC_REPRESENTATION_CONTEXT(2) 
PARAMETRIC_REPRESENTATION_CONTEXT() REPRESENTATION_CONTEXT('2D SPACE',''
  ) );
#1535 = ORIENTED_EDGE('',*,*,#1536,.F.);
#1536 = EDGE_CURVE('',#1486,#1512,#1537,.T.);
#1537 = SURFACE_CURVE('',#1538,(#1543,#1550),.PCURVE_S1.);
#1538 = B_SPLINE_CURVE_WITH_KNOTS('',3,(#1539,#1540,#1541,#1542),
  .UNSPECIFIED.,.F.,.F.,(4,4),(0.,1.),.PIECEWISE_BEZIER_KNOTS.);
#1539 = CARTESIAN_POINT('',(10.493793849763,-26.1648674761,0.));
#1540 = CARTESIAN_POINT('',(8.589202387013,-26.92893819357,
    6.000000849768));
#1541 = CARTESIAN_POINT('',(6.600881963316,-27.48400384196,
    11.999999150232));
#1542 = CARTESIAN_POINT('',(4.575927315822,-27.8169173095,18.));
#1543 = PCURVE('',#1458,#1544);
#1544 = DEFINITIONAL_REPRESENTATION('',(#1545),#1549);
#1545 = LINE('',#1546,#1547);
#1546 = CARTESIAN_POINT('',(0.,1.));
#1547 = VECTOR('',#1548,1.);
#1548 = DIRECTION('',(1.,0.));
#1549 = ( GEOMETRIC_REPRESENTATION_CONTEXT(2) 
PARAMETRIC_REPRESENTATION_CONTEXT() REPRESENTATION_CONTEXT('2D SPACE',''
  ) );
#1550 = PCURVE('',#1551,#1568);
#1551 = B_SPLINE_SURFACE_WITH_KNOTS('',3,3,(
    (#1552,#1553,#1554,#1555)
    ,(#1556,#1557,#1558,#1559)
    ,(#1560,#1561,#1562,#1563)
    ,(#1564,#1565,#1566,#1567
    )),.UNSPECIFIED.,.F.,.F.,.F.,(4,4),(4,4),(0.,1.),(0.,1.),
  .PIECEWISE_BEZIER_KNOTS.);
#1552 = CARTESIAN_POINT('',(10.493793849763,-26.1648674761,0.));
#1553 = CARTESIAN_POINT('',(10.877590922773,-27.4702033156,0.));
#1554 = CARTESIAN_POINT('',(10.777655945631,-28.86790908224,0.));
#1555 = CARTESIAN_POINT('',(10.58716542612,-30.19787953217,0.));
#1556 = CARTESIAN_POINT('',(8.589202342249,-26.92893820677,
    6.000000986407));
#1557 = CARTESIAN_POINT('',(8.877980532232,-28.26222133034,
    6.000000986407));
#1558 = CARTESIAN_POINT('',(8.67629933481,-29.65266189287,6.000000986407
    ));
#1559 = CARTESIAN_POINT('',(8.388992748024,-30.96877471543,
    6.000000986407));
#1560 = CARTESIAN_POINT('',(6.600882008443,-27.48400383006,
    11.999999013593));
#1561 = CARTESIAN_POINT('',(6.791580137997,-28.83480764779,
    11.999999013593));
#1562 = CARTESIAN_POINT('',(6.488955277112,-30.20682020491,
    11.999999013593));
#1563 = CARTESIAN_POINT('',(6.106358210345,-31.49845386854,
    11.999999013593));
#1564 = CARTESIAN_POINT('',(4.575927315822,-27.8169173095,18.));
#1565 = CARTESIAN_POINT('',(4.667807288055,-29.17440024413,18.));
#1566 = CARTESIAN_POINT('',(4.26743222706,-30.51725847206,18.));
#1567 = CARTESIAN_POINT('',(3.793327275356,-31.77437124762,18.));
#1568 = DEFINITIONAL_REPRESENTATION('',(#1569),#1573);
#1569 = LINE('',#1570,#1571);
#1570 = CARTESIAN_POINT('',(0.,0.));
#1571 = VECTOR('',#1572,1.);
#1572 = DIRECTION('',(1.,0.));
#1573 = ( GEOMETRIC_REPRESENTATION_CONTEXT(2) 
PARAMETRIC_REPRESENTATION_CONTEXT() REPRESENTATION_CONTEXT('2D SPACE',''
  ) );
#1574 = ADVANCED_FACE('',(#1575),#1551,.T.);
#1575 = FACE_BOUND('',#1576,.T.);
#1576 = EDGE_LOOP('',(#1577,#1602,#1603,#1628));
#1577 = ORIENTED_EDGE('',*,*,#1578,.F.);
#1578 = EDGE_CURVE('',#1486,#1579,#1581,.T.);
#1579 = VERTEX_POINT('',#1580);
#1580 = CARTESIAN_POINT('',(10.58716542612,-30.19787953217,0.));
#1581 = SURFACE_CURVE('',#1582,(#1587,#1594),.PCURVE_S1.);
#1582 = B_SPLINE_CURVE_WITH_KNOTS('',3,(#1583,#1584,#1585,#1586),
  .UNSPECIFIED.,.F.,.F.,(4,4),(0.,1.),.PIECEWISE_BEZIER_KNOTS.);
#1583 = CARTESIAN_POINT('',(10.493793849763,-26.1648674761,0.));
#1584 = CARTESIAN_POINT('',(10.877590922773,-27.4702033156,0.));
#1585 = CARTESIAN_POINT('',(10.777655945631,-28.86790908224,0.));
#1586 = CARTESIAN_POINT('',(10.58716542612,-30.19787953217,0.));
#1587 = PCURVE('',#1551,#1588);
#1588 = DEFINITIONAL_REPRESENTATION('',(#1589),#1593);
#1589 = LINE('',#1590,#1591);
#1590 = CARTESIAN_POINT('',(0.,0.));
#1591 = VECTOR('',#1592,1.);
#1592 = DIRECTION('',(0.,1.));
#1593 = ( GEOMETRIC_REPRESENTATION_CONTEXT(2) 
PARAMETRIC_REPRESENTATION_CONTEXT() REPRESENTATION_CONTEXT('2D SPACE',''
  ) );
#1594 = PCURVE('',#57,#1595);
#1595 = DEFINITIONAL_REPRESENTATION('',(#1596),#1601);
#1596 = B_SPLINE_CURVE_WITH_KNOTS('',3,(#1597,#1598,#1599,#1600),
  .UNSPECIFIED.,.F.,.F.,(4,4),(0.,1.),.PIECEWISE_BEZIER_KNOTS.);
#1597 = CARTESIAN_POINT('',(10.493793849763,-26.1648674761));
#1598 = CARTESIAN_POINT('',(10.877590922773,-27.4702033156));
#1599 = CARTESIAN_POINT('',(10.777655945631,-28.86790908224));
#1600 = CARTESIAN_POINT('',(10.58716542612,-30.19787953217));
#1601 = ( GEOMETRIC_REPRESENTATION_CONTEXT(2) 
PARAMETRIC_REPRESENTATION_CONTEXT() REPRESENTATION_CONTEXT('2D SPACE',''
  ) );
#1602 = ORIENTED_EDGE('',*,*,#1536,.T.);
#1603 = ORIENTED_EDGE('',*,*,#1604,.T.);
#1604 = EDGE_CURVE('',#1512,#1605,#1607,.T.);
#1605 = VERTEX_POINT('',#1606);
#1606 = CARTESIAN_POINT('',(3.793327275356,-31.77437124762,18.));
#1607 = SURFACE_CURVE('',#1608,(#1613,#1620),.PCURVE_S1.);
#1608 = B_SPLINE_CURVE_WITH_KNOTS('',3,(#1609,#1610,#1611,#1612),
  .UNSPECIFIED.,.F.,.F.,(4,4),(0.,1.),.PIECEWISE_BEZIER_KNOTS.);
#1609 = CARTESIAN_POINT('',(4.575927315822,-27.8169173095,18.));
#1610 = CARTESIAN_POINT('',(4.667807288055,-29.17440024413,18.));
#1611 = CARTESIAN_POINT('',(4.26743222706,-30.51725847206,18.));
#1612 = CARTESIAN_POINT('',(3.793327275356,-31.77437124762,18.));
#1613 = PCURVE('',#1551,#1614);
#1614 = DEFINITIONAL_REPRESENTATION('',(#1615),#1619);
#1615 = LINE('',#1616,#1617);
#1616 = CARTESIAN_POINT('',(1.,0.));
#1617 = VECTOR('',#1618,1.);
#1618 = DIRECTION('',(0.,1.));
#1619 = ( GEOMETRIC_REPRESENTATION_CONTEXT(2) 
PARAMETRIC_REPRESENTATION_CONTEXT() REPRESENTATION_CONTEXT('2D SPACE',''
  ) );
#1620 = PCURVE('',#128,#1621);
#1621 = DEFINITIONAL_REPRESENTATION('',(#1622),#1627);
#1622 = B_SPLINE_CURVE_WITH_KNOTS('',3,(#1623,#1624,#1625,#1626),
  .UNSPECIFIED.,.F.,.F.,(4,4),(0.,1.),.PIECEWISE_BEZIER_KNOTS.);
#1623 = CARTESIAN_POINT('',(-4.575927315822,-27.8169173095));
#1624 = CARTESIAN_POINT('',(-4.667807288055,-29.17440024413));
#1625 = CARTESIAN_POINT('',(-4.26743222706,-30.51725847206));
#1626 = CARTESIAN_POINT('',(-3.793327275356,-31.77437124762));
#1627 = ( GEOMETRIC_REPRESENTATION_CONTEXT(2) 
PARAMETRIC_REPRESENTATION_CONTEXT() REPRESENTATION_CONTEXT('2D SPACE',''
  ) );
#1628 = ORIENTED_EDGE('',*,*,#1629,.F.);
#1629 = EDGE_CURVE('',#1579,#1605,#1630,.T.);
#1630 = SURFACE_CURVE('',#1631,(#1636,#1643),.PCURVE_S1.);
#1631 = B_SPLINE_CURVE_WITH_KNOTS('',3,(#1632,#1633,#1634,#1635),
  .UNSPECIFIED.,.F.,.F.,(4,4),(0.,1.),.PIECEWISE_BEZIER_KNOTS.);
#1632 = CARTESIAN_POINT('',(10.58716542612,-30.19787953217,0.));
#1633 = CARTESIAN_POINT('',(8.388992748024,-30.96877471543,
    6.000000986407));
#1634 = CARTESIAN_POINT('',(6.106358210345,-31.49845386854,
    11.999999013593));
#1635 = CARTESIAN_POINT('',(3.793327275356,-31.77437124762,18.));
#1636 = PCURVE('',#1551,#1637);
#1637 = DEFINITIONAL_REPRESENTATION('',(#1638),#1642);
#1638 = LINE('',#1639,#1640);
#1639 = CARTESIAN_POINT('',(0.,1.));
#1640 = VECTOR('',#1641,1.);
#1641 = DIRECTION('',(1.,0.));
#1642 = ( GEOMETRIC_REPRESENTATION_CONTEXT(2) 
PARAMETRIC_REPRESENTATION_CONTEXT() REPRESENTATION_CONTEXT('2D SPACE',''
  ) );
#1643 = PCURVE('',#1644,#1661);
#1644 = B_SPLINE_SURFACE_WITH_KNOTS('',3,3,(
    (#1645,#1646,#1647,#1648)
    ,(#1649,#1650,#1651,#1652)
    ,(#1653,#1654,#1655,#1656)
    ,(#1657,#1658,#1659,#1660
    )),.UNSPECIFIED.,.F.,.F.,.F.,(4,4),(4,4),(0.,1.),(0.,1.),
  .PIECEWISE_BEZIER_KNOTS.);
#1645 = CARTESIAN_POINT('',(10.58716542612,-30.19787953217,0.));
#1646 = CARTESIAN_POINT('',(10.123250660382,-30.36052526062,0.));
#1647 = CARTESIAN_POINT('',(9.655587177484,-30.51247833743,0.));
#1648 = CARTESIAN_POINT('',(9.18467148753,-30.65357743667,0.));
#1649 = CARTESIAN_POINT('',(8.388992707683,-30.96877472541,
    6.000001093596));
#1650 = CARTESIAN_POINT('',(7.913235035452,-31.09765103702,
    6.000001093596));
#1651 = CARTESIAN_POINT('',(7.434506988631,-31.21556173742,
    6.000001093596));
#1652 = CARTESIAN_POINT('',(6.953316824376,-31.32238164289,
    6.000001093596));
#1653 = CARTESIAN_POINT('',(6.106358250957,-31.49845385973,
    11.999998906404));
#1654 = CARTESIAN_POINT('',(5.622463352673,-31.59226320785,
    11.999998906404));
#1655 = CARTESIAN_POINT('',(5.136406328689,-31.67491939647,
    11.999998906404));
#1656 = CARTESIAN_POINT('',(4.648703217207,-31.74633467097,
    11.999998906404));
#1657 = CARTESIAN_POINT('',(3.793327275356,-31.77437124762,18.));
#1658 = CARTESIAN_POINT('',(3.305193565302,-31.83264666235,18.));
#1659 = CARTESIAN_POINT('',(2.815716741021,-31.87967122271,18.));
#1660 = CARTESIAN_POINT('',(2.325416471458,-31.91539500357,18.));
#1661 = DEFINITIONAL_REPRESENTATION('',(#1662),#1666);
#1662 = LINE('',#1663,#1664);
#1663 = CARTESIAN_POINT('',(0.,0.));
#1664 = VECTOR('',#1665,1.);
#1665 = DIRECTION('',(1.,0.));
#1666 = ( GEOMETRIC_REPRESENTATION_CONTEXT(2) 
PARAMETRIC_REPRESENTATION_CONTEXT() REPRESENTATION_CONTEXT('2D SPACE',''
  ) );
#1667 = ADVANCED_FACE('',(#1668),#1644,.T.);
#1668 = FACE_BOUND('',#1669,.T.);
#1669 = EDGE_LOOP('',(#1670,#1695,#1696,#1721));
#1670 = ORIENTED_EDGE('',*,*,#1671,.F.);
#1671 = EDGE_CURVE('',#1579,#1672,#1674,.T.);
#1672 = VERTEX_POINT('',#1673);
#1673 = CARTESIAN_POINT('',(9.18467148753,-30.65357743667,0.));
#1674 = SURFACE_CURVE('',#1675,(#1680,#1687),.PCURVE_S1.);
#1675 = B_SPLINE_CURVE_WITH_KNOTS('',3,(#1676,#1677,#1678,#1679),
  .UNSPECIFIED.,.F.,.F.,(4,4),(0.,1.),.PIECEWISE_BEZIER_KNOTS.);
#1676 = CARTESIAN_POINT('',(10.58716542612,-30.19787953217,0.));
#1677 = CARTESIAN_POINT('',(10.123250660382,-30.36052526062,0.));
#1678 = CARTESIAN_POINT('',(9.655587177484,-30.51247833743,0.));
#1679 = CARTESIAN_POINT('',(9.18467148753,-30.65357743667,0.));
#1680 = PCURVE('',#1644,#1681);
#1681 = DEFINITIONAL_REPRESENTATION('',(#1682),#1686);
#1682 = LINE('',#1683,#1684);
#1683 = CARTESIAN_POINT('',(0.,0.));
#1684 = VECTOR('',#1685,1.);
#1685 = DIRECTION('',(0.,1.));
#1686 = ( GEOMETRIC_REPRESENTATION_CONTEXT(2) 
PARAMETRIC_REPRESENTATION_CONTEXT() REPRESENTATION_CONTEXT('2D SPACE',''
  ) );
#1687 = PCURVE('',#57,#1688);
#1688 = DEFINITIONAL_REPRESENTATION('',(#1689),#1694);
#1689 = B_SPLINE_CURVE_WITH_KNOTS('',3,(#1690,#1691,#1692,#1693),
  .UNSPECIFIED.,.F.,.F.,(4,4),(0.,1.),.PIECEWISE_BEZIER_KNOTS.);
#1690 = CARTESIAN_POINT('',(10.58716542612,-30.19787953217));
#1691 = CARTESIAN_POINT('',(10.123250660382,-30.36052526062));
#1692 = CARTESIAN_POINT('',(9.655587177484,-30.51247833743));
#1693 = CARTESIAN_POINT('',(9.18467148753,-30.65357743667));
#1694 = ( GEOMETRIC_REPRESENTATION_CONTEXT(2) 
PARAMETRIC_REPRESENTATION_CONTEXT() REPRESENTATION_CONTEXT('2D SPACE',''
  ) );
#1695 = ORIENTED_EDGE('',*,*,#1629,.T.);
#1696 = ORIENTED_EDGE('',*,*,#1697,.T.);
#1697 = EDGE_CURVE('',#1605,#1698,#1700,.T.);
#1698 = VERTEX_POINT('',#1699);
#1699 = CARTESIAN_POINT('',(2.325416471458,-31.91539500357,18.));
#1700 = SURFACE_CURVE('',#1701,(#1706,#1713),.PCURVE_S1.);
#1701 = B_SPLINE_CURVE_WITH_KNOTS('',3,(#1702,#1703,#1704,#1705),
  .UNSPECIFIED.,.F.,.F.,(4,4),(0.,1.),.PIECEWISE_BEZIER_KNOTS.);
#1702 = CARTESIAN_POINT('',(3.793327275356,-31.77437124762,18.));
#1703 = CARTESIAN_POINT('',(3.305193565302,-31.83264666235,18.));
#1704 = CARTESIAN_POINT('',(2.815716741021,-31.87967122271,18.));
#1705 = CARTESIAN_POINT('',(2.325416471458,-31.91539500357,18.));
#1706 = PCURVE('',#1644,#1707);
#1707 = DEFINITIONAL_REPRESENTATION('',(#1708),#1712);
#1708 = LINE('',#1709,#1710);
#1709 = CARTESIAN_POINT('',(1.,0.));
#1710 = VECTOR('',#1711,1.);
#1711 = DIRECTION('',(0.,1.));
#1712 = ( GEOMETRIC_REPRESENTATION_CONTEXT(2) 
PARAMETRIC_REPRESENTATION_CONTEXT() REPRESENTATION_CONTEXT('2D SPACE',''
  ) );
#1713 = PCURVE('',#128,#1714);
#1714 = DEFINITIONAL_REPRESENTATION('',(#1715),#1720);
#1715 = B_SPLINE_CURVE_WITH_KNOTS('',3,(#1716,#1717,#1718,#1719),
  .UNSPECIFIED.,.F.,.F.,(4,4),(0.,1.),.PIECEWISE_BEZIER_KNOTS.);
#1716 = CARTESIAN_POINT('',(-3.793327275356,-31.77437124762));
#1717 = CARTESIAN_POINT('',(-3.305193565302,-31.83264666235));
#1718 = CARTESIAN_POINT('',(-2.815716741021,-31.87967122271));
#1719 = CARTESIAN_POINT('',(-2.325416471458,-31.91539500357));
#1720 = ( GEOMETRIC_REPRESENTATION_CONTEXT(2) 
PARAMETRIC_REPRESENTATION_CONTEXT() REPRESENTATION_CONTEXT('2D SPACE',''
  ) );
#1721 = ORIENTED_EDGE('',*,*,#1722,.F.);
#1722 = EDGE_CURVE('',#1672,#1698,#1723,.T.);
#1723 = SURFACE_CURVE('',#1724,(#1729,#1736),.PCURVE_S1.);
#1724 = B_SPLINE_CURVE_WITH_KNOTS('',3,(#1725,#1726,#1727,#1728),
  .UNSPECIFIED.,.F.,.F.,(4,4),(0.,1.),.PIECEWISE_BEZIER_KNOTS.);
#1725 = CARTESIAN_POINT('',(9.18467148753,-30.65357743667,0.));
#1726 = CARTESIAN_POINT('',(6.953316865134,-31.32238163478,
    6.000000986407));
#1727 = CARTESIAN_POINT('',(4.648703176231,-31.74633467789,
    11.999999013593));
#1728 = CARTESIAN_POINT('',(2.325416471458,-31.91539500357,18.));
#1729 = PCURVE('',#1644,#1730);
#1730 = DEFINITIONAL_REPRESENTATION('',(#1731),#1735);
#1731 = LINE('',#1732,#1733);
#1732 = CARTESIAN_POINT('',(0.,1.));
#1733 = VECTOR('',#1734,1.);
#1734 = DIRECTION('',(1.,0.));
#1735 = ( GEOMETRIC_REPRESENTATION_CONTEXT(2) 
PARAMETRIC_REPRESENTATION_CONTEXT() REPRESENTATION_CONTEXT('2D SPACE',''
  ) );
#1736 = PCURVE('',#1737,#1754);
#1737 = B_SPLINE_SURFACE_WITH_KNOTS('',3,3,(
    (#1738,#1739,#1740,#1741)
    ,(#1742,#1743,#1744,#1745)
    ,(#1746,#1747,#1748,#1749)
    ,(#1750,#1751,#1752,#1753
    )),.UNSPECIFIED.,.F.,.F.,.F.,(4,4),(4,4),(0.,1.),(0.,1.),
  .PIECEWISE_BEZIER_KNOTS.);
#1738 = CARTESIAN_POINT('',(9.18467148753,-30.65357743667,0.));
#1739 = CARTESIAN_POINT('',(8.248824403522,-29.68957625873,0.));
#1740 = CARTESIAN_POINT('',(7.346424472004,-28.61754884613,0.));
#1741 = CARTESIAN_POINT('',(6.889665670717,-27.33591970922,0.));
#1742 = CARTESIAN_POINT('',(6.953316865134,-31.32238163478,
    6.000000986407));
#1743 = CARTESIAN_POINT('',(6.087637553819,-30.29024919827,
    6.000000986407));
#1744 = CARTESIAN_POINT('',(5.263269357838,-29.15252456517,
    6.000000986407));
#1745 = CARTESIAN_POINT('',(4.899803220349,-27.83763708043,
    6.000000986407));
#1746 = CARTESIAN_POINT('',(4.648703176231,-31.74633467789,
    11.999999013593));
#1747 = CARTESIAN_POINT('',(3.860662971274,-30.6537731593,
    11.999999013593));
#1748 = CARTESIAN_POINT('',(3.121530370487,-29.45891615457,
    11.999999013593));
#1749 = CARTESIAN_POINT('',(2.855000875395,-28.12100780238,
    11.999999013593));
#1750 = CARTESIAN_POINT('',(2.325416471458,-31.91539500357,18.));
#1751 = CARTESIAN_POINT('',(1.620647781322,-30.77153787564,18.));
#1752 = CARTESIAN_POINT('',(0.971935783144,-29.52946655998,18.));
#1753 = CARTESIAN_POINT('',(0.803690911025,-28.17932008269,18.));
#1754 = DEFINITIONAL_REPRESENTATION('',(#1755),#1759);
#1755 = LINE('',#1756,#1757);
#1756 = CARTESIAN_POINT('',(0.,0.));
#1757 = VECTOR('',#1758,1.);
#1758 = DIRECTION('',(1.,0.));
#1759 = ( GEOMETRIC_REPRESENTATION_CONTEXT(2) 
PARAMETRIC_REPRESENTATION_CONTEXT() REPRESENTATION_CONTEXT('2D SPACE',''
  ) );
#1760 = ADVANCED_FACE('',(#1761),#1737,.T.);
#1761 = FACE_BOUND('',#1762,.T.);
#1762 = EDGE_LOOP('',(#1763,#1788,#1789,#1814));
#1763 = ORIENTED_EDGE('',*,*,#1764,.F.);
#1764 = EDGE_CURVE('',#1672,#1765,#1767,.T.);
#1765 = VERTEX_POINT('',#1766);
#1766 = CARTESIAN_POINT('',(6.889665670717,-27.33591970922,0.));
#1767 = SURFACE_CURVE('',#1768,(#1773,#1780),.PCURVE_S1.);
#1768 = B_SPLINE_CURVE_WITH_KNOTS('',3,(#1769,#1770,#1771,#1772),
  .UNSPECIFIED.,.F.,.F.,(4,4),(0.,1.),.PIECEWISE_BEZIER_KNOTS.);
#1769 = CARTESIAN_POINT('',(9.18467148753,-30.65357743667,0.));
#1770 = CARTESIAN_POINT('',(8.248824403522,-29.68957625873,0.));
#1771 = CARTESIAN_POINT('',(7.346424472004,-28.61754884613,0.));
#1772 = CARTESIAN_POINT('',(6.889665670717,-27.33591970922,0.));
#1773 = PCURVE('',#1737,#1774);
#1774 = DEFINITIONAL_REPRESENTATION('',(#1775),#1779);
#1775 = LINE('',#1776,#1777);
#1776 = CARTESIAN_POINT('',(0.,0.));
#1777 = VECTOR('',#1778,1.);
#1778 = DIRECTION('',(0.,1.));
#1779 = ( GEOMETRIC_REPRESENTATION_CONTEXT(2) 
PARAMETRIC_REPRESENTATION_CONTEXT() REPRESENTATION_CONTEXT('2D SPACE',''
  ) );
#1780 = PCURVE('',#57,#1781);
#1781 = DEFINITIONAL_REPRESENTATION('',(#1782),#1787);
#1782 = B_SPLINE_CURVE_WITH_KNOTS('',3,(#1783,#1784,#1785,#1786),
  .UNSPECIFIED.,.F.,.F.,(4,4),(0.,1.),.PIECEWISE_BEZIER_KNOTS.);
#1783 = CARTESIAN_POINT('',(9.18467148753,-30.65357743667));
#1784 = CARTESIAN_POINT('',(8.248824403522,-29.68957625873));
#1785 = CARTESIAN_POINT('',(7.346424472004,-28.61754884613));
#1786 = CARTESIAN_POINT('',(6.889665670717,-27.33591970922));
#1787 = ( GEOMETRIC_REPRESENTATION_CONTEXT(2) 
PARAMETRIC_REPRESENTATION_CONTEXT() REPRESENTATION_CONTEXT('2D SPACE',''
  ) );
#1788 = ORIENTED_EDGE('',*,*,#1722,.T.);
#1789 = ORIENTED_EDGE('',*,*,#1790,.T.);
#1790 = EDGE_CURVE('',#1698,#1791,#1793,.T.);
#1791 = VERTEX_POINT('',#1792);
#1792 = CARTESIAN_POINT('',(0.803690911025,-28.17932008269,18.));
#1793 = SURFACE_CURVE('',#1794,(#1799,#1806),.PCURVE_S1.);
#1794 = B_SPLINE_CURVE_WITH_KNOTS('',3,(#1795,#1796,#1797,#1798),
  .UNSPECIFIED.,.F.,.F.,(4,4),(0.,1.),.PIECEWISE_BEZIER_KNOTS.);
#1795 = CARTESIAN_POINT('',(2.325416471458,-31.91539500357,18.));
#1796 = CARTESIAN_POINT('',(1.620647781322,-30.77153787564,18.));
#1797 = CARTESIAN_POINT('',(0.971935783144,-29.52946655998,18.));
#1798 = CARTESIAN_POINT('',(0.803690911025,-28.17932008269,18.));
#1799 = PCURVE('',#1737,#1800);
#1800 = DEFINITIONAL_REPRESENTATION('',(#1801),#1805);
#1801 = LINE('',#1802,#1803);
#1802 = CARTESIAN_POINT('',(1.,0.));
#1803 = VECTOR('',#1804,1.);
#1804 = DIRECTION('',(0.,1.));
#1805 = ( GEOMETRIC_REPRESENTATION_CONTEXT(2) 
PARAMETRIC_REPRESENTATION_CONTEXT() REPRESENTATION_CONTEXT('2D SPACE',''
  ) );
#1806 = PCURVE('',#128,#1807);
#1807 = DEFINITIONAL_REPRESENTATION('',(#1808),#1813);
#1808 = B_SPLINE_CURVE_WITH_KNOTS('',3,(#1809,#1810,#1811,#1812),
  .UNSPECIFIED.,.F.,.F.,(4,4),(0.,1.),.PIECEWISE_BEZIER_KNOTS.);
#1809 = CARTESIAN_POINT('',(-2.325416471458,-31.91539500357));
#1810 = CARTESIAN_POINT('',(-1.620647781322,-30.77153787564));
#1811 = CARTESIAN_POINT('',(-0.971935783144,-29.52946655998));
#1812 = CARTESIAN_POINT('',(-0.803690911025,-28.17932008269));
#1813 = ( GEOMETRIC_REPRESENTATION_CONTEXT(2) 
PARAMETRIC_REPRESENTATION_CONTEXT() REPRESENTATION_CONTEXT('2D SPACE',''
  ) );
#1814 = ORIENTED_EDGE('',*,*,#1815,.F.);
#1815 = EDGE_CURVE('',#1765,#1791,#1816,.T.);
#1816 = SURFACE_CURVE('',#1817,(#1822,#1829),.PCURVE_S1.);
#1817 = B_SPLINE_CURVE_WITH_KNOTS('',3,(#1818,#1819,#1820,#1821),
  .UNSPECIFIED.,.F.,.F.,(4,4),(0.,1.),.PIECEWISE_BEZIER_KNOTS.);
#1818 = CARTESIAN_POINT('',(6.889665670717,-27.33591970922,0.));
#1819 = CARTESIAN_POINT('',(4.899803266479,-27.83763707336,
    6.000000849768));
#1820 = CARTESIAN_POINT('',(2.855000829081,-28.12100780812,
    11.999999150232));
#1821 = CARTESIAN_POINT('',(0.803690911025,-28.17932008269,18.));
#1822 = PCURVE('',#1737,#1823);
#1823 = DEFINITIONAL_REPRESENTATION('',(#1824),#1828);
#1824 = LINE('',#1825,#1826);
#1825 = CARTESIAN_POINT('',(0.,1.));
#1826 = VECTOR('',#1827,1.);
#1827 = DIRECTION('',(1.,0.));
#1828 = ( GEOMETRIC_REPRESENTATION_CONTEXT(2) 
PARAMETRIC_REPRESENTATION_CONTEXT() REPRESENTATION_CONTEXT('2D SPACE',''
  ) );
#1829 = PCURVE('',#1830,#1847);
#1830 = B_SPLINE_SURFACE_WITH_KNOTS('',3,3,(
    (#1831,#1832,#1833,#1834)
    ,(#1835,#1836,#1837,#1838)
    ,(#1839,#1840,#1841,#1842)
    ,(#1843,#1844,#1845,#1846
    )),.UNSPECIFIED.,.F.,.F.,.F.,(4,4),(4,4),(0.,1.),(0.,1.),
  .PIECEWISE_BEZIER_KNOTS.);
#1831 = CARTESIAN_POINT('',(6.889665670717,-27.33591970922,0.));
#1832 = CARTESIAN_POINT('',(6.341946621565,-26.54943983272,0.));
#1833 = CARTESIAN_POINT('',(5.004973504363,-26.83362224156,0.));
#1834 = CARTESIAN_POINT('',(4.824497439761,-27.77488476766,0.));
#1835 = CARTESIAN_POINT('',(4.899803266479,-27.83763707336,
    6.000000849768));
#1836 = CARTESIAN_POINT('',(4.409332029393,-27.01128080416,
    6.000000849768));
#1837 = CARTESIAN_POINT('',(3.051662829891,-27.19814062761,
    6.000000849768));
#1838 = CARTESIAN_POINT('',(2.80266663532,-28.12627187541,6.000000849768
    ));
#1839 = CARTESIAN_POINT('',(2.855000829081,-28.12100780812,
    11.999999150232));
#1840 = CARTESIAN_POINT('',(2.426149422309,-27.26105828114,
    11.999999150232));
#1841 = CARTESIAN_POINT('',(1.05846309478,-27.34833003135,
    11.999999150232));
#1842 = CARTESIAN_POINT('',(0.742391145921,-28.25581294645,
    11.999999150232));
#1843 = CARTESIAN_POINT('',(0.803690911025,-28.17932008269,18.));
#1844 = CARTESIAN_POINT('',(0.439371844744,-27.29285611225,18.));
#1845 = CARTESIAN_POINT('',(-0.927415393971,-27.28063311342,18.));
#1846 = CARTESIAN_POINT('',(-1.307529986053,-28.16043971139,18.));
#1847 = DEFINITIONAL_REPRESENTATION('',(#1848),#1852);
#1848 = LINE('',#1849,#1850);
#1849 = CARTESIAN_POINT('',(0.,0.));
#1850 = VECTOR('',#1851,1.);
#1851 = DIRECTION('',(1.,0.));
#1852 = ( GEOMETRIC_REPRESENTATION_CONTEXT(2) 
PARAMETRIC_REPRESENTATION_CONTEXT() REPRESENTATION_CONTEXT('2D SPACE',''
  ) );
#1853 = ADVANCED_FACE('',(#1854),#1830,.T.);
#1854 = FACE_BOUND('',#1855,.T.);
#1855 = EDGE_LOOP('',(#1856,#1881,#1882,#1907));
#1856 = ORIENTED_EDGE('',*,*,#1857,.F.);
#1857 = EDGE_CURVE('',#1765,#1858,#1860,.T.);
#1858 = VERTEX_POINT('',#1859);
#1859 = CARTESIAN_POINT('',(4.824497439761,-27.77488476766,0.));
#1860 = SURFACE_CURVE('',#1861,(#1866,#1873),.PCURVE_S1.);
#1861 = B_SPLINE_CURVE_WITH_KNOTS('',3,(#1862,#1863,#1864,#1865),
  .UNSPECIFIED.,.F.,.F.,(4,4),(0.,1.),.PIECEWISE_BEZIER_KNOTS.);
#1862 = CARTESIAN_POINT('',(6.889665670717,-27.33591970922,0.));
#1863 = CARTESIAN_POINT('',(6.341946621565,-26.54943983272,0.));
#1864 = CARTESIAN_POINT('',(5.004973504363,-26.83362224156,0.));
#1865 = CARTESIAN_POINT('',(4.824497439761,-27.77488476766,0.));
#1866 = PCURVE('',#1830,#1867);
#1867 = DEFINITIONAL_REPRESENTATION('',(#1868),#1872);
#1868 = LINE('',#1869,#1870);
#1869 = CARTESIAN_POINT('',(0.,0.));
#1870 = VECTOR('',#1871,1.);
#1871 = DIRECTION('',(0.,1.));
#1872 = ( GEOMETRIC_REPRESENTATION_CONTEXT(2) 
PARAMETRIC_REPRESENTATION_CONTEXT() REPRESENTATION_CONTEXT('2D SPACE',''
  ) );
#1873 = PCURVE('',#57,#1874);
#1874 = DEFINITIONAL_REPRESENTATION('',(#1875),#1880);
#1875 = B_SPLINE_CURVE_WITH_KNOTS('',3,(#1876,#1877,#1878,#1879),
  .UNSPECIFIED.,.F.,.F.,(4,4),(0.,1.),.PIECEWISE_BEZIER_KNOTS.);
#1876 = CARTESIAN_POINT('',(6.889665670717,-27.33591970922));
#1877 = CARTESIAN_POINT('',(6.341946621565,-26.54943983272));
#1878 = CARTESIAN_POINT('',(5.004973504363,-26.83362224156));
#1879 = CARTESIAN_POINT('',(4.824497439761,-27.77488476766));
#1880 = ( GEOMETRIC_REPRESENTATION_CONTEXT(2) 
PARAMETRIC_REPRESENTATION_CONTEXT() REPRESENTATION_CONTEXT('2D SPACE',''
  ) );
#1881 = ORIENTED_EDGE('',*,*,#1815,.T.);
#1882 = ORIENTED_EDGE('',*,*,#1883,.T.);
#1883 = EDGE_CURVE('',#1791,#1884,#1886,.T.);
#1884 = VERTEX_POINT('',#1885);
#1885 = CARTESIAN_POINT('',(-1.307529986053,-28.16043971139,18.));
#1886 = SURFACE_CURVE('',#1887,(#1892,#1899),.PCURVE_S1.);
#1887 = B_SPLINE_CURVE_WITH_KNOTS('',3,(#1888,#1889,#1890,#1891),
  .UNSPECIFIED.,.F.,.F.,(4,4),(0.,1.),.PIECEWISE_BEZIER_KNOTS.);
#1888 = CARTESIAN_POINT('',(0.803690911025,-28.17932008269,18.));
#1889 = CARTESIAN_POINT('',(0.439371844744,-27.29285611225,18.));
#1890 = CARTESIAN_POINT('',(-0.927415393971,-27.28063311342,18.));
#1891 = CARTESIAN_POINT('',(-1.307529986053,-28.16043971139,18.));
#1892 = PCURVE('',#1830,#1893);
#1893 = DEFINITIONAL_REPRESENTATION('',(#1894),#1898);
#1894 = LINE('',#1895,#1896);
#1895 = CARTESIAN_POINT('',(1.,0.));
#1896 = VECTOR('',#1897,1.);
#1897 = DIRECTION('',(0.,1.));
#1898 = ( GEOMETRIC_REPRESENTATION_CONTEXT(2) 
PARAMETRIC_REPRESENTATION_CONTEXT() REPRESENTATION_CONTEXT('2D SPACE',''
  ) );
#1899 = PCURVE('',#128,#1900);
#1900 = DEFINITIONAL_REPRESENTATION('',(#1901),#1906);
#1901 = B_SPLINE_CURVE_WITH_KNOTS('',3,(#1902,#1903,#1904,#1905),
  .UNSPECIFIED.,.F.,.F.,(4,4),(0.,1.),.PIECEWISE_BEZIER_KNOTS.);
#1902 = CARTESIAN_POINT('',(-0.803690911025,-28.17932008269));
#1903 = CARTESIAN_POINT('',(-0.439371844744,-27.29285611225));
#1904 = CARTESIAN_POINT('',(0.927415393971,-27.28063311342));
#1905 = CARTESIAN_POINT('',(1.307529986053,-28.16043971139));
#1906 = ( GEOMETRIC_REPRESENTATION_CONTEXT(2) 
PARAMETRIC_REPRESENTATION_CONTEXT() REPRESENTATION_CONTEXT('2D SPACE',''
  ) );
#1907 = ORIENTED_EDGE('',*,*,#1908,.F.);
#1908 = EDGE_CURVE('',#1858,#1884,#1909,.T.);
#1909 = SURFACE_CURVE('',#1910,(#1915,#1922),.PCURVE_S1.);
#1910 = B_SPLINE_CURVE_WITH_KNOTS('',3,(#1911,#1912,#1913,#1914),
  .UNSPECIFIED.,.F.,.F.,(4,4),(0.,1.),.PIECEWISE_BEZIER_KNOTS.);
#1911 = CARTESIAN_POINT('',(4.824497439761,-27.77488476766,0.));
#1912 = CARTESIAN_POINT('',(2.80266663532,-28.12627187541,6.000000849768
    ));
#1913 = CARTESIAN_POINT('',(0.742391145921,-28.25581294645,
    11.999999150232));
#1914 = CARTESIAN_POINT('',(-1.307529986053,-28.16043971139,18.));
#1915 = PCURVE('',#1830,#1916);
#1916 = DEFINITIONAL_REPRESENTATION('',(#1917),#1921);
#1917 = LINE('',#1918,#1919);
#1918 = CARTESIAN_POINT('',(0.,1.));
#1919 = VECTOR('',#1920,1.);
#1920 = DIRECTION('',(1.,0.));
#1921 = ( GEOMETRIC_REPRESENTATION_CONTEXT(2) 
PARAMETRIC_REPRESENTATION_CONTEXT() REPRESENTATION_CONTEXT('2D SPACE',''
  ) );
#1922 = PCURVE('',#1923,#1940);
#1923 = B_SPLINE_SURFACE_WITH_KNOTS('',3,3,(
    (#1924,#1925,#1926,#1927)
    ,(#1928,#1929,#1930,#1931)
    ,(#1932,#1933,#1934,#1935)
    ,(#1936,#1937,#1938,#1939
    )),.UNSPECIFIED.,.F.,.F.,.F.,(4,4),(4,4),(0.,1.),(0.,1.),
  .PIECEWISE_BEZIER_KNOTS.);
#1924 = CARTESIAN_POINT('',(4.824497439761,-27.77488476766,0.));
#1925 = CARTESIAN_POINT('',(4.92851304442,-29.1314917856,0.));
#1926 = CARTESIAN_POINT('',(4.540162517091,-30.4778766777,0.));
#1927 = CARTESIAN_POINT('',(4.077318267485,-31.73917887636,0.));
#1928 = CARTESIAN_POINT('',(2.802666588791,-28.12627187901,
    6.000000986407));
#1929 = CARTESIAN_POINT('',(2.807929133906,-29.49045992919,
    6.000000986407));
#1930 = CARTESIAN_POINT('',(2.321566306199,-30.80858415062,
    6.000000986407));
#1931 = CARTESIAN_POINT('',(1.766902815413,-32.03620235207,
    6.000000986407));
#1932 = CARTESIAN_POINT('',(0.742391192535,-28.2558129442,
    11.999999013593));
#1933 = CARTESIAN_POINT('',(0.648074204715,-29.61674682812,
    11.999999013593));
#1934 = CARTESIAN_POINT('',(6.680497254565E-02,-30.89585837253,
    11.999999013593));
#1935 = CARTESIAN_POINT('',(-0.575977169284,-32.07972033859,
    11.999999013593));
#1936 = CARTESIAN_POINT('',(-1.307529986053,-28.16043971139,18.));
#1937 = CARTESIAN_POINT('',(-1.499894383854,-29.50736130732,18.));
#1938 = CARTESIAN_POINT('',(-2.170716213856,-30.73763220519,18.));
#1939 = CARTESIAN_POINT('',(-2.895829277578,-31.86870208833,18.));
#1940 = DEFINITIONAL_REPRESENTATION('',(#1941),#1945);
#1941 = LINE('',#1942,#1943);
#1942 = CARTESIAN_POINT('',(0.,0.));
#1943 = VECTOR('',#1944,1.);
#1944 = DIRECTION('',(1.,0.));
#1945 = ( GEOMETRIC_REPRESENTATION_CONTEXT(2) 
PARAMETRIC_REPRESENTATION_CONTEXT() REPRESENTATION_CONTEXT('2D SPACE',''
  ) );
#1946 = ADVANCED_FACE('',(#1947),#1923,.T.);
#1947 = FACE_BOUND('',#1948,.T.);
#1948 = EDGE_LOOP('',(#1949,#1974,#1975,#2000));
#1949 = ORIENTED_EDGE('',*,*,#1950,.F.);
#1950 = EDGE_CURVE('',#1858,#1951,#1953,.T.);
#1951 = VERTEX_POINT('',#1952);
#1952 = CARTESIAN_POINT('',(4.077318267485,-31.73917887636,0.));
#1953 = SURFACE_CURVE('',#1954,(#1959,#1966),.PCURVE_S1.);
#1954 = B_SPLINE_CURVE_WITH_KNOTS('',3,(#1955,#1956,#1957,#1958),
  .UNSPECIFIED.,.F.,.F.,(4,4),(0.,1.),.PIECEWISE_BEZIER_KNOTS.);
#1955 = CARTESIAN_POINT('',(4.824497439761,-27.77488476766,0.));
#1956 = CARTESIAN_POINT('',(4.92851304442,-29.1314917856,0.));
#1957 = CARTESIAN_POINT('',(4.540162517091,-30.4778766777,0.));
#1958 = CARTESIAN_POINT('',(4.077318267485,-31.73917887636,0.));
#1959 = PCURVE('',#1923,#1960);
#1960 = DEFINITIONAL_REPRESENTATION('',(#1961),#1965);
#1961 = LINE('',#1962,#1963);
#1962 = CARTESIAN_POINT('',(0.,0.));
#1963 = VECTOR('',#1964,1.);
#1964 = DIRECTION('',(0.,1.));
#1965 = ( GEOMETRIC_REPRESENTATION_CONTEXT(2) 
PARAMETRIC_REPRESENTATION_CONTEXT() REPRESENTATION_CONTEXT('2D SPACE',''
  ) );
#1966 = PCURVE('',#57,#1967);
#1967 = DEFINITIONAL_REPRESENTATION('',(#1968),#1973);
#1968 = B_SPLINE_CURVE_WITH_KNOTS('',3,(#1969,#1970,#1971,#1972),
  .UNSPECIFIED.,.F.,.F.,(4,4),(0.,1.),.PIECEWISE_BEZIER_KNOTS.);
#1969 = CARTESIAN_POINT('',(4.824497439761,-27.77488476766));
#1970 = CARTESIAN_POINT('',(4.92851304442,-29.1314917856));
#1971 = CARTESIAN_POINT('',(4.540162517091,-30.4778766777));
#1972 = CARTESIAN_POINT('',(4.077318267485,-31.73917887636));
#1973 = ( GEOMETRIC_REPRESENTATION_CONTEXT(2) 
PARAMETRIC_REPRESENTATION_CONTEXT() REPRESENTATION_CONTEXT('2D SPACE',''
  ) );
#1974 = ORIENTED_EDGE('',*,*,#1908,.T.);
#1975 = ORIENTED_EDGE('',*,*,#1976,.T.);
#1976 = EDGE_CURVE('',#1884,#1977,#1979,.T.);
#1977 = VERTEX_POINT('',#1978);
#1978 = CARTESIAN_POINT('',(-2.895829277578,-31.86870208833,18.));
#1979 = SURFACE_CURVE('',#1980,(#1985,#1992),.PCURVE_S1.);
#1980 = B_SPLINE_CURVE_WITH_KNOTS('',3,(#1981,#1982,#1983,#1984),
  .UNSPECIFIED.,.F.,.F.,(4,4),(0.,1.),.PIECEWISE_BEZIER_KNOTS.);
#1981 = CARTESIAN_POINT('',(-1.307529986053,-28.16043971139,18.));
#1982 = CARTESIAN_POINT('',(-1.499894383854,-29.50736130732,18.));
#1983 = CARTESIAN_POINT('',(-2.170716213856,-30.73763220519,18.));
#1984 = CARTESIAN_POINT('',(-2.895829277578,-31.86870208833,18.));
#1985 = PCURVE('',#1923,#1986);
#1986 = DEFINITIONAL_REPRESENTATION('',(#1987),#1991);
#1987 = LINE('',#1988,#1989);
#1988 = CARTESIAN_POINT('',(1.,0.));
#1989 = VECTOR('',#1990,1.);
#1990 = DIRECTION('',(0.,1.));
#1991 = ( GEOMETRIC_REPRESENTATION_CONTEXT(2) 
PARAMETRIC_REPRESENTATION_CONTEXT() REPRESENTATION_CONTEXT('2D SPACE',''
  ) );
#1992 = PCURVE('',#128,#1993);
#1993 = DEFINITIONAL_REPRESENTATION('',(#1994),#1999);
#1994 = B_SPLINE_CURVE_WITH_KNOTS('',3,(#1995,#1996,#1997,#1998),
  .UNSPECIFIED.,.F.,.F.,(4,4),(0.,1.),.PIECEWISE_BEZIER_KNOTS.);
#1995 = CARTESIAN_POINT('',(1.307529986053,-28.16043971139));
#1996 = CARTESIAN_POINT('',(1.499894383854,-29.50736130732));
#1997 = CARTESIAN_POINT('',(2.170716213856,-30.73763220519));
#1998 = CARTESIAN_POINT('',(2.895829277578,-31.86870208833));
#1999 = ( GEOMETRIC_REPRESENTATION_CONTEXT(2) 
PARAMETRIC_REPRESENTATION_CONTEXT() REPRESENTATION_CONTEXT('2D SPACE',''
  ) );
#2000 = ORIENTED_EDGE('',*,*,#2001,.F.);
#2001 = EDGE_CURVE('',#1951,#1977,#2002,.T.);
#2002 = SURFACE_CURVE('',#2003,(#2008,#2015),.PCURVE_S1.);
#2003 = B_SPLINE_CURVE_WITH_KNOTS('',3,(#2004,#2005,#2006,#2007),
  .UNSPECIFIED.,.F.,.F.,(4,4),(0.,1.),.PIECEWISE_BEZIER_KNOTS.);
#2004 = CARTESIAN_POINT('',(4.077318267485,-31.73917887636,0.));
#2005 = CARTESIAN_POINT('',(1.766902815413,-32.03620235207,
    6.000000986407));
#2006 = CARTESIAN_POINT('',(-0.575977169284,-32.07972033859,
    11.999999013593));
#2007 = CARTESIAN_POINT('',(-2.895829277578,-31.86870208833,18.));
#2008 = PCURVE('',#1923,#2009);
#2009 = DEFINITIONAL_REPRESENTATION('',(#2010),#2014);
#2010 = LINE('',#2011,#2012);
#2011 = CARTESIAN_POINT('',(0.,1.));
#2012 = VECTOR('',#2013,1.);
#2013 = DIRECTION('',(1.,0.));
#2014 = ( GEOMETRIC_REPRESENTATION_CONTEXT(2) 
PARAMETRIC_REPRESENTATION_CONTEXT() REPRESENTATION_CONTEXT('2D SPACE',''
  ) );
#2015 = PCURVE('',#2016,#2033);
#2016 = B_SPLINE_SURFACE_WITH_KNOTS('',3,3,(
    (#2017,#2018,#2019,#2020)
    ,(#2021,#2022,#2023,#2024)
    ,(#2025,#2026,#2027,#2028)
    ,(#2029,#2030,#2031,#2032
    )),.UNSPECIFIED.,.F.,.F.,.F.,(4,4),(4,4),(0.,1.),(0.,1.),
  .PIECEWISE_BEZIER_KNOTS.);
#2017 = CARTESIAN_POINT('',(4.077318267485,-31.73917887636,0.));
#2018 = CARTESIAN_POINT('',(3.589725204027,-31.80181710207,0.));
#2019 = CARTESIAN_POINT('',(3.100688469157,-31.8532169341,0.));
#2020 = CARTESIAN_POINT('',(2.610727264583,-31.89332380216,0.));
#2021 = CARTESIAN_POINT('',(1.766902773879,-32.03620235344,
    6.000001093596));
#2022 = CARTESIAN_POINT('',(1.274746656402,-32.06334682638,
    6.000001093596));
#2023 = CARTESIAN_POINT('',(0.781964952915,-32.07914773741,
    6.000001093596));
#2024 = CARTESIAN_POINT('',(0.289080841093,-32.083588311,6.000001093596)
  );
#2025 = CARTESIAN_POINT('',(-0.575977127728,-32.07972033842,
    11.999998906404));
#2026 = CARTESIAN_POINT('',(-1.068801821675,-32.07087232073,
    11.999998906404));
#2027 = CARTESIAN_POINT('',(-1.561422521437,-32.05066533562,
    11.999998906404));
#2028 = CARTESIAN_POINT('',(-2.053316220274,-32.0191208365,
    11.999998906404));
#2029 = CARTESIAN_POINT('',(-2.895829277578,-31.86870208833,18.));
#2030 = CARTESIAN_POINT('',(-3.385412234913,-31.82421534042,18.));
#2031 = CARTESIAN_POINT('',(-3.873969772053,-31.76844434717,18.));
#2032 = CARTESIAN_POINT('',(-4.360983196047,-31.70144831965,18.));
#2033 = DEFINITIONAL_REPRESENTATION('',(#2034),#2038);
#2034 = LINE('',#2035,#2036);
#2035 = CARTESIAN_POINT('',(0.,0.));
#2036 = VECTOR('',#2037,1.);
#2037 = DIRECTION('',(1.,0.));
#2038 = ( GEOMETRIC_REPRESENTATION_CONTEXT(2) 
PARAMETRIC_REPRESENTATION_CONTEXT() REPRESENTATION_CONTEXT('2D SPACE',''
  ) );
#2039 = ADVANCED_FACE('',(#2040),#2016,.T.);
#2040 = FACE_BOUND('',#2041,.T.);
#2041 = EDGE_LOOP('',(#2042,#2067,#2068,#2093));
#2042 = ORIENTED_EDGE('',*,*,#2043,.F.);
#2043 = EDGE_CURVE('',#1951,#2044,#2046,.T.);
#2044 = VERTEX_POINT('',#2045);
#2045 = CARTESIAN_POINT('',(2.610727264583,-31.89332380216,0.));
#2046 = SURFACE_CURVE('',#2047,(#2052,#2059),.PCURVE_S1.);
#2047 = B_SPLINE_CURVE_WITH_KNOTS('',3,(#2048,#2049,#2050,#2051),
  .UNSPECIFIED.,.F.,.F.,(4,4),(0.,1.),.PIECEWISE_BEZIER_KNOTS.);
#2048 = CARTESIAN_POINT('',(4.077318267485,-31.73917887636,0.));
#2049 = CARTESIAN_POINT('',(3.589725204027,-31.80181710207,0.));
#2050 = CARTESIAN_POINT('',(3.100688469157,-31.8532169341,0.));
#2051 = CARTESIAN_POINT('',(2.610727264583,-31.89332380216,0.));
#2052 = PCURVE('',#2016,#2053);
#2053 = DEFINITIONAL_REPRESENTATION('',(#2054),#2058);
#2054 = LINE('',#2055,#2056);
#2055 = CARTESIAN_POINT('',(0.,0.));
#2056 = VECTOR('',#2057,1.);
#2057 = DIRECTION('',(0.,1.));
#2058 = ( GEOMETRIC_REPRESENTATION_CONTEXT(2) 
PARAMETRIC_REPRESENTATION_CONTEXT() REPRESENTATION_CONTEXT('2D SPACE',''
  ) );
#2059 = PCURVE('',#57,#2060);
#2060 = DEFINITIONAL_REPRESENTATION('',(#2061),#2066);
#2061 = B_SPLINE_CURVE_WITH_KNOTS('',3,(#2062,#2063,#2064,#2065),
  .UNSPECIFIED.,.F.,.F.,(4,4),(0.,1.),.PIECEWISE_BEZIER_KNOTS.);
#2062 = CARTESIAN_POINT('',(4.077318267485,-31.73917887636));
#2063 = CARTESIAN_POINT('',(3.589725204027,-31.80181710207));
#2064 = CARTESIAN_POINT('',(3.100688469157,-31.8532169341));
#2065 = CARTESIAN_POINT('',(2.610727264583,-31.89332380216));
#2066 = ( GEOMETRIC_REPRESENTATION_CONTEXT(2) 
PARAMETRIC_REPRESENTATION_CONTEXT() REPRESENTATION_CONTEXT('2D SPACE',''
  ) );
#2067 = ORIENTED_EDGE('',*,*,#2001,.T.);
#2068 = ORIENTED_EDGE('',*,*,#2069,.T.);
#2069 = EDGE_CURVE('',#1977,#2070,#2072,.T.);
#2070 = VERTEX_POINT('',#2071);
#2071 = CARTESIAN_POINT('',(-4.360983196047,-31.70144831965,18.));
#2072 = SURFACE_CURVE('',#2073,(#2078,#2085),.PCURVE_S1.);
#2073 = B_SPLINE_CURVE_WITH_KNOTS('',3,(#2074,#2075,#2076,#2077),
  .UNSPECIFIED.,.F.,.F.,(4,4),(0.,1.),.PIECEWISE_BEZIER_KNOTS.);
#2074 = CARTESIAN_POINT('',(-2.895829277578,-31.86870208833,18.));
#2075 = CARTESIAN_POINT('',(-3.385412234913,-31.82421534042,18.));
#2076 = CARTESIAN_POINT('',(-3.873969772053,-31.76844434717,18.));
#2077 = CARTESIAN_POINT('',(-4.360983196047,-31.70144831965,18.));
#2078 = PCURVE('',#2016,#2079);
#2079 = DEFINITIONAL_REPRESENTATION('',(#2080),#2084);
#2080 = LINE('',#2081,#2082);
#2081 = CARTESIAN_POINT('',(1.,0.));
#2082 = VECTOR('',#2083,1.);
#2083 = DIRECTION('',(0.,1.));
#2084 = ( GEOMETRIC_REPRESENTATION_CONTEXT(2) 
PARAMETRIC_REPRESENTATION_CONTEXT() REPRESENTATION_CONTEXT('2D SPACE',''
  ) );
#2085 = PCURVE('',#128,#2086);
#2086 = DEFINITIONAL_REPRESENTATION('',(#2087),#2092);
#2087 = B_SPLINE_CURVE_WITH_KNOTS('',3,(#2088,#2089,#2090,#2091),
  .UNSPECIFIED.,.F.,.F.,(4,4),(0.,1.),.PIECEWISE_BEZIER_KNOTS.);
#2088 = CARTESIAN_POINT('',(2.895829277578,-31.86870208833));
#2089 = CARTESIAN_POINT('',(3.385412234913,-31.82421534042));
#2090 = CARTESIAN_POINT('',(3.873969772053,-31.76844434717));
#2091 = CARTESIAN_POINT('',(4.360983196047,-31.70144831965));
#2092 = ( GEOMETRIC_REPRESENTATION_CONTEXT(2) 
PARAMETRIC_REPRESENTATION_CONTEXT() REPRESENTATION_CONTEXT('2D SPACE',''
  ) );
#2093 = ORIENTED_EDGE('',*,*,#2094,.F.);
#2094 = EDGE_CURVE('',#2044,#2070,#2095,.T.);
#2095 = SURFACE_CURVE('',#2096,(#2101,#2108),.PCURVE_S1.);
#2096 = B_SPLINE_CURVE_WITH_KNOTS('',3,(#2097,#2098,#2099,#2100),
  .UNSPECIFIED.,.F.,.F.,(4,4),(0.,1.),.PIECEWISE_BEZIER_KNOTS.);
#2097 = CARTESIAN_POINT('',(2.610727264583,-31.89332380216,0.));
#2098 = CARTESIAN_POINT('',(0.289080882646,-32.08358831155,
    6.000000986407));
#2099 = CARTESIAN_POINT('',(-2.053316261794,-32.01912083475,
    11.999999013593));
#2100 = CARTESIAN_POINT('',(-4.360983196047,-31.70144831965,18.));
#2101 = PCURVE('',#2016,#2102);
#2102 = DEFINITIONAL_REPRESENTATION('',(#2103),#2107);
#2103 = LINE('',#2104,#2105);
#2104 = CARTESIAN_POINT('',(0.,1.));
#2105 = VECTOR('',#2106,1.);
#2106 = DIRECTION('',(1.,0.));
#2107 = ( GEOMETRIC_REPRESENTATION_CONTEXT(2) 
PARAMETRIC_REPRESENTATION_CONTEXT() REPRESENTATION_CONTEXT('2D SPACE',''
  ) );
#2108 = PCURVE('',#2109,#2126);
#2109 = B_SPLINE_SURFACE_WITH_KNOTS('',3,3,(
    (#2110,#2111,#2112,#2113)
    ,(#2114,#2115,#2116,#2117)
    ,(#2118,#2119,#2120,#2121)
    ,(#2122,#2123,#2124,#2125
    )),.UNSPECIFIED.,.F.,.F.,.F.,(4,4),(4,4),(0.,1.),(0.,1.),
  .PIECEWISE_BEZIER_KNOTS.);
#2110 = CARTESIAN_POINT('',(2.610727264583,-31.89332380216,0.));
#2111 = CARTESIAN_POINT('',(1.895757799563,-30.75581481327,0.));
#2112 = CARTESIAN_POINT('',(1.235964503604,-29.51959427616,0.));
#2113 = CARTESIAN_POINT('',(1.055652658866,-28.1710063162,0.));
#2114 = CARTESIAN_POINT('',(0.289080882646,-32.08358831155,
    6.000000986407));
#2115 = CARTESIAN_POINT('',(-0.343088858699,-30.89402559582,
    6.000000986407));
#2116 = CARTESIAN_POINT('',(-0.912896379566,-29.60976719017,
    6.000000986407));
#2117 = CARTESIAN_POINT('',(-0.995039429713,-28.24804429254,
    6.000000986407));
#2118 = CARTESIAN_POINT('',(-2.053316261794,-32.01912083475,
    11.999999013593));
#2119 = CARTESIAN_POINT('',(-2.596979584903,-30.78659163525,
    11.999999013593));
#2120 = CARTESIAN_POINT('',(-3.071535624846,-29.46417081408,
    11.999999013593));
#2121 = CARTESIAN_POINT('',(-3.054074023333,-28.10008437141,
    11.999999013593));
#2122 = CARTESIAN_POINT('',(-4.360983196047,-31.70144831965,18.));
#2123 = CARTESIAN_POINT('',(-4.812529729852,-30.43605756438,18.));
#2124 = CARTESIAN_POINT('',(-5.188824667083,-29.08625367863,18.));
#2125 = CARTESIAN_POINT('',(-5.072681748137,-27.7306310654,18.));
#2126 = DEFINITIONAL_REPRESENTATION('',(#2127),#2131);
#2127 = LINE('',#2128,#2129);
#2128 = CARTESIAN_POINT('',(0.,0.));
#2129 = VECTOR('',#2130,1.);
#2130 = DIRECTION('',(1.,0.));
#2131 = ( GEOMETRIC_REPRESENTATION_CONTEXT(2) 
PARAMETRIC_REPRESENTATION_CONTEXT() REPRESENTATION_CONTEXT('2D SPACE',''
  ) );
#2132 = ADVANCED_FACE('',(#2133),#2109,.T.);
#2133 = FACE_BOUND('',#2134,.T.);
#2134 = EDGE_LOOP('',(#2135,#2160,#2161,#2186));
#2135 = ORIENTED_EDGE('',*,*,#2136,.F.);
#2136 = EDGE_CURVE('',#2044,#2137,#2139,.T.);
#2137 = VERTEX_POINT('',#2138);
#2138 = CARTESIAN_POINT('',(1.055652658866,-28.1710063162,0.));
#2139 = SURFACE_CURVE('',#2140,(#2145,#2152),.PCURVE_S1.);
#2140 = B_SPLINE_CURVE_WITH_KNOTS('',3,(#2141,#2142,#2143,#2144),
  .UNSPECIFIED.,.F.,.F.,(4,4),(0.,1.),.PIECEWISE_BEZIER_KNOTS.);
#2141 = CARTESIAN_POINT('',(2.610727264583,-31.89332380216,0.));
#2142 = CARTESIAN_POINT('',(1.895757799563,-30.75581481327,0.));
#2143 = CARTESIAN_POINT('',(1.235964503604,-29.51959427616,0.));
#2144 = CARTESIAN_POINT('',(1.055652658866,-28.1710063162,0.));
#2145 = PCURVE('',#2109,#2146);
#2146 = DEFINITIONAL_REPRESENTATION('',(#2147),#2151);
#2147 = LINE('',#2148,#2149);
#2148 = CARTESIAN_POINT('',(0.,0.));
#2149 = VECTOR('',#2150,1.);
#2150 = DIRECTION('',(0.,1.));
#2151 = ( GEOMETRIC_REPRESENTATION_CONTEXT(2) 
PARAMETRIC_REPRESENTATION_CONTEXT() REPRESENTATION_CONTEXT('2D SPACE',''
  ) );
#2152 = PCURVE('',#57,#2153);
#2153 = DEFINITIONAL_REPRESENTATION('',(#2154),#2159);
#2154 = B_SPLINE_CURVE_WITH_KNOTS('',3,(#2155,#2156,#2157,#2158),
  .UNSPECIFIED.,.F.,.F.,(4,4),(0.,1.),.PIECEWISE_BEZIER_KNOTS.);
#2155 = CARTESIAN_POINT('',(2.610727264583,-31.89332380216));
#2156 = CARTESIAN_POINT('',(1.895757799563,-30.75581481327));
#2157 = CARTESIAN_POINT('',(1.235964503604,-29.51959427616));
#2158 = CARTESIAN_POINT('',(1.055652658866,-28.1710063162));
#2159 = ( GEOMETRIC_REPRESENTATION_CONTEXT(2) 
PARAMETRIC_REPRESENTATION_CONTEXT() REPRESENTATION_CONTEXT('2D SPACE',''
  ) );
#2160 = ORIENTED_EDGE('',*,*,#2094,.T.);
#2161 = ORIENTED_EDGE('',*,*,#2162,.T.);
#2162 = EDGE_CURVE('',#2070,#2163,#2165,.T.);
#2163 = VERTEX_POINT('',#2164);
#2164 = CARTESIAN_POINT('',(-5.072681748137,-27.7306310654,18.));
#2165 = SURFACE_CURVE('',#2166,(#2171,#2178),.PCURVE_S1.);
#2166 = B_SPLINE_CURVE_WITH_KNOTS('',3,(#2167,#2168,#2169,#2170),
  .UNSPECIFIED.,.F.,.F.,(4,4),(0.,1.),.PIECEWISE_BEZIER_KNOTS.);
#2167 = CARTESIAN_POINT('',(-4.360983196047,-31.70144831965,18.));
#2168 = CARTESIAN_POINT('',(-4.812529729852,-30.43605756438,18.));
#2169 = CARTESIAN_POINT('',(-5.188824667083,-29.08625367863,18.));
#2170 = CARTESIAN_POINT('',(-5.072681748137,-27.7306310654,18.));
#2171 = PCURVE('',#2109,#2172);
#2172 = DEFINITIONAL_REPRESENTATION('',(#2173),#2177);
#2173 = LINE('',#2174,#2175);
#2174 = CARTESIAN_POINT('',(1.,0.));
#2175 = VECTOR('',#2176,1.);
#2176 = DIRECTION('',(0.,1.));
#2177 = ( GEOMETRIC_REPRESENTATION_CONTEXT(2) 
PARAMETRIC_REPRESENTATION_CONTEXT() REPRESENTATION_CONTEXT('2D SPACE',''
  ) );
#2178 = PCURVE('',#128,#2179);
#2179 = DEFINITIONAL_REPRESENTATION('',(#2180),#2185);
#2180 = B_SPLINE_CURVE_WITH_KNOTS('',3,(#2181,#2182,#2183,#2184),
  .UNSPECIFIED.,.F.,.F.,(4,4),(0.,1.),.PIECEWISE_BEZIER_KNOTS.);
#2181 = CARTESIAN_POINT('',(4.360983196047,-31.70144831965));
#2182 = CARTESIAN_POINT('',(4.812529729852,-30.43605756438));
#2183 = CARTESIAN_POINT('',(5.188824667083,-29.08625367863));
#2184 = CARTESIAN_POINT('',(5.072681748137,-27.7306310654));
#2185 = ( GEOMETRIC_REPRESENTATION_CONTEXT(2) 
PARAMETRIC_REPRESENTATION_CONTEXT() REPRESENTATION_CONTEXT('2D SPACE',''
  ) );
#2186 = ORIENTED_EDGE('',*,*,#2187,.F.);
#2187 = EDGE_CURVE('',#2137,#2163,#2188,.T.);
#2188 = SURFACE_CURVE('',#2189,(#2194,#2201),.PCURVE_S1.);
#2189 = B_SPLINE_CURVE_WITH_KNOTS('',3,(#2190,#2191,#2192,#2193),
  .UNSPECIFIED.,.F.,.F.,(4,4),(0.,1.),.PIECEWISE_BEZIER_KNOTS.);
#2190 = CARTESIAN_POINT('',(1.055652658866,-28.1710063162,0.));
#2191 = CARTESIAN_POINT('',(-0.995039383121,-28.24804429521,
    6.000000849768));
#2192 = CARTESIAN_POINT('',(-3.054074069828,-28.10008436739,
    11.999999150232));
#2193 = CARTESIAN_POINT('',(-5.072681748137,-27.7306310654,18.));
#2194 = PCURVE('',#2109,#2195);
#2195 = DEFINITIONAL_REPRESENTATION('',(#2196),#2200);
#2196 = LINE('',#2197,#2198);
#2197 = CARTESIAN_POINT('',(0.,1.));
#2198 = VECTOR('',#2199,1.);
#2199 = DIRECTION('',(1.,0.));
#2200 = ( GEOMETRIC_REPRESENTATION_CONTEXT(2) 
PARAMETRIC_REPRESENTATION_CONTEXT() REPRESENTATION_CONTEXT('2D SPACE',''
  ) );
#2201 = PCURVE('',#2202,#2219);
#2202 = B_SPLINE_SURFACE_WITH_KNOTS('',3,3,(
    (#2203,#2204,#2205,#2206)
    ,(#2207,#2208,#2209,#2210)
    ,(#2211,#2212,#2213,#2214)
    ,(#2215,#2216,#2217,#2218
    )),.UNSPECIFIED.,.F.,.F.,.F.,(4,4),(4,4),(0.,1.),(0.,1.),
  .PIECEWISE_BEZIER_KNOTS.);
#2203 = CARTESIAN_POINT('',(1.055652658866,-28.1710063162,0.));
#2204 = CARTESIAN_POINT('',(0.683420945979,-27.28783571837,0.));
#2205 = CARTESIAN_POINT('',(-0.683420945979,-27.28783571837,0.));
#2206 = CARTESIAN_POINT('',(-1.055652658866,-28.1710063162,0.));
#2207 = CARTESIAN_POINT('',(-0.995039383121,-28.24804429521,
    6.000000849768));
#2208 = CARTESIAN_POINT('',(-1.302983517759,-27.33777118895,
    6.000000849768));
#2209 = CARTESIAN_POINT('',(-2.669834729681,-27.23827237809,
    6.000000849768));
#2210 = CARTESIAN_POINT('',(-3.106359097023,-28.09435251147,
    6.000000849768));
#2211 = CARTESIAN_POINT('',(-3.054074069828,-28.10008436739,
    11.999999150232));
#2212 = CARTESIAN_POINT('',(-3.29476048426,-27.16976357973,
    11.999999150232));
#2213 = CARTESIAN_POINT('',(-4.650704401237,-26.97077025595,
    11.999999150232));
#2214 = CARTESIAN_POINT('',(-5.14854572694,-27.79270743875,
    11.999999150232));
#2215 = CARTESIAN_POINT('',(-5.072681748137,-27.7306310654,18.));
#2216 = CARTESIAN_POINT('',(-5.244733345779,-26.78779226651,18.));
#2217 = CARTESIAN_POINT('',(-6.579111699688,-26.49166532374,18.));
#2218 = CARTESIAN_POINT('',(-7.133841953313,-27.27321576911,18.));
#2219 = DEFINITIONAL_REPRESENTATION('',(#2220),#2224);
#2220 = LINE('',#2221,#2222);
#2221 = CARTESIAN_POINT('',(0.,0.));
#2222 = VECTOR('',#2223,1.);
#2223 = DIRECTION('',(1.,0.));
#2224 = ( GEOMETRIC_REPRESENTATION_CONTEXT(2) 
PARAMETRIC_REPRESENTATION_CONTEXT() REPRESENTATION_CONTEXT('2D SPACE',''
  ) );
#2225 = ADVANCED_FACE('',(#2226),#2202,.T.);
#2226 = FACE_BOUND('',#2227,.T.);
#2227 = EDGE_LOOP('',(#2228,#2253,#2254,#2279));
#2228 = ORIENTED_EDGE('',*,*,#2229,.F.);
#2229 = EDGE_CURVE('',#2137,#2230,#2232,.T.);
#2230 = VERTEX_POINT('',#2231);
#2231 = CARTESIAN_POINT('',(-1.055652658866,-28.1710063162,0.));
#2232 = SURFACE_CURVE('',#2233,(#2238,#2245),.PCURVE_S1.);
#2233 = B_SPLINE_CURVE_WITH_KNOTS('',3,(#2234,#2235,#2236,#2237),
  .UNSPECIFIED.,.F.,.F.,(4,4),(0.,1.),.PIECEWISE_BEZIER_KNOTS.);
#2234 = CARTESIAN_POINT('',(1.055652658866,-28.1710063162,0.));
#2235 = CARTESIAN_POINT('',(0.683420945979,-27.28783571837,0.));
#2236 = CARTESIAN_POINT('',(-0.683420945979,-27.28783571837,0.));
#2237 = CARTESIAN_POINT('',(-1.055652658866,-28.1710063162,0.));
#2238 = PCURVE('',#2202,#2239);
#2239 = DEFINITIONAL_REPRESENTATION('',(#2240),#2244);
#2240 = LINE('',#2241,#2242);
#2241 = CARTESIAN_POINT('',(0.,0.));
#2242 = VECTOR('',#2243,1.);
#2243 = DIRECTION('',(0.,1.));
#2244 = ( GEOMETRIC_REPRESENTATION_CONTEXT(2) 
PARAMETRIC_REPRESENTATION_CONTEXT() REPRESENTATION_CONTEXT('2D SPACE',''
  ) );
#2245 = PCURVE('',#57,#2246);
#2246 = DEFINITIONAL_REPRESENTATION('',(#2247),#2252);
#2247 = B_SPLINE_CURVE_WITH_KNOTS('',3,(#2248,#2249,#2250,#2251),
  .UNSPECIFIED.,.F.,.F.,(4,4),(0.,1.),.PIECEWISE_BEZIER_KNOTS.);
#2248 = CARTESIAN_POINT('',(1.055652658866,-28.1710063162));
#2249 = CARTESIAN_POINT('',(0.683420945979,-27.28783571837));
#2250 = CARTESIAN_POINT('',(-0.683420945979,-27.28783571837));
#2251 = CARTESIAN_POINT('',(-1.055652658866,-28.1710063162));
#2252 = ( GEOMETRIC_REPRESENTATION_CONTEXT(2) 
PARAMETRIC_REPRESENTATION_CONTEXT() REPRESENTATION_CONTEXT('2D SPACE',''
  ) );
#2253 = ORIENTED_EDGE('',*,*,#2187,.T.);
#2254 = ORIENTED_EDGE('',*,*,#2255,.T.);
#2255 = EDGE_CURVE('',#2163,#2256,#2258,.T.);
#2256 = VERTEX_POINT('',#2257);
#2257 = CARTESIAN_POINT('',(-7.133841953313,-27.27321576911,18.));
#2258 = SURFACE_CURVE('',#2259,(#2264,#2271),.PCURVE_S1.);
#2259 = B_SPLINE_CURVE_WITH_KNOTS('',3,(#2260,#2261,#2262,#2263),
  .UNSPECIFIED.,.F.,.F.,(4,4),(0.,1.),.PIECEWISE_BEZIER_KNOTS.);
#2260 = CARTESIAN_POINT('',(-5.072681748137,-27.7306310654,18.));
#2261 = CARTESIAN_POINT('',(-5.244733345779,-26.78779226651,18.));
#2262 = CARTESIAN_POINT('',(-6.579111699688,-26.49166532374,18.));
#2263 = CARTESIAN_POINT('',(-7.133841953313,-27.27321576911,18.));
#2264 = PCURVE('',#2202,#2265);
#2265 = DEFINITIONAL_REPRESENTATION('',(#2266),#2270);
#2266 = LINE('',#2267,#2268);
#2267 = CARTESIAN_POINT('',(1.,0.));
#2268 = VECTOR('',#2269,1.);
#2269 = DIRECTION('',(0.,1.));
#2270 = ( GEOMETRIC_REPRESENTATION_CONTEXT(2) 
PARAMETRIC_REPRESENTATION_CONTEXT() REPRESENTATION_CONTEXT('2D SPACE',''
  ) );
#2271 = PCURVE('',#128,#2272);
#2272 = DEFINITIONAL_REPRESENTATION('',(#2273),#2278);
#2273 = B_SPLINE_CURVE_WITH_KNOTS('',3,(#2274,#2275,#2276,#2277),
  .UNSPECIFIED.,.F.,.F.,(4,4),(0.,1.),.PIECEWISE_BEZIER_KNOTS.);
#2274 = CARTESIAN_POINT('',(5.072681748137,-27.7306310654));
#2275 = CARTESIAN_POINT('',(5.244733345779,-26.78779226651));
#2276 = CARTESIAN_POINT('',(6.579111699688,-26.49166532374));
#2277 = CARTESIAN_POINT('',(7.133841953313,-27.27321576911));
#2278 = ( GEOMETRIC_REPRESENTATION_CONTEXT(2) 
PARAMETRIC_REPRESENTATION_CONTEXT() REPRESENTATION_CONTEXT('2D SPACE',''
  ) );
#2279 = ORIENTED_EDGE('',*,*,#2280,.F.);
#2280 = EDGE_CURVE('',#2230,#2256,#2281,.T.);
#2281 = SURFACE_CURVE('',#2282,(#2287,#2294),.PCURVE_S1.);
#2282 = B_SPLINE_CURVE_WITH_KNOTS('',3,(#2283,#2284,#2285,#2286),
  .UNSPECIFIED.,.F.,.F.,(4,4),(0.,1.),.PIECEWISE_BEZIER_KNOTS.);
#2283 = CARTESIAN_POINT('',(-1.055652658866,-28.1710063162,0.));
#2284 = CARTESIAN_POINT('',(-3.106359097023,-28.09435251147,
    6.000000849768));
#2285 = CARTESIAN_POINT('',(-5.14854572694,-27.79270743875,
    11.999999150232));
#2286 = CARTESIAN_POINT('',(-7.133841953313,-27.27321576911,18.));
#2287 = PCURVE('',#2202,#2288);
#2288 = DEFINITIONAL_REPRESENTATION('',(#2289),#2293);
#2289 = LINE('',#2290,#2291);
#2290 = CARTESIAN_POINT('',(0.,1.));
#2291 = VECTOR('',#2292,1.);
#2292 = DIRECTION('',(1.,0.));
#2293 = ( GEOMETRIC_REPRESENTATION_CONTEXT(2) 
PARAMETRIC_REPRESENTATION_CONTEXT() REPRESENTATION_CONTEXT('2D SPACE',''
  ) );
#2294 = PCURVE('',#2295,#2312);
#2295 = B_SPLINE_SURFACE_WITH_KNOTS('',3,3,(
    (#2296,#2297,#2298,#2299)
    ,(#2300,#2301,#2302,#2303)
    ,(#2304,#2305,#2306,#2307)
    ,(#2308,#2309,#2310,#2311
    )),.UNSPECIFIED.,.F.,.F.,.F.,(4,4),(4,4),(0.,1.),(0.,1.),
  .PIECEWISE_BEZIER_KNOTS.);
#2296 = CARTESIAN_POINT('',(-1.055652658866,-28.1710063162,0.));
#2297 = CARTESIAN_POINT('',(-1.235964503604,-29.51959427616,0.));
#2298 = CARTESIAN_POINT('',(-1.895757799563,-30.75581481327,0.));
#2299 = CARTESIAN_POINT('',(-2.610727264583,-31.89332380216,0.));
#2300 = CARTESIAN_POINT('',(-3.106359143284,-28.09435250532,
    6.000000986407));
#2301 = CARTESIAN_POINT('',(-3.384842241511,-29.4298239182,
    6.000000986407));
#2302 = CARTESIAN_POINT('',(-4.134630310104,-30.618023445,6.000000986407
    ));
#2303 = CARTESIAN_POINT('',(-4.932409248773,-31.70349421916,
    6.000000986407));
#2304 = CARTESIAN_POINT('',(-5.148545680875,-27.79270744624,
    11.999999013593));
#2305 = CARTESIAN_POINT('',(-5.523755681118,-29.10429205515,
    11.999999013593));
#2306 = CARTESIAN_POINT('',(-6.358265029887,-30.2345992745,
    11.999999013593));
#2307 = CARTESIAN_POINT('',(-7.233139582771,-31.25894909426,
    11.999999013593));
#2308 = CARTESIAN_POINT('',(-7.133841953313,-27.27321576911,18.));
#2309 = CARTESIAN_POINT('',(-7.602043473897,-28.55070908934,18.));
#2310 = CARTESIAN_POINT('',(-8.513993939975,-29.61462391544,18.));
#2311 = CARTESIAN_POINT('',(-9.458424195351,-30.57021772478,18.));
#2312 = DEFINITIONAL_REPRESENTATION('',(#2313),#2317);
#2313 = LINE('',#2314,#2315);
#2314 = CARTESIAN_POINT('',(0.,0.));
#2315 = VECTOR('',#2316,1.);
#2316 = DIRECTION('',(1.,0.));
#2317 = ( GEOMETRIC_REPRESENTATION_CONTEXT(2) 
PARAMETRIC_REPRESENTATION_CONTEXT() REPRESENTATION_CONTEXT('2D SPACE',''
  ) );
#2318 = ADVANCED_FACE('',(#2319),#2295,.T.);
#2319 = FACE_BOUND('',#2320,.T.);
#2320 = EDGE_LOOP('',(#2321,#2346,#2347,#2372));
#2321 = ORIENTED_EDGE('',*,*,#2322,.F.);
#2322 = EDGE_CURVE('',#2230,#2323,#2325,.T.);
#2323 = VERTEX_POINT('',#2324);
#2324 = CARTESIAN_POINT('',(-2.610727264583,-31.89332380216,0.));
#2325 = SURFACE_CURVE('',#2326,(#2331,#2338),.PCURVE_S1.);
#2326 = B_SPLINE_CURVE_WITH_KNOTS('',3,(#2327,#2328,#2329,#2330),
  .UNSPECIFIED.,.F.,.F.,(4,4),(0.,1.),.PIECEWISE_BEZIER_KNOTS.);
#2327 = CARTESIAN_POINT('',(-1.055652658866,-28.1710063162,0.));
#2328 = CARTESIAN_POINT('',(-1.235964503604,-29.51959427616,0.));
#2329 = CARTESIAN_POINT('',(-1.895757799563,-30.75581481327,0.));
#2330 = CARTESIAN_POINT('',(-2.610727264583,-31.89332380216,0.));
#2331 = PCURVE('',#2295,#2332);
#2332 = DEFINITIONAL_REPRESENTATION('',(#2333),#2337);
#2333 = LINE('',#2334,#2335);
#2334 = CARTESIAN_POINT('',(0.,0.));
#2335 = VECTOR('',#2336,1.);
#2336 = DIRECTION('',(0.,1.));
#2337 = ( GEOMETRIC_REPRESENTATION_CONTEXT(2) 
PARAMETRIC_REPRESENTATION_CONTEXT() REPRESENTATION_CONTEXT('2D SPACE',''
  ) );
#2338 = PCURVE('',#57,#2339);
#2339 = DEFINITIONAL_REPRESENTATION('',(#2340),#2345);
#2340 = B_SPLINE_CURVE_WITH_KNOTS('',3,(#2341,#2342,#2343,#2344),
  .UNSPECIFIED.,.F.,.F.,(4,4),(0.,1.),.PIECEWISE_BEZIER_KNOTS.);
#2341 = CARTESIAN_POINT('',(-1.055652658866,-28.1710063162));
#2342 = CARTESIAN_POINT('',(-1.235964503604,-29.51959427616));
#2343 = CARTESIAN_POINT('',(-1.895757799563,-30.75581481327));
#2344 = CARTESIAN_POINT('',(-2.610727264583,-31.89332380216));
#2345 = ( GEOMETRIC_REPRESENTATION_CONTEXT(2) 
PARAMETRIC_REPRESENTATION_CONTEXT() REPRESENTATION_CONTEXT('2D SPACE',''
  ) );
#2346 = ORIENTED_EDGE('',*,*,#2280,.T.);
#2347 = ORIENTED_EDGE('',*,*,#2348,.T.);
#2348 = EDGE_CURVE('',#2256,#2349,#2351,.T.);
#2349 = VERTEX_POINT('',#2350);
#2350 = CARTESIAN_POINT('',(-9.458424195351,-30.57021772478,18.));
#2351 = SURFACE_CURVE('',#2352,(#2357,#2364),.PCURVE_S1.);
#2352 = B_SPLINE_CURVE_WITH_KNOTS('',3,(#2353,#2354,#2355,#2356),
  .UNSPECIFIED.,.F.,.F.,(4,4),(0.,1.),.PIECEWISE_BEZIER_KNOTS.);
#2353 = CARTESIAN_POINT('',(-7.133841953313,-27.27321576911,18.));
#2354 = CARTESIAN_POINT('',(-7.602043473897,-28.55070908934,18.));
#2355 = CARTESIAN_POINT('',(-8.513993939975,-29.61462391544,18.));
#2356 = CARTESIAN_POINT('',(-9.458424195351,-30.57021772478,18.));
#2357 = PCURVE('',#2295,#2358);
#2358 = DEFINITIONAL_REPRESENTATION('',(#2359),#2363);
#2359 = LINE('',#2360,#2361);
#2360 = CARTESIAN_POINT('',(1.,0.));
#2361 = VECTOR('',#2362,1.);
#2362 = DIRECTION('',(0.,1.));
#2363 = ( GEOMETRIC_REPRESENTATION_CONTEXT(2) 
PARAMETRIC_REPRESENTATION_CONTEXT() REPRESENTATION_CONTEXT('2D SPACE',''
  ) );
#2364 = PCURVE('',#128,#2365);
#2365 = DEFINITIONAL_REPRESENTATION('',(#2366),#2371);
#2366 = B_SPLINE_CURVE_WITH_KNOTS('',3,(#2367,#2368,#2369,#2370),
  .UNSPECIFIED.,.F.,.F.,(4,4),(0.,1.),.PIECEWISE_BEZIER_KNOTS.);
#2367 = CARTESIAN_POINT('',(7.133841953313,-27.27321576911));
#2368 = CARTESIAN_POINT('',(7.602043473897,-28.55070908934));
#2369 = CARTESIAN_POINT('',(8.513993939974,-29.61462391544));
#2370 = CARTESIAN_POINT('',(9.458424195351,-30.57021772478));
#2371 = ( GEOMETRIC_REPRESENTATION_CONTEXT(2) 
PARAMETRIC_REPRESENTATION_CONTEXT() REPRESENTATION_CONTEXT('2D SPACE',''
  ) );
#2372 = ORIENTED_EDGE('',*,*,#2373,.F.);
#2373 = EDGE_CURVE('',#2323,#2349,#2374,.T.);
#2374 = SURFACE_CURVE('',#2375,(#2380,#2387),.PCURVE_S1.);
#2375 = B_SPLINE_CURVE_WITH_KNOTS('',3,(#2376,#2377,#2378,#2379),
  .UNSPECIFIED.,.F.,.F.,(4,4),(0.,1.),.PIECEWISE_BEZIER_KNOTS.);
#2376 = CARTESIAN_POINT('',(-2.610727264583,-31.89332380216,0.));
#2377 = CARTESIAN_POINT('',(-4.932409248773,-31.70349421916,
    6.000000986407));
#2378 = CARTESIAN_POINT('',(-7.233139582771,-31.25894909426,
    11.999999013593));
#2379 = CARTESIAN_POINT('',(-9.458424195351,-30.57021772478,18.));
#2380 = PCURVE('',#2295,#2381);
#2381 = DEFINITIONAL_REPRESENTATION('',(#2382),#2386);
#2382 = LINE('',#2383,#2384);
#2383 = CARTESIAN_POINT('',(0.,1.));
#2384 = VECTOR('',#2385,1.);
#2385 = DIRECTION('',(1.,0.));
#2386 = ( GEOMETRIC_REPRESENTATION_CONTEXT(2) 
PARAMETRIC_REPRESENTATION_CONTEXT() REPRESENTATION_CONTEXT('2D SPACE',''
  ) );
#2387 = PCURVE('',#2388,#2405);
#2388 = B_SPLINE_SURFACE_WITH_KNOTS('',3,3,(
    (#2389,#2390,#2391,#2392)
    ,(#2393,#2394,#2395,#2396)
    ,(#2397,#2398,#2399,#2400)
    ,(#2401,#2402,#2403,#2404
    )),.UNSPECIFIED.,.F.,.F.,.F.,(4,4),(4,4),(0.,1.),(0.,1.),
  .PIECEWISE_BEZIER_KNOTS.);
#2389 = CARTESIAN_POINT('',(-2.610727264583,-31.89332380216,0.));
#2390 = CARTESIAN_POINT('',(-3.100688469157,-31.8532169341,0.));
#2391 = CARTESIAN_POINT('',(-3.589725204027,-31.80181710207,0.));
#2392 = CARTESIAN_POINT('',(-4.077318267485,-31.73917887636,0.));
#2393 = CARTESIAN_POINT('',(-4.932409289685,-31.70349421187,
    6.000001093596));
#2394 = CARTESIAN_POINT('',(-5.419454268446,-31.62772050241,
    6.000001093596));
#2395 = CARTESIAN_POINT('',(-5.904752703528,-31.54072104846,
    6.000001093596));
#2396 = CARTESIAN_POINT('',(-6.38778936211,-31.4425882158,6.000001093596
    ));
#2397 = CARTESIAN_POINT('',(-7.233139542087,-31.25894910274,
    11.999998906404));
#2398 = CARTESIAN_POINT('',(-7.713355227735,-31.14783042007,
    11.999998906404));
#2399 = CARTESIAN_POINT('',(-8.19100971484,-31.02564340345,
    11.999998906404));
#2400 = CARTESIAN_POINT('',(-8.665595886024,-30.89251777669,
    11.999998906404));
#2401 = CARTESIAN_POINT('',(-9.458424195351,-30.57021772478,18.));
#2402 = CARTESIAN_POINT('',(-9.928059275451,-30.42491309859,18.));
#2403 = CARTESIAN_POINT('',(-10.39434521672,-30.26878401174,18.));
#2404 = CARTESIAN_POINT('',(-10.85678697156,-30.10199622374,18.));
#2405 = DEFINITIONAL_REPRESENTATION('',(#2406),#2410);
#2406 = LINE('',#2407,#2408);
#2407 = CARTESIAN_POINT('',(0.,0.));
#2408 = VECTOR('',#2409,1.);
#2409 = DIRECTION('',(1.,0.));
#2410 = ( GEOMETRIC_REPRESENTATION_CONTEXT(2) 
PARAMETRIC_REPRESENTATION_CONTEXT() REPRESENTATION_CONTEXT('2D SPACE',''
  ) );
#2411 = ADVANCED_FACE('',(#2412),#2388,.T.);
#2412 = FACE_BOUND('',#2413,.T.);
#2413 = EDGE_LOOP('',(#2414,#2439,#2440,#2465));
#2414 = ORIENTED_EDGE('',*,*,#2415,.F.);
#2415 = EDGE_CURVE('',#2323,#2416,#2418,.T.);
#2416 = VERTEX_POINT('',#2417);
#2417 = CARTESIAN_POINT('',(-4.077318267485,-31.73917887636,0.));
#2418 = SURFACE_CURVE('',#2419,(#2424,#2431),.PCURVE_S1.);
#2419 = B_SPLINE_CURVE_WITH_KNOTS('',3,(#2420,#2421,#2422,#2423),
  .UNSPECIFIED.,.F.,.F.,(4,4),(0.,1.),.PIECEWISE_BEZIER_KNOTS.);
#2420 = CARTESIAN_POINT('',(-2.610727264583,-31.89332380216,0.));
#2421 = CARTESIAN_POINT('',(-3.100688469157,-31.8532169341,0.));
#2422 = CARTESIAN_POINT('',(-3.589725204027,-31.80181710207,0.));
#2423 = CARTESIAN_POINT('',(-4.077318267485,-31.73917887636,0.));
#2424 = PCURVE('',#2388,#2425);
#2425 = DEFINITIONAL_REPRESENTATION('',(#2426),#2430);
#2426 = LINE('',#2427,#2428);
#2427 = CARTESIAN_POINT('',(0.,0.));
#2428 = VECTOR('',#2429,1.);
#2429 = DIRECTION('',(0.,1.));
#2430 = ( GEOMETRIC_REPRESENTATION_CONTEXT(2) 
PARAMETRIC_REPRESENTATION_CONTEXT() REPRESENTATION_CONTEXT('2D SPACE',''
  ) );
#2431 = PCURVE('',#57,#2432);
#2432 = DEFINITIONAL_REPRESENTATION('',(#2433),#2438);
#2433 = B_SPLINE_CURVE_WITH_KNOTS('',3,(#2434,#2435,#2436,#2437),
  .UNSPECIFIED.,.F.,.F.,(4,4),(0.,1.),.PIECEWISE_BEZIER_KNOTS.);
#2434 = CARTESIAN_POINT('',(-2.610727264583,-31.89332380216));
#2435 = CARTESIAN_POINT('',(-3.100688469157,-31.8532169341));
#2436 = CARTESIAN_POINT('',(-3.589725204027,-31.80181710207));
#2437 = CARTESIAN_POINT('',(-4.077318267485,-31.73917887636));
#2438 = ( GEOMETRIC_REPRESENTATION_CONTEXT(2) 
PARAMETRIC_REPRESENTATION_CONTEXT() REPRESENTATION_CONTEXT('2D SPACE',''
  ) );
#2439 = ORIENTED_EDGE('',*,*,#2373,.T.);
#2440 = ORIENTED_EDGE('',*,*,#2441,.T.);
#2441 = EDGE_CURVE('',#2349,#2442,#2444,.T.);
#2442 = VERTEX_POINT('',#2443);
#2443 = CARTESIAN_POINT('',(-10.85678697156,-30.10199622374,18.));
#2444 = SURFACE_CURVE('',#2445,(#2450,#2457),.PCURVE_S1.);
#2445 = B_SPLINE_CURVE_WITH_KNOTS('',3,(#2446,#2447,#2448,#2449),
  .UNSPECIFIED.,.F.,.F.,(4,4),(0.,1.),.PIECEWISE_BEZIER_KNOTS.);
#2446 = CARTESIAN_POINT('',(-9.458424195351,-30.57021772478,18.));
#2447 = CARTESIAN_POINT('',(-9.928059275451,-30.42491309859,18.));
#2448 = CARTESIAN_POINT('',(-10.39434521672,-30.26878401174,18.));
#2449 = CARTESIAN_POINT('',(-10.85678697156,-30.10199622374,18.));
#2450 = PCURVE('',#2388,#2451);
#2451 = DEFINITIONAL_REPRESENTATION('',(#2452),#2456);
#2452 = LINE('',#2453,#2454);
#2453 = CARTESIAN_POINT('',(1.,0.));
#2454 = VECTOR('',#2455,1.);
#2455 = DIRECTION('',(0.,1.));
#2456 = ( GEOMETRIC_REPRESENTATION_CONTEXT(2) 
PARAMETRIC_REPRESENTATION_CONTEXT() REPRESENTATION_CONTEXT('2D SPACE',''
  ) );
#2457 = PCURVE('',#128,#2458);
#2458 = DEFINITIONAL_REPRESENTATION('',(#2459),#2464);
#2459 = B_SPLINE_CURVE_WITH_KNOTS('',3,(#2460,#2461,#2462,#2463),
  .UNSPECIFIED.,.F.,.F.,(4,4),(0.,1.),.PIECEWISE_BEZIER_KNOTS.);
#2460 = CARTESIAN_POINT('',(9.458424195351,-30.57021772478));
#2461 = CARTESIAN_POINT('',(9.928059275451,-30.42491309859));
#2462 = CARTESIAN_POINT('',(10.39434521672,-30.26878401174));
#2463 = CARTESIAN_POINT('',(10.856786971565,-30.10199622374));
#2464 = ( GEOMETRIC_REPRESENTATION_CONTEXT(2) 
PARAMETRIC_REPRESENTATION_CONTEXT() REPRESENTATION_CONTEXT('2D SPACE',''
  ) );
#2465 = ORIENTED_EDGE('',*,*,#2466,.F.);
#2466 = EDGE_CURVE('',#2416,#2442,#2467,.T.);
#2467 = SURFACE_CURVE('',#2468,(#2473,#2480),.PCURVE_S1.);
#2468 = B_SPLINE_CURVE_WITH_KNOTS('',3,(#2469,#2470,#2471,#2472),
  .UNSPECIFIED.,.F.,.F.,(4,4),(0.,1.),.PIECEWISE_BEZIER_KNOTS.);
#2469 = CARTESIAN_POINT('',(-4.077318267485,-31.73917887636,0.));
#2470 = CARTESIAN_POINT('',(-6.387789321578,-31.44258822497,
    6.000000986407));
#2471 = CARTESIAN_POINT('',(-8.665595926275,-30.89251776635,
    11.999999013593));
#2472 = CARTESIAN_POINT('',(-10.85678697156,-30.10199622374,18.));
#2473 = PCURVE('',#2388,#2474);
#2474 = DEFINITIONAL_REPRESENTATION('',(#2475),#2479);
#2475 = LINE('',#2476,#2477);
#2476 = CARTESIAN_POINT('',(0.,1.));
#2477 = VECTOR('',#2478,1.);
#2478 = DIRECTION('',(1.,0.));
#2479 = ( GEOMETRIC_REPRESENTATION_CONTEXT(2) 
PARAMETRIC_REPRESENTATION_CONTEXT() REPRESENTATION_CONTEXT('2D SPACE',''
  ) );
#2480 = PCURVE('',#2481,#2498);
#2481 = B_SPLINE_SURFACE_WITH_KNOTS('',3,3,(
    (#2482,#2483,#2484,#2485)
    ,(#2486,#2487,#2488,#2489)
    ,(#2490,#2491,#2492,#2493)
    ,(#2494,#2495,#2496,#2497
    )),.UNSPECIFIED.,.F.,.F.,.F.,(4,4),(4,4),(0.,1.),(0.,1.),
  .PIECEWISE_BEZIER_KNOTS.);
#2482 = CARTESIAN_POINT('',(-4.077318267485,-31.73917887636,0.));
#2483 = CARTESIAN_POINT('',(-4.540162517091,-30.4778766777,0.));
#2484 = CARTESIAN_POINT('',(-4.92851304442,-29.1314917856,0.));
#2485 = CARTESIAN_POINT('',(-4.824497439761,-27.77488476766,0.));
#2486 = CARTESIAN_POINT('',(-6.387789321578,-31.44258822497,
    6.000000986407));
#2487 = CARTESIAN_POINT('',(-6.758820641769,-30.14758482884,
    6.000000986407));
#2488 = CARTESIAN_POINT('',(-7.049164164621,-28.77292090553,
    6.000000986407));
#2489 = CARTESIAN_POINT('',(-6.846394081968,-27.42387641991,
    6.000000986407));
#2490 = CARTESIAN_POINT('',(-8.665595926275,-30.89251776635,
    11.999999013593));
#2491 = CARTESIAN_POINT('',(-8.941121671528,-29.57388832627,
    11.999999013593));
#2492 = CARTESIAN_POINT('',(-9.130360774511,-28.18169982423,
    11.999999013593));
#2493 = CARTESIAN_POINT('',(-8.829671232168,-26.85105241423,
    11.999999013593));
#2494 = CARTESIAN_POINT('',(-10.85678697156,-30.10199622374,18.));
#2495 = CARTESIAN_POINT('',(-11.03537659875,-28.77037548915,18.));
#2496 = CARTESIAN_POINT('',(-11.12280858061,-27.3718319402,18.));
#2497 = CARTESIAN_POINT('',(-10.72735387347,-26.06998040422,18.));
#2498 = DEFINITIONAL_REPRESENTATION('',(#2499),#2503);
#2499 = LINE('',#2500,#2501);
#2500 = CARTESIAN_POINT('',(0.,0.));
#2501 = VECTOR('',#2502,1.);
#2502 = DIRECTION('',(1.,0.));
#2503 = ( GEOMETRIC_REPRESENTATION_CONTEXT(2) 
PARAMETRIC_REPRESENTATION_CONTEXT() REPRESENTATION_CONTEXT('2D SPACE',''
  ) );
#2504 = ADVANCED_FACE('',(#2505),#2481,.T.);
#2505 = FACE_BOUND('',#2506,.T.);
#2506 = EDGE_LOOP('',(#2507,#2532,#2533,#2558));
#2507 = ORIENTED_EDGE('',*,*,#2508,.F.);
#2508 = EDGE_CURVE('',#2416,#2509,#2511,.T.);
#2509 = VERTEX_POINT('',#2510);
#2510 = CARTESIAN_POINT('',(-4.824497439761,-27.77488476766,0.));
#2511 = SURFACE_CURVE('',#2512,(#2517,#2524),.PCURVE_S1.);
#2512 = B_SPLINE_CURVE_WITH_KNOTS('',3,(#2513,#2514,#2515,#2516),
  .UNSPECIFIED.,.F.,.F.,(4,4),(0.,1.),.PIECEWISE_BEZIER_KNOTS.);
#2513 = CARTESIAN_POINT('',(-4.077318267485,-31.73917887636,0.));
#2514 = CARTESIAN_POINT('',(-4.540162517091,-30.4778766777,0.));
#2515 = CARTESIAN_POINT('',(-4.92851304442,-29.1314917856,0.));
#2516 = CARTESIAN_POINT('',(-4.824497439761,-27.77488476766,0.));
#2517 = PCURVE('',#2481,#2518);
#2518 = DEFINITIONAL_REPRESENTATION('',(#2519),#2523);
#2519 = LINE('',#2520,#2521);
#2520 = CARTESIAN_POINT('',(0.,0.));
#2521 = VECTOR('',#2522,1.);
#2522 = DIRECTION('',(0.,1.));
#2523 = ( GEOMETRIC_REPRESENTATION_CONTEXT(2) 
PARAMETRIC_REPRESENTATION_CONTEXT() REPRESENTATION_CONTEXT('2D SPACE',''
  ) );
#2524 = PCURVE('',#57,#2525);
#2525 = DEFINITIONAL_REPRESENTATION('',(#2526),#2531);
#2526 = B_SPLINE_CURVE_WITH_KNOTS('',3,(#2527,#2528,#2529,#2530),
  .UNSPECIFIED.,.F.,.F.,(4,4),(0.,1.),.PIECEWISE_BEZIER_KNOTS.);
#2527 = CARTESIAN_POINT('',(-4.077318267485,-31.73917887636));
#2528 = CARTESIAN_POINT('',(-4.540162517091,-30.4778766777));
#2529 = CARTESIAN_POINT('',(-4.92851304442,-29.1314917856));
#2530 = CARTESIAN_POINT('',(-4.824497439761,-27.77488476766));
#2531 = ( GEOMETRIC_REPRESENTATION_CONTEXT(2) 
PARAMETRIC_REPRESENTATION_CONTEXT() REPRESENTATION_CONTEXT('2D SPACE',''
  ) );
#2532 = ORIENTED_EDGE('',*,*,#2466,.T.);
#2533 = ORIENTED_EDGE('',*,*,#2534,.T.);
#2534 = EDGE_CURVE('',#2442,#2535,#2537,.T.);
#2535 = VERTEX_POINT('',#2536);
#2536 = CARTESIAN_POINT('',(-10.72735387347,-26.06998040422,18.));
#2537 = SURFACE_CURVE('',#2538,(#2543,#2550),.PCURVE_S1.);
#2538 = B_SPLINE_CURVE_WITH_KNOTS('',3,(#2539,#2540,#2541,#2542),
  .UNSPECIFIED.,.F.,.F.,(4,4),(0.,1.),.PIECEWISE_BEZIER_KNOTS.);
#2539 = CARTESIAN_POINT('',(-10.85678697156,-30.10199622374,18.));
#2540 = CARTESIAN_POINT('',(-11.03537659875,-28.77037548915,18.));
#2541 = CARTESIAN_POINT('',(-11.12280858061,-27.3718319402,18.));
#2542 = CARTESIAN_POINT('',(-10.72735387347,-26.06998040422,18.));
#2543 = PCURVE('',#2481,#2544);
#2544 = DEFINITIONAL_REPRESENTATION('',(#2545),#2549);
#2545 = LINE('',#2546,#2547);
#2546 = CARTESIAN_POINT('',(1.,0.));
#2547 = VECTOR('',#2548,1.);
#2548 = DIRECTION('',(0.,1.));
#2549 = ( GEOMETRIC_REPRESENTATION_CONTEXT(2) 
PARAMETRIC_REPRESENTATION_CONTEXT() REPRESENTATION_CONTEXT('2D SPACE',''
  ) );
#2550 = PCURVE('',#128,#2551);
#2551 = DEFINITIONAL_REPRESENTATION('',(#2552),#2557);
#2552 = B_SPLINE_CURVE_WITH_KNOTS('',3,(#2553,#2554,#2555,#2556),
  .UNSPECIFIED.,.F.,.F.,(4,4),(0.,1.),.PIECEWISE_BEZIER_KNOTS.);
#2553 = CARTESIAN_POINT('',(10.856786971565,-30.10199622374));
#2554 = CARTESIAN_POINT('',(11.035376598753,-28.77037548915));
#2555 = CARTESIAN_POINT('',(11.122808580615,-27.3718319402));
#2556 = CARTESIAN_POINT('',(10.727353873479,-26.06998040422));
#2557 = ( GEOMETRIC_REPRESENTATION_CONTEXT(2) 
PARAMETRIC_REPRESENTATION_CONTEXT() REPRESENTATION_CONTEXT('2D SPACE',''
  ) );
#2558 = ORIENTED_EDGE('',*,*,#2559,.F.);
#2559 = EDGE_CURVE('',#2509,#2535,#2560,.T.);
#2560 = SURFACE_CURVE('',#2561,(#2566,#2573),.PCURVE_S1.);
#2561 = B_SPLINE_CURVE_WITH_KNOTS('',3,(#2562,#2563,#2564,#2565),
  .UNSPECIFIED.,.F.,.F.,(4,4),(0.,1.),.PIECEWISE_BEZIER_KNOTS.);
#2562 = CARTESIAN_POINT('',(-4.824497439761,-27.77488476766,0.));
#2563 = CARTESIAN_POINT('',(-6.846394036949,-27.42387643221,
    6.000000849768));
#2564 = CARTESIAN_POINT('',(-8.829671276812,-26.85105240064,
    11.999999150232));
#2565 = CARTESIAN_POINT('',(-10.72735387347,-26.06998040422,18.));
#2566 = PCURVE('',#2481,#2567);
#2567 = DEFINITIONAL_REPRESENTATION('',(#2568),#2572);
#2568 = LINE('',#2569,#2570);
#2569 = CARTESIAN_POINT('',(0.,1.));
#2570 = VECTOR('',#2571,1.);
#2571 = DIRECTION('',(1.,0.));
#2572 = ( GEOMETRIC_REPRESENTATION_CONTEXT(2) 
PARAMETRIC_REPRESENTATION_CONTEXT() REPRESENTATION_CONTEXT('2D SPACE',''
  ) );
#2573 = PCURVE('',#2574,#2591);
#2574 = B_SPLINE_SURFACE_WITH_KNOTS('',3,3,(
    (#2575,#2576,#2577,#2578)
    ,(#2579,#2580,#2581,#2582)
    ,(#2583,#2584,#2585,#2586)
    ,(#2587,#2588,#2589,#2590
    )),.UNSPECIFIED.,.F.,.F.,.F.,(4,4),(4,4),(0.,1.),(0.,1.),
  .PIECEWISE_BEZIER_KNOTS.);
#2575 = CARTESIAN_POINT('',(-4.824497439761,-27.77488476766,0.));
#2576 = CARTESIAN_POINT('',(-5.004973504363,-26.83362224156,0.));
#2577 = CARTESIAN_POINT('',(-6.341946621565,-26.54943983272,0.));
#2578 = CARTESIAN_POINT('',(-6.889665670717,-27.33591970922,0.));
#2579 = CARTESIAN_POINT('',(-6.846394036949,-27.42387643221,
    6.000000849768));
#2580 = CARTESIAN_POINT('',(-6.958352432775,-26.46946979159,
    6.000000849768));
#2581 = CARTESIAN_POINT('',(-8.274647700278,-26.08796092191,
    6.000000849768));
#2582 = CARTESIAN_POINT('',(-8.879622030861,-26.83457513111,
    6.000000849768));
#2583 = CARTESIAN_POINT('',(-8.829671276812,-26.85105240064,
    11.999999150232));
#2584 = CARTESIAN_POINT('',(-8.871673547652,-25.89101983489,
    11.999999150232));
#2585 = CARTESIAN_POINT('',(-10.15661379836,-25.41445840024,
    11.999999150232));
#2586 = CARTESIAN_POINT('',(-10.81446644606,-26.11492725177,
    11.999999150232));
#2587 = CARTESIAN_POINT('',(-10.72735387347,-26.06998040422,18.));
#2588 = CARTESIAN_POINT('',(-10.69961852206,-25.11197335664,18.));
#2589 = CARTESIAN_POINT('',(-11.94326925404,-24.5448846383,18.));
#2590 = CARTESIAN_POINT('',(-12.64837079524,-25.19402142631,18.));
#2591 = DEFINITIONAL_REPRESENTATION('',(#2592),#2596);
#2592 = LINE('',#2593,#2594);
#2593 = CARTESIAN_POINT('',(0.,0.));
#2594 = VECTOR('',#2595,1.);
#2595 = DIRECTION('',(1.,0.));
#2596 = ( GEOMETRIC_REPRESENTATION_CONTEXT(2) 
PARAMETRIC_REPRESENTATION_CONTEXT() REPRESENTATION_CONTEXT('2D SPACE',''
  ) );
#2597 = ADVANCED_FACE('',(#2598),#2574,.T.);
#2598 = FACE_BOUND('',#2599,.T.);
#2599 = EDGE_LOOP('',(#2600,#2625,#2626,#2651));
#2600 = ORIENTED_EDGE('',*,*,#2601,.F.);
#2601 = EDGE_CURVE('',#2509,#2602,#2604,.T.);
#2602 = VERTEX_POINT('',#2603);
#2603 = CARTESIAN_POINT('',(-6.889665670717,-27.33591970922,0.));
#2604 = SURFACE_CURVE('',#2605,(#2610,#2617),.PCURVE_S1.);
#2605 = B_SPLINE_CURVE_WITH_KNOTS('',3,(#2606,#2607,#2608,#2609),
  .UNSPECIFIED.,.F.,.F.,(4,4),(0.,1.),.PIECEWISE_BEZIER_KNOTS.);
#2606 = CARTESIAN_POINT('',(-4.824497439761,-27.77488476766,0.));
#2607 = CARTESIAN_POINT('',(-5.004973504363,-26.83362224156,0.));
#2608 = CARTESIAN_POINT('',(-6.341946621565,-26.54943983272,0.));
#2609 = CARTESIAN_POINT('',(-6.889665670717,-27.33591970922,0.));
#2610 = PCURVE('',#2574,#2611);
#2611 = DEFINITIONAL_REPRESENTATION('',(#2612),#2616);
#2612 = LINE('',#2613,#2614);
#2613 = CARTESIAN_POINT('',(0.,0.));
#2614 = VECTOR('',#2615,1.);
#2615 = DIRECTION('',(0.,1.));
#2616 = ( GEOMETRIC_REPRESENTATION_CONTEXT(2) 
PARAMETRIC_REPRESENTATION_CONTEXT() REPRESENTATION_CONTEXT('2D SPACE',''
  ) );
#2617 = PCURVE('',#57,#2618);
#2618 = DEFINITIONAL_REPRESENTATION('',(#2619),#2624);
#2619 = B_SPLINE_CURVE_WITH_KNOTS('',3,(#2620,#2621,#2622,#2623),
  .UNSPECIFIED.,.F.,.F.,(4,4),(0.,1.),.PIECEWISE_BEZIER_KNOTS.);
#2620 = CARTESIAN_POINT('',(-4.824497439761,-27.77488476766));
#2621 = CARTESIAN_POINT('',(-5.004973504363,-26.83362224156));
#2622 = CARTESIAN_POINT('',(-6.341946621565,-26.54943983272));
#2623 = CARTESIAN_POINT('',(-6.889665670717,-27.33591970922));
#2624 = ( GEOMETRIC_REPRESENTATION_CONTEXT(2) 
PARAMETRIC_REPRESENTATION_CONTEXT() REPRESENTATION_CONTEXT('2D SPACE',''
  ) );
#2625 = ORIENTED_EDGE('',*,*,#2559,.T.);
#2626 = ORIENTED_EDGE('',*,*,#2627,.T.);
#2627 = EDGE_CURVE('',#2535,#2628,#2630,.T.);
#2628 = VERTEX_POINT('',#2629);
#2629 = CARTESIAN_POINT('',(-12.64837079524,-25.19402142631,18.));
#2630 = SURFACE_CURVE('',#2631,(#2636,#2643),.PCURVE_S1.);
#2631 = B_SPLINE_CURVE_WITH_KNOTS('',3,(#2632,#2633,#2634,#2635),
  .UNSPECIFIED.,.F.,.F.,(4,4),(0.,1.),.PIECEWISE_BEZIER_KNOTS.);
#2632 = CARTESIAN_POINT('',(-10.72735387347,-26.06998040422,18.));
#2633 = CARTESIAN_POINT('',(-10.69961852206,-25.11197335664,18.));
#2634 = CARTESIAN_POINT('',(-11.94326925404,-24.5448846383,18.));
#2635 = CARTESIAN_POINT('',(-12.64837079524,-25.19402142631,18.));
#2636 = PCURVE('',#2574,#2637);
#2637 = DEFINITIONAL_REPRESENTATION('',(#2638),#2642);
#2638 = LINE('',#2639,#2640);
#2639 = CARTESIAN_POINT('',(1.,0.));
#2640 = VECTOR('',#2641,1.);
#2641 = DIRECTION('',(0.,1.));
#2642 = ( GEOMETRIC_REPRESENTATION_CONTEXT(2) 
PARAMETRIC_REPRESENTATION_CONTEXT() REPRESENTATION_CONTEXT('2D SPACE',''
  ) );
#2643 = PCURVE('',#128,#2644);
#2644 = DEFINITIONAL_REPRESENTATION('',(#2645),#2650);
#2645 = B_SPLINE_CURVE_WITH_KNOTS('',3,(#2646,#2647,#2648,#2649),
  .UNSPECIFIED.,.F.,.F.,(4,4),(0.,1.),.PIECEWISE_BEZIER_KNOTS.);
#2646 = CARTESIAN_POINT('',(10.727353873479,-26.06998040422));
#2647 = CARTESIAN_POINT('',(10.699618522069,-25.11197335664));
#2648 = CARTESIAN_POINT('',(11.943269254048,-24.5448846383));
#2649 = CARTESIAN_POINT('',(12.648370795242,-25.19402142631));
#2650 = ( GEOMETRIC_REPRESENTATION_CONTEXT(2) 
PARAMETRIC_REPRESENTATION_CONTEXT() REPRESENTATION_CONTEXT('2D SPACE',''
  ) );
#2651 = ORIENTED_EDGE('',*,*,#2652,.F.);
#2652 = EDGE_CURVE('',#2602,#2628,#2653,.T.);
#2653 = SURFACE_CURVE('',#2654,(#2659,#2666),.PCURVE_S1.);
#2654 = B_SPLINE_CURVE_WITH_KNOTS('',3,(#2655,#2656,#2657,#2658),
  .UNSPECIFIED.,.F.,.F.,(4,4),(0.,1.),.PIECEWISE_BEZIER_KNOTS.);
#2655 = CARTESIAN_POINT('',(-6.889665670717,-27.33591970922,0.));
#2656 = CARTESIAN_POINT('',(-8.879622030861,-26.83457513111,
    6.000000849768));
#2657 = CARTESIAN_POINT('',(-10.81446644606,-26.11492725177,
    11.999999150232));
#2658 = CARTESIAN_POINT('',(-12.64837079524,-25.19402142631,18.));
#2659 = PCURVE('',#2574,#2660);
#2660 = DEFINITIONAL_REPRESENTATION('',(#2661),#2665);
#2661 = LINE('',#2662,#2663);
#2662 = CARTESIAN_POINT('',(0.,1.));
#2663 = VECTOR('',#2664,1.);
#2664 = DIRECTION('',(1.,0.));
#2665 = ( GEOMETRIC_REPRESENTATION_CONTEXT(2) 
PARAMETRIC_REPRESENTATION_CONTEXT() REPRESENTATION_CONTEXT('2D SPACE',''
  ) );
#2666 = PCURVE('',#2667,#2684);
#2667 = B_SPLINE_SURFACE_WITH_KNOTS('',3,3,(
    (#2668,#2669,#2670,#2671)
    ,(#2672,#2673,#2674,#2675)
    ,(#2676,#2677,#2678,#2679)
    ,(#2680,#2681,#2682,#2683
    )),.UNSPECIFIED.,.F.,.F.,.F.,(4,4),(4,4),(0.,1.),(0.,1.),
  .PIECEWISE_BEZIER_KNOTS.);
#2668 = CARTESIAN_POINT('',(-6.889665670717,-27.33591970922,0.));
#2669 = CARTESIAN_POINT('',(-7.346424472004,-28.61754884613,0.));
#2670 = CARTESIAN_POINT('',(-8.248824403522,-29.68957625873,0.));
#2671 = CARTESIAN_POINT('',(-9.18467148753,-30.65357743667,0.));
#2672 = CARTESIAN_POINT('',(-8.879622074833,-26.83457511548,
    6.000000986407));
#2673 = CARTESIAN_POINT('',(-9.429679768698,-28.08296338202,
    6.000000986407));
#2674 = CARTESIAN_POINT('',(-10.41012374169,-29.08930819326,
    6.000000986407));
#2675 = CARTESIAN_POINT('',(-11.41615136046,-29.98519125863,
    6.000000986407));
#2676 = CARTESIAN_POINT('',(-10.81446640256,-26.11492726867,
    11.999999013593));
#2677 = CARTESIAN_POINT('',(-11.45417093776,-27.31984006147,
    11.999999013593));
#2678 = CARTESIAN_POINT('',(-12.50544834017,-28.25194310647,
    11.999999013593));
#2679 = CARTESIAN_POINT('',(-13.57417908803,-29.07201177744,
    11.999999013593));
#2680 = CARTESIAN_POINT('',(-12.64837079524,-25.19402142631,18.));
#2681 = CARTESIAN_POINT('',(-13.37194678547,-26.34625388266,18.));
#2682 = CARTESIAN_POINT('',(-14.48516927624,-27.19731445385,18.));
#2683 = CARTESIAN_POINT('',(-15.60764058923,-27.93566815448,18.));
#2684 = DEFINITIONAL_REPRESENTATION('',(#2685),#2689);
#2685 = LINE('',#2686,#2687);
#2686 = CARTESIAN_POINT('',(0.,0.));
#2687 = VECTOR('',#2688,1.);
#2688 = DIRECTION('',(1.,0.));
#2689 = ( GEOMETRIC_REPRESENTATION_CONTEXT(2) 
PARAMETRIC_REPRESENTATION_CONTEXT() REPRESENTATION_CONTEXT('2D SPACE',''
  ) );
#2690 = ADVANCED_FACE('',(#2691),#2667,.T.);
#2691 = FACE_BOUND('',#2692,.T.);
#2692 = EDGE_LOOP('',(#2693,#2718,#2719,#2744));
#2693 = ORIENTED_EDGE('',*,*,#2694,.F.);
#2694 = EDGE_CURVE('',#2602,#2695,#2697,.T.);
#2695 = VERTEX_POINT('',#2696);
#2696 = CARTESIAN_POINT('',(-9.18467148753,-30.65357743667,0.));
#2697 = SURFACE_CURVE('',#2698,(#2703,#2710),.PCURVE_S1.);
#2698 = B_SPLINE_CURVE_WITH_KNOTS('',3,(#2699,#2700,#2701,#2702),
  .UNSPECIFIED.,.F.,.F.,(4,4),(0.,1.),.PIECEWISE_BEZIER_KNOTS.);
#2699 = CARTESIAN_POINT('',(-6.889665670717,-27.33591970922,0.));
#2700 = CARTESIAN_POINT('',(-7.346424472004,-28.61754884613,0.));
#2701 = CARTESIAN_POINT('',(-8.248824403522,-29.68957625873,0.));
#2702 = CARTESIAN_POINT('',(-9.18467148753,-30.65357743667,0.));
#2703 = PCURVE('',#2667,#2704);
#2704 = DEFINITIONAL_REPRESENTATION('',(#2705),#2709);
#2705 = LINE('',#2706,#2707);
#2706 = CARTESIAN_POINT('',(0.,0.));
#2707 = VECTOR('',#2708,1.);
#2708 = DIRECTION('',(0.,1.));
#2709 = ( GEOMETRIC_REPRESENTATION_CONTEXT(2) 
PARAMETRIC_REPRESENTATION_CONTEXT() REPRESENTATION_CONTEXT('2D SPACE',''
  ) );
#2710 = PCURVE('',#57,#2711);
#2711 = DEFINITIONAL_REPRESENTATION('',(#2712),#2717);
#2712 = B_SPLINE_CURVE_WITH_KNOTS('',3,(#2713,#2714,#2715,#2716),
  .UNSPECIFIED.,.F.,.F.,(4,4),(0.,1.),.PIECEWISE_BEZIER_KNOTS.);
#2713 = CARTESIAN_POINT('',(-6.889665670717,-27.33591970922));
#2714 = CARTESIAN_POINT('',(-7.346424472004,-28.61754884613));
#2715 = CARTESIAN_POINT('',(-8.248824403522,-29.68957625873));
#2716 = CARTESIAN_POINT('',(-9.18467148753,-30.65357743667));
#2717 = ( GEOMETRIC_REPRESENTATION_CONTEXT(2) 
PARAMETRIC_REPRESENTATION_CONTEXT() REPRESENTATION_CONTEXT('2D SPACE',''
  ) );
#2718 = ORIENTED_EDGE('',*,*,#2652,.T.);
#2719 = ORIENTED_EDGE('',*,*,#2720,.T.);
#2720 = EDGE_CURVE('',#2628,#2721,#2723,.T.);
#2721 = VERTEX_POINT('',#2722);
#2722 = CARTESIAN_POINT('',(-15.60764058923,-27.93566815448,18.));
#2723 = SURFACE_CURVE('',#2724,(#2729,#2736),.PCURVE_S1.);
#2724 = B_SPLINE_CURVE_WITH_KNOTS('',3,(#2725,#2726,#2727,#2728),
  .UNSPECIFIED.,.F.,.F.,(4,4),(0.,1.),.PIECEWISE_BEZIER_KNOTS.);
#2725 = CARTESIAN_POINT('',(-12.64837079524,-25.19402142631,18.));
#2726 = CARTESIAN_POINT('',(-13.37194678547,-26.34625388266,18.));
#2727 = CARTESIAN_POINT('',(-14.48516927624,-27.19731445385,18.));
#2728 = CARTESIAN_POINT('',(-15.60764058923,-27.93566815448,18.));
#2729 = PCURVE('',#2667,#2730);
#2730 = DEFINITIONAL_REPRESENTATION('',(#2731),#2735);
#2731 = LINE('',#2732,#2733);
#2732 = CARTESIAN_POINT('',(1.,0.));
#2733 = VECTOR('',#2734,1.);
#2734 = DIRECTION('',(0.,1.));
#2735 = ( GEOMETRIC_REPRESENTATION_CONTEXT(2) 
PARAMETRIC_REPRESENTATION_CONTEXT() REPRESENTATION_CONTEXT('2D SPACE',''
  ) );
#2736 = PCURVE('',#128,#2737);
#2737 = DEFINITIONAL_REPRESENTATION('',(#2738),#2743);
#2738 = B_SPLINE_CURVE_WITH_KNOTS('',3,(#2739,#2740,#2741,#2742),
  .UNSPECIFIED.,.F.,.F.,(4,4),(0.,1.),.PIECEWISE_BEZIER_KNOTS.);
#2739 = CARTESIAN_POINT('',(12.648370795242,-25.19402142631));
#2740 = CARTESIAN_POINT('',(13.371946785479,-26.34625388266));
#2741 = CARTESIAN_POINT('',(14.48516927624,-27.19731445385));
#2742 = CARTESIAN_POINT('',(15.607640589232,-27.93566815448));
#2743 = ( GEOMETRIC_REPRESENTATION_CONTEXT(2) 
PARAMETRIC_REPRESENTATION_CONTEXT() REPRESENTATION_CONTEXT('2D SPACE',''
  ) );
#2744 = ORIENTED_EDGE('',*,*,#2745,.F.);
#2745 = EDGE_CURVE('',#2695,#2721,#2746,.T.);
#2746 = SURFACE_CURVE('',#2747,(#2752,#2759),.PCURVE_S1.);
#2747 = B_SPLINE_CURVE_WITH_KNOTS('',3,(#2748,#2749,#2750,#2751),
  .UNSPECIFIED.,.F.,.F.,(4,4),(0.,1.),.PIECEWISE_BEZIER_KNOTS.);
#2748 = CARTESIAN_POINT('',(-9.18467148753,-30.65357743667,0.));
#2749 = CARTESIAN_POINT('',(-11.41615136046,-29.98519125863,
    6.000000986407));
#2750 = CARTESIAN_POINT('',(-13.57417908803,-29.07201177744,
    11.999999013593));
#2751 = CARTESIAN_POINT('',(-15.60764058923,-27.93566815448,18.));
#2752 = PCURVE('',#2667,#2753);
#2753 = DEFINITIONAL_REPRESENTATION('',(#2754),#2758);
#2754 = LINE('',#2755,#2756);
#2755 = CARTESIAN_POINT('',(0.,1.));
#2756 = VECTOR('',#2757,1.);
#2757 = DIRECTION('',(1.,0.));
#2758 = ( GEOMETRIC_REPRESENTATION_CONTEXT(2) 
PARAMETRIC_REPRESENTATION_CONTEXT() REPRESENTATION_CONTEXT('2D SPACE',''
  ) );
#2759 = PCURVE('',#2760,#2777);
#2760 = B_SPLINE_SURFACE_WITH_KNOTS('',3,3,(
    (#2761,#2762,#2763,#2764)
    ,(#2765,#2766,#2767,#2768)
    ,(#2769,#2770,#2771,#2772)
    ,(#2773,#2774,#2775,#2776
    )),.UNSPECIFIED.,.F.,.F.,.F.,(4,4),(4,4),(0.,1.),(0.,1.),
  .PIECEWISE_BEZIER_KNOTS.);
#2761 = CARTESIAN_POINT('',(-9.18467148753,-30.65357743667,0.));
#2762 = CARTESIAN_POINT('',(-9.655587177484,-30.51247833743,0.));
#2763 = CARTESIAN_POINT('',(-10.12325066038,-30.36052526062,0.));
#2764 = CARTESIAN_POINT('',(-10.58716542612,-30.19787953217,0.));
#2765 = CARTESIAN_POINT('',(-11.41615139896,-29.98519124299,
    6.000001093596));
#2766 = CARTESIAN_POINT('',(-11.87679903633,-29.80981102585,
    6.000001093596));
#2767 = CARTESIAN_POINT('',(-12.33340433267,-29.62381350051,
    6.000001093596));
#2768 = CARTESIAN_POINT('',(-12.78548251817,-29.42739613728,
    6.000001093596));
#2769 = CARTESIAN_POINT('',(-13.57417905,-29.07201179419,11.999998906404
    ));
#2770 = CARTESIAN_POINT('',(-14.02079799755,-28.86347886618,
    11.999998906404));
#2771 = CARTESIAN_POINT('',(-14.46261047887,-28.64465197699,
    11.999998906404));
#2772 = CARTESIAN_POINT('',(-14.89914742941,-28.41576345129,
    11.999998906404));
#2773 = CARTESIAN_POINT('',(-15.60764058923,-27.93566815448,18.));
#2774 = CARTESIAN_POINT('',(-16.03680248553,-27.69589615943,18.));
#2775 = CARTESIAN_POINT('',(-16.46043789781,-27.44623256926,18.));
#2776 = CARTESIAN_POINT('',(-16.87809705978,-27.18694244744,18.));
#2777 = DEFINITIONAL_REPRESENTATION('',(#2778),#2782);
#2778 = LINE('',#2779,#2780);
#2779 = CARTESIAN_POINT('',(0.,0.));
#2780 = VECTOR('',#2781,1.);
#2781 = DIRECTION('',(1.,0.));
#2782 = ( GEOMETRIC_REPRESENTATION_CONTEXT(2) 
PARAMETRIC_REPRESENTATION_CONTEXT() REPRESENTATION_CONTEXT('2D SPACE',''
  ) );
#2783 = ADVANCED_FACE('',(#2784),#2760,.T.);
#2784 = FACE_BOUND('',#2785,.T.);
#2785 = EDGE_LOOP('',(#2786,#2811,#2812,#2837));
#2786 = ORIENTED_EDGE('',*,*,#2787,.F.);
#2787 = EDGE_CURVE('',#2695,#2788,#2790,.T.);
#2788 = VERTEX_POINT('',#2789);
#2789 = CARTESIAN_POINT('',(-10.58716542612,-30.19787953217,0.));
#2790 = SURFACE_CURVE('',#2791,(#2796,#2803),.PCURVE_S1.);
#2791 = B_SPLINE_CURVE_WITH_KNOTS('',3,(#2792,#2793,#2794,#2795),
  .UNSPECIFIED.,.F.,.F.,(4,4),(0.,1.),.PIECEWISE_BEZIER_KNOTS.);
#2792 = CARTESIAN_POINT('',(-9.18467148753,-30.65357743667,0.));
#2793 = CARTESIAN_POINT('',(-9.655587177484,-30.51247833743,0.));
#2794 = CARTESIAN_POINT('',(-10.12325066038,-30.36052526062,0.));
#2795 = CARTESIAN_POINT('',(-10.58716542612,-30.19787953217,0.));
#2796 = PCURVE('',#2760,#2797);
#2797 = DEFINITIONAL_REPRESENTATION('',(#2798),#2802);
#2798 = LINE('',#2799,#2800);
#2799 = CARTESIAN_POINT('',(0.,0.));
#2800 = VECTOR('',#2801,1.);
#2801 = DIRECTION('',(0.,1.));
#2802 = ( GEOMETRIC_REPRESENTATION_CONTEXT(2) 
PARAMETRIC_REPRESENTATION_CONTEXT() REPRESENTATION_CONTEXT('2D SPACE',''
  ) );
#2803 = PCURVE('',#57,#2804);
#2804 = DEFINITIONAL_REPRESENTATION('',(#2805),#2810);
#2805 = B_SPLINE_CURVE_WITH_KNOTS('',3,(#2806,#2807,#2808,#2809),
  .UNSPECIFIED.,.F.,.F.,(4,4),(0.,1.),.PIECEWISE_BEZIER_KNOTS.);
#2806 = CARTESIAN_POINT('',(-9.18467148753,-30.65357743667));
#2807 = CARTESIAN_POINT('',(-9.655587177484,-30.51247833743));
#2808 = CARTESIAN_POINT('',(-10.12325066038,-30.36052526062));
#2809 = CARTESIAN_POINT('',(-10.58716542612,-30.19787953217));
#2810 = ( GEOMETRIC_REPRESENTATION_CONTEXT(2) 
PARAMETRIC_REPRESENTATION_CONTEXT() REPRESENTATION_CONTEXT('2D SPACE',''
  ) );
#2811 = ORIENTED_EDGE('',*,*,#2745,.T.);
#2812 = ORIENTED_EDGE('',*,*,#2813,.T.);
#2813 = EDGE_CURVE('',#2721,#2814,#2816,.T.);
#2814 = VERTEX_POINT('',#2815);
#2815 = CARTESIAN_POINT('',(-16.87809705978,-27.18694244744,18.));
#2816 = SURFACE_CURVE('',#2817,(#2822,#2829),.PCURVE_S1.);
#2817 = B_SPLINE_CURVE_WITH_KNOTS('',3,(#2818,#2819,#2820,#2821),
  .UNSPECIFIED.,.F.,.F.,(4,4),(0.,1.),.PIECEWISE_BEZIER_KNOTS.);
#2818 = CARTESIAN_POINT('',(-15.60764058923,-27.93566815448,18.));
#2819 = CARTESIAN_POINT('',(-16.03680248553,-27.69589615943,18.));
#2820 = CARTESIAN_POINT('',(-16.46043789781,-27.44623256926,18.));
#2821 = CARTESIAN_POINT('',(-16.87809705978,-27.18694244744,18.));
#2822 = PCURVE('',#2760,#2823);
#2823 = DEFINITIONAL_REPRESENTATION('',(#2824),#2828);
#2824 = LINE('',#2825,#2826);
#2825 = CARTESIAN_POINT('',(1.,0.));
#2826 = VECTOR('',#2827,1.);
#2827 = DIRECTION('',(0.,1.));
#2828 = ( GEOMETRIC_REPRESENTATION_CONTEXT(2) 
PARAMETRIC_REPRESENTATION_CONTEXT() REPRESENTATION_CONTEXT('2D SPACE',''
  ) );
#2829 = PCURVE('',#128,#2830);
#2830 = DEFINITIONAL_REPRESENTATION('',(#2831),#2836);
#2831 = B_SPLINE_CURVE_WITH_KNOTS('',3,(#2832,#2833,#2834,#2835),
  .UNSPECIFIED.,.F.,.F.,(4,4),(0.,1.),.PIECEWISE_BEZIER_KNOTS.);
#2832 = CARTESIAN_POINT('',(15.607640589232,-27.93566815448));
#2833 = CARTESIAN_POINT('',(16.036802485539,-27.69589615943));
#2834 = CARTESIAN_POINT('',(16.460437897813,-27.44623256926));
#2835 = CARTESIAN_POINT('',(16.878097059782,-27.18694244744));
#2836 = ( GEOMETRIC_REPRESENTATION_CONTEXT(2) 
PARAMETRIC_REPRESENTATION_CONTEXT() REPRESENTATION_CONTEXT('2D SPACE',''
  ) );
#2837 = ORIENTED_EDGE('',*,*,#2838,.F.);
#2838 = EDGE_CURVE('',#2788,#2814,#2839,.T.);
#2839 = SURFACE_CURVE('',#2840,(#2845,#2852),.PCURVE_S1.);
#2840 = B_SPLINE_CURVE_WITH_KNOTS('',3,(#2841,#2842,#2843,#2844),
  .UNSPECIFIED.,.F.,.F.,(4,4),(0.,1.),.PIECEWISE_BEZIER_KNOTS.);
#2841 = CARTESIAN_POINT('',(-10.58716542612,-30.19787953217,0.));
#2842 = CARTESIAN_POINT('',(-12.78548248043,-29.42739615467,
    6.000000986407));
#2843 = CARTESIAN_POINT('',(-14.89914746663,-28.4157634328,
    11.999999013593));
#2844 = CARTESIAN_POINT('',(-16.87809705978,-27.18694244744,18.));
#2845 = PCURVE('',#2760,#2846);
#2846 = DEFINITIONAL_REPRESENTATION('',(#2847),#2851);
#2847 = LINE('',#2848,#2849);
#2848 = CARTESIAN_POINT('',(0.,1.));
#2849 = VECTOR('',#2850,1.);
#2850 = DIRECTION('',(1.,0.));
#2851 = ( GEOMETRIC_REPRESENTATION_CONTEXT(2) 
PARAMETRIC_REPRESENTATION_CONTEXT() REPRESENTATION_CONTEXT('2D SPACE',''
  ) );
#2852 = PCURVE('',#2853,#2870);
#2853 = B_SPLINE_SURFACE_WITH_KNOTS('',3,3,(
    (#2854,#2855,#2856,#2857)
    ,(#2858,#2859,#2860,#2861)
    ,(#2862,#2863,#2864,#2865)
    ,(#2866,#2867,#2868,#2869
    )),.UNSPECIFIED.,.F.,.F.,.F.,(4,4),(4,4),(0.,1.),(0.,1.),
  .PIECEWISE_BEZIER_KNOTS.);
#2854 = CARTESIAN_POINT('',(-10.58716542612,-30.19787953217,0.));
#2855 = CARTESIAN_POINT('',(-10.77765594563,-28.86790908224,0.));
#2856 = CARTESIAN_POINT('',(-10.87759092277,-27.4702033156,0.));
#2857 = CARTESIAN_POINT('',(-10.49379384976,-26.1648674761,0.));
#2858 = CARTESIAN_POINT('',(-12.78548248043,-29.42739615467,
    6.000000986407));
#2859 = CARTESIAN_POINT('',(-12.87915953037,-28.08354994069,
    6.000000986407));
#2860 = CARTESIAN_POINT('',(-12.87734965003,-26.67855990953,
    6.000000986407));
#2861 = CARTESIAN_POINT('',(-12.39852846019,-25.40115355337,
    6.000000986407));
#2862 = CARTESIAN_POINT('',(-14.89914746663,-28.4157634328,
    11.999999013593));
#2863 = CARTESIAN_POINT('',(-14.89449383684,-27.06866418618,
    11.999999013593));
#2864 = CARTESIAN_POINT('',(-14.79014534599,-25.66755332127,
    11.999999013593));
#2865 = CARTESIAN_POINT('',(-14.21936943869,-24.42850062092,
    11.999999013593));
#2866 = CARTESIAN_POINT('',(-16.87809705978,-27.18694244744,18.));
#2867 = CARTESIAN_POINT('',(-16.77592455667,-25.84728994946,18.));
#2868 = CARTESIAN_POINT('',(-16.57067238601,-24.46112980135,18.));
#2869 = CARTESIAN_POINT('',(-15.91318915899,-23.26994650173,18.));
#2870 = DEFINITIONAL_REPRESENTATION('',(#2871),#2875);
#2871 = LINE('',#2872,#2873);
#2872 = CARTESIAN_POINT('',(0.,0.));
#2873 = VECTOR('',#2874,1.);
#2874 = DIRECTION('',(1.,0.));
#2875 = ( GEOMETRIC_REPRESENTATION_CONTEXT(2) 
PARAMETRIC_REPRESENTATION_CONTEXT() REPRESENTATION_CONTEXT('2D SPACE',''
  ) );
#2876 = ADVANCED_FACE('',(#2877),#2853,.T.);
#2877 = FACE_BOUND('',#2878,.T.);
#2878 = EDGE_LOOP('',(#2879,#2904,#2905,#2930));
#2879 = ORIENTED_EDGE('',*,*,#2880,.F.);
#2880 = EDGE_CURVE('',#2788,#2881,#2883,.T.);
#2881 = VERTEX_POINT('',#2882);
#2882 = CARTESIAN_POINT('',(-10.49379384976,-26.1648674761,0.));
#2883 = SURFACE_CURVE('',#2884,(#2889,#2896),.PCURVE_S1.);
#2884 = B_SPLINE_CURVE_WITH_KNOTS('',3,(#2885,#2886,#2887,#2888),
  .UNSPECIFIED.,.F.,.F.,(4,4),(0.,1.),.PIECEWISE_BEZIER_KNOTS.);
#2885 = CARTESIAN_POINT('',(-10.58716542612,-30.19787953217,0.));
#2886 = CARTESIAN_POINT('',(-10.77765594563,-28.86790908224,0.));
#2887 = CARTESIAN_POINT('',(-10.87759092277,-27.4702033156,0.));
#2888 = CARTESIAN_POINT('',(-10.49379384976,-26.1648674761,0.));
#2889 = PCURVE('',#2853,#2890);
#2890 = DEFINITIONAL_REPRESENTATION('',(#2891),#2895);
#2891 = LINE('',#2892,#2893);
#2892 = CARTESIAN_POINT('',(0.,0.));
#2893 = VECTOR('',#2894,1.);
#2894 = DIRECTION('',(0.,1.));
#2895 = ( GEOMETRIC_REPRESENTATION_CONTEXT(2) 
PARAMETRIC_REPRESENTATION_CONTEXT() REPRESENTATION_CONTEXT('2D SPACE',''
  ) );
#2896 = PCURVE('',#57,#2897);
#2897 = DEFINITIONAL_REPRESENTATION('',(#2898),#2903);
#2898 = B_SPLINE_CURVE_WITH_KNOTS('',3,(#2899,#2900,#2901,#2902),
  .UNSPECIFIED.,.F.,.F.,(4,4),(0.,1.),.PIECEWISE_BEZIER_KNOTS.);
#2899 = CARTESIAN_POINT('',(-10.58716542612,-30.19787953217));
#2900 = CARTESIAN_POINT('',(-10.77765594563,-28.86790908224));
#2901 = CARTESIAN_POINT('',(-10.87759092277,-27.4702033156));
#2902 = CARTESIAN_POINT('',(-10.49379384976,-26.1648674761));
#2903 = ( GEOMETRIC_REPRESENTATION_CONTEXT(2) 
PARAMETRIC_REPRESENTATION_CONTEXT() REPRESENTATION_CONTEXT('2D SPACE',''
  ) );
#2904 = ORIENTED_EDGE('',*,*,#2838,.T.);
#2905 = ORIENTED_EDGE('',*,*,#2906,.T.);
#2906 = EDGE_CURVE('',#2814,#2907,#2909,.T.);
#2907 = VERTEX_POINT('',#2908);
#2908 = CARTESIAN_POINT('',(-15.91318915899,-23.26994650173,18.));
#2909 = SURFACE_CURVE('',#2910,(#2915,#2922),.PCURVE_S1.);
#2910 = B_SPLINE_CURVE_WITH_KNOTS('',3,(#2911,#2912,#2913,#2914),
  .UNSPECIFIED.,.F.,.F.,(4,4),(0.,1.),.PIECEWISE_BEZIER_KNOTS.);
#2911 = CARTESIAN_POINT('',(-16.87809705978,-27.18694244744,18.));
#2912 = CARTESIAN_POINT('',(-16.77592455667,-25.84728994946,18.));
#2913 = CARTESIAN_POINT('',(-16.57067238601,-24.46112980135,18.));
#2914 = CARTESIAN_POINT('',(-15.91318915899,-23.26994650173,18.));
#2915 = PCURVE('',#2853,#2916);
#2916 = DEFINITIONAL_REPRESENTATION('',(#2917),#2921);
#2917 = LINE('',#2918,#2919);
#2918 = CARTESIAN_POINT('',(1.,0.));
#2919 = VECTOR('',#2920,1.);
#2920 = DIRECTION('',(0.,1.));
#2921 = ( GEOMETRIC_REPRESENTATION_CONTEXT(2) 
PARAMETRIC_REPRESENTATION_CONTEXT() REPRESENTATION_CONTEXT('2D SPACE',''
  ) );
#2922 = PCURVE('',#128,#2923);
#2923 = DEFINITIONAL_REPRESENTATION('',(#2924),#2929);
#2924 = B_SPLINE_CURVE_WITH_KNOTS('',3,(#2925,#2926,#2927,#2928),
  .UNSPECIFIED.,.F.,.F.,(4,4),(0.,1.),.PIECEWISE_BEZIER_KNOTS.);
#2925 = CARTESIAN_POINT('',(16.878097059782,-27.18694244744));
#2926 = CARTESIAN_POINT('',(16.775924556676,-25.84728994946));
#2927 = CARTESIAN_POINT('',(16.570672386017,-24.46112980135));
#2928 = CARTESIAN_POINT('',(15.913189158994,-23.26994650173));
#2929 = ( GEOMETRIC_REPRESENTATION_CONTEXT(2) 
PARAMETRIC_REPRESENTATION_CONTEXT() REPRESENTATION_CONTEXT('2D SPACE',''
  ) );
#2930 = ORIENTED_EDGE('',*,*,#2931,.F.);
#2931 = EDGE_CURVE('',#2881,#2907,#2932,.T.);
#2932 = SURFACE_CURVE('',#2933,(#2938,#2945),.PCURVE_S1.);
#2933 = B_SPLINE_CURVE_WITH_KNOTS('',3,(#2934,#2935,#2936,#2937),
  .UNSPECIFIED.,.F.,.F.,(4,4),(0.,1.),.PIECEWISE_BEZIER_KNOTS.);
#2934 = CARTESIAN_POINT('',(-10.49379384976,-26.1648674761,0.));
#2935 = CARTESIAN_POINT('',(-12.39852841871,-25.40115357476,
    6.000000849768));
#2936 = CARTESIAN_POINT('',(-14.21936947953,-24.42850059833,
    11.999999150232));
#2937 = CARTESIAN_POINT('',(-15.91318915899,-23.26994650173,18.));
#2938 = PCURVE('',#2853,#2939);
#2939 = DEFINITIONAL_REPRESENTATION('',(#2940),#2944);
#2940 = LINE('',#2941,#2942);
#2941 = CARTESIAN_POINT('',(0.,1.));
#2942 = VECTOR('',#2943,1.);
#2943 = DIRECTION('',(1.,0.));
#2944 = ( GEOMETRIC_REPRESENTATION_CONTEXT(2) 
PARAMETRIC_REPRESENTATION_CONTEXT() REPRESENTATION_CONTEXT('2D SPACE',''
  ) );
#2945 = PCURVE('',#2946,#2963);
#2946 = B_SPLINE_SURFACE_WITH_KNOTS('',3,3,(
    (#2947,#2948,#2949,#2950)
    ,(#2951,#2952,#2953,#2954)
    ,(#2955,#2956,#2957,#2958)
    ,(#2959,#2960,#2961,#2962
    )),.UNSPECIFIED.,.F.,.F.,.F.,(4,4),(4,4),(0.,1.),(0.,1.),
  .PIECEWISE_BEZIER_KNOTS.);
#2947 = CARTESIAN_POINT('',(-10.49379384976,-26.1648674761,0.));
#2948 = CARTESIAN_POINT('',(-10.47462659603,-25.20665071079,0.));
#2949 = CARTESIAN_POINT('',(-11.72329879775,-24.65070602804,0.));
#2950 = CARTESIAN_POINT('',(-12.42256723247,-25.30612223866,0.));
#2951 = CARTESIAN_POINT('',(-12.39852841871,-25.40115357476,
    6.000000849768));
#2952 = CARTESIAN_POINT('',(-12.3096079566,-24.44432554974,
    6.000000849768));
#2953 = CARTESIAN_POINT('',(-13.5178188602,-23.79748038952,
    6.000000849768));
#2954 = CARTESIAN_POINT('',(-14.26480287279,-24.40199805095,
    6.000000849768));
#2955 = CARTESIAN_POINT('',(-14.21936947953,-24.42850059833,
    11.999999150232));
#2956 = CARTESIAN_POINT('',(-14.06085190599,-23.48071428437,
    11.999999150232));
#2957 = CARTESIAN_POINT('',(-15.21863043566,-22.74741276035,
    11.999999150232));
#2958 = CARTESIAN_POINT('',(-16.00774308793,-23.29579943056,
    11.999999150232));
#2959 = CARTESIAN_POINT('',(-15.91318915899,-23.26994650173,18.));
#2960 = CARTESIAN_POINT('',(-15.68687902647,-22.33864071046,18.));
#2961 = CARTESIAN_POINT('',(-16.78544863184,-21.52537471474,18.));
#2962 = CARTESIAN_POINT('',(-17.6101051398,-22.01372745285,18.));
#2963 = DEFINITIONAL_REPRESENTATION('',(#2964),#2968);
#2964 = LINE('',#2965,#2966);
#2965 = CARTESIAN_POINT('',(0.,0.));
#2966 = VECTOR('',#2967,1.);
#2967 = DIRECTION('',(1.,0.));
#2968 = ( GEOMETRIC_REPRESENTATION_CONTEXT(2) 
PARAMETRIC_REPRESENTATION_CONTEXT() REPRESENTATION_CONTEXT('2D SPACE',''
  ) );
#2969 = ADVANCED_FACE('',(#2970),#2946,.T.);
#2970 = FACE_BOUND('',#2971,.T.);
#2971 = EDGE_LOOP('',(#2972,#2997,#2998,#3023));
#2972 = ORIENTED_EDGE('',*,*,#2973,.F.);
#2973 = EDGE_CURVE('',#2881,#2974,#2976,.T.);
#2974 = VERTEX_POINT('',#2975);
#2975 = CARTESIAN_POINT('',(-12.42256723247,-25.30612223866,0.));
#2976 = SURFACE_CURVE('',#2977,(#2982,#2989),.PCURVE_S1.);
#2977 = B_SPLINE_CURVE_WITH_KNOTS('',3,(#2978,#2979,#2980,#2981),
  .UNSPECIFIED.,.F.,.F.,(4,4),(0.,1.),.PIECEWISE_BEZIER_KNOTS.);
#2978 = CARTESIAN_POINT('',(-10.49379384976,-26.1648674761,0.));
#2979 = CARTESIAN_POINT('',(-10.47462659603,-25.20665071079,0.));
#2980 = CARTESIAN_POINT('',(-11.72329879775,-24.65070602804,0.));
#2981 = CARTESIAN_POINT('',(-12.42256723247,-25.30612223866,0.));
#2982 = PCURVE('',#2946,#2983);
#2983 = DEFINITIONAL_REPRESENTATION('',(#2984),#2988);
#2984 = LINE('',#2985,#2986);
#2985 = CARTESIAN_POINT('',(0.,0.));
#2986 = VECTOR('',#2987,1.);
#2987 = DIRECTION('',(0.,1.));
#2988 = ( GEOMETRIC_REPRESENTATION_CONTEXT(2) 
PARAMETRIC_REPRESENTATION_CONTEXT() REPRESENTATION_CONTEXT('2D SPACE',''
  ) );
#2989 = PCURVE('',#57,#2990);
#2990 = DEFINITIONAL_REPRESENTATION('',(#2991),#2996);
#2991 = B_SPLINE_CURVE_WITH_KNOTS('',3,(#2992,#2993,#2994,#2995),
  .UNSPECIFIED.,.F.,.F.,(4,4),(0.,1.),.PIECEWISE_BEZIER_KNOTS.);
#2992 = CARTESIAN_POINT('',(-10.49379384976,-26.1648674761));
#2993 = CARTESIAN_POINT('',(-10.47462659603,-25.20665071079));
#2994 = CARTESIAN_POINT('',(-11.72329879775,-24.65070602804));
#2995 = CARTESIAN_POINT('',(-12.42256723247,-25.30612223866));
#2996 = ( GEOMETRIC_REPRESENTATION_CONTEXT(2) 
PARAMETRIC_REPRESENTATION_CONTEXT() REPRESENTATION_CONTEXT('2D SPACE',''
  ) );
#2997 = ORIENTED_EDGE('',*,*,#2931,.T.);
#2998 = ORIENTED_EDGE('',*,*,#2999,.T.);
#2999 = EDGE_CURVE('',#2907,#3000,#3002,.T.);
#3000 = VERTEX_POINT('',#3001);
#3001 = CARTESIAN_POINT('',(-17.6101051398,-22.01372745285,18.));
#3002 = SURFACE_CURVE('',#3003,(#3008,#3015),.PCURVE_S1.);
#3003 = B_SPLINE_CURVE_WITH_KNOTS('',3,(#3004,#3005,#3006,#3007),
  .UNSPECIFIED.,.F.,.F.,(4,4),(0.,1.),.PIECEWISE_BEZIER_KNOTS.);
#3004 = CARTESIAN_POINT('',(-15.91318915899,-23.26994650173,18.));
#3005 = CARTESIAN_POINT('',(-15.68687902647,-22.33864071046,18.));
#3006 = CARTESIAN_POINT('',(-16.78544863184,-21.52537471474,18.));
#3007 = CARTESIAN_POINT('',(-17.6101051398,-22.01372745285,18.));
#3008 = PCURVE('',#2946,#3009);
#3009 = DEFINITIONAL_REPRESENTATION('',(#3010),#3014);
#3010 = LINE('',#3011,#3012);
#3011 = CARTESIAN_POINT('',(1.,0.));
#3012 = VECTOR('',#3013,1.);
#3013 = DIRECTION('',(0.,1.));
#3014 = ( GEOMETRIC_REPRESENTATION_CONTEXT(2) 
PARAMETRIC_REPRESENTATION_CONTEXT() REPRESENTATION_CONTEXT('2D SPACE',''
  ) );
#3015 = PCURVE('',#128,#3016);
#3016 = DEFINITIONAL_REPRESENTATION('',(#3017),#3022);
#3017 = B_SPLINE_CURVE_WITH_KNOTS('',3,(#3018,#3019,#3020,#3021),
  .UNSPECIFIED.,.F.,.F.,(4,4),(0.,1.),.PIECEWISE_BEZIER_KNOTS.);
#3018 = CARTESIAN_POINT('',(15.913189158994,-23.26994650173));
#3019 = CARTESIAN_POINT('',(15.686879026478,-22.33864071046));
#3020 = CARTESIAN_POINT('',(16.785448631841,-21.52537471474));
#3021 = CARTESIAN_POINT('',(17.610105139801,-22.01372745285));
#3022 = ( GEOMETRIC_REPRESENTATION_CONTEXT(2) 
PARAMETRIC_REPRESENTATION_CONTEXT() REPRESENTATION_CONTEXT('2D SPACE',''
  ) );
#3023 = ORIENTED_EDGE('',*,*,#3024,.F.);
#3024 = EDGE_CURVE('',#2974,#3000,#3025,.T.);
#3025 = SURFACE_CURVE('',#3026,(#3031,#3038),.PCURVE_S1.);
#3026 = B_SPLINE_CURVE_WITH_KNOTS('',3,(#3027,#3028,#3029,#3030),
  .UNSPECIFIED.,.F.,.F.,(4,4),(0.,1.),.PIECEWISE_BEZIER_KNOTS.);
#3027 = CARTESIAN_POINT('',(-12.42256723247,-25.30612223866,0.));
#3028 = CARTESIAN_POINT('',(-14.26480287279,-24.40199805095,
    6.000000849768));
#3029 = CARTESIAN_POINT('',(-16.00774308793,-23.29579943056,
    11.999999150232));
#3030 = CARTESIAN_POINT('',(-17.6101051398,-22.01372745285,18.));
#3031 = PCURVE('',#2946,#3032);
#3032 = DEFINITIONAL_REPRESENTATION('',(#3033),#3037);
#3033 = LINE('',#3034,#3035);
#3034 = CARTESIAN_POINT('',(0.,1.));
#3035 = VECTOR('',#3036,1.);
#3036 = DIRECTION('',(1.,0.));
#3037 = ( GEOMETRIC_REPRESENTATION_CONTEXT(2) 
PARAMETRIC_REPRESENTATION_CONTEXT() REPRESENTATION_CONTEXT('2D SPACE',''
  ) );
#3038 = PCURVE('',#3039,#3056);
#3039 = B_SPLINE_SURFACE_WITH_KNOTS('',3,3,(
    (#3040,#3041,#3042,#3043)
    ,(#3044,#3045,#3046,#3047)
    ,(#3048,#3049,#3050,#3051)
    ,(#3052,#3053,#3054,#3055
    )),.UNSPECIFIED.,.F.,.F.,.F.,(4,4),(4,4),(0.,1.),(0.,1.),
  .PIECEWISE_BEZIER_KNOTS.);
#3040 = CARTESIAN_POINT('',(-12.42256723247,-25.30612223866,0.));
#3041 = CARTESIAN_POINT('',(-13.13581043892,-26.46477920928,0.));
#3042 = CARTESIAN_POINT('',(-14.24137779879,-27.32576075528,0.));
#3043 = CARTESIAN_POINT('',(-15.35720149352,-28.07412264501,0.));
#3044 = CARTESIAN_POINT('',(-14.26480291255,-24.40199802652,
    6.000000986407));
#3045 = CARTESIAN_POINT('',(-15.06239504136,-25.50874258904,
    6.000000986407));
#3046 = CARTESIAN_POINT('',(-16.23064481246,-26.28925058748,
    6.000000986407));
#3047 = CARTESIAN_POINT('',(-17.40095287692,-26.95639155519,
    6.000000986407));
#3048 = CARTESIAN_POINT('',(-16.0077430489,-23.29579945614,
    11.999999013593));
#3049 = CARTESIAN_POINT('',(-16.88398396122,-24.34137996197,
    11.999999013593));
#3050 = CARTESIAN_POINT('',(-18.10608355019,-25.03454145682,
    11.999999013593));
#3051 = CARTESIAN_POINT('',(-19.32196183101,-25.61448804295,
    11.999999013593));
#3052 = CARTESIAN_POINT('',(-17.6101051398,-22.01372745285,18.));
#3053 = CARTESIAN_POINT('',(-18.55743185681,-22.99034095796,18.));
#3054 = CARTESIAN_POINT('',(-19.82327320758,-23.59135184343,18.));
#3055 = CARTESIAN_POINT('',(-21.07472819559,-24.08019583561,18.));
#3056 = DEFINITIONAL_REPRESENTATION('',(#3057),#3061);
#3057 = LINE('',#3058,#3059);
#3058 = CARTESIAN_POINT('',(0.,0.));
#3059 = VECTOR('',#3060,1.);
#3060 = DIRECTION('',(1.,0.));
#3061 = ( GEOMETRIC_REPRESENTATION_CONTEXT(2) 
PARAMETRIC_REPRESENTATION_CONTEXT() REPRESENTATION_CONTEXT('2D SPACE',''
  ) );
#3062 = ADVANCED_FACE('',(#3063),#3039,.T.);
#3063 = FACE_BOUND('',#3064,.T.);
#3064 = EDGE_LOOP('',(#3065,#3090,#3091,#3116));
#3065 = ORIENTED_EDGE('',*,*,#3066,.F.);
#3066 = EDGE_CURVE('',#2974,#3067,#3069,.T.);
#3067 = VERTEX_POINT('',#3068);
#3068 = CARTESIAN_POINT('',(-15.35720149352,-28.07412264501,0.));
#3069 = SURFACE_CURVE('',#3070,(#3075,#3082),.PCURVE_S1.);
#3070 = B_SPLINE_CURVE_WITH_KNOTS('',3,(#3071,#3072,#3073,#3074),
  .UNSPECIFIED.,.F.,.F.,(4,4),(0.,1.),.PIECEWISE_BEZIER_KNOTS.);
#3071 = CARTESIAN_POINT('',(-12.42256723247,-25.30612223866,0.));
#3072 = CARTESIAN_POINT('',(-13.13581043892,-26.46477920928,0.));
#3073 = CARTESIAN_POINT('',(-14.24137779879,-27.32576075528,0.));
#3074 = CARTESIAN_POINT('',(-15.35720149352,-28.07412264501,0.));
#3075 = PCURVE('',#3039,#3076);
#3076 = DEFINITIONAL_REPRESENTATION('',(#3077),#3081);
#3077 = LINE('',#3078,#3079);
#3078 = CARTESIAN_POINT('',(0.,0.));
#3079 = VECTOR('',#3080,1.);
#3080 = DIRECTION('',(0.,1.));
#3081 = ( GEOMETRIC_REPRESENTATION_CONTEXT(2) 
PARAMETRIC_REPRESENTATION_CONTEXT() REPRESENTATION_CONTEXT('2D SPACE',''
  ) );
#3082 = PCURVE('',#57,#3083);
#3083 = DEFINITIONAL_REPRESENTATION('',(#3084),#3089);
#3084 = B_SPLINE_CURVE_WITH_KNOTS('',3,(#3085,#3086,#3087,#3088),
  .UNSPECIFIED.,.F.,.F.,(4,4),(0.,1.),.PIECEWISE_BEZIER_KNOTS.);
#3085 = CARTESIAN_POINT('',(-12.42256723247,-25.30612223866));
#3086 = CARTESIAN_POINT('',(-13.13581043892,-26.46477920928));
#3087 = CARTESIAN_POINT('',(-14.24137779879,-27.32576075528));
#3088 = CARTESIAN_POINT('',(-15.35720149352,-28.07412264501));
#3089 = ( GEOMETRIC_REPRESENTATION_CONTEXT(2) 
PARAMETRIC_REPRESENTATION_CONTEXT() REPRESENTATION_CONTEXT('2D SPACE',''
  ) );
#3090 = ORIENTED_EDGE('',*,*,#3024,.T.);
#3091 = ORIENTED_EDGE('',*,*,#3092,.T.);
#3092 = EDGE_CURVE('',#3000,#3093,#3095,.T.);
#3093 = VERTEX_POINT('',#3094);
#3094 = CARTESIAN_POINT('',(-21.07472819559,-24.08019583561,18.));
#3095 = SURFACE_CURVE('',#3096,(#3101,#3108),.PCURVE_S1.);
#3096 = B_SPLINE_CURVE_WITH_KNOTS('',3,(#3097,#3098,#3099,#3100),
  .UNSPECIFIED.,.F.,.F.,(4,4),(0.,1.),.PIECEWISE_BEZIER_KNOTS.);
#3097 = CARTESIAN_POINT('',(-17.6101051398,-22.01372745285,18.));
#3098 = CARTESIAN_POINT('',(-18.55743185681,-22.99034095796,18.));
#3099 = CARTESIAN_POINT('',(-19.82327320758,-23.59135184343,18.));
#3100 = CARTESIAN_POINT('',(-21.07472819559,-24.08019583561,18.));
#3101 = PCURVE('',#3039,#3102);
#3102 = DEFINITIONAL_REPRESENTATION('',(#3103),#3107);
#3103 = LINE('',#3104,#3105);
#3104 = CARTESIAN_POINT('',(1.,0.));
#3105 = VECTOR('',#3106,1.);
#3106 = DIRECTION('',(0.,1.));
#3107 = ( GEOMETRIC_REPRESENTATION_CONTEXT(2) 
PARAMETRIC_REPRESENTATION_CONTEXT() REPRESENTATION_CONTEXT('2D SPACE',''
  ) );
#3108 = PCURVE('',#128,#3109);
#3109 = DEFINITIONAL_REPRESENTATION('',(#3110),#3115);
#3110 = B_SPLINE_CURVE_WITH_KNOTS('',3,(#3111,#3112,#3113,#3114),
  .UNSPECIFIED.,.F.,.F.,(4,4),(0.,1.),.PIECEWISE_BEZIER_KNOTS.);
#3111 = CARTESIAN_POINT('',(17.610105139801,-22.01372745285));
#3112 = CARTESIAN_POINT('',(18.557431856816,-22.99034095796));
#3113 = CARTESIAN_POINT('',(19.823273207581,-23.59135184343));
#3114 = CARTESIAN_POINT('',(21.074728195595,-24.08019583561));
#3115 = ( GEOMETRIC_REPRESENTATION_CONTEXT(2) 
PARAMETRIC_REPRESENTATION_CONTEXT() REPRESENTATION_CONTEXT('2D SPACE',''
  ) );
#3116 = ORIENTED_EDGE('',*,*,#3117,.F.);
#3117 = EDGE_CURVE('',#3067,#3093,#3118,.T.);
#3118 = SURFACE_CURVE('',#3119,(#3124,#3131),.PCURVE_S1.);
#3119 = B_SPLINE_CURVE_WITH_KNOTS('',3,(#3120,#3121,#3122,#3123),
  .UNSPECIFIED.,.F.,.F.,(4,4),(0.,1.),.PIECEWISE_BEZIER_KNOTS.);
#3120 = CARTESIAN_POINT('',(-15.35720149352,-28.07412264501,0.));
#3121 = CARTESIAN_POINT('',(-17.40095287692,-26.95639155519,
    6.000000986407));
#3122 = CARTESIAN_POINT('',(-19.32196183101,-25.61448804295,
    11.999999013593));
#3123 = CARTESIAN_POINT('',(-21.07472819559,-24.08019583561,18.));
#3124 = PCURVE('',#3039,#3125);
#3125 = DEFINITIONAL_REPRESENTATION('',(#3126),#3130);
#3126 = LINE('',#3127,#3128);
#3127 = CARTESIAN_POINT('',(0.,1.));
#3128 = VECTOR('',#3129,1.);
#3129 = DIRECTION('',(1.,0.));
#3130 = ( GEOMETRIC_REPRESENTATION_CONTEXT(2) 
PARAMETRIC_REPRESENTATION_CONTEXT() REPRESENTATION_CONTEXT('2D SPACE',''
  ) );
#3131 = PCURVE('',#3132,#3149);
#3132 = B_SPLINE_SURFACE_WITH_KNOTS('',3,3,(
    (#3133,#3134,#3135,#3136)
    ,(#3137,#3138,#3139,#3140)
    ,(#3141,#3142,#3143,#3144)
    ,(#3145,#3146,#3147,#3148
    )),.UNSPECIFIED.,.F.,.F.,.F.,(4,4),(4,4),(0.,1.),(0.,1.),
  .PIECEWISE_BEZIER_KNOTS.);
#3133 = CARTESIAN_POINT('',(-15.35720149352,-28.07412264501,0.));
#3134 = CARTESIAN_POINT('',(-15.7884903935,-27.83819802229,0.));
#3135 = CARTESIAN_POINT('',(-16.21434148613,-27.59233277932,0.));
#3136 = CARTESIAN_POINT('',(-16.63430265277,-27.33678794693,0.));
#3137 = CARTESIAN_POINT('',(-17.40095291133,-26.95639153189,
    6.000001093596));
#3138 = CARTESIAN_POINT('',(-17.81507069513,-26.68906976412,
    6.000001093596));
#3139 = CARTESIAN_POINT('',(-18.22302701025,-26.41220315176,
    6.000001093596));
#3140 = CARTESIAN_POINT('',(-18.62438873664,-26.12608563925,
    6.000001093596));
#3141 = CARTESIAN_POINT('',(-19.32196179729,-25.61448806724,
    11.999998906404));
#3142 = CARTESIAN_POINT('',(-19.71546461563,-25.31765478349,
    11.999998906404));
#3143 = CARTESIAN_POINT('',(-20.10212576568,-25.01175180684,
    11.999998906404));
#3144 = CARTESIAN_POINT('',(-20.48153473609,-24.6971039091,
    11.999998906404));
#3145 = CARTESIAN_POINT('',(-21.07472819559,-24.08019583561,18.));
#3146 = CARTESIAN_POINT('',(-21.44466047389,-23.75643565844,18.));
#3147 = CARTESIAN_POINT('',(-21.80713045682,-23.42414906187,18.));
#3148 = CARTESIAN_POINT('',(-22.16175331639,-23.08368882876,18.));
#3149 = DEFINITIONAL_REPRESENTATION('',(#3150),#3154);
#3150 = LINE('',#3151,#3152);
#3151 = CARTESIAN_POINT('',(0.,0.));
#3152 = VECTOR('',#3153,1.);
#3153 = DIRECTION('',(1.,0.));
#3154 = ( GEOMETRIC_REPRESENTATION_CONTEXT(2) 
PARAMETRIC_REPRESENTATION_CONTEXT() REPRESENTATION_CONTEXT('2D SPACE',''
  ) );
#3155 = ADVANCED_FACE('',(#3156),#3132,.T.);
#3156 = FACE_BOUND('',#3157,.T.);
#3157 = EDGE_LOOP('',(#3158,#3183,#3184,#3209));
#3158 = ORIENTED_EDGE('',*,*,#3159,.F.);
#3159 = EDGE_CURVE('',#3067,#3160,#3162,.T.);
#3160 = VERTEX_POINT('',#3161);
#3161 = CARTESIAN_POINT('',(-16.63430265277,-27.33678794693,0.));
#3162 = SURFACE_CURVE('',#3163,(#3168,#3175),.PCURVE_S1.);
#3163 = B_SPLINE_CURVE_WITH_KNOTS('',3,(#3164,#3165,#3166,#3167),
  .UNSPECIFIED.,.F.,.F.,(4,4),(0.,1.),.PIECEWISE_BEZIER_KNOTS.);
#3164 = CARTESIAN_POINT('',(-15.35720149352,-28.07412264501,0.));
#3165 = CARTESIAN_POINT('',(-15.7884903935,-27.83819802229,0.));
#3166 = CARTESIAN_POINT('',(-16.21434148613,-27.59233277932,0.));
#3167 = CARTESIAN_POINT('',(-16.63430265277,-27.33678794693,0.));
#3168 = PCURVE('',#3132,#3169);
#3169 = DEFINITIONAL_REPRESENTATION('',(#3170),#3174);
#3170 = LINE('',#3171,#3172);
#3171 = CARTESIAN_POINT('',(0.,0.));
#3172 = VECTOR('',#3173,1.);
#3173 = DIRECTION('',(0.,1.));
#3174 = ( GEOMETRIC_REPRESENTATION_CONTEXT(2) 
PARAMETRIC_REPRESENTATION_CONTEXT() REPRESENTATION_CONTEXT('2D SPACE',''
  ) );
#3175 = PCURVE('',#57,#3176);
#3176 = DEFINITIONAL_REPRESENTATION('',(#3177),#3182);
#3177 = B_SPLINE_CURVE_WITH_KNOTS('',3,(#3178,#3179,#3180,#3181),
  .UNSPECIFIED.,.F.,.F.,(4,4),(0.,1.),.PIECEWISE_BEZIER_KNOTS.);
#3178 = CARTESIAN_POINT('',(-15.35720149352,-28.07412264501));
#3179 = CARTESIAN_POINT('',(-15.7884903935,-27.83819802229));
#3180 = CARTESIAN_POINT('',(-16.21434148613,-27.59233277932));
#3181 = CARTESIAN_POINT('',(-16.63430265277,-27.33678794693));
#3182 = ( GEOMETRIC_REPRESENTATION_CONTEXT(2) 
PARAMETRIC_REPRESENTATION_CONTEXT() REPRESENTATION_CONTEXT('2D SPACE',''
  ) );
#3183 = ORIENTED_EDGE('',*,*,#3117,.T.);
#3184 = ORIENTED_EDGE('',*,*,#3185,.T.);
#3185 = EDGE_CURVE('',#3093,#3186,#3188,.T.);
#3186 = VERTEX_POINT('',#3187);
#3187 = CARTESIAN_POINT('',(-22.16175331639,-23.08368882876,18.));
#3188 = SURFACE_CURVE('',#3189,(#3194,#3201),.PCURVE_S1.);
#3189 = B_SPLINE_CURVE_WITH_KNOTS('',3,(#3190,#3191,#3192,#3193),
  .UNSPECIFIED.,.F.,.F.,(4,4),(0.,1.),.PIECEWISE_BEZIER_KNOTS.);
#3190 = CARTESIAN_POINT('',(-21.07472819559,-24.08019583561,18.));
#3191 = CARTESIAN_POINT('',(-21.44466047389,-23.75643565844,18.));
#3192 = CARTESIAN_POINT('',(-21.80713045682,-23.42414906187,18.));
#3193 = CARTESIAN_POINT('',(-22.16175331639,-23.08368882876,18.));
#3194 = PCURVE('',#3132,#3195);
#3195 = DEFINITIONAL_REPRESENTATION('',(#3196),#3200);
#3196 = LINE('',#3197,#3198);
#3197 = CARTESIAN_POINT('',(1.,0.));
#3198 = VECTOR('',#3199,1.);
#3199 = DIRECTION('',(0.,1.));
#3200 = ( GEOMETRIC_REPRESENTATION_CONTEXT(2) 
PARAMETRIC_REPRESENTATION_CONTEXT() REPRESENTATION_CONTEXT('2D SPACE',''
  ) );
#3201 = PCURVE('',#128,#3202);
#3202 = DEFINITIONAL_REPRESENTATION('',(#3203),#3208);
#3203 = B_SPLINE_CURVE_WITH_KNOTS('',3,(#3204,#3205,#3206,#3207),
  .UNSPECIFIED.,.F.,.F.,(4,4),(0.,1.),.PIECEWISE_BEZIER_KNOTS.);
#3204 = CARTESIAN_POINT('',(21.074728195595,-24.08019583561));
#3205 = CARTESIAN_POINT('',(21.444660473892,-23.75643565844));
#3206 = CARTESIAN_POINT('',(21.807130456828,-23.42414906187));
#3207 = CARTESIAN_POINT('',(22.161753316391,-23.08368882876));
#3208 = ( GEOMETRIC_REPRESENTATION_CONTEXT(2) 
PARAMETRIC_REPRESENTATION_CONTEXT() REPRESENTATION_CONTEXT('2D SPACE',''
  ) );
#3209 = ORIENTED_EDGE('',*,*,#3210,.F.);
#3210 = EDGE_CURVE('',#3160,#3186,#3211,.T.);
#3211 = SURFACE_CURVE('',#3212,(#3217,#3224),.PCURVE_S1.);
#3212 = B_SPLINE_CURVE_WITH_KNOTS('',3,(#3213,#3214,#3215,#3216),
  .UNSPECIFIED.,.F.,.F.,(4,4),(0.,1.),.PIECEWISE_BEZIER_KNOTS.);
#3213 = CARTESIAN_POINT('',(-16.63430265277,-27.33678794693,0.));
#3214 = CARTESIAN_POINT('',(-18.62438870334,-26.12608566411,
    6.000000986407));
#3215 = CARTESIAN_POINT('',(-20.48153476866,-24.69710388329,
    11.999999013593));
#3216 = CARTESIAN_POINT('',(-22.16175331639,-23.08368882876,18.));
#3217 = PCURVE('',#3132,#3218);
#3218 = DEFINITIONAL_REPRESENTATION('',(#3219),#3223);
#3219 = LINE('',#3220,#3221);
#3220 = CARTESIAN_POINT('',(0.,1.));
#3221 = VECTOR('',#3222,1.);
#3222 = DIRECTION('',(1.,0.));
#3223 = ( GEOMETRIC_REPRESENTATION_CONTEXT(2) 
PARAMETRIC_REPRESENTATION_CONTEXT() REPRESENTATION_CONTEXT('2D SPACE',''
  ) );
#3224 = PCURVE('',#3225,#3242);
#3225 = B_SPLINE_SURFACE_WITH_KNOTS('',3,3,(
    (#3226,#3227,#3228,#3229)
    ,(#3230,#3231,#3232,#3233)
    ,(#3234,#3235,#3236,#3237)
    ,(#3238,#3239,#3240,#3241
    )),.UNSPECIFIED.,.F.,.F.,.F.,(4,4),(4,4),(0.,1.),(0.,1.),
  .PIECEWISE_BEZIER_KNOTS.);
#3226 = CARTESIAN_POINT('',(-16.63430265277,-27.33678794693,0.));
#3227 = CARTESIAN_POINT('',(-16.54411409241,-25.99627533629,0.));
#3228 = CARTESIAN_POINT('',(-16.35126588132,-24.60833514404,0.));
#3229 = CARTESIAN_POINT('',(-15.70446111372,-23.41131992287,0.));
#3230 = CARTESIAN_POINT('',(-18.62438870334,-26.12608566411,
    6.000000986407));
#3231 = CARTESIAN_POINT('',(-18.43661734643,-24.7921291603,
    6.000000986407));
#3232 = CARTESIAN_POINT('',(-18.14273316337,-23.41821782755,
    6.000000986407));
#3233 = CARTESIAN_POINT('',(-17.40878764997,-22.26827838829,
    6.000000986407));
#3234 = CARTESIAN_POINT('',(-20.48153476866,-24.69710388329,
    11.999999013593));
#3235 = CARTESIAN_POINT('',(-20.19690514978,-23.38040953128,
    11.999999013593));
#3236 = CARTESIAN_POINT('',(-19.80352959487,-22.03161157158,
    11.999999013593));
#3237 = CARTESIAN_POINT('',(-18.98761296864,-20.93830612951,
    11.999999013593));
#3238 = CARTESIAN_POINT('',(-22.16175331639,-23.08368882876,18.));
#3239 = CARTESIAN_POINT('',(-21.78328411165,-21.79455380993,18.));
#3240 = CARTESIAN_POINT('',(-21.29431829324,-20.48135891267,18.));
#3241 = CARTESIAN_POINT('',(-20.4035417183,-19.45290427552,18.));
#3242 = DEFINITIONAL_REPRESENTATION('',(#3243),#3247);
#3243 = LINE('',#3244,#3245);
#3244 = CARTESIAN_POINT('',(0.,0.));
#3245 = VECTOR('',#3246,1.);
#3246 = DIRECTION('',(1.,0.));
#3247 = ( GEOMETRIC_REPRESENTATION_CONTEXT(2) 
PARAMETRIC_REPRESENTATION_CONTEXT() REPRESENTATION_CONTEXT('2D SPACE',''
  ) );
#3248 = ADVANCED_FACE('',(#3249),#3225,.T.);
#3249 = FACE_BOUND('',#3250,.T.);
#3250 = EDGE_LOOP('',(#3251,#3276,#3277,#3302));
#3251 = ORIENTED_EDGE('',*,*,#3252,.F.);
#3252 = EDGE_CURVE('',#3160,#3253,#3255,.T.);
#3253 = VERTEX_POINT('',#3254);
#3254 = CARTESIAN_POINT('',(-15.70446111372,-23.41131992287,0.));
#3255 = SURFACE_CURVE('',#3256,(#3261,#3268),.PCURVE_S1.);
#3256 = B_SPLINE_CURVE_WITH_KNOTS('',3,(#3257,#3258,#3259,#3260),
  .UNSPECIFIED.,.F.,.F.,(4,4),(0.,1.),.PIECEWISE_BEZIER_KNOTS.);
#3257 = CARTESIAN_POINT('',(-16.63430265277,-27.33678794693,0.));
#3258 = CARTESIAN_POINT('',(-16.54411409241,-25.99627533629,0.));
#3259 = CARTESIAN_POINT('',(-16.35126588132,-24.60833514404,0.));
#3260 = CARTESIAN_POINT('',(-15.70446111372,-23.41131992287,0.));
#3261 = PCURVE('',#3225,#3262);
#3262 = DEFINITIONAL_REPRESENTATION('',(#3263),#3267);
#3263 = LINE('',#3264,#3265);
#3264 = CARTESIAN_POINT('',(0.,0.));
#3265 = VECTOR('',#3266,1.);
#3266 = DIRECTION('',(0.,1.));
#3267 = ( GEOMETRIC_REPRESENTATION_CONTEXT(2) 
PARAMETRIC_REPRESENTATION_CONTEXT() REPRESENTATION_CONTEXT('2D SPACE',''
  ) );
#3268 = PCURVE('',#57,#3269);
#3269 = DEFINITIONAL_REPRESENTATION('',(#3270),#3275);
#3270 = B_SPLINE_CURVE_WITH_KNOTS('',3,(#3271,#3272,#3273,#3274),
  .UNSPECIFIED.,.F.,.F.,(4,4),(0.,1.),.PIECEWISE_BEZIER_KNOTS.);
#3271 = CARTESIAN_POINT('',(-16.63430265277,-27.33678794693));
#3272 = CARTESIAN_POINT('',(-16.54411409241,-25.99627533629));
#3273 = CARTESIAN_POINT('',(-16.35126588132,-24.60833514404));
#3274 = CARTESIAN_POINT('',(-15.70446111372,-23.41131992287));
#3275 = ( GEOMETRIC_REPRESENTATION_CONTEXT(2) 
PARAMETRIC_REPRESENTATION_CONTEXT() REPRESENTATION_CONTEXT('2D SPACE',''
  ) );
#3276 = ORIENTED_EDGE('',*,*,#3210,.T.);
#3277 = ORIENTED_EDGE('',*,*,#3278,.T.);
#3278 = EDGE_CURVE('',#3186,#3279,#3281,.T.);
#3279 = VERTEX_POINT('',#3280);
#3280 = CARTESIAN_POINT('',(-20.4035417183,-19.45290427552,18.));
#3281 = SURFACE_CURVE('',#3282,(#3287,#3294),.PCURVE_S1.);
#3282 = B_SPLINE_CURVE_WITH_KNOTS('',3,(#3283,#3284,#3285,#3286),
  .UNSPECIFIED.,.F.,.F.,(4,4),(0.,1.),.PIECEWISE_BEZIER_KNOTS.);
#3283 = CARTESIAN_POINT('',(-22.16175331639,-23.08368882876,18.));
#3284 = CARTESIAN_POINT('',(-21.78328411165,-21.79455380993,18.));
#3285 = CARTESIAN_POINT('',(-21.29431829324,-20.48135891267,18.));
#3286 = CARTESIAN_POINT('',(-20.4035417183,-19.45290427552,18.));
#3287 = PCURVE('',#3225,#3288);
#3288 = DEFINITIONAL_REPRESENTATION('',(#3289),#3293);
#3289 = LINE('',#3290,#3291);
#3290 = CARTESIAN_POINT('',(1.,0.));
#3291 = VECTOR('',#3292,1.);
#3292 = DIRECTION('',(0.,1.));
#3293 = ( GEOMETRIC_REPRESENTATION_CONTEXT(2) 
PARAMETRIC_REPRESENTATION_CONTEXT() REPRESENTATION_CONTEXT('2D SPACE',''
  ) );
#3294 = PCURVE('',#128,#3295);
#3295 = DEFINITIONAL_REPRESENTATION('',(#3296),#3301);
#3296 = B_SPLINE_CURVE_WITH_KNOTS('',3,(#3297,#3298,#3299,#3300),
  .UNSPECIFIED.,.F.,.F.,(4,4),(0.,1.),.PIECEWISE_BEZIER_KNOTS.);
#3297 = CARTESIAN_POINT('',(22.161753316391,-23.08368882876));
#3298 = CARTESIAN_POINT('',(21.783284111655,-21.79455380993));
#3299 = CARTESIAN_POINT('',(21.294318293241,-20.48135891267));
#3300 = CARTESIAN_POINT('',(20.403541718308,-19.45290427552));
#3301 = ( GEOMETRIC_REPRESENTATION_CONTEXT(2) 
PARAMETRIC_REPRESENTATION_CONTEXT() REPRESENTATION_CONTEXT('2D SPACE',''
  ) );
#3302 = ORIENTED_EDGE('',*,*,#3303,.F.);
#3303 = EDGE_CURVE('',#3253,#3279,#3304,.T.);
#3304 = SURFACE_CURVE('',#3305,(#3310,#3317),.PCURVE_S1.);
#3305 = B_SPLINE_CURVE_WITH_KNOTS('',3,(#3306,#3307,#3308,#3309),
  .UNSPECIFIED.,.F.,.F.,(4,4),(0.,1.),.PIECEWISE_BEZIER_KNOTS.);
#3306 = CARTESIAN_POINT('',(-15.70446111372,-23.41131992287,0.));
#3307 = CARTESIAN_POINT('',(-17.40878761385,-22.26827841784,
    6.000000849768));
#3308 = CARTESIAN_POINT('',(-18.98761300389,-20.93830609893,
    11.999999150232));
#3309 = CARTESIAN_POINT('',(-20.4035417183,-19.45290427552,18.));
#3310 = PCURVE('',#3225,#3311);
#3311 = DEFINITIONAL_REPRESENTATION('',(#3312),#3316);
#3312 = LINE('',#3313,#3314);
#3313 = CARTESIAN_POINT('',(0.,1.));
#3314 = VECTOR('',#3315,1.);
#3315 = DIRECTION('',(1.,0.));
#3316 = ( GEOMETRIC_REPRESENTATION_CONTEXT(2) 
PARAMETRIC_REPRESENTATION_CONTEXT() REPRESENTATION_CONTEXT('2D SPACE',''
  ) );
#3317 = PCURVE('',#3318,#3335);
#3318 = B_SPLINE_SURFACE_WITH_KNOTS('',3,3,(
    (#3319,#3320,#3321,#3322)
    ,(#3323,#3324,#3325,#3326)
    ,(#3327,#3328,#3329,#3330)
    ,(#3331,#3332,#3333,#3334
    )),.UNSPECIFIED.,.F.,.F.,.F.,(4,4),(4,4),(0.,1.),(0.,1.),
  .PIECEWISE_BEZIER_KNOTS.);
#3319 = CARTESIAN_POINT('',(-15.70446111372,-23.41131992287,0.));
#3320 = CARTESIAN_POINT('',(-15.48648824263,-22.47802758903,0.));
#3321 = CARTESIAN_POINT('',(-16.59228656184,-21.67461808272,0.));
#3322 = CARTESIAN_POINT('',(-17.41254299608,-22.17032579402,0.));
#3323 = CARTESIAN_POINT('',(-17.40878761385,-22.26827841784,
    6.000000849768));
#3324 = CARTESIAN_POINT('',(-17.12287454467,-21.35084698447,
    6.000000849768));
#3325 = CARTESIAN_POINT('',(-18.17019647025,-20.46693577112,
    6.000000849768));
#3326 = CARTESIAN_POINT('',(-19.02654337907,-20.90293656218,
    6.000000849768));
#3327 = CARTESIAN_POINT('',(-18.98761300389,-20.93830609893,
    11.999999150232));
#3328 = CARTESIAN_POINT('',(-18.6355035646,-20.04418884666,
    11.999999150232));
#3329 = CARTESIAN_POINT('',(-19.61551989583,-19.08619602862,
    11.999999150232));
#3330 = CARTESIAN_POINT('',(-20.50140454319,-19.45853338859,
    11.999999150232));
#3331 = CARTESIAN_POINT('',(-20.4035417183,-19.45290427552,18.));
#3332 = CARTESIAN_POINT('',(-19.98854764343,-18.58900227254,18.));
#3333 = CARTESIAN_POINT('',(-20.8940233589,-17.56510262594,18.));
#3334 = CARTESIAN_POINT('',(-21.80219338709,-17.87132795612,18.));
#3335 = DEFINITIONAL_REPRESENTATION('',(#3336),#3340);
#3336 = LINE('',#3337,#3338);
#3337 = CARTESIAN_POINT('',(0.,0.));
#3338 = VECTOR('',#3339,1.);
#3339 = DIRECTION('',(1.,0.));
#3340 = ( GEOMETRIC_REPRESENTATION_CONTEXT(2) 
PARAMETRIC_REPRESENTATION_CONTEXT() REPRESENTATION_CONTEXT('2D SPACE',''
  ) );
#3341 = ADVANCED_FACE('',(#3342),#3318,.T.);
#3342 = FACE_BOUND('',#3343,.T.);
#3343 = EDGE_LOOP('',(#3344,#3369,#3370,#3395));
#3344 = ORIENTED_EDGE('',*,*,#3345,.F.);
#3345 = EDGE_CURVE('',#3253,#3346,#3348,.T.);
#3346 = VERTEX_POINT('',#3347);
#3347 = CARTESIAN_POINT('',(-17.41254299608,-22.17032579402,0.));
#3348 = SURFACE_CURVE('',#3349,(#3354,#3361),.PCURVE_S1.);
#3349 = B_SPLINE_CURVE_WITH_KNOTS('',3,(#3350,#3351,#3352,#3353),
  .UNSPECIFIED.,.F.,.F.,(4,4),(0.,1.),.PIECEWISE_BEZIER_KNOTS.);
#3350 = CARTESIAN_POINT('',(-15.70446111372,-23.41131992287,0.));
#3351 = CARTESIAN_POINT('',(-15.48648824263,-22.47802758903,0.));
#3352 = CARTESIAN_POINT('',(-16.59228656184,-21.67461808272,0.));
#3353 = CARTESIAN_POINT('',(-17.41254299608,-22.17032579402,0.));
#3354 = PCURVE('',#3318,#3355);
#3355 = DEFINITIONAL_REPRESENTATION('',(#3356),#3360);
#3356 = LINE('',#3357,#3358);
#3357 = CARTESIAN_POINT('',(0.,0.));
#3358 = VECTOR('',#3359,1.);
#3359 = DIRECTION('',(0.,1.));
#3360 = ( GEOMETRIC_REPRESENTATION_CONTEXT(2) 
PARAMETRIC_REPRESENTATION_CONTEXT() REPRESENTATION_CONTEXT('2D SPACE',''
  ) );
#3361 = PCURVE('',#57,#3362);
#3362 = DEFINITIONAL_REPRESENTATION('',(#3363),#3368);
#3363 = B_SPLINE_CURVE_WITH_KNOTS('',3,(#3364,#3365,#3366,#3367),
  .UNSPECIFIED.,.F.,.F.,(4,4),(0.,1.),.PIECEWISE_BEZIER_KNOTS.);
#3364 = CARTESIAN_POINT('',(-15.70446111372,-23.41131992287));
#3365 = CARTESIAN_POINT('',(-15.48648824263,-22.47802758903));
#3366 = CARTESIAN_POINT('',(-16.59228656184,-21.67461808272));
#3367 = CARTESIAN_POINT('',(-17.41254299608,-22.17032579402));
#3368 = ( GEOMETRIC_REPRESENTATION_CONTEXT(2) 
PARAMETRIC_REPRESENTATION_CONTEXT() REPRESENTATION_CONTEXT('2D SPACE',''
  ) );
#3369 = ORIENTED_EDGE('',*,*,#3303,.T.);
#3370 = ORIENTED_EDGE('',*,*,#3371,.T.);
#3371 = EDGE_CURVE('',#3279,#3372,#3374,.T.);
#3372 = VERTEX_POINT('',#3373);
#3373 = CARTESIAN_POINT('',(-21.80219338709,-17.87132795612,18.));
#3374 = SURFACE_CURVE('',#3375,(#3380,#3387),.PCURVE_S1.);
#3375 = B_SPLINE_CURVE_WITH_KNOTS('',3,(#3376,#3377,#3378,#3379),
  .UNSPECIFIED.,.F.,.F.,(4,4),(0.,1.),.PIECEWISE_BEZIER_KNOTS.);
#3376 = CARTESIAN_POINT('',(-20.4035417183,-19.45290427552,18.));
#3377 = CARTESIAN_POINT('',(-19.98854764343,-18.58900227254,18.));
#3378 = CARTESIAN_POINT('',(-20.8940233589,-17.56510262594,18.));
#3379 = CARTESIAN_POINT('',(-21.80219338709,-17.87132795612,18.));
#3380 = PCURVE('',#3318,#3381);
#3381 = DEFINITIONAL_REPRESENTATION('',(#3382),#3386);
#3382 = LINE('',#3383,#3384);
#3383 = CARTESIAN_POINT('',(1.,0.));
#3384 = VECTOR('',#3385,1.);
#3385 = DIRECTION('',(0.,1.));
#3386 = ( GEOMETRIC_REPRESENTATION_CONTEXT(2) 
PARAMETRIC_REPRESENTATION_CONTEXT() REPRESENTATION_CONTEXT('2D SPACE',''
  ) );
#3387 = PCURVE('',#128,#3388);
#3388 = DEFINITIONAL_REPRESENTATION('',(#3389),#3394);
#3389 = B_SPLINE_CURVE_WITH_KNOTS('',3,(#3390,#3391,#3392,#3393),
  .UNSPECIFIED.,.F.,.F.,(4,4),(0.,1.),.PIECEWISE_BEZIER_KNOTS.);
#3390 = CARTESIAN_POINT('',(20.403541718308,-19.45290427552));
#3391 = CARTESIAN_POINT('',(19.988547643433,-18.58900227254));
#3392 = CARTESIAN_POINT('',(20.894023358905,-17.56510262594));
#3393 = CARTESIAN_POINT('',(21.802193387091,-17.87132795612));
#3394 = ( GEOMETRIC_REPRESENTATION_CONTEXT(2) 
PARAMETRIC_REPRESENTATION_CONTEXT() REPRESENTATION_CONTEXT('2D SPACE',''
  ) );
#3395 = ORIENTED_EDGE('',*,*,#3396,.F.);
#3396 = EDGE_CURVE('',#3346,#3372,#3397,.T.);
#3397 = SURFACE_CURVE('',#3398,(#3403,#3410),.PCURVE_S1.);
#3398 = B_SPLINE_CURVE_WITH_KNOTS('',3,(#3399,#3400,#3401,#3402),
  .UNSPECIFIED.,.F.,.F.,(4,4),(0.,1.),.PIECEWISE_BEZIER_KNOTS.);
#3399 = CARTESIAN_POINT('',(-17.41254299608,-22.17032579402,0.));
#3400 = CARTESIAN_POINT('',(-19.02654337907,-20.90293656218,
    6.000000849768));
#3401 = CARTESIAN_POINT('',(-20.50140454319,-19.45853338859,
    11.999999150232));
#3402 = CARTESIAN_POINT('',(-21.80219338709,-17.87132795612,18.));
#3403 = PCURVE('',#3318,#3404);
#3404 = DEFINITIONAL_REPRESENTATION('',(#3405),#3409);
#3405 = LINE('',#3406,#3407);
#3406 = CARTESIAN_POINT('',(0.,1.));
#3407 = VECTOR('',#3408,1.);
#3408 = DIRECTION('',(1.,0.));
#3409 = ( GEOMETRIC_REPRESENTATION_CONTEXT(2) 
PARAMETRIC_REPRESENTATION_CONTEXT() REPRESENTATION_CONTEXT('2D SPACE',''
  ) );
#3410 = PCURVE('',#3411,#3428);
#3411 = B_SPLINE_SURFACE_WITH_KNOTS('',3,3,(
    (#3412,#3413,#3414,#3415)
    ,(#3416,#3417,#3418,#3419)
    ,(#3420,#3421,#3422,#3423)
    ,(#3424,#3425,#3426,#3427
    )),.UNSPECIFIED.,.F.,.F.,.F.,(4,4),(4,4),(0.,1.),(0.,1.),
  .PIECEWISE_BEZIER_KNOTS.);
#3412 = CARTESIAN_POINT('',(-17.41254299608,-22.17032579402,0.));
#3413 = CARTESIAN_POINT('',(-18.35109845704,-23.15537172889,0.));
#3414 = CARTESIAN_POINT('',(-19.61151464654,-23.76767838328,0.));
#3415 = CARTESIAN_POINT('',(-20.85854810222,-24.26769397917,0.));
#3416 = CARTESIAN_POINT('',(-19.02654341288,-20.90293653002,
    6.000000986407));
#3417 = CARTESIAN_POINT('',(-20.03681137334,-21.81966734039,
    6.000000986407));
#3418 = CARTESIAN_POINT('',(-21.34180882165,-22.34022658121,
    6.000000986407));
#3419 = CARTESIAN_POINT('',(-22.62524925363,-22.74946818967,
    6.000000986407));
#3420 = CARTESIAN_POINT('',(-20.50140451032,-19.45853342172,
    11.999999013593));
#3421 = CARTESIAN_POINT('',(-21.57588586723,-20.29908475524,
    11.999999013593));
#3422 = CARTESIAN_POINT('',(-22.91539602644,-20.72301021645,
    11.999999013593));
#3423 = CARTESIAN_POINT('',(-24.22528212491,-21.03748826903,
    11.999999013593));
#3424 = CARTESIAN_POINT('',(-21.80219338709,-17.87132795612,18.));
#3425 = CARTESIAN_POINT('',(-22.93186810757,-18.62963981349,18.));
#3426 = CARTESIAN_POINT('',(-24.29500497713,-18.95433395359,18.));
#3427 = CARTESIAN_POINT('',(-25.62074905204,-19.17230340914,18.));
#3428 = DEFINITIONAL_REPRESENTATION('',(#3429),#3433);
#3429 = LINE('',#3430,#3431);
#3430 = CARTESIAN_POINT('',(0.,0.));
#3431 = VECTOR('',#3432,1.);
#3432 = DIRECTION('',(1.,0.));
#3433 = ( GEOMETRIC_REPRESENTATION_CONTEXT(2) 
PARAMETRIC_REPRESENTATION_CONTEXT() REPRESENTATION_CONTEXT('2D SPACE',''
  ) );
#3434 = ADVANCED_FACE('',(#3435),#3411,.T.);
#3435 = FACE_BOUND('',#3436,.T.);
#3436 = EDGE_LOOP('',(#3437,#3462,#3463,#3488));
#3437 = ORIENTED_EDGE('',*,*,#3438,.F.);
#3438 = EDGE_CURVE('',#3346,#3439,#3441,.T.);
#3439 = VERTEX_POINT('',#3440);
#3440 = CARTESIAN_POINT('',(-20.85854810222,-24.26769397917,0.));
#3441 = SURFACE_CURVE('',#3442,(#3447,#3454),.PCURVE_S1.);
#3442 = B_SPLINE_CURVE_WITH_KNOTS('',3,(#3443,#3444,#3445,#3446),
  .UNSPECIFIED.,.F.,.F.,(4,4),(0.,1.),.PIECEWISE_BEZIER_KNOTS.);
#3443 = CARTESIAN_POINT('',(-17.41254299608,-22.17032579402,0.));
#3444 = CARTESIAN_POINT('',(-18.35109845704,-23.15537172889,0.));
#3445 = CARTESIAN_POINT('',(-19.61151464654,-23.76767838328,0.));
#3446 = CARTESIAN_POINT('',(-20.85854810222,-24.26769397917,0.));
#3447 = PCURVE('',#3411,#3448);
#3448 = DEFINITIONAL_REPRESENTATION('',(#3449),#3453);
#3449 = LINE('',#3450,#3451);
#3450 = CARTESIAN_POINT('',(0.,0.));
#3451 = VECTOR('',#3452,1.);
#3452 = DIRECTION('',(0.,1.));
#3453 = ( GEOMETRIC_REPRESENTATION_CONTEXT(2) 
PARAMETRIC_REPRESENTATION_CONTEXT() REPRESENTATION_CONTEXT('2D SPACE',''
  ) );
#3454 = PCURVE('',#57,#3455);
#3455 = DEFINITIONAL_REPRESENTATION('',(#3456),#3461);
#3456 = B_SPLINE_CURVE_WITH_KNOTS('',3,(#3457,#3458,#3459,#3460),
  .UNSPECIFIED.,.F.,.F.,(4,4),(0.,1.),.PIECEWISE_BEZIER_KNOTS.);
#3457 = CARTESIAN_POINT('',(-17.41254299608,-22.17032579402));
#3458 = CARTESIAN_POINT('',(-18.35109845704,-23.15537172889));
#3459 = CARTESIAN_POINT('',(-19.61151464654,-23.76767838328));
#3460 = CARTESIAN_POINT('',(-20.85854810222,-24.26769397917));
#3461 = ( GEOMETRIC_REPRESENTATION_CONTEXT(2) 
PARAMETRIC_REPRESENTATION_CONTEXT() REPRESENTATION_CONTEXT('2D SPACE',''
  ) );
#3462 = ORIENTED_EDGE('',*,*,#3396,.T.);
#3463 = ORIENTED_EDGE('',*,*,#3464,.T.);
#3464 = EDGE_CURVE('',#3372,#3465,#3467,.T.);
#3465 = VERTEX_POINT('',#3466);
#3466 = CARTESIAN_POINT('',(-25.62074905204,-19.17230340914,18.));
#3467 = SURFACE_CURVE('',#3468,(#3473,#3480),.PCURVE_S1.);
#3468 = B_SPLINE_CURVE_WITH_KNOTS('',3,(#3469,#3470,#3471,#3472),
  .UNSPECIFIED.,.F.,.F.,(4,4),(0.,1.),.PIECEWISE_BEZIER_KNOTS.);
#3469 = CARTESIAN_POINT('',(-21.80219338709,-17.87132795612,18.));
#3470 = CARTESIAN_POINT('',(-22.93186810757,-18.62963981349,18.));
#3471 = CARTESIAN_POINT('',(-24.29500497713,-18.95433395359,18.));
#3472 = CARTESIAN_POINT('',(-25.62074905204,-19.17230340914,18.));
#3473 = PCURVE('',#3411,#3474);
#3474 = DEFINITIONAL_REPRESENTATION('',(#3475),#3479);
#3475 = LINE('',#3476,#3477);
#3476 = CARTESIAN_POINT('',(1.,0.));
#3477 = VECTOR('',#3478,1.);
#3478 = DIRECTION('',(0.,1.));
#3479 = ( GEOMETRIC_REPRESENTATION_CONTEXT(2) 
PARAMETRIC_REPRESENTATION_CONTEXT() REPRESENTATION_CONTEXT('2D SPACE',''
  ) );
#3480 = PCURVE('',#128,#3481);
#3481 = DEFINITIONAL_REPRESENTATION('',(#3482),#3487);
#3482 = B_SPLINE_CURVE_WITH_KNOTS('',3,(#3483,#3484,#3485,#3486),
  .UNSPECIFIED.,.F.,.F.,(4,4),(0.,1.),.PIECEWISE_BEZIER_KNOTS.);
#3483 = CARTESIAN_POINT('',(21.802193387091,-17.87132795612));
#3484 = CARTESIAN_POINT('',(22.931868107572,-18.62963981349));
#3485 = CARTESIAN_POINT('',(24.295004977131,-18.95433395359));
#3486 = CARTESIAN_POINT('',(25.620749052045,-19.17230340914));
#3487 = ( GEOMETRIC_REPRESENTATION_CONTEXT(2) 
PARAMETRIC_REPRESENTATION_CONTEXT() REPRESENTATION_CONTEXT('2D SPACE',''
  ) );
#3488 = ORIENTED_EDGE('',*,*,#3489,.F.);
#3489 = EDGE_CURVE('',#3439,#3465,#3490,.T.);
#3490 = SURFACE_CURVE('',#3491,(#3496,#3503),.PCURVE_S1.);
#3491 = B_SPLINE_CURVE_WITH_KNOTS('',3,(#3492,#3493,#3494,#3495),
  .UNSPECIFIED.,.F.,.F.,(4,4),(0.,1.),.PIECEWISE_BEZIER_KNOTS.);
#3492 = CARTESIAN_POINT('',(-20.85854810222,-24.26769397917,0.));
#3493 = CARTESIAN_POINT('',(-22.62524925363,-22.74946818967,
    6.000000986407));
#3494 = CARTESIAN_POINT('',(-24.22528212491,-21.03748826903,
    11.999999013593));
#3495 = CARTESIAN_POINT('',(-25.62074905204,-19.17230340914,18.));
#3496 = PCURVE('',#3411,#3497);
#3497 = DEFINITIONAL_REPRESENTATION('',(#3498),#3502);
#3498 = LINE('',#3499,#3500);
#3499 = CARTESIAN_POINT('',(0.,1.));
#3500 = VECTOR('',#3501,1.);
#3501 = DIRECTION('',(1.,0.));
#3502 = ( GEOMETRIC_REPRESENTATION_CONTEXT(2) 
PARAMETRIC_REPRESENTATION_CONTEXT() REPRESENTATION_CONTEXT('2D SPACE',''
  ) );
#3503 = PCURVE('',#3504,#3521);
#3504 = B_SPLINE_SURFACE_WITH_KNOTS('',3,3,(
    (#3505,#3506,#3507,#3508)
    ,(#3509,#3510,#3511,#3512)
    ,(#3513,#3514,#3515,#3516)
    ,(#3517,#3518,#3519,#3520
    )),.UNSPECIFIED.,.F.,.F.,.F.,(4,4),(4,4),(0.,1.),(0.,1.),
  .PIECEWISE_BEZIER_KNOTS.);
#3505 = CARTESIAN_POINT('',(-20.85854810222,-24.26769397917,0.));
#3506 = CARTESIAN_POINT('',(-21.23136081775,-23.94725487108,0.));
#3507 = CARTESIAN_POINT('',(-21.59678778389,-23.61822295287,0.));
#3508 = CARTESIAN_POINT('',(-21.95444103326,-23.28094755195,0.));
#3509 = CARTESIAN_POINT('',(-22.62524928244,-22.74946815972,
    6.000001093596));
#3510 = CARTESIAN_POINT('',(-22.97473827835,-22.40188808533,
    6.000001093596));
#3511 = CARTESIAN_POINT('',(-23.31621596369,-22.04625278547,
    6.000001093596));
#3512 = CARTESIAN_POINT('',(-23.64931979758,-21.68293983191,
    6.000001093596));
#3513 = CARTESIAN_POINT('',(-24.22528209698,-21.0374882998,
    11.999998906404));
#3514 = CARTESIAN_POINT('',(-24.54847082471,-20.66532769919,
    11.999998906404));
#3515 = CARTESIAN_POINT('',(-24.86308169582,-20.28571806304,
    11.999998906404));
#3516 = CARTESIAN_POINT('',(-25.1687806935,-19.89906241624,
    11.999998906404));
#3517 = CARTESIAN_POINT('',(-25.62074905204,-19.17230340914,18.));
#3518 = CARTESIAN_POINT('',(-25.91528389663,-18.77870492315,18.));
#3519 = CARTESIAN_POINT('',(-26.20074677265,-18.37831783894,18.));
#3520 = CARTESIAN_POINT('',(-26.47683460918,-17.97156724044,18.));
#3521 = DEFINITIONAL_REPRESENTATION('',(#3522),#3526);
#3522 = LINE('',#3523,#3524);
#3523 = CARTESIAN_POINT('',(0.,0.));
#3524 = VECTOR('',#3525,1.);
#3525 = DIRECTION('',(1.,0.));
#3526 = ( GEOMETRIC_REPRESENTATION_CONTEXT(2) 
PARAMETRIC_REPRESENTATION_CONTEXT() REPRESENTATION_CONTEXT('2D SPACE',''
  ) );
#3527 = ADVANCED_FACE('',(#3528),#3504,.T.);
#3528 = FACE_BOUND('',#3529,.T.);
#3529 = EDGE_LOOP('',(#3530,#3555,#3556,#3581));
#3530 = ORIENTED_EDGE('',*,*,#3531,.F.);
#3531 = EDGE_CURVE('',#3439,#3532,#3534,.T.);
#3532 = VERTEX_POINT('',#3533);
#3533 = CARTESIAN_POINT('',(-21.95444103326,-23.28094755195,0.));
#3534 = SURFACE_CURVE('',#3535,(#3540,#3547),.PCURVE_S1.);
#3535 = B_SPLINE_CURVE_WITH_KNOTS('',3,(#3536,#3537,#3538,#3539),
  .UNSPECIFIED.,.F.,.F.,(4,4),(0.,1.),.PIECEWISE_BEZIER_KNOTS.);
#3536 = CARTESIAN_POINT('',(-20.85854810222,-24.26769397917,0.));
#3537 = CARTESIAN_POINT('',(-21.23136081775,-23.94725487108,0.));
#3538 = CARTESIAN_POINT('',(-21.59678778389,-23.61822295287,0.));
#3539 = CARTESIAN_POINT('',(-21.95444103326,-23.28094755195,0.));
#3540 = PCURVE('',#3504,#3541);
#3541 = DEFINITIONAL_REPRESENTATION('',(#3542),#3546);
#3542 = LINE('',#3543,#3544);
#3543 = CARTESIAN_POINT('',(0.,0.));
#3544 = VECTOR('',#3545,1.);
#3545 = DIRECTION('',(0.,1.));
#3546 = ( GEOMETRIC_REPRESENTATION_CONTEXT(2) 
PARAMETRIC_REPRESENTATION_CONTEXT() REPRESENTATION_CONTEXT('2D SPACE',''
  ) );
#3547 = PCURVE('',#57,#3548);
#3548 = DEFINITIONAL_REPRESENTATION('',(#3549),#3554);
#3549 = B_SPLINE_CURVE_WITH_KNOTS('',3,(#3550,#3551,#3552,#3553),
  .UNSPECIFIED.,.F.,.F.,(4,4),(0.,1.),.PIECEWISE_BEZIER_KNOTS.);
#3550 = CARTESIAN_POINT('',(-20.85854810222,-24.26769397917));
#3551 = CARTESIAN_POINT('',(-21.23136081775,-23.94725487108));
#3552 = CARTESIAN_POINT('',(-21.59678778389,-23.61822295287));
#3553 = CARTESIAN_POINT('',(-21.95444103326,-23.28094755195));
#3554 = ( GEOMETRIC_REPRESENTATION_CONTEXT(2) 
PARAMETRIC_REPRESENTATION_CONTEXT() REPRESENTATION_CONTEXT('2D SPACE',''
  ) );
#3555 = ORIENTED_EDGE('',*,*,#3489,.T.);
#3556 = ORIENTED_EDGE('',*,*,#3557,.T.);
#3557 = EDGE_CURVE('',#3465,#3558,#3560,.T.);
#3558 = VERTEX_POINT('',#3559);
#3559 = CARTESIAN_POINT('',(-26.47683460918,-17.97156724044,18.));
#3560 = SURFACE_CURVE('',#3561,(#3566,#3573),.PCURVE_S1.);
#3561 = B_SPLINE_CURVE_WITH_KNOTS('',3,(#3562,#3563,#3564,#3565),
  .UNSPECIFIED.,.F.,.F.,(4,4),(0.,1.),.PIECEWISE_BEZIER_KNOTS.);
#3562 = CARTESIAN_POINT('',(-25.62074905204,-19.17230340914,18.));
#3563 = CARTESIAN_POINT('',(-25.91528389663,-18.77870492315,18.));
#3564 = CARTESIAN_POINT('',(-26.20074677265,-18.37831783894,18.));
#3565 = CARTESIAN_POINT('',(-26.47683460918,-17.97156724044,18.));
#3566 = PCURVE('',#3504,#3567);
#3567 = DEFINITIONAL_REPRESENTATION('',(#3568),#3572);
#3568 = LINE('',#3569,#3570);
#3569 = CARTESIAN_POINT('',(1.,0.));
#3570 = VECTOR('',#3571,1.);
#3571 = DIRECTION('',(0.,1.));
#3572 = ( GEOMETRIC_REPRESENTATION_CONTEXT(2) 
PARAMETRIC_REPRESENTATION_CONTEXT() REPRESENTATION_CONTEXT('2D SPACE',''
  ) );
#3573 = PCURVE('',#128,#3574);
#3574 = DEFINITIONAL_REPRESENTATION('',(#3575),#3580);
#3575 = B_SPLINE_CURVE_WITH_KNOTS('',3,(#3576,#3577,#3578,#3579),
  .UNSPECIFIED.,.F.,.F.,(4,4),(0.,1.),.PIECEWISE_BEZIER_KNOTS.);
#3576 = CARTESIAN_POINT('',(25.620749052045,-19.17230340914));
#3577 = CARTESIAN_POINT('',(25.915283896638,-18.77870492315));
#3578 = CARTESIAN_POINT('',(26.200746772657,-18.37831783894));
#3579 = CARTESIAN_POINT('',(26.476834609183,-17.97156724044));
#3580 = ( GEOMETRIC_REPRESENTATION_CONTEXT(2) 
PARAMETRIC_REPRESENTATION_CONTEXT() REPRESENTATION_CONTEXT('2D SPACE',''
  ) );
#3581 = ORIENTED_EDGE('',*,*,#3582,.F.);
#3582 = EDGE_CURVE('',#3532,#3558,#3583,.T.);
#3583 = SURFACE_CURVE('',#3584,(#3589,#3596),.PCURVE_S1.);
#3584 = B_SPLINE_CURVE_WITH_KNOTS('',3,(#3585,#3586,#3587,#3588),
  .UNSPECIFIED.,.F.,.F.,(4,4),(0.,1.),.PIECEWISE_BEZIER_KNOTS.);
#3585 = CARTESIAN_POINT('',(-21.95444103326,-23.28094755195,0.));
#3586 = CARTESIAN_POINT('',(-23.64931977018,-21.68293986316,
    6.000000986407));
#3587 = CARTESIAN_POINT('',(-25.16878071998,-19.89906238421,
    11.999999013593));
#3588 = CARTESIAN_POINT('',(-26.47683460918,-17.97156724044,18.));
#3589 = PCURVE('',#3504,#3590);
#3590 = DEFINITIONAL_REPRESENTATION('',(#3591),#3595);
#3591 = LINE('',#3592,#3593);
#3592 = CARTESIAN_POINT('',(0.,1.));
#3593 = VECTOR('',#3594,1.);
#3594 = DIRECTION('',(1.,0.));
#3595 = ( GEOMETRIC_REPRESENTATION_CONTEXT(2) 
PARAMETRIC_REPRESENTATION_CONTEXT() REPRESENTATION_CONTEXT('2D SPACE',''
  ) );
#3596 = PCURVE('',#3597,#3614);
#3597 = B_SPLINE_SURFACE_WITH_KNOTS('',3,3,(
    (#3598,#3599,#3600,#3601)
    ,(#3602,#3603,#3604,#3605)
    ,(#3606,#3607,#3608,#3609)
    ,(#3610,#3611,#3612,#3613
    )),.UNSPECIFIED.,.F.,.F.,.F.,(4,4),(4,4),(0.,1.),(0.,1.),
  .PIECEWISE_BEZIER_KNOTS.);
#3598 = CARTESIAN_POINT('',(-21.95444103326,-23.28094755195,0.));
#3599 = CARTESIAN_POINT('',(-21.58751506589,-21.98847961417,0.));
#3600 = CARTESIAN_POINT('',(-21.11031205879,-20.6709646428,0.));
#3601 = CARTESIAN_POINT('',(-20.22876806864,-19.63458534903,0.));
#3602 = CARTESIAN_POINT('',(-23.64931977018,-21.68293986316,
    6.000000986407));
#3603 = CARTESIAN_POINT('',(-23.18830651575,-20.41717336977,
    6.000000986407));
#3604 = CARTESIAN_POINT('',(-22.61519217897,-19.13438725343,
    6.000000986407));
#3605 = CARTESIAN_POINT('',(-21.65819928281,-18.16217260258,
    6.000000986407));
#3606 = CARTESIAN_POINT('',(-25.16878071998,-19.89906238421,
    11.999999013593));
#3607 = CARTESIAN_POINT('',(-24.61661479217,-18.67031878822,
    11.999999013593));
#3608 = CARTESIAN_POINT('',(-23.95140457257,-17.43278267681,
    11.999999013593));
#3609 = CARTESIAN_POINT('',(-22.92600669919,-16.53300718711,
    11.999999013593));
#3610 = CARTESIAN_POINT('',(-26.47683460918,-17.97156724044,18.));
#3611 = CARTESIAN_POINT('',(-25.83860962316,-16.78929108703,18.));
#3612 = CARTESIAN_POINT('',(-25.08730030957,-15.60645435904,18.));
#3613 = CARTESIAN_POINT('',(-24.00216159747,-14.78567678708,18.));
#3614 = DEFINITIONAL_REPRESENTATION('',(#3615),#3619);
#3615 = LINE('',#3616,#3617);
#3616 = CARTESIAN_POINT('',(0.,0.));
#3617 = VECTOR('',#3618,1.);
#3618 = DIRECTION('',(1.,0.));
#3619 = ( GEOMETRIC_REPRESENTATION_CONTEXT(2) 
PARAMETRIC_REPRESENTATION_CONTEXT() REPRESENTATION_CONTEXT('2D SPACE',''
  ) );
#3620 = ADVANCED_FACE('',(#3621),#3597,.T.);
#3621 = FACE_BOUND('',#3622,.T.);
#3622 = EDGE_LOOP('',(#3623,#3648,#3649,#3674));
#3623 = ORIENTED_EDGE('',*,*,#3624,.F.);
#3624 = EDGE_CURVE('',#3532,#3625,#3627,.T.);
#3625 = VERTEX_POINT('',#3626);
#3626 = CARTESIAN_POINT('',(-20.22876806864,-19.63458534903,0.));
#3627 = SURFACE_CURVE('',#3628,(#3633,#3640),.PCURVE_S1.);
#3628 = B_SPLINE_CURVE_WITH_KNOTS('',3,(#3629,#3630,#3631,#3632),
  .UNSPECIFIED.,.F.,.F.,(4,4),(0.,1.),.PIECEWISE_BEZIER_KNOTS.);
#3629 = CARTESIAN_POINT('',(-21.95444103326,-23.28094755195,0.));
#3630 = CARTESIAN_POINT('',(-21.58751506589,-21.98847961417,0.));
#3631 = CARTESIAN_POINT('',(-21.11031205879,-20.6709646428,0.));
#3632 = CARTESIAN_POINT('',(-20.22876806864,-19.63458534903,0.));
#3633 = PCURVE('',#3597,#3634);
#3634 = DEFINITIONAL_REPRESENTATION('',(#3635),#3639);
#3635 = LINE('',#3636,#3637);
#3636 = CARTESIAN_POINT('',(0.,0.));
#3637 = VECTOR('',#3638,1.);
#3638 = DIRECTION('',(0.,1.));
#3639 = ( GEOMETRIC_REPRESENTATION_CONTEXT(2) 
PARAMETRIC_REPRESENTATION_CONTEXT() REPRESENTATION_CONTEXT('2D SPACE',''
  ) );
#3640 = PCURVE('',#57,#3641);
#3641 = DEFINITIONAL_REPRESENTATION('',(#3642),#3647);
#3642 = B_SPLINE_CURVE_WITH_KNOTS('',3,(#3643,#3644,#3645,#3646),
  .UNSPECIFIED.,.F.,.F.,(4,4),(0.,1.),.PIECEWISE_BEZIER_KNOTS.);
#3643 = CARTESIAN_POINT('',(-21.95444103326,-23.28094755195));
#3644 = CARTESIAN_POINT('',(-21.58751506589,-21.98847961417));
#3645 = CARTESIAN_POINT('',(-21.11031205879,-20.6709646428));
#3646 = CARTESIAN_POINT('',(-20.22876806864,-19.63458534903));
#3647 = ( GEOMETRIC_REPRESENTATION_CONTEXT(2) 
PARAMETRIC_REPRESENTATION_CONTEXT() REPRESENTATION_CONTEXT('2D SPACE',''
  ) );
#3648 = ORIENTED_EDGE('',*,*,#3582,.T.);
#3649 = ORIENTED_EDGE('',*,*,#3650,.T.);
#3650 = EDGE_CURVE('',#3558,#3651,#3653,.T.);
#3651 = VERTEX_POINT('',#3652);
#3652 = CARTESIAN_POINT('',(-24.00216159747,-14.78567678708,18.));
#3653 = SURFACE_CURVE('',#3654,(#3659,#3666),.PCURVE_S1.);
#3654 = B_SPLINE_CURVE_WITH_KNOTS('',3,(#3655,#3656,#3657,#3658),
  .UNSPECIFIED.,.F.,.F.,(4,4),(0.,1.),.PIECEWISE_BEZIER_KNOTS.);
#3655 = CARTESIAN_POINT('',(-26.47683460918,-17.97156724044,18.));
#3656 = CARTESIAN_POINT('',(-25.83860962316,-16.78929108703,18.));
#3657 = CARTESIAN_POINT('',(-25.08730030957,-15.60645435904,18.));
#3658 = CARTESIAN_POINT('',(-24.00216159747,-14.78567678708,18.));
#3659 = PCURVE('',#3597,#3660);
#3660 = DEFINITIONAL_REPRESENTATION('',(#3661),#3665);
#3661 = LINE('',#3662,#3663);
#3662 = CARTESIAN_POINT('',(1.,0.));
#3663 = VECTOR('',#3664,1.);
#3664 = DIRECTION('',(0.,1.));
#3665 = ( GEOMETRIC_REPRESENTATION_CONTEXT(2) 
PARAMETRIC_REPRESENTATION_CONTEXT() REPRESENTATION_CONTEXT('2D SPACE',''
  ) );
#3666 = PCURVE('',#128,#3667);
#3667 = DEFINITIONAL_REPRESENTATION('',(#3668),#3673);
#3668 = B_SPLINE_CURVE_WITH_KNOTS('',3,(#3669,#3670,#3671,#3672),
  .UNSPECIFIED.,.F.,.F.,(4,4),(0.,1.),.PIECEWISE_BEZIER_KNOTS.);
#3669 = CARTESIAN_POINT('',(26.476834609183,-17.97156724044));
#3670 = CARTESIAN_POINT('',(25.83860962316,-16.78929108703));
#3671 = CARTESIAN_POINT('',(25.087300309575,-15.60645435904));
#3672 = CARTESIAN_POINT('',(24.002161597476,-14.78567678708));
#3673 = ( GEOMETRIC_REPRESENTATION_CONTEXT(2) 
PARAMETRIC_REPRESENTATION_CONTEXT() REPRESENTATION_CONTEXT('2D SPACE',''
  ) );
#3674 = ORIENTED_EDGE('',*,*,#3675,.F.);
#3675 = EDGE_CURVE('',#3625,#3651,#3676,.T.);
#3676 = SURFACE_CURVE('',#3677,(#3682,#3689),.PCURVE_S1.);
#3677 = B_SPLINE_CURVE_WITH_KNOTS('',3,(#3678,#3679,#3680,#3681),
  .UNSPECIFIED.,.F.,.F.,(4,4),(0.,1.),.PIECEWISE_BEZIER_KNOTS.);
#3678 = CARTESIAN_POINT('',(-20.22876806864,-19.63458534903,0.));
#3679 = CARTESIAN_POINT('',(-21.65819925362,-18.16217263899,
    6.000000849768));
#3680 = CARTESIAN_POINT('',(-22.92600672731,-16.53300714987,
    11.999999150232));
#3681 = CARTESIAN_POINT('',(-24.00216159747,-14.78567678708,18.));
#3682 = PCURVE('',#3597,#3683);
#3683 = DEFINITIONAL_REPRESENTATION('',(#3684),#3688);
#3684 = LINE('',#3685,#3686);
#3685 = CARTESIAN_POINT('',(0.,1.));
#3686 = VECTOR('',#3687,1.);
#3687 = DIRECTION('',(1.,0.));
#3688 = ( GEOMETRIC_REPRESENTATION_CONTEXT(2) 
PARAMETRIC_REPRESENTATION_CONTEXT() REPRESENTATION_CONTEXT('2D SPACE',''
  ) );
#3689 = PCURVE('',#3690,#3707);
#3690 = B_SPLINE_SURFACE_WITH_KNOTS('',3,3,(
    (#3691,#3692,#3693,#3694)
    ,(#3695,#3696,#3697,#3698)
    ,(#3699,#3700,#3701,#3702)
    ,(#3703,#3704,#3705,#3706
    )),.UNSPECIFIED.,.F.,.F.,.F.,(4,4),(4,4),(0.,1.),(0.,1.),
  .PIECEWISE_BEZIER_KNOTS.);
#3691 = CARTESIAN_POINT('',(-20.22876806864,-19.63458534903,0.));
#3692 = CARTESIAN_POINT('',(-19.8215160406,-18.76700680008,0.));
#3693 = CARTESIAN_POINT('',(-20.73611178456,-17.75124532082,0.));
#3694 = CARTESIAN_POINT('',(-21.6415070761,-18.06557972716,0.));
#3695 = CARTESIAN_POINT('',(-21.65819925362,-18.16217263899,
    6.000000849768));
#3696 = CARTESIAN_POINT('',(-21.18778935046,-17.32423395325,
    6.000000849768));
#3697 = CARTESIAN_POINT('',(-22.02844930427,-16.24188784828,
    6.000000849768));
#3698 = CARTESIAN_POINT('',(-22.95673264019,-16.49031644223,
    6.000000849768));
#3699 = CARTESIAN_POINT('',(-22.92600672731,-16.53300714987,
    11.999999150232));
#3700 = CARTESIAN_POINT('',(-22.39569429436,-15.73163617366,
    11.999999150232));
#3701 = CARTESIAN_POINT('',(-23.15511701084,-14.59082094472,
    11.999999150232));
#3702 = CARTESIAN_POINT('',(-24.09905624325,-14.77083606513,
    11.999999150232));
#3703 = CARTESIAN_POINT('',(-24.00216159747,-14.78567678708,18.));
#3704 = CARTESIAN_POINT('',(-23.41662081267,-14.02693523538,18.));
#3705 = CARTESIAN_POINT('',(-24.08942900453,-12.83715126567,18.));
#3706 = CARTESIAN_POINT('',(-25.04142116483,-12.94786567156,18.));
#3707 = DEFINITIONAL_REPRESENTATION('',(#3708),#3712);
#3708 = LINE('',#3709,#3710);
#3709 = CARTESIAN_POINT('',(0.,0.));
#3710 = VECTOR('',#3711,1.);
#3711 = DIRECTION('',(1.,0.));
#3712 = ( GEOMETRIC_REPRESENTATION_CONTEXT(2) 
PARAMETRIC_REPRESENTATION_CONTEXT() REPRESENTATION_CONTEXT('2D SPACE',''
  ) );
#3713 = ADVANCED_FACE('',(#3714),#3690,.T.);
#3714 = FACE_BOUND('',#3715,.T.);
#3715 = EDGE_LOOP('',(#3716,#3741,#3742,#3767));
#3716 = ORIENTED_EDGE('',*,*,#3717,.F.);
#3717 = EDGE_CURVE('',#3625,#3718,#3720,.T.);
#3718 = VERTEX_POINT('',#3719);
#3719 = CARTESIAN_POINT('',(-21.6415070761,-18.06557972716,0.));
#3720 = SURFACE_CURVE('',#3721,(#3726,#3733),.PCURVE_S1.);
#3721 = B_SPLINE_CURVE_WITH_KNOTS('',3,(#3722,#3723,#3724,#3725),
  .UNSPECIFIED.,.F.,.F.,(4,4),(0.,1.),.PIECEWISE_BEZIER_KNOTS.);
#3722 = CARTESIAN_POINT('',(-20.22876806864,-19.63458534903,0.));
#3723 = CARTESIAN_POINT('',(-19.8215160406,-18.76700680008,0.));
#3724 = CARTESIAN_POINT('',(-20.73611178456,-17.75124532082,0.));
#3725 = CARTESIAN_POINT('',(-21.6415070761,-18.06557972716,0.));
#3726 = PCURVE('',#3690,#3727);
#3727 = DEFINITIONAL_REPRESENTATION('',(#3728),#3732);
#3728 = LINE('',#3729,#3730);
#3729 = CARTESIAN_POINT('',(0.,0.));
#3730 = VECTOR('',#3731,1.);
#3731 = DIRECTION('',(0.,1.));
#3732 = ( GEOMETRIC_REPRESENTATION_CONTEXT(2) 
PARAMETRIC_REPRESENTATION_CONTEXT() REPRESENTATION_CONTEXT('2D SPACE',''
  ) );
#3733 = PCURVE('',#57,#3734);
#3734 = DEFINITIONAL_REPRESENTATION('',(#3735),#3740);
#3735 = B_SPLINE_CURVE_WITH_KNOTS('',3,(#3736,#3737,#3738,#3739),
  .UNSPECIFIED.,.F.,.F.,(4,4),(0.,1.),.PIECEWISE_BEZIER_KNOTS.);
#3736 = CARTESIAN_POINT('',(-20.22876806864,-19.63458534903));
#3737 = CARTESIAN_POINT('',(-19.8215160406,-18.76700680008));
#3738 = CARTESIAN_POINT('',(-20.73611178456,-17.75124532082));
#3739 = CARTESIAN_POINT('',(-21.6415070761,-18.06557972716));
#3740 = ( GEOMETRIC_REPRESENTATION_CONTEXT(2) 
PARAMETRIC_REPRESENTATION_CONTEXT() REPRESENTATION_CONTEXT('2D SPACE',''
  ) );
#3741 = ORIENTED_EDGE('',*,*,#3675,.T.);
#3742 = ORIENTED_EDGE('',*,*,#3743,.T.);
#3743 = EDGE_CURVE('',#3651,#3744,#3746,.T.);
#3744 = VERTEX_POINT('',#3745);
#3745 = CARTESIAN_POINT('',(-25.04142116483,-12.94786567156,18.));
#3746 = SURFACE_CURVE('',#3747,(#3752,#3759),.PCURVE_S1.);
#3747 = B_SPLINE_CURVE_WITH_KNOTS('',3,(#3748,#3749,#3750,#3751),
  .UNSPECIFIED.,.F.,.F.,(4,4),(0.,1.),.PIECEWISE_BEZIER_KNOTS.);
#3748 = CARTESIAN_POINT('',(-24.00216159747,-14.78567678708,18.));
#3749 = CARTESIAN_POINT('',(-23.41662081267,-14.02693523538,18.));
#3750 = CARTESIAN_POINT('',(-24.08942900453,-12.83715126567,18.));
#3751 = CARTESIAN_POINT('',(-25.04142116483,-12.94786567156,18.));
#3752 = PCURVE('',#3690,#3753);
#3753 = DEFINITIONAL_REPRESENTATION('',(#3754),#3758);
#3754 = LINE('',#3755,#3756);
#3755 = CARTESIAN_POINT('',(1.,0.));
#3756 = VECTOR('',#3757,1.);
#3757 = DIRECTION('',(0.,1.));
#3758 = ( GEOMETRIC_REPRESENTATION_CONTEXT(2) 
PARAMETRIC_REPRESENTATION_CONTEXT() REPRESENTATION_CONTEXT('2D SPACE',''
  ) );
#3759 = PCURVE('',#128,#3760);
#3760 = DEFINITIONAL_REPRESENTATION('',(#3761),#3766);
#3761 = B_SPLINE_CURVE_WITH_KNOTS('',3,(#3762,#3763,#3764,#3765),
  .UNSPECIFIED.,.F.,.F.,(4,4),(0.,1.),.PIECEWISE_BEZIER_KNOTS.);
#3762 = CARTESIAN_POINT('',(24.002161597476,-14.78567678708));
#3763 = CARTESIAN_POINT('',(23.416620812677,-14.02693523538));
#3764 = CARTESIAN_POINT('',(24.089429004536,-12.83715126567));
#3765 = CARTESIAN_POINT('',(25.041421164835,-12.94786567156));
#3766 = ( GEOMETRIC_REPRESENTATION_CONTEXT(2) 
PARAMETRIC_REPRESENTATION_CONTEXT() REPRESENTATION_CONTEXT('2D SPACE',''
  ) );
#3767 = ORIENTED_EDGE('',*,*,#3768,.F.);
#3768 = EDGE_CURVE('',#3718,#3744,#3769,.T.);
#3769 = SURFACE_CURVE('',#3770,(#3775,#3782),.PCURVE_S1.);
#3770 = B_SPLINE_CURVE_WITH_KNOTS('',3,(#3771,#3772,#3773,#3774),
  .UNSPECIFIED.,.F.,.F.,(4,4),(0.,1.),.PIECEWISE_BEZIER_KNOTS.);
#3771 = CARTESIAN_POINT('',(-21.6415070761,-18.06557972716,0.));
#3772 = CARTESIAN_POINT('',(-22.95673264019,-16.49031644223,
    6.000000849768));
#3773 = CARTESIAN_POINT('',(-24.09905624325,-14.77083606513,
    11.999999150232));
#3774 = CARTESIAN_POINT('',(-25.04142116483,-12.94786567156,18.));
#3775 = PCURVE('',#3690,#3776);
#3776 = DEFINITIONAL_REPRESENTATION('',(#3777),#3781);
#3777 = LINE('',#3778,#3779);
#3778 = CARTESIAN_POINT('',(0.,1.));
#3779 = VECTOR('',#3780,1.);
#3780 = DIRECTION('',(1.,0.));
#3781 = ( GEOMETRIC_REPRESENTATION_CONTEXT(2) 
PARAMETRIC_REPRESENTATION_CONTEXT() REPRESENTATION_CONTEXT('2D SPACE',''
  ) );
#3782 = PCURVE('',#3783,#3800);
#3783 = B_SPLINE_SURFACE_WITH_KNOTS('',3,3,(
    (#3784,#3785,#3786,#3787)
    ,(#3788,#3789,#3790,#3791)
    ,(#3792,#3793,#3794,#3795)
    ,(#3796,#3797,#3798,#3799
    )),.UNSPECIFIED.,.F.,.F.,.F.,(4,4),(4,4),(0.,1.),(0.,1.),
  .PIECEWISE_BEZIER_KNOTS.);
#3784 = CARTESIAN_POINT('',(-21.6415070761,-18.06557972716,0.));
#3785 = CARTESIAN_POINT('',(-22.76435541426,-18.83396339215,0.));
#3786 = CARTESIAN_POINT('',(-24.12453419775,-19.17083441596,0.));
#3787 = CARTESIAN_POINT('',(-25.44827606844,-19.40065063713,0.));
#3788 = CARTESIAN_POINT('',(-22.95673266658,-16.49031640374,
    6.000000986407));
#3789 = CARTESIAN_POINT('',(-24.13552290101,-17.17696792658,
    6.000000986407));
#3790 = CARTESIAN_POINT('',(-25.52023337597,-17.41482747305,
    6.000000986407));
#3791 = CARTESIAN_POINT('',(-26.86071366996,-17.5482839002,
    6.000000986407));
#3792 = CARTESIAN_POINT('',(-24.09905621799,-14.77083610438,
    11.999999013593));
#3793 = CARTESIAN_POINT('',(-25.32481802825,-15.36962213888,
    11.999999013593));
#3794 = CARTESIAN_POINT('',(-26.72319573606,-15.50578398959,
    11.999999013593));
#3795 = CARTESIAN_POINT('',(-28.06984134416,-15.54104930869,
    11.999999013593));
#3796 = CARTESIAN_POINT('',(-25.04142116483,-12.94786567156,18.));
#3797 = CARTESIAN_POINT('',(-26.30407168271,-13.45473401425,18.));
#3798 = CARTESIAN_POINT('',(-27.70492844881,-13.48892071699,18.));
#3799 = CARTESIAN_POINT('',(-29.04702023292,-13.42648932476,18.));
#3800 = DEFINITIONAL_REPRESENTATION('',(#3801),#3805);
#3801 = LINE('',#3802,#3803);
#3802 = CARTESIAN_POINT('',(0.,0.));
#3803 = VECTOR('',#3804,1.);
#3804 = DIRECTION('',(1.,0.));
#3805 = ( GEOMETRIC_REPRESENTATION_CONTEXT(2) 
PARAMETRIC_REPRESENTATION_CONTEXT() REPRESENTATION_CONTEXT('2D SPACE',''
  ) );
#3806 = ADVANCED_FACE('',(#3807),#3783,.T.);
#3807 = FACE_BOUND('',#3808,.T.);
#3808 = EDGE_LOOP('',(#3809,#3834,#3835,#3860));
#3809 = ORIENTED_EDGE('',*,*,#3810,.F.);
#3810 = EDGE_CURVE('',#3718,#3811,#3813,.T.);
#3811 = VERTEX_POINT('',#3812);
#3812 = CARTESIAN_POINT('',(-25.44827606844,-19.40065063713,0.));
#3813 = SURFACE_CURVE('',#3814,(#3819,#3826),.PCURVE_S1.);
#3814 = B_SPLINE_CURVE_WITH_KNOTS('',3,(#3815,#3816,#3817,#3818),
  .UNSPECIFIED.,.F.,.F.,(4,4),(0.,1.),.PIECEWISE_BEZIER_KNOTS.);
#3815 = CARTESIAN_POINT('',(-21.6415070761,-18.06557972716,0.));
#3816 = CARTESIAN_POINT('',(-22.76435541426,-18.83396339215,0.));
#3817 = CARTESIAN_POINT('',(-24.12453419775,-19.17083441596,0.));
#3818 = CARTESIAN_POINT('',(-25.44827606844,-19.40065063713,0.));
#3819 = PCURVE('',#3783,#3820);
#3820 = DEFINITIONAL_REPRESENTATION('',(#3821),#3825);
#3821 = LINE('',#3822,#3823);
#3822 = CARTESIAN_POINT('',(0.,0.));
#3823 = VECTOR('',#3824,1.);
#3824 = DIRECTION('',(0.,1.));
#3825 = ( GEOMETRIC_REPRESENTATION_CONTEXT(2) 
PARAMETRIC_REPRESENTATION_CONTEXT() REPRESENTATION_CONTEXT('2D SPACE',''
  ) );
#3826 = PCURVE('',#57,#3827);
#3827 = DEFINITIONAL_REPRESENTATION('',(#3828),#3833);
#3828 = B_SPLINE_CURVE_WITH_KNOTS('',3,(#3829,#3830,#3831,#3832),
  .UNSPECIFIED.,.F.,.F.,(4,4),(0.,1.),.PIECEWISE_BEZIER_KNOTS.);
#3829 = CARTESIAN_POINT('',(-21.6415070761,-18.06557972716));
#3830 = CARTESIAN_POINT('',(-22.76435541426,-18.83396339215));
#3831 = CARTESIAN_POINT('',(-24.12453419775,-19.17083441596));
#3832 = CARTESIAN_POINT('',(-25.44827606844,-19.40065063713));
#3833 = ( GEOMETRIC_REPRESENTATION_CONTEXT(2) 
PARAMETRIC_REPRESENTATION_CONTEXT() REPRESENTATION_CONTEXT('2D SPACE',''
  ) );
#3834 = ORIENTED_EDGE('',*,*,#3768,.T.);
#3835 = ORIENTED_EDGE('',*,*,#3836,.T.);
#3836 = EDGE_CURVE('',#3744,#3837,#3839,.T.);
#3837 = VERTEX_POINT('',#3838);
#3838 = CARTESIAN_POINT('',(-29.04702023292,-13.42648932476,18.));
#3839 = SURFACE_CURVE('',#3840,(#3845,#3852),.PCURVE_S1.);
#3840 = B_SPLINE_CURVE_WITH_KNOTS('',3,(#3841,#3842,#3843,#3844),
  .UNSPECIFIED.,.F.,.F.,(4,4),(0.,1.),.PIECEWISE_BEZIER_KNOTS.);
#3841 = CARTESIAN_POINT('',(-25.04142116483,-12.94786567156,18.));
#3842 = CARTESIAN_POINT('',(-26.30407168271,-13.45473401425,18.));
#3843 = CARTESIAN_POINT('',(-27.70492844881,-13.48892071699,18.));
#3844 = CARTESIAN_POINT('',(-29.04702023292,-13.42648932476,18.));
#3845 = PCURVE('',#3783,#3846);
#3846 = DEFINITIONAL_REPRESENTATION('',(#3847),#3851);
#3847 = LINE('',#3848,#3849);
#3848 = CARTESIAN_POINT('',(1.,0.));
#3849 = VECTOR('',#3850,1.);
#3850 = DIRECTION('',(0.,1.));
#3851 = ( GEOMETRIC_REPRESENTATION_CONTEXT(2) 
PARAMETRIC_REPRESENTATION_CONTEXT() REPRESENTATION_CONTEXT('2D SPACE',''
  ) );
#3852 = PCURVE('',#128,#3853);
#3853 = DEFINITIONAL_REPRESENTATION('',(#3854),#3859);
#3854 = B_SPLINE_CURVE_WITH_KNOTS('',3,(#3855,#3856,#3857,#3858),
  .UNSPECIFIED.,.F.,.F.,(4,4),(0.,1.),.PIECEWISE_BEZIER_KNOTS.);
#3855 = CARTESIAN_POINT('',(25.041421164835,-12.94786567156));
#3856 = CARTESIAN_POINT('',(26.304071682715,-13.45473401425));
#3857 = CARTESIAN_POINT('',(27.704928448813,-13.48892071699));
#3858 = CARTESIAN_POINT('',(29.047020232926,-13.42648932476));
#3859 = ( GEOMETRIC_REPRESENTATION_CONTEXT(2) 
PARAMETRIC_REPRESENTATION_CONTEXT() REPRESENTATION_CONTEXT('2D SPACE',''
  ) );
#3860 = ORIENTED_EDGE('',*,*,#3861,.F.);
#3861 = EDGE_CURVE('',#3811,#3837,#3862,.T.);
#3862 = SURFACE_CURVE('',#3863,(#3868,#3875),.PCURVE_S1.);
#3863 = B_SPLINE_CURVE_WITH_KNOTS('',3,(#3864,#3865,#3866,#3867),
  .UNSPECIFIED.,.F.,.F.,(4,4),(0.,1.),.PIECEWISE_BEZIER_KNOTS.);
#3864 = CARTESIAN_POINT('',(-25.44827606844,-19.40065063713,0.));
#3865 = CARTESIAN_POINT('',(-26.86071366996,-17.5482839002,
    6.000000986407));
#3866 = CARTESIAN_POINT('',(-28.06984134416,-15.54104930869,
    11.999999013593));
#3867 = CARTESIAN_POINT('',(-29.04702023292,-13.42648932476,18.));
#3868 = PCURVE('',#3783,#3869);
#3869 = DEFINITIONAL_REPRESENTATION('',(#3870),#3874);
#3870 = LINE('',#3871,#3872);
#3871 = CARTESIAN_POINT('',(0.,1.));
#3872 = VECTOR('',#3873,1.);
#3873 = DIRECTION('',(1.,0.));
#3874 = ( GEOMETRIC_REPRESENTATION_CONTEXT(2) 
PARAMETRIC_REPRESENTATION_CONTEXT() REPRESENTATION_CONTEXT('2D SPACE',''
  ) );
#3875 = PCURVE('',#3876,#3893);
#3876 = B_SPLINE_SURFACE_WITH_KNOTS('',3,3,(
    (#3877,#3878,#3879,#3880)
    ,(#3881,#3882,#3883,#3884)
    ,(#3885,#3886,#3887,#3888)
    ,(#3889,#3890,#3891,#3892
    )),.UNSPECIFIED.,.F.,.F.,.F.,(4,4),(4,4),(0.,1.),(0.,1.),
  .PIECEWISE_BEZIER_KNOTS.);
#3877 = CARTESIAN_POINT('',(-25.44827606844,-19.40065063713,0.));
#3878 = CARTESIAN_POINT('',(-25.74631889488,-19.00970177032,0.));
#3879 = CARTESIAN_POINT('',(-26.03535082261,-18.61188345056,0.));
#3880 = CARTESIAN_POINT('',(-26.3150649915,-18.20761803456,0.));
#3881 = CARTESIAN_POINT('',(-26.86071369192,-17.54828386491,
    6.000001093596));
#3882 = CARTESIAN_POINT('',(-27.13029955379,-17.13563640102,
    6.000001093596));
#3883 = CARTESIAN_POINT('',(-27.3903743959,-16.7167753828,6.000001093596
    ));
#3884 = CARTESIAN_POINT('',(-27.64066210134,-16.29214550763,
    6.000001093596));
#3885 = CARTESIAN_POINT('',(-28.06984132323,-15.5410493446,
    11.999998906404));
#3886 = CARTESIAN_POINT('',(-28.30859106211,-15.10982663118,
    11.999998906404));
#3887 = CARTESIAN_POINT('',(-28.53740164956,-14.6731010982,
    11.999998906404));
#3888 = CARTESIAN_POINT('',(-28.75603016139,-14.23133640949,
    11.999998906404));
#3889 = CARTESIAN_POINT('',(-29.04702023292,-13.42648932476,18.));
#3890 = CARTESIAN_POINT('',(-29.25328505777,-12.98025467249,18.));
#3891 = CARTESIAN_POINT('',(-29.44926472938,-12.52926593749,18.));
#3892 = CARTESIAN_POINT('',(-29.6347511796,-12.07400192657,18.));
#3893 = DEFINITIONAL_REPRESENTATION('',(#3894),#3898);
#3894 = LINE('',#3895,#3896);
#3895 = CARTESIAN_POINT('',(0.,0.));
#3896 = VECTOR('',#3897,1.);
#3897 = DIRECTION('',(1.,0.));
#3898 = ( GEOMETRIC_REPRESENTATION_CONTEXT(2) 
PARAMETRIC_REPRESENTATION_CONTEXT() REPRESENTATION_CONTEXT('2D SPACE',''
  ) );
#3899 = ADVANCED_FACE('',(#3900),#3876,.T.);
#3900 = FACE_BOUND('',#3901,.T.);
#3901 = EDGE_LOOP('',(#3902,#3927,#3928,#3953));
#3902 = ORIENTED_EDGE('',*,*,#3903,.F.);
#3903 = EDGE_CURVE('',#3811,#3904,#3906,.T.);
#3904 = VERTEX_POINT('',#3905);
#3905 = CARTESIAN_POINT('',(-26.3150649915,-18.20761803456,0.));
#3906 = SURFACE_CURVE('',#3907,(#3912,#3919),.PCURVE_S1.);
#3907 = B_SPLINE_CURVE_WITH_KNOTS('',3,(#3908,#3909,#3910,#3911),
  .UNSPECIFIED.,.F.,.F.,(4,4),(0.,1.),.PIECEWISE_BEZIER_KNOTS.);
#3908 = CARTESIAN_POINT('',(-25.44827606844,-19.40065063713,0.));
#3909 = CARTESIAN_POINT('',(-25.74631889488,-19.00970177032,0.));
#3910 = CARTESIAN_POINT('',(-26.03535082261,-18.61188345056,0.));
#3911 = CARTESIAN_POINT('',(-26.3150649915,-18.20761803456,0.));
#3912 = PCURVE('',#3876,#3913);
#3913 = DEFINITIONAL_REPRESENTATION('',(#3914),#3918);
#3914 = LINE('',#3915,#3916);
#3915 = CARTESIAN_POINT('',(0.,0.));
#3916 = VECTOR('',#3917,1.);
#3917 = DIRECTION('',(0.,1.));
#3918 = ( GEOMETRIC_REPRESENTATION_CONTEXT(2) 
PARAMETRIC_REPRESENTATION_CONTEXT() REPRESENTATION_CONTEXT('2D SPACE',''
  ) );
#3919 = PCURVE('',#57,#3920);
#3920 = DEFINITIONAL_REPRESENTATION('',(#3921),#3926);
#3921 = B_SPLINE_CURVE_WITH_KNOTS('',3,(#3922,#3923,#3924,#3925),
  .UNSPECIFIED.,.F.,.F.,(4,4),(0.,1.),.PIECEWISE_BEZIER_KNOTS.);
#3922 = CARTESIAN_POINT('',(-25.44827606844,-19.40065063713));
#3923 = CARTESIAN_POINT('',(-25.74631889488,-19.00970177032));
#3924 = CARTESIAN_POINT('',(-26.03535082261,-18.61188345056));
#3925 = CARTESIAN_POINT('',(-26.3150649915,-18.20761803456));
#3926 = ( GEOMETRIC_REPRESENTATION_CONTEXT(2) 
PARAMETRIC_REPRESENTATION_CONTEXT() REPRESENTATION_CONTEXT('2D SPACE',''
  ) );
#3927 = ORIENTED_EDGE('',*,*,#3861,.T.);
#3928 = ORIENTED_EDGE('',*,*,#3929,.T.);
#3929 = EDGE_CURVE('',#3837,#3930,#3932,.T.);
#3930 = VERTEX_POINT('',#3931);
#3931 = CARTESIAN_POINT('',(-29.6347511796,-12.07400192657,18.));
#3932 = SURFACE_CURVE('',#3933,(#3938,#3945),.PCURVE_S1.);
#3933 = B_SPLINE_CURVE_WITH_KNOTS('',3,(#3934,#3935,#3936,#3937),
  .UNSPECIFIED.,.F.,.F.,(4,4),(0.,1.),.PIECEWISE_BEZIER_KNOTS.);
#3934 = CARTESIAN_POINT('',(-29.04702023292,-13.42648932476,18.));
#3935 = CARTESIAN_POINT('',(-29.25328505777,-12.98025467249,18.));
#3936 = CARTESIAN_POINT('',(-29.44926472938,-12.52926593749,18.));
#3937 = CARTESIAN_POINT('',(-29.6347511796,-12.07400192657,18.));
#3938 = PCURVE('',#3876,#3939);
#3939 = DEFINITIONAL_REPRESENTATION('',(#3940),#3944);
#3940 = LINE('',#3941,#3942);
#3941 = CARTESIAN_POINT('',(1.,0.));
#3942 = VECTOR('',#3943,1.);
#3943 = DIRECTION('',(0.,1.));
#3944 = ( GEOMETRIC_REPRESENTATION_CONTEXT(2) 
PARAMETRIC_REPRESENTATION_CONTEXT() REPRESENTATION_CONTEXT('2D SPACE',''
  ) );
#3945 = PCURVE('',#128,#3946);
#3946 = DEFINITIONAL_REPRESENTATION('',(#3947),#3952);
#3947 = B_SPLINE_CURVE_WITH_KNOTS('',3,(#3948,#3949,#3950,#3951),
  .UNSPECIFIED.,.F.,.F.,(4,4),(0.,1.),.PIECEWISE_BEZIER_KNOTS.);
#3948 = CARTESIAN_POINT('',(29.047020232926,-13.42648932476));
#3949 = CARTESIAN_POINT('',(29.253285057772,-12.98025467249));
#3950 = CARTESIAN_POINT('',(29.449264729389,-12.52926593749));
#3951 = CARTESIAN_POINT('',(29.634751179605,-12.07400192657));
#3952 = ( GEOMETRIC_REPRESENTATION_CONTEXT(2) 
PARAMETRIC_REPRESENTATION_CONTEXT() REPRESENTATION_CONTEXT('2D SPACE',''
  ) );
#3953 = ORIENTED_EDGE('',*,*,#3954,.F.);
#3954 = EDGE_CURVE('',#3904,#3930,#3955,.T.);
#3955 = SURFACE_CURVE('',#3956,(#3961,#3968),.PCURVE_S1.);
#3956 = B_SPLINE_CURVE_WITH_KNOTS('',3,(#3957,#3958,#3959,#3960),
  .UNSPECIFIED.,.F.,.F.,(4,4),(0.,1.),.PIECEWISE_BEZIER_KNOTS.);
#3957 = CARTESIAN_POINT('',(-26.3150649915,-18.20761803456,0.));
#3958 = CARTESIAN_POINT('',(-27.64066208104,-16.29214554389,
    6.000000986407));
#3959 = CARTESIAN_POINT('',(-28.75603018064,-14.23133637266,
    11.999999013593));
#3960 = CARTESIAN_POINT('',(-29.6347511796,-12.07400192657,18.));
#3961 = PCURVE('',#3876,#3962);
#3962 = DEFINITIONAL_REPRESENTATION('',(#3963),#3967);
#3963 = LINE('',#3964,#3965);
#3964 = CARTESIAN_POINT('',(0.,1.));
#3965 = VECTOR('',#3966,1.);
#3966 = DIRECTION('',(1.,0.));
#3967 = ( GEOMETRIC_REPRESENTATION_CONTEXT(2) 
PARAMETRIC_REPRESENTATION_CONTEXT() REPRESENTATION_CONTEXT('2D SPACE',''
  ) );
#3968 = PCURVE('',#3969,#3986);
#3969 = B_SPLINE_SURFACE_WITH_KNOTS('',3,3,(
    (#3970,#3971,#3972,#3973)
    ,(#3974,#3975,#3976,#3977)
    ,(#3978,#3979,#3980,#3981)
    ,(#3982,#3983,#3984,#3985
    )),.UNSPECIFIED.,.F.,.F.,.F.,(4,4),(4,4),(0.,1.),(0.,1.),
  .PIECEWISE_BEZIER_KNOTS.);
#3970 = CARTESIAN_POINT('',(-26.3150649915,-18.20761803456,0.));
#3971 = CARTESIAN_POINT('',(-25.6874380426,-17.01968182048,0.));
#3972 = CARTESIAN_POINT('',(-24.94673630076,-15.83017379638,0.));
#3973 = CARTESIAN_POINT('',(-23.86898079056,-14.99972517825,0.));
#3974 = CARTESIAN_POINT('',(-27.64066208104,-16.29214554389,
    6.000000986407));
#3975 = CARTESIAN_POINT('',(-26.92655542049,-15.14988913052,
    6.000000986407));
#3976 = CARTESIAN_POINT('',(-26.09925877661,-14.01429213936,
    6.000000986407));
#3977 = CARTESIAN_POINT('',(-24.96104367943,-13.26229272237,
    6.000000986407));
#3978 = CARTESIAN_POINT('',(-28.75603018064,-14.23133637266,
    11.999999013593));
#3979 = CARTESIAN_POINT('',(-27.96046024451,-13.14424552399,
    11.999999013593));
#3980 = CARTESIAN_POINT('',(-27.05248823886,-12.07205752729,
    11.999999013593));
#3981 = CARTESIAN_POINT('',(-25.86242392579,-11.40513649646,
    11.999999013593));
#3982 = CARTESIAN_POINT('',(-29.6347511796,-12.07400192657,18.));
#3983 = CARTESIAN_POINT('',(-28.76466390672,-11.05025577967,18.));
#3984 = CARTESIAN_POINT('',(-27.78384692015,-10.04947286184,18.));
#3985 = CARTESIAN_POINT('',(-26.55177183968,-9.472244273502,18.));
#3986 = DEFINITIONAL_REPRESENTATION('',(#3987),#3991);
#3987 = LINE('',#3988,#3989);
#3988 = CARTESIAN_POINT('',(0.,0.));
#3989 = VECTOR('',#3990,1.);
#3990 = DIRECTION('',(1.,0.));
#3991 = ( GEOMETRIC_REPRESENTATION_CONTEXT(2) 
PARAMETRIC_REPRESENTATION_CONTEXT() REPRESENTATION_CONTEXT('2D SPACE',''
  ) );
#3992 = ADVANCED_FACE('',(#3993),#3969,.T.);
#3993 = FACE_BOUND('',#3994,.T.);
#3994 = EDGE_LOOP('',(#3995,#4020,#4021,#4046));
#3995 = ORIENTED_EDGE('',*,*,#3996,.F.);
#3996 = EDGE_CURVE('',#3904,#3997,#3999,.T.);
#3997 = VERTEX_POINT('',#3998);
#3998 = CARTESIAN_POINT('',(-23.86898079056,-14.99972517825,0.));
#3999 = SURFACE_CURVE('',#4000,(#4005,#4012),.PCURVE_S1.);
#4000 = B_SPLINE_CURVE_WITH_KNOTS('',3,(#4001,#4002,#4003,#4004),
  .UNSPECIFIED.,.F.,.F.,(4,4),(0.,1.),.PIECEWISE_BEZIER_KNOTS.);
#4001 = CARTESIAN_POINT('',(-26.3150649915,-18.20761803456,0.));
#4002 = CARTESIAN_POINT('',(-25.6874380426,-17.01968182048,0.));
#4003 = CARTESIAN_POINT('',(-24.94673630076,-15.83017379638,0.));
#4004 = CARTESIAN_POINT('',(-23.86898079056,-14.99972517825,0.));
#4005 = PCURVE('',#3969,#4006);
#4006 = DEFINITIONAL_REPRESENTATION('',(#4007),#4011);
#4007 = LINE('',#4008,#4009);
#4008 = CARTESIAN_POINT('',(0.,0.));
#4009 = VECTOR('',#4010,1.);
#4010 = DIRECTION('',(0.,1.));
#4011 = ( GEOMETRIC_REPRESENTATION_CONTEXT(2) 
PARAMETRIC_REPRESENTATION_CONTEXT() REPRESENTATION_CONTEXT('2D SPACE',''
  ) );
#4012 = PCURVE('',#57,#4013);
#4013 = DEFINITIONAL_REPRESENTATION('',(#4014),#4019);
#4014 = B_SPLINE_CURVE_WITH_KNOTS('',3,(#4015,#4016,#4017,#4018),
  .UNSPECIFIED.,.F.,.F.,(4,4),(0.,1.),.PIECEWISE_BEZIER_KNOTS.);
#4015 = CARTESIAN_POINT('',(-26.3150649915,-18.20761803456));
#4016 = CARTESIAN_POINT('',(-25.6874380426,-17.01968182048));
#4017 = CARTESIAN_POINT('',(-24.94673630076,-15.83017379638));
#4018 = CARTESIAN_POINT('',(-23.86898079056,-14.99972517825));
#4019 = ( GEOMETRIC_REPRESENTATION_CONTEXT(2) 
PARAMETRIC_REPRESENTATION_CONTEXT() REPRESENTATION_CONTEXT('2D SPACE',''
  ) );
#4020 = ORIENTED_EDGE('',*,*,#3954,.T.);
#4021 = ORIENTED_EDGE('',*,*,#4022,.T.);
#4022 = EDGE_CURVE('',#3930,#4023,#4025,.T.);
#4023 = VERTEX_POINT('',#4024);
#4024 = CARTESIAN_POINT('',(-26.55177183968,-9.472244273502,18.));
#4025 = SURFACE_CURVE('',#4026,(#4031,#4038),.PCURVE_S1.);
#4026 = B_SPLINE_CURVE_WITH_KNOTS('',3,(#4027,#4028,#4029,#4030),
  .UNSPECIFIED.,.F.,.F.,(4,4),(0.,1.),.PIECEWISE_BEZIER_KNOTS.);
#4027 = CARTESIAN_POINT('',(-29.6347511796,-12.07400192657,18.));
#4028 = CARTESIAN_POINT('',(-28.76466390672,-11.05025577967,18.));
#4029 = CARTESIAN_POINT('',(-27.78384692015,-10.04947286184,18.));
#4030 = CARTESIAN_POINT('',(-26.55177183968,-9.472244273502,18.));
#4031 = PCURVE('',#3969,#4032);
#4032 = DEFINITIONAL_REPRESENTATION('',(#4033),#4037);
#4033 = LINE('',#4034,#4035);
#4034 = CARTESIAN_POINT('',(1.,0.));
#4035 = VECTOR('',#4036,1.);
#4036 = DIRECTION('',(0.,1.));
#4037 = ( GEOMETRIC_REPRESENTATION_CONTEXT(2) 
PARAMETRIC_REPRESENTATION_CONTEXT() REPRESENTATION_CONTEXT('2D SPACE',''
  ) );
#4038 = PCURVE('',#128,#4039);
#4039 = DEFINITIONAL_REPRESENTATION('',(#4040),#4045);
#4040 = B_SPLINE_CURVE_WITH_KNOTS('',3,(#4041,#4042,#4043,#4044),
  .UNSPECIFIED.,.F.,.F.,(4,4),(0.,1.),.PIECEWISE_BEZIER_KNOTS.);
#4041 = CARTESIAN_POINT('',(29.634751179605,-12.07400192657));
#4042 = CARTESIAN_POINT('',(28.764663906728,-11.05025577967));
#4043 = CARTESIAN_POINT('',(27.783846920158,-10.04947286184));
#4044 = CARTESIAN_POINT('',(26.551771839684,-9.472244273502));
#4045 = ( GEOMETRIC_REPRESENTATION_CONTEXT(2) 
PARAMETRIC_REPRESENTATION_CONTEXT() REPRESENTATION_CONTEXT('2D SPACE',''
  ) );
#4046 = ORIENTED_EDGE('',*,*,#4047,.F.);
#4047 = EDGE_CURVE('',#3997,#4023,#4048,.T.);
#4048 = SURFACE_CURVE('',#4049,(#4054,#4061),.PCURVE_S1.);
#4049 = B_SPLINE_CURVE_WITH_KNOTS('',3,(#4050,#4051,#4052,#4053),
  .UNSPECIFIED.,.F.,.F.,(4,4),(0.,1.),.PIECEWISE_BEZIER_KNOTS.);
#4050 = CARTESIAN_POINT('',(-23.86898079056,-14.99972517825,0.));
#4051 = CARTESIAN_POINT('',(-24.96104365844,-13.26229276406,
    6.000000849768));
#4052 = CARTESIAN_POINT('',(-25.86242394556,-11.40513645418,
    11.999999150232));
#4053 = CARTESIAN_POINT('',(-26.55177183968,-9.472244273502,18.));
#4054 = PCURVE('',#3969,#4055);
#4055 = DEFINITIONAL_REPRESENTATION('',(#4056),#4060);
#4056 = LINE('',#4057,#4058);
#4057 = CARTESIAN_POINT('',(0.,1.));
#4058 = VECTOR('',#4059,1.);
#4059 = DIRECTION('',(1.,0.));
#4060 = ( GEOMETRIC_REPRESENTATION_CONTEXT(2) 
PARAMETRIC_REPRESENTATION_CONTEXT() REPRESENTATION_CONTEXT('2D SPACE',''
  ) );
#4061 = PCURVE('',#4062,#4079);
#4062 = B_SPLINE_SURFACE_WITH_KNOTS('',3,3,(
    (#4063,#4064,#4065,#4066)
    ,(#4067,#4068,#4069,#4070)
    ,(#4071,#4072,#4073,#4074)
    ,(#4075,#4076,#4077,#4078
    )),.UNSPECIFIED.,.F.,.F.,.F.,(4,4),(4,4),(0.,1.),(0.,1.),
  .PIECEWISE_BEZIER_KNOTS.);
#4063 = CARTESIAN_POINT('',(-23.86898079056,-14.99972517825,0.));
#4064 = CARTESIAN_POINT('',(-23.29024847341,-14.23577775988,0.));
#4065 = CARTESIAN_POINT('',(-23.97366941939,-13.05205795849,0.));
#4066 = CARTESIAN_POINT('',(-24.92463344943,-13.17128113795,0.));
#4067 = CARTESIAN_POINT('',(-24.96104365844,-13.26229276406,
    6.000000849768));
#4068 = CARTESIAN_POINT('',(-24.32669609135,-12.54046876738,
    6.000000849768));
#4069 = CARTESIAN_POINT('',(-24.92395319947,-11.30699148923,
    6.000000849768));
#4070 = CARTESIAN_POINT('',(-25.88360252632,-11.35699036443,
    6.000000849768));
#4071 = CARTESIAN_POINT('',(-25.86242394556,-11.40513645418,
    11.999999150232));
#4072 = CARTESIAN_POINT('',(-25.17708571699,-10.73153551111,
    11.999999150232));
#4073 = CARTESIAN_POINT('',(-25.6827244019,-9.457756971013,
    11.999999150232));
#4074 = CARTESIAN_POINT('',(-26.64346354538,-9.437582327302,
    11.999999150232));
#4075 = CARTESIAN_POINT('',(-26.55177183968,-9.472244273502,18.));
#4076 = CARTESIAN_POINT('',(-25.82127528699,-8.851823819738,18.));
#4077 = CARTESIAN_POINT('',(-26.23201100876,-7.548154795608,18.));
#4078 = CARTESIAN_POINT('',(-27.1862186756,-7.458519526405,18.));
#4079 = DEFINITIONAL_REPRESENTATION('',(#4080),#4084);
#4080 = LINE('',#4081,#4082);
#4081 = CARTESIAN_POINT('',(0.,0.));
#4082 = VECTOR('',#4083,1.);
#4083 = DIRECTION('',(1.,0.));
#4084 = ( GEOMETRIC_REPRESENTATION_CONTEXT(2) 
PARAMETRIC_REPRESENTATION_CONTEXT() REPRESENTATION_CONTEXT('2D SPACE',''
  ) );
#4085 = ADVANCED_FACE('',(#4086),#4062,.T.);
#4086 = FACE_BOUND('',#4087,.T.);
#4087 = EDGE_LOOP('',(#4088,#4113,#4114,#4139));
#4088 = ORIENTED_EDGE('',*,*,#4089,.F.);
#4089 = EDGE_CURVE('',#3997,#4090,#4092,.T.);
#4090 = VERTEX_POINT('',#4091);
#4091 = CARTESIAN_POINT('',(-24.92463344943,-13.17128113795,0.));
#4092 = SURFACE_CURVE('',#4093,(#4098,#4105),.PCURVE_S1.);
#4093 = B_SPLINE_CURVE_WITH_KNOTS('',3,(#4094,#4095,#4096,#4097),
  .UNSPECIFIED.,.F.,.F.,(4,4),(0.,1.),.PIECEWISE_BEZIER_KNOTS.);
#4094 = CARTESIAN_POINT('',(-23.86898079056,-14.99972517825,0.));
#4095 = CARTESIAN_POINT('',(-23.29024847341,-14.23577775988,0.));
#4096 = CARTESIAN_POINT('',(-23.97366941939,-13.05205795849,0.));
#4097 = CARTESIAN_POINT('',(-24.92463344943,-13.17128113795,0.));
#4098 = PCURVE('',#4062,#4099);
#4099 = DEFINITIONAL_REPRESENTATION('',(#4100),#4104);
#4100 = LINE('',#4101,#4102);
#4101 = CARTESIAN_POINT('',(0.,0.));
#4102 = VECTOR('',#4103,1.);
#4103 = DIRECTION('',(0.,1.));
#4104 = ( GEOMETRIC_REPRESENTATION_CONTEXT(2) 
PARAMETRIC_REPRESENTATION_CONTEXT() REPRESENTATION_CONTEXT('2D SPACE',''
  ) );
#4105 = PCURVE('',#57,#4106);
#4106 = DEFINITIONAL_REPRESENTATION('',(#4107),#4112);
#4107 = B_SPLINE_CURVE_WITH_KNOTS('',3,(#4108,#4109,#4110,#4111),
  .UNSPECIFIED.,.F.,.F.,(4,4),(0.,1.),.PIECEWISE_BEZIER_KNOTS.);
#4108 = CARTESIAN_POINT('',(-23.86898079056,-14.99972517825));
#4109 = CARTESIAN_POINT('',(-23.29024847341,-14.23577775988));
#4110 = CARTESIAN_POINT('',(-23.97366941939,-13.05205795849));
#4111 = CARTESIAN_POINT('',(-24.92463344943,-13.17128113795));
#4112 = ( GEOMETRIC_REPRESENTATION_CONTEXT(2) 
PARAMETRIC_REPRESENTATION_CONTEXT() REPRESENTATION_CONTEXT('2D SPACE',''
  ) );
#4113 = ORIENTED_EDGE('',*,*,#4047,.T.);
#4114 = ORIENTED_EDGE('',*,*,#4115,.T.);
#4115 = EDGE_CURVE('',#4023,#4116,#4118,.T.);
#4116 = VERTEX_POINT('',#4117);
#4117 = CARTESIAN_POINT('',(-27.1862186756,-7.458519526405,18.));
#4118 = SURFACE_CURVE('',#4119,(#4124,#4131),.PCURVE_S1.);
#4119 = B_SPLINE_CURVE_WITH_KNOTS('',3,(#4120,#4121,#4122,#4123),
  .UNSPECIFIED.,.F.,.F.,(4,4),(0.,1.),.PIECEWISE_BEZIER_KNOTS.);
#4120 = CARTESIAN_POINT('',(-26.55177183968,-9.472244273502,18.));
#4121 = CARTESIAN_POINT('',(-25.82127528699,-8.851823819738,18.));
#4122 = CARTESIAN_POINT('',(-26.23201100876,-7.548154795608,18.));
#4123 = CARTESIAN_POINT('',(-27.1862186756,-7.458519526405,18.));
#4124 = PCURVE('',#4062,#4125);
#4125 = DEFINITIONAL_REPRESENTATION('',(#4126),#4130);
#4126 = LINE('',#4127,#4128);
#4127 = CARTESIAN_POINT('',(1.,0.));
#4128 = VECTOR('',#4129,1.);
#4129 = DIRECTION('',(0.,1.));
#4130 = ( GEOMETRIC_REPRESENTATION_CONTEXT(2) 
PARAMETRIC_REPRESENTATION_CONTEXT() REPRESENTATION_CONTEXT('2D SPACE',''
  ) );
#4131 = PCURVE('',#128,#4132);
#4132 = DEFINITIONAL_REPRESENTATION('',(#4133),#4138);
#4133 = B_SPLINE_CURVE_WITH_KNOTS('',3,(#4134,#4135,#4136,#4137),
  .UNSPECIFIED.,.F.,.F.,(4,4),(0.,1.),.PIECEWISE_BEZIER_KNOTS.);
#4134 = CARTESIAN_POINT('',(26.551771839684,-9.472244273502));
#4135 = CARTESIAN_POINT('',(25.821275286993,-8.851823819738));
#4136 = CARTESIAN_POINT('',(26.232011008764,-7.548154795608));
#4137 = CARTESIAN_POINT('',(27.186218675604,-7.458519526405));
#4138 = ( GEOMETRIC_REPRESENTATION_CONTEXT(2) 
PARAMETRIC_REPRESENTATION_CONTEXT() REPRESENTATION_CONTEXT('2D SPACE',''
  ) );
#4139 = ORIENTED_EDGE('',*,*,#4140,.F.);
#4140 = EDGE_CURVE('',#4090,#4116,#4141,.T.);
#4141 = SURFACE_CURVE('',#4142,(#4147,#4154),.PCURVE_S1.);
#4142 = B_SPLINE_CURVE_WITH_KNOTS('',3,(#4143,#4144,#4145,#4146),
  .UNSPECIFIED.,.F.,.F.,(4,4),(0.,1.),.PIECEWISE_BEZIER_KNOTS.);
#4143 = CARTESIAN_POINT('',(-24.92463344943,-13.17128113795,0.));
#4144 = CARTESIAN_POINT('',(-25.88360252632,-11.35699036443,
    6.000000849768));
#4145 = CARTESIAN_POINT('',(-26.64346354538,-9.437582327302,
    11.999999150232));
#4146 = CARTESIAN_POINT('',(-27.1862186756,-7.458519526405,18.));
#4147 = PCURVE('',#4062,#4148);
#4148 = DEFINITIONAL_REPRESENTATION('',(#4149),#4153);
#4149 = LINE('',#4150,#4151);
#4150 = CARTESIAN_POINT('',(0.,1.));
#4151 = VECTOR('',#4152,1.);
#4152 = DIRECTION('',(1.,0.));
#4153 = ( GEOMETRIC_REPRESENTATION_CONTEXT(2) 
PARAMETRIC_REPRESENTATION_CONTEXT() REPRESENTATION_CONTEXT('2D SPACE',''
  ) );
#4154 = PCURVE('',#4155,#4172);
#4155 = B_SPLINE_SURFACE_WITH_KNOTS('',3,3,(
    (#4156,#4157,#4158,#4159)
    ,(#4160,#4161,#4162,#4163)
    ,(#4164,#4165,#4166,#4167)
    ,(#4168,#4169,#4170,#4171
    )),.UNSPECIFIED.,.F.,.F.,.F.,(4,4),(4,4),(0.,1.),(0.,1.),
  .PIECEWISE_BEZIER_KNOTS.);
#4156 = CARTESIAN_POINT('',(-24.92463344943,-13.17128113795,0.));
#4157 = CARTESIAN_POINT('',(-26.18270080437,-13.68942047978,0.));
#4158 = CARTESIAN_POINT('',(-27.58319584216,-13.73613299279,0.));
#4159 = CARTESIAN_POINT('',(-28.92579225609,-13.6857057676,0.));
#4160 = CARTESIAN_POINT('',(-25.88360254412,-11.35699032129,
    6.000000986407));
#4161 = CARTESIAN_POINT('',(-27.17939626282,-11.78355259014,
    6.000000986407));
#4162 = CARTESIAN_POINT('',(-28.58330127209,-11.72831683869,
    6.000000986407));
#4163 = CARTESIAN_POINT('',(-29.92223600691,-11.58015539828,
    6.000000986407));
#4164 = CARTESIAN_POINT('',(-26.64346352883,-9.437582370938,
    11.999999013593));
#4165 = CARTESIAN_POINT('',(-27.96693411948,-9.768433283428,
    11.999999013593));
#4166 = CARTESIAN_POINT('',(-29.3630635599,-9.610880597375,
    11.999999013593));
#4167 = CARTESIAN_POINT('',(-30.68761380262,-9.365391919336,
    11.999999013593));
#4168 = CARTESIAN_POINT('',(-27.1862186756,-7.458519526405,18.));
#4169 = CARTESIAN_POINT('',(-28.52666110438,-7.691791775606,18.));
#4170 = CARTESIAN_POINT('',(-29.90401360428,-7.433976918038,18.));
#4171 = CARTESIAN_POINT('',(-31.20379724656,-7.09387322945,18.));
#4172 = DEFINITIONAL_REPRESENTATION('',(#4173),#4177);
#4173 = LINE('',#4174,#4175);
#4174 = CARTESIAN_POINT('',(0.,0.));
#4175 = VECTOR('',#4176,1.);
#4176 = DIRECTION('',(1.,0.));
#4177 = ( GEOMETRIC_REPRESENTATION_CONTEXT(2) 
PARAMETRIC_REPRESENTATION_CONTEXT() REPRESENTATION_CONTEXT('2D SPACE',''
  ) );
#4178 = ADVANCED_FACE('',(#4179),#4155,.T.);
#4179 = FACE_BOUND('',#4180,.T.);
#4180 = EDGE_LOOP('',(#4181,#4206,#4207,#4232));
#4181 = ORIENTED_EDGE('',*,*,#4182,.F.);
#4182 = EDGE_CURVE('',#4090,#4183,#4185,.T.);
#4183 = VERTEX_POINT('',#4184);
#4184 = CARTESIAN_POINT('',(-28.92579225609,-13.6857057676,0.));
#4185 = SURFACE_CURVE('',#4186,(#4191,#4198),.PCURVE_S1.);
#4186 = B_SPLINE_CURVE_WITH_KNOTS('',3,(#4187,#4188,#4189,#4190),
  .UNSPECIFIED.,.F.,.F.,(4,4),(0.,1.),.PIECEWISE_BEZIER_KNOTS.);
#4187 = CARTESIAN_POINT('',(-24.92463344943,-13.17128113795,0.));
#4188 = CARTESIAN_POINT('',(-26.18270080437,-13.68942047978,0.));
#4189 = CARTESIAN_POINT('',(-27.58319584216,-13.73613299279,0.));
#4190 = CARTESIAN_POINT('',(-28.92579225609,-13.6857057676,0.));
#4191 = PCURVE('',#4155,#4192);
#4192 = DEFINITIONAL_REPRESENTATION('',(#4193),#4197);
#4193 = LINE('',#4194,#4195);
#4194 = CARTESIAN_POINT('',(0.,0.));
#4195 = VECTOR('',#4196,1.);
#4196 = DIRECTION('',(0.,1.));
#4197 = ( GEOMETRIC_REPRESENTATION_CONTEXT(2) 
PARAMETRIC_REPRESENTATION_CONTEXT() REPRESENTATION_CONTEXT('2D SPACE',''
  ) );
#4198 = PCURVE('',#57,#4199);
#4199 = DEFINITIONAL_REPRESENTATION('',(#4200),#4205);
#4200 = B_SPLINE_CURVE_WITH_KNOTS('',3,(#4201,#4202,#4203,#4204),
  .UNSPECIFIED.,.F.,.F.,(4,4),(0.,1.),.PIECEWISE_BEZIER_KNOTS.);
#4201 = CARTESIAN_POINT('',(-24.92463344943,-13.17128113795));
#4202 = CARTESIAN_POINT('',(-26.18270080437,-13.68942047978));
#4203 = CARTESIAN_POINT('',(-27.58319584216,-13.73613299279));
#4204 = CARTESIAN_POINT('',(-28.92579225609,-13.6857057676));
#4205 = ( GEOMETRIC_REPRESENTATION_CONTEXT(2) 
PARAMETRIC_REPRESENTATION_CONTEXT() REPRESENTATION_CONTEXT('2D SPACE',''
  ) );
#4206 = ORIENTED_EDGE('',*,*,#4140,.T.);
#4207 = ORIENTED_EDGE('',*,*,#4208,.T.);
#4208 = EDGE_CURVE('',#4116,#4209,#4211,.T.);
#4209 = VERTEX_POINT('',#4210);
#4210 = CARTESIAN_POINT('',(-31.20379724656,-7.09387322945,18.));
#4211 = SURFACE_CURVE('',#4212,(#4217,#4224),.PCURVE_S1.);
#4212 = B_SPLINE_CURVE_WITH_KNOTS('',3,(#4213,#4214,#4215,#4216),
  .UNSPECIFIED.,.F.,.F.,(4,4),(0.,1.),.PIECEWISE_BEZIER_KNOTS.);
#4213 = CARTESIAN_POINT('',(-27.1862186756,-7.458519526405,18.));
#4214 = CARTESIAN_POINT('',(-28.52666110438,-7.691791775606,18.));
#4215 = CARTESIAN_POINT('',(-29.90401360428,-7.433976918038,18.));
#4216 = CARTESIAN_POINT('',(-31.20379724656,-7.09387322945,18.));
#4217 = PCURVE('',#4155,#4218);
#4218 = DEFINITIONAL_REPRESENTATION('',(#4219),#4223);
#4219 = LINE('',#4220,#4221);
#4220 = CARTESIAN_POINT('',(1.,0.));
#4221 = VECTOR('',#4222,1.);
#4222 = DIRECTION('',(0.,1.));
#4223 = ( GEOMETRIC_REPRESENTATION_CONTEXT(2) 
PARAMETRIC_REPRESENTATION_CONTEXT() REPRESENTATION_CONTEXT('2D SPACE',''
  ) );
#4224 = PCURVE('',#128,#4225);
#4225 = DEFINITIONAL_REPRESENTATION('',(#4226),#4231);
#4226 = B_SPLINE_CURVE_WITH_KNOTS('',3,(#4227,#4228,#4229,#4230),
  .UNSPECIFIED.,.F.,.F.,(4,4),(0.,1.),.PIECEWISE_BEZIER_KNOTS.);
#4227 = CARTESIAN_POINT('',(27.186218675604,-7.458519526405));
#4228 = CARTESIAN_POINT('',(28.526661104384,-7.691791775606));
#4229 = CARTESIAN_POINT('',(29.904013604285,-7.433976918038));
#4230 = CARTESIAN_POINT('',(31.203797246561,-7.09387322945));
#4231 = ( GEOMETRIC_REPRESENTATION_CONTEXT(2) 
PARAMETRIC_REPRESENTATION_CONTEXT() REPRESENTATION_CONTEXT('2D SPACE',''
  ) );
#4232 = ORIENTED_EDGE('',*,*,#4233,.F.);
#4233 = EDGE_CURVE('',#4183,#4209,#4234,.T.);
#4234 = SURFACE_CURVE('',#4235,(#4240,#4247),.PCURVE_S1.);
#4235 = B_SPLINE_CURVE_WITH_KNOTS('',3,(#4236,#4237,#4238,#4239),
  .UNSPECIFIED.,.F.,.F.,(4,4),(0.,1.),.PIECEWISE_BEZIER_KNOTS.);
#4236 = CARTESIAN_POINT('',(-28.92579225609,-13.6857057676,0.));
#4237 = CARTESIAN_POINT('',(-29.92223600691,-11.58015539828,
    6.000000986407));
#4238 = CARTESIAN_POINT('',(-30.68761380262,-9.365391919336,
    11.999999013593));
#4239 = CARTESIAN_POINT('',(-31.20379724656,-7.09387322945,18.));
#4240 = PCURVE('',#4155,#4241);
#4241 = DEFINITIONAL_REPRESENTATION('',(#4242),#4246);
#4242 = LINE('',#4243,#4244);
#4243 = CARTESIAN_POINT('',(0.,1.));
#4244 = VECTOR('',#4245,1.);
#4245 = DIRECTION('',(1.,0.));
#4246 = ( GEOMETRIC_REPRESENTATION_CONTEXT(2) 
PARAMETRIC_REPRESENTATION_CONTEXT() REPRESENTATION_CONTEXT('2D SPACE',''
  ) );
#4247 = PCURVE('',#4248,#4265);
#4248 = B_SPLINE_SURFACE_WITH_KNOTS('',3,3,(
    (#4249,#4250,#4251,#4252)
    ,(#4253,#4254,#4255,#4256)
    ,(#4257,#4258,#4259,#4260)
    ,(#4261,#4262,#4263,#4264
    )),.UNSPECIFIED.,.F.,.F.,.F.,(4,4),(4,4),(0.,1.),(0.,1.),
  .PIECEWISE_BEZIER_KNOTS.);
#4249 = CARTESIAN_POINT('',(-28.92579225609,-13.6857057676,0.));
#4250 = CARTESIAN_POINT('',(-29.13603929177,-13.24133348354,0.));
#4251 = CARTESIAN_POINT('',(-29.33604409891,-12.79211533174,0.));
#4252 = CARTESIAN_POINT('',(-29.52559433592,-12.33852823922,0.));
#4253 = CARTESIAN_POINT('',(-29.92223602105,-11.5801553592,
    6.000001093596));
#4254 = CARTESIAN_POINT('',(-30.1001365531,-11.12047518008,
    6.000001093596));
#4255 = CARTESIAN_POINT('',(-30.26744203341,-10.65669467991,
    6.000001093596));
#4256 = CARTESIAN_POINT('',(-30.42397483667,-10.18930624628,
    6.000001093596));
#4257 = CARTESIAN_POINT('',(-30.68761378962,-9.365391958805,
    11.999998906404));
#4258 = CARTESIAN_POINT('',(-30.83149003041,-8.893953634404,
    11.999998906404));
#4259 = CARTESIAN_POINT('',(-30.96450021356,-8.41919920603,
    11.999998906404));
#4260 = CARTESIAN_POINT('',(-31.08650312448,-7.941632712118,
    11.999998906404));
#4261 = CARTESIAN_POINT('',(-31.20379724656,-7.09387322945,18.));
#4262 = CARTESIAN_POINT('',(-31.31277728904,-6.61450500648,18.));
#4263 = CARTESIAN_POINT('',(-31.41070850419,-6.132624992489,18.));
#4264 = CARTESIAN_POINT('',(-31.49748692016,-5.648744791019,18.));
#4265 = DEFINITIONAL_REPRESENTATION('',(#4266),#4270);
#4266 = LINE('',#4267,#4268);
#4267 = CARTESIAN_POINT('',(0.,0.));
#4268 = VECTOR('',#4269,1.);
#4269 = DIRECTION('',(1.,0.));
#4270 = ( GEOMETRIC_REPRESENTATION_CONTEXT(2) 
PARAMETRIC_REPRESENTATION_CONTEXT() REPRESENTATION_CONTEXT('2D SPACE',''
  ) );
#4271 = ADVANCED_FACE('',(#4272),#4248,.T.);
#4272 = FACE_BOUND('',#4273,.T.);
#4273 = EDGE_LOOP('',(#4274,#4299,#4300,#4325));
#4274 = ORIENTED_EDGE('',*,*,#4275,.F.);
#4275 = EDGE_CURVE('',#4183,#4276,#4278,.T.);
#4276 = VERTEX_POINT('',#4277);
#4277 = CARTESIAN_POINT('',(-29.52559433592,-12.33852823922,0.));
#4278 = SURFACE_CURVE('',#4279,(#4284,#4291),.PCURVE_S1.);
#4279 = B_SPLINE_CURVE_WITH_KNOTS('',3,(#4280,#4281,#4282,#4283),
  .UNSPECIFIED.,.F.,.F.,(4,4),(0.,1.),.PIECEWISE_BEZIER_KNOTS.);
#4280 = CARTESIAN_POINT('',(-28.92579225609,-13.6857057676,0.));
#4281 = CARTESIAN_POINT('',(-29.13603929177,-13.24133348354,0.));
#4282 = CARTESIAN_POINT('',(-29.33604409891,-12.79211533174,0.));
#4283 = CARTESIAN_POINT('',(-29.52559433592,-12.33852823922,0.));
#4284 = PCURVE('',#4248,#4285);
#4285 = DEFINITIONAL_REPRESENTATION('',(#4286),#4290);
#4286 = LINE('',#4287,#4288);
#4287 = CARTESIAN_POINT('',(0.,0.));
#4288 = VECTOR('',#4289,1.);
#4289 = DIRECTION('',(0.,1.));
#4290 = ( GEOMETRIC_REPRESENTATION_CONTEXT(2) 
PARAMETRIC_REPRESENTATION_CONTEXT() REPRESENTATION_CONTEXT('2D SPACE',''
  ) );
#4291 = PCURVE('',#57,#4292);
#4292 = DEFINITIONAL_REPRESENTATION('',(#4293),#4298);
#4293 = B_SPLINE_CURVE_WITH_KNOTS('',3,(#4294,#4295,#4296,#4297),
  .UNSPECIFIED.,.F.,.F.,(4,4),(0.,1.),.PIECEWISE_BEZIER_KNOTS.);
#4294 = CARTESIAN_POINT('',(-28.92579225609,-13.6857057676));
#4295 = CARTESIAN_POINT('',(-29.13603929177,-13.24133348354));
#4296 = CARTESIAN_POINT('',(-29.33604409891,-12.79211533174));
#4297 = CARTESIAN_POINT('',(-29.52559433592,-12.33852823922));
#4298 = ( GEOMETRIC_REPRESENTATION_CONTEXT(2) 
PARAMETRIC_REPRESENTATION_CONTEXT() REPRESENTATION_CONTEXT('2D SPACE',''
  ) );
#4299 = ORIENTED_EDGE('',*,*,#4233,.T.);
#4300 = ORIENTED_EDGE('',*,*,#4301,.T.);
#4301 = EDGE_CURVE('',#4209,#4302,#4304,.T.);
#4302 = VERTEX_POINT('',#4303);
#4303 = CARTESIAN_POINT('',(-31.49748692016,-5.648744791019,18.));
#4304 = SURFACE_CURVE('',#4305,(#4310,#4317),.PCURVE_S1.);
#4305 = B_SPLINE_CURVE_WITH_KNOTS('',3,(#4306,#4307,#4308,#4309),
  .UNSPECIFIED.,.F.,.F.,(4,4),(0.,1.),.PIECEWISE_BEZIER_KNOTS.);
#4306 = CARTESIAN_POINT('',(-31.20379724656,-7.09387322945,18.));
#4307 = CARTESIAN_POINT('',(-31.31277728904,-6.61450500648,18.));
#4308 = CARTESIAN_POINT('',(-31.41070850419,-6.132624992489,18.));
#4309 = CARTESIAN_POINT('',(-31.49748692016,-5.648744791019,18.));
#4310 = PCURVE('',#4248,#4311);
#4311 = DEFINITIONAL_REPRESENTATION('',(#4312),#4316);
#4312 = LINE('',#4313,#4314);
#4313 = CARTESIAN_POINT('',(1.,0.));
#4314 = VECTOR('',#4315,1.);
#4315 = DIRECTION('',(0.,1.));
#4316 = ( GEOMETRIC_REPRESENTATION_CONTEXT(2) 
PARAMETRIC_REPRESENTATION_CONTEXT() REPRESENTATION_CONTEXT('2D SPACE',''
  ) );
#4317 = PCURVE('',#128,#4318);
#4318 = DEFINITIONAL_REPRESENTATION('',(#4319),#4324);
#4319 = B_SPLINE_CURVE_WITH_KNOTS('',3,(#4320,#4321,#4322,#4323),
  .UNSPECIFIED.,.F.,.F.,(4,4),(0.,1.),.PIECEWISE_BEZIER_KNOTS.);
#4320 = CARTESIAN_POINT('',(31.203797246561,-7.09387322945));
#4321 = CARTESIAN_POINT('',(31.312777289045,-6.61450500648));
#4322 = CARTESIAN_POINT('',(31.410708504197,-6.132624992489));
#4323 = CARTESIAN_POINT('',(31.497486920165,-5.648744791019));
#4324 = ( GEOMETRIC_REPRESENTATION_CONTEXT(2) 
PARAMETRIC_REPRESENTATION_CONTEXT() REPRESENTATION_CONTEXT('2D SPACE',''
  ) );
#4325 = ORIENTED_EDGE('',*,*,#4326,.F.);
#4326 = EDGE_CURVE('',#4276,#4302,#4327,.T.);
#4327 = SURFACE_CURVE('',#4328,(#4333,#4340),.PCURVE_S1.);
#4328 = B_SPLINE_CURVE_WITH_KNOTS('',3,(#4329,#4330,#4331,#4332),
  .UNSPECIFIED.,.F.,.F.,(4,4),(0.,1.),.PIECEWISE_BEZIER_KNOTS.);
#4329 = CARTESIAN_POINT('',(-29.52559433592,-12.33852823922,0.));
#4330 = CARTESIAN_POINT('',(-30.42397482434,-10.18930628597,
    6.000000986407));
#4331 = CARTESIAN_POINT('',(-31.08650313566,-7.941632672091,
    11.999999013593));
#4332 = CARTESIAN_POINT('',(-31.49748692016,-5.648744791019,18.));
#4333 = PCURVE('',#4248,#4334);
#4334 = DEFINITIONAL_REPRESENTATION('',(#4335),#4339);
#4335 = LINE('',#4336,#4337);
#4336 = CARTESIAN_POINT('',(0.,1.));
#4337 = VECTOR('',#4338,1.);
#4338 = DIRECTION('',(1.,0.));
#4339 = ( GEOMETRIC_REPRESENTATION_CONTEXT(2) 
PARAMETRIC_REPRESENTATION_CONTEXT() REPRESENTATION_CONTEXT('2D SPACE',''
  ) );
#4340 = PCURVE('',#4341,#4358);
#4341 = B_SPLINE_SURFACE_WITH_KNOTS('',3,3,(
    (#4342,#4343,#4344,#4345)
    ,(#4346,#4347,#4348,#4349)
    ,(#4350,#4351,#4352,#4353)
    ,(#4354,#4355,#4356,#4357
    )),.UNSPECIFIED.,.F.,.F.,.F.,(4,4),(4,4),(0.,1.),(0.,1.),
  .PIECEWISE_BEZIER_KNOTS.);
#4342 = CARTESIAN_POINT('',(-29.52559433592,-12.33852823922,0.));
#4343 = CARTESIAN_POINT('',(-28.66469671485,-11.30704226174,0.));
#4344 = CARTESIAN_POINT('',(-27.69286845867,-10.29752839345,0.));
#4345 = CARTESIAN_POINT('',(-26.46600451586,-9.709305040508,0.));
#4346 = CARTESIAN_POINT('',(-30.42397482434,-10.18930628597,
    6.000000986407));
#4347 = CARTESIAN_POINT('',(-29.48798464541,-9.220482039029,
    6.000000986407));
#4348 = CARTESIAN_POINT('',(-28.44266252758,-8.281705210761,
    6.000000986407));
#4349 = CARTESIAN_POINT('',(-27.17297069087,-7.782787010654,
    6.000000986407));
#4350 = CARTESIAN_POINT('',(-31.08650313566,-7.941632672091,
    11.999999013593));
#4351 = CARTESIAN_POINT('',(-30.082299415,-7.043705657267,
    11.999999013593));
#4352 = CARTESIAN_POINT('',(-28.97124835687,-6.183725535675,
    11.999999013593));
#4353 = CARTESIAN_POINT('',(-27.66852912516,-5.778806612997,
    11.999999013593));
#4354 = CARTESIAN_POINT('',(-31.49748692016,-5.648744791019,18.));
#4355 = CARTESIAN_POINT('',(-30.4335643494,-4.828271269728,18.));
#4356 = CARTESIAN_POINT('',(-29.26610609864,-4.053281177857,18.));
#4357 = CARTESIAN_POINT('',(-27.94094224296,-3.744829232295,18.));
#4358 = DEFINITIONAL_REPRESENTATION('',(#4359),#4363);
#4359 = LINE('',#4360,#4361);
#4360 = CARTESIAN_POINT('',(0.,0.));
#4361 = VECTOR('',#4362,1.);
#4362 = DIRECTION('',(1.,0.));
#4363 = ( GEOMETRIC_REPRESENTATION_CONTEXT(2) 
PARAMETRIC_REPRESENTATION_CONTEXT() REPRESENTATION_CONTEXT('2D SPACE',''
  ) );
#4364 = ADVANCED_FACE('',(#4365),#4341,.T.);
#4365 = FACE_BOUND('',#4366,.T.);
#4366 = EDGE_LOOP('',(#4367,#4392,#4393,#4418));
#4367 = ORIENTED_EDGE('',*,*,#4368,.F.);
#4368 = EDGE_CURVE('',#4276,#4369,#4371,.T.);
#4369 = VERTEX_POINT('',#4370);
#4370 = CARTESIAN_POINT('',(-26.46600451586,-9.709305040508,0.));
#4371 = SURFACE_CURVE('',#4372,(#4377,#4384),.PCURVE_S1.);
#4372 = B_SPLINE_CURVE_WITH_KNOTS('',3,(#4373,#4374,#4375,#4376),
  .UNSPECIFIED.,.F.,.F.,(4,4),(0.,1.),.PIECEWISE_BEZIER_KNOTS.);
#4373 = CARTESIAN_POINT('',(-29.52559433592,-12.33852823922,0.));
#4374 = CARTESIAN_POINT('',(-28.66469671485,-11.30704226174,0.));
#4375 = CARTESIAN_POINT('',(-27.69286845867,-10.29752839345,0.));
#4376 = CARTESIAN_POINT('',(-26.46600451586,-9.709305040508,0.));
#4377 = PCURVE('',#4341,#4378);
#4378 = DEFINITIONAL_REPRESENTATION('',(#4379),#4383);
#4379 = LINE('',#4380,#4381);
#4380 = CARTESIAN_POINT('',(0.,0.));
#4381 = VECTOR('',#4382,1.);
#4382 = DIRECTION('',(0.,1.));
#4383 = ( GEOMETRIC_REPRESENTATION_CONTEXT(2) 
PARAMETRIC_REPRESENTATION_CONTEXT() REPRESENTATION_CONTEXT('2D SPACE',''
  ) );
#4384 = PCURVE('',#57,#4385);
#4385 = DEFINITIONAL_REPRESENTATION('',(#4386),#4391);
#4386 = B_SPLINE_CURVE_WITH_KNOTS('',3,(#4387,#4388,#4389,#4390),
  .UNSPECIFIED.,.F.,.F.,(4,4),(0.,1.),.PIECEWISE_BEZIER_KNOTS.);
#4387 = CARTESIAN_POINT('',(-29.52559433592,-12.33852823922));
#4388 = CARTESIAN_POINT('',(-28.66469671485,-11.30704226174));
#4389 = CARTESIAN_POINT('',(-27.69286845867,-10.29752839345));
#4390 = CARTESIAN_POINT('',(-26.46600451586,-9.709305040508));
#4391 = ( GEOMETRIC_REPRESENTATION_CONTEXT(2) 
PARAMETRIC_REPRESENTATION_CONTEXT() REPRESENTATION_CONTEXT('2D SPACE',''
  ) );
#4392 = ORIENTED_EDGE('',*,*,#4326,.T.);
#4393 = ORIENTED_EDGE('',*,*,#4394,.T.);
#4394 = EDGE_CURVE('',#4302,#4395,#4397,.T.);
#4395 = VERTEX_POINT('',#4396);
#4396 = CARTESIAN_POINT('',(-27.94094224296,-3.744829232295,18.));
#4397 = SURFACE_CURVE('',#4398,(#4403,#4410),.PCURVE_S1.);
#4398 = B_SPLINE_CURVE_WITH_KNOTS('',3,(#4399,#4400,#4401,#4402),
  .UNSPECIFIED.,.F.,.F.,(4,4),(0.,1.),.PIECEWISE_BEZIER_KNOTS.);
#4399 = CARTESIAN_POINT('',(-31.49748692016,-5.648744791019,18.));
#4400 = CARTESIAN_POINT('',(-30.4335643494,-4.828271269728,18.));
#4401 = CARTESIAN_POINT('',(-29.26610609864,-4.053281177857,18.));
#4402 = CARTESIAN_POINT('',(-27.94094224296,-3.744829232295,18.));
#4403 = PCURVE('',#4341,#4404);
#4404 = DEFINITIONAL_REPRESENTATION('',(#4405),#4409);
#4405 = LINE('',#4406,#4407);
#4406 = CARTESIAN_POINT('',(1.,0.));
#4407 = VECTOR('',#4408,1.);
#4408 = DIRECTION('',(0.,1.));
#4409 = ( GEOMETRIC_REPRESENTATION_CONTEXT(2) 
PARAMETRIC_REPRESENTATION_CONTEXT() REPRESENTATION_CONTEXT('2D SPACE',''
  ) );
#4410 = PCURVE('',#128,#4411);
#4411 = DEFINITIONAL_REPRESENTATION('',(#4412),#4417);
#4412 = B_SPLINE_CURVE_WITH_KNOTS('',3,(#4413,#4414,#4415,#4416),
  .UNSPECIFIED.,.F.,.F.,(4,4),(0.,1.),.PIECEWISE_BEZIER_KNOTS.);
#4413 = CARTESIAN_POINT('',(31.497486920165,-5.648744791019));
#4414 = CARTESIAN_POINT('',(30.4335643494,-4.828271269728));
#4415 = CARTESIAN_POINT('',(29.26610609864,-4.053281177857));
#4416 = CARTESIAN_POINT('',(27.940942242961,-3.744829232295));
#4417 = ( GEOMETRIC_REPRESENTATION_CONTEXT(2) 
PARAMETRIC_REPRESENTATION_CONTEXT() REPRESENTATION_CONTEXT('2D SPACE',''
  ) );
#4418 = ORIENTED_EDGE('',*,*,#4419,.F.);
#4419 = EDGE_CURVE('',#4369,#4395,#4420,.T.);
#4420 = SURFACE_CURVE('',#4421,(#4426,#4433),.PCURVE_S1.);
#4421 = B_SPLINE_CURVE_WITH_KNOTS('',3,(#4422,#4423,#4424,#4425),
  .UNSPECIFIED.,.F.,.F.,(4,4),(0.,1.),.PIECEWISE_BEZIER_KNOTS.);
#4422 = CARTESIAN_POINT('',(-26.46600451586,-9.709305040508,0.));
#4423 = CARTESIAN_POINT('',(-27.17297067901,-7.782787055792,
    6.000000849768));
#4424 = CARTESIAN_POINT('',(-27.66852913571,-5.778806567536,
    11.999999150232));
#4425 = CARTESIAN_POINT('',(-27.94094224296,-3.744829232295,18.));
#4426 = PCURVE('',#4341,#4427);
#4427 = DEFINITIONAL_REPRESENTATION('',(#4428),#4432);
#4428 = LINE('',#4429,#4430);
#4429 = CARTESIAN_POINT('',(0.,1.));
#4430 = VECTOR('',#4431,1.);
#4431 = DIRECTION('',(1.,0.));
#4432 = ( GEOMETRIC_REPRESENTATION_CONTEXT(2) 
PARAMETRIC_REPRESENTATION_CONTEXT() REPRESENTATION_CONTEXT('2D SPACE',''
  ) );
#4433 = PCURVE('',#4434,#4451);
#4434 = B_SPLINE_SURFACE_WITH_KNOTS('',3,3,(
    (#4435,#4436,#4437,#4438)
    ,(#4439,#4440,#4441,#4442)
    ,(#4443,#4444,#4445,#4446)
    ,(#4447,#4448,#4449,#4450
    )),.UNSPECIFIED.,.F.,.F.,.F.,(4,4),(4,4),(0.,1.),(0.,1.),
  .PIECEWISE_BEZIER_KNOTS.);
#4435 = CARTESIAN_POINT('',(-26.46600451586,-9.709305040508,0.));
#4436 = CARTESIAN_POINT('',(-25.74108528893,-9.082376920736,0.));
#4437 = CARTESIAN_POINT('',(-26.16346266217,-7.782433032643,0.));
#4438 = CARTESIAN_POINT('',(-27.11843373936,-7.701334360191,0.));
#4439 = CARTESIAN_POINT('',(-27.17297067901,-7.782787055792,
    6.000000849768));
#4440 = CARTESIAN_POINT('',(-26.40240948061,-7.208624920531,
    6.000000849768));
#4441 = CARTESIAN_POINT('',(-26.73016074145,-5.87792534515,
    6.000000849768));
#4442 = CARTESIAN_POINT('',(-27.67923477874,-5.72730931083,
    6.000000849768));
#4443 = CARTESIAN_POINT('',(-27.66852913571,-5.778806567536,
    11.999999150232));
#4444 = CARTESIAN_POINT('',(-26.85811768073,-5.262415251099,
    11.999999150232));
#4445 = CARTESIAN_POINT('',(-27.08787349722,-3.911343634312,
    11.999999150232));
#4446 = CARTESIAN_POINT('',(-28.02342364105,-3.691860955217,
    11.999999150232));
#4447 = CARTESIAN_POINT('',(-27.94094224296,-3.744829232295,18.));
#4448 = CARTESIAN_POINT('',(-27.09741612704,-3.289845227406,18.));
#4449 = CARTESIAN_POINT('',(-27.22812825675,-1.92926774091,18.));
#4450 = CARTESIAN_POINT('',(-28.14284797629,-1.643200287993,18.));
#4451 = DEFINITIONAL_REPRESENTATION('',(#4452),#4456);
#4452 = LINE('',#4453,#4454);
#4453 = CARTESIAN_POINT('',(0.,0.));
#4454 = VECTOR('',#4455,1.);
#4455 = DIRECTION('',(1.,0.));
#4456 = ( GEOMETRIC_REPRESENTATION_CONTEXT(2) 
PARAMETRIC_REPRESENTATION_CONTEXT() REPRESENTATION_CONTEXT('2D SPACE',''
  ) );
#4457 = ADVANCED_FACE('',(#4458),#4434,.T.);
#4458 = FACE_BOUND('',#4459,.T.);
#4459 = EDGE_LOOP('',(#4460,#4485,#4486,#4511));
#4460 = ORIENTED_EDGE('',*,*,#4461,.F.);
#4461 = EDGE_CURVE('',#4369,#4462,#4464,.T.);
#4462 = VERTEX_POINT('',#4463);
#4463 = CARTESIAN_POINT('',(-27.11843373936,-7.701334360191,0.));
#4464 = SURFACE_CURVE('',#4465,(#4470,#4477),.PCURVE_S1.);
#4465 = B_SPLINE_CURVE_WITH_KNOTS('',3,(#4466,#4467,#4468,#4469),
  .UNSPECIFIED.,.F.,.F.,(4,4),(0.,1.),.PIECEWISE_BEZIER_KNOTS.);
#4466 = CARTESIAN_POINT('',(-26.46600451586,-9.709305040508,0.));
#4467 = CARTESIAN_POINT('',(-25.74108528893,-9.082376920736,0.));
#4468 = CARTESIAN_POINT('',(-26.16346266217,-7.782433032643,0.));
#4469 = CARTESIAN_POINT('',(-27.11843373936,-7.701334360191,0.));
#4470 = PCURVE('',#4434,#4471);
#4471 = DEFINITIONAL_REPRESENTATION('',(#4472),#4476);
#4472 = LINE('',#4473,#4474);
#4473 = CARTESIAN_POINT('',(0.,0.));
#4474 = VECTOR('',#4475,1.);
#4475 = DIRECTION('',(0.,1.));
#4476 = ( GEOMETRIC_REPRESENTATION_CONTEXT(2) 
PARAMETRIC_REPRESENTATION_CONTEXT() REPRESENTATION_CONTEXT('2D SPACE',''
  ) );
#4477 = PCURVE('',#57,#4478);
#4478 = DEFINITIONAL_REPRESENTATION('',(#4479),#4484);
#4479 = B_SPLINE_CURVE_WITH_KNOTS('',3,(#4480,#4481,#4482,#4483),
  .UNSPECIFIED.,.F.,.F.,(4,4),(0.,1.),.PIECEWISE_BEZIER_KNOTS.);
#4480 = CARTESIAN_POINT('',(-26.46600451586,-9.709305040508));
#4481 = CARTESIAN_POINT('',(-25.74108528893,-9.082376920736));
#4482 = CARTESIAN_POINT('',(-26.16346266217,-7.782433032643));
#4483 = CARTESIAN_POINT('',(-27.11843373936,-7.701334360191));
#4484 = ( GEOMETRIC_REPRESENTATION_CONTEXT(2) 
PARAMETRIC_REPRESENTATION_CONTEXT() REPRESENTATION_CONTEXT('2D SPACE',''
  ) );
#4485 = ORIENTED_EDGE('',*,*,#4419,.T.);
#4486 = ORIENTED_EDGE('',*,*,#4487,.T.);
#4487 = EDGE_CURVE('',#4395,#4488,#4490,.T.);
#4488 = VERTEX_POINT('',#4489);
#4489 = CARTESIAN_POINT('',(-28.14284797629,-1.643200287993,18.));
#4490 = SURFACE_CURVE('',#4491,(#4496,#4503),.PCURVE_S1.);
#4491 = B_SPLINE_CURVE_WITH_KNOTS('',3,(#4492,#4493,#4494,#4495),
  .UNSPECIFIED.,.F.,.F.,(4,4),(0.,1.),.PIECEWISE_BEZIER_KNOTS.);
#4492 = CARTESIAN_POINT('',(-27.94094224296,-3.744829232295,18.));
#4493 = CARTESIAN_POINT('',(-27.09741612704,-3.289845227406,18.));
#4494 = CARTESIAN_POINT('',(-27.22812825675,-1.92926774091,18.));
#4495 = CARTESIAN_POINT('',(-28.14284797629,-1.643200287993,18.));
#4496 = PCURVE('',#4434,#4497);
#4497 = DEFINITIONAL_REPRESENTATION('',(#4498),#4502);
#4498 = LINE('',#4499,#4500);
#4499 = CARTESIAN_POINT('',(1.,0.));
#4500 = VECTOR('',#4501,1.);
#4501 = DIRECTION('',(0.,1.));
#4502 = ( GEOMETRIC_REPRESENTATION_CONTEXT(2) 
PARAMETRIC_REPRESENTATION_CONTEXT() REPRESENTATION_CONTEXT('2D SPACE',''
  ) );
#4503 = PCURVE('',#128,#4504);
#4504 = DEFINITIONAL_REPRESENTATION('',(#4505),#4510);
#4505 = B_SPLINE_CURVE_WITH_KNOTS('',3,(#4506,#4507,#4508,#4509),
  .UNSPECIFIED.,.F.,.F.,(4,4),(0.,1.),.PIECEWISE_BEZIER_KNOTS.);
#4506 = CARTESIAN_POINT('',(27.940942242961,-3.744829232295));
#4507 = CARTESIAN_POINT('',(27.097416127042,-3.289845227406));
#4508 = CARTESIAN_POINT('',(27.228128256754,-1.92926774091));
#4509 = CARTESIAN_POINT('',(28.142847976299,-1.643200287993));
#4510 = ( GEOMETRIC_REPRESENTATION_CONTEXT(2) 
PARAMETRIC_REPRESENTATION_CONTEXT() REPRESENTATION_CONTEXT('2D SPACE',''
  ) );
#4511 = ORIENTED_EDGE('',*,*,#4512,.F.);
#4512 = EDGE_CURVE('',#4462,#4488,#4513,.T.);
#4513 = SURFACE_CURVE('',#4514,(#4519,#4526),.PCURVE_S1.);
#4514 = B_SPLINE_CURVE_WITH_KNOTS('',3,(#4515,#4516,#4517,#4518),
  .UNSPECIFIED.,.F.,.F.,(4,4),(0.,1.),.PIECEWISE_BEZIER_KNOTS.);
#4515 = CARTESIAN_POINT('',(-27.11843373936,-7.701334360191,0.));
#4516 = CARTESIAN_POINT('',(-27.67923477874,-5.72730931083,
    6.000000849768));
#4517 = CARTESIAN_POINT('',(-28.02342364105,-3.691860955217,
    11.999999150232));
#4518 = CARTESIAN_POINT('',(-28.14284797629,-1.643200287993,18.));
#4519 = PCURVE('',#4434,#4520);
#4520 = DEFINITIONAL_REPRESENTATION('',(#4521),#4525);
#4521 = LINE('',#4522,#4523);
#4522 = CARTESIAN_POINT('',(0.,1.));
#4523 = VECTOR('',#4524,1.);
#4524 = DIRECTION('',(1.,0.));
#4525 = ( GEOMETRIC_REPRESENTATION_CONTEXT(2) 
PARAMETRIC_REPRESENTATION_CONTEXT() REPRESENTATION_CONTEXT('2D SPACE',''
  ) );
#4526 = PCURVE('',#4527,#4544);
#4527 = B_SPLINE_SURFACE_WITH_KNOTS('',3,3,(
    (#4528,#4529,#4530,#4531)
    ,(#4532,#4533,#4534,#4535)
    ,(#4536,#4537,#4538,#4539)
    ,(#4540,#4541,#4542,#4543
    )),.UNSPECIFIED.,.F.,.F.,.F.,(4,4),(4,4),(0.,1.),(0.,1.),
  .PIECEWISE_BEZIER_KNOTS.);
#4528 = CARTESIAN_POINT('',(-27.11843373936,-7.701334360191,0.));
#4529 = CARTESIAN_POINT('',(-28.45673653079,-7.946584203327,0.));
#4530 = CARTESIAN_POINT('',(-29.83633946941,-7.701096644559,0.));
#4531 = CARTESIAN_POINT('',(-31.13911252079,-7.372629884722,0.));
#4532 = CARTESIAN_POINT('',(-27.67923478718,-5.727309264931,
    6.000000986407));
#4533 = CARTESIAN_POINT('',(-29.03539958672,-5.875139461767,
    6.000000986407));
#4534 = CARTESIAN_POINT('',(-30.39714174473,-5.529222479781,
    6.000000986407));
#4535 = CARTESIAN_POINT('',(-31.67601304754,-5.105918537709,
    6.000000986407));
#4536 = CARTESIAN_POINT('',(-28.02342363393,-3.69186100134,
    11.999999013593));
#4537 = CARTESIAN_POINT('',(-29.38676098944,-3.740317019343,
    11.999999013593));
#4538 = CARTESIAN_POINT('',(-30.71962460656,-3.295935604932,
    11.999999013593));
#4539 = CARTESIAN_POINT('',(-31.9641902824,-2.780421962964,
    11.999999013593));
#4540 = CARTESIAN_POINT('',(-28.14284797629,-1.643200287993,18.));
#4541 = CARTESIAN_POINT('',(-29.50249854968,-1.592681327055,18.));
#4542 = CARTESIAN_POINT('',(-30.79614986987,-1.054132655585,18.));
#4543 = CARTESIAN_POINT('',(-31.99681858809,-0.451220833829,18.));
#4544 = DEFINITIONAL_REPRESENTATION('',(#4545),#4549);
#4545 = LINE('',#4546,#4547);
#4546 = CARTESIAN_POINT('',(0.,0.));
#4547 = VECTOR('',#4548,1.);
#4548 = DIRECTION('',(1.,0.));
#4549 = ( GEOMETRIC_REPRESENTATION_CONTEXT(2) 
PARAMETRIC_REPRESENTATION_CONTEXT() REPRESENTATION_CONTEXT('2D SPACE',''
  ) );
#4550 = ADVANCED_FACE('',(#4551),#4527,.T.);
#4551 = FACE_BOUND('',#4552,.T.);
#4552 = EDGE_LOOP('',(#4553,#4578,#4579,#4604));
#4553 = ORIENTED_EDGE('',*,*,#4554,.F.);
#4554 = EDGE_CURVE('',#4462,#4555,#4557,.T.);
#4555 = VERTEX_POINT('',#4556);
#4556 = CARTESIAN_POINT('',(-31.13911252079,-7.372629884722,0.));
#4557 = SURFACE_CURVE('',#4558,(#4563,#4570),.PCURVE_S1.);
#4558 = B_SPLINE_CURVE_WITH_KNOTS('',3,(#4559,#4560,#4561,#4562),
  .UNSPECIFIED.,.F.,.F.,(4,4),(0.,1.),.PIECEWISE_BEZIER_KNOTS.);
#4559 = CARTESIAN_POINT('',(-27.11843373936,-7.701334360191,0.));
#4560 = CARTESIAN_POINT('',(-28.45673653079,-7.946584203327,0.));
#4561 = CARTESIAN_POINT('',(-29.83633946941,-7.701096644559,0.));
#4562 = CARTESIAN_POINT('',(-31.13911252079,-7.372629884722,0.));
#4563 = PCURVE('',#4527,#4564);
#4564 = DEFINITIONAL_REPRESENTATION('',(#4565),#4569);
#4565 = LINE('',#4566,#4567);
#4566 = CARTESIAN_POINT('',(0.,0.));
#4567 = VECTOR('',#4568,1.);
#4568 = DIRECTION('',(0.,1.));
#4569 = ( GEOMETRIC_REPRESENTATION_CONTEXT(2) 
PARAMETRIC_REPRESENTATION_CONTEXT() REPRESENTATION_CONTEXT('2D SPACE',''
  ) );
#4570 = PCURVE('',#57,#4571);
#4571 = DEFINITIONAL_REPRESENTATION('',(#4572),#4577);
#4572 = B_SPLINE_CURVE_WITH_KNOTS('',3,(#4573,#4574,#4575,#4576),
  .UNSPECIFIED.,.F.,.F.,(4,4),(0.,1.),.PIECEWISE_BEZIER_KNOTS.);
#4573 = CARTESIAN_POINT('',(-27.11843373936,-7.701334360191));
#4574 = CARTESIAN_POINT('',(-28.45673653079,-7.946584203327));
#4575 = CARTESIAN_POINT('',(-29.83633946941,-7.701096644559));
#4576 = CARTESIAN_POINT('',(-31.13911252079,-7.372629884722));
#4577 = ( GEOMETRIC_REPRESENTATION_CONTEXT(2) 
PARAMETRIC_REPRESENTATION_CONTEXT() REPRESENTATION_CONTEXT('2D SPACE',''
  ) );
#4578 = ORIENTED_EDGE('',*,*,#4512,.T.);
#4579 = ORIENTED_EDGE('',*,*,#4580,.T.);
#4580 = EDGE_CURVE('',#4488,#4581,#4583,.T.);
#4581 = VERTEX_POINT('',#4582);
#4582 = CARTESIAN_POINT('',(-31.99681858809,-0.451220833829,18.));
#4583 = SURFACE_CURVE('',#4584,(#4589,#4596),.PCURVE_S1.);
#4584 = B_SPLINE_CURVE_WITH_KNOTS('',3,(#4585,#4586,#4587,#4588),
  .UNSPECIFIED.,.F.,.F.,(4,4),(0.,1.),.PIECEWISE_BEZIER_KNOTS.);
#4585 = CARTESIAN_POINT('',(-28.14284797629,-1.643200287993,18.));
#4586 = CARTESIAN_POINT('',(-29.50249854968,-1.592681327055,18.));
#4587 = CARTESIAN_POINT('',(-30.79614986987,-1.054132655585,18.));
#4588 = CARTESIAN_POINT('',(-31.99681858809,-0.451220833829,18.));
#4589 = PCURVE('',#4527,#4590);
#4590 = DEFINITIONAL_REPRESENTATION('',(#4591),#4595);
#4591 = LINE('',#4592,#4593);
#4592 = CARTESIAN_POINT('',(1.,0.));
#4593 = VECTOR('',#4594,1.);
#4594 = DIRECTION('',(0.,1.));
#4595 = ( GEOMETRIC_REPRESENTATION_CONTEXT(2) 
PARAMETRIC_REPRESENTATION_CONTEXT() REPRESENTATION_CONTEXT('2D SPACE',''
  ) );
#4596 = PCURVE('',#128,#4597);
#4597 = DEFINITIONAL_REPRESENTATION('',(#4598),#4603);
#4598 = B_SPLINE_CURVE_WITH_KNOTS('',3,(#4599,#4600,#4601,#4602),
  .UNSPECIFIED.,.F.,.F.,(4,4),(0.,1.),.PIECEWISE_BEZIER_KNOTS.);
#4599 = CARTESIAN_POINT('',(28.142847976299,-1.643200287993));
#4600 = CARTESIAN_POINT('',(29.502498549684,-1.592681327055));
#4601 = CARTESIAN_POINT('',(30.796149869872,-1.054132655585));
#4602 = CARTESIAN_POINT('',(31.99681858809,-0.451220833829));
#4603 = ( GEOMETRIC_REPRESENTATION_CONTEXT(2) 
PARAMETRIC_REPRESENTATION_CONTEXT() REPRESENTATION_CONTEXT('2D SPACE',''
  ) );
#4604 = ORIENTED_EDGE('',*,*,#4605,.F.);
#4605 = EDGE_CURVE('',#4555,#4581,#4606,.T.);
#4606 = SURFACE_CURVE('',#4607,(#4612,#4619),.PCURVE_S1.);
#4607 = B_SPLINE_CURVE_WITH_KNOTS('',3,(#4608,#4609,#4610,#4611),
  .UNSPECIFIED.,.F.,.F.,(4,4),(0.,1.),.PIECEWISE_BEZIER_KNOTS.);
#4608 = CARTESIAN_POINT('',(-31.13911252079,-7.372629884722,0.));
#4609 = CARTESIAN_POINT('',(-31.67601304754,-5.105918537709,
    6.000000986407));
#4610 = CARTESIAN_POINT('',(-31.9641902824,-2.780421962964,
    11.999999013593));
#4611 = CARTESIAN_POINT('',(-31.99681858809,-0.451220833829,18.));
#4612 = PCURVE('',#4527,#4613);
#4613 = DEFINITIONAL_REPRESENTATION('',(#4614),#4618);
#4614 = LINE('',#4615,#4616);
#4615 = CARTESIAN_POINT('',(0.,1.));
#4616 = VECTOR('',#4617,1.);
#4617 = DIRECTION('',(1.,0.));
#4618 = ( GEOMETRIC_REPRESENTATION_CONTEXT(2) 
PARAMETRIC_REPRESENTATION_CONTEXT() REPRESENTATION_CONTEXT('2D SPACE',''
  ) );
#4619 = PCURVE('',#4620,#4637);
#4620 = B_SPLINE_SURFACE_WITH_KNOTS('',3,3,(
    (#4621,#4622,#4623,#4624)
    ,(#4625,#4626,#4627,#4628)
    ,(#4629,#4630,#4631,#4632)
    ,(#4633,#4634,#4635,#4636
    )),.UNSPECIFIED.,.F.,.F.,.F.,(4,4),(4,4),(0.,1.),(0.,1.),
  .PIECEWISE_BEZIER_KNOTS.);
#4621 = CARTESIAN_POINT('',(-31.13911252079,-7.372629884722,0.));
#4622 = CARTESIAN_POINT('',(-31.25237496137,-6.894255384559,0.));
#4623 = CARTESIAN_POINT('',(-31.35461147813,-6.413270389546,0.));
#4624 = CARTESIAN_POINT('',(-31.44571352834,-5.930185553001,0.));
#4625 = CARTESIAN_POINT('',(-31.67601305325,-5.105918496546,
    6.000001093596));
#4626 = CARTESIAN_POINT('',(-31.75445314857,-4.619295831819,
    6.000001093596));
#4627 = CARTESIAN_POINT('',(-31.82167721475,-4.130865283013,
    6.000001093596));
#4628 = CARTESIAN_POINT('',(-31.8776138812,-3.64114540826,6.000001093596
    ));
#4629 = CARTESIAN_POINT('',(-31.96419027789,-2.780422004274,
    11.999998906404));
#4630 = CARTESIAN_POINT('',(-32.00690493848,-2.289372185875,
    11.999998906404));
#4631 = CARTESIAN_POINT('',(-32.03830153407,-1.797337908748,
    11.999998906404));
#4632 = CARTESIAN_POINT('',(-32.05834673145,-1.304841557044,
    11.999998906404));
#4633 = CARTESIAN_POINT('',(-31.99681858809,-0.451220833829,18.));
#4634 = CARTESIAN_POINT('',(-32.00375089741,4.033026823471E-02,18.));
#4635 = CARTESIAN_POINT('',(-31.99935359206,0.532041092288,18.));
#4636 = CARTESIAN_POINT('',(-31.9836313406,1.023389597589,18.));
#4637 = DEFINITIONAL_REPRESENTATION('',(#4638),#4642);
#4638 = LINE('',#4639,#4640);
#4639 = CARTESIAN_POINT('',(0.,0.));
#4640 = VECTOR('',#4641,1.);
#4641 = DIRECTION('',(1.,0.));
#4642 = ( GEOMETRIC_REPRESENTATION_CONTEXT(2) 
PARAMETRIC_REPRESENTATION_CONTEXT() REPRESENTATION_CONTEXT('2D SPACE',''
  ) );
#4643 = ADVANCED_FACE('',(#4644),#4620,.T.);
#4644 = FACE_BOUND('',#4645,.T.);
#4645 = EDGE_LOOP('',(#4646,#4671,#4672,#4697));
#4646 = ORIENTED_EDGE('',*,*,#4647,.F.);
#4647 = EDGE_CURVE('',#4555,#4648,#4650,.T.);
#4648 = VERTEX_POINT('',#4649);
#4649 = CARTESIAN_POINT('',(-31.44571352834,-5.930185553001,0.));
#4650 = SURFACE_CURVE('',#4651,(#4656,#4663),.PCURVE_S1.);
#4651 = B_SPLINE_CURVE_WITH_KNOTS('',3,(#4652,#4653,#4654,#4655),
  .UNSPECIFIED.,.F.,.F.,(4,4),(0.,1.),.PIECEWISE_BEZIER_KNOTS.);
#4652 = CARTESIAN_POINT('',(-31.13911252079,-7.372629884722,0.));
#4653 = CARTESIAN_POINT('',(-31.25237496137,-6.894255384559,0.));
#4654 = CARTESIAN_POINT('',(-31.35461147813,-6.413270389546,0.));
#4655 = CARTESIAN_POINT('',(-31.44571352834,-5.930185553001,0.));
#4656 = PCURVE('',#4620,#4657);
#4657 = DEFINITIONAL_REPRESENTATION('',(#4658),#4662);
#4658 = LINE('',#4659,#4660);
#4659 = CARTESIAN_POINT('',(0.,0.));
#4660 = VECTOR('',#4661,1.);
#4661 = DIRECTION('',(0.,1.));
#4662 = ( GEOMETRIC_REPRESENTATION_CONTEXT(2) 
PARAMETRIC_REPRESENTATION_CONTEXT() REPRESENTATION_CONTEXT('2D SPACE',''
  ) );
#4663 = PCURVE('',#57,#4664);
#4664 = DEFINITIONAL_REPRESENTATION('',(#4665),#4670);
#4665 = B_SPLINE_CURVE_WITH_KNOTS('',3,(#4666,#4667,#4668,#4669),
  .UNSPECIFIED.,.F.,.F.,(4,4),(0.,1.),.PIECEWISE_BEZIER_KNOTS.);
#4666 = CARTESIAN_POINT('',(-31.13911252079,-7.372629884722));
#4667 = CARTESIAN_POINT('',(-31.25237496137,-6.894255384559));
#4668 = CARTESIAN_POINT('',(-31.35461147813,-6.413270389546));
#4669 = CARTESIAN_POINT('',(-31.44571352834,-5.930185553001));
#4670 = ( GEOMETRIC_REPRESENTATION_CONTEXT(2) 
PARAMETRIC_REPRESENTATION_CONTEXT() REPRESENTATION_CONTEXT('2D SPACE',''
  ) );
#4671 = ORIENTED_EDGE('',*,*,#4605,.T.);
#4672 = ORIENTED_EDGE('',*,*,#4673,.T.);
#4673 = EDGE_CURVE('',#4581,#4674,#4676,.T.);
#4674 = VERTEX_POINT('',#4675);
#4675 = CARTESIAN_POINT('',(-31.9836313406,1.023389597589,18.));
#4676 = SURFACE_CURVE('',#4677,(#4682,#4689),.PCURVE_S1.);
#4677 = B_SPLINE_CURVE_WITH_KNOTS('',3,(#4678,#4679,#4680,#4681),
  .UNSPECIFIED.,.F.,.F.,(4,4),(0.,1.),.PIECEWISE_BEZIER_KNOTS.);
#4678 = CARTESIAN_POINT('',(-31.99681858809,-0.451220833829,18.));
#4679 = CARTESIAN_POINT('',(-32.00375089741,4.033026823471E-02,18.));
#4680 = CARTESIAN_POINT('',(-31.99935359206,0.532041092288,18.));
#4681 = CARTESIAN_POINT('',(-31.9836313406,1.023389597589,18.));
#4682 = PCURVE('',#4620,#4683);
#4683 = DEFINITIONAL_REPRESENTATION('',(#4684),#4688);
#4684 = LINE('',#4685,#4686);
#4685 = CARTESIAN_POINT('',(1.,0.));
#4686 = VECTOR('',#4687,1.);
#4687 = DIRECTION('',(0.,1.));
#4688 = ( GEOMETRIC_REPRESENTATION_CONTEXT(2) 
PARAMETRIC_REPRESENTATION_CONTEXT() REPRESENTATION_CONTEXT('2D SPACE',''
  ) );
#4689 = PCURVE('',#128,#4690);
#4690 = DEFINITIONAL_REPRESENTATION('',(#4691),#4696);
#4691 = B_SPLINE_CURVE_WITH_KNOTS('',3,(#4692,#4693,#4694,#4695),
  .UNSPECIFIED.,.F.,.F.,(4,4),(0.,1.),.PIECEWISE_BEZIER_KNOTS.);
#4692 = CARTESIAN_POINT('',(31.99681858809,-0.451220833829));
#4693 = CARTESIAN_POINT('',(32.003750897412,4.033026823472E-02));
#4694 = CARTESIAN_POINT('',(31.999353592069,0.532041092288));
#4695 = CARTESIAN_POINT('',(31.983631340602,1.023389597589));
#4696 = ( GEOMETRIC_REPRESENTATION_CONTEXT(2) 
PARAMETRIC_REPRESENTATION_CONTEXT() REPRESENTATION_CONTEXT('2D SPACE',''
  ) );
#4697 = ORIENTED_EDGE('',*,*,#4698,.F.);
#4698 = EDGE_CURVE('',#4648,#4674,#4699,.T.);
#4699 = SURFACE_CURVE('',#4700,(#4705,#4712),.PCURVE_S1.);
#4700 = B_SPLINE_CURVE_WITH_KNOTS('',3,(#4701,#4702,#4703,#4704),
  .UNSPECIFIED.,.F.,.F.,(4,4),(0.,1.),.PIECEWISE_BEZIER_KNOTS.);
#4701 = CARTESIAN_POINT('',(-31.44571352834,-5.930185553001,0.));
#4702 = CARTESIAN_POINT('',(-31.87761387739,-3.641145449642,
    6.000000986407));
#4703 = CARTESIAN_POINT('',(-32.05834673405,-1.304841515569,
    11.999999013593));
#4704 = CARTESIAN_POINT('',(-31.9836313406,1.023389597589,18.));
#4705 = PCURVE('',#4620,#4706);
#4706 = DEFINITIONAL_REPRESENTATION('',(#4707),#4711);
#4707 = LINE('',#4708,#4709);
#4708 = CARTESIAN_POINT('',(0.,1.));
#4709 = VECTOR('',#4710,1.);
#4710 = DIRECTION('',(1.,0.));
#4711 = ( GEOMETRIC_REPRESENTATION_CONTEXT(2) 
PARAMETRIC_REPRESENTATION_CONTEXT() REPRESENTATION_CONTEXT('2D SPACE',''
  ) );
#4712 = PCURVE('',#4713,#4730);
#4713 = B_SPLINE_SURFACE_WITH_KNOTS('',3,3,(
    (#4714,#4715,#4716,#4717)
    ,(#4718,#4719,#4720,#4721)
    ,(#4722,#4723,#4724,#4725)
    ,(#4726,#4727,#4728,#4729
    )),.UNSPECIFIED.,.F.,.F.,.F.,(4,4),(4,4),(0.,1.),(0.,1.),
  .PIECEWISE_BEZIER_KNOTS.);
#4714 = CARTESIAN_POINT('',(-31.44571352834,-5.930185553001,0.));
#4715 = CARTESIAN_POINT('',(-30.38917059218,-5.100230698957,0.));
#4716 = CARTESIAN_POINT('',(-29.22868937982,-4.314831586704,0.));
#4717 = CARTESIAN_POINT('',(-27.90633684584,-3.994541682081,0.));
#4718 = CARTESIAN_POINT('',(-31.87761387739,-3.641145449642,
    6.000000986407));
#4719 = CARTESIAN_POINT('',(-30.76064744227,-2.888095637649,
    6.000000986407));
#4720 = CARTESIAN_POINT('',(-29.54298544306,-2.187168024421,
    6.000000986407));
#4721 = CARTESIAN_POINT('',(-28.19730849275,-1.963136160612,
    6.000000986407));
#4722 = CARTESIAN_POINT('',(-32.05834673405,-1.304841515569,
    11.999999013593));
#4723 = CARTESIAN_POINT('',(-30.88939775016,-0.635322053872,
    11.999999013593));
#4724 = CARTESIAN_POINT('',(-29.62382590221,-2.51350653384E-02,
    11.999999013593));
#4725 = CARTESIAN_POINT('',(-28.26538683342,0.100084849245,
    11.999999013593));
#4726 = CARTESIAN_POINT('',(-31.9836313406,1.023389597589,18.));
#4727 = CARTESIAN_POINT('',(-30.77237199356,1.604731863318,18.));
#4728 = CARTESIAN_POINT('',(-29.46929600625,2.1200583434,18.));
#4729 = CARTESIAN_POINT('',(-28.1089593947,2.146252816048,18.));
#4730 = DEFINITIONAL_REPRESENTATION('',(#4731),#4735);
#4731 = LINE('',#4732,#4733);
#4732 = CARTESIAN_POINT('',(0.,0.));
#4733 = VECTOR('',#4734,1.);
#4734 = DIRECTION('',(1.,0.));
#4735 = ( GEOMETRIC_REPRESENTATION_CONTEXT(2) 
PARAMETRIC_REPRESENTATION_CONTEXT() REPRESENTATION_CONTEXT('2D SPACE',''
  ) );
#4736 = ADVANCED_FACE('',(#4737),#4713,.T.);
#4737 = FACE_BOUND('',#4738,.T.);
#4738 = EDGE_LOOP('',(#4739,#4764,#4765,#4790));
#4739 = ORIENTED_EDGE('',*,*,#4740,.F.);
#4740 = EDGE_CURVE('',#4648,#4741,#4743,.T.);
#4741 = VERTEX_POINT('',#4742);
#4742 = CARTESIAN_POINT('',(-27.90633684584,-3.994541682081,0.));
#4743 = SURFACE_CURVE('',#4744,(#4749,#4756),.PCURVE_S1.);
#4744 = B_SPLINE_CURVE_WITH_KNOTS('',3,(#4745,#4746,#4747,#4748),
  .UNSPECIFIED.,.F.,.F.,(4,4),(0.,1.),.PIECEWISE_BEZIER_KNOTS.);
#4745 = CARTESIAN_POINT('',(-31.44571352834,-5.930185553001,0.));
#4746 = CARTESIAN_POINT('',(-30.38917059218,-5.100230698957,0.));
#4747 = CARTESIAN_POINT('',(-29.22868937982,-4.314831586704,0.));
#4748 = CARTESIAN_POINT('',(-27.90633684584,-3.994541682081,0.));
#4749 = PCURVE('',#4713,#4750);
#4750 = DEFINITIONAL_REPRESENTATION('',(#4751),#4755);
#4751 = LINE('',#4752,#4753);
#4752 = CARTESIAN_POINT('',(0.,0.));
#4753 = VECTOR('',#4754,1.);
#4754 = DIRECTION('',(0.,1.));
#4755 = ( GEOMETRIC_REPRESENTATION_CONTEXT(2) 
PARAMETRIC_REPRESENTATION_CONTEXT() REPRESENTATION_CONTEXT('2D SPACE',''
  ) );
#4756 = PCURVE('',#57,#4757);
#4757 = DEFINITIONAL_REPRESENTATION('',(#4758),#4763);
#4758 = B_SPLINE_CURVE_WITH_KNOTS('',3,(#4759,#4760,#4761,#4762),
  .UNSPECIFIED.,.F.,.F.,(4,4),(0.,1.),.PIECEWISE_BEZIER_KNOTS.);
#4759 = CARTESIAN_POINT('',(-31.44571352834,-5.930185553001));
#4760 = CARTESIAN_POINT('',(-30.38917059218,-5.100230698957));
#4761 = CARTESIAN_POINT('',(-29.22868937982,-4.314831586704));
#4762 = CARTESIAN_POINT('',(-27.90633684584,-3.994541682081));
#4763 = ( GEOMETRIC_REPRESENTATION_CONTEXT(2) 
PARAMETRIC_REPRESENTATION_CONTEXT() REPRESENTATION_CONTEXT('2D SPACE',''
  ) );
#4764 = ORIENTED_EDGE('',*,*,#4698,.T.);
#4765 = ORIENTED_EDGE('',*,*,#4766,.T.);
#4766 = EDGE_CURVE('',#4674,#4767,#4769,.T.);
#4767 = VERTEX_POINT('',#4768);
#4768 = CARTESIAN_POINT('',(-28.1089593947,2.146252816048,18.));
#4769 = SURFACE_CURVE('',#4770,(#4775,#4782),.PCURVE_S1.);
#4770 = B_SPLINE_CURVE_WITH_KNOTS('',3,(#4771,#4772,#4773,#4774),
  .UNSPECIFIED.,.F.,.F.,(4,4),(0.,1.),.PIECEWISE_BEZIER_KNOTS.);
#4771 = CARTESIAN_POINT('',(-31.9836313406,1.023389597589,18.));
#4772 = CARTESIAN_POINT('',(-30.77237199356,1.604731863318,18.));
#4773 = CARTESIAN_POINT('',(-29.46929600625,2.1200583434,18.));
#4774 = CARTESIAN_POINT('',(-28.1089593947,2.146252816048,18.));
#4775 = PCURVE('',#4713,#4776);
#4776 = DEFINITIONAL_REPRESENTATION('',(#4777),#4781);
#4777 = LINE('',#4778,#4779);
#4778 = CARTESIAN_POINT('',(1.,0.));
#4779 = VECTOR('',#4780,1.);
#4780 = DIRECTION('',(0.,1.));
#4781 = ( GEOMETRIC_REPRESENTATION_CONTEXT(2) 
PARAMETRIC_REPRESENTATION_CONTEXT() REPRESENTATION_CONTEXT('2D SPACE',''
  ) );
#4782 = PCURVE('',#128,#4783);
#4783 = DEFINITIONAL_REPRESENTATION('',(#4784),#4789);
#4784 = B_SPLINE_CURVE_WITH_KNOTS('',3,(#4785,#4786,#4787,#4788),
  .UNSPECIFIED.,.F.,.F.,(4,4),(0.,1.),.PIECEWISE_BEZIER_KNOTS.);
#4785 = CARTESIAN_POINT('',(31.983631340602,1.023389597589));
#4786 = CARTESIAN_POINT('',(30.77237199356,1.604731863318));
#4787 = CARTESIAN_POINT('',(29.469296006254,2.1200583434));
#4788 = CARTESIAN_POINT('',(28.108959394704,2.146252816048));
#4789 = ( GEOMETRIC_REPRESENTATION_CONTEXT(2) 
PARAMETRIC_REPRESENTATION_CONTEXT() REPRESENTATION_CONTEXT('2D SPACE',''
  ) );
#4790 = ORIENTED_EDGE('',*,*,#4791,.F.);
#4791 = EDGE_CURVE('',#4741,#4767,#4792,.T.);
#4792 = SURFACE_CURVE('',#4793,(#4798,#4805),.PCURVE_S1.);
#4793 = B_SPLINE_CURVE_WITH_KNOTS('',3,(#4794,#4795,#4796,#4797),
  .UNSPECIFIED.,.F.,.F.,(4,4),(0.,1.),.PIECEWISE_BEZIER_KNOTS.);
#4794 = CARTESIAN_POINT('',(-27.90633684584,-3.994541682081,0.));
#4795 = CARTESIAN_POINT('',(-28.19730849053,-1.963136207229,
    6.000000849768));
#4796 = CARTESIAN_POINT('',(-28.26538683429,0.100084895906,
    11.999999150232));
#4797 = CARTESIAN_POINT('',(-28.1089593947,2.146252816048,18.));
#4798 = PCURVE('',#4713,#4799);
#4799 = DEFINITIONAL_REPRESENTATION('',(#4800),#4804);
#4800 = LINE('',#4801,#4802);
#4801 = CARTESIAN_POINT('',(0.,1.));
#4802 = VECTOR('',#4803,1.);
#4803 = DIRECTION('',(1.,0.));
#4804 = ( GEOMETRIC_REPRESENTATION_CONTEXT(2) 
PARAMETRIC_REPRESENTATION_CONTEXT() REPRESENTATION_CONTEXT('2D SPACE',''
  ) );
#4805 = PCURVE('',#4806,#4823);
#4806 = B_SPLINE_SURFACE_WITH_KNOTS('',3,3,(
    (#4807,#4808,#4809,#4810)
    ,(#4811,#4812,#4813,#4814)
    ,(#4815,#4816,#4817,#4818)
    ,(#4819,#4820,#4821,#4822
    )),.UNSPECIFIED.,.F.,.F.,.F.,(4,4),(4,4),(0.,1.),(0.,1.),
  .PIECEWISE_BEZIER_KNOTS.);
#4807 = CARTESIAN_POINT('',(-27.90633684584,-3.994541682081,0.));
#4808 = CARTESIAN_POINT('',(-27.06691315788,-3.532032628072,0.));
#4809 = CARTESIAN_POINT('',(-27.20978704038,-2.172678439012,0.));
#4810 = CARTESIAN_POINT('',(-28.12702834619,-1.89480231579,0.));
#4811 = CARTESIAN_POINT('',(-28.19730849053,-1.963136207229,
    6.000000849768));
#4812 = CARTESIAN_POINT('',(-27.32421088275,-1.561729573829,
    6.000000849768));
#4813 = CARTESIAN_POINT('',(-27.36813199349,-0.191965658065,
    6.000000849768));
#4814 = CARTESIAN_POINT('',(-28.26515165162,0.152682642342,
    6.000000849768));
#4815 = CARTESIAN_POINT('',(-28.26538683429,0.100084895906,
    11.999999150232));
#4816 = CARTESIAN_POINT('',(-27.36532102227,0.436697807256,
    11.999999150232));
#4817 = CARTESIAN_POINT('',(-27.30915253866,1.806014187917,
    11.999999150232));
#4818 = CARTESIAN_POINT('',(-28.1786256523,2.215212456126,
    11.999999150232));
#4819 = CARTESIAN_POINT('',(-28.1089593947,2.146252816048,18.));
#4820 = CARTESIAN_POINT('',(-27.18926985451,2.415915387793,18.));
#4821 = CARTESIAN_POINT('',(-27.03424564486,3.773937571721,18.));
#4822 = CARTESIAN_POINT('',(-27.86949977606,4.243934687954,18.));
#4823 = DEFINITIONAL_REPRESENTATION('',(#4824),#4828);
#4824 = LINE('',#4825,#4826);
#4825 = CARTESIAN_POINT('',(0.,0.));
#4826 = VECTOR('',#4827,1.);
#4827 = DIRECTION('',(1.,0.));
#4828 = ( GEOMETRIC_REPRESENTATION_CONTEXT(2) 
PARAMETRIC_REPRESENTATION_CONTEXT() REPRESENTATION_CONTEXT('2D SPACE',''
  ) );
#4829 = ADVANCED_FACE('',(#4830),#4806,.T.);
#4830 = FACE_BOUND('',#4831,.T.);
#4831 = EDGE_LOOP('',(#4832,#4857,#4858,#4883));
#4832 = ORIENTED_EDGE('',*,*,#4833,.F.);
#4833 = EDGE_CURVE('',#4741,#4834,#4836,.T.);
#4834 = VERTEX_POINT('',#4835);
#4835 = CARTESIAN_POINT('',(-28.12702834619,-1.89480231579,0.));
#4836 = SURFACE_CURVE('',#4837,(#4842,#4849),.PCURVE_S1.);
#4837 = B_SPLINE_CURVE_WITH_KNOTS('',3,(#4838,#4839,#4840,#4841),
  .UNSPECIFIED.,.F.,.F.,(4,4),(0.,1.),.PIECEWISE_BEZIER_KNOTS.);
#4838 = CARTESIAN_POINT('',(-27.90633684584,-3.994541682081,0.));
#4839 = CARTESIAN_POINT('',(-27.06691315788,-3.532032628072,0.));
#4840 = CARTESIAN_POINT('',(-27.20978704038,-2.172678439012,0.));
#4841 = CARTESIAN_POINT('',(-28.12702834619,-1.89480231579,0.));
#4842 = PCURVE('',#4806,#4843);
#4843 = DEFINITIONAL_REPRESENTATION('',(#4844),#4848);
#4844 = LINE('',#4845,#4846);
#4845 = CARTESIAN_POINT('',(0.,0.));
#4846 = VECTOR('',#4847,1.);
#4847 = DIRECTION('',(0.,1.));
#4848 = ( GEOMETRIC_REPRESENTATION_CONTEXT(2) 
PARAMETRIC_REPRESENTATION_CONTEXT() REPRESENTATION_CONTEXT('2D SPACE',''
  ) );
#4849 = PCURVE('',#57,#4850);
#4850 = DEFINITIONAL_REPRESENTATION('',(#4851),#4856);
#4851 = B_SPLINE_CURVE_WITH_KNOTS('',3,(#4852,#4853,#4854,#4855),
  .UNSPECIFIED.,.F.,.F.,(4,4),(0.,1.),.PIECEWISE_BEZIER_KNOTS.);
#4852 = CARTESIAN_POINT('',(-27.90633684584,-3.994541682081));
#4853 = CARTESIAN_POINT('',(-27.06691315788,-3.532032628072));
#4854 = CARTESIAN_POINT('',(-27.20978704038,-2.172678439012));
#4855 = CARTESIAN_POINT('',(-28.12702834619,-1.89480231579));
#4856 = ( GEOMETRIC_REPRESENTATION_CONTEXT(2) 
PARAMETRIC_REPRESENTATION_CONTEXT() REPRESENTATION_CONTEXT('2D SPACE',''
  ) );
#4857 = ORIENTED_EDGE('',*,*,#4791,.T.);
#4858 = ORIENTED_EDGE('',*,*,#4859,.T.);
#4859 = EDGE_CURVE('',#4767,#4860,#4862,.T.);
#4860 = VERTEX_POINT('',#4861);
#4861 = CARTESIAN_POINT('',(-27.86949977606,4.243934687954,18.));
#4862 = SURFACE_CURVE('',#4863,(#4868,#4875),.PCURVE_S1.);
#4863 = B_SPLINE_CURVE_WITH_KNOTS('',3,(#4864,#4865,#4866,#4867),
  .UNSPECIFIED.,.F.,.F.,(4,4),(0.,1.),.PIECEWISE_BEZIER_KNOTS.);
#4864 = CARTESIAN_POINT('',(-28.1089593947,2.146252816048,18.));
#4865 = CARTESIAN_POINT('',(-27.18926985451,2.415915387793,18.));
#4866 = CARTESIAN_POINT('',(-27.03424564486,3.773937571721,18.));
#4867 = CARTESIAN_POINT('',(-27.86949977606,4.243934687954,18.));
#4868 = PCURVE('',#4806,#4869);
#4869 = DEFINITIONAL_REPRESENTATION('',(#4870),#4874);
#4870 = LINE('',#4871,#4872);
#4871 = CARTESIAN_POINT('',(1.,0.));
#4872 = VECTOR('',#4873,1.);
#4873 = DIRECTION('',(0.,1.));
#4874 = ( GEOMETRIC_REPRESENTATION_CONTEXT(2) 
PARAMETRIC_REPRESENTATION_CONTEXT() REPRESENTATION_CONTEXT('2D SPACE',''
  ) );
#4875 = PCURVE('',#128,#4876);
#4876 = DEFINITIONAL_REPRESENTATION('',(#4877),#4882);
#4877 = B_SPLINE_CURVE_WITH_KNOTS('',3,(#4878,#4879,#4880,#4881),
  .UNSPECIFIED.,.F.,.F.,(4,4),(0.,1.),.PIECEWISE_BEZIER_KNOTS.);
#4878 = CARTESIAN_POINT('',(28.108959394704,2.146252816048));
#4879 = CARTESIAN_POINT('',(27.189269854511,2.415915387793));
#4880 = CARTESIAN_POINT('',(27.034245644869,3.773937571721));
#4881 = CARTESIAN_POINT('',(27.869499776062,4.243934687954));
#4882 = ( GEOMETRIC_REPRESENTATION_CONTEXT(2) 
PARAMETRIC_REPRESENTATION_CONTEXT() REPRESENTATION_CONTEXT('2D SPACE',''
  ) );
#4883 = ORIENTED_EDGE('',*,*,#4884,.F.);
#4884 = EDGE_CURVE('',#4834,#4860,#4885,.T.);
#4885 = SURFACE_CURVE('',#4886,(#4891,#4898),.PCURVE_S1.);
#4886 = B_SPLINE_CURVE_WITH_KNOTS('',3,(#4887,#4888,#4889,#4890),
  .UNSPECIFIED.,.F.,.F.,(4,4),(0.,1.),.PIECEWISE_BEZIER_KNOTS.);
#4887 = CARTESIAN_POINT('',(-28.12702834619,-1.89480231579,0.));
#4888 = CARTESIAN_POINT('',(-28.26515165162,0.152682642342,
    6.000000849768));
#4889 = CARTESIAN_POINT('',(-28.1786256523,2.215212456126,
    11.999999150232));
#4890 = CARTESIAN_POINT('',(-27.86949977606,4.243934687954,18.));
#4891 = PCURVE('',#4806,#4892);
#4892 = DEFINITIONAL_REPRESENTATION('',(#4893),#4897);
#4893 = LINE('',#4894,#4895);
#4894 = CARTESIAN_POINT('',(0.,1.));
#4895 = VECTOR('',#4896,1.);
#4896 = DIRECTION('',(1.,0.));
#4897 = ( GEOMETRIC_REPRESENTATION_CONTEXT(2) 
PARAMETRIC_REPRESENTATION_CONTEXT() REPRESENTATION_CONTEXT('2D SPACE',''
  ) );
#4898 = PCURVE('',#4899,#4916);
#4899 = B_SPLINE_SURFACE_WITH_KNOTS('',3,3,(
    (#4900,#4901,#4902,#4903)
    ,(#4904,#4905,#4906,#4907)
    ,(#4908,#4909,#4910,#4911)
    ,(#4912,#4913,#4914,#4915
    )),.UNSPECIFIED.,.F.,.F.,.F.,(4,4),(4,4),(0.,1.),(0.,1.),
  .PIECEWISE_BEZIER_KNOTS.);
#4900 = CARTESIAN_POINT('',(-28.12702834619,-1.89480231579,0.));
#4901 = CARTESIAN_POINT('',(-29.48707632025,-1.85644406524,0.));
#4902 = CARTESIAN_POINT('',(-30.78549189121,-1.329485418995,0.));
#4903 = CARTESIAN_POINT('',(-31.9915041463,-0.737334698075,0.));
#4904 = CARTESIAN_POINT('',(-28.26515165034,0.152682688993,
    6.000000986407));
#4905 = CARTESIAN_POINT('',(-29.62241662139,0.290045453143,
    6.000000986407));
#4906 = CARTESIAN_POINT('',(-30.88248126145,0.911525433653,
    6.000000986407));
#4907 = CARTESIAN_POINT('',(-32.04539631962,1.591471463878,
    6.000000986407));
#4908 = CARTESIAN_POINT('',(-28.17862565493,2.215212409531,
    11.999999013593));
#4909 = CARTESIAN_POINT('',(-29.52224539085,2.451269046519,
    11.999999013593));
#4910 = CARTESIAN_POINT('',(-30.7335906488,3.1630575891,11.999999013593)
  );
#4911 = CARTESIAN_POINT('',(-31.84377826563,3.926065775135,
    11.999999013593));
#4912 = CARTESIAN_POINT('',(-27.86949977606,4.243934687954,18.));
#4913 = CARTESIAN_POINT('',(-29.18893523966,4.576036938021,18.));
#4914 = CARTESIAN_POINT('',(-30.34234660982,5.371782262206,18.));
#4915 = CARTESIAN_POINT('',(-31.39142541954,6.211152077428,18.));
#4916 = DEFINITIONAL_REPRESENTATION('',(#4917),#4921);
#4917 = LINE('',#4918,#4919);
#4918 = CARTESIAN_POINT('',(0.,0.));
#4919 = VECTOR('',#4920,1.);
#4920 = DIRECTION('',(1.,0.));
#4921 = ( GEOMETRIC_REPRESENTATION_CONTEXT(2) 
PARAMETRIC_REPRESENTATION_CONTEXT() REPRESENTATION_CONTEXT('2D SPACE',''
  ) );
#4922 = ADVANCED_FACE('',(#4923),#4899,.T.);
#4923 = FACE_BOUND('',#4924,.T.);
#4924 = EDGE_LOOP('',(#4925,#4950,#4951,#4976));
#4925 = ORIENTED_EDGE('',*,*,#4926,.F.);
#4926 = EDGE_CURVE('',#4834,#4927,#4929,.T.);
#4927 = VERTEX_POINT('',#4928);
#4928 = CARTESIAN_POINT('',(-31.9915041463,-0.737334698075,0.));
#4929 = SURFACE_CURVE('',#4930,(#4935,#4942),.PCURVE_S1.);
#4930 = B_SPLINE_CURVE_WITH_KNOTS('',3,(#4931,#4932,#4933,#4934),
  .UNSPECIFIED.,.F.,.F.,(4,4),(0.,1.),.PIECEWISE_BEZIER_KNOTS.);
#4931 = CARTESIAN_POINT('',(-28.12702834619,-1.89480231579,0.));
#4932 = CARTESIAN_POINT('',(-29.48707632025,-1.85644406524,0.));
#4933 = CARTESIAN_POINT('',(-30.78549189121,-1.329485418995,0.));
#4934 = CARTESIAN_POINT('',(-31.9915041463,-0.737334698075,0.));
#4935 = PCURVE('',#4899,#4936);
#4936 = DEFINITIONAL_REPRESENTATION('',(#4937),#4941);
#4937 = LINE('',#4938,#4939);
#4938 = CARTESIAN_POINT('',(0.,0.));
#4939 = VECTOR('',#4940,1.);
#4940 = DIRECTION('',(0.,1.));
#4941 = ( GEOMETRIC_REPRESENTATION_CONTEXT(2) 
PARAMETRIC_REPRESENTATION_CONTEXT() REPRESENTATION_CONTEXT('2D SPACE',''
  ) );
#4942 = PCURVE('',#57,#4943);
#4943 = DEFINITIONAL_REPRESENTATION('',(#4944),#4949);
#4944 = B_SPLINE_CURVE_WITH_KNOTS('',3,(#4945,#4946,#4947,#4948),
  .UNSPECIFIED.,.F.,.F.,(4,4),(0.,1.),.PIECEWISE_BEZIER_KNOTS.);
#4945 = CARTESIAN_POINT('',(-28.12702834619,-1.89480231579));
#4946 = CARTESIAN_POINT('',(-29.48707632025,-1.85644406524));
#4947 = CARTESIAN_POINT('',(-30.78549189121,-1.329485418995));
#4948 = CARTESIAN_POINT('',(-31.9915041463,-0.737334698075));
#4949 = ( GEOMETRIC_REPRESENTATION_CONTEXT(2) 
PARAMETRIC_REPRESENTATION_CONTEXT() REPRESENTATION_CONTEXT('2D SPACE',''
  ) );
#4950 = ORIENTED_EDGE('',*,*,#4884,.T.);
#4951 = ORIENTED_EDGE('',*,*,#4952,.T.);
#4952 = EDGE_CURVE('',#4860,#4953,#4955,.T.);
#4953 = VERTEX_POINT('',#4954);
#4954 = CARTESIAN_POINT('',(-31.39142541954,6.211152077428,18.));
#4955 = SURFACE_CURVE('',#4956,(#4961,#4968),.PCURVE_S1.);
#4956 = B_SPLINE_CURVE_WITH_KNOTS('',3,(#4957,#4958,#4959,#4960),
  .UNSPECIFIED.,.F.,.F.,(4,4),(0.,1.),.PIECEWISE_BEZIER_KNOTS.);
#4957 = CARTESIAN_POINT('',(-27.86949977606,4.243934687954,18.));
#4958 = CARTESIAN_POINT('',(-29.18893523966,4.576036938021,18.));
#4959 = CARTESIAN_POINT('',(-30.34234660982,5.371782262206,18.));
#4960 = CARTESIAN_POINT('',(-31.39142541954,6.211152077428,18.));
#4961 = PCURVE('',#4899,#4962);
#4962 = DEFINITIONAL_REPRESENTATION('',(#4963),#4967);
#4963 = LINE('',#4964,#4965);
#4964 = CARTESIAN_POINT('',(1.,0.));
#4965 = VECTOR('',#4966,1.);
#4966 = DIRECTION('',(0.,1.));
#4967 = ( GEOMETRIC_REPRESENTATION_CONTEXT(2) 
PARAMETRIC_REPRESENTATION_CONTEXT() REPRESENTATION_CONTEXT('2D SPACE',''
  ) );
#4968 = PCURVE('',#128,#4969);
#4969 = DEFINITIONAL_REPRESENTATION('',(#4970),#4975);
#4970 = B_SPLINE_CURVE_WITH_KNOTS('',3,(#4971,#4972,#4973,#4974),
  .UNSPECIFIED.,.F.,.F.,(4,4),(0.,1.),.PIECEWISE_BEZIER_KNOTS.);
#4971 = CARTESIAN_POINT('',(27.869499776062,4.243934687954));
#4972 = CARTESIAN_POINT('',(29.188935239668,4.576036938021));
#4973 = CARTESIAN_POINT('',(30.342346609823,5.371782262206));
#4974 = CARTESIAN_POINT('',(31.391425419548,6.211152077428));
#4975 = ( GEOMETRIC_REPRESENTATION_CONTEXT(2) 
PARAMETRIC_REPRESENTATION_CONTEXT() REPRESENTATION_CONTEXT('2D SPACE',''
  ) );
#4976 = ORIENTED_EDGE('',*,*,#4977,.F.);
#4977 = EDGE_CURVE('',#4927,#4953,#4978,.T.);
#4978 = SURFACE_CURVE('',#4979,(#4984,#4991),.PCURVE_S1.);
#4979 = B_SPLINE_CURVE_WITH_KNOTS('',3,(#4980,#4981,#4982,#4983),
  .UNSPECIFIED.,.F.,.F.,(4,4),(0.,1.),.PIECEWISE_BEZIER_KNOTS.);
#4980 = CARTESIAN_POINT('',(-31.9915041463,-0.737334698075,0.));
#4981 = CARTESIAN_POINT('',(-32.04539631962,1.591471463878,
    6.000000986407));
#4982 = CARTESIAN_POINT('',(-31.84377826563,3.926065775135,
    11.999999013593));
#4983 = CARTESIAN_POINT('',(-31.39142541954,6.211152077428,18.));
#4984 = PCURVE('',#4899,#4985);
#4985 = DEFINITIONAL_REPRESENTATION('',(#4986),#4990);
#4986 = LINE('',#4987,#4988);
#4987 = CARTESIAN_POINT('',(0.,1.));
#4988 = VECTOR('',#4989,1.);
#4989 = DIRECTION('',(1.,0.));
#4990 = ( GEOMETRIC_REPRESENTATION_CONTEXT(2) 
PARAMETRIC_REPRESENTATION_CONTEXT() REPRESENTATION_CONTEXT('2D SPACE',''
  ) );
#4991 = PCURVE('',#4992,#5009);
#4992 = B_SPLINE_SURFACE_WITH_KNOTS('',3,3,(
    (#4993,#4994,#4995,#4996)
    ,(#4997,#4998,#4999,#5000)
    ,(#5001,#5002,#5003,#5004)
    ,(#5005,#5006,#5007,#5008
    )),.UNSPECIFIED.,.F.,.F.,.F.,(4,4),(4,4),(0.,1.),(0.,1.),
  .PIECEWISE_BEZIER_KNOTS.);
#4993 = CARTESIAN_POINT('',(-31.9915041463,-0.737334698075,0.));
#4994 = CARTESIAN_POINT('',(-32.00283187963,-0.245865242961,0.));
#4995 = CARTESIAN_POINT('',(-32.00283187963,0.245865242961,0.));
#4996 = CARTESIAN_POINT('',(-31.9915041463,0.737334698075,0.));
#4997 = CARTESIAN_POINT('',(-32.04539631664,1.591471505328,
    6.000001093596));
#4998 = CARTESIAN_POINT('',(-32.02094776667,2.08376891014,6.000001093596
    ));
#4999 = CARTESIAN_POINT('',(-31.98515240447,2.575502748844,
    6.000001093596));
#5000 = CARTESIAN_POINT('',(-31.93804823336,3.066150956264,
    6.000001093596));
#5001 = CARTESIAN_POINT('',(-31.84377826981,3.926065733788,
    11.999998906404));
#5002 = CARTESIAN_POINT('',(-31.78346451457,4.415265812804,
    11.999998906404));
#5003 = CARTESIAN_POINT('',(-31.71187534072,4.903075679729,
    11.999998906404));
#5004 = CARTESIAN_POINT('',(-31.62908675323,5.388977435398,
    11.999998906404));
#5005 = CARTESIAN_POINT('',(-31.39142541954,6.211152077428,18.));
#5006 = CARTESIAN_POINT('',(-31.29600702052,6.693402916702,18.));
#5007 = CARTESIAN_POINT('',(-31.18947337803,7.173454428316,18.));
#5008 = CARTESIAN_POINT('',(-31.07193759696,7.650796950014,18.));
#5009 = DEFINITIONAL_REPRESENTATION('',(#5010),#5014);
#5010 = LINE('',#5011,#5012);
#5011 = CARTESIAN_POINT('',(0.,0.));
#5012 = VECTOR('',#5013,1.);
#5013 = DIRECTION('',(1.,0.));
#5014 = ( GEOMETRIC_REPRESENTATION_CONTEXT(2) 
PARAMETRIC_REPRESENTATION_CONTEXT() REPRESENTATION_CONTEXT('2D SPACE',''
  ) );
#5015 = ADVANCED_FACE('',(#5016),#4992,.T.);
#5016 = FACE_BOUND('',#5017,.T.);
#5017 = EDGE_LOOP('',(#5018,#5043,#5044,#5069));
#5018 = ORIENTED_EDGE('',*,*,#5019,.F.);
#5019 = EDGE_CURVE('',#4927,#5020,#5022,.T.);
#5020 = VERTEX_POINT('',#5021);
#5021 = CARTESIAN_POINT('',(-31.9915041463,0.737334698075,0.));
#5022 = SURFACE_CURVE('',#5023,(#5028,#5035),.PCURVE_S1.);
#5023 = B_SPLINE_CURVE_WITH_KNOTS('',3,(#5024,#5025,#5026,#5027),
  .UNSPECIFIED.,.F.,.F.,(4,4),(0.,1.),.PIECEWISE_BEZIER_KNOTS.);
#5024 = CARTESIAN_POINT('',(-31.9915041463,-0.737334698075,0.));
#5025 = CARTESIAN_POINT('',(-32.00283187963,-0.245865242961,0.));
#5026 = CARTESIAN_POINT('',(-32.00283187963,0.245865242961,0.));
#5027 = CARTESIAN_POINT('',(-31.9915041463,0.737334698075,0.));
#5028 = PCURVE('',#4992,#5029);
#5029 = DEFINITIONAL_REPRESENTATION('',(#5030),#5034);
#5030 = LINE('',#5031,#5032);
#5031 = CARTESIAN_POINT('',(0.,0.));
#5032 = VECTOR('',#5033,1.);
#5033 = DIRECTION('',(0.,1.));
#5034 = ( GEOMETRIC_REPRESENTATION_CONTEXT(2) 
PARAMETRIC_REPRESENTATION_CONTEXT() REPRESENTATION_CONTEXT('2D SPACE',''
  ) );
#5035 = PCURVE('',#57,#5036);
#5036 = DEFINITIONAL_REPRESENTATION('',(#5037),#5042);
#5037 = B_SPLINE_CURVE_WITH_KNOTS('',3,(#5038,#5039,#5040,#5041),
  .UNSPECIFIED.,.F.,.F.,(4,4),(0.,1.),.PIECEWISE_BEZIER_KNOTS.);
#5038 = CARTESIAN_POINT('',(-31.9915041463,-0.737334698075));
#5039 = CARTESIAN_POINT('',(-32.00283187963,-0.245865242961));
#5040 = CARTESIAN_POINT('',(-32.00283187963,0.245865242961));
#5041 = CARTESIAN_POINT('',(-31.9915041463,0.737334698075));
#5042 = ( GEOMETRIC_REPRESENTATION_CONTEXT(2) 
PARAMETRIC_REPRESENTATION_CONTEXT() REPRESENTATION_CONTEXT('2D SPACE',''
  ) );
#5043 = ORIENTED_EDGE('',*,*,#4977,.T.);
#5044 = ORIENTED_EDGE('',*,*,#5045,.T.);
#5045 = EDGE_CURVE('',#4953,#5046,#5048,.T.);
#5046 = VERTEX_POINT('',#5047);
#5047 = CARTESIAN_POINT('',(-31.07193759696,7.650796950014,18.));
#5048 = SURFACE_CURVE('',#5049,(#5054,#5061),.PCURVE_S1.);
#5049 = B_SPLINE_CURVE_WITH_KNOTS('',3,(#5050,#5051,#5052,#5053),
  .UNSPECIFIED.,.F.,.F.,(4,4),(0.,1.),.PIECEWISE_BEZIER_KNOTS.);
#5050 = CARTESIAN_POINT('',(-31.39142541954,6.211152077428,18.));
#5051 = CARTESIAN_POINT('',(-31.29600702052,6.693402916702,18.));
#5052 = CARTESIAN_POINT('',(-31.18947337803,7.173454428316,18.));
#5053 = CARTESIAN_POINT('',(-31.07193759696,7.650796950014,18.));
#5054 = PCURVE('',#4992,#5055);
#5055 = DEFINITIONAL_REPRESENTATION('',(#5056),#5060);
#5056 = LINE('',#5057,#5058);
#5057 = CARTESIAN_POINT('',(1.,0.));
#5058 = VECTOR('',#5059,1.);
#5059 = DIRECTION('',(0.,1.));
#5060 = ( GEOMETRIC_REPRESENTATION_CONTEXT(2) 
PARAMETRIC_REPRESENTATION_CONTEXT() REPRESENTATION_CONTEXT('2D SPACE',''
  ) );
#5061 = PCURVE('',#128,#5062);
#5062 = DEFINITIONAL_REPRESENTATION('',(#5063),#5068);
#5063 = B_SPLINE_CURVE_WITH_KNOTS('',3,(#5064,#5065,#5066,#5067),
  .UNSPECIFIED.,.F.,.F.,(4,4),(0.,1.),.PIECEWISE_BEZIER_KNOTS.);
#5064 = CARTESIAN_POINT('',(31.391425419548,6.211152077428));
#5065 = CARTESIAN_POINT('',(31.296007020526,6.693402916702));
#5066 = CARTESIAN_POINT('',(31.189473378032,7.173454428316));
#5067 = CARTESIAN_POINT('',(31.071937596964,7.650796950014));
#5068 = ( GEOMETRIC_REPRESENTATION_CONTEXT(2) 
PARAMETRIC_REPRESENTATION_CONTEXT() REPRESENTATION_CONTEXT('2D SPACE',''
  ) );
#5069 = ORIENTED_EDGE('',*,*,#5070,.F.);
#5070 = EDGE_CURVE('',#5020,#5046,#5071,.T.);
#5071 = SURFACE_CURVE('',#5072,(#5077,#5084),.PCURVE_S1.);
#5072 = B_SPLINE_CURVE_WITH_KNOTS('',3,(#5073,#5074,#5075,#5076),
  .UNSPECIFIED.,.F.,.F.,(4,4),(0.,1.),.PIECEWISE_BEZIER_KNOTS.);
#5073 = CARTESIAN_POINT('',(-31.9915041463,0.737334698075,0.));
#5074 = CARTESIAN_POINT('',(-31.93804823824,3.066150914995,
    6.000000986407));
#5075 = CARTESIAN_POINT('',(-31.62908674716,5.388977476509,
    11.999999013593));
#5076 = CARTESIAN_POINT('',(-31.07193759696,7.650796950014,18.));
#5077 = PCURVE('',#4992,#5078);
#5078 = DEFINITIONAL_REPRESENTATION('',(#5079),#5083);
#5079 = LINE('',#5080,#5081);
#5080 = CARTESIAN_POINT('',(0.,1.));
#5081 = VECTOR('',#5082,1.);
#5082 = DIRECTION('',(1.,0.));
#5083 = ( GEOMETRIC_REPRESENTATION_CONTEXT(2) 
PARAMETRIC_REPRESENTATION_CONTEXT() REPRESENTATION_CONTEXT('2D SPACE',''
  ) );
#5084 = PCURVE('',#5085,#5102);
#5085 = B_SPLINE_SURFACE_WITH_KNOTS('',3,3,(
    (#5086,#5087,#5088,#5089)
    ,(#5090,#5091,#5092,#5093)
    ,(#5094,#5095,#5096,#5097)
    ,(#5098,#5099,#5100,#5101
    )),.UNSPECIFIED.,.F.,.F.,.F.,(4,4),(4,4),(0.,1.),(0.,1.),
  .PIECEWISE_BEZIER_KNOTS.);
#5086 = CARTESIAN_POINT('',(-31.9915041463,0.737334698075,0.));
#5087 = CARTESIAN_POINT('',(-30.78549189121,1.329485418995,0.));
#5088 = CARTESIAN_POINT('',(-29.48707632025,1.85644406524,0.));
#5089 = CARTESIAN_POINT('',(-28.12702834619,1.89480231579,0.));
#5090 = CARTESIAN_POINT('',(-31.93804823824,3.066150914995,
    6.000000986407));
#5091 = CARTESIAN_POINT('',(-30.68892233994,3.570514401716,
    6.000000986407));
#5092 = CARTESIAN_POINT('',(-29.3521381317,4.002958899783,6.000000986407
    ));
#5093 = CARTESIAN_POINT('',(-27.98928860779,3.942313159821,
    6.000000986407));
#5094 = CARTESIAN_POINT('',(-31.62908674716,5.388977476509,
    11.999999013593));
#5095 = CARTESIAN_POINT('',(-30.34648117987,5.800828171892,
    11.999999013593));
#5096 = CARTESIAN_POINT('',(-28.98170010474,6.134553927965,
    11.999999013593));
#5097 = CARTESIAN_POINT('',(-27.62691150469,5.974602123315,
    11.999999013593));
#5098 = CARTESIAN_POINT('',(-31.07193759696,7.650796950014,18.));
#5099 = CARTESIAN_POINT('',(-29.76627931937,7.96760051358,18.));
#5100 = CARTESIAN_POINT('',(-28.38453626902,8.200741141882,18.));
#5101 = CARTESIAN_POINT('',(-27.04848013914,7.943533317467,18.));
#5102 = DEFINITIONAL_REPRESENTATION('',(#5103),#5107);
#5103 = LINE('',#5104,#5105);
#5104 = CARTESIAN_POINT('',(0.,0.));
#5105 = VECTOR('',#5106,1.);
#5106 = DIRECTION('',(1.,0.));
#5107 = ( GEOMETRIC_REPRESENTATION_CONTEXT(2) 
PARAMETRIC_REPRESENTATION_CONTEXT() REPRESENTATION_CONTEXT('2D SPACE',''
  ) );
#5108 = ADVANCED_FACE('',(#5109),#5085,.T.);
#5109 = FACE_BOUND('',#5110,.T.);
#5110 = EDGE_LOOP('',(#5111,#5136,#5137,#5162));
#5111 = ORIENTED_EDGE('',*,*,#5112,.F.);
#5112 = EDGE_CURVE('',#5020,#5113,#5115,.T.);
#5113 = VERTEX_POINT('',#5114);
#5114 = CARTESIAN_POINT('',(-28.12702834619,1.89480231579,0.));
#5115 = SURFACE_CURVE('',#5116,(#5121,#5128),.PCURVE_S1.);
#5116 = B_SPLINE_CURVE_WITH_KNOTS('',3,(#5117,#5118,#5119,#5120),
  .UNSPECIFIED.,.F.,.F.,(4,4),(0.,1.),.PIECEWISE_BEZIER_KNOTS.);
#5117 = CARTESIAN_POINT('',(-31.9915041463,0.737334698075,0.));
#5118 = CARTESIAN_POINT('',(-30.78549189121,1.329485418995,0.));
#5119 = CARTESIAN_POINT('',(-29.48707632025,1.85644406524,0.));
#5120 = CARTESIAN_POINT('',(-28.12702834619,1.89480231579,0.));
#5121 = PCURVE('',#5085,#5122);
#5122 = DEFINITIONAL_REPRESENTATION('',(#5123),#5127);
#5123 = LINE('',#5124,#5125);
#5124 = CARTESIAN_POINT('',(0.,0.));
#5125 = VECTOR('',#5126,1.);
#5126 = DIRECTION('',(0.,1.));
#5127 = ( GEOMETRIC_REPRESENTATION_CONTEXT(2) 
PARAMETRIC_REPRESENTATION_CONTEXT() REPRESENTATION_CONTEXT('2D SPACE',''
  ) );
#5128 = PCURVE('',#57,#5129);
#5129 = DEFINITIONAL_REPRESENTATION('',(#5130),#5135);
#5130 = B_SPLINE_CURVE_WITH_KNOTS('',3,(#5131,#5132,#5133,#5134),
  .UNSPECIFIED.,.F.,.F.,(4,4),(0.,1.),.PIECEWISE_BEZIER_KNOTS.);
#5131 = CARTESIAN_POINT('',(-31.9915041463,0.737334698075));
#5132 = CARTESIAN_POINT('',(-30.78549189121,1.329485418995));
#5133 = CARTESIAN_POINT('',(-29.48707632025,1.85644406524));
#5134 = CARTESIAN_POINT('',(-28.12702834619,1.89480231579));
#5135 = ( GEOMETRIC_REPRESENTATION_CONTEXT(2) 
PARAMETRIC_REPRESENTATION_CONTEXT() REPRESENTATION_CONTEXT('2D SPACE',''
  ) );
#5136 = ORIENTED_EDGE('',*,*,#5070,.T.);
#5137 = ORIENTED_EDGE('',*,*,#5138,.T.);
#5138 = EDGE_CURVE('',#5046,#5139,#5141,.T.);
#5139 = VERTEX_POINT('',#5140);
#5140 = CARTESIAN_POINT('',(-27.04848013914,7.943533317467,18.));
#5141 = SURFACE_CURVE('',#5142,(#5147,#5154),.PCURVE_S1.);
#5142 = B_SPLINE_CURVE_WITH_KNOTS('',3,(#5143,#5144,#5145,#5146),
  .UNSPECIFIED.,.F.,.F.,(4,4),(0.,1.),.PIECEWISE_BEZIER_KNOTS.);
#5143 = CARTESIAN_POINT('',(-31.07193759696,7.650796950014,18.));
#5144 = CARTESIAN_POINT('',(-29.76627931937,7.96760051358,18.));
#5145 = CARTESIAN_POINT('',(-28.38453626902,8.200741141882,18.));
#5146 = CARTESIAN_POINT('',(-27.04848013914,7.943533317467,18.));
#5147 = PCURVE('',#5085,#5148);
#5148 = DEFINITIONAL_REPRESENTATION('',(#5149),#5153);
#5149 = LINE('',#5150,#5151);
#5150 = CARTESIAN_POINT('',(1.,0.));
#5151 = VECTOR('',#5152,1.);
#5152 = DIRECTION('',(0.,1.));
#5153 = ( GEOMETRIC_REPRESENTATION_CONTEXT(2) 
PARAMETRIC_REPRESENTATION_CONTEXT() REPRESENTATION_CONTEXT('2D SPACE',''
  ) );
#5154 = PCURVE('',#128,#5155);
#5155 = DEFINITIONAL_REPRESENTATION('',(#5156),#5161);
#5156 = B_SPLINE_CURVE_WITH_KNOTS('',3,(#5157,#5158,#5159,#5160),
  .UNSPECIFIED.,.F.,.F.,(4,4),(0.,1.),.PIECEWISE_BEZIER_KNOTS.);
#5157 = CARTESIAN_POINT('',(31.071937596964,7.650796950014));
#5158 = CARTESIAN_POINT('',(29.766279319377,7.96760051358));
#5159 = CARTESIAN_POINT('',(28.384536269023,8.200741141882));
#5160 = CARTESIAN_POINT('',(27.048480139147,7.943533317467));
#5161 = ( GEOMETRIC_REPRESENTATION_CONTEXT(2) 
PARAMETRIC_REPRESENTATION_CONTEXT() REPRESENTATION_CONTEXT('2D SPACE',''
  ) );
#5162 = ORIENTED_EDGE('',*,*,#5163,.F.);
#5163 = EDGE_CURVE('',#5113,#5139,#5164,.T.);
#5164 = SURFACE_CURVE('',#5165,(#5170,#5177),.PCURVE_S1.);
#5165 = B_SPLINE_CURVE_WITH_KNOTS('',3,(#5166,#5167,#5168,#5169),
  .UNSPECIFIED.,.F.,.F.,(4,4),(0.,1.),.PIECEWISE_BEZIER_KNOTS.);
#5166 = CARTESIAN_POINT('',(-28.12702834619,1.89480231579,0.));
#5167 = CARTESIAN_POINT('',(-27.98928861532,3.942313113763,
    6.000000849768));
#5168 = CARTESIAN_POINT('',(-27.62691149584,5.974602169136,
    11.999999150232));
#5169 = CARTESIAN_POINT('',(-27.04848013914,7.943533317467,18.));
#5170 = PCURVE('',#5085,#5171);
#5171 = DEFINITIONAL_REPRESENTATION('',(#5172),#5176);
#5172 = LINE('',#5173,#5174);
#5173 = CARTESIAN_POINT('',(0.,1.));
#5174 = VECTOR('',#5175,1.);
#5175 = DIRECTION('',(1.,0.));
#5176 = ( GEOMETRIC_REPRESENTATION_CONTEXT(2) 
PARAMETRIC_REPRESENTATION_CONTEXT() REPRESENTATION_CONTEXT('2D SPACE',''
  ) );
#5177 = PCURVE('',#5178,#5195);
#5178 = B_SPLINE_SURFACE_WITH_KNOTS('',3,3,(
    (#5179,#5180,#5181,#5182)
    ,(#5183,#5184,#5185,#5186)
    ,(#5187,#5188,#5189,#5190)
    ,(#5191,#5192,#5193,#5194
    )),.UNSPECIFIED.,.F.,.F.,.F.,(4,4),(4,4),(0.,1.),(0.,1.),
  .PIECEWISE_BEZIER_KNOTS.);
#5179 = CARTESIAN_POINT('',(-28.12702834619,1.89480231579,0.));
#5180 = CARTESIAN_POINT('',(-27.20978704038,2.172678439012,0.));
#5181 = CARTESIAN_POINT('',(-27.06691315788,3.532032628072,0.));
#5182 = CARTESIAN_POINT('',(-27.90633684584,3.994541682081,0.));
#5183 = CARTESIAN_POINT('',(-27.98928861532,3.942313113763,
    6.000000849768));
#5184 = CARTESIAN_POINT('',(-27.0518131532,4.153420849259,6.000000849768
    ));
#5185 = CARTESIAN_POINT('',(-26.80998455054,5.502383849431,
    6.000000849768));
#5186 = CARTESIAN_POINT('',(-27.61574576608,6.02600163139,6.000000849768
    ));
#5187 = CARTESIAN_POINT('',(-27.62691149584,5.974602169136,
    11.999999150232));
#5188 = CARTESIAN_POINT('',(-26.67652852176,6.116725075925,
    11.999999150232));
#5189 = CARTESIAN_POINT('',(-26.33689057031,7.444440523916,
    11.999999150232));
#5190 = CARTESIAN_POINT('',(-27.1022865065,8.025470453367,
    11.999999150232));
#5191 = CARTESIAN_POINT('',(-27.04848013914,7.943533317467,18.));
#5192 = CARTESIAN_POINT('',(-26.09282202074,8.016088907698,18.));
#5193 = CARTESIAN_POINT('',(-25.6588367736,9.312203703105,18.));
#5194 = CARTESIAN_POINT('',(-26.37812070291,9.945589353379,18.));
#5195 = DEFINITIONAL_REPRESENTATION('',(#5196),#5200);
#5196 = LINE('',#5197,#5198);
#5197 = CARTESIAN_POINT('',(0.,0.));
#5198 = VECTOR('',#5199,1.);
#5199 = DIRECTION('',(1.,0.));
#5200 = ( GEOMETRIC_REPRESENTATION_CONTEXT(2) 
PARAMETRIC_REPRESENTATION_CONTEXT() REPRESENTATION_CONTEXT('2D SPACE',''
  ) );
#5201 = ADVANCED_FACE('',(#5202),#5178,.T.);
#5202 = FACE_BOUND('',#5203,.T.);
#5203 = EDGE_LOOP('',(#5204,#5229,#5230,#5255));
#5204 = ORIENTED_EDGE('',*,*,#5205,.F.);
#5205 = EDGE_CURVE('',#5113,#5206,#5208,.T.);
#5206 = VERTEX_POINT('',#5207);
#5207 = CARTESIAN_POINT('',(-27.90633684584,3.994541682081,0.));
#5208 = SURFACE_CURVE('',#5209,(#5214,#5221),.PCURVE_S1.);
#5209 = B_SPLINE_CURVE_WITH_KNOTS('',3,(#5210,#5211,#5212,#5213),
  .UNSPECIFIED.,.F.,.F.,(4,4),(0.,1.),.PIECEWISE_BEZIER_KNOTS.);
#5210 = CARTESIAN_POINT('',(-28.12702834619,1.89480231579,0.));
#5211 = CARTESIAN_POINT('',(-27.20978704038,2.172678439012,0.));
#5212 = CARTESIAN_POINT('',(-27.06691315788,3.532032628072,0.));
#5213 = CARTESIAN_POINT('',(-27.90633684584,3.994541682081,0.));
#5214 = PCURVE('',#5178,#5215);
#5215 = DEFINITIONAL_REPRESENTATION('',(#5216),#5220);
#5216 = LINE('',#5217,#5218);
#5217 = CARTESIAN_POINT('',(0.,0.));
#5218 = VECTOR('',#5219,1.);
#5219 = DIRECTION('',(0.,1.));
#5220 = ( GEOMETRIC_REPRESENTATION_CONTEXT(2) 
PARAMETRIC_REPRESENTATION_CONTEXT() REPRESENTATION_CONTEXT('2D SPACE',''
  ) );
#5221 = PCURVE('',#57,#5222);
#5222 = DEFINITIONAL_REPRESENTATION('',(#5223),#5228);
#5223 = B_SPLINE_CURVE_WITH_KNOTS('',3,(#5224,#5225,#5226,#5227),
  .UNSPECIFIED.,.F.,.F.,(4,4),(0.,1.),.PIECEWISE_BEZIER_KNOTS.);
#5224 = CARTESIAN_POINT('',(-28.12702834619,1.89480231579));
#5225 = CARTESIAN_POINT('',(-27.20978704038,2.172678439012));
#5226 = CARTESIAN_POINT('',(-27.06691315788,3.532032628072));
#5227 = CARTESIAN_POINT('',(-27.90633684584,3.994541682081));
#5228 = ( GEOMETRIC_REPRESENTATION_CONTEXT(2) 
PARAMETRIC_REPRESENTATION_CONTEXT() REPRESENTATION_CONTEXT('2D SPACE',''
  ) );
#5229 = ORIENTED_EDGE('',*,*,#5163,.T.);
#5230 = ORIENTED_EDGE('',*,*,#5231,.T.);
#5231 = EDGE_CURVE('',#5139,#5232,#5234,.T.);
#5232 = VERTEX_POINT('',#5233);
#5233 = CARTESIAN_POINT('',(-26.37812070291,9.945589353379,18.));
#5234 = SURFACE_CURVE('',#5235,(#5240,#5247),.PCURVE_S1.);
#5235 = B_SPLINE_CURVE_WITH_KNOTS('',3,(#5236,#5237,#5238,#5239),
  .UNSPECIFIED.,.F.,.F.,(4,4),(0.,1.),.PIECEWISE_BEZIER_KNOTS.);
#5236 = CARTESIAN_POINT('',(-27.04848013914,7.943533317467,18.));
#5237 = CARTESIAN_POINT('',(-26.09282202074,8.016088907698,18.));
#5238 = CARTESIAN_POINT('',(-25.6588367736,9.312203703105,18.));
#5239 = CARTESIAN_POINT('',(-26.37812070291,9.945589353379,18.));
#5240 = PCURVE('',#5178,#5241);
#5241 = DEFINITIONAL_REPRESENTATION('',(#5242),#5246);
#5242 = LINE('',#5243,#5244);
#5243 = CARTESIAN_POINT('',(1.,0.));
#5244 = VECTOR('',#5245,1.);
#5245 = DIRECTION('',(0.,1.));
#5246 = ( GEOMETRIC_REPRESENTATION_CONTEXT(2) 
PARAMETRIC_REPRESENTATION_CONTEXT() REPRESENTATION_CONTEXT('2D SPACE',''
  ) );
#5247 = PCURVE('',#128,#5248);
#5248 = DEFINITIONAL_REPRESENTATION('',(#5249),#5254);
#5249 = B_SPLINE_CURVE_WITH_KNOTS('',3,(#5250,#5251,#5252,#5253),
  .UNSPECIFIED.,.F.,.F.,(4,4),(0.,1.),.PIECEWISE_BEZIER_KNOTS.);
#5250 = CARTESIAN_POINT('',(27.048480139147,7.943533317467));
#5251 = CARTESIAN_POINT('',(26.092822020745,8.016088907698));
#5252 = CARTESIAN_POINT('',(25.6588367736,9.312203703105));
#5253 = CARTESIAN_POINT('',(26.378120702914,9.945589353379));
#5254 = ( GEOMETRIC_REPRESENTATION_CONTEXT(2) 
PARAMETRIC_REPRESENTATION_CONTEXT() REPRESENTATION_CONTEXT('2D SPACE',''
  ) );
#5255 = ORIENTED_EDGE('',*,*,#5256,.F.);
#5256 = EDGE_CURVE('',#5206,#5232,#5257,.T.);
#5257 = SURFACE_CURVE('',#5258,(#5263,#5270),.PCURVE_S1.);
#5258 = B_SPLINE_CURVE_WITH_KNOTS('',3,(#5259,#5260,#5261,#5262),
  .UNSPECIFIED.,.F.,.F.,(4,4),(0.,1.),.PIECEWISE_BEZIER_KNOTS.);
#5259 = CARTESIAN_POINT('',(-27.90633684584,3.994541682081,0.));
#5260 = CARTESIAN_POINT('',(-27.61574576608,6.02600163139,6.000000849768
    ));
#5261 = CARTESIAN_POINT('',(-27.1022865065,8.025470453367,
    11.999999150232));
#5262 = CARTESIAN_POINT('',(-26.37812070291,9.945589353379,18.));
#5263 = PCURVE('',#5178,#5264);
#5264 = DEFINITIONAL_REPRESENTATION('',(#5265),#5269);
#5265 = LINE('',#5266,#5267);
#5266 = CARTESIAN_POINT('',(0.,1.));
#5267 = VECTOR('',#5268,1.);
#5268 = DIRECTION('',(1.,0.));
#5269 = ( GEOMETRIC_REPRESENTATION_CONTEXT(2) 
PARAMETRIC_REPRESENTATION_CONTEXT() REPRESENTATION_CONTEXT('2D SPACE',''
  ) );
#5270 = PCURVE('',#5271,#5288);
#5271 = B_SPLINE_SURFACE_WITH_KNOTS('',3,3,(
    (#5272,#5273,#5274,#5275)
    ,(#5276,#5277,#5278,#5279)
    ,(#5280,#5281,#5282,#5283)
    ,(#5284,#5285,#5286,#5287
    )),.UNSPECIFIED.,.F.,.F.,.F.,(4,4),(4,4),(0.,1.),(0.,1.),
  .PIECEWISE_BEZIER_KNOTS.);
#5272 = CARTESIAN_POINT('',(-27.90633684584,3.994541682081,0.));
#5273 = CARTESIAN_POINT('',(-29.22868937982,4.314831586704,0.));
#5274 = CARTESIAN_POINT('',(-30.38917059218,5.100230698957,0.));
#5275 = CARTESIAN_POINT('',(-31.44571352834,5.930185553001,0.));
#5276 = CARTESIAN_POINT('',(-27.61574575513,6.026001676755,
    6.000000986407));
#5277 = CARTESIAN_POINT('',(-28.91479190557,6.442553989957,
    6.000000986407));
#5278 = CARTESIAN_POINT('',(-30.01810815646,7.312435311651,
    6.000000986407));
#5279 = CARTESIAN_POINT('',(-31.01424200165,8.219306525766,
    6.000000986407));
#5280 = CARTESIAN_POINT('',(-27.10228651876,8.025470408337,
    11.999999013593));
#5281 = CARTESIAN_POINT('',(-28.36746600522,8.535722892555,
    11.999999013593));
#5282 = CARTESIAN_POINT('',(-29.40435130355,9.483809988454,
    11.999999013593));
#5283 = CARTESIAN_POINT('',(-30.33164033526,10.460965599506,
    11.999999013593));
#5284 = CARTESIAN_POINT('',(-26.37812070291,9.945589353379,18.));
#5285 = CARTESIAN_POINT('',(-27.59967539562,10.544760430644,18.));
#5286 = CARTESIAN_POINT('',(-28.56243720419,11.562924518468,18.));
#5287 = CARTESIAN_POINT('',(-29.4140763274,12.602067838487,18.));
#5288 = DEFINITIONAL_REPRESENTATION('',(#5289),#5293);
#5289 = LINE('',#5290,#5291);
#5290 = CARTESIAN_POINT('',(0.,0.));
#5291 = VECTOR('',#5292,1.);
#5292 = DIRECTION('',(1.,0.));
#5293 = ( GEOMETRIC_REPRESENTATION_CONTEXT(2) 
PARAMETRIC_REPRESENTATION_CONTEXT() REPRESENTATION_CONTEXT('2D SPACE',''
  ) );
#5294 = ADVANCED_FACE('',(#5295),#5271,.T.);
#5295 = FACE_BOUND('',#5296,.T.);
#5296 = EDGE_LOOP('',(#5297,#5322,#5323,#5348));
#5297 = ORIENTED_EDGE('',*,*,#5298,.F.);
#5298 = EDGE_CURVE('',#5206,#5299,#5301,.T.);
#5299 = VERTEX_POINT('',#5300);
#5300 = CARTESIAN_POINT('',(-31.44571352834,5.930185553001,0.));
#5301 = SURFACE_CURVE('',#5302,(#5307,#5314),.PCURVE_S1.);
#5302 = B_SPLINE_CURVE_WITH_KNOTS('',3,(#5303,#5304,#5305,#5306),
  .UNSPECIFIED.,.F.,.F.,(4,4),(0.,1.),.PIECEWISE_BEZIER_KNOTS.);
#5303 = CARTESIAN_POINT('',(-27.90633684584,3.994541682081,0.));
#5304 = CARTESIAN_POINT('',(-29.22868937982,4.314831586704,0.));
#5305 = CARTESIAN_POINT('',(-30.38917059218,5.100230698957,0.));
#5306 = CARTESIAN_POINT('',(-31.44571352834,5.930185553001,0.));
#5307 = PCURVE('',#5271,#5308);
#5308 = DEFINITIONAL_REPRESENTATION('',(#5309),#5313);
#5309 = LINE('',#5310,#5311);
#5310 = CARTESIAN_POINT('',(0.,0.));
#5311 = VECTOR('',#5312,1.);
#5312 = DIRECTION('',(0.,1.));
#5313 = ( GEOMETRIC_REPRESENTATION_CONTEXT(2) 
PARAMETRIC_REPRESENTATION_CONTEXT() REPRESENTATION_CONTEXT('2D SPACE',''
  ) );
#5314 = PCURVE('',#57,#5315);
#5315 = DEFINITIONAL_REPRESENTATION('',(#5316),#5321);
#5316 = B_SPLINE_CURVE_WITH_KNOTS('',3,(#5317,#5318,#5319,#5320),
  .UNSPECIFIED.,.F.,.F.,(4,4),(0.,1.),.PIECEWISE_BEZIER_KNOTS.);
#5317 = CARTESIAN_POINT('',(-27.90633684584,3.994541682081));
#5318 = CARTESIAN_POINT('',(-29.22868937982,4.314831586704));
#5319 = CARTESIAN_POINT('',(-30.38917059218,5.100230698957));
#5320 = CARTESIAN_POINT('',(-31.44571352834,5.930185553001));
#5321 = ( GEOMETRIC_REPRESENTATION_CONTEXT(2) 
PARAMETRIC_REPRESENTATION_CONTEXT() REPRESENTATION_CONTEXT('2D SPACE',''
  ) );
#5322 = ORIENTED_EDGE('',*,*,#5256,.T.);
#5323 = ORIENTED_EDGE('',*,*,#5324,.T.);
#5324 = EDGE_CURVE('',#5232,#5325,#5327,.T.);
#5325 = VERTEX_POINT('',#5326);
#5326 = CARTESIAN_POINT('',(-29.4140763274,12.602067838487,18.));
#5327 = SURFACE_CURVE('',#5328,(#5333,#5340),.PCURVE_S1.);
#5328 = B_SPLINE_CURVE_WITH_KNOTS('',3,(#5329,#5330,#5331,#5332),
  .UNSPECIFIED.,.F.,.F.,(4,4),(0.,1.),.PIECEWISE_BEZIER_KNOTS.);
#5329 = CARTESIAN_POINT('',(-26.37812070291,9.945589353379,18.));
#5330 = CARTESIAN_POINT('',(-27.59967539562,10.544760430644,18.));
#5331 = CARTESIAN_POINT('',(-28.56243720419,11.562924518468,18.));
#5332 = CARTESIAN_POINT('',(-29.4140763274,12.602067838487,18.));
#5333 = PCURVE('',#5271,#5334);
#5334 = DEFINITIONAL_REPRESENTATION('',(#5335),#5339);
#5335 = LINE('',#5336,#5337);
#5336 = CARTESIAN_POINT('',(1.,0.));
#5337 = VECTOR('',#5338,1.);
#5338 = DIRECTION('',(0.,1.));
#5339 = ( GEOMETRIC_REPRESENTATION_CONTEXT(2) 
PARAMETRIC_REPRESENTATION_CONTEXT() REPRESENTATION_CONTEXT('2D SPACE',''
  ) );
#5340 = PCURVE('',#128,#5341);
#5341 = DEFINITIONAL_REPRESENTATION('',(#5342),#5347);
#5342 = B_SPLINE_CURVE_WITH_KNOTS('',3,(#5343,#5344,#5345,#5346),
  .UNSPECIFIED.,.F.,.F.,(4,4),(0.,1.),.PIECEWISE_BEZIER_KNOTS.);
#5343 = CARTESIAN_POINT('',(26.378120702914,9.945589353379));
#5344 = CARTESIAN_POINT('',(27.599675395627,10.544760430644));
#5345 = CARTESIAN_POINT('',(28.562437204192,11.562924518468));
#5346 = CARTESIAN_POINT('',(29.414076327401,12.602067838487));
#5347 = ( GEOMETRIC_REPRESENTATION_CONTEXT(2) 
PARAMETRIC_REPRESENTATION_CONTEXT() REPRESENTATION_CONTEXT('2D SPACE',''
  ) );
#5348 = ORIENTED_EDGE('',*,*,#5349,.F.);
#5349 = EDGE_CURVE('',#5299,#5325,#5350,.T.);
#5350 = SURFACE_CURVE('',#5351,(#5356,#5363),.PCURVE_S1.);
#5351 = B_SPLINE_CURVE_WITH_KNOTS('',3,(#5352,#5353,#5354,#5355),
  .UNSPECIFIED.,.F.,.F.,(4,4),(0.,1.),.PIECEWISE_BEZIER_KNOTS.);
#5352 = CARTESIAN_POINT('',(-31.44571352834,5.930185553001,0.));
#5353 = CARTESIAN_POINT('',(-31.01424200165,8.219306525766,
    6.000000986407));
#5354 = CARTESIAN_POINT('',(-30.33164033526,10.460965599506,
    11.999999013593));
#5355 = CARTESIAN_POINT('',(-29.4140763274,12.602067838487,18.));
#5356 = PCURVE('',#5271,#5357);
#5357 = DEFINITIONAL_REPRESENTATION('',(#5358),#5362);
#5358 = LINE('',#5359,#5360);
#5359 = CARTESIAN_POINT('',(0.,1.));
#5360 = VECTOR('',#5361,1.);
#5361 = DIRECTION('',(1.,0.));
#5362 = ( GEOMETRIC_REPRESENTATION_CONTEXT(2) 
PARAMETRIC_REPRESENTATION_CONTEXT() REPRESENTATION_CONTEXT('2D SPACE',''
  ) );
#5363 = PCURVE('',#5364,#5381);
#5364 = B_SPLINE_SURFACE_WITH_KNOTS('',3,3,(
    (#5365,#5366,#5367,#5368)
    ,(#5369,#5370,#5371,#5372)
    ,(#5373,#5374,#5375,#5376)
    ,(#5377,#5378,#5379,#5380
    )),.UNSPECIFIED.,.F.,.F.,.F.,(4,4),(4,4),(0.,1.),(0.,1.),
  .PIECEWISE_BEZIER_KNOTS.);
#5365 = CARTESIAN_POINT('',(-31.44571352834,5.930185553001,0.));
#5366 = CARTESIAN_POINT('',(-31.35461147813,6.413270389546,0.));
#5367 = CARTESIAN_POINT('',(-31.25237496137,6.894255384559,0.));
#5368 = CARTESIAN_POINT('',(-31.13911252079,7.372629884722,0.));
#5369 = CARTESIAN_POINT('',(-31.01424199012,8.219306565691,
    6.000001093596));
#5370 = CARTESIAN_POINT('',(-30.88797331381,8.695762951693,
    6.000001093596));
#5371 = CARTESIAN_POINT('',(-30.75072295232,9.169308951943,
    6.000001093596));
#5372 = CARTESIAN_POINT('',(-30.60263662196,9.639441810974,
    6.000001093596));
#5373 = CARTESIAN_POINT('',(-30.33164034794,10.460965559931,
    11.999998906404));
#5374 = CARTESIAN_POINT('',(-30.17093417738,10.926935508667,
    11.999998906404));
#5375 = CARTESIAN_POINT('',(-29.99948802451,11.389201333435,
    11.999998906404));
#5376 = CARTESIAN_POINT('',(-29.8174839107,11.847272254731,
    11.999998906404));
#5377 = CARTESIAN_POINT('',(-29.4140763274,12.602067838487,18.));
#5378 = CARTESIAN_POINT('',(-29.22047746194,13.053941739199,18.));
#5379 = CARTESIAN_POINT('',(-29.01646351367,13.501353383773,18.));
#5380 = CARTESIAN_POINT('',(-28.80225108064,13.943827763127,18.));
#5381 = DEFINITIONAL_REPRESENTATION('',(#5382),#5386);
#5382 = LINE('',#5383,#5384);
#5383 = CARTESIAN_POINT('',(0.,0.));
#5384 = VECTOR('',#5385,1.);
#5385 = DIRECTION('',(1.,0.));
#5386 = ( GEOMETRIC_REPRESENTATION_CONTEXT(2) 
PARAMETRIC_REPRESENTATION_CONTEXT() REPRESENTATION_CONTEXT('2D SPACE',''
  ) );
#5387 = ADVANCED_FACE('',(#5388),#5364,.T.);
#5388 = FACE_BOUND('',#5389,.T.);
#5389 = EDGE_LOOP('',(#5390,#5415,#5416,#5441));
#5390 = ORIENTED_EDGE('',*,*,#5391,.F.);
#5391 = EDGE_CURVE('',#5299,#5392,#5394,.T.);
#5392 = VERTEX_POINT('',#5393);
#5393 = CARTESIAN_POINT('',(-31.13911252079,7.372629884722,0.));
#5394 = SURFACE_CURVE('',#5395,(#5400,#5407),.PCURVE_S1.);
#5395 = B_SPLINE_CURVE_WITH_KNOTS('',3,(#5396,#5397,#5398,#5399),
  .UNSPECIFIED.,.F.,.F.,(4,4),(0.,1.),.PIECEWISE_BEZIER_KNOTS.);
#5396 = CARTESIAN_POINT('',(-31.44571352834,5.930185553001,0.));
#5397 = CARTESIAN_POINT('',(-31.35461147813,6.413270389546,0.));
#5398 = CARTESIAN_POINT('',(-31.25237496137,6.894255384559,0.));
#5399 = CARTESIAN_POINT('',(-31.13911252079,7.372629884722,0.));
#5400 = PCURVE('',#5364,#5401);
#5401 = DEFINITIONAL_REPRESENTATION('',(#5402),#5406);
#5402 = LINE('',#5403,#5404);
#5403 = CARTESIAN_POINT('',(0.,0.));
#5404 = VECTOR('',#5405,1.);
#5405 = DIRECTION('',(0.,1.));
#5406 = ( GEOMETRIC_REPRESENTATION_CONTEXT(2) 
PARAMETRIC_REPRESENTATION_CONTEXT() REPRESENTATION_CONTEXT('2D SPACE',''
  ) );
#5407 = PCURVE('',#57,#5408);
#5408 = DEFINITIONAL_REPRESENTATION('',(#5409),#5414);
#5409 = B_SPLINE_CURVE_WITH_KNOTS('',3,(#5410,#5411,#5412,#5413),
  .UNSPECIFIED.,.F.,.F.,(4,4),(0.,1.),.PIECEWISE_BEZIER_KNOTS.);
#5410 = CARTESIAN_POINT('',(-31.44571352834,5.930185553001));
#5411 = CARTESIAN_POINT('',(-31.35461147813,6.413270389546));
#5412 = CARTESIAN_POINT('',(-31.25237496137,6.894255384559));
#5413 = CARTESIAN_POINT('',(-31.13911252079,7.372629884722));
#5414 = ( GEOMETRIC_REPRESENTATION_CONTEXT(2) 
PARAMETRIC_REPRESENTATION_CONTEXT() REPRESENTATION_CONTEXT('2D SPACE',''
  ) );
#5415 = ORIENTED_EDGE('',*,*,#5349,.T.);
#5416 = ORIENTED_EDGE('',*,*,#5417,.T.);
#5417 = EDGE_CURVE('',#5325,#5418,#5420,.T.);
#5418 = VERTEX_POINT('',#5419);
#5419 = CARTESIAN_POINT('',(-28.80225108064,13.943827763127,18.));
#5420 = SURFACE_CURVE('',#5421,(#5426,#5433),.PCURVE_S1.);
#5421 = B_SPLINE_CURVE_WITH_KNOTS('',3,(#5422,#5423,#5424,#5425),
  .UNSPECIFIED.,.F.,.F.,(4,4),(0.,1.),.PIECEWISE_BEZIER_KNOTS.);
#5422 = CARTESIAN_POINT('',(-29.4140763274,12.602067838487,18.));
#5423 = CARTESIAN_POINT('',(-29.22047746194,13.053941739199,18.));
#5424 = CARTESIAN_POINT('',(-29.01646351367,13.501353383773,18.));
#5425 = CARTESIAN_POINT('',(-28.80225108064,13.943827763127,18.));
#5426 = PCURVE('',#5364,#5427);
#5427 = DEFINITIONAL_REPRESENTATION('',(#5428),#5432);
#5428 = LINE('',#5429,#5430);
#5429 = CARTESIAN_POINT('',(1.,0.));
#5430 = VECTOR('',#5431,1.);
#5431 = DIRECTION('',(0.,1.));
#5432 = ( GEOMETRIC_REPRESENTATION_CONTEXT(2) 
PARAMETRIC_REPRESENTATION_CONTEXT() REPRESENTATION_CONTEXT('2D SPACE',''
  ) );
#5433 = PCURVE('',#128,#5434);
#5434 = DEFINITIONAL_REPRESENTATION('',(#5435),#5440);
#5435 = B_SPLINE_CURVE_WITH_KNOTS('',3,(#5436,#5437,#5438,#5439),
  .UNSPECIFIED.,.F.,.F.,(4,4),(0.,1.),.PIECEWISE_BEZIER_KNOTS.);
#5436 = CARTESIAN_POINT('',(29.414076327401,12.602067838487));
#5437 = CARTESIAN_POINT('',(29.22047746194,13.053941739199));
#5438 = CARTESIAN_POINT('',(29.016463513678,13.501353383773));
#5439 = CARTESIAN_POINT('',(28.802251080641,13.943827763127));
#5440 = ( GEOMETRIC_REPRESENTATION_CONTEXT(2) 
PARAMETRIC_REPRESENTATION_CONTEXT() REPRESENTATION_CONTEXT('2D SPACE',''
  ) );
#5441 = ORIENTED_EDGE('',*,*,#5442,.F.);
#5442 = EDGE_CURVE('',#5392,#5418,#5443,.T.);
#5443 = SURFACE_CURVE('',#5444,(#5449,#5456),.PCURVE_S1.);
#5444 = B_SPLINE_CURVE_WITH_KNOTS('',3,(#5445,#5446,#5447,#5448),
  .UNSPECIFIED.,.F.,.F.,(4,4),(0.,1.),.PIECEWISE_BEZIER_KNOTS.);
#5445 = CARTESIAN_POINT('',(-31.13911252079,7.372629884722,0.));
#5446 = CARTESIAN_POINT('',(-30.60263663531,9.639441771622,
    6.000000986407));
#5447 = CARTESIAN_POINT('',(-29.81748389621,11.84727229368,
    11.999999013593));
#5448 = CARTESIAN_POINT('',(-28.80225108064,13.943827763127,18.));
#5449 = PCURVE('',#5364,#5450);
#5450 = DEFINITIONAL_REPRESENTATION('',(#5451),#5455);
#5451 = LINE('',#5452,#5453);
#5452 = CARTESIAN_POINT('',(0.,1.));
#5453 = VECTOR('',#5454,1.);
#5454 = DIRECTION('',(1.,0.));
#5455 = ( GEOMETRIC_REPRESENTATION_CONTEXT(2) 
PARAMETRIC_REPRESENTATION_CONTEXT() REPRESENTATION_CONTEXT('2D SPACE',''
  ) );
#5456 = PCURVE('',#5457,#5474);
#5457 = B_SPLINE_SURFACE_WITH_KNOTS('',3,3,(
    (#5458,#5459,#5460,#5461)
    ,(#5462,#5463,#5464,#5465)
    ,(#5466,#5467,#5468,#5469)
    ,(#5470,#5471,#5472,#5473
    )),.UNSPECIFIED.,.F.,.F.,.F.,(4,4),(4,4),(0.,1.),(0.,1.),
  .PIECEWISE_BEZIER_KNOTS.);
#5458 = CARTESIAN_POINT('',(-31.13911252079,7.372629884722,0.));
#5459 = CARTESIAN_POINT('',(-29.83633946941,7.701096644559,0.));
#5460 = CARTESIAN_POINT('',(-28.45673653079,7.946584203327,0.));
#5461 = CARTESIAN_POINT('',(-27.11843373936,7.701334360191,0.));
#5462 = CARTESIAN_POINT('',(-30.60263663531,9.639441771622,
    6.000000986407));
#5463 = CARTESIAN_POINT('',(-29.27594406957,9.873075828497,
    6.000000986407));
#5464 = CARTESIAN_POINT('',(-27.8784615368,10.018137311738,
    6.000000986407));
#5465 = CARTESIAN_POINT('',(-26.55800250316,9.675464477852,
    6.000000986407));
#5466 = CARTESIAN_POINT('',(-29.81748389621,11.84727229368,
    11.999999013593));
#5467 = CARTESIAN_POINT('',(-28.47727776344,11.983454371081,
    11.999999013593));
#5468 = CARTESIAN_POINT('',(-27.07293494306,12.026133477761,
    11.999999013593));
#5469 = CARTESIAN_POINT('',(-25.78100757458,11.588000615274,
    11.999999013593));
#5470 = CARTESIAN_POINT('',(-28.80225108064,13.943827763127,18.));
#5471 = CARTESIAN_POINT('',(-27.45925740448,13.982246788609,18.));
#5472 = CARTESIAN_POINT('',(-26.05923609271,13.923012200941,18.));
#5473 = CARTESIAN_POINT('',(-24.8058525085,13.39364329561,18.));
#5474 = DEFINITIONAL_REPRESENTATION('',(#5475),#5479);
#5475 = LINE('',#5476,#5477);
#5476 = CARTESIAN_POINT('',(0.,0.));
#5477 = VECTOR('',#5478,1.);
#5478 = DIRECTION('',(1.,0.));
#5479 = ( GEOMETRIC_REPRESENTATION_CONTEXT(2) 
PARAMETRIC_REPRESENTATION_CONTEXT() REPRESENTATION_CONTEXT('2D SPACE',''
  ) );
#5480 = ADVANCED_FACE('',(#5481),#5457,.T.);
#5481 = FACE_BOUND('',#5482,.T.);
#5482 = EDGE_LOOP('',(#5483,#5508,#5509,#5534));
#5483 = ORIENTED_EDGE('',*,*,#5484,.F.);
#5484 = EDGE_CURVE('',#5392,#5485,#5487,.T.);
#5485 = VERTEX_POINT('',#5486);
#5486 = CARTESIAN_POINT('',(-27.11843373936,7.701334360191,0.));
#5487 = SURFACE_CURVE('',#5488,(#5493,#5500),.PCURVE_S1.);
#5488 = B_SPLINE_CURVE_WITH_KNOTS('',3,(#5489,#5490,#5491,#5492),
  .UNSPECIFIED.,.F.,.F.,(4,4),(0.,1.),.PIECEWISE_BEZIER_KNOTS.);
#5489 = CARTESIAN_POINT('',(-31.13911252079,7.372629884722,0.));
#5490 = CARTESIAN_POINT('',(-29.83633946941,7.701096644559,0.));
#5491 = CARTESIAN_POINT('',(-28.45673653079,7.946584203327,0.));
#5492 = CARTESIAN_POINT('',(-27.11843373936,7.701334360191,0.));
#5493 = PCURVE('',#5457,#5494);
#5494 = DEFINITIONAL_REPRESENTATION('',(#5495),#5499);
#5495 = LINE('',#5496,#5497);
#5496 = CARTESIAN_POINT('',(0.,0.));
#5497 = VECTOR('',#5498,1.);
#5498 = DIRECTION('',(0.,1.));
#5499 = ( GEOMETRIC_REPRESENTATION_CONTEXT(2) 
PARAMETRIC_REPRESENTATION_CONTEXT() REPRESENTATION_CONTEXT('2D SPACE',''
  ) );
#5500 = PCURVE('',#57,#5501);
#5501 = DEFINITIONAL_REPRESENTATION('',(#5502),#5507);
#5502 = B_SPLINE_CURVE_WITH_KNOTS('',3,(#5503,#5504,#5505,#5506),
  .UNSPECIFIED.,.F.,.F.,(4,4),(0.,1.),.PIECEWISE_BEZIER_KNOTS.);
#5503 = CARTESIAN_POINT('',(-31.13911252079,7.372629884722));
#5504 = CARTESIAN_POINT('',(-29.83633946941,7.701096644559));
#5505 = CARTESIAN_POINT('',(-28.45673653079,7.946584203327));
#5506 = CARTESIAN_POINT('',(-27.11843373936,7.701334360191));
#5507 = ( GEOMETRIC_REPRESENTATION_CONTEXT(2) 
PARAMETRIC_REPRESENTATION_CONTEXT() REPRESENTATION_CONTEXT('2D SPACE',''
  ) );
#5508 = ORIENTED_EDGE('',*,*,#5442,.T.);
#5509 = ORIENTED_EDGE('',*,*,#5510,.T.);
#5510 = EDGE_CURVE('',#5418,#5511,#5513,.T.);
#5511 = VERTEX_POINT('',#5512);
#5512 = CARTESIAN_POINT('',(-24.8058525085,13.39364329561,18.));
#5513 = SURFACE_CURVE('',#5514,(#5519,#5526),.PCURVE_S1.);
#5514 = B_SPLINE_CURVE_WITH_KNOTS('',3,(#5515,#5516,#5517,#5518),
  .UNSPECIFIED.,.F.,.F.,(4,4),(0.,1.),.PIECEWISE_BEZIER_KNOTS.);
#5515 = CARTESIAN_POINT('',(-28.80225108064,13.943827763127,18.));
#5516 = CARTESIAN_POINT('',(-27.45925740448,13.982246788609,18.));
#5517 = CARTESIAN_POINT('',(-26.05923609271,13.923012200941,18.));
#5518 = CARTESIAN_POINT('',(-24.8058525085,13.39364329561,18.));
#5519 = PCURVE('',#5457,#5520);
#5520 = DEFINITIONAL_REPRESENTATION('',(#5521),#5525);
#5521 = LINE('',#5522,#5523);
#5522 = CARTESIAN_POINT('',(1.,0.));
#5523 = VECTOR('',#5524,1.);
#5524 = DIRECTION('',(0.,1.));
#5525 = ( GEOMETRIC_REPRESENTATION_CONTEXT(2) 
PARAMETRIC_REPRESENTATION_CONTEXT() REPRESENTATION_CONTEXT('2D SPACE',''
  ) );
#5526 = PCURVE('',#128,#5527);
#5527 = DEFINITIONAL_REPRESENTATION('',(#5528),#5533);
#5528 = B_SPLINE_CURVE_WITH_KNOTS('',3,(#5529,#5530,#5531,#5532),
  .UNSPECIFIED.,.F.,.F.,(4,4),(0.,1.),.PIECEWISE_BEZIER_KNOTS.);
#5529 = CARTESIAN_POINT('',(28.802251080641,13.943827763127));
#5530 = CARTESIAN_POINT('',(27.459257404482,13.982246788609));
#5531 = CARTESIAN_POINT('',(26.059236092719,13.923012200941));
#5532 = CARTESIAN_POINT('',(24.805852508501,13.39364329561));
#5533 = ( GEOMETRIC_REPRESENTATION_CONTEXT(2) 
PARAMETRIC_REPRESENTATION_CONTEXT() REPRESENTATION_CONTEXT('2D SPACE',''
  ) );
#5534 = ORIENTED_EDGE('',*,*,#5535,.F.);
#5535 = EDGE_CURVE('',#5485,#5511,#5536,.T.);
#5536 = SURFACE_CURVE('',#5537,(#5542,#5549),.PCURVE_S1.);
#5537 = B_SPLINE_CURVE_WITH_KNOTS('',3,(#5538,#5539,#5540,#5541),
  .UNSPECIFIED.,.F.,.F.,(4,4),(0.,1.),.PIECEWISE_BEZIER_KNOTS.);
#5538 = CARTESIAN_POINT('',(-27.11843373936,7.701334360191,0.));
#5539 = CARTESIAN_POINT('',(-26.5580025201,9.675464434366,6.000000849768
    ));
#5540 = CARTESIAN_POINT('',(-25.78100755639,11.588000658252,
    11.999999150232));
#5541 = CARTESIAN_POINT('',(-24.8058525085,13.39364329561,18.));
#5542 = PCURVE('',#5457,#5543);
#5543 = DEFINITIONAL_REPRESENTATION('',(#5544),#5548);
#5544 = LINE('',#5545,#5546);
#5545 = CARTESIAN_POINT('',(0.,1.));
#5546 = VECTOR('',#5547,1.);
#5547 = DIRECTION('',(1.,0.));
#5548 = ( GEOMETRIC_REPRESENTATION_CONTEXT(2) 
PARAMETRIC_REPRESENTATION_CONTEXT() REPRESENTATION_CONTEXT('2D SPACE',''
  ) );
#5549 = PCURVE('',#5550,#5567);
#5550 = B_SPLINE_SURFACE_WITH_KNOTS('',3,3,(
    (#5551,#5552,#5553,#5554)
    ,(#5555,#5556,#5557,#5558)
    ,(#5559,#5560,#5561,#5562)
    ,(#5563,#5564,#5565,#5566
    )),.UNSPECIFIED.,.F.,.F.,.F.,(4,4),(4,4),(0.,1.),(0.,1.),
  .PIECEWISE_BEZIER_KNOTS.);
#5551 = CARTESIAN_POINT('',(-27.11843373936,7.701334360191,0.));
#5552 = CARTESIAN_POINT('',(-26.16346266217,7.782433032643,0.));
#5553 = CARTESIAN_POINT('',(-25.74108528893,9.082376920736,0.));
#5554 = CARTESIAN_POINT('',(-26.46600451586,9.709305040508,0.));
#5555 = CARTESIAN_POINT('',(-26.5580025201,9.675464434366,6.000000849768
    ));
#5556 = CARTESIAN_POINT('',(-25.59712137986,9.68704685091,6.000000849768
    ));
#5557 = CARTESIAN_POINT('',(-25.08011213416,10.95625277934,
    6.000000849768));
#5558 = CARTESIAN_POINT('',(-25.75939927551,11.635955433182,
    6.000000849768));
#5559 = CARTESIAN_POINT('',(-25.78100755639,11.588000658252,
    11.999999150232));
#5560 = CARTESIAN_POINT('',(-24.82184371667,11.529422107473,
    11.999999150232));
#5561 = CARTESIAN_POINT('',(-24.21358010562,12.757509086631,
    11.999999150232));
#5562 = CARTESIAN_POINT('',(-24.84144738917,13.484976881316,
    11.999999150232));
#5563 = CARTESIAN_POINT('',(-24.8058525085,13.39364329561,18.));
#5564 = CARTESIAN_POINT('',(-23.85599265742,13.265920876873,18.));
#5565 = CARTESIAN_POINT('',(-23.16201361056,14.443481847753,18.));
#5566 = CARTESIAN_POINT('',(-23.73389117878,15.212574039829,18.));
#5567 = DEFINITIONAL_REPRESENTATION('',(#5568),#5572);
#5568 = LINE('',#5569,#5570);
#5569 = CARTESIAN_POINT('',(0.,0.));
#5570 = VECTOR('',#5571,1.);
#5571 = DIRECTION('',(1.,0.));
#5572 = ( GEOMETRIC_REPRESENTATION_CONTEXT(2) 
PARAMETRIC_REPRESENTATION_CONTEXT() REPRESENTATION_CONTEXT('2D SPACE',''
  ) );
#5573 = ADVANCED_FACE('',(#5574),#5550,.T.);
#5574 = FACE_BOUND('',#5575,.T.);
#5575 = EDGE_LOOP('',(#5576,#5601,#5602,#5627));
#5576 = ORIENTED_EDGE('',*,*,#5577,.F.);
#5577 = EDGE_CURVE('',#5485,#5578,#5580,.T.);
#5578 = VERTEX_POINT('',#5579);
#5579 = CARTESIAN_POINT('',(-26.46600451586,9.709305040508,0.));
#5580 = SURFACE_CURVE('',#5581,(#5586,#5593),.PCURVE_S1.);
#5581 = B_SPLINE_CURVE_WITH_KNOTS('',3,(#5582,#5583,#5584,#5585),
  .UNSPECIFIED.,.F.,.F.,(4,4),(0.,1.),.PIECEWISE_BEZIER_KNOTS.);
#5582 = CARTESIAN_POINT('',(-27.11843373936,7.701334360191,0.));
#5583 = CARTESIAN_POINT('',(-26.16346266217,7.782433032643,0.));
#5584 = CARTESIAN_POINT('',(-25.74108528893,9.082376920736,0.));
#5585 = CARTESIAN_POINT('',(-26.46600451586,9.709305040508,0.));
#5586 = PCURVE('',#5550,#5587);
#5587 = DEFINITIONAL_REPRESENTATION('',(#5588),#5592);
#5588 = LINE('',#5589,#5590);
#5589 = CARTESIAN_POINT('',(0.,0.));
#5590 = VECTOR('',#5591,1.);
#5591 = DIRECTION('',(0.,1.));
#5592 = ( GEOMETRIC_REPRESENTATION_CONTEXT(2) 
PARAMETRIC_REPRESENTATION_CONTEXT() REPRESENTATION_CONTEXT('2D SPACE',''
  ) );
#5593 = PCURVE('',#57,#5594);
#5594 = DEFINITIONAL_REPRESENTATION('',(#5595),#5600);
#5595 = B_SPLINE_CURVE_WITH_KNOTS('',3,(#5596,#5597,#5598,#5599),
  .UNSPECIFIED.,.F.,.F.,(4,4),(0.,1.),.PIECEWISE_BEZIER_KNOTS.);
#5596 = CARTESIAN_POINT('',(-27.11843373936,7.701334360191));
#5597 = CARTESIAN_POINT('',(-26.16346266217,7.782433032643));
#5598 = CARTESIAN_POINT('',(-25.74108528893,9.082376920736));
#5599 = CARTESIAN_POINT('',(-26.46600451586,9.709305040508));
#5600 = ( GEOMETRIC_REPRESENTATION_CONTEXT(2) 
PARAMETRIC_REPRESENTATION_CONTEXT() REPRESENTATION_CONTEXT('2D SPACE',''
  ) );
#5601 = ORIENTED_EDGE('',*,*,#5535,.T.);
#5602 = ORIENTED_EDGE('',*,*,#5603,.T.);
#5603 = EDGE_CURVE('',#5511,#5604,#5606,.T.);
#5604 = VERTEX_POINT('',#5605);
#5605 = CARTESIAN_POINT('',(-23.73389117878,15.212574039829,18.));
#5606 = SURFACE_CURVE('',#5607,(#5612,#5619),.PCURVE_S1.);
#5607 = B_SPLINE_CURVE_WITH_KNOTS('',3,(#5608,#5609,#5610,#5611),
  .UNSPECIFIED.,.F.,.F.,(4,4),(0.,1.),.PIECEWISE_BEZIER_KNOTS.);
#5608 = CARTESIAN_POINT('',(-24.8058525085,13.39364329561,18.));
#5609 = CARTESIAN_POINT('',(-23.85599265742,13.265920876873,18.));
#5610 = CARTESIAN_POINT('',(-23.16201361056,14.443481847753,18.));
#5611 = CARTESIAN_POINT('',(-23.73389117878,15.212574039829,18.));
#5612 = PCURVE('',#5550,#5613);
#5613 = DEFINITIONAL_REPRESENTATION('',(#5614),#5618);
#5614 = LINE('',#5615,#5616);
#5615 = CARTESIAN_POINT('',(1.,0.));
#5616 = VECTOR('',#5617,1.);
#5617 = DIRECTION('',(0.,1.));
#5618 = ( GEOMETRIC_REPRESENTATION_CONTEXT(2) 
PARAMETRIC_REPRESENTATION_CONTEXT() REPRESENTATION_CONTEXT('2D SPACE',''
  ) );
#5619 = PCURVE('',#128,#5620);
#5620 = DEFINITIONAL_REPRESENTATION('',(#5621),#5626);
#5621 = B_SPLINE_CURVE_WITH_KNOTS('',3,(#5622,#5623,#5624,#5625),
  .UNSPECIFIED.,.F.,.F.,(4,4),(0.,1.),.PIECEWISE_BEZIER_KNOTS.);
#5622 = CARTESIAN_POINT('',(24.805852508501,13.39364329561));
#5623 = CARTESIAN_POINT('',(23.855992657421,13.265920876873));
#5624 = CARTESIAN_POINT('',(23.162013610565,14.443481847753));
#5625 = CARTESIAN_POINT('',(23.733891178782,15.212574039829));
#5626 = ( GEOMETRIC_REPRESENTATION_CONTEXT(2) 
PARAMETRIC_REPRESENTATION_CONTEXT() REPRESENTATION_CONTEXT('2D SPACE',''
  ) );
#5627 = ORIENTED_EDGE('',*,*,#5628,.F.);
#5628 = EDGE_CURVE('',#5578,#5604,#5629,.T.);
#5629 = SURFACE_CURVE('',#5630,(#5635,#5642),.PCURVE_S1.);
#5630 = B_SPLINE_CURVE_WITH_KNOTS('',3,(#5631,#5632,#5633,#5634),
  .UNSPECIFIED.,.F.,.F.,(4,4),(0.,1.),.PIECEWISE_BEZIER_KNOTS.);
#5631 = CARTESIAN_POINT('',(-26.46600451586,9.709305040508,0.));
#5632 = CARTESIAN_POINT('',(-25.75939927551,11.635955433182,
    6.000000849768));
#5633 = CARTESIAN_POINT('',(-24.84144738917,13.484976881316,
    11.999999150232));
#5634 = CARTESIAN_POINT('',(-23.73389117878,15.212574039829,18.));
#5635 = PCURVE('',#5550,#5636);
#5636 = DEFINITIONAL_REPRESENTATION('',(#5637),#5641);
#5637 = LINE('',#5638,#5639);
#5638 = CARTESIAN_POINT('',(0.,1.));
#5639 = VECTOR('',#5640,1.);
#5640 = DIRECTION('',(1.,0.));
#5641 = ( GEOMETRIC_REPRESENTATION_CONTEXT(2) 
PARAMETRIC_REPRESENTATION_CONTEXT() REPRESENTATION_CONTEXT('2D SPACE',''
  ) );
#5642 = PCURVE('',#5643,#5660);
#5643 = B_SPLINE_SURFACE_WITH_KNOTS('',3,3,(
    (#5644,#5645,#5646,#5647)
    ,(#5648,#5649,#5650,#5651)
    ,(#5652,#5653,#5654,#5655)
    ,(#5656,#5657,#5658,#5659
    )),.UNSPECIFIED.,.F.,.F.,.F.,(4,4),(4,4),(0.,1.),(0.,1.),
  .PIECEWISE_BEZIER_KNOTS.);
#5644 = CARTESIAN_POINT('',(-26.46600451586,9.709305040508,0.));
#5645 = CARTESIAN_POINT('',(-27.69286845867,10.297528393451,0.));
#5646 = CARTESIAN_POINT('',(-28.66469671485,11.307042261743,0.));
#5647 = CARTESIAN_POINT('',(-29.52559433592,12.338528239225,0.));
#5648 = CARTESIAN_POINT('',(-25.75939925537,11.635955475279,
    6.000000986407));
#5649 = CARTESIAN_POINT('',(-26.94345203491,12.313492002606,
    6.000000986407));
#5650 = CARTESIAN_POINT('',(-27.84179968217,13.393756677573,
    6.000000986407));
#5651 = CARTESIAN_POINT('',(-28.62761648537,14.487918451869,
    6.000000986407));
#5652 = CARTESIAN_POINT('',(-24.84144741052,13.484976839819,
    11.999999013593));
#5653 = CARTESIAN_POINT('',(-25.97289223296,14.247124689243,
    11.999999013593));
#5654 = CARTESIAN_POINT('',(-26.79000070861,15.390074382944,
    11.999999013593));
#5655 = CARTESIAN_POINT('',(-27.49386417488,16.538671029897,
    11.999999013593));
#5656 = CARTESIAN_POINT('',(-23.73389117878,15.212574039829,18.));
#5657 = CARTESIAN_POINT('',(-24.80417729886,16.052627293073,18.));
#5658 = CARTESIAN_POINT('',(-25.53421223495,17.248711488206,18.));
#5659 = CARTESIAN_POINT('',(-26.15119095534,18.442212763573,18.));
#5660 = DEFINITIONAL_REPRESENTATION('',(#5661),#5665);
#5661 = LINE('',#5662,#5663);
#5662 = CARTESIAN_POINT('',(0.,0.));
#5663 = VECTOR('',#5664,1.);
#5664 = DIRECTION('',(1.,0.));
#5665 = ( GEOMETRIC_REPRESENTATION_CONTEXT(2) 
PARAMETRIC_REPRESENTATION_CONTEXT() REPRESENTATION_CONTEXT('2D SPACE',''
  ) );
#5666 = ADVANCED_FACE('',(#5667),#5643,.T.);
#5667 = FACE_BOUND('',#5668,.T.);
#5668 = EDGE_LOOP('',(#5669,#5694,#5695,#5720));
#5669 = ORIENTED_EDGE('',*,*,#5670,.F.);
#5670 = EDGE_CURVE('',#5578,#5671,#5673,.T.);
#5671 = VERTEX_POINT('',#5672);
#5672 = CARTESIAN_POINT('',(-29.52559433592,12.338528239225,0.));
#5673 = SURFACE_CURVE('',#5674,(#5679,#5686),.PCURVE_S1.);
#5674 = B_SPLINE_CURVE_WITH_KNOTS('',3,(#5675,#5676,#5677,#5678),
  .UNSPECIFIED.,.F.,.F.,(4,4),(0.,1.),.PIECEWISE_BEZIER_KNOTS.);
#5675 = CARTESIAN_POINT('',(-26.46600451586,9.709305040508,0.));
#5676 = CARTESIAN_POINT('',(-27.69286845867,10.297528393451,0.));
#5677 = CARTESIAN_POINT('',(-28.66469671485,11.307042261743,0.));
#5678 = CARTESIAN_POINT('',(-29.52559433592,12.338528239225,0.));
#5679 = PCURVE('',#5643,#5680);
#5680 = DEFINITIONAL_REPRESENTATION('',(#5681),#5685);
#5681 = LINE('',#5682,#5683);
#5682 = CARTESIAN_POINT('',(0.,0.));
#5683 = VECTOR('',#5684,1.);
#5684 = DIRECTION('',(0.,1.));
#5685 = ( GEOMETRIC_REPRESENTATION_CONTEXT(2) 
PARAMETRIC_REPRESENTATION_CONTEXT() REPRESENTATION_CONTEXT('2D SPACE',''
  ) );
#5686 = PCURVE('',#57,#5687);
#5687 = DEFINITIONAL_REPRESENTATION('',(#5688),#5693);
#5688 = B_SPLINE_CURVE_WITH_KNOTS('',3,(#5689,#5690,#5691,#5692),
  .UNSPECIFIED.,.F.,.F.,(4,4),(0.,1.),.PIECEWISE_BEZIER_KNOTS.);
#5689 = CARTESIAN_POINT('',(-26.46600451586,9.709305040508));
#5690 = CARTESIAN_POINT('',(-27.69286845867,10.297528393451));
#5691 = CARTESIAN_POINT('',(-28.66469671485,11.307042261743));
#5692 = CARTESIAN_POINT('',(-29.52559433592,12.338528239225));
#5693 = ( GEOMETRIC_REPRESENTATION_CONTEXT(2) 
PARAMETRIC_REPRESENTATION_CONTEXT() REPRESENTATION_CONTEXT('2D SPACE',''
  ) );
#5694 = ORIENTED_EDGE('',*,*,#5628,.T.);
#5695 = ORIENTED_EDGE('',*,*,#5696,.T.);
#5696 = EDGE_CURVE('',#5604,#5697,#5699,.T.);
#5697 = VERTEX_POINT('',#5698);
#5698 = CARTESIAN_POINT('',(-26.15119095534,18.442212763573,18.));
#5699 = SURFACE_CURVE('',#5700,(#5705,#5712),.PCURVE_S1.);
#5700 = B_SPLINE_CURVE_WITH_KNOTS('',3,(#5701,#5702,#5703,#5704),
  .UNSPECIFIED.,.F.,.F.,(4,4),(0.,1.),.PIECEWISE_BEZIER_KNOTS.);
#5701 = CARTESIAN_POINT('',(-23.73389117878,15.212574039829,18.));
#5702 = CARTESIAN_POINT('',(-24.80417729886,16.052627293073,18.));
#5703 = CARTESIAN_POINT('',(-25.53421223495,17.248711488206,18.));
#5704 = CARTESIAN_POINT('',(-26.15119095534,18.442212763573,18.));
#5705 = PCURVE('',#5643,#5706);
#5706 = DEFINITIONAL_REPRESENTATION('',(#5707),#5711);
#5707 = LINE('',#5708,#5709);
#5708 = CARTESIAN_POINT('',(1.,0.));
#5709 = VECTOR('',#5710,1.);
#5710 = DIRECTION('',(0.,1.));
#5711 = ( GEOMETRIC_REPRESENTATION_CONTEXT(2) 
PARAMETRIC_REPRESENTATION_CONTEXT() REPRESENTATION_CONTEXT('2D SPACE',''
  ) );
#5712 = PCURVE('',#128,#5713);
#5713 = DEFINITIONAL_REPRESENTATION('',(#5714),#5719);
#5714 = B_SPLINE_CURVE_WITH_KNOTS('',3,(#5715,#5716,#5717,#5718),
  .UNSPECIFIED.,.F.,.F.,(4,4),(0.,1.),.PIECEWISE_BEZIER_KNOTS.);
#5715 = CARTESIAN_POINT('',(23.733891178782,15.212574039829));
#5716 = CARTESIAN_POINT('',(24.804177298861,16.052627293073));
#5717 = CARTESIAN_POINT('',(25.534212234957,17.248711488206));
#5718 = CARTESIAN_POINT('',(26.151190955348,18.442212763573));
#5719 = ( GEOMETRIC_REPRESENTATION_CONTEXT(2) 
PARAMETRIC_REPRESENTATION_CONTEXT() REPRESENTATION_CONTEXT('2D SPACE',''
  ) );
#5720 = ORIENTED_EDGE('',*,*,#5721,.F.);
#5721 = EDGE_CURVE('',#5671,#5697,#5722,.T.);
#5722 = SURFACE_CURVE('',#5723,(#5728,#5735),.PCURVE_S1.);
#5723 = B_SPLINE_CURVE_WITH_KNOTS('',3,(#5724,#5725,#5726,#5727),
  .UNSPECIFIED.,.F.,.F.,(4,4),(0.,1.),.PIECEWISE_BEZIER_KNOTS.);
#5724 = CARTESIAN_POINT('',(-29.52559433592,12.338528239225,0.));
#5725 = CARTESIAN_POINT('',(-28.62761648537,14.487918451869,
    6.000000986407));
#5726 = CARTESIAN_POINT('',(-27.49386417488,16.538671029897,
    11.999999013593));
#5727 = CARTESIAN_POINT('',(-26.15119095534,18.442212763573,18.));
#5728 = PCURVE('',#5643,#5729);
#5729 = DEFINITIONAL_REPRESENTATION('',(#5730),#5734);
#5730 = LINE('',#5731,#5732);
#5731 = CARTESIAN_POINT('',(0.,1.));
#5732 = VECTOR('',#5733,1.);
#5733 = DIRECTION('',(1.,0.));
#5734 = ( GEOMETRIC_REPRESENTATION_CONTEXT(2) 
PARAMETRIC_REPRESENTATION_CONTEXT() REPRESENTATION_CONTEXT('2D SPACE',''
  ) );
#5735 = PCURVE('',#5736,#5753);
#5736 = B_SPLINE_SURFACE_WITH_KNOTS('',3,3,(
    (#5737,#5738,#5739,#5740)
    ,(#5741,#5742,#5743,#5744)
    ,(#5745,#5746,#5747,#5748)
    ,(#5749,#5750,#5751,#5752
    )),.UNSPECIFIED.,.F.,.F.,.F.,(4,4),(4,4),(0.,1.),(0.,1.),
  .PIECEWISE_BEZIER_KNOTS.);
#5737 = CARTESIAN_POINT('',(-29.52559433592,12.338528239225,0.));
#5738 = CARTESIAN_POINT('',(-29.33604409891,12.792115331744,0.));
#5739 = CARTESIAN_POINT('',(-29.13603929177,13.241333483543,0.));
#5740 = CARTESIAN_POINT('',(-28.92579225609,13.685705767602,0.));
#5741 = CARTESIAN_POINT('',(-28.62761646579,14.487918488525,
    6.000001093596));
#5742 = CARTESIAN_POINT('',(-28.40504621019,14.927710425356,
    6.000001093596));
#5743 = CARTESIAN_POINT('',(-28.17233934881,15.362372354616,
    6.000001093596));
#5744 = CARTESIAN_POINT('',(-27.92974294244,15.791442803371,
    6.000001093596));
#5745 = CARTESIAN_POINT('',(-27.49386419551,16.538670993822,
    11.999998906404));
#5746 = CARTESIAN_POINT('',(-27.23978924044,16.961045689547,
    11.999998906404));
#5747 = CARTESIAN_POINT('',(-26.97597912812,17.377564237418,
    11.999998906404));
#5748 = CARTESIAN_POINT('',(-26.70271394111,17.787784427012,
    11.999998906404));
#5749 = CARTESIAN_POINT('',(-26.15119095534,18.442212763573,18.));
#5750 = CARTESIAN_POINT('',(-25.86787282285,18.84396066793,18.));
#5751 = CARTESIAN_POINT('',(-25.57529495733,19.239178409677,18.));
#5752 = CARTESIAN_POINT('',(-25.27376798355,19.627446393081,18.));
#5753 = DEFINITIONAL_REPRESENTATION('',(#5754),#5758);
#5754 = LINE('',#5755,#5756);
#5755 = CARTESIAN_POINT('',(0.,0.));
#5756 = VECTOR('',#5757,1.);
#5757 = DIRECTION('',(1.,0.));
#5758 = ( GEOMETRIC_REPRESENTATION_CONTEXT(2) 
PARAMETRIC_REPRESENTATION_CONTEXT() REPRESENTATION_CONTEXT('2D SPACE',''
  ) );
#5759 = ADVANCED_FACE('',(#5760),#5736,.T.);
#5760 = FACE_BOUND('',#5761,.T.);
#5761 = EDGE_LOOP('',(#5762,#5787,#5788,#5813));
#5762 = ORIENTED_EDGE('',*,*,#5763,.F.);
#5763 = EDGE_CURVE('',#5671,#5764,#5766,.T.);
#5764 = VERTEX_POINT('',#5765);
#5765 = CARTESIAN_POINT('',(-28.92579225609,13.685705767602,0.));
#5766 = SURFACE_CURVE('',#5767,(#5772,#5779),.PCURVE_S1.);
#5767 = B_SPLINE_CURVE_WITH_KNOTS('',3,(#5768,#5769,#5770,#5771),
  .UNSPECIFIED.,.F.,.F.,(4,4),(0.,1.),.PIECEWISE_BEZIER_KNOTS.);
#5768 = CARTESIAN_POINT('',(-29.52559433592,12.338528239225,0.));
#5769 = CARTESIAN_POINT('',(-29.33604409891,12.792115331744,0.));
#5770 = CARTESIAN_POINT('',(-29.13603929177,13.241333483543,0.));
#5771 = CARTESIAN_POINT('',(-28.92579225609,13.685705767602,0.));
#5772 = PCURVE('',#5736,#5773);
#5773 = DEFINITIONAL_REPRESENTATION('',(#5774),#5778);
#5774 = LINE('',#5775,#5776);
#5775 = CARTESIAN_POINT('',(0.,0.));
#5776 = VECTOR('',#5777,1.);
#5777 = DIRECTION('',(0.,1.));
#5778 = ( GEOMETRIC_REPRESENTATION_CONTEXT(2) 
PARAMETRIC_REPRESENTATION_CONTEXT() REPRESENTATION_CONTEXT('2D SPACE',''
  ) );
#5779 = PCURVE('',#57,#5780);
#5780 = DEFINITIONAL_REPRESENTATION('',(#5781),#5786);
#5781 = B_SPLINE_CURVE_WITH_KNOTS('',3,(#5782,#5783,#5784,#5785),
  .UNSPECIFIED.,.F.,.F.,(4,4),(0.,1.),.PIECEWISE_BEZIER_KNOTS.);
#5782 = CARTESIAN_POINT('',(-29.52559433592,12.338528239225));
#5783 = CARTESIAN_POINT('',(-29.33604409891,12.792115331744));
#5784 = CARTESIAN_POINT('',(-29.13603929177,13.241333483543));
#5785 = CARTESIAN_POINT('',(-28.92579225609,13.685705767602));
#5786 = ( GEOMETRIC_REPRESENTATION_CONTEXT(2) 
PARAMETRIC_REPRESENTATION_CONTEXT() REPRESENTATION_CONTEXT('2D SPACE',''
  ) );
#5787 = ORIENTED_EDGE('',*,*,#5721,.T.);
#5788 = ORIENTED_EDGE('',*,*,#5789,.T.);
#5789 = EDGE_CURVE('',#5697,#5790,#5792,.T.);
#5790 = VERTEX_POINT('',#5791);
#5791 = CARTESIAN_POINT('',(-25.27376798355,19.627446393081,18.));
#5792 = SURFACE_CURVE('',#5793,(#5798,#5805),.PCURVE_S1.);
#5793 = B_SPLINE_CURVE_WITH_KNOTS('',3,(#5794,#5795,#5796,#5797),
  .UNSPECIFIED.,.F.,.F.,(4,4),(0.,1.),.PIECEWISE_BEZIER_KNOTS.);
#5794 = CARTESIAN_POINT('',(-26.15119095534,18.442212763573,18.));
#5795 = CARTESIAN_POINT('',(-25.86787282285,18.84396066793,18.));
#5796 = CARTESIAN_POINT('',(-25.57529495733,19.239178409677,18.));
#5797 = CARTESIAN_POINT('',(-25.27376798355,19.627446393081,18.));
#5798 = PCURVE('',#5736,#5799);
#5799 = DEFINITIONAL_REPRESENTATION('',(#5800),#5804);
#5800 = LINE('',#5801,#5802);
#5801 = CARTESIAN_POINT('',(1.,0.));
#5802 = VECTOR('',#5803,1.);
#5803 = DIRECTION('',(0.,1.));
#5804 = ( GEOMETRIC_REPRESENTATION_CONTEXT(2) 
PARAMETRIC_REPRESENTATION_CONTEXT() REPRESENTATION_CONTEXT('2D SPACE',''
  ) );
#5805 = PCURVE('',#128,#5806);
#5806 = DEFINITIONAL_REPRESENTATION('',(#5807),#5812);
#5807 = B_SPLINE_CURVE_WITH_KNOTS('',3,(#5808,#5809,#5810,#5811),
  .UNSPECIFIED.,.F.,.F.,(4,4),(0.,1.),.PIECEWISE_BEZIER_KNOTS.);
#5808 = CARTESIAN_POINT('',(26.151190955348,18.442212763573));
#5809 = CARTESIAN_POINT('',(25.867872822859,18.84396066793));
#5810 = CARTESIAN_POINT('',(25.575294957336,19.239178409677));
#5811 = CARTESIAN_POINT('',(25.273767983558,19.627446393081));
#5812 = ( GEOMETRIC_REPRESENTATION_CONTEXT(2) 
PARAMETRIC_REPRESENTATION_CONTEXT() REPRESENTATION_CONTEXT('2D SPACE',''
  ) );
#5813 = ORIENTED_EDGE('',*,*,#5814,.F.);
#5814 = EDGE_CURVE('',#5764,#5790,#5815,.T.);
#5815 = SURFACE_CURVE('',#5816,(#5821,#5828),.PCURVE_S1.);
#5816 = B_SPLINE_CURVE_WITH_KNOTS('',3,(#5817,#5818,#5819,#5820),
  .UNSPECIFIED.,.F.,.F.,(4,4),(0.,1.),.PIECEWISE_BEZIER_KNOTS.);
#5817 = CARTESIAN_POINT('',(-28.92579225609,13.685705767602,0.));
#5818 = CARTESIAN_POINT('',(-27.92974296368,15.791442767656,
    6.000000986407));
#5819 = CARTESIAN_POINT('',(-26.70271391884,17.787784462097,
    11.999999013593));
#5820 = CARTESIAN_POINT('',(-25.27376798355,19.627446393081,18.));
#5821 = PCURVE('',#5736,#5822);
#5822 = DEFINITIONAL_REPRESENTATION('',(#5823),#5827);
#5823 = LINE('',#5824,#5825);
#5824 = CARTESIAN_POINT('',(0.,1.));
#5825 = VECTOR('',#5826,1.);
#5826 = DIRECTION('',(1.,0.));
#5827 = ( GEOMETRIC_REPRESENTATION_CONTEXT(2) 
PARAMETRIC_REPRESENTATION_CONTEXT() REPRESENTATION_CONTEXT('2D SPACE',''
  ) );
#5828 = PCURVE('',#5829,#5846);
#5829 = B_SPLINE_SURFACE_WITH_KNOTS('',3,3,(
    (#5830,#5831,#5832,#5833)
    ,(#5834,#5835,#5836,#5837)
    ,(#5838,#5839,#5840,#5841)
    ,(#5842,#5843,#5844,#5845
    )),.UNSPECIFIED.,.F.,.F.,.F.,(4,4),(4,4),(0.,1.),(0.,1.),
  .PIECEWISE_BEZIER_KNOTS.);
#5830 = CARTESIAN_POINT('',(-28.92579225609,13.685705767602,0.));
#5831 = CARTESIAN_POINT('',(-27.58319584216,13.736132992794,0.));
#5832 = CARTESIAN_POINT('',(-26.18270080437,13.689420479786,0.));
#5833 = CARTESIAN_POINT('',(-24.92463344943,13.17128113795,0.));
#5834 = CARTESIAN_POINT('',(-27.92974296368,15.791442767656,
    6.000000986407));
#5835 = CARTESIAN_POINT('',(-26.58346656179,15.744136465299,
    6.000000986407));
#5836 = CARTESIAN_POINT('',(-25.18636239705,15.595475050815,
    6.000000986407));
#5837 = CARTESIAN_POINT('',(-23.96600424971,14.985751570172,
    6.000000986407));
#5838 = CARTESIAN_POINT('',(-26.70271391884,17.787784462097,
    11.999999013593));
#5839 = CARTESIAN_POINT('',(-25.36348065961,17.642346111261,
    11.999999013593));
#5840 = CARTESIAN_POINT('',(-23.98095261401,17.392113286788,
    11.999999013593));
#5841 = CARTESIAN_POINT('',(-22.80834990246,16.69494787495,
    11.999999013593));
#5842 = CARTESIAN_POINT('',(-25.27376798355,19.627446393081,18.));
#5843 = CARTESIAN_POINT('',(-23.95213417687,19.385801784712,18.));
#5844 = CARTESIAN_POINT('',(-22.59502225307,19.036780816795,18.));
#5845 = CARTESIAN_POINT('',(-21.47909009154,18.258386791903,18.));
#5846 = DEFINITIONAL_REPRESENTATION('',(#5847),#5851);
#5847 = LINE('',#5848,#5849);
#5848 = CARTESIAN_POINT('',(0.,0.));
#5849 = VECTOR('',#5850,1.);
#5850 = DIRECTION('',(1.,0.));
#5851 = ( GEOMETRIC_REPRESENTATION_CONTEXT(2) 
PARAMETRIC_REPRESENTATION_CONTEXT() REPRESENTATION_CONTEXT('2D SPACE',''
  ) );
#5852 = ADVANCED_FACE('',(#5853),#5829,.T.);
#5853 = FACE_BOUND('',#5854,.T.);
#5854 = EDGE_LOOP('',(#5855,#5880,#5881,#5906));
#5855 = ORIENTED_EDGE('',*,*,#5856,.F.);
#5856 = EDGE_CURVE('',#5764,#5857,#5859,.T.);
#5857 = VERTEX_POINT('',#5858);
#5858 = CARTESIAN_POINT('',(-24.92463344943,13.17128113795,0.));
#5859 = SURFACE_CURVE('',#5860,(#5865,#5872),.PCURVE_S1.);
#5860 = B_SPLINE_CURVE_WITH_KNOTS('',3,(#5861,#5862,#5863,#5864),
  .UNSPECIFIED.,.F.,.F.,(4,4),(0.,1.),.PIECEWISE_BEZIER_KNOTS.);
#5861 = CARTESIAN_POINT('',(-28.92579225609,13.685705767602,0.));
#5862 = CARTESIAN_POINT('',(-27.58319584216,13.736132992794,0.));
#5863 = CARTESIAN_POINT('',(-26.18270080437,13.689420479786,0.));
#5864 = CARTESIAN_POINT('',(-24.92463344943,13.17128113795,0.));
#5865 = PCURVE('',#5829,#5866);
#5866 = DEFINITIONAL_REPRESENTATION('',(#5867),#5871);
#5867 = LINE('',#5868,#5869);
#5868 = CARTESIAN_POINT('',(0.,0.));
#5869 = VECTOR('',#5870,1.);
#5870 = DIRECTION('',(0.,1.));
#5871 = ( GEOMETRIC_REPRESENTATION_CONTEXT(2) 
PARAMETRIC_REPRESENTATION_CONTEXT() REPRESENTATION_CONTEXT('2D SPACE',''
  ) );
#5872 = PCURVE('',#57,#5873);
#5873 = DEFINITIONAL_REPRESENTATION('',(#5874),#5879);
#5874 = B_SPLINE_CURVE_WITH_KNOTS('',3,(#5875,#5876,#5877,#5878),
  .UNSPECIFIED.,.F.,.F.,(4,4),(0.,1.),.PIECEWISE_BEZIER_KNOTS.);
#5875 = CARTESIAN_POINT('',(-28.92579225609,13.685705767602));
#5876 = CARTESIAN_POINT('',(-27.58319584216,13.736132992794));
#5877 = CARTESIAN_POINT('',(-26.18270080437,13.689420479786));
#5878 = CARTESIAN_POINT('',(-24.92463344943,13.17128113795));
#5879 = ( GEOMETRIC_REPRESENTATION_CONTEXT(2) 
PARAMETRIC_REPRESENTATION_CONTEXT() REPRESENTATION_CONTEXT('2D SPACE',''
  ) );
#5880 = ORIENTED_EDGE('',*,*,#5814,.T.);
#5881 = ORIENTED_EDGE('',*,*,#5882,.T.);
#5882 = EDGE_CURVE('',#5790,#5883,#5885,.T.);
#5883 = VERTEX_POINT('',#5884);
#5884 = CARTESIAN_POINT('',(-21.47909009154,18.258386791903,18.));
#5885 = SURFACE_CURVE('',#5886,(#5891,#5898),.PCURVE_S1.);
#5886 = B_SPLINE_CURVE_WITH_KNOTS('',3,(#5887,#5888,#5889,#5890),
  .UNSPECIFIED.,.F.,.F.,(4,4),(0.,1.),.PIECEWISE_BEZIER_KNOTS.);
#5887 = CARTESIAN_POINT('',(-25.27376798355,19.627446393081,18.));
#5888 = CARTESIAN_POINT('',(-23.95213417687,19.385801784712,18.));
#5889 = CARTESIAN_POINT('',(-22.59502225307,19.036780816795,18.));
#5890 = CARTESIAN_POINT('',(-21.47909009154,18.258386791903,18.));
#5891 = PCURVE('',#5829,#5892);
#5892 = DEFINITIONAL_REPRESENTATION('',(#5893),#5897);
#5893 = LINE('',#5894,#5895);
#5894 = CARTESIAN_POINT('',(1.,0.));
#5895 = VECTOR('',#5896,1.);
#5896 = DIRECTION('',(0.,1.));
#5897 = ( GEOMETRIC_REPRESENTATION_CONTEXT(2) 
PARAMETRIC_REPRESENTATION_CONTEXT() REPRESENTATION_CONTEXT('2D SPACE',''
  ) );
#5898 = PCURVE('',#128,#5899);
#5899 = DEFINITIONAL_REPRESENTATION('',(#5900),#5905);
#5900 = B_SPLINE_CURVE_WITH_KNOTS('',3,(#5901,#5902,#5903,#5904),
  .UNSPECIFIED.,.F.,.F.,(4,4),(0.,1.),.PIECEWISE_BEZIER_KNOTS.);
#5901 = CARTESIAN_POINT('',(25.273767983558,19.627446393081));
#5902 = CARTESIAN_POINT('',(23.952134176876,19.385801784712));
#5903 = CARTESIAN_POINT('',(22.595022253075,19.036780816795));
#5904 = CARTESIAN_POINT('',(21.479090091547,18.258386791903));
#5905 = ( GEOMETRIC_REPRESENTATION_CONTEXT(2) 
PARAMETRIC_REPRESENTATION_CONTEXT() REPRESENTATION_CONTEXT('2D SPACE',''
  ) );
#5906 = ORIENTED_EDGE('',*,*,#5907,.F.);
#5907 = EDGE_CURVE('',#5857,#5883,#5908,.T.);
#5908 = SURFACE_CURVE('',#5909,(#5914,#5921),.PCURVE_S1.);
#5909 = B_SPLINE_CURVE_WITH_KNOTS('',3,(#5910,#5911,#5912,#5913),
  .UNSPECIFIED.,.F.,.F.,(4,4),(0.,1.),.PIECEWISE_BEZIER_KNOTS.);
#5910 = CARTESIAN_POINT('',(-24.92463344943,13.17128113795,0.));
#5911 = CARTESIAN_POINT('',(-23.96600427532,14.985751531158,
    6.000000849768));
#5912 = CARTESIAN_POINT('',(-22.80834987573,16.694947913207,
    11.999999150232));
#5913 = CARTESIAN_POINT('',(-21.47909009154,18.258386791903,18.));
#5914 = PCURVE('',#5829,#5915);
#5915 = DEFINITIONAL_REPRESENTATION('',(#5916),#5920);
#5916 = LINE('',#5917,#5918);
#5917 = CARTESIAN_POINT('',(0.,1.));
#5918 = VECTOR('',#5919,1.);
#5919 = DIRECTION('',(1.,0.));
#5920 = ( GEOMETRIC_REPRESENTATION_CONTEXT(2) 
PARAMETRIC_REPRESENTATION_CONTEXT() REPRESENTATION_CONTEXT('2D SPACE',''
  ) );
#5921 = PCURVE('',#5922,#5939);
#5922 = B_SPLINE_SURFACE_WITH_KNOTS('',3,3,(
    (#5923,#5924,#5925,#5926)
    ,(#5927,#5928,#5929,#5930)
    ,(#5931,#5932,#5933,#5934)
    ,(#5935,#5936,#5937,#5938
    )),.UNSPECIFIED.,.F.,.F.,.F.,(4,4),(4,4),(0.,1.),(0.,1.),
  .PIECEWISE_BEZIER_KNOTS.);
#5923 = CARTESIAN_POINT('',(-24.92463344943,13.17128113795,0.));
#5924 = CARTESIAN_POINT('',(-23.97366941939,13.05205795849,0.));
#5925 = CARTESIAN_POINT('',(-23.29024847341,14.235777759884,0.));
#5926 = CARTESIAN_POINT('',(-23.86898079056,14.99972517825,0.));
#5927 = CARTESIAN_POINT('',(-23.96600427532,14.985751531158,
    6.000000849768));
#5928 = CARTESIAN_POINT('',(-23.0237125736,14.797302421568,
    6.000000849768));
#5929 = CARTESIAN_POINT('',(-22.25411846978,15.931280888857,
    6.000000849768));
#5930 = CARTESIAN_POINT('',(-22.7772434293,16.737362147036,
    6.000000849768));
#5931 = CARTESIAN_POINT('',(-22.80834987573,16.694947913207,
    11.999999150232));
#5932 = CARTESIAN_POINT('',(-21.88232523273,16.438228068619,
    11.999999150232));
#5933 = CARTESIAN_POINT('',(-21.03202000067,17.51301328494,
    11.999999150232));
#5934 = CARTESIAN_POINT('',(-21.49491781844,18.355125111453,
    11.999999150232));
#5935 = CARTESIAN_POINT('',(-21.47909009154,18.258386791903,18.));
#5936 = CARTESIAN_POINT('',(-20.57654194121,17.935968446778,18.));
#5937 = CARTESIAN_POINT('',(-19.65289930907,18.943510528138,18.));
#5938 = CARTESIAN_POINT('',(-20.05237672229,19.81469624271,18.));
#5939 = DEFINITIONAL_REPRESENTATION('',(#5940),#5944);
#5940 = LINE('',#5941,#5942);
#5941 = CARTESIAN_POINT('',(0.,0.));
#5942 = VECTOR('',#5943,1.);
#5943 = DIRECTION('',(1.,0.));
#5944 = ( GEOMETRIC_REPRESENTATION_CONTEXT(2) 
PARAMETRIC_REPRESENTATION_CONTEXT() REPRESENTATION_CONTEXT('2D SPACE',''
  ) );
#5945 = ADVANCED_FACE('',(#5946),#5922,.T.);
#5946 = FACE_BOUND('',#5947,.T.);
#5947 = EDGE_LOOP('',(#5948,#5973,#5974,#5999));
#5948 = ORIENTED_EDGE('',*,*,#5949,.F.);
#5949 = EDGE_CURVE('',#5857,#5950,#5952,.T.);
#5950 = VERTEX_POINT('',#5951);
#5951 = CARTESIAN_POINT('',(-23.86898079056,14.99972517825,0.));
#5952 = SURFACE_CURVE('',#5953,(#5958,#5965),.PCURVE_S1.);
#5953 = B_SPLINE_CURVE_WITH_KNOTS('',3,(#5954,#5955,#5956,#5957),
  .UNSPECIFIED.,.F.,.F.,(4,4),(0.,1.),.PIECEWISE_BEZIER_KNOTS.);
#5954 = CARTESIAN_POINT('',(-24.92463344943,13.17128113795,0.));
#5955 = CARTESIAN_POINT('',(-23.97366941939,13.05205795849,0.));
#5956 = CARTESIAN_POINT('',(-23.29024847341,14.235777759884,0.));
#5957 = CARTESIAN_POINT('',(-23.86898079056,14.99972517825,0.));
#5958 = PCURVE('',#5922,#5959);
#5959 = DEFINITIONAL_REPRESENTATION('',(#5960),#5964);
#5960 = LINE('',#5961,#5962);
#5961 = CARTESIAN_POINT('',(0.,0.));
#5962 = VECTOR('',#5963,1.);
#5963 = DIRECTION('',(0.,1.));
#5964 = ( GEOMETRIC_REPRESENTATION_CONTEXT(2) 
PARAMETRIC_REPRESENTATION_CONTEXT() REPRESENTATION_CONTEXT('2D SPACE',''
  ) );
#5965 = PCURVE('',#57,#5966);
#5966 = DEFINITIONAL_REPRESENTATION('',(#5967),#5972);
#5967 = B_SPLINE_CURVE_WITH_KNOTS('',3,(#5968,#5969,#5970,#5971),
  .UNSPECIFIED.,.F.,.F.,(4,4),(0.,1.),.PIECEWISE_BEZIER_KNOTS.);
#5968 = CARTESIAN_POINT('',(-24.92463344943,13.17128113795));
#5969 = CARTESIAN_POINT('',(-23.97366941939,13.05205795849));
#5970 = CARTESIAN_POINT('',(-23.29024847341,14.235777759884));
#5971 = CARTESIAN_POINT('',(-23.86898079056,14.99972517825));
#5972 = ( GEOMETRIC_REPRESENTATION_CONTEXT(2) 
PARAMETRIC_REPRESENTATION_CONTEXT() REPRESENTATION_CONTEXT('2D SPACE',''
  ) );
#5973 = ORIENTED_EDGE('',*,*,#5907,.T.);
#5974 = ORIENTED_EDGE('',*,*,#5975,.T.);
#5975 = EDGE_CURVE('',#5883,#5976,#5978,.T.);
#5976 = VERTEX_POINT('',#5977);
#5977 = CARTESIAN_POINT('',(-20.05237672229,19.81469624271,18.));
#5978 = SURFACE_CURVE('',#5979,(#5984,#5991),.PCURVE_S1.);
#5979 = B_SPLINE_CURVE_WITH_KNOTS('',3,(#5980,#5981,#5982,#5983),
  .UNSPECIFIED.,.F.,.F.,(4,4),(0.,1.),.PIECEWISE_BEZIER_KNOTS.);
#5980 = CARTESIAN_POINT('',(-21.47909009154,18.258386791903,18.));
#5981 = CARTESIAN_POINT('',(-20.57654194121,17.935968446778,18.));
#5982 = CARTESIAN_POINT('',(-19.65289930907,18.943510528138,18.));
#5983 = CARTESIAN_POINT('',(-20.05237672229,19.81469624271,18.));
#5984 = PCURVE('',#5922,#5985);
#5985 = DEFINITIONAL_REPRESENTATION('',(#5986),#5990);
#5986 = LINE('',#5987,#5988);
#5987 = CARTESIAN_POINT('',(1.,0.));
#5988 = VECTOR('',#5989,1.);
#5989 = DIRECTION('',(0.,1.));
#5990 = ( GEOMETRIC_REPRESENTATION_CONTEXT(2) 
PARAMETRIC_REPRESENTATION_CONTEXT() REPRESENTATION_CONTEXT('2D SPACE',''
  ) );
#5991 = PCURVE('',#128,#5992);
#5992 = DEFINITIONAL_REPRESENTATION('',(#5993),#5998);
#5993 = B_SPLINE_CURVE_WITH_KNOTS('',3,(#5994,#5995,#5996,#5997),
  .UNSPECIFIED.,.F.,.F.,(4,4),(0.,1.),.PIECEWISE_BEZIER_KNOTS.);
#5994 = CARTESIAN_POINT('',(21.479090091547,18.258386791903));
#5995 = CARTESIAN_POINT('',(20.576541941214,17.935968446778));
#5996 = CARTESIAN_POINT('',(19.652899309076,18.943510528138));
#5997 = CARTESIAN_POINT('',(20.052376722291,19.81469624271));
#5998 = ( GEOMETRIC_REPRESENTATION_CONTEXT(2) 
PARAMETRIC_REPRESENTATION_CONTEXT() REPRESENTATION_CONTEXT('2D SPACE',''
  ) );
#5999 = ORIENTED_EDGE('',*,*,#6000,.F.);
#6000 = EDGE_CURVE('',#5950,#5976,#6001,.T.);
#6001 = SURFACE_CURVE('',#6002,(#6007,#6014),.PCURVE_S1.);
#6002 = B_SPLINE_CURVE_WITH_KNOTS('',3,(#6003,#6004,#6005,#6006),
  .UNSPECIFIED.,.F.,.F.,(4,4),(0.,1.),.PIECEWISE_BEZIER_KNOTS.);
#6003 = CARTESIAN_POINT('',(-23.86898079056,14.99972517825,0.));
#6004 = CARTESIAN_POINT('',(-22.7772434293,16.737362147036,
    6.000000849768));
#6005 = CARTESIAN_POINT('',(-21.49491781844,18.355125111453,
    11.999999150232));
#6006 = CARTESIAN_POINT('',(-20.05237672229,19.81469624271,18.));
#6007 = PCURVE('',#5922,#6008);
#6008 = DEFINITIONAL_REPRESENTATION('',(#6009),#6013);
#6009 = LINE('',#6010,#6011);
#6010 = CARTESIAN_POINT('',(0.,1.));
#6011 = VECTOR('',#6012,1.);
#6012 = DIRECTION('',(1.,0.));
#6013 = ( GEOMETRIC_REPRESENTATION_CONTEXT(2) 
PARAMETRIC_REPRESENTATION_CONTEXT() REPRESENTATION_CONTEXT('2D SPACE',''
  ) );
#6014 = PCURVE('',#6015,#6032);
#6015 = B_SPLINE_SURFACE_WITH_KNOTS('',3,3,(
    (#6016,#6017,#6018,#6019)
    ,(#6020,#6021,#6022,#6023)
    ,(#6024,#6025,#6026,#6027)
    ,(#6028,#6029,#6030,#6031
    )),.UNSPECIFIED.,.F.,.F.,.F.,(4,4),(4,4),(0.,1.),(0.,1.),
  .PIECEWISE_BEZIER_KNOTS.);
#6016 = CARTESIAN_POINT('',(-23.86898079056,14.99972517825,0.));
#6017 = CARTESIAN_POINT('',(-24.94673630076,15.83017379638,0.));
#6018 = CARTESIAN_POINT('',(-25.6874380426,17.019681820483,0.));
#6019 = CARTESIAN_POINT('',(-26.3150649915,18.207618034566,0.));
#6020 = CARTESIAN_POINT('',(-22.77724340084,16.737362184024,
    6.000000986407));
#6021 = CARTESIAN_POINT('',(-23.7945540213,17.646271328051,
    6.000000986407));
#6022 = CARTESIAN_POINT('',(-24.44867096199,18.88970660631,
    6.000000986407));
#6023 = CARTESIAN_POINT('',(-24.98982675814,20.12333882088,
    6.000000986407));
#6024 = CARTESIAN_POINT('',(-21.49491784795,18.355125075303,
    11.999999013593));
#6025 = CARTESIAN_POINT('',(-22.44317843836,19.335858771722,
    11.999999013593));
#6026 = CARTESIAN_POINT('',(-23.00479853001,20.623718677128,
    11.999999013593));
#6027 = CARTESIAN_POINT('',(-23.45447421985,21.893557174932,
    11.999999013593));
#6028 = CARTESIAN_POINT('',(-20.05237672229,19.81469624271,18.));
#6029 = CARTESIAN_POINT('',(-20.92461763048,20.858917313743,18.));
#6030 = CARTESIAN_POINT('',(-21.39001966431,22.180646997407,18.));
#6031 = CARTESIAN_POINT('',(-21.74537305121,23.476344495336,18.));
#6032 = DEFINITIONAL_REPRESENTATION('',(#6033),#6037);
#6033 = LINE('',#6034,#6035);
#6034 = CARTESIAN_POINT('',(0.,0.));
#6035 = VECTOR('',#6036,1.);
#6036 = DIRECTION('',(1.,0.));
#6037 = ( GEOMETRIC_REPRESENTATION_CONTEXT(2) 
PARAMETRIC_REPRESENTATION_CONTEXT() REPRESENTATION_CONTEXT('2D SPACE',''
  ) );
#6038 = ADVANCED_FACE('',(#6039),#6015,.T.);
#6039 = FACE_BOUND('',#6040,.T.);
#6040 = EDGE_LOOP('',(#6041,#6066,#6067,#6092));
#6041 = ORIENTED_EDGE('',*,*,#6042,.F.);
#6042 = EDGE_CURVE('',#5950,#6043,#6045,.T.);
#6043 = VERTEX_POINT('',#6044);
#6044 = CARTESIAN_POINT('',(-26.3150649915,18.207618034566,0.));
#6045 = SURFACE_CURVE('',#6046,(#6051,#6058),.PCURVE_S1.);
#6046 = B_SPLINE_CURVE_WITH_KNOTS('',3,(#6047,#6048,#6049,#6050),
  .UNSPECIFIED.,.F.,.F.,(4,4),(0.,1.),.PIECEWISE_BEZIER_KNOTS.);
#6047 = CARTESIAN_POINT('',(-23.86898079056,14.99972517825,0.));
#6048 = CARTESIAN_POINT('',(-24.94673630076,15.83017379638,0.));
#6049 = CARTESIAN_POINT('',(-25.6874380426,17.019681820483,0.));
#6050 = CARTESIAN_POINT('',(-26.3150649915,18.207618034566,0.));
#6051 = PCURVE('',#6015,#6052);
#6052 = DEFINITIONAL_REPRESENTATION('',(#6053),#6057);
#6053 = LINE('',#6054,#6055);
#6054 = CARTESIAN_POINT('',(0.,0.));
#6055 = VECTOR('',#6056,1.);
#6056 = DIRECTION('',(0.,1.));
#6057 = ( GEOMETRIC_REPRESENTATION_CONTEXT(2) 
PARAMETRIC_REPRESENTATION_CONTEXT() REPRESENTATION_CONTEXT('2D SPACE',''
  ) );
#6058 = PCURVE('',#57,#6059);
#6059 = DEFINITIONAL_REPRESENTATION('',(#6060),#6065);
#6060 = B_SPLINE_CURVE_WITH_KNOTS('',3,(#6061,#6062,#6063,#6064),
  .UNSPECIFIED.,.F.,.F.,(4,4),(0.,1.),.PIECEWISE_BEZIER_KNOTS.);
#6061 = CARTESIAN_POINT('',(-23.86898079056,14.99972517825));
#6062 = CARTESIAN_POINT('',(-24.94673630076,15.83017379638));
#6063 = CARTESIAN_POINT('',(-25.6874380426,17.019681820483));
#6064 = CARTESIAN_POINT('',(-26.3150649915,18.207618034566));
#6065 = ( GEOMETRIC_REPRESENTATION_CONTEXT(2) 
PARAMETRIC_REPRESENTATION_CONTEXT() REPRESENTATION_CONTEXT('2D SPACE',''
  ) );
#6066 = ORIENTED_EDGE('',*,*,#6000,.T.);
#6067 = ORIENTED_EDGE('',*,*,#6068,.T.);
#6068 = EDGE_CURVE('',#5976,#6069,#6071,.T.);
#6069 = VERTEX_POINT('',#6070);
#6070 = CARTESIAN_POINT('',(-21.74537305121,23.476344495336,18.));
#6071 = SURFACE_CURVE('',#6072,(#6077,#6084),.PCURVE_S1.);
#6072 = B_SPLINE_CURVE_WITH_KNOTS('',3,(#6073,#6074,#6075,#6076),
  .UNSPECIFIED.,.F.,.F.,(4,4),(0.,1.),.PIECEWISE_BEZIER_KNOTS.);
#6073 = CARTESIAN_POINT('',(-20.05237672229,19.81469624271,18.));
#6074 = CARTESIAN_POINT('',(-20.92461763048,20.858917313743,18.));
#6075 = CARTESIAN_POINT('',(-21.39001966431,22.180646997407,18.));
#6076 = CARTESIAN_POINT('',(-21.74537305121,23.476344495336,18.));
#6077 = PCURVE('',#6015,#6078);
#6078 = DEFINITIONAL_REPRESENTATION('',(#6079),#6083);
#6079 = LINE('',#6080,#6081);
#6080 = CARTESIAN_POINT('',(1.,0.));
#6081 = VECTOR('',#6082,1.);
#6082 = DIRECTION('',(0.,1.));
#6083 = ( GEOMETRIC_REPRESENTATION_CONTEXT(2) 
PARAMETRIC_REPRESENTATION_CONTEXT() REPRESENTATION_CONTEXT('2D SPACE',''
  ) );
#6084 = PCURVE('',#128,#6085);
#6085 = DEFINITIONAL_REPRESENTATION('',(#6086),#6091);
#6086 = B_SPLINE_CURVE_WITH_KNOTS('',3,(#6087,#6088,#6089,#6090),
  .UNSPECIFIED.,.F.,.F.,(4,4),(0.,1.),.PIECEWISE_BEZIER_KNOTS.);
#6087 = CARTESIAN_POINT('',(20.052376722291,19.81469624271));
#6088 = CARTESIAN_POINT('',(20.924617630487,20.858917313743));
#6089 = CARTESIAN_POINT('',(21.390019664311,22.180646997407));
#6090 = CARTESIAN_POINT('',(21.74537305121,23.476344495336));
#6091 = ( GEOMETRIC_REPRESENTATION_CONTEXT(2) 
PARAMETRIC_REPRESENTATION_CONTEXT() REPRESENTATION_CONTEXT('2D SPACE',''
  ) );
#6092 = ORIENTED_EDGE('',*,*,#6093,.F.);
#6093 = EDGE_CURVE('',#6043,#6069,#6094,.T.);
#6094 = SURFACE_CURVE('',#6095,(#6100,#6107),.PCURVE_S1.);
#6095 = B_SPLINE_CURVE_WITH_KNOTS('',3,(#6096,#6097,#6098,#6099),
  .UNSPECIFIED.,.F.,.F.,(4,4),(0.,1.),.PIECEWISE_BEZIER_KNOTS.);
#6096 = CARTESIAN_POINT('',(-26.3150649915,18.207618034566,0.));
#6097 = CARTESIAN_POINT('',(-24.98982675814,20.12333882088,
    6.000000986407));
#6098 = CARTESIAN_POINT('',(-23.45447421985,21.893557174932,
    11.999999013593));
#6099 = CARTESIAN_POINT('',(-21.74537305121,23.476344495336,18.));
#6100 = PCURVE('',#6015,#6101);
#6101 = DEFINITIONAL_REPRESENTATION('',(#6102),#6106);
#6102 = LINE('',#6103,#6104);
#6103 = CARTESIAN_POINT('',(0.,1.));
#6104 = VECTOR('',#6105,1.);
#6105 = DIRECTION('',(1.,0.));
#6106 = ( GEOMETRIC_REPRESENTATION_CONTEXT(2) 
PARAMETRIC_REPRESENTATION_CONTEXT() REPRESENTATION_CONTEXT('2D SPACE',''
  ) );
#6107 = PCURVE('',#6108,#6125);
#6108 = B_SPLINE_SURFACE_WITH_KNOTS('',3,3,(
    (#6109,#6110,#6111,#6112)
    ,(#6113,#6114,#6115,#6116)
    ,(#6117,#6118,#6119,#6120)
    ,(#6121,#6122,#6123,#6124
    )),.UNSPECIFIED.,.F.,.F.,.F.,(4,4),(4,4),(0.,1.),(0.,1.),
  .PIECEWISE_BEZIER_KNOTS.);
#6109 = CARTESIAN_POINT('',(-26.3150649915,18.207618034566,0.));
#6110 = CARTESIAN_POINT('',(-26.03535082261,18.611883450565,0.));
#6111 = CARTESIAN_POINT('',(-25.74631889488,19.009701770329,0.));
#6112 = CARTESIAN_POINT('',(-25.44827606844,19.400650637136,0.));
#6113 = CARTESIAN_POINT('',(-24.98982673137,20.123338852664,
    6.000001093596));
#6114 = CARTESIAN_POINT('',(-24.68068228466,20.50724532233,
    6.000001093596));
#6115 = CARTESIAN_POINT('',(-24.36268932988,20.884026368551,
    6.000001093596));
#6116 = CARTESIAN_POINT('',(-24.03618547456,21.253281969511,
    6.000001093596));
#6117 = CARTESIAN_POINT('',(-23.45447424753,21.893557143935,
    11.999998906404));
#6118 = CARTESIAN_POINT('',(-23.11813480268,22.253876785667,
    11.999998906404));
#6119 = CARTESIAN_POINT('',(-22.77349049872,22.606444197422,
    11.999998906404));
#6120 = CARTESIAN_POINT('',(-22.42090723846,22.950885064572,
    11.999998906404));
#6121 = CARTESIAN_POINT('',(-21.74537305121,23.476344495336,18.));
#6122 = CARTESIAN_POINT('',(-21.38471801359,23.810408092118,18.));
#6123 = CARTESIAN_POINT('',(-21.01636328747,24.136159019258,18.));
#6124 = CARTESIAN_POINT('',(-20.6406999486,24.453251432721,18.));
#6125 = DEFINITIONAL_REPRESENTATION('',(#6126),#6130);
#6126 = LINE('',#6127,#6128);
#6127 = CARTESIAN_POINT('',(0.,0.));
#6128 = VECTOR('',#6129,1.);
#6129 = DIRECTION('',(1.,0.));
#6130 = ( GEOMETRIC_REPRESENTATION_CONTEXT(2) 
PARAMETRIC_REPRESENTATION_CONTEXT() REPRESENTATION_CONTEXT('2D SPACE',''
  ) );
#6131 = ADVANCED_FACE('',(#6132),#6108,.T.);
#6132 = FACE_BOUND('',#6133,.T.);
#6133 = EDGE_LOOP('',(#6134,#6159,#6160,#6185));
#6134 = ORIENTED_EDGE('',*,*,#6135,.F.);
#6135 = EDGE_CURVE('',#6043,#6136,#6138,.T.);
#6136 = VERTEX_POINT('',#6137);
#6137 = CARTESIAN_POINT('',(-25.44827606844,19.400650637136,0.));
#6138 = SURFACE_CURVE('',#6139,(#6144,#6151),.PCURVE_S1.);
#6139 = B_SPLINE_CURVE_WITH_KNOTS('',3,(#6140,#6141,#6142,#6143),
  .UNSPECIFIED.,.F.,.F.,(4,4),(0.,1.),.PIECEWISE_BEZIER_KNOTS.);
#6140 = CARTESIAN_POINT('',(-26.3150649915,18.207618034566,0.));
#6141 = CARTESIAN_POINT('',(-26.03535082261,18.611883450565,0.));
#6142 = CARTESIAN_POINT('',(-25.74631889488,19.009701770329,0.));
#6143 = CARTESIAN_POINT('',(-25.44827606844,19.400650637136,0.));
#6144 = PCURVE('',#6108,#6145);
#6145 = DEFINITIONAL_REPRESENTATION('',(#6146),#6150);
#6146 = LINE('',#6147,#6148);
#6147 = CARTESIAN_POINT('',(0.,0.));
#6148 = VECTOR('',#6149,1.);
#6149 = DIRECTION('',(0.,1.));
#6150 = ( GEOMETRIC_REPRESENTATION_CONTEXT(2) 
PARAMETRIC_REPRESENTATION_CONTEXT() REPRESENTATION_CONTEXT('2D SPACE',''
  ) );
#6151 = PCURVE('',#57,#6152);
#6152 = DEFINITIONAL_REPRESENTATION('',(#6153),#6158);
#6153 = B_SPLINE_CURVE_WITH_KNOTS('',3,(#6154,#6155,#6156,#6157),
  .UNSPECIFIED.,.F.,.F.,(4,4),(0.,1.),.PIECEWISE_BEZIER_KNOTS.);
#6154 = CARTESIAN_POINT('',(-26.3150649915,18.207618034566));
#6155 = CARTESIAN_POINT('',(-26.03535082261,18.611883450565));
#6156 = CARTESIAN_POINT('',(-25.74631889488,19.009701770329));
#6157 = CARTESIAN_POINT('',(-25.44827606844,19.400650637136));
#6158 = ( GEOMETRIC_REPRESENTATION_CONTEXT(2) 
PARAMETRIC_REPRESENTATION_CONTEXT() REPRESENTATION_CONTEXT('2D SPACE',''
  ) );
#6159 = ORIENTED_EDGE('',*,*,#6093,.T.);
#6160 = ORIENTED_EDGE('',*,*,#6161,.T.);
#6161 = EDGE_CURVE('',#6069,#6162,#6164,.T.);
#6162 = VERTEX_POINT('',#6163);
#6163 = CARTESIAN_POINT('',(-20.6406999486,24.453251432721,18.));
#6164 = SURFACE_CURVE('',#6165,(#6170,#6177),.PCURVE_S1.);
#6165 = B_SPLINE_CURVE_WITH_KNOTS('',3,(#6166,#6167,#6168,#6169),
  .UNSPECIFIED.,.F.,.F.,(4,4),(0.,1.),.PIECEWISE_BEZIER_KNOTS.);
#6166 = CARTESIAN_POINT('',(-21.74537305121,23.476344495336,18.));
#6167 = CARTESIAN_POINT('',(-21.38471801359,23.810408092118,18.));
#6168 = CARTESIAN_POINT('',(-21.01636328747,24.136159019258,18.));
#6169 = CARTESIAN_POINT('',(-20.6406999486,24.453251432721,18.));
#6170 = PCURVE('',#6108,#6171);
#6171 = DEFINITIONAL_REPRESENTATION('',(#6172),#6176);
#6172 = LINE('',#6173,#6174);
#6173 = CARTESIAN_POINT('',(1.,0.));
#6174 = VECTOR('',#6175,1.);
#6175 = DIRECTION('',(0.,1.));
#6176 = ( GEOMETRIC_REPRESENTATION_CONTEXT(2) 
PARAMETRIC_REPRESENTATION_CONTEXT() REPRESENTATION_CONTEXT('2D SPACE',''
  ) );
#6177 = PCURVE('',#128,#6178);
#6178 = DEFINITIONAL_REPRESENTATION('',(#6179),#6184);
#6179 = B_SPLINE_CURVE_WITH_KNOTS('',3,(#6180,#6181,#6182,#6183),
  .UNSPECIFIED.,.F.,.F.,(4,4),(0.,1.),.PIECEWISE_BEZIER_KNOTS.);
#6180 = CARTESIAN_POINT('',(21.74537305121,23.476344495336));
#6181 = CARTESIAN_POINT('',(21.384718013594,23.810408092118));
#6182 = CARTESIAN_POINT('',(21.016363287477,24.136159019258));
#6183 = CARTESIAN_POINT('',(20.6406999486,24.453251432721));
#6184 = ( GEOMETRIC_REPRESENTATION_CONTEXT(2) 
PARAMETRIC_REPRESENTATION_CONTEXT() REPRESENTATION_CONTEXT('2D SPACE',''
  ) );
#6185 = ORIENTED_EDGE('',*,*,#6186,.F.);
#6186 = EDGE_CURVE('',#6136,#6162,#6187,.T.);
#6187 = SURFACE_CURVE('',#6188,(#6193,#6200),.PCURVE_S1.);
#6188 = B_SPLINE_CURVE_WITH_KNOTS('',3,(#6189,#6190,#6191,#6192),
  .UNSPECIFIED.,.F.,.F.,(4,4),(0.,1.),.PIECEWISE_BEZIER_KNOTS.);
#6189 = CARTESIAN_POINT('',(-25.44827606844,19.400650637136,0.));
#6190 = CARTESIAN_POINT('',(-24.03618550276,21.253281938994,
    6.000000986407));
#6191 = CARTESIAN_POINT('',(-22.42090720938,22.950885094261,
    11.999999013593));
#6192 = CARTESIAN_POINT('',(-20.6406999486,24.453251432721,18.));
#6193 = PCURVE('',#6108,#6194);
#6194 = DEFINITIONAL_REPRESENTATION('',(#6195),#6199);
#6195 = LINE('',#6196,#6197);
#6196 = CARTESIAN_POINT('',(0.,1.));
#6197 = VECTOR('',#6198,1.);
#6198 = DIRECTION('',(1.,0.));
#6199 = ( GEOMETRIC_REPRESENTATION_CONTEXT(2) 
PARAMETRIC_REPRESENTATION_CONTEXT() REPRESENTATION_CONTEXT('2D SPACE',''
  ) );
#6200 = PCURVE('',#6201,#6218);
#6201 = B_SPLINE_SURFACE_WITH_KNOTS('',3,3,(
    (#6202,#6203,#6204,#6205)
    ,(#6206,#6207,#6208,#6209)
    ,(#6210,#6211,#6212,#6213)
    ,(#6214,#6215,#6216,#6217
    )),.UNSPECIFIED.,.F.,.F.,.F.,(4,4),(4,4),(0.,1.),(0.,1.),
  .PIECEWISE_BEZIER_KNOTS.);
#6202 = CARTESIAN_POINT('',(-25.44827606844,19.400650637136,0.));
#6203 = CARTESIAN_POINT('',(-24.12453419775,19.170834415965,0.));
#6204 = CARTESIAN_POINT('',(-22.76435541426,18.833963392152,0.));
#6205 = CARTESIAN_POINT('',(-21.6415070761,18.06557972716,0.));
#6206 = CARTESIAN_POINT('',(-24.03618550276,21.253281938994,
    6.000000986407));
#6207 = CARTESIAN_POINT('',(-22.72916400364,20.927102789818,
    6.000000986407));
#6208 = CARTESIAN_POINT('',(-21.39349836296,20.491215694778,
    6.000000986407));
#6209 = CARTESIAN_POINT('',(-20.3265766089,19.641089409261,
    6.000000986407));
#6210 = CARTESIAN_POINT('',(-22.42090720938,22.950885094261,
    11.999999013593));
#6211 = CARTESIAN_POINT('',(-21.14117774347,22.530182669009,
    11.999999013593));
#6212 = CARTESIAN_POINT('',(-19.84088758236,21.997974288563,
    11.999999013593));
#6213 = CARTESIAN_POINT('',(-18.83885789299,21.072245801242,
    11.999999013593));
#6214 = CARTESIAN_POINT('',(-20.6406999486,24.453251432721,18.));
#6215 = CARTESIAN_POINT('',(-19.39818775064,23.942104219425,18.));
#6216 = CARTESIAN_POINT('',(-18.14329751802,23.318550762345,18.));
#6217 = CARTESIAN_POINT('',(-17.21358836948,22.325151171931,18.));
#6218 = DEFINITIONAL_REPRESENTATION('',(#6219),#6223);
#6219 = LINE('',#6220,#6221);
#6220 = CARTESIAN_POINT('',(0.,0.));
#6221 = VECTOR('',#6222,1.);
#6222 = DIRECTION('',(1.,0.));
#6223 = ( GEOMETRIC_REPRESENTATION_CONTEXT(2) 
PARAMETRIC_REPRESENTATION_CONTEXT() REPRESENTATION_CONTEXT('2D SPACE',''
  ) );
#6224 = ADVANCED_FACE('',(#6225),#6201,.T.);
#6225 = FACE_BOUND('',#6226,.T.);
#6226 = EDGE_LOOP('',(#6227,#6252,#6253,#6278));
#6227 = ORIENTED_EDGE('',*,*,#6228,.F.);
#6228 = EDGE_CURVE('',#6136,#6229,#6231,.T.);
#6229 = VERTEX_POINT('',#6230);
#6230 = CARTESIAN_POINT('',(-21.6415070761,18.06557972716,0.));
#6231 = SURFACE_CURVE('',#6232,(#6237,#6244),.PCURVE_S1.);
#6232 = B_SPLINE_CURVE_WITH_KNOTS('',3,(#6233,#6234,#6235,#6236),
  .UNSPECIFIED.,.F.,.F.,(4,4),(0.,1.),.PIECEWISE_BEZIER_KNOTS.);
#6233 = CARTESIAN_POINT('',(-25.44827606844,19.400650637136,0.));
#6234 = CARTESIAN_POINT('',(-24.12453419775,19.170834415965,0.));
#6235 = CARTESIAN_POINT('',(-22.76435541426,18.833963392152,0.));
#6236 = CARTESIAN_POINT('',(-21.6415070761,18.06557972716,0.));
#6237 = PCURVE('',#6201,#6238);
#6238 = DEFINITIONAL_REPRESENTATION('',(#6239),#6243);
#6239 = LINE('',#6240,#6241);
#6240 = CARTESIAN_POINT('',(0.,0.));
#6241 = VECTOR('',#6242,1.);
#6242 = DIRECTION('',(0.,1.));
#6243 = ( GEOMETRIC_REPRESENTATION_CONTEXT(2) 
PARAMETRIC_REPRESENTATION_CONTEXT() REPRESENTATION_CONTEXT('2D SPACE',''
  ) );
#6244 = PCURVE('',#57,#6245);
#6245 = DEFINITIONAL_REPRESENTATION('',(#6246),#6251);
#6246 = B_SPLINE_CURVE_WITH_KNOTS('',3,(#6247,#6248,#6249,#6250),
  .UNSPECIFIED.,.F.,.F.,(4,4),(0.,1.),.PIECEWISE_BEZIER_KNOTS.);
#6247 = CARTESIAN_POINT('',(-25.44827606844,19.400650637136));
#6248 = CARTESIAN_POINT('',(-24.12453419775,19.170834415965));
#6249 = CARTESIAN_POINT('',(-22.76435541426,18.833963392152));
#6250 = CARTESIAN_POINT('',(-21.6415070761,18.06557972716));
#6251 = ( GEOMETRIC_REPRESENTATION_CONTEXT(2) 
PARAMETRIC_REPRESENTATION_CONTEXT() REPRESENTATION_CONTEXT('2D SPACE',''
  ) );
#6252 = ORIENTED_EDGE('',*,*,#6186,.T.);
#6253 = ORIENTED_EDGE('',*,*,#6254,.T.);
#6254 = EDGE_CURVE('',#6162,#6255,#6257,.T.);
#6255 = VERTEX_POINT('',#6256);
#6256 = CARTESIAN_POINT('',(-17.21358836948,22.325151171931,18.));
#6257 = SURFACE_CURVE('',#6258,(#6263,#6270),.PCURVE_S1.);
#6258 = B_SPLINE_CURVE_WITH_KNOTS('',3,(#6259,#6260,#6261,#6262),
  .UNSPECIFIED.,.F.,.F.,(4,4),(0.,1.),.PIECEWISE_BEZIER_KNOTS.);
#6259 = CARTESIAN_POINT('',(-20.6406999486,24.453251432721,18.));
#6260 = CARTESIAN_POINT('',(-19.39818775064,23.942104219425,18.));
#6261 = CARTESIAN_POINT('',(-18.14329751802,23.318550762345,18.));
#6262 = CARTESIAN_POINT('',(-17.21358836948,22.325151171931,18.));
#6263 = PCURVE('',#6201,#6264);
#6264 = DEFINITIONAL_REPRESENTATION('',(#6265),#6269);
#6265 = LINE('',#6266,#6267);
#6266 = CARTESIAN_POINT('',(1.,0.));
#6267 = VECTOR('',#6268,1.);
#6268 = DIRECTION('',(0.,1.));
#6269 = ( GEOMETRIC_REPRESENTATION_CONTEXT(2) 
PARAMETRIC_REPRESENTATION_CONTEXT() REPRESENTATION_CONTEXT('2D SPACE',''
  ) );
#6270 = PCURVE('',#128,#6271);
#6271 = DEFINITIONAL_REPRESENTATION('',(#6272),#6277);
#6272 = B_SPLINE_CURVE_WITH_KNOTS('',3,(#6273,#6274,#6275,#6276),
  .UNSPECIFIED.,.F.,.F.,(4,4),(0.,1.),.PIECEWISE_BEZIER_KNOTS.);
#6273 = CARTESIAN_POINT('',(20.6406999486,24.453251432721));
#6274 = CARTESIAN_POINT('',(19.398187750648,23.942104219425));
#6275 = CARTESIAN_POINT('',(18.143297518026,23.318550762345));
#6276 = CARTESIAN_POINT('',(17.213588369482,22.325151171931));
#6277 = ( GEOMETRIC_REPRESENTATION_CONTEXT(2) 
PARAMETRIC_REPRESENTATION_CONTEXT() REPRESENTATION_CONTEXT('2D SPACE',''
  ) );
#6278 = ORIENTED_EDGE('',*,*,#6279,.F.);
#6279 = EDGE_CURVE('',#6229,#6255,#6280,.T.);
#6280 = SURFACE_CURVE('',#6281,(#6286,#6293),.PCURVE_S1.);
#6281 = B_SPLINE_CURVE_WITH_KNOTS('',3,(#6282,#6283,#6284,#6285),
  .UNSPECIFIED.,.F.,.F.,(4,4),(0.,1.),.PIECEWISE_BEZIER_KNOTS.);
#6282 = CARTESIAN_POINT('',(-21.6415070761,18.06557972716,0.));
#6283 = CARTESIAN_POINT('',(-20.32657664207,19.641089376424,
    6.000000849768));
#6284 = CARTESIAN_POINT('',(-18.83885785889,21.072245833106,
    11.999999150232));
#6285 = CARTESIAN_POINT('',(-17.21358836948,22.325151171931,18.));
#6286 = PCURVE('',#6201,#6287);
#6287 = DEFINITIONAL_REPRESENTATION('',(#6288),#6292);
#6288 = LINE('',#6289,#6290);
#6289 = CARTESIAN_POINT('',(0.,1.));
#6290 = VECTOR('',#6291,1.);
#6291 = DIRECTION('',(1.,0.));
#6292 = ( GEOMETRIC_REPRESENTATION_CONTEXT(2) 
PARAMETRIC_REPRESENTATION_CONTEXT() REPRESENTATION_CONTEXT('2D SPACE',''
  ) );
#6293 = PCURVE('',#6294,#6311);
#6294 = B_SPLINE_SURFACE_WITH_KNOTS('',3,3,(
    (#6295,#6296,#6297,#6298)
    ,(#6299,#6300,#6301,#6302)
    ,(#6303,#6304,#6305,#6306)
    ,(#6307,#6308,#6309,#6310
    )),.UNSPECIFIED.,.F.,.F.,.F.,(4,4),(4,4),(0.,1.),(0.,1.),
  .PIECEWISE_BEZIER_KNOTS.);
#6295 = CARTESIAN_POINT('',(-21.6415070761,18.06557972716,0.));
#6296 = CARTESIAN_POINT('',(-20.73611178456,17.751245320829,0.));
#6297 = CARTESIAN_POINT('',(-19.8215160406,18.767006800084,0.));
#6298 = CARTESIAN_POINT('',(-20.22876806864,19.634585349036,0.));
#6299 = CARTESIAN_POINT('',(-20.32657664207,19.641089376424,
    6.000000849768));
#6300 = CARTESIAN_POINT('',(-19.44405704784,19.260844871068,
    6.000000849768));
#6301 = CARTESIAN_POINT('',(-18.45551304117,20.210035576765,
    6.000000849768));
#6302 = CARTESIAN_POINT('',(-18.79961274788,21.107265820289,
    6.000000849768));
#6303 = CARTESIAN_POINT('',(-18.83885785889,21.072245833106,
    11.999999150232));
#6304 = CARTESIAN_POINT('',(-17.98644413308,20.628604583797,
    11.999999150232));
#6305 = CARTESIAN_POINT('',(-16.93125969885,21.503114765936,
    11.999999150232));
#6306 = CARTESIAN_POINT('',(-17.20895719498,22.423066296557,
    11.999999150232));
#6307 = CARTESIAN_POINT('',(-17.21358836948,22.325151171931,18.));
#6308 = CARTESIAN_POINT('',(-16.39779760497,21.822128129234,18.));
#6309 = CARTESIAN_POINT('',(-15.2848590027,22.615616897395,18.));
#6310 = CARTESIAN_POINT('',(-15.49447718105,23.550821138322,18.));
#6311 = DEFINITIONAL_REPRESENTATION('',(#6312),#6316);
#6312 = LINE('',#6313,#6314);
#6313 = CARTESIAN_POINT('',(0.,0.));
#6314 = VECTOR('',#6315,1.);
#6315 = DIRECTION('',(1.,0.));
#6316 = ( GEOMETRIC_REPRESENTATION_CONTEXT(2) 
PARAMETRIC_REPRESENTATION_CONTEXT() REPRESENTATION_CONTEXT('2D SPACE',''
  ) );
#6317 = ADVANCED_FACE('',(#6318),#6294,.T.);
#6318 = FACE_BOUND('',#6319,.T.);
#6319 = EDGE_LOOP('',(#6320,#6345,#6346,#6371));
#6320 = ORIENTED_EDGE('',*,*,#6321,.F.);
#6321 = EDGE_CURVE('',#6229,#6322,#6324,.T.);
#6322 = VERTEX_POINT('',#6323);
#6323 = CARTESIAN_POINT('',(-20.22876806864,19.634585349036,0.));
#6324 = SURFACE_CURVE('',#6325,(#6330,#6337),.PCURVE_S1.);
#6325 = B_SPLINE_CURVE_WITH_KNOTS('',3,(#6326,#6327,#6328,#6329),
  .UNSPECIFIED.,.F.,.F.,(4,4),(0.,1.),.PIECEWISE_BEZIER_KNOTS.);
#6326 = CARTESIAN_POINT('',(-21.6415070761,18.06557972716,0.));
#6327 = CARTESIAN_POINT('',(-20.73611178456,17.751245320829,0.));
#6328 = CARTESIAN_POINT('',(-19.8215160406,18.767006800084,0.));
#6329 = CARTESIAN_POINT('',(-20.22876806864,19.634585349036,0.));
#6330 = PCURVE('',#6294,#6331);
#6331 = DEFINITIONAL_REPRESENTATION('',(#6332),#6336);
#6332 = LINE('',#6333,#6334);
#6333 = CARTESIAN_POINT('',(0.,0.));
#6334 = VECTOR('',#6335,1.);
#6335 = DIRECTION('',(0.,1.));
#6336 = ( GEOMETRIC_REPRESENTATION_CONTEXT(2) 
PARAMETRIC_REPRESENTATION_CONTEXT() REPRESENTATION_CONTEXT('2D SPACE',''
  ) );
#6337 = PCURVE('',#57,#6338);
#6338 = DEFINITIONAL_REPRESENTATION('',(#6339),#6344);
#6339 = B_SPLINE_CURVE_WITH_KNOTS('',3,(#6340,#6341,#6342,#6343),
  .UNSPECIFIED.,.F.,.F.,(4,4),(0.,1.),.PIECEWISE_BEZIER_KNOTS.);
#6340 = CARTESIAN_POINT('',(-21.6415070761,18.06557972716));
#6341 = CARTESIAN_POINT('',(-20.73611178456,17.751245320829));
#6342 = CARTESIAN_POINT('',(-19.8215160406,18.767006800084));
#6343 = CARTESIAN_POINT('',(-20.22876806864,19.634585349036));
#6344 = ( GEOMETRIC_REPRESENTATION_CONTEXT(2) 
PARAMETRIC_REPRESENTATION_CONTEXT() REPRESENTATION_CONTEXT('2D SPACE',''
  ) );
#6345 = ORIENTED_EDGE('',*,*,#6279,.T.);
#6346 = ORIENTED_EDGE('',*,*,#6347,.T.);
#6347 = EDGE_CURVE('',#6255,#6348,#6350,.T.);
#6348 = VERTEX_POINT('',#6349);
#6349 = CARTESIAN_POINT('',(-15.49447718105,23.550821138322,18.));
#6350 = SURFACE_CURVE('',#6351,(#6356,#6363),.PCURVE_S1.);
#6351 = B_SPLINE_CURVE_WITH_KNOTS('',3,(#6352,#6353,#6354,#6355),
  .UNSPECIFIED.,.F.,.F.,(4,4),(0.,1.),.PIECEWISE_BEZIER_KNOTS.);
#6352 = CARTESIAN_POINT('',(-17.21358836948,22.325151171931,18.));
#6353 = CARTESIAN_POINT('',(-16.39779760497,21.822128129234,18.));
#6354 = CARTESIAN_POINT('',(-15.2848590027,22.615616897395,18.));
#6355 = CARTESIAN_POINT('',(-15.49447718105,23.550821138322,18.));
#6356 = PCURVE('',#6294,#6357);
#6357 = DEFINITIONAL_REPRESENTATION('',(#6358),#6362);
#6358 = LINE('',#6359,#6360);
#6359 = CARTESIAN_POINT('',(1.,0.));
#6360 = VECTOR('',#6361,1.);
#6361 = DIRECTION('',(0.,1.));
#6362 = ( GEOMETRIC_REPRESENTATION_CONTEXT(2) 
PARAMETRIC_REPRESENTATION_CONTEXT() REPRESENTATION_CONTEXT('2D SPACE',''
  ) );
#6363 = PCURVE('',#128,#6364);
#6364 = DEFINITIONAL_REPRESENTATION('',(#6365),#6370);
#6365 = B_SPLINE_CURVE_WITH_KNOTS('',3,(#6366,#6367,#6368,#6369),
  .UNSPECIFIED.,.F.,.F.,(4,4),(0.,1.),.PIECEWISE_BEZIER_KNOTS.);
#6366 = CARTESIAN_POINT('',(17.213588369482,22.325151171931));
#6367 = CARTESIAN_POINT('',(16.397797604973,21.822128129234));
#6368 = CARTESIAN_POINT('',(15.284859002707,22.615616897395));
#6369 = CARTESIAN_POINT('',(15.494477181058,23.550821138322));
#6370 = ( GEOMETRIC_REPRESENTATION_CONTEXT(2) 
PARAMETRIC_REPRESENTATION_CONTEXT() REPRESENTATION_CONTEXT('2D SPACE',''
  ) );
#6371 = ORIENTED_EDGE('',*,*,#6372,.F.);
#6372 = EDGE_CURVE('',#6322,#6348,#6373,.T.);
#6373 = SURFACE_CURVE('',#6374,(#6379,#6386),.PCURVE_S1.);
#6374 = B_SPLINE_CURVE_WITH_KNOTS('',3,(#6375,#6376,#6377,#6378),
  .UNSPECIFIED.,.F.,.F.,(4,4),(0.,1.),.PIECEWISE_BEZIER_KNOTS.);
#6375 = CARTESIAN_POINT('',(-20.22876806864,19.634585349036,0.));
#6376 = CARTESIAN_POINT('',(-18.79961274788,21.107265820289,
    6.000000849768));
#6377 = CARTESIAN_POINT('',(-17.20895719498,22.423066296557,
    11.999999150232));
#6378 = CARTESIAN_POINT('',(-15.49447718105,23.550821138322,18.));
#6379 = PCURVE('',#6294,#6380);
#6380 = DEFINITIONAL_REPRESENTATION('',(#6381),#6385);
#6381 = LINE('',#6382,#6383);
#6382 = CARTESIAN_POINT('',(0.,1.));
#6383 = VECTOR('',#6384,1.);
#6384 = DIRECTION('',(1.,0.));
#6385 = ( GEOMETRIC_REPRESENTATION_CONTEXT(2) 
PARAMETRIC_REPRESENTATION_CONTEXT() REPRESENTATION_CONTEXT('2D SPACE',''
  ) );
#6386 = PCURVE('',#6387,#6404);
#6387 = B_SPLINE_SURFACE_WITH_KNOTS('',3,3,(
    (#6388,#6389,#6390,#6391)
    ,(#6392,#6393,#6394,#6395)
    ,(#6396,#6397,#6398,#6399)
    ,(#6400,#6401,#6402,#6403
    )),.UNSPECIFIED.,.F.,.F.,.F.,(4,4),(4,4),(0.,1.),(0.,1.),
  .PIECEWISE_BEZIER_KNOTS.);
#6388 = CARTESIAN_POINT('',(-20.22876806864,19.634585349036,0.));
#6389 = CARTESIAN_POINT('',(-21.11031205879,20.670964642806,0.));
#6390 = CARTESIAN_POINT('',(-21.58751506589,21.988479614173,0.));
#6391 = CARTESIAN_POINT('',(-21.95444103326,23.280947551952,0.));
#6392 = CARTESIAN_POINT('',(-18.79961271235,21.107265850552,
    6.000000986407));
#6393 = CARTESIAN_POINT('',(-19.60571981803,22.207823920256,
    6.000000986407));
#6394 = CARTESIAN_POINT('',(-19.98701800303,23.560085713482,
    6.000000986407));
#6395 = CARTESIAN_POINT('',(-20.25986168708,24.879272720925,
    6.000000986407));
#6396 = CARTESIAN_POINT('',(-17.20895723137,22.423066267334,
    11.999999013593));
#6397 = CARTESIAN_POINT('',(-17.93259005168,23.579523042133,
    11.999999013593));
#6398 = CARTESIAN_POINT('',(-18.21417626639,24.95600750154,
    11.999999013593));
#6399 = CARTESIAN_POINT('',(-18.39001119436,26.29158981448,
    11.999999013593));
#6400 = CARTESIAN_POINT('',(-15.49447718105,23.550821138322,18.));
#6401 = CARTESIAN_POINT('',(-16.1305517642,24.753572555612,18.));
#6402 = CARTESIAN_POINT('',(-16.31098059363,26.143181798269,18.));
#6403 = CARTESIAN_POINT('',(-16.38917799885,27.484447320653,18.));
#6404 = DEFINITIONAL_REPRESENTATION('',(#6405),#6409);
#6405 = LINE('',#6406,#6407);
#6406 = CARTESIAN_POINT('',(0.,0.));
#6407 = VECTOR('',#6408,1.);
#6408 = DIRECTION('',(1.,0.));
#6409 = ( GEOMETRIC_REPRESENTATION_CONTEXT(2) 
PARAMETRIC_REPRESENTATION_CONTEXT() REPRESENTATION_CONTEXT('2D SPACE',''
  ) );
#6410 = ADVANCED_FACE('',(#6411),#6387,.T.);
#6411 = FACE_BOUND('',#6412,.T.);
#6412 = EDGE_LOOP('',(#6413,#6438,#6439,#6464));
#6413 = ORIENTED_EDGE('',*,*,#6414,.F.);
#6414 = EDGE_CURVE('',#6322,#6415,#6417,.T.);
#6415 = VERTEX_POINT('',#6416);
#6416 = CARTESIAN_POINT('',(-21.95444103326,23.280947551952,0.));
#6417 = SURFACE_CURVE('',#6418,(#6423,#6430),.PCURVE_S1.);
#6418 = B_SPLINE_CURVE_WITH_KNOTS('',3,(#6419,#6420,#6421,#6422),
  .UNSPECIFIED.,.F.,.F.,(4,4),(0.,1.),.PIECEWISE_BEZIER_KNOTS.);
#6419 = CARTESIAN_POINT('',(-20.22876806864,19.634585349036,0.));
#6420 = CARTESIAN_POINT('',(-21.11031205879,20.670964642806,0.));
#6421 = CARTESIAN_POINT('',(-21.58751506589,21.988479614173,0.));
#6422 = CARTESIAN_POINT('',(-21.95444103326,23.280947551952,0.));
#6423 = PCURVE('',#6387,#6424);
#6424 = DEFINITIONAL_REPRESENTATION('',(#6425),#6429);
#6425 = LINE('',#6426,#6427);
#6426 = CARTESIAN_POINT('',(0.,0.));
#6427 = VECTOR('',#6428,1.);
#6428 = DIRECTION('',(0.,1.));
#6429 = ( GEOMETRIC_REPRESENTATION_CONTEXT(2) 
PARAMETRIC_REPRESENTATION_CONTEXT() REPRESENTATION_CONTEXT('2D SPACE',''
  ) );
#6430 = PCURVE('',#57,#6431);
#6431 = DEFINITIONAL_REPRESENTATION('',(#6432),#6437);
#6432 = B_SPLINE_CURVE_WITH_KNOTS('',3,(#6433,#6434,#6435,#6436),
  .UNSPECIFIED.,.F.,.F.,(4,4),(0.,1.),.PIECEWISE_BEZIER_KNOTS.);
#6433 = CARTESIAN_POINT('',(-20.22876806864,19.634585349036));
#6434 = CARTESIAN_POINT('',(-21.11031205879,20.670964642806));
#6435 = CARTESIAN_POINT('',(-21.58751506589,21.988479614173));
#6436 = CARTESIAN_POINT('',(-21.95444103326,23.280947551952));
#6437 = ( GEOMETRIC_REPRESENTATION_CONTEXT(2) 
PARAMETRIC_REPRESENTATION_CONTEXT() REPRESENTATION_CONTEXT('2D SPACE',''
  ) );
#6438 = ORIENTED_EDGE('',*,*,#6372,.T.);
#6439 = ORIENTED_EDGE('',*,*,#6440,.T.);
#6440 = EDGE_CURVE('',#6348,#6441,#6443,.T.);
#6441 = VERTEX_POINT('',#6442);
#6442 = CARTESIAN_POINT('',(-16.38917799885,27.484447320653,18.));
#6443 = SURFACE_CURVE('',#6444,(#6449,#6456),.PCURVE_S1.);
#6444 = B_SPLINE_CURVE_WITH_KNOTS('',3,(#6445,#6446,#6447,#6448),
  .UNSPECIFIED.,.F.,.F.,(4,4),(0.,1.),.PIECEWISE_BEZIER_KNOTS.);
#6445 = CARTESIAN_POINT('',(-15.49447718105,23.550821138322,18.));
#6446 = CARTESIAN_POINT('',(-16.1305517642,24.753572555612,18.));
#6447 = CARTESIAN_POINT('',(-16.31098059363,26.143181798269,18.));
#6448 = CARTESIAN_POINT('',(-16.38917799885,27.484447320653,18.));
#6449 = PCURVE('',#6387,#6450);
#6450 = DEFINITIONAL_REPRESENTATION('',(#6451),#6455);
#6451 = LINE('',#6452,#6453);
#6452 = CARTESIAN_POINT('',(1.,0.));
#6453 = VECTOR('',#6454,1.);
#6454 = DIRECTION('',(0.,1.));
#6455 = ( GEOMETRIC_REPRESENTATION_CONTEXT(2) 
PARAMETRIC_REPRESENTATION_CONTEXT() REPRESENTATION_CONTEXT('2D SPACE',''
  ) );
#6456 = PCURVE('',#128,#6457);
#6457 = DEFINITIONAL_REPRESENTATION('',(#6458),#6463);
#6458 = B_SPLINE_CURVE_WITH_KNOTS('',3,(#6459,#6460,#6461,#6462),
  .UNSPECIFIED.,.F.,.F.,(4,4),(0.,1.),.PIECEWISE_BEZIER_KNOTS.);
#6459 = CARTESIAN_POINT('',(15.494477181057,23.550821138322));
#6460 = CARTESIAN_POINT('',(16.130551764205,24.753572555612));
#6461 = CARTESIAN_POINT('',(16.310980593631,26.143181798269));
#6462 = CARTESIAN_POINT('',(16.389177998857,27.484447320653));
#6463 = ( GEOMETRIC_REPRESENTATION_CONTEXT(2) 
PARAMETRIC_REPRESENTATION_CONTEXT() REPRESENTATION_CONTEXT('2D SPACE',''
  ) );
#6464 = ORIENTED_EDGE('',*,*,#6465,.F.);
#6465 = EDGE_CURVE('',#6415,#6441,#6466,.T.);
#6466 = SURFACE_CURVE('',#6467,(#6472,#6479),.PCURVE_S1.);
#6467 = B_SPLINE_CURVE_WITH_KNOTS('',3,(#6468,#6469,#6470,#6471),
  .UNSPECIFIED.,.F.,.F.,(4,4),(0.,1.),.PIECEWISE_BEZIER_KNOTS.);
#6468 = CARTESIAN_POINT('',(-21.95444103326,23.280947551952,0.));
#6469 = CARTESIAN_POINT('',(-20.25986168708,24.879272720925,
    6.000000986407));
#6470 = CARTESIAN_POINT('',(-18.39001119436,26.29158981448,
    11.999999013593));
#6471 = CARTESIAN_POINT('',(-16.38917799885,27.484447320653,18.));
#6472 = PCURVE('',#6387,#6473);
#6473 = DEFINITIONAL_REPRESENTATION('',(#6474),#6478);
#6474 = LINE('',#6475,#6476);
#6475 = CARTESIAN_POINT('',(0.,1.));
#6476 = VECTOR('',#6477,1.);
#6477 = DIRECTION('',(1.,0.));
#6478 = ( GEOMETRIC_REPRESENTATION_CONTEXT(2) 
PARAMETRIC_REPRESENTATION_CONTEXT() REPRESENTATION_CONTEXT('2D SPACE',''
  ) );
#6479 = PCURVE('',#6480,#6497);
#6480 = B_SPLINE_SURFACE_WITH_KNOTS('',3,3,(
    (#6481,#6482,#6483,#6484)
    ,(#6485,#6486,#6487,#6488)
    ,(#6489,#6490,#6491,#6492)
    ,(#6493,#6494,#6495,#6496
    )),.UNSPECIFIED.,.F.,.F.,.F.,(4,4),(4,4),(0.,1.),(0.,1.),
  .PIECEWISE_BEZIER_KNOTS.);
#6481 = CARTESIAN_POINT('',(-21.95444103326,23.280947551952,0.));
#6482 = CARTESIAN_POINT('',(-21.59678778389,23.618222952871,0.));
#6483 = CARTESIAN_POINT('',(-21.23136081775,23.947254871082,0.));
#6484 = CARTESIAN_POINT('',(-20.85854810222,24.267693979177,0.));
#6485 = CARTESIAN_POINT('',(-20.25986165428,24.879272746449,
    6.000001093596));
#6486 = CARTESIAN_POINT('',(-19.87765411223,25.190515194037,
    6.000001093596));
#6487 = CARTESIAN_POINT('',(-19.48827288208,25.492948217504,
    6.000001093596));
#6488 = CARTESIAN_POINT('',(-19.09213136302,25.786250729021,
    6.000001093596));
#6489 = CARTESIAN_POINT('',(-18.39001122788,26.291589789915,
    11.999998906404));
#6490 = CARTESIAN_POINT('',(-17.98610694092,26.574106680305,
    11.999998906404));
#6491 = CARTESIAN_POINT('',(-17.5756910552,26.847314068243,
    11.999998906404));
#6492 = CARTESIAN_POINT('',(-17.15919930204,27.110921894246,
    11.999998906404));
#6493 = CARTESIAN_POINT('',(-16.38917799885,27.484447320653,18.));
#6494 = CARTESIAN_POINT('',(-15.96694841187,27.736226427665,18.));
#6495 = CARTESIAN_POINT('',(-15.53891569425,27.978273661556,18.));
#6496 = CARTESIAN_POINT('',(-15.10553428082,28.210332045032,18.));
#6497 = DEFINITIONAL_REPRESENTATION('',(#6498),#6502);
#6498 = LINE('',#6499,#6500);
#6499 = CARTESIAN_POINT('',(0.,0.));
#6500 = VECTOR('',#6501,1.);
#6501 = DIRECTION('',(1.,0.));
#6502 = ( GEOMETRIC_REPRESENTATION_CONTEXT(2) 
PARAMETRIC_REPRESENTATION_CONTEXT() REPRESENTATION_CONTEXT('2D SPACE',''
  ) );
#6503 = ADVANCED_FACE('',(#6504),#6480,.T.);
#6504 = FACE_BOUND('',#6505,.T.);
#6505 = EDGE_LOOP('',(#6506,#6531,#6532,#6557));
#6506 = ORIENTED_EDGE('',*,*,#6507,.F.);
#6507 = EDGE_CURVE('',#6415,#6508,#6510,.T.);
#6508 = VERTEX_POINT('',#6509);
#6509 = CARTESIAN_POINT('',(-20.85854810222,24.267693979177,0.));
#6510 = SURFACE_CURVE('',#6511,(#6516,#6523),.PCURVE_S1.);
#6511 = B_SPLINE_CURVE_WITH_KNOTS('',3,(#6512,#6513,#6514,#6515),
  .UNSPECIFIED.,.F.,.F.,(4,4),(0.,1.),.PIECEWISE_BEZIER_KNOTS.);
#6512 = CARTESIAN_POINT('',(-21.95444103326,23.280947551952,0.));
#6513 = CARTESIAN_POINT('',(-21.59678778389,23.618222952871,0.));
#6514 = CARTESIAN_POINT('',(-21.23136081775,23.947254871082,0.));
#6515 = CARTESIAN_POINT('',(-20.85854810222,24.267693979177,0.));
#6516 = PCURVE('',#6480,#6517);
#6517 = DEFINITIONAL_REPRESENTATION('',(#6518),#6522);
#6518 = LINE('',#6519,#6520);
#6519 = CARTESIAN_POINT('',(0.,0.));
#6520 = VECTOR('',#6521,1.);
#6521 = DIRECTION('',(0.,1.));
#6522 = ( GEOMETRIC_REPRESENTATION_CONTEXT(2) 
PARAMETRIC_REPRESENTATION_CONTEXT() REPRESENTATION_CONTEXT('2D SPACE',''
  ) );
#6523 = PCURVE('',#57,#6524);
#6524 = DEFINITIONAL_REPRESENTATION('',(#6525),#6530);
#6525 = B_SPLINE_CURVE_WITH_KNOTS('',3,(#6526,#6527,#6528,#6529),
  .UNSPECIFIED.,.F.,.F.,(4,4),(0.,1.),.PIECEWISE_BEZIER_KNOTS.);
#6526 = CARTESIAN_POINT('',(-21.95444103326,23.280947551952));
#6527 = CARTESIAN_POINT('',(-21.59678778389,23.618222952871));
#6528 = CARTESIAN_POINT('',(-21.23136081775,23.947254871082));
#6529 = CARTESIAN_POINT('',(-20.85854810222,24.267693979177));
#6530 = ( GEOMETRIC_REPRESENTATION_CONTEXT(2) 
PARAMETRIC_REPRESENTATION_CONTEXT() REPRESENTATION_CONTEXT('2D SPACE',''
  ) );
#6531 = ORIENTED_EDGE('',*,*,#6465,.T.);
#6532 = ORIENTED_EDGE('',*,*,#6533,.T.);
#6533 = EDGE_CURVE('',#6441,#6534,#6536,.T.);
#6534 = VERTEX_POINT('',#6535);
#6535 = CARTESIAN_POINT('',(-15.10553428082,28.210332045032,18.));
#6536 = SURFACE_CURVE('',#6537,(#6542,#6549),.PCURVE_S1.);
#6537 = B_SPLINE_CURVE_WITH_KNOTS('',3,(#6538,#6539,#6540,#6541),
  .UNSPECIFIED.,.F.,.F.,(4,4),(0.,1.),.PIECEWISE_BEZIER_KNOTS.);
#6538 = CARTESIAN_POINT('',(-16.38917799885,27.484447320653,18.));
#6539 = CARTESIAN_POINT('',(-15.96694841187,27.736226427665,18.));
#6540 = CARTESIAN_POINT('',(-15.53891569425,27.978273661556,18.));
#6541 = CARTESIAN_POINT('',(-15.10553428082,28.210332045032,18.));
#6542 = PCURVE('',#6480,#6543);
#6543 = DEFINITIONAL_REPRESENTATION('',(#6544),#6548);
#6544 = LINE('',#6545,#6546);
#6545 = CARTESIAN_POINT('',(1.,0.));
#6546 = VECTOR('',#6547,1.);
#6547 = DIRECTION('',(0.,1.));
#6548 = ( GEOMETRIC_REPRESENTATION_CONTEXT(2) 
PARAMETRIC_REPRESENTATION_CONTEXT() REPRESENTATION_CONTEXT('2D SPACE',''
  ) );
#6549 = PCURVE('',#128,#6550);
#6550 = DEFINITIONAL_REPRESENTATION('',(#6551),#6556);
#6551 = B_SPLINE_CURVE_WITH_KNOTS('',3,(#6552,#6553,#6554,#6555),
  .UNSPECIFIED.,.F.,.F.,(4,4),(0.,1.),.PIECEWISE_BEZIER_KNOTS.);
#6552 = CARTESIAN_POINT('',(16.389177998857,27.484447320653));
#6553 = CARTESIAN_POINT('',(15.966948411873,27.736226427665));
#6554 = CARTESIAN_POINT('',(15.538915694255,27.978273661556));
#6555 = CARTESIAN_POINT('',(15.10553428082,28.210332045032));
#6556 = ( GEOMETRIC_REPRESENTATION_CONTEXT(2) 
PARAMETRIC_REPRESENTATION_CONTEXT() REPRESENTATION_CONTEXT('2D SPACE',''
  ) );
#6557 = ORIENTED_EDGE('',*,*,#6558,.F.);
#6558 = EDGE_CURVE('',#6508,#6534,#6559,.T.);
#6559 = SURFACE_CURVE('',#6560,(#6565,#6572),.PCURVE_S1.);
#6560 = B_SPLINE_CURVE_WITH_KNOTS('',3,(#6561,#6562,#6563,#6564),
  .UNSPECIFIED.,.F.,.F.,(4,4),(0.,1.),.PIECEWISE_BEZIER_KNOTS.);
#6561 = CARTESIAN_POINT('',(-20.85854810222,24.267693979177,0.));
#6562 = CARTESIAN_POINT('',(-19.09213139696,25.786250705036,
    6.000000986407));
#6563 = CARTESIAN_POINT('',(-17.15919926742,27.11092191724,
    11.999999013593));
#6564 = CARTESIAN_POINT('',(-15.10553428082,28.210332045032,18.));
#6565 = PCURVE('',#6480,#6566);
#6566 = DEFINITIONAL_REPRESENTATION('',(#6567),#6571);
#6567 = LINE('',#6568,#6569);
#6568 = CARTESIAN_POINT('',(0.,1.));
#6569 = VECTOR('',#6570,1.);
#6570 = DIRECTION('',(1.,0.));
#6571 = ( GEOMETRIC_REPRESENTATION_CONTEXT(2) 
PARAMETRIC_REPRESENTATION_CONTEXT() REPRESENTATION_CONTEXT('2D SPACE',''
  ) );
#6572 = PCURVE('',#6573,#6590);
#6573 = B_SPLINE_SURFACE_WITH_KNOTS('',3,3,(
    (#6574,#6575,#6576,#6577)
    ,(#6578,#6579,#6580,#6581)
    ,(#6582,#6583,#6584,#6585)
    ,(#6586,#6587,#6588,#6589
    )),.UNSPECIFIED.,.F.,.F.,.F.,(4,4),(4,4),(0.,1.),(0.,1.),
  .PIECEWISE_BEZIER_KNOTS.);
#6574 = CARTESIAN_POINT('',(-20.85854810222,24.267693979177,0.));
#6575 = CARTESIAN_POINT('',(-19.61151464654,23.767678383288,0.));
#6576 = CARTESIAN_POINT('',(-18.35109845704,23.155371728897,0.));
#6577 = CARTESIAN_POINT('',(-17.41254299608,22.170325794025,0.));
#6578 = CARTESIAN_POINT('',(-19.09213139696,25.786250705036,
    6.000000986407));
#6579 = CARTESIAN_POINT('',(-17.8814879119,25.195454303042,
    6.000000986407));
#6580 = CARTESIAN_POINT('',(-16.66563579302,24.491391885117,
    6.000000986407));
#6581 = CARTESIAN_POINT('',(-15.79878003255,23.438017392762,
    6.000000986407));
#6582 = CARTESIAN_POINT('',(-17.15919926742,27.11092191724,
    11.999999013593));
#6583 = CARTESIAN_POINT('',(-15.99490391332,26.43334213231,
    11.999999013593));
#6584 = CARTESIAN_POINT('',(-14.83368055621,25.642418255936,
    11.999999013593));
#6585 = CARTESIAN_POINT('',(-14.04601739473,24.528585470166,
    11.999999013593));
#6586 = CARTESIAN_POINT('',(-15.10553428082,28.210332045032,18.));
#6587 = CARTESIAN_POINT('',(-13.99644743688,27.452021812787,18.));
#6588 = CARTESIAN_POINT('',(-12.89862362023,26.581188144759,18.));
#6589 = CARTESIAN_POINT('',(-12.19577023571,25.416199317784,18.));
#6590 = DEFINITIONAL_REPRESENTATION('',(#6591),#6595);
#6591 = LINE('',#6592,#6593);
#6592 = CARTESIAN_POINT('',(0.,0.));
#6593 = VECTOR('',#6594,1.);
#6594 = DIRECTION('',(1.,0.));
#6595 = ( GEOMETRIC_REPRESENTATION_CONTEXT(2) 
PARAMETRIC_REPRESENTATION_CONTEXT() REPRESENTATION_CONTEXT('2D SPACE',''
  ) );
#6596 = ADVANCED_FACE('',(#6597),#6573,.T.);
#6597 = FACE_BOUND('',#6598,.T.);
#6598 = EDGE_LOOP('',(#6599,#6624,#6625,#6650));
#6599 = ORIENTED_EDGE('',*,*,#6600,.F.);
#6600 = EDGE_CURVE('',#6508,#6601,#6603,.T.);
#6601 = VERTEX_POINT('',#6602);
#6602 = CARTESIAN_POINT('',(-17.41254299608,22.170325794025,0.));
#6603 = SURFACE_CURVE('',#6604,(#6609,#6616),.PCURVE_S1.);
#6604 = B_SPLINE_CURVE_WITH_KNOTS('',3,(#6605,#6606,#6607,#6608),
  .UNSPECIFIED.,.F.,.F.,(4,4),(0.,1.),.PIECEWISE_BEZIER_KNOTS.);
#6605 = CARTESIAN_POINT('',(-20.85854810222,24.267693979177,0.));
#6606 = CARTESIAN_POINT('',(-19.61151464654,23.767678383288,0.));
#6607 = CARTESIAN_POINT('',(-18.35109845704,23.155371728897,0.));
#6608 = CARTESIAN_POINT('',(-17.41254299608,22.170325794025,0.));
#6609 = PCURVE('',#6573,#6610);
#6610 = DEFINITIONAL_REPRESENTATION('',(#6611),#6615);
#6611 = LINE('',#6612,#6613);
#6612 = CARTESIAN_POINT('',(0.,0.));
#6613 = VECTOR('',#6614,1.);
#6614 = DIRECTION('',(0.,1.));
#6615 = ( GEOMETRIC_REPRESENTATION_CONTEXT(2) 
PARAMETRIC_REPRESENTATION_CONTEXT() REPRESENTATION_CONTEXT('2D SPACE',''
  ) );
#6616 = PCURVE('',#57,#6617);
#6617 = DEFINITIONAL_REPRESENTATION('',(#6618),#6623);
#6618 = B_SPLINE_CURVE_WITH_KNOTS('',3,(#6619,#6620,#6621,#6622),
  .UNSPECIFIED.,.F.,.F.,(4,4),(0.,1.),.PIECEWISE_BEZIER_KNOTS.);
#6619 = CARTESIAN_POINT('',(-20.85854810222,24.267693979177));
#6620 = CARTESIAN_POINT('',(-19.61151464654,23.767678383288));
#6621 = CARTESIAN_POINT('',(-18.35109845704,23.155371728897));
#6622 = CARTESIAN_POINT('',(-17.41254299608,22.170325794025));
#6623 = ( GEOMETRIC_REPRESENTATION_CONTEXT(2) 
PARAMETRIC_REPRESENTATION_CONTEXT() REPRESENTATION_CONTEXT('2D SPACE',''
  ) );
#6624 = ORIENTED_EDGE('',*,*,#6558,.T.);
#6625 = ORIENTED_EDGE('',*,*,#6626,.T.);
#6626 = EDGE_CURVE('',#6534,#6627,#6629,.T.);
#6627 = VERTEX_POINT('',#6628);
#6628 = CARTESIAN_POINT('',(-12.19577023571,25.416199317784,18.));
#6629 = SURFACE_CURVE('',#6630,(#6635,#6642),.PCURVE_S1.);
#6630 = B_SPLINE_CURVE_WITH_KNOTS('',3,(#6631,#6632,#6633,#6634),
  .UNSPECIFIED.,.F.,.F.,(4,4),(0.,1.),.PIECEWISE_BEZIER_KNOTS.);
#6631 = CARTESIAN_POINT('',(-15.10553428082,28.210332045032,18.));
#6632 = CARTESIAN_POINT('',(-13.99644743688,27.452021812787,18.));
#6633 = CARTESIAN_POINT('',(-12.89862362023,26.581188144759,18.));
#6634 = CARTESIAN_POINT('',(-12.19577023571,25.416199317784,18.));
#6635 = PCURVE('',#6573,#6636);
#6636 = DEFINITIONAL_REPRESENTATION('',(#6637),#6641);
#6637 = LINE('',#6638,#6639);
#6638 = CARTESIAN_POINT('',(1.,0.));
#6639 = VECTOR('',#6640,1.);
#6640 = DIRECTION('',(0.,1.));
#6641 = ( GEOMETRIC_REPRESENTATION_CONTEXT(2) 
PARAMETRIC_REPRESENTATION_CONTEXT() REPRESENTATION_CONTEXT('2D SPACE',''
  ) );
#6642 = PCURVE('',#128,#6643);
#6643 = DEFINITIONAL_REPRESENTATION('',(#6644),#6649);
#6644 = B_SPLINE_CURVE_WITH_KNOTS('',3,(#6645,#6646,#6647,#6648),
  .UNSPECIFIED.,.F.,.F.,(4,4),(0.,1.),.PIECEWISE_BEZIER_KNOTS.);
#6645 = CARTESIAN_POINT('',(15.10553428082,28.210332045032));
#6646 = CARTESIAN_POINT('',(13.996447436884,27.452021812787));
#6647 = CARTESIAN_POINT('',(12.898623620238,26.581188144759));
#6648 = CARTESIAN_POINT('',(12.19577023571,25.416199317784));
#6649 = ( GEOMETRIC_REPRESENTATION_CONTEXT(2) 
PARAMETRIC_REPRESENTATION_CONTEXT() REPRESENTATION_CONTEXT('2D SPACE',''
  ) );
#6650 = ORIENTED_EDGE('',*,*,#6651,.F.);
#6651 = EDGE_CURVE('',#6601,#6627,#6652,.T.);
#6652 = SURFACE_CURVE('',#6653,(#6658,#6665),.PCURVE_S1.);
#6653 = B_SPLINE_CURVE_WITH_KNOTS('',3,(#6654,#6655,#6656,#6657),
  .UNSPECIFIED.,.F.,.F.,(4,4),(0.,1.),.PIECEWISE_BEZIER_KNOTS.);
#6654 = CARTESIAN_POINT('',(-17.41254299608,22.170325794025,0.));
#6655 = CARTESIAN_POINT('',(-15.79878007181,23.438017367537,
    6.000000849768));
#6656 = CARTESIAN_POINT('',(-14.04601735475,24.528585494245,
    11.999999150232));
#6657 = CARTESIAN_POINT('',(-12.19577023571,25.416199317784,18.));
#6658 = PCURVE('',#6573,#6659);
#6659 = DEFINITIONAL_REPRESENTATION('',(#6660),#6664);
#6660 = LINE('',#6661,#6662);
#6661 = CARTESIAN_POINT('',(0.,1.));
#6662 = VECTOR('',#6663,1.);
#6663 = DIRECTION('',(1.,0.));
#6664 = ( GEOMETRIC_REPRESENTATION_CONTEXT(2) 
PARAMETRIC_REPRESENTATION_CONTEXT() REPRESENTATION_CONTEXT('2D SPACE',''
  ) );
#6665 = PCURVE('',#6666,#6683);
#6666 = B_SPLINE_SURFACE_WITH_KNOTS('',3,3,(
    (#6667,#6668,#6669,#6670)
    ,(#6671,#6672,#6673,#6674)
    ,(#6675,#6676,#6677,#6678)
    ,(#6679,#6680,#6681,#6682
    )),.UNSPECIFIED.,.F.,.F.,.F.,(4,4),(4,4),(0.,1.),(0.,1.),
  .PIECEWISE_BEZIER_KNOTS.);
#6667 = CARTESIAN_POINT('',(-17.41254299608,22.170325794025,0.));
#6668 = CARTESIAN_POINT('',(-16.59228656184,21.674618082722,0.));
#6669 = CARTESIAN_POINT('',(-15.48648824263,22.478027589031,0.));
#6670 = CARTESIAN_POINT('',(-15.70446111372,23.411319922874,0.));
#6671 = CARTESIAN_POINT('',(-15.79878007181,23.438017367537,
    6.000000849768));
#6672 = CARTESIAN_POINT('',(-15.01460292615,22.882595975915,
    6.000000849768));
#6673 = CARTESIAN_POINT('',(-13.85031313328,23.605514731457,
    6.000000849768));
#6674 = CARTESIAN_POINT('',(-14.00034877882,24.554680693297,
    6.000000849768));
#6675 = CARTESIAN_POINT('',(-14.04601735475,24.528585494245,
    11.999999150232));
#6676 = CARTESIAN_POINT('',(-13.30446911627,23.917412091635,
    11.999999150232));
#6677 = CARTESIAN_POINT('',(-12.090522103,24.553426948267,
    11.999999150232));
#6678 = CARTESIAN_POINT('',(-12.17088256436,25.511011886692,
    11.999999150232));
#6679 = CARTESIAN_POINT('',(-12.19577023571,25.416199317784,18.));
#6680 = CARTESIAN_POINT('',(-11.50239082803,24.754556098253,18.));
#6681 = CARTESIAN_POINT('',(-10.24879701302,25.299312286466,18.));
#6682 = CARTESIAN_POINT('',(-10.25939463626,26.257662140811,18.));
#6683 = DEFINITIONAL_REPRESENTATION('',(#6684),#6688);
#6684 = LINE('',#6685,#6686);
#6685 = CARTESIAN_POINT('',(0.,0.));
#6686 = VECTOR('',#6687,1.);
#6687 = DIRECTION('',(1.,0.));
#6688 = ( GEOMETRIC_REPRESENTATION_CONTEXT(2) 
PARAMETRIC_REPRESENTATION_CONTEXT() REPRESENTATION_CONTEXT('2D SPACE',''
  ) );
#6689 = ADVANCED_FACE('',(#6690),#6666,.T.);
#6690 = FACE_BOUND('',#6691,.T.);
#6691 = EDGE_LOOP('',(#6692,#6717,#6718,#6743));
#6692 = ORIENTED_EDGE('',*,*,#6693,.F.);
#6693 = EDGE_CURVE('',#6601,#6694,#6696,.T.);
#6694 = VERTEX_POINT('',#6695);
#6695 = CARTESIAN_POINT('',(-15.70446111372,23.411319922874,0.));
#6696 = SURFACE_CURVE('',#6697,(#6702,#6709),.PCURVE_S1.);
#6697 = B_SPLINE_CURVE_WITH_KNOTS('',3,(#6698,#6699,#6700,#6701),
  .UNSPECIFIED.,.F.,.F.,(4,4),(0.,1.),.PIECEWISE_BEZIER_KNOTS.);
#6698 = CARTESIAN_POINT('',(-17.41254299608,22.170325794025,0.));
#6699 = CARTESIAN_POINT('',(-16.59228656184,21.674618082722,0.));
#6700 = CARTESIAN_POINT('',(-15.48648824263,22.478027589031,0.));
#6701 = CARTESIAN_POINT('',(-15.70446111372,23.411319922874,0.));
#6702 = PCURVE('',#6666,#6703);
#6703 = DEFINITIONAL_REPRESENTATION('',(#6704),#6708);
#6704 = LINE('',#6705,#6706);
#6705 = CARTESIAN_POINT('',(0.,0.));
#6706 = VECTOR('',#6707,1.);
#6707 = DIRECTION('',(0.,1.));
#6708 = ( GEOMETRIC_REPRESENTATION_CONTEXT(2) 
PARAMETRIC_REPRESENTATION_CONTEXT() REPRESENTATION_CONTEXT('2D SPACE',''
  ) );
#6709 = PCURVE('',#57,#6710);
#6710 = DEFINITIONAL_REPRESENTATION('',(#6711),#6716);
#6711 = B_SPLINE_CURVE_WITH_KNOTS('',3,(#6712,#6713,#6714,#6715),
  .UNSPECIFIED.,.F.,.F.,(4,4),(0.,1.),.PIECEWISE_BEZIER_KNOTS.);
#6712 = CARTESIAN_POINT('',(-17.41254299608,22.170325794025));
#6713 = CARTESIAN_POINT('',(-16.59228656184,21.674618082722));
#6714 = CARTESIAN_POINT('',(-15.48648824263,22.478027589031));
#6715 = CARTESIAN_POINT('',(-15.70446111372,23.411319922874));
#6716 = ( GEOMETRIC_REPRESENTATION_CONTEXT(2) 
PARAMETRIC_REPRESENTATION_CONTEXT() REPRESENTATION_CONTEXT('2D SPACE',''
  ) );
#6717 = ORIENTED_EDGE('',*,*,#6651,.T.);
#6718 = ORIENTED_EDGE('',*,*,#6719,.T.);
#6719 = EDGE_CURVE('',#6627,#6720,#6722,.T.);
#6720 = VERTEX_POINT('',#6721);
#6721 = CARTESIAN_POINT('',(-10.25939463626,26.257662140811,18.));
#6722 = SURFACE_CURVE('',#6723,(#6728,#6735),.PCURVE_S1.);
#6723 = B_SPLINE_CURVE_WITH_KNOTS('',3,(#6724,#6725,#6726,#6727),
  .UNSPECIFIED.,.F.,.F.,(4,4),(0.,1.),.PIECEWISE_BEZIER_KNOTS.);
#6724 = CARTESIAN_POINT('',(-12.19577023571,25.416199317784,18.));
#6725 = CARTESIAN_POINT('',(-11.50239082803,24.754556098253,18.));
#6726 = CARTESIAN_POINT('',(-10.24879701302,25.299312286466,18.));
#6727 = CARTESIAN_POINT('',(-10.25939463626,26.257662140811,18.));
#6728 = PCURVE('',#6666,#6729);
#6729 = DEFINITIONAL_REPRESENTATION('',(#6730),#6734);
#6730 = LINE('',#6731,#6732);
#6731 = CARTESIAN_POINT('',(1.,0.));
#6732 = VECTOR('',#6733,1.);
#6733 = DIRECTION('',(0.,1.));
#6734 = ( GEOMETRIC_REPRESENTATION_CONTEXT(2) 
PARAMETRIC_REPRESENTATION_CONTEXT() REPRESENTATION_CONTEXT('2D SPACE',''
  ) );
#6735 = PCURVE('',#128,#6736);
#6736 = DEFINITIONAL_REPRESENTATION('',(#6737),#6742);
#6737 = B_SPLINE_CURVE_WITH_KNOTS('',3,(#6738,#6739,#6740,#6741),
  .UNSPECIFIED.,.F.,.F.,(4,4),(0.,1.),.PIECEWISE_BEZIER_KNOTS.);
#6738 = CARTESIAN_POINT('',(12.19577023571,25.416199317784));
#6739 = CARTESIAN_POINT('',(11.502390828032,24.754556098253));
#6740 = CARTESIAN_POINT('',(10.248797013028,25.299312286466));
#6741 = CARTESIAN_POINT('',(10.259394636261,26.257662140811));
#6742 = ( GEOMETRIC_REPRESENTATION_CONTEXT(2) 
PARAMETRIC_REPRESENTATION_CONTEXT() REPRESENTATION_CONTEXT('2D SPACE',''
  ) );
#6743 = ORIENTED_EDGE('',*,*,#6744,.F.);
#6744 = EDGE_CURVE('',#6694,#6720,#6745,.T.);
#6745 = SURFACE_CURVE('',#6746,(#6751,#6758),.PCURVE_S1.);
#6746 = B_SPLINE_CURVE_WITH_KNOTS('',3,(#6747,#6748,#6749,#6750),
  .UNSPECIFIED.,.F.,.F.,(4,4),(0.,1.),.PIECEWISE_BEZIER_KNOTS.);
#6747 = CARTESIAN_POINT('',(-15.70446111372,23.411319922874,0.));
#6748 = CARTESIAN_POINT('',(-14.00034877882,24.554680693297,
    6.000000849768));
#6749 = CARTESIAN_POINT('',(-12.17088256436,25.511011886692,
    11.999999150232));
#6750 = CARTESIAN_POINT('',(-10.25939463626,26.257662140811,18.));
#6751 = PCURVE('',#6666,#6752);
#6752 = DEFINITIONAL_REPRESENTATION('',(#6753),#6757);
#6753 = LINE('',#6754,#6755);
#6754 = CARTESIAN_POINT('',(0.,1.));
#6755 = VECTOR('',#6756,1.);
#6756 = DIRECTION('',(1.,0.));
#6757 = ( GEOMETRIC_REPRESENTATION_CONTEXT(2) 
PARAMETRIC_REPRESENTATION_CONTEXT() REPRESENTATION_CONTEXT('2D SPACE',''
  ) );
#6758 = PCURVE('',#6759,#6776);
#6759 = B_SPLINE_SURFACE_WITH_KNOTS('',3,3,(
    (#6760,#6761,#6762,#6763)
    ,(#6764,#6765,#6766,#6767)
    ,(#6768,#6769,#6770,#6771)
    ,(#6772,#6773,#6774,#6775
    )),.UNSPECIFIED.,.F.,.F.,.F.,(4,4),(4,4),(0.,1.),(0.,1.),
  .PIECEWISE_BEZIER_KNOTS.);
#6760 = CARTESIAN_POINT('',(-15.70446111372,23.411319922874,0.));
#6761 = CARTESIAN_POINT('',(-16.35126588132,24.608335144047,0.));
#6762 = CARTESIAN_POINT('',(-16.54411409241,25.996275336292,0.));
#6763 = CARTESIAN_POINT('',(-16.63430265277,27.336787946937,0.));
#6764 = CARTESIAN_POINT('',(-14.00034873778,24.554680715513,
    6.000000986407));
#6765 = CARTESIAN_POINT('',(-14.56002158002,25.798788042183,
    6.000000986407));
#6766 = CARTESIAN_POINT('',(-14.65183644898,27.20077602114,
    6.000000986407));
#6767 = CARTESIAN_POINT('',(-14.64444344269,28.54786301907,
    6.000000986407));
#6768 = CARTESIAN_POINT('',(-12.17088260603,25.511011865673,
    11.999999013593));
#6769 = CARTESIAN_POINT('',(-12.63826142963,26.792649008497,
    11.999999013593));
#6770 = CARTESIAN_POINT('',(-12.6275070986,28.197599045925,
    11.999999013593));
#6771 = CARTESIAN_POINT('',(-12.52181643462,29.54055381809,
    11.999999013593));
#6772 = CARTESIAN_POINT('',(-10.25939463626,26.257662140811,18.));
#6773 = CARTESIAN_POINT('',(-10.63150338285,27.566377895981,18.));
#6774 = CARTESIAN_POINT('',(-10.51907340224,28.963134105642,18.));
#6775 = CARTESIAN_POINT('',(-10.31669722395,30.291347913047,18.));
#6776 = DEFINITIONAL_REPRESENTATION('',(#6777),#6781);
#6777 = LINE('',#6778,#6779);
#6778 = CARTESIAN_POINT('',(0.,0.));
#6779 = VECTOR('',#6780,1.);
#6780 = DIRECTION('',(1.,0.));
#6781 = ( GEOMETRIC_REPRESENTATION_CONTEXT(2) 
PARAMETRIC_REPRESENTATION_CONTEXT() REPRESENTATION_CONTEXT('2D SPACE',''
  ) );
#6782 = ADVANCED_FACE('',(#6783),#6759,.T.);
#6783 = FACE_BOUND('',#6784,.T.);
#6784 = EDGE_LOOP('',(#6785,#6810,#6811,#6836));
#6785 = ORIENTED_EDGE('',*,*,#6786,.F.);
#6786 = EDGE_CURVE('',#6694,#6787,#6789,.T.);
#6787 = VERTEX_POINT('',#6788);
#6788 = CARTESIAN_POINT('',(-16.63430265277,27.336787946937,0.));
#6789 = SURFACE_CURVE('',#6790,(#6795,#6802),.PCURVE_S1.);
#6790 = B_SPLINE_CURVE_WITH_KNOTS('',3,(#6791,#6792,#6793,#6794),
  .UNSPECIFIED.,.F.,.F.,(4,4),(0.,1.),.PIECEWISE_BEZIER_KNOTS.);
#6791 = CARTESIAN_POINT('',(-15.70446111372,23.411319922874,0.));
#6792 = CARTESIAN_POINT('',(-16.35126588132,24.608335144047,0.));
#6793 = CARTESIAN_POINT('',(-16.54411409241,25.996275336292,0.));
#6794 = CARTESIAN_POINT('',(-16.63430265277,27.336787946937,0.));
#6795 = PCURVE('',#6759,#6796);
#6796 = DEFINITIONAL_REPRESENTATION('',(#6797),#6801);
#6797 = LINE('',#6798,#6799);
#6798 = CARTESIAN_POINT('',(0.,0.));
#6799 = VECTOR('',#6800,1.);
#6800 = DIRECTION('',(0.,1.));
#6801 = ( GEOMETRIC_REPRESENTATION_CONTEXT(2) 
PARAMETRIC_REPRESENTATION_CONTEXT() REPRESENTATION_CONTEXT('2D SPACE',''
  ) );
#6802 = PCURVE('',#57,#6803);
#6803 = DEFINITIONAL_REPRESENTATION('',(#6804),#6809);
#6804 = B_SPLINE_CURVE_WITH_KNOTS('',3,(#6805,#6806,#6807,#6808),
  .UNSPECIFIED.,.F.,.F.,(4,4),(0.,1.),.PIECEWISE_BEZIER_KNOTS.);
#6805 = CARTESIAN_POINT('',(-15.70446111372,23.411319922874));
#6806 = CARTESIAN_POINT('',(-16.35126588132,24.608335144047));
#6807 = CARTESIAN_POINT('',(-16.54411409241,25.996275336292));
#6808 = CARTESIAN_POINT('',(-16.63430265277,27.336787946937));
#6809 = ( GEOMETRIC_REPRESENTATION_CONTEXT(2) 
PARAMETRIC_REPRESENTATION_CONTEXT() REPRESENTATION_CONTEXT('2D SPACE',''
  ) );
#6810 = ORIENTED_EDGE('',*,*,#6744,.T.);
#6811 = ORIENTED_EDGE('',*,*,#6812,.T.);
#6812 = EDGE_CURVE('',#6720,#6813,#6815,.T.);
#6813 = VERTEX_POINT('',#6814);
#6814 = CARTESIAN_POINT('',(-10.31669722395,30.291347913047,18.));
#6815 = SURFACE_CURVE('',#6816,(#6821,#6828),.PCURVE_S1.);
#6816 = B_SPLINE_CURVE_WITH_KNOTS('',3,(#6817,#6818,#6819,#6820),
  .UNSPECIFIED.,.F.,.F.,(4,4),(0.,1.),.PIECEWISE_BEZIER_KNOTS.);
#6817 = CARTESIAN_POINT('',(-10.25939463626,26.257662140811,18.));
#6818 = CARTESIAN_POINT('',(-10.63150338285,27.566377895981,18.));
#6819 = CARTESIAN_POINT('',(-10.51907340224,28.963134105642,18.));
#6820 = CARTESIAN_POINT('',(-10.31669722395,30.291347913047,18.));
#6821 = PCURVE('',#6759,#6822);
#6822 = DEFINITIONAL_REPRESENTATION('',(#6823),#6827);
#6823 = LINE('',#6824,#6825);
#6824 = CARTESIAN_POINT('',(1.,0.));
#6825 = VECTOR('',#6826,1.);
#6826 = DIRECTION('',(0.,1.));
#6827 = ( GEOMETRIC_REPRESENTATION_CONTEXT(2) 
PARAMETRIC_REPRESENTATION_CONTEXT() REPRESENTATION_CONTEXT('2D SPACE',''
  ) );
#6828 = PCURVE('',#128,#6829);
#6829 = DEFINITIONAL_REPRESENTATION('',(#6830),#6835);
#6830 = B_SPLINE_CURVE_WITH_KNOTS('',3,(#6831,#6832,#6833,#6834),
  .UNSPECIFIED.,.F.,.F.,(4,4),(0.,1.),.PIECEWISE_BEZIER_KNOTS.);
#6831 = CARTESIAN_POINT('',(10.259394636261,26.257662140811));
#6832 = CARTESIAN_POINT('',(10.631503382852,27.566377895981));
#6833 = CARTESIAN_POINT('',(10.519073402242,28.963134105642));
#6834 = CARTESIAN_POINT('',(10.316697223953,30.291347913047));
#6835 = ( GEOMETRIC_REPRESENTATION_CONTEXT(2) 
PARAMETRIC_REPRESENTATION_CONTEXT() REPRESENTATION_CONTEXT('2D SPACE',''
  ) );
#6836 = ORIENTED_EDGE('',*,*,#6837,.F.);
#6837 = EDGE_CURVE('',#6787,#6813,#6838,.T.);
#6838 = SURFACE_CURVE('',#6839,(#6844,#6851),.PCURVE_S1.);
#6839 = B_SPLINE_CURVE_WITH_KNOTS('',3,(#6840,#6841,#6842,#6843),
  .UNSPECIFIED.,.F.,.F.,(4,4),(0.,1.),.PIECEWISE_BEZIER_KNOTS.);
#6840 = CARTESIAN_POINT('',(-16.63430265277,27.336787946937,0.));
#6841 = CARTESIAN_POINT('',(-14.64444344269,28.54786301907,
    6.000000986407));
#6842 = CARTESIAN_POINT('',(-12.52181643462,29.54055381809,
    11.999999013593));
#6843 = CARTESIAN_POINT('',(-10.31669722395,30.291347913047,18.));
#6844 = PCURVE('',#6759,#6845);
#6845 = DEFINITIONAL_REPRESENTATION('',(#6846),#6850);
#6846 = LINE('',#6847,#6848);
#6847 = CARTESIAN_POINT('',(0.,1.));
#6848 = VECTOR('',#6849,1.);
#6849 = DIRECTION('',(1.,0.));
#6850 = ( GEOMETRIC_REPRESENTATION_CONTEXT(2) 
PARAMETRIC_REPRESENTATION_CONTEXT() REPRESENTATION_CONTEXT('2D SPACE',''
  ) );
#6851 = PCURVE('',#6852,#6869);
#6852 = B_SPLINE_SURFACE_WITH_KNOTS('',3,3,(
    (#6853,#6854,#6855,#6856)
    ,(#6857,#6858,#6859,#6860)
    ,(#6861,#6862,#6863,#6864)
    ,(#6865,#6866,#6867,#6868
    )),.UNSPECIFIED.,.F.,.F.,.F.,(4,4),(4,4),(0.,1.),(0.,1.),
  .PIECEWISE_BEZIER_KNOTS.);
#6853 = CARTESIAN_POINT('',(-16.63430265277,27.336787946937,0.));
#6854 = CARTESIAN_POINT('',(-16.21434148613,27.592332779329,0.));
#6855 = CARTESIAN_POINT('',(-15.7884903935,27.83819802229,0.));
#6856 = CARTESIAN_POINT('',(-15.35720149352,28.074122645012,0.));
#6857 = CARTESIAN_POINT('',(-14.6444434053,28.547863037217,
    6.000001093596));
#6858 = CARTESIAN_POINT('',(-14.20587707153,28.772838674261,
    6.000001093596));
#6859 = CARTESIAN_POINT('',(-13.76212539422,28.987705900613,
    6.000001093596));
#6860 = CARTESIAN_POINT('',(-13.31365949671,29.192236595514,
    6.000001093596));
#6861 = CARTESIAN_POINT('',(-12.52181647251,29.540553801031,
    11.999998906404));
#6862 = CARTESIAN_POINT('',(-12.06799989893,29.732920596302,
    11.999998906404));
#6863 = CARTESIAN_POINT('',(-11.60974957503,29.914827486576,
    11.999998906404));
#6864 = CARTESIAN_POINT('',(-11.14755201714,30.086081344504,
    11.999998906404));
#6865 = CARTESIAN_POINT('',(-10.31669722395,30.291347913047,18.));
#6866 = CARTESIAN_POINT('',(-9.851346546634,30.449838575143,18.));
#6867 = CARTESIAN_POINT('',(-9.382342921205,30.597603490192,18.));
#6868 = CARTESIAN_POINT('',(-8.910184280574,30.734485778783,18.));
#6869 = DEFINITIONAL_REPRESENTATION('',(#6870),#6874);
#6870 = LINE('',#6871,#6872);
#6871 = CARTESIAN_POINT('',(0.,0.));
#6872 = VECTOR('',#6873,1.);
#6873 = DIRECTION('',(1.,0.));
#6874 = ( GEOMETRIC_REPRESENTATION_CONTEXT(2) 
PARAMETRIC_REPRESENTATION_CONTEXT() REPRESENTATION_CONTEXT('2D SPACE',''
  ) );
#6875 = ADVANCED_FACE('',(#6876),#6852,.T.);
#6876 = FACE_BOUND('',#6877,.T.);
#6877 = EDGE_LOOP('',(#6878,#6903,#6904,#6929));
#6878 = ORIENTED_EDGE('',*,*,#6879,.F.);
#6879 = EDGE_CURVE('',#6787,#6880,#6882,.T.);
#6880 = VERTEX_POINT('',#6881);
#6881 = CARTESIAN_POINT('',(-15.35720149352,28.074122645012,0.));
#6882 = SURFACE_CURVE('',#6883,(#6888,#6895),.PCURVE_S1.);
#6883 = B_SPLINE_CURVE_WITH_KNOTS('',3,(#6884,#6885,#6886,#6887),
  .UNSPECIFIED.,.F.,.F.,(4,4),(0.,1.),.PIECEWISE_BEZIER_KNOTS.);
#6884 = CARTESIAN_POINT('',(-16.63430265277,27.336787946937,0.));
#6885 = CARTESIAN_POINT('',(-16.21434148613,27.592332779329,0.));
#6886 = CARTESIAN_POINT('',(-15.7884903935,27.83819802229,0.));
#6887 = CARTESIAN_POINT('',(-15.35720149352,28.074122645012,0.));
#6888 = PCURVE('',#6852,#6889);
#6889 = DEFINITIONAL_REPRESENTATION('',(#6890),#6894);
#6890 = LINE('',#6891,#6892);
#6891 = CARTESIAN_POINT('',(0.,0.));
#6892 = VECTOR('',#6893,1.);
#6893 = DIRECTION('',(0.,1.));
#6894 = ( GEOMETRIC_REPRESENTATION_CONTEXT(2) 
PARAMETRIC_REPRESENTATION_CONTEXT() REPRESENTATION_CONTEXT('2D SPACE',''
  ) );
#6895 = PCURVE('',#57,#6896);
#6896 = DEFINITIONAL_REPRESENTATION('',(#6897),#6902);
#6897 = B_SPLINE_CURVE_WITH_KNOTS('',3,(#6898,#6899,#6900,#6901),
  .UNSPECIFIED.,.F.,.F.,(4,4),(0.,1.),.PIECEWISE_BEZIER_KNOTS.);
#6898 = CARTESIAN_POINT('',(-16.63430265277,27.336787946937));
#6899 = CARTESIAN_POINT('',(-16.21434148613,27.592332779329));
#6900 = CARTESIAN_POINT('',(-15.7884903935,27.83819802229));
#6901 = CARTESIAN_POINT('',(-15.35720149352,28.074122645012));
#6902 = ( GEOMETRIC_REPRESENTATION_CONTEXT(2) 
PARAMETRIC_REPRESENTATION_CONTEXT() REPRESENTATION_CONTEXT('2D SPACE',''
  ) );
#6903 = ORIENTED_EDGE('',*,*,#6837,.T.);
#6904 = ORIENTED_EDGE('',*,*,#6905,.T.);
#6905 = EDGE_CURVE('',#6813,#6906,#6908,.T.);
#6906 = VERTEX_POINT('',#6907);
#6907 = CARTESIAN_POINT('',(-8.910184280574,30.734485778783,18.));
#6908 = SURFACE_CURVE('',#6909,(#6914,#6921),.PCURVE_S1.);
#6909 = B_SPLINE_CURVE_WITH_KNOTS('',3,(#6910,#6911,#6912,#6913),
  .UNSPECIFIED.,.F.,.F.,(4,4),(0.,1.),.PIECEWISE_BEZIER_KNOTS.);
#6910 = CARTESIAN_POINT('',(-10.31669722395,30.291347913047,18.));
#6911 = CARTESIAN_POINT('',(-9.851346546634,30.449838575143,18.));
#6912 = CARTESIAN_POINT('',(-9.382342921205,30.597603490192,18.));
#6913 = CARTESIAN_POINT('',(-8.910184280574,30.734485778783,18.));
#6914 = PCURVE('',#6852,#6915);
#6915 = DEFINITIONAL_REPRESENTATION('',(#6916),#6920);
#6916 = LINE('',#6917,#6918);
#6917 = CARTESIAN_POINT('',(1.,0.));
#6918 = VECTOR('',#6919,1.);
#6919 = DIRECTION('',(0.,1.));
#6920 = ( GEOMETRIC_REPRESENTATION_CONTEXT(2) 
PARAMETRIC_REPRESENTATION_CONTEXT() REPRESENTATION_CONTEXT('2D SPACE',''
  ) );
#6921 = PCURVE('',#128,#6922);
#6922 = DEFINITIONAL_REPRESENTATION('',(#6923),#6928);
#6923 = B_SPLINE_CURVE_WITH_KNOTS('',3,(#6924,#6925,#6926,#6927),
  .UNSPECIFIED.,.F.,.F.,(4,4),(0.,1.),.PIECEWISE_BEZIER_KNOTS.);
#6924 = CARTESIAN_POINT('',(10.316697223953,30.291347913047));
#6925 = CARTESIAN_POINT('',(9.851346546634,30.449838575143));
#6926 = CARTESIAN_POINT('',(9.382342921205,30.597603490192));
#6927 = CARTESIAN_POINT('',(8.910184280574,30.734485778783));
#6928 = ( GEOMETRIC_REPRESENTATION_CONTEXT(2) 
PARAMETRIC_REPRESENTATION_CONTEXT() REPRESENTATION_CONTEXT('2D SPACE',''
  ) );
#6929 = ORIENTED_EDGE('',*,*,#6930,.F.);
#6930 = EDGE_CURVE('',#6880,#6906,#6931,.T.);
#6931 = SURFACE_CURVE('',#6932,(#6937,#6944),.PCURVE_S1.);
#6932 = B_SPLINE_CURVE_WITH_KNOTS('',3,(#6933,#6934,#6935,#6936),
  .UNSPECIFIED.,.F.,.F.,(4,4),(0.,1.),.PIECEWISE_BEZIER_KNOTS.);
#6933 = CARTESIAN_POINT('',(-15.35720149352,28.074122645012,0.));
#6934 = CARTESIAN_POINT('',(-13.31365953489,29.192236579109,
    6.000000986407));
#6935 = CARTESIAN_POINT('',(-11.1475519785,30.086081359799,
    11.999999013593));
#6936 = CARTESIAN_POINT('',(-8.910184280574,30.734485778783,18.));
#6937 = PCURVE('',#6852,#6938);
#6938 = DEFINITIONAL_REPRESENTATION('',(#6939),#6943);
#6939 = LINE('',#6940,#6941);
#6940 = CARTESIAN_POINT('',(0.,1.));
#6941 = VECTOR('',#6942,1.);
#6942 = DIRECTION('',(1.,0.));
#6943 = ( GEOMETRIC_REPRESENTATION_CONTEXT(2) 
PARAMETRIC_REPRESENTATION_CONTEXT() REPRESENTATION_CONTEXT('2D SPACE',''
  ) );
#6944 = PCURVE('',#6945,#6962);
#6945 = B_SPLINE_SURFACE_WITH_KNOTS('',3,3,(
    (#6946,#6947,#6948,#6949)
    ,(#6950,#6951,#6952,#6953)
    ,(#6954,#6955,#6956,#6957)
    ,(#6958,#6959,#6960,#6961
    )),.UNSPECIFIED.,.F.,.F.,.F.,(4,4),(4,4),(0.,1.),(0.,1.),
  .PIECEWISE_BEZIER_KNOTS.);
#6946 = CARTESIAN_POINT('',(-15.35720149352,28.074122645012,0.));
#6947 = CARTESIAN_POINT('',(-14.24137779879,27.325760755287,0.));
#6948 = CARTESIAN_POINT('',(-13.13581043892,26.464779209288,0.));
#6949 = CARTESIAN_POINT('',(-12.42256723247,25.306122238664,0.));
#6950 = CARTESIAN_POINT('',(-13.31365953489,29.192236579109,
    6.000000986407));
#6951 = CARTESIAN_POINT('',(-12.2523049935,28.362643562019,
    6.000000986407));
#6952 = CARTESIAN_POINT('',(-11.20940496833,27.42117672734,
    6.000000986407));
#6953 = CARTESIAN_POINT('',(-10.58050095781,26.210591548113,
    6.000000986407));
#6954 = CARTESIAN_POINT('',(-11.1475519785,30.086081359799,
    11.999999013593));
#6955 = CARTESIAN_POINT('',(-10.14957603008,29.181237703181,
    11.999999013593));
#6956 = CARTESIAN_POINT('',(-9.178170509866,28.16616549955,
    11.999999013593));
#6957 = CARTESIAN_POINT('',(-8.639298536054,26.912908252831,
    11.999999013593));
#6958 = CARTESIAN_POINT('',(-8.910184280574,30.734485778783,18.));
#6959 = CARTESIAN_POINT('',(-7.982995207723,29.762154323514,18.));
#6960 = CARTESIAN_POINT('',(-7.090217975782,28.682100054556,18.));
#6961 = CARTESIAN_POINT('',(-6.644938420839,27.396437592994,18.));
#6962 = DEFINITIONAL_REPRESENTATION('',(#6963),#6967);
#6963 = LINE('',#6964,#6965);
#6964 = CARTESIAN_POINT('',(0.,0.));
#6965 = VECTOR('',#6966,1.);
#6966 = DIRECTION('',(1.,0.));
#6967 = ( GEOMETRIC_REPRESENTATION_CONTEXT(2) 
PARAMETRIC_REPRESENTATION_CONTEXT() REPRESENTATION_CONTEXT('2D SPACE',''
  ) );
#6968 = ADVANCED_FACE('',(#6969),#6945,.T.);
#6969 = FACE_BOUND('',#6970,.T.);
#6970 = EDGE_LOOP('',(#6971,#6996,#6997,#7022));
#6971 = ORIENTED_EDGE('',*,*,#6972,.F.);
#6972 = EDGE_CURVE('',#6880,#6973,#6975,.T.);
#6973 = VERTEX_POINT('',#6974);
#6974 = CARTESIAN_POINT('',(-12.42256723247,25.306122238664,0.));
#6975 = SURFACE_CURVE('',#6976,(#6981,#6988),.PCURVE_S1.);
#6976 = B_SPLINE_CURVE_WITH_KNOTS('',3,(#6977,#6978,#6979,#6980),
  .UNSPECIFIED.,.F.,.F.,(4,4),(0.,1.),.PIECEWISE_BEZIER_KNOTS.);
#6977 = CARTESIAN_POINT('',(-15.35720149352,28.074122645012,0.));
#6978 = CARTESIAN_POINT('',(-14.24137779879,27.325760755287,0.));
#6979 = CARTESIAN_POINT('',(-13.13581043892,26.464779209288,0.));
#6980 = CARTESIAN_POINT('',(-12.42256723247,25.306122238664,0.));
#6981 = PCURVE('',#6945,#6982);
#6982 = DEFINITIONAL_REPRESENTATION('',(#6983),#6987);
#6983 = LINE('',#6984,#6985);
#6984 = CARTESIAN_POINT('',(0.,0.));
#6985 = VECTOR('',#6986,1.);
#6986 = DIRECTION('',(0.,1.));
#6987 = ( GEOMETRIC_REPRESENTATION_CONTEXT(2) 
PARAMETRIC_REPRESENTATION_CONTEXT() REPRESENTATION_CONTEXT('2D SPACE',''
  ) );
#6988 = PCURVE('',#57,#6989);
#6989 = DEFINITIONAL_REPRESENTATION('',(#6990),#6995);
#6990 = B_SPLINE_CURVE_WITH_KNOTS('',3,(#6991,#6992,#6993,#6994),
  .UNSPECIFIED.,.F.,.F.,(4,4),(0.,1.),.PIECEWISE_BEZIER_KNOTS.);
#6991 = CARTESIAN_POINT('',(-15.35720149352,28.074122645012));
#6992 = CARTESIAN_POINT('',(-14.24137779879,27.325760755287));
#6993 = CARTESIAN_POINT('',(-13.13581043892,26.464779209288));
#6994 = CARTESIAN_POINT('',(-12.42256723247,25.306122238664));
#6995 = ( GEOMETRIC_REPRESENTATION_CONTEXT(2) 
PARAMETRIC_REPRESENTATION_CONTEXT() REPRESENTATION_CONTEXT('2D SPACE',''
  ) );
#6996 = ORIENTED_EDGE('',*,*,#6930,.T.);
#6997 = ORIENTED_EDGE('',*,*,#6998,.T.);
#6998 = EDGE_CURVE('',#6906,#6999,#7001,.T.);
#6999 = VERTEX_POINT('',#7000);
#7000 = CARTESIAN_POINT('',(-6.644938420839,27.396437592994,18.));
#7001 = SURFACE_CURVE('',#7002,(#7007,#7014),.PCURVE_S1.);
#7002 = B_SPLINE_CURVE_WITH_KNOTS('',3,(#7003,#7004,#7005,#7006),
  .UNSPECIFIED.,.F.,.F.,(4,4),(0.,1.),.PIECEWISE_BEZIER_KNOTS.);
#7003 = CARTESIAN_POINT('',(-8.910184280574,30.734485778783,18.));
#7004 = CARTESIAN_POINT('',(-7.982995207723,29.762154323514,18.));
#7005 = CARTESIAN_POINT('',(-7.090217975782,28.682100054556,18.));
#7006 = CARTESIAN_POINT('',(-6.644938420839,27.396437592994,18.));
#7007 = PCURVE('',#6945,#7008);
#7008 = DEFINITIONAL_REPRESENTATION('',(#7009),#7013);
#7009 = LINE('',#7010,#7011);
#7010 = CARTESIAN_POINT('',(1.,0.));
#7011 = VECTOR('',#7012,1.);
#7012 = DIRECTION('',(0.,1.));
#7013 = ( GEOMETRIC_REPRESENTATION_CONTEXT(2) 
PARAMETRIC_REPRESENTATION_CONTEXT() REPRESENTATION_CONTEXT('2D SPACE',''
  ) );
#7014 = PCURVE('',#128,#7015);
#7015 = DEFINITIONAL_REPRESENTATION('',(#7016),#7021);
#7016 = B_SPLINE_CURVE_WITH_KNOTS('',3,(#7017,#7018,#7019,#7020),
  .UNSPECIFIED.,.F.,.F.,(4,4),(0.,1.),.PIECEWISE_BEZIER_KNOTS.);
#7017 = CARTESIAN_POINT('',(8.910184280574,30.734485778783));
#7018 = CARTESIAN_POINT('',(7.982995207723,29.762154323514));
#7019 = CARTESIAN_POINT('',(7.090217975782,28.682100054556));
#7020 = CARTESIAN_POINT('',(6.644938420839,27.396437592994));
#7021 = ( GEOMETRIC_REPRESENTATION_CONTEXT(2) 
PARAMETRIC_REPRESENTATION_CONTEXT() REPRESENTATION_CONTEXT('2D SPACE',''
  ) );
#7022 = ORIENTED_EDGE('',*,*,#7023,.F.);
#7023 = EDGE_CURVE('',#6973,#6999,#7024,.T.);
#7024 = SURFACE_CURVE('',#7025,(#7030,#7037),.PCURVE_S1.);
#7025 = B_SPLINE_CURVE_WITH_KNOTS('',3,(#7026,#7027,#7028,#7029),
  .UNSPECIFIED.,.F.,.F.,(4,4),(0.,1.),.PIECEWISE_BEZIER_KNOTS.);
#7026 = CARTESIAN_POINT('',(-12.42256723247,25.306122238664,0.));
#7027 = CARTESIAN_POINT('',(-10.58050100146,26.210591531603,
    6.000000849768));
#7028 = CARTESIAN_POINT('',(-8.639298491945,26.912908268073,
    11.999999150232));
#7029 = CARTESIAN_POINT('',(-6.644938420839,27.396437592994,18.));
#7030 = PCURVE('',#6945,#7031);
#7031 = DEFINITIONAL_REPRESENTATION('',(#7032),#7036);
#7032 = LINE('',#7033,#7034);
#7033 = CARTESIAN_POINT('',(0.,1.));
#7034 = VECTOR('',#7035,1.);
#7035 = DIRECTION('',(1.,0.));
#7036 = ( GEOMETRIC_REPRESENTATION_CONTEXT(2) 
PARAMETRIC_REPRESENTATION_CONTEXT() REPRESENTATION_CONTEXT('2D SPACE',''
  ) );
#7037 = PCURVE('',#7038,#7055);
#7038 = B_SPLINE_SURFACE_WITH_KNOTS('',3,3,(
    (#7039,#7040,#7041,#7042)
    ,(#7043,#7044,#7045,#7046)
    ,(#7047,#7048,#7049,#7050)
    ,(#7051,#7052,#7053,#7054
    )),.UNSPECIFIED.,.F.,.F.,.F.,(4,4),(4,4),(0.,1.),(0.,1.),
  .PIECEWISE_BEZIER_KNOTS.);
#7039 = CARTESIAN_POINT('',(-12.42256723247,25.306122238664,0.));
#7040 = CARTESIAN_POINT('',(-11.72329879775,24.650706028043,0.));
#7041 = CARTESIAN_POINT('',(-10.47462659603,25.206650710794,0.));
#7042 = CARTESIAN_POINT('',(-10.49379384976,26.164867476106,0.));
#7043 = CARTESIAN_POINT('',(-10.58050100146,26.210591531603,
    6.000000849768));
#7044 = CARTESIAN_POINT('',(-9.928938608537,25.504267833737,
    6.000000849768));
#7045 = CARTESIAN_POINT('',(-8.639788080294,25.969319620558,
    6.000000849768));
#7046 = CARTESIAN_POINT('',(-8.589202387013,26.928938193578,
    6.000000849768));
#7047 = CARTESIAN_POINT('',(-8.639298491945,26.912908268073,
    11.999999150232));
#7048 = CARTESIAN_POINT('',(-8.041024957167,26.160913922593,
    11.999999150232));
#7049 = CARTESIAN_POINT('',(-6.721370674486,26.530636552545,
    11.999999150232));
#7050 = CARTESIAN_POINT('',(-6.600881963316,27.484003841962,
    11.999999150232));
#7051 = CARTESIAN_POINT('',(-6.644938420839,27.396437592994,18.));
#7052 = CARTESIAN_POINT('',(-6.104274377312,26.60509118024,18.));
#7053 = CARTESIAN_POINT('',(-4.764813414695,26.877306329049,18.));
#7054 = CARTESIAN_POINT('',(-4.575927315822,27.816917309505,18.));
#7055 = DEFINITIONAL_REPRESENTATION('',(#7056),#7060);
#7056 = LINE('',#7057,#7058);
#7057 = CARTESIAN_POINT('',(0.,0.));
#7058 = VECTOR('',#7059,1.);
#7059 = DIRECTION('',(1.,0.));
#7060 = ( GEOMETRIC_REPRESENTATION_CONTEXT(2) 
PARAMETRIC_REPRESENTATION_CONTEXT() REPRESENTATION_CONTEXT('2D SPACE',''
  ) );
#7061 = ADVANCED_FACE('',(#7062),#7038,.T.);
#7062 = FACE_BOUND('',#7063,.T.);
#7063 = EDGE_LOOP('',(#7064,#7089,#7090,#7115));
#7064 = ORIENTED_EDGE('',*,*,#7065,.F.);
#7065 = EDGE_CURVE('',#6973,#7066,#7068,.T.);
#7066 = VERTEX_POINT('',#7067);
#7067 = CARTESIAN_POINT('',(-10.49379384976,26.164867476106,0.));
#7068 = SURFACE_CURVE('',#7069,(#7074,#7081),.PCURVE_S1.);
#7069 = B_SPLINE_CURVE_WITH_KNOTS('',3,(#7070,#7071,#7072,#7073),
  .UNSPECIFIED.,.F.,.F.,(4,4),(0.,1.),.PIECEWISE_BEZIER_KNOTS.);
#7070 = CARTESIAN_POINT('',(-12.42256723247,25.306122238664,0.));
#7071 = CARTESIAN_POINT('',(-11.72329879775,24.650706028043,0.));
#7072 = CARTESIAN_POINT('',(-10.47462659603,25.206650710794,0.));
#7073 = CARTESIAN_POINT('',(-10.49379384976,26.164867476106,0.));
#7074 = PCURVE('',#7038,#7075);
#7075 = DEFINITIONAL_REPRESENTATION('',(#7076),#7080);
#7076 = LINE('',#7077,#7078);
#7077 = CARTESIAN_POINT('',(0.,0.));
#7078 = VECTOR('',#7079,1.);
#7079 = DIRECTION('',(0.,1.));
#7080 = ( GEOMETRIC_REPRESENTATION_CONTEXT(2) 
PARAMETRIC_REPRESENTATION_CONTEXT() REPRESENTATION_CONTEXT('2D SPACE',''
  ) );
#7081 = PCURVE('',#57,#7082);
#7082 = DEFINITIONAL_REPRESENTATION('',(#7083),#7088);
#7083 = B_SPLINE_CURVE_WITH_KNOTS('',3,(#7084,#7085,#7086,#7087),
  .UNSPECIFIED.,.F.,.F.,(4,4),(0.,1.),.PIECEWISE_BEZIER_KNOTS.);
#7084 = CARTESIAN_POINT('',(-12.42256723247,25.306122238664));
#7085 = CARTESIAN_POINT('',(-11.72329879775,24.650706028043));
#7086 = CARTESIAN_POINT('',(-10.47462659603,25.206650710794));
#7087 = CARTESIAN_POINT('',(-10.49379384976,26.164867476106));
#7088 = ( GEOMETRIC_REPRESENTATION_CONTEXT(2) 
PARAMETRIC_REPRESENTATION_CONTEXT() REPRESENTATION_CONTEXT('2D SPACE',''
  ) );
#7089 = ORIENTED_EDGE('',*,*,#7023,.T.);
#7090 = ORIENTED_EDGE('',*,*,#7091,.T.);
#7091 = EDGE_CURVE('',#6999,#7092,#7094,.T.);
#7092 = VERTEX_POINT('',#7093);
#7093 = CARTESIAN_POINT('',(-4.575927315822,27.816917309505,18.));
#7094 = SURFACE_CURVE('',#7095,(#7100,#7107),.PCURVE_S1.);
#7095 = B_SPLINE_CURVE_WITH_KNOTS('',3,(#7096,#7097,#7098,#7099),
  .UNSPECIFIED.,.F.,.F.,(4,4),(0.,1.),.PIECEWISE_BEZIER_KNOTS.);
#7096 = CARTESIAN_POINT('',(-6.644938420839,27.396437592994,18.));
#7097 = CARTESIAN_POINT('',(-6.104274377312,26.60509118024,18.));
#7098 = CARTESIAN_POINT('',(-4.764813414695,26.877306329049,18.));
#7099 = CARTESIAN_POINT('',(-4.575927315822,27.816917309505,18.));
#7100 = PCURVE('',#7038,#7101);
#7101 = DEFINITIONAL_REPRESENTATION('',(#7102),#7106);
#7102 = LINE('',#7103,#7104);
#7103 = CARTESIAN_POINT('',(1.,0.));
#7104 = VECTOR('',#7105,1.);
#7105 = DIRECTION('',(0.,1.));
#7106 = ( GEOMETRIC_REPRESENTATION_CONTEXT(2) 
PARAMETRIC_REPRESENTATION_CONTEXT() REPRESENTATION_CONTEXT('2D SPACE',''
  ) );
#7107 = PCURVE('',#128,#7108);
#7108 = DEFINITIONAL_REPRESENTATION('',(#7109),#7114);
#7109 = B_SPLINE_CURVE_WITH_KNOTS('',3,(#7110,#7111,#7112,#7113),
  .UNSPECIFIED.,.F.,.F.,(4,4),(0.,1.),.PIECEWISE_BEZIER_KNOTS.);
#7110 = CARTESIAN_POINT('',(6.644938420839,27.396437592994));
#7111 = CARTESIAN_POINT('',(6.104274377312,26.60509118024));
#7112 = CARTESIAN_POINT('',(4.764813414695,26.877306329049));
#7113 = CARTESIAN_POINT('',(4.575927315822,27.816917309505));
#7114 = ( GEOMETRIC_REPRESENTATION_CONTEXT(2) 
PARAMETRIC_REPRESENTATION_CONTEXT() REPRESENTATION_CONTEXT('2D SPACE',''
  ) );
#7115 = ORIENTED_EDGE('',*,*,#7116,.F.);
#7116 = EDGE_CURVE('',#7066,#7092,#7117,.T.);
#7117 = SURFACE_CURVE('',#7118,(#7123,#7130),.PCURVE_S1.);
#7118 = B_SPLINE_CURVE_WITH_KNOTS('',3,(#7119,#7120,#7121,#7122),
  .UNSPECIFIED.,.F.,.F.,(4,4),(0.,1.),.PIECEWISE_BEZIER_KNOTS.);
#7119 = CARTESIAN_POINT('',(-10.49379384976,26.164867476106,0.));
#7120 = CARTESIAN_POINT('',(-8.589202387013,26.928938193578,
    6.000000849768));
#7121 = CARTESIAN_POINT('',(-6.600881963316,27.484003841962,
    11.999999150232));
#7122 = CARTESIAN_POINT('',(-4.575927315822,27.816917309505,18.));
#7123 = PCURVE('',#7038,#7124);
#7124 = DEFINITIONAL_REPRESENTATION('',(#7125),#7129);
#7125 = LINE('',#7126,#7127);
#7126 = CARTESIAN_POINT('',(0.,1.));
#7127 = VECTOR('',#7128,1.);
#7128 = DIRECTION('',(1.,0.));
#7129 = ( GEOMETRIC_REPRESENTATION_CONTEXT(2) 
PARAMETRIC_REPRESENTATION_CONTEXT() REPRESENTATION_CONTEXT('2D SPACE',''
  ) );
#7130 = PCURVE('',#7131,#7148);
#7131 = B_SPLINE_SURFACE_WITH_KNOTS('',3,3,(
    (#7132,#7133,#7134,#7135)
    ,(#7136,#7137,#7138,#7139)
    ,(#7140,#7141,#7142,#7143)
    ,(#7144,#7145,#7146,#7147
    )),.UNSPECIFIED.,.F.,.F.,.F.,(4,4),(4,4),(0.,1.),(0.,1.),
  .PIECEWISE_BEZIER_KNOTS.);
#7132 = CARTESIAN_POINT('',(-10.49379384976,26.164867476106,0.));
#7133 = CARTESIAN_POINT('',(-10.87759092277,27.470203315601,0.));
#7134 = CARTESIAN_POINT('',(-10.77765594563,28.867909082245,0.));
#7135 = CARTESIAN_POINT('',(-10.58716542612,30.197879532179,0.));
#7136 = CARTESIAN_POINT('',(-8.589202342249,26.928938206775,
    6.000000986407));
#7137 = CARTESIAN_POINT('',(-8.877980532232,28.262221330347,
    6.000000986407));
#7138 = CARTESIAN_POINT('',(-8.67629933481,29.65266189287,6.000000986407
    ));
#7139 = CARTESIAN_POINT('',(-8.388992748024,30.968774715437,
    6.000000986407));
#7140 = CARTESIAN_POINT('',(-6.600882008443,27.484003830065,
    11.999999013593));
#7141 = CARTESIAN_POINT('',(-6.791580137997,28.834807647795,
    11.999999013593));
#7142 = CARTESIAN_POINT('',(-6.488955277112,30.20682020491,
    11.999999013593));
#7143 = CARTESIAN_POINT('',(-6.106358210345,31.498453868544,
    11.999999013593));
#7144 = CARTESIAN_POINT('',(-4.575927315822,27.816917309505,18.));
#7145 = CARTESIAN_POINT('',(-4.667807288055,29.174400244139,18.));
#7146 = CARTESIAN_POINT('',(-4.26743222706,30.517258472062,18.));
#7147 = CARTESIAN_POINT('',(-3.793327275356,31.774371247627,18.));
#7148 = DEFINITIONAL_REPRESENTATION('',(#7149),#7153);
#7149 = LINE('',#7150,#7151);
#7150 = CARTESIAN_POINT('',(0.,0.));
#7151 = VECTOR('',#7152,1.);
#7152 = DIRECTION('',(1.,0.));
#7153 = ( GEOMETRIC_REPRESENTATION_CONTEXT(2) 
PARAMETRIC_REPRESENTATION_CONTEXT() REPRESENTATION_CONTEXT('2D SPACE',''
  ) );
#7154 = ADVANCED_FACE('',(#7155),#7131,.T.);
#7155 = FACE_BOUND('',#7156,.T.);
#7156 = EDGE_LOOP('',(#7157,#7182,#7183,#7208));
#7157 = ORIENTED_EDGE('',*,*,#7158,.F.);
#7158 = EDGE_CURVE('',#7066,#7159,#7161,.T.);
#7159 = VERTEX_POINT('',#7160);
#7160 = CARTESIAN_POINT('',(-10.58716542612,30.197879532179,0.));
#7161 = SURFACE_CURVE('',#7162,(#7167,#7174),.PCURVE_S1.);
#7162 = B_SPLINE_CURVE_WITH_KNOTS('',3,(#7163,#7164,#7165,#7166),
  .UNSPECIFIED.,.F.,.F.,(4,4),(0.,1.),.PIECEWISE_BEZIER_KNOTS.);
#7163 = CARTESIAN_POINT('',(-10.49379384976,26.164867476106,0.));
#7164 = CARTESIAN_POINT('',(-10.87759092277,27.470203315601,0.));
#7165 = CARTESIAN_POINT('',(-10.77765594563,28.867909082245,0.));
#7166 = CARTESIAN_POINT('',(-10.58716542612,30.197879532179,0.));
#7167 = PCURVE('',#7131,#7168);
#7168 = DEFINITIONAL_REPRESENTATION('',(#7169),#7173);
#7169 = LINE('',#7170,#7171);
#7170 = CARTESIAN_POINT('',(0.,0.));
#7171 = VECTOR('',#7172,1.);
#7172 = DIRECTION('',(0.,1.));
#7173 = ( GEOMETRIC_REPRESENTATION_CONTEXT(2) 
PARAMETRIC_REPRESENTATION_CONTEXT() REPRESENTATION_CONTEXT('2D SPACE',''
  ) );
#7174 = PCURVE('',#57,#7175);
#7175 = DEFINITIONAL_REPRESENTATION('',(#7176),#7181);
#7176 = B_SPLINE_CURVE_WITH_KNOTS('',3,(#7177,#7178,#7179,#7180),
  .UNSPECIFIED.,.F.,.F.,(4,4),(0.,1.),.PIECEWISE_BEZIER_KNOTS.);
#7177 = CARTESIAN_POINT('',(-10.49379384976,26.164867476106));
#7178 = CARTESIAN_POINT('',(-10.87759092277,27.470203315601));
#7179 = CARTESIAN_POINT('',(-10.77765594563,28.867909082245));
#7180 = CARTESIAN_POINT('',(-10.58716542612,30.197879532179));
#7181 = ( GEOMETRIC_REPRESENTATION_CONTEXT(2) 
PARAMETRIC_REPRESENTATION_CONTEXT() REPRESENTATION_CONTEXT('2D SPACE',''
  ) );
#7182 = ORIENTED_EDGE('',*,*,#7116,.T.);
#7183 = ORIENTED_EDGE('',*,*,#7184,.T.);
#7184 = EDGE_CURVE('',#7092,#7185,#7187,.T.);
#7185 = VERTEX_POINT('',#7186);
#7186 = CARTESIAN_POINT('',(-3.793327275356,31.774371247627,18.));
#7187 = SURFACE_CURVE('',#7188,(#7193,#7200),.PCURVE_S1.);
#7188 = B_SPLINE_CURVE_WITH_KNOTS('',3,(#7189,#7190,#7191,#7192),
  .UNSPECIFIED.,.F.,.F.,(4,4),(0.,1.),.PIECEWISE_BEZIER_KNOTS.);
#7189 = CARTESIAN_POINT('',(-4.575927315822,27.816917309505,18.));
#7190 = CARTESIAN_POINT('',(-4.667807288055,29.174400244139,18.));
#7191 = CARTESIAN_POINT('',(-4.26743222706,30.517258472062,18.));
#7192 = CARTESIAN_POINT('',(-3.793327275356,31.774371247627,18.));
#7193 = PCURVE('',#7131,#7194);
#7194 = DEFINITIONAL_REPRESENTATION('',(#7195),#7199);
#7195 = LINE('',#7196,#7197);
#7196 = CARTESIAN_POINT('',(1.,0.));
#7197 = VECTOR('',#7198,1.);
#7198 = DIRECTION('',(0.,1.));
#7199 = ( GEOMETRIC_REPRESENTATION_CONTEXT(2) 
PARAMETRIC_REPRESENTATION_CONTEXT() REPRESENTATION_CONTEXT('2D SPACE',''
  ) );
#7200 = PCURVE('',#128,#7201);
#7201 = DEFINITIONAL_REPRESENTATION('',(#7202),#7207);
#7202 = B_SPLINE_CURVE_WITH_KNOTS('',3,(#7203,#7204,#7205,#7206),
  .UNSPECIFIED.,.F.,.F.,(4,4),(0.,1.),.PIECEWISE_BEZIER_KNOTS.);
#7203 = CARTESIAN_POINT('',(4.575927315822,27.816917309505));
#7204 = CARTESIAN_POINT('',(4.667807288055,29.174400244139));
#7205 = CARTESIAN_POINT('',(4.26743222706,30.517258472062));
#7206 = CARTESIAN_POINT('',(3.793327275356,31.774371247627));
#7207 = ( GEOMETRIC_REPRESENTATION_CONTEXT(2) 
PARAMETRIC_REPRESENTATION_CONTEXT() REPRESENTATION_CONTEXT('2D SPACE',''
  ) );
#7208 = ORIENTED_EDGE('',*,*,#7209,.F.);
#7209 = EDGE_CURVE('',#7159,#7185,#7210,.T.);
#7210 = SURFACE_CURVE('',#7211,(#7216,#7223),.PCURVE_S1.);
#7211 = B_SPLINE_CURVE_WITH_KNOTS('',3,(#7212,#7213,#7214,#7215),
  .UNSPECIFIED.,.F.,.F.,(4,4),(0.,1.),.PIECEWISE_BEZIER_KNOTS.);
#7212 = CARTESIAN_POINT('',(-10.58716542612,30.197879532179,0.));
#7213 = CARTESIAN_POINT('',(-8.388992748024,30.968774715437,
    6.000000986407));
#7214 = CARTESIAN_POINT('',(-6.106358210345,31.498453868544,
    11.999999013593));
#7215 = CARTESIAN_POINT('',(-3.793327275356,31.774371247627,18.));
#7216 = PCURVE('',#7131,#7217);
#7217 = DEFINITIONAL_REPRESENTATION('',(#7218),#7222);
#7218 = LINE('',#7219,#7220);
#7219 = CARTESIAN_POINT('',(0.,1.));
#7220 = VECTOR('',#7221,1.);
#7221 = DIRECTION('',(1.,0.));
#7222 = ( GEOMETRIC_REPRESENTATION_CONTEXT(2) 
PARAMETRIC_REPRESENTATION_CONTEXT() REPRESENTATION_CONTEXT('2D SPACE',''
  ) );
#7223 = PCURVE('',#7224,#7241);
#7224 = B_SPLINE_SURFACE_WITH_KNOTS('',3,3,(
    (#7225,#7226,#7227,#7228)
    ,(#7229,#7230,#7231,#7232)
    ,(#7233,#7234,#7235,#7236)
    ,(#7237,#7238,#7239,#7240
    )),.UNSPECIFIED.,.F.,.F.,.F.,(4,4),(4,4),(0.,1.),(0.,1.),
  .PIECEWISE_BEZIER_KNOTS.);
#7225 = CARTESIAN_POINT('',(-10.58716542612,30.197879532179,0.));
#7226 = CARTESIAN_POINT('',(-10.12325066038,30.360525260628,0.));
#7227 = CARTESIAN_POINT('',(-9.655587177484,30.51247833743,0.));
#7228 = CARTESIAN_POINT('',(-9.18467148753,30.653577436674,0.));
#7229 = CARTESIAN_POINT('',(-8.388992707683,30.968774725414,
    6.000001093596));
#7230 = CARTESIAN_POINT('',(-7.913235035452,31.097651037022,
    6.000001093596));
#7231 = CARTESIAN_POINT('',(-7.434506988631,31.215561737421,
    6.000001093596));
#7232 = CARTESIAN_POINT('',(-6.953316824376,31.32238164289,
    6.000001093596));
#7233 = CARTESIAN_POINT('',(-6.106358250957,31.498453859737,
    11.999998906404));
#7234 = CARTESIAN_POINT('',(-5.622463352673,31.592263207858,
    11.999998906404));
#7235 = CARTESIAN_POINT('',(-5.136406328689,31.674919396477,
    11.999998906404));
#7236 = CARTESIAN_POINT('',(-4.648703217207,31.746334670972,
    11.999998906404));
#7237 = CARTESIAN_POINT('',(-3.793327275356,31.774371247627,18.));
#7238 = CARTESIAN_POINT('',(-3.305193565302,31.83264666235,18.));
#7239 = CARTESIAN_POINT('',(-2.815716741021,31.879671222716,18.));
#7240 = CARTESIAN_POINT('',(-2.325416471458,31.915395003576,18.));
#7241 = DEFINITIONAL_REPRESENTATION('',(#7242),#7246);
#7242 = LINE('',#7243,#7244);
#7243 = CARTESIAN_POINT('',(0.,0.));
#7244 = VECTOR('',#7245,1.);
#7245 = DIRECTION('',(1.,0.));
#7246 = ( GEOMETRIC_REPRESENTATION_CONTEXT(2) 
PARAMETRIC_REPRESENTATION_CONTEXT() REPRESENTATION_CONTEXT('2D SPACE',''
  ) );
#7247 = ADVANCED_FACE('',(#7248),#7224,.T.);
#7248 = FACE_BOUND('',#7249,.T.);
#7249 = EDGE_LOOP('',(#7250,#7275,#7276,#7301));
#7250 = ORIENTED_EDGE('',*,*,#7251,.F.);
#7251 = EDGE_CURVE('',#7159,#7252,#7254,.T.);
#7252 = VERTEX_POINT('',#7253);
#7253 = CARTESIAN_POINT('',(-9.18467148753,30.653577436674,0.));
#7254 = SURFACE_CURVE('',#7255,(#7260,#7267),.PCURVE_S1.);
#7255 = B_SPLINE_CURVE_WITH_KNOTS('',3,(#7256,#7257,#7258,#7259),
  .UNSPECIFIED.,.F.,.F.,(4,4),(0.,1.),.PIECEWISE_BEZIER_KNOTS.);
#7256 = CARTESIAN_POINT('',(-10.58716542612,30.197879532179,0.));
#7257 = CARTESIAN_POINT('',(-10.12325066038,30.360525260628,0.));
#7258 = CARTESIAN_POINT('',(-9.655587177484,30.51247833743,0.));
#7259 = CARTESIAN_POINT('',(-9.18467148753,30.653577436674,0.));
#7260 = PCURVE('',#7224,#7261);
#7261 = DEFINITIONAL_REPRESENTATION('',(#7262),#7266);
#7262 = LINE('',#7263,#7264);
#7263 = CARTESIAN_POINT('',(0.,0.));
#7264 = VECTOR('',#7265,1.);
#7265 = DIRECTION('',(0.,1.));
#7266 = ( GEOMETRIC_REPRESENTATION_CONTEXT(2) 
PARAMETRIC_REPRESENTATION_CONTEXT() REPRESENTATION_CONTEXT('2D SPACE',''
  ) );
#7267 = PCURVE('',#57,#7268);
#7268 = DEFINITIONAL_REPRESENTATION('',(#7269),#7274);
#7269 = B_SPLINE_CURVE_WITH_KNOTS('',3,(#7270,#7271,#7272,#7273),
  .UNSPECIFIED.,.F.,.F.,(4,4),(0.,1.),.PIECEWISE_BEZIER_KNOTS.);
#7270 = CARTESIAN_POINT('',(-10.58716542612,30.197879532179));
#7271 = CARTESIAN_POINT('',(-10.12325066038,30.360525260628));
#7272 = CARTESIAN_POINT('',(-9.655587177484,30.51247833743));
#7273 = CARTESIAN_POINT('',(-9.18467148753,30.653577436674));
#7274 = ( GEOMETRIC_REPRESENTATION_CONTEXT(2) 
PARAMETRIC_REPRESENTATION_CONTEXT() REPRESENTATION_CONTEXT('2D SPACE',''
  ) );
#7275 = ORIENTED_EDGE('',*,*,#7209,.T.);
#7276 = ORIENTED_EDGE('',*,*,#7277,.T.);
#7277 = EDGE_CURVE('',#7185,#7278,#7280,.T.);
#7278 = VERTEX_POINT('',#7279);
#7279 = CARTESIAN_POINT('',(-2.325416471458,31.915395003576,18.));
#7280 = SURFACE_CURVE('',#7281,(#7286,#7293),.PCURVE_S1.);
#7281 = B_SPLINE_CURVE_WITH_KNOTS('',3,(#7282,#7283,#7284,#7285),
  .UNSPECIFIED.,.F.,.F.,(4,4),(0.,1.),.PIECEWISE_BEZIER_KNOTS.);
#7282 = CARTESIAN_POINT('',(-3.793327275356,31.774371247627,18.));
#7283 = CARTESIAN_POINT('',(-3.305193565302,31.83264666235,18.));
#7284 = CARTESIAN_POINT('',(-2.815716741021,31.879671222716,18.));
#7285 = CARTESIAN_POINT('',(-2.325416471458,31.915395003576,18.));
#7286 = PCURVE('',#7224,#7287);
#7287 = DEFINITIONAL_REPRESENTATION('',(#7288),#7292);
#7288 = LINE('',#7289,#7290);
#7289 = CARTESIAN_POINT('',(1.,0.));
#7290 = VECTOR('',#7291,1.);
#7291 = DIRECTION('',(0.,1.));
#7292 = ( GEOMETRIC_REPRESENTATION_CONTEXT(2) 
PARAMETRIC_REPRESENTATION_CONTEXT() REPRESENTATION_CONTEXT('2D SPACE',''
  ) );
#7293 = PCURVE('',#128,#7294);
#7294 = DEFINITIONAL_REPRESENTATION('',(#7295),#7300);
#7295 = B_SPLINE_CURVE_WITH_KNOTS('',3,(#7296,#7297,#7298,#7299),
  .UNSPECIFIED.,.F.,.F.,(4,4),(0.,1.),.PIECEWISE_BEZIER_KNOTS.);
#7296 = CARTESIAN_POINT('',(3.793327275356,31.774371247627));
#7297 = CARTESIAN_POINT('',(3.305193565302,31.83264666235));
#7298 = CARTESIAN_POINT('',(2.815716741021,31.879671222716));
#7299 = CARTESIAN_POINT('',(2.325416471458,31.915395003576));
#7300 = ( GEOMETRIC_REPRESENTATION_CONTEXT(2) 
PARAMETRIC_REPRESENTATION_CONTEXT() REPRESENTATION_CONTEXT('2D SPACE',''
  ) );
#7301 = ORIENTED_EDGE('',*,*,#7302,.F.);
#7302 = EDGE_CURVE('',#7252,#7278,#7303,.T.);
#7303 = SURFACE_CURVE('',#7304,(#7309,#7316),.PCURVE_S1.);
#7304 = B_SPLINE_CURVE_WITH_KNOTS('',3,(#7305,#7306,#7307,#7308),
  .UNSPECIFIED.,.F.,.F.,(4,4),(0.,1.),.PIECEWISE_BEZIER_KNOTS.);
#7305 = CARTESIAN_POINT('',(-9.18467148753,30.653577436674,0.));
#7306 = CARTESIAN_POINT('',(-6.953316865134,31.322381634782,
    6.000000986407));
#7307 = CARTESIAN_POINT('',(-4.648703176231,31.746334677899,
    11.999999013593));
#7308 = CARTESIAN_POINT('',(-2.325416471458,31.915395003576,18.));
#7309 = PCURVE('',#7224,#7310);
#7310 = DEFINITIONAL_REPRESENTATION('',(#7311),#7315);
#7311 = LINE('',#7312,#7313);
#7312 = CARTESIAN_POINT('',(0.,1.));
#7313 = VECTOR('',#7314,1.);
#7314 = DIRECTION('',(1.,0.));
#7315 = ( GEOMETRIC_REPRESENTATION_CONTEXT(2) 
PARAMETRIC_REPRESENTATION_CONTEXT() REPRESENTATION_CONTEXT('2D SPACE',''
  ) );
#7316 = PCURVE('',#7317,#7334);
#7317 = B_SPLINE_SURFACE_WITH_KNOTS('',3,3,(
    (#7318,#7319,#7320,#7321)
    ,(#7322,#7323,#7324,#7325)
    ,(#7326,#7327,#7328,#7329)
    ,(#7330,#7331,#7332,#7333
    )),.UNSPECIFIED.,.F.,.F.,.F.,(4,4),(4,4),(0.,1.),(0.,1.),
  .PIECEWISE_BEZIER_KNOTS.);
#7318 = CARTESIAN_POINT('',(-9.18467148753,30.653577436674,0.));
#7319 = CARTESIAN_POINT('',(-8.248824403522,29.689576258732,0.));
#7320 = CARTESIAN_POINT('',(-7.346424472004,28.617548846132,0.));
#7321 = CARTESIAN_POINT('',(-6.889665670717,27.335919709227,0.));
#7322 = CARTESIAN_POINT('',(-6.953316865134,31.322381634782,
    6.000000986407));
#7323 = CARTESIAN_POINT('',(-6.087637553819,30.290249198273,
    6.000000986407));
#7324 = CARTESIAN_POINT('',(-5.263269357838,29.152524565173,
    6.000000986407));
#7325 = CARTESIAN_POINT('',(-4.899803220349,27.837637080439,
    6.000000986407));
#7326 = CARTESIAN_POINT('',(-4.648703176231,31.746334677899,
    11.999999013593));
#7327 = CARTESIAN_POINT('',(-3.860662971274,30.653773159308,
    11.999999013593));
#7328 = CARTESIAN_POINT('',(-3.121530370487,29.458916154576,
    11.999999013593));
#7329 = CARTESIAN_POINT('',(-2.855000875395,28.121007802387,
    11.999999013593));
#7330 = CARTESIAN_POINT('',(-2.325416471458,31.915395003576,18.));
#7331 = CARTESIAN_POINT('',(-1.620647781322,30.771537875642,18.));
#7332 = CARTESIAN_POINT('',(-0.971935783144,29.529466559982,18.));
#7333 = CARTESIAN_POINT('',(-0.803690911025,28.179320082697,18.));
#7334 = DEFINITIONAL_REPRESENTATION('',(#7335),#7339);
#7335 = LINE('',#7336,#7337);
#7336 = CARTESIAN_POINT('',(0.,0.));
#7337 = VECTOR('',#7338,1.);
#7338 = DIRECTION('',(1.,0.));
#7339 = ( GEOMETRIC_REPRESENTATION_CONTEXT(2) 
PARAMETRIC_REPRESENTATION_CONTEXT() REPRESENTATION_CONTEXT('2D SPACE',''
  ) );
#7340 = ADVANCED_FACE('',(#7341),#7317,.T.);
#7341 = FACE_BOUND('',#7342,.T.);
#7342 = EDGE_LOOP('',(#7343,#7368,#7369,#7394));
#7343 = ORIENTED_EDGE('',*,*,#7344,.F.);
#7344 = EDGE_CURVE('',#7252,#7345,#7347,.T.);
#7345 = VERTEX_POINT('',#7346);
#7346 = CARTESIAN_POINT('',(-6.889665670717,27.335919709227,0.));
#7347 = SURFACE_CURVE('',#7348,(#7353,#7360),.PCURVE_S1.);
#7348 = B_SPLINE_CURVE_WITH_KNOTS('',3,(#7349,#7350,#7351,#7352),
  .UNSPECIFIED.,.F.,.F.,(4,4),(0.,1.),.PIECEWISE_BEZIER_KNOTS.);
#7349 = CARTESIAN_POINT('',(-9.18467148753,30.653577436674,0.));
#7350 = CARTESIAN_POINT('',(-8.248824403522,29.689576258732,0.));
#7351 = CARTESIAN_POINT('',(-7.346424472004,28.617548846132,0.));
#7352 = CARTESIAN_POINT('',(-6.889665670717,27.335919709227,0.));
#7353 = PCURVE('',#7317,#7354);
#7354 = DEFINITIONAL_REPRESENTATION('',(#7355),#7359);
#7355 = LINE('',#7356,#7357);
#7356 = CARTESIAN_POINT('',(0.,0.));
#7357 = VECTOR('',#7358,1.);
#7358 = DIRECTION('',(0.,1.));
#7359 = ( GEOMETRIC_REPRESENTATION_CONTEXT(2) 
PARAMETRIC_REPRESENTATION_CONTEXT() REPRESENTATION_CONTEXT('2D SPACE',''
  ) );
#7360 = PCURVE('',#57,#7361);
#7361 = DEFINITIONAL_REPRESENTATION('',(#7362),#7367);
#7362 = B_SPLINE_CURVE_WITH_KNOTS('',3,(#7363,#7364,#7365,#7366),
  .UNSPECIFIED.,.F.,.F.,(4,4),(0.,1.),.PIECEWISE_BEZIER_KNOTS.);
#7363 = CARTESIAN_POINT('',(-9.18467148753,30.653577436674));
#7364 = CARTESIAN_POINT('',(-8.248824403522,29.689576258732));
#7365 = CARTESIAN_POINT('',(-7.346424472004,28.617548846132));
#7366 = CARTESIAN_POINT('',(-6.889665670717,27.335919709227));
#7367 = ( GEOMETRIC_REPRESENTATION_CONTEXT(2) 
PARAMETRIC_REPRESENTATION_CONTEXT() REPRESENTATION_CONTEXT('2D SPACE',''
  ) );
#7368 = ORIENTED_EDGE('',*,*,#7302,.T.);
#7369 = ORIENTED_EDGE('',*,*,#7370,.T.);
#7370 = EDGE_CURVE('',#7278,#7371,#7373,.T.);
#7371 = VERTEX_POINT('',#7372);
#7372 = CARTESIAN_POINT('',(-0.803690911025,28.179320082697,18.));
#7373 = SURFACE_CURVE('',#7374,(#7379,#7386),.PCURVE_S1.);
#7374 = B_SPLINE_CURVE_WITH_KNOTS('',3,(#7375,#7376,#7377,#7378),
  .UNSPECIFIED.,.F.,.F.,(4,4),(0.,1.),.PIECEWISE_BEZIER_KNOTS.);
#7375 = CARTESIAN_POINT('',(-2.325416471458,31.915395003576,18.));
#7376 = CARTESIAN_POINT('',(-1.620647781322,30.771537875642,18.));
#7377 = CARTESIAN_POINT('',(-0.971935783144,29.529466559982,18.));
#7378 = CARTESIAN_POINT('',(-0.803690911025,28.179320082697,18.));
#7379 = PCURVE('',#7317,#7380);
#7380 = DEFINITIONAL_REPRESENTATION('',(#7381),#7385);
#7381 = LINE('',#7382,#7383);
#7382 = CARTESIAN_POINT('',(1.,0.));
#7383 = VECTOR('',#7384,1.);
#7384 = DIRECTION('',(0.,1.));
#7385 = ( GEOMETRIC_REPRESENTATION_CONTEXT(2) 
PARAMETRIC_REPRESENTATION_CONTEXT() REPRESENTATION_CONTEXT('2D SPACE',''
  ) );
#7386 = PCURVE('',#128,#7387);
#7387 = DEFINITIONAL_REPRESENTATION('',(#7388),#7393);
#7388 = B_SPLINE_CURVE_WITH_KNOTS('',3,(#7389,#7390,#7391,#7392),
  .UNSPECIFIED.,.F.,.F.,(4,4),(0.,1.),.PIECEWISE_BEZIER_KNOTS.);
#7389 = CARTESIAN_POINT('',(2.325416471458,31.915395003576));
#7390 = CARTESIAN_POINT('',(1.620647781322,30.771537875642));
#7391 = CARTESIAN_POINT('',(0.971935783144,29.529466559982));
#7392 = CARTESIAN_POINT('',(0.803690911025,28.179320082697));
#7393 = ( GEOMETRIC_REPRESENTATION_CONTEXT(2) 
PARAMETRIC_REPRESENTATION_CONTEXT() REPRESENTATION_CONTEXT('2D SPACE',''
  ) );
#7394 = ORIENTED_EDGE('',*,*,#7395,.F.);
#7395 = EDGE_CURVE('',#7345,#7371,#7396,.T.);
#7396 = SURFACE_CURVE('',#7397,(#7402,#7409),.PCURVE_S1.);
#7397 = B_SPLINE_CURVE_WITH_KNOTS('',3,(#7398,#7399,#7400,#7401),
  .UNSPECIFIED.,.F.,.F.,(4,4),(0.,1.),.PIECEWISE_BEZIER_KNOTS.);
#7398 = CARTESIAN_POINT('',(-6.889665670717,27.335919709227,0.));
#7399 = CARTESIAN_POINT('',(-4.899803266479,27.837637073366,
    6.000000849768));
#7400 = CARTESIAN_POINT('',(-2.855000829081,28.121007808124,
    11.999999150232));
#7401 = CARTESIAN_POINT('',(-0.803690911025,28.179320082697,18.));
#7402 = PCURVE('',#7317,#7403);
#7403 = DEFINITIONAL_REPRESENTATION('',(#7404),#7408);
#7404 = LINE('',#7405,#7406);
#7405 = CARTESIAN_POINT('',(0.,1.));
#7406 = VECTOR('',#7407,1.);
#7407 = DIRECTION('',(1.,0.));
#7408 = ( GEOMETRIC_REPRESENTATION_CONTEXT(2) 
PARAMETRIC_REPRESENTATION_CONTEXT() REPRESENTATION_CONTEXT('2D SPACE',''
  ) );
#7409 = PCURVE('',#7410,#7427);
#7410 = B_SPLINE_SURFACE_WITH_KNOTS('',3,3,(
    (#7411,#7412,#7413,#7414)
    ,(#7415,#7416,#7417,#7418)
    ,(#7419,#7420,#7421,#7422)
    ,(#7423,#7424,#7425,#7426
    )),.UNSPECIFIED.,.F.,.F.,.F.,(4,4),(4,4),(0.,1.),(0.,1.),
  .PIECEWISE_BEZIER_KNOTS.);
#7411 = CARTESIAN_POINT('',(-6.889665670717,27.335919709227,0.));
#7412 = CARTESIAN_POINT('',(-6.341946621565,26.549439832727,0.));
#7413 = CARTESIAN_POINT('',(-5.004973504363,26.833622241565,0.));
#7414 = CARTESIAN_POINT('',(-4.824497439761,27.774884767669,0.));
#7415 = CARTESIAN_POINT('',(-4.899803266479,27.837637073366,
    6.000000849768));
#7416 = CARTESIAN_POINT('',(-4.409332029393,27.011280804169,
    6.000000849768));
#7417 = CARTESIAN_POINT('',(-3.051662829891,27.198140627619,
    6.000000849768));
#7418 = CARTESIAN_POINT('',(-2.80266663532,28.126271875417,
    6.000000849768));
#7419 = CARTESIAN_POINT('',(-2.855000829081,28.121007808124,
    11.999999150232));
#7420 = CARTESIAN_POINT('',(-2.426149422309,27.26105828114,
    11.999999150232));
#7421 = CARTESIAN_POINT('',(-1.05846309478,27.348330031358,
    11.999999150232));
#7422 = CARTESIAN_POINT('',(-0.742391145921,28.255812946455,
    11.999999150232));
#7423 = CARTESIAN_POINT('',(-0.803690911025,28.179320082697,18.));
#7424 = CARTESIAN_POINT('',(-0.439371844744,27.292856112258,18.));
#7425 = CARTESIAN_POINT('',(0.927415393971,27.280633113427,18.));
#7426 = CARTESIAN_POINT('',(1.307529986053,28.160439711395,18.));
#7427 = DEFINITIONAL_REPRESENTATION('',(#7428),#7432);
#7428 = LINE('',#7429,#7430);
#7429 = CARTESIAN_POINT('',(0.,0.));
#7430 = VECTOR('',#7431,1.);
#7431 = DIRECTION('',(1.,0.));
#7432 = ( GEOMETRIC_REPRESENTATION_CONTEXT(2) 
PARAMETRIC_REPRESENTATION_CONTEXT() REPRESENTATION_CONTEXT('2D SPACE',''
  ) );
#7433 = ADVANCED_FACE('',(#7434),#7410,.T.);
#7434 = FACE_BOUND('',#7435,.T.);
#7435 = EDGE_LOOP('',(#7436,#7461,#7462,#7487));
#7436 = ORIENTED_EDGE('',*,*,#7437,.F.);
#7437 = EDGE_CURVE('',#7345,#7438,#7440,.T.);
#7438 = VERTEX_POINT('',#7439);
#7439 = CARTESIAN_POINT('',(-4.824497439761,27.774884767669,0.));
#7440 = SURFACE_CURVE('',#7441,(#7446,#7453),.PCURVE_S1.);
#7441 = B_SPLINE_CURVE_WITH_KNOTS('',3,(#7442,#7443,#7444,#7445),
  .UNSPECIFIED.,.F.,.F.,(4,4),(0.,1.),.PIECEWISE_BEZIER_KNOTS.);
#7442 = CARTESIAN_POINT('',(-6.889665670717,27.335919709227,0.));
#7443 = CARTESIAN_POINT('',(-6.341946621565,26.549439832727,0.));
#7444 = CARTESIAN_POINT('',(-5.004973504363,26.833622241565,0.));
#7445 = CARTESIAN_POINT('',(-4.824497439761,27.774884767669,0.));
#7446 = PCURVE('',#7410,#7447);
#7447 = DEFINITIONAL_REPRESENTATION('',(#7448),#7452);
#7448 = LINE('',#7449,#7450);
#7449 = CARTESIAN_POINT('',(0.,0.));
#7450 = VECTOR('',#7451,1.);
#7451 = DIRECTION('',(0.,1.));
#7452 = ( GEOMETRIC_REPRESENTATION_CONTEXT(2) 
PARAMETRIC_REPRESENTATION_CONTEXT() REPRESENTATION_CONTEXT('2D SPACE',''
  ) );
#7453 = PCURVE('',#57,#7454);
#7454 = DEFINITIONAL_REPRESENTATION('',(#7455),#7460);
#7455 = B_SPLINE_CURVE_WITH_KNOTS('',3,(#7456,#7457,#7458,#7459),
  .UNSPECIFIED.,.F.,.F.,(4,4),(0.,1.),.PIECEWISE_BEZIER_KNOTS.);
#7456 = CARTESIAN_POINT('',(-6.889665670717,27.335919709227));
#7457 = CARTESIAN_POINT('',(-6.341946621565,26.549439832727));
#7458 = CARTESIAN_POINT('',(-5.004973504363,26.833622241565));
#7459 = CARTESIAN_POINT('',(-4.824497439761,27.774884767669));
#7460 = ( GEOMETRIC_REPRESENTATION_CONTEXT(2) 
PARAMETRIC_REPRESENTATION_CONTEXT() REPRESENTATION_CONTEXT('2D SPACE',''
  ) );
#7461 = ORIENTED_EDGE('',*,*,#7395,.T.);
#7462 = ORIENTED_EDGE('',*,*,#7463,.T.);
#7463 = EDGE_CURVE('',#7371,#7464,#7466,.T.);
#7464 = VERTEX_POINT('',#7465);
#7465 = CARTESIAN_POINT('',(1.307529986053,28.160439711395,18.));
#7466 = SURFACE_CURVE('',#7467,(#7472,#7479),.PCURVE_S1.);
#7467 = B_SPLINE_CURVE_WITH_KNOTS('',3,(#7468,#7469,#7470,#7471),
  .UNSPECIFIED.,.F.,.F.,(4,4),(0.,1.),.PIECEWISE_BEZIER_KNOTS.);
#7468 = CARTESIAN_POINT('',(-0.803690911025,28.179320082697,18.));
#7469 = CARTESIAN_POINT('',(-0.439371844744,27.292856112258,18.));
#7470 = CARTESIAN_POINT('',(0.927415393971,27.280633113427,18.));
#7471 = CARTESIAN_POINT('',(1.307529986053,28.160439711395,18.));
#7472 = PCURVE('',#7410,#7473);
#7473 = DEFINITIONAL_REPRESENTATION('',(#7474),#7478);
#7474 = LINE('',#7475,#7476);
#7475 = CARTESIAN_POINT('',(1.,0.));
#7476 = VECTOR('',#7477,1.);
#7477 = DIRECTION('',(0.,1.));
#7478 = ( GEOMETRIC_REPRESENTATION_CONTEXT(2) 
PARAMETRIC_REPRESENTATION_CONTEXT() REPRESENTATION_CONTEXT('2D SPACE',''
  ) );
#7479 = PCURVE('',#128,#7480);
#7480 = DEFINITIONAL_REPRESENTATION('',(#7481),#7486);
#7481 = B_SPLINE_CURVE_WITH_KNOTS('',3,(#7482,#7483,#7484,#7485),
  .UNSPECIFIED.,.F.,.F.,(4,4),(0.,1.),.PIECEWISE_BEZIER_KNOTS.);
#7482 = CARTESIAN_POINT('',(0.803690911025,28.179320082697));
#7483 = CARTESIAN_POINT('',(0.439371844744,27.292856112258));
#7484 = CARTESIAN_POINT('',(-0.927415393971,27.280633113427));
#7485 = CARTESIAN_POINT('',(-1.307529986053,28.160439711395));
#7486 = ( GEOMETRIC_REPRESENTATION_CONTEXT(2) 
PARAMETRIC_REPRESENTATION_CONTEXT() REPRESENTATION_CONTEXT('2D SPACE',''
  ) );
#7487 = ORIENTED_EDGE('',*,*,#7488,.F.);
#7488 = EDGE_CURVE('',#7438,#7464,#7489,.T.);
#7489 = SURFACE_CURVE('',#7490,(#7495,#7502),.PCURVE_S1.);
#7490 = B_SPLINE_CURVE_WITH_KNOTS('',3,(#7491,#7492,#7493,#7494),
  .UNSPECIFIED.,.F.,.F.,(4,4),(0.,1.),.PIECEWISE_BEZIER_KNOTS.);
#7491 = CARTESIAN_POINT('',(-4.824497439761,27.774884767669,0.));
#7492 = CARTESIAN_POINT('',(-2.80266663532,28.126271875417,
    6.000000849768));
#7493 = CARTESIAN_POINT('',(-0.742391145921,28.255812946455,
    11.999999150232));
#7494 = CARTESIAN_POINT('',(1.307529986053,28.160439711395,18.));
#7495 = PCURVE('',#7410,#7496);
#7496 = DEFINITIONAL_REPRESENTATION('',(#7497),#7501);
#7497 = LINE('',#7498,#7499);
#7498 = CARTESIAN_POINT('',(0.,1.));
#7499 = VECTOR('',#7500,1.);
#7500 = DIRECTION('',(1.,0.));
#7501 = ( GEOMETRIC_REPRESENTATION_CONTEXT(2) 
PARAMETRIC_REPRESENTATION_CONTEXT() REPRESENTATION_CONTEXT('2D SPACE',''
  ) );
#7502 = PCURVE('',#7503,#7520);
#7503 = B_SPLINE_SURFACE_WITH_KNOTS('',3,3,(
    (#7504,#7505,#7506,#7507)
    ,(#7508,#7509,#7510,#7511)
    ,(#7512,#7513,#7514,#7515)
    ,(#7516,#7517,#7518,#7519
    )),.UNSPECIFIED.,.F.,.F.,.F.,(4,4),(4,4),(0.,1.),(0.,1.),
  .PIECEWISE_BEZIER_KNOTS.);
#7504 = CARTESIAN_POINT('',(-4.824497439761,27.774884767669,0.));
#7505 = CARTESIAN_POINT('',(-4.92851304442,29.131491785603,0.));
#7506 = CARTESIAN_POINT('',(-4.540162517091,30.477876677708,0.));
#7507 = CARTESIAN_POINT('',(-4.077318267485,31.739178876361,0.));
#7508 = CARTESIAN_POINT('',(-2.802666588791,28.126271879019,
    6.000000986407));
#7509 = CARTESIAN_POINT('',(-2.807929133906,29.49045992919,
    6.000000986407));
#7510 = CARTESIAN_POINT('',(-2.321566306199,30.808584150623,
    6.000000986407));
#7511 = CARTESIAN_POINT('',(-1.766902815413,32.03620235207,
    6.000000986407));
#7512 = CARTESIAN_POINT('',(-0.742391192535,28.2558129442,
    11.999999013593));
#7513 = CARTESIAN_POINT('',(-0.648074204715,29.616746828127,
    11.999999013593));
#7514 = CARTESIAN_POINT('',(-6.680497254567E-02,30.895858372535,
    11.999999013593));
#7515 = CARTESIAN_POINT('',(0.575977169284,32.079720338593,
    11.999999013593));
#7516 = CARTESIAN_POINT('',(1.307529986053,28.160439711395,18.));
#7517 = CARTESIAN_POINT('',(1.499894383854,29.507361307323,18.));
#7518 = CARTESIAN_POINT('',(2.170716213856,30.737632205199,18.));
#7519 = CARTESIAN_POINT('',(2.895829277578,31.868702088336,18.));
#7520 = DEFINITIONAL_REPRESENTATION('',(#7521),#7525);
#7521 = LINE('',#7522,#7523);
#7522 = CARTESIAN_POINT('',(0.,0.));
#7523 = VECTOR('',#7524,1.);
#7524 = DIRECTION('',(1.,0.));
#7525 = ( GEOMETRIC_REPRESENTATION_CONTEXT(2) 
PARAMETRIC_REPRESENTATION_CONTEXT() REPRESENTATION_CONTEXT('2D SPACE',''
  ) );
#7526 = ADVANCED_FACE('',(#7527),#7503,.T.);
#7527 = FACE_BOUND('',#7528,.T.);
#7528 = EDGE_LOOP('',(#7529,#7554,#7555,#7580));
#7529 = ORIENTED_EDGE('',*,*,#7530,.F.);
#7530 = EDGE_CURVE('',#7438,#7531,#7533,.T.);
#7531 = VERTEX_POINT('',#7532);
#7532 = CARTESIAN_POINT('',(-4.077318267485,31.739178876361,0.));
#7533 = SURFACE_CURVE('',#7534,(#7539,#7546),.PCURVE_S1.);
#7534 = B_SPLINE_CURVE_WITH_KNOTS('',3,(#7535,#7536,#7537,#7538),
  .UNSPECIFIED.,.F.,.F.,(4,4),(0.,1.),.PIECEWISE_BEZIER_KNOTS.);
#7535 = CARTESIAN_POINT('',(-4.824497439761,27.774884767669,0.));
#7536 = CARTESIAN_POINT('',(-4.92851304442,29.131491785603,0.));
#7537 = CARTESIAN_POINT('',(-4.540162517091,30.477876677708,0.));
#7538 = CARTESIAN_POINT('',(-4.077318267485,31.739178876361,0.));
#7539 = PCURVE('',#7503,#7540);
#7540 = DEFINITIONAL_REPRESENTATION('',(#7541),#7545);
#7541 = LINE('',#7542,#7543);
#7542 = CARTESIAN_POINT('',(0.,0.));
#7543 = VECTOR('',#7544,1.);
#7544 = DIRECTION('',(0.,1.));
#7545 = ( GEOMETRIC_REPRESENTATION_CONTEXT(2) 
PARAMETRIC_REPRESENTATION_CONTEXT() REPRESENTATION_CONTEXT('2D SPACE',''
  ) );
#7546 = PCURVE('',#57,#7547);
#7547 = DEFINITIONAL_REPRESENTATION('',(#7548),#7553);
#7548 = B_SPLINE_CURVE_WITH_KNOTS('',3,(#7549,#7550,#7551,#7552),
  .UNSPECIFIED.,.F.,.F.,(4,4),(0.,1.),.PIECEWISE_BEZIER_KNOTS.);
#7549 = CARTESIAN_POINT('',(-4.824497439761,27.774884767669));
#7550 = CARTESIAN_POINT('',(-4.92851304442,29.131491785603));
#7551 = CARTESIAN_POINT('',(-4.540162517091,30.477876677708));
#7552 = CARTESIAN_POINT('',(-4.077318267485,31.739178876361));
#7553 = ( GEOMETRIC_REPRESENTATION_CONTEXT(2) 
PARAMETRIC_REPRESENTATION_CONTEXT() REPRESENTATION_CONTEXT('2D SPACE',''
  ) );
#7554 = ORIENTED_EDGE('',*,*,#7488,.T.);
#7555 = ORIENTED_EDGE('',*,*,#7556,.T.);
#7556 = EDGE_CURVE('',#7464,#7557,#7559,.T.);
#7557 = VERTEX_POINT('',#7558);
#7558 = CARTESIAN_POINT('',(2.895829277578,31.868702088336,18.));
#7559 = SURFACE_CURVE('',#7560,(#7565,#7572),.PCURVE_S1.);
#7560 = B_SPLINE_CURVE_WITH_KNOTS('',3,(#7561,#7562,#7563,#7564),
  .UNSPECIFIED.,.F.,.F.,(4,4),(0.,1.),.PIECEWISE_BEZIER_KNOTS.);
#7561 = CARTESIAN_POINT('',(1.307529986053,28.160439711395,18.));
#7562 = CARTESIAN_POINT('',(1.499894383854,29.507361307323,18.));
#7563 = CARTESIAN_POINT('',(2.170716213856,30.737632205199,18.));
#7564 = CARTESIAN_POINT('',(2.895829277578,31.868702088336,18.));
#7565 = PCURVE('',#7503,#7566);
#7566 = DEFINITIONAL_REPRESENTATION('',(#7567),#7571);
#7567 = LINE('',#7568,#7569);
#7568 = CARTESIAN_POINT('',(1.,0.));
#7569 = VECTOR('',#7570,1.);
#7570 = DIRECTION('',(0.,1.));
#7571 = ( GEOMETRIC_REPRESENTATION_CONTEXT(2) 
PARAMETRIC_REPRESENTATION_CONTEXT() REPRESENTATION_CONTEXT('2D SPACE',''
  ) );
#7572 = PCURVE('',#128,#7573);
#7573 = DEFINITIONAL_REPRESENTATION('',(#7574),#7579);
#7574 = B_SPLINE_CURVE_WITH_KNOTS('',3,(#7575,#7576,#7577,#7578),
  .UNSPECIFIED.,.F.,.F.,(4,4),(0.,1.),.PIECEWISE_BEZIER_KNOTS.);
#7575 = CARTESIAN_POINT('',(-1.307529986053,28.160439711395));
#7576 = CARTESIAN_POINT('',(-1.499894383854,29.507361307323));
#7577 = CARTESIAN_POINT('',(-2.170716213856,30.737632205199));
#7578 = CARTESIAN_POINT('',(-2.895829277578,31.868702088336));
#7579 = ( GEOMETRIC_REPRESENTATION_CONTEXT(2) 
PARAMETRIC_REPRESENTATION_CONTEXT() REPRESENTATION_CONTEXT('2D SPACE',''
  ) );
#7580 = ORIENTED_EDGE('',*,*,#7581,.F.);
#7581 = EDGE_CURVE('',#7531,#7557,#7582,.T.);
#7582 = SURFACE_CURVE('',#7583,(#7588,#7595),.PCURVE_S1.);
#7583 = B_SPLINE_CURVE_WITH_KNOTS('',3,(#7584,#7585,#7586,#7587),
  .UNSPECIFIED.,.F.,.F.,(4,4),(0.,1.),.PIECEWISE_BEZIER_KNOTS.);
#7584 = CARTESIAN_POINT('',(-4.077318267485,31.739178876361,0.));
#7585 = CARTESIAN_POINT('',(-1.766902815413,32.03620235207,
    6.000000986407));
#7586 = CARTESIAN_POINT('',(0.575977169284,32.079720338593,
    11.999999013593));
#7587 = CARTESIAN_POINT('',(2.895829277578,31.868702088336,18.));
#7588 = PCURVE('',#7503,#7589);
#7589 = DEFINITIONAL_REPRESENTATION('',(#7590),#7594);
#7590 = LINE('',#7591,#7592);
#7591 = CARTESIAN_POINT('',(0.,1.));
#7592 = VECTOR('',#7593,1.);
#7593 = DIRECTION('',(1.,0.));
#7594 = ( GEOMETRIC_REPRESENTATION_CONTEXT(2) 
PARAMETRIC_REPRESENTATION_CONTEXT() REPRESENTATION_CONTEXT('2D SPACE',''
  ) );
#7595 = PCURVE('',#7596,#7613);
#7596 = B_SPLINE_SURFACE_WITH_KNOTS('',3,3,(
    (#7597,#7598,#7599,#7600)
    ,(#7601,#7602,#7603,#7604)
    ,(#7605,#7606,#7607,#7608)
    ,(#7609,#7610,#7611,#7612
    )),.UNSPECIFIED.,.F.,.F.,.F.,(4,4),(4,4),(0.,1.),(0.,1.),
  .PIECEWISE_BEZIER_KNOTS.);
#7597 = CARTESIAN_POINT('',(-4.077318267485,31.739178876361,0.));
#7598 = CARTESIAN_POINT('',(-3.589725204027,31.801817102073,0.));
#7599 = CARTESIAN_POINT('',(-3.100688469157,31.853216934108,0.));
#7600 = CARTESIAN_POINT('',(-2.610727264583,31.893323802168,0.));
#7601 = CARTESIAN_POINT('',(-1.766902773879,32.036202353442,
    6.000001093596));
#7602 = CARTESIAN_POINT('',(-1.274746656402,32.06334682638,
    6.000001093596));
#7603 = CARTESIAN_POINT('',(-0.781964952915,32.079147737419,
    6.000001093596));
#7604 = CARTESIAN_POINT('',(-0.289080841093,32.083588311009,
    6.000001093596));
#7605 = CARTESIAN_POINT('',(0.575977127728,32.079720338422,
    11.999998906404));
#7606 = CARTESIAN_POINT('',(1.068801821674,32.070872320732,
    11.999998906404));
#7607 = CARTESIAN_POINT('',(1.561422521437,32.050665335626,
    11.999998906404));
#7608 = CARTESIAN_POINT('',(2.053316220274,32.019120836503,
    11.999998906404));
#7609 = CARTESIAN_POINT('',(2.895829277578,31.868702088336,18.));
#7610 = CARTESIAN_POINT('',(3.385412234913,31.824215340426,18.));
#7611 = CARTESIAN_POINT('',(3.873969772053,31.768444347171,18.));
#7612 = CARTESIAN_POINT('',(4.360983196047,31.701448319656,18.));
#7613 = DEFINITIONAL_REPRESENTATION('',(#7614),#7618);
#7614 = LINE('',#7615,#7616);
#7615 = CARTESIAN_POINT('',(0.,0.));
#7616 = VECTOR('',#7617,1.);
#7617 = DIRECTION('',(1.,0.));
#7618 = ( GEOMETRIC_REPRESENTATION_CONTEXT(2) 
PARAMETRIC_REPRESENTATION_CONTEXT() REPRESENTATION_CONTEXT('2D SPACE',''
  ) );
#7619 = ADVANCED_FACE('',(#7620),#7596,.T.);
#7620 = FACE_BOUND('',#7621,.T.);
#7621 = EDGE_LOOP('',(#7622,#7647,#7648,#7673));
#7622 = ORIENTED_EDGE('',*,*,#7623,.F.);
#7623 = EDGE_CURVE('',#7531,#7624,#7626,.T.);
#7624 = VERTEX_POINT('',#7625);
#7625 = CARTESIAN_POINT('',(-2.610727264583,31.893323802168,0.));
#7626 = SURFACE_CURVE('',#7627,(#7632,#7639),.PCURVE_S1.);
#7627 = B_SPLINE_CURVE_WITH_KNOTS('',3,(#7628,#7629,#7630,#7631),
  .UNSPECIFIED.,.F.,.F.,(4,4),(0.,1.),.PIECEWISE_BEZIER_KNOTS.);
#7628 = CARTESIAN_POINT('',(-4.077318267485,31.739178876361,0.));
#7629 = CARTESIAN_POINT('',(-3.589725204027,31.801817102073,0.));
#7630 = CARTESIAN_POINT('',(-3.100688469157,31.853216934108,0.));
#7631 = CARTESIAN_POINT('',(-2.610727264583,31.893323802168,0.));
#7632 = PCURVE('',#7596,#7633);
#7633 = DEFINITIONAL_REPRESENTATION('',(#7634),#7638);
#7634 = LINE('',#7635,#7636);
#7635 = CARTESIAN_POINT('',(0.,0.));
#7636 = VECTOR('',#7637,1.);
#7637 = DIRECTION('',(0.,1.));
#7638 = ( GEOMETRIC_REPRESENTATION_CONTEXT(2) 
PARAMETRIC_REPRESENTATION_CONTEXT() REPRESENTATION_CONTEXT('2D SPACE',''
  ) );
#7639 = PCURVE('',#57,#7640);
#7640 = DEFINITIONAL_REPRESENTATION('',(#7641),#7646);
#7641 = B_SPLINE_CURVE_WITH_KNOTS('',3,(#7642,#7643,#7644,#7645),
  .UNSPECIFIED.,.F.,.F.,(4,4),(0.,1.),.PIECEWISE_BEZIER_KNOTS.);
#7642 = CARTESIAN_POINT('',(-4.077318267485,31.739178876361));
#7643 = CARTESIAN_POINT('',(-3.589725204027,31.801817102073));
#7644 = CARTESIAN_POINT('',(-3.100688469157,31.853216934108));
#7645 = CARTESIAN_POINT('',(-2.610727264583,31.893323802168));
#7646 = ( GEOMETRIC_REPRESENTATION_CONTEXT(2) 
PARAMETRIC_REPRESENTATION_CONTEXT() REPRESENTATION_CONTEXT('2D SPACE',''
  ) );
#7647 = ORIENTED_EDGE('',*,*,#7581,.T.);
#7648 = ORIENTED_EDGE('',*,*,#7649,.T.);
#7649 = EDGE_CURVE('',#7557,#7650,#7652,.T.);
#7650 = VERTEX_POINT('',#7651);
#7651 = CARTESIAN_POINT('',(4.360983196047,31.701448319656,18.));
#7652 = SURFACE_CURVE('',#7653,(#7658,#7665),.PCURVE_S1.);
#7653 = B_SPLINE_CURVE_WITH_KNOTS('',3,(#7654,#7655,#7656,#7657),
  .UNSPECIFIED.,.F.,.F.,(4,4),(0.,1.),.PIECEWISE_BEZIER_KNOTS.);
#7654 = CARTESIAN_POINT('',(2.895829277578,31.868702088336,18.));
#7655 = CARTESIAN_POINT('',(3.385412234913,31.824215340426,18.));
#7656 = CARTESIAN_POINT('',(3.873969772053,31.768444347171,18.));
#7657 = CARTESIAN_POINT('',(4.360983196047,31.701448319656,18.));
#7658 = PCURVE('',#7596,#7659);
#7659 = DEFINITIONAL_REPRESENTATION('',(#7660),#7664);
#7660 = LINE('',#7661,#7662);
#7661 = CARTESIAN_POINT('',(1.,0.));
#7662 = VECTOR('',#7663,1.);
#7663 = DIRECTION('',(0.,1.));
#7664 = ( GEOMETRIC_REPRESENTATION_CONTEXT(2) 
PARAMETRIC_REPRESENTATION_CONTEXT() REPRESENTATION_CONTEXT('2D SPACE',''
  ) );
#7665 = PCURVE('',#128,#7666);
#7666 = DEFINITIONAL_REPRESENTATION('',(#7667),#7672);
#7667 = B_SPLINE_CURVE_WITH_KNOTS('',3,(#7668,#7669,#7670,#7671),
  .UNSPECIFIED.,.F.,.F.,(4,4),(0.,1.),.PIECEWISE_BEZIER_KNOTS.);
#7668 = CARTESIAN_POINT('',(-2.895829277578,31.868702088336));
#7669 = CARTESIAN_POINT('',(-3.385412234913,31.824215340426));
#7670 = CARTESIAN_POINT('',(-3.873969772053,31.768444347171));
#7671 = CARTESIAN_POINT('',(-4.360983196047,31.701448319656));
#7672 = ( GEOMETRIC_REPRESENTATION_CONTEXT(2) 
PARAMETRIC_REPRESENTATION_CONTEXT() REPRESENTATION_CONTEXT('2D SPACE',''
  ) );
#7673 = ORIENTED_EDGE('',*,*,#7674,.F.);
#7674 = EDGE_CURVE('',#7624,#7650,#7675,.T.);
#7675 = SURFACE_CURVE('',#7676,(#7681,#7688),.PCURVE_S1.);
#7676 = B_SPLINE_CURVE_WITH_KNOTS('',3,(#7677,#7678,#7679,#7680),
  .UNSPECIFIED.,.F.,.F.,(4,4),(0.,1.),.PIECEWISE_BEZIER_KNOTS.);
#7677 = CARTESIAN_POINT('',(-2.610727264583,31.893323802168,0.));
#7678 = CARTESIAN_POINT('',(-0.289080882646,32.083588311552,
    6.000000986407));
#7679 = CARTESIAN_POINT('',(2.053316261794,32.019120834759,
    11.999999013593));
#7680 = CARTESIAN_POINT('',(4.360983196047,31.701448319656,18.));
#7681 = PCURVE('',#7596,#7682);
#7682 = DEFINITIONAL_REPRESENTATION('',(#7683),#7687);
#7683 = LINE('',#7684,#7685);
#7684 = CARTESIAN_POINT('',(0.,1.));
#7685 = VECTOR('',#7686,1.);
#7686 = DIRECTION('',(1.,0.));
#7687 = ( GEOMETRIC_REPRESENTATION_CONTEXT(2) 
PARAMETRIC_REPRESENTATION_CONTEXT() REPRESENTATION_CONTEXT('2D SPACE',''
  ) );
#7688 = PCURVE('',#7689,#7706);
#7689 = B_SPLINE_SURFACE_WITH_KNOTS('',3,3,(
    (#7690,#7691,#7692,#7693)
    ,(#7694,#7695,#7696,#7697)
    ,(#7698,#7699,#7700,#7701)
    ,(#7702,#7703,#7704,#7705
    )),.UNSPECIFIED.,.F.,.F.,.F.,(4,4),(4,4),(0.,1.),(0.,1.),
  .PIECEWISE_BEZIER_KNOTS.);
#7690 = CARTESIAN_POINT('',(-2.610727264583,31.893323802168,0.));
#7691 = CARTESIAN_POINT('',(-1.895757799563,30.755814813277,0.));
#7692 = CARTESIAN_POINT('',(-1.235964503604,29.519594276166,0.));
#7693 = CARTESIAN_POINT('',(-1.055652658866,28.1710063162,0.));
#7694 = CARTESIAN_POINT('',(-0.289080882646,32.083588311552,
    6.000000986407));
#7695 = CARTESIAN_POINT('',(0.343088858699,30.89402559582,6.000000986407
    ));
#7696 = CARTESIAN_POINT('',(0.912896379566,29.609767190175,
    6.000000986407));
#7697 = CARTESIAN_POINT('',(0.995039429713,28.248044292547,
    6.000000986407));
#7698 = CARTESIAN_POINT('',(2.053316261794,32.019120834759,
    11.999999013593));
#7699 = CARTESIAN_POINT('',(2.596979584903,30.786591635251,
    11.999999013593));
#7700 = CARTESIAN_POINT('',(3.071535624846,29.464170814084,
    11.999999013593));
#7701 = CARTESIAN_POINT('',(3.054074023333,28.100084371411,
    11.999999013593));
#7702 = CARTESIAN_POINT('',(4.360983196047,31.701448319656,18.));
#7703 = CARTESIAN_POINT('',(4.812529729852,30.436057564384,18.));
#7704 = CARTESIAN_POINT('',(5.188824667083,29.086253678635,18.));
#7705 = CARTESIAN_POINT('',(5.072681748137,27.730631065406,18.));
#7706 = DEFINITIONAL_REPRESENTATION('',(#7707),#7711);
#7707 = LINE('',#7708,#7709);
#7708 = CARTESIAN_POINT('',(0.,0.));
#7709 = VECTOR('',#7710,1.);
#7710 = DIRECTION('',(1.,0.));
#7711 = ( GEOMETRIC_REPRESENTATION_CONTEXT(2) 
PARAMETRIC_REPRESENTATION_CONTEXT() REPRESENTATION_CONTEXT('2D SPACE',''
  ) );
#7712 = ADVANCED_FACE('',(#7713),#7689,.T.);
#7713 = FACE_BOUND('',#7714,.T.);
#7714 = EDGE_LOOP('',(#7715,#7740,#7741,#7766));
#7715 = ORIENTED_EDGE('',*,*,#7716,.F.);
#7716 = EDGE_CURVE('',#7624,#7717,#7719,.T.);
#7717 = VERTEX_POINT('',#7718);
#7718 = CARTESIAN_POINT('',(-1.055652658866,28.1710063162,0.));
#7719 = SURFACE_CURVE('',#7720,(#7725,#7732),.PCURVE_S1.);
#7720 = B_SPLINE_CURVE_WITH_KNOTS('',3,(#7721,#7722,#7723,#7724),
  .UNSPECIFIED.,.F.,.F.,(4,4),(0.,1.),.PIECEWISE_BEZIER_KNOTS.);
#7721 = CARTESIAN_POINT('',(-2.610727264583,31.893323802168,0.));
#7722 = CARTESIAN_POINT('',(-1.895757799563,30.755814813277,0.));
#7723 = CARTESIAN_POINT('',(-1.235964503604,29.519594276166,0.));
#7724 = CARTESIAN_POINT('',(-1.055652658866,28.1710063162,0.));
#7725 = PCURVE('',#7689,#7726);
#7726 = DEFINITIONAL_REPRESENTATION('',(#7727),#7731);
#7727 = LINE('',#7728,#7729);
#7728 = CARTESIAN_POINT('',(0.,0.));
#7729 = VECTOR('',#7730,1.);
#7730 = DIRECTION('',(0.,1.));
#7731 = ( GEOMETRIC_REPRESENTATION_CONTEXT(2) 
PARAMETRIC_REPRESENTATION_CONTEXT() REPRESENTATION_CONTEXT('2D SPACE',''
  ) );
#7732 = PCURVE('',#57,#7733);
#7733 = DEFINITIONAL_REPRESENTATION('',(#7734),#7739);
#7734 = B_SPLINE_CURVE_WITH_KNOTS('',3,(#7735,#7736,#7737,#7738),
  .UNSPECIFIED.,.F.,.F.,(4,4),(0.,1.),.PIECEWISE_BEZIER_KNOTS.);
#7735 = CARTESIAN_POINT('',(-2.610727264583,31.893323802168));
#7736 = CARTESIAN_POINT('',(-1.895757799563,30.755814813277));
#7737 = CARTESIAN_POINT('',(-1.235964503604,29.519594276166));
#7738 = CARTESIAN_POINT('',(-1.055652658866,28.1710063162));
#7739 = ( GEOMETRIC_REPRESENTATION_CONTEXT(2) 
PARAMETRIC_REPRESENTATION_CONTEXT() REPRESENTATION_CONTEXT('2D SPACE',''
  ) );
#7740 = ORIENTED_EDGE('',*,*,#7674,.T.);
#7741 = ORIENTED_EDGE('',*,*,#7742,.T.);
#7742 = EDGE_CURVE('',#7650,#7743,#7745,.T.);
#7743 = VERTEX_POINT('',#7744);
#7744 = CARTESIAN_POINT('',(5.072681748137,27.730631065406,18.));
#7745 = SURFACE_CURVE('',#7746,(#7751,#7758),.PCURVE_S1.);
#7746 = B_SPLINE_CURVE_WITH_KNOTS('',3,(#7747,#7748,#7749,#7750),
  .UNSPECIFIED.,.F.,.F.,(4,4),(0.,1.),.PIECEWISE_BEZIER_KNOTS.);
#7747 = CARTESIAN_POINT('',(4.360983196047,31.701448319656,18.));
#7748 = CARTESIAN_POINT('',(4.812529729852,30.436057564384,18.));
#7749 = CARTESIAN_POINT('',(5.188824667083,29.086253678635,18.));
#7750 = CARTESIAN_POINT('',(5.072681748137,27.730631065406,18.));
#7751 = PCURVE('',#7689,#7752);
#7752 = DEFINITIONAL_REPRESENTATION('',(#7753),#7757);
#7753 = LINE('',#7754,#7755);
#7754 = CARTESIAN_POINT('',(1.,0.));
#7755 = VECTOR('',#7756,1.);
#7756 = DIRECTION('',(0.,1.));
#7757 = ( GEOMETRIC_REPRESENTATION_CONTEXT(2) 
PARAMETRIC_REPRESENTATION_CONTEXT() REPRESENTATION_CONTEXT('2D SPACE',''
  ) );
#7758 = PCURVE('',#128,#7759);
#7759 = DEFINITIONAL_REPRESENTATION('',(#7760),#7765);
#7760 = B_SPLINE_CURVE_WITH_KNOTS('',3,(#7761,#7762,#7763,#7764),
  .UNSPECIFIED.,.F.,.F.,(4,4),(0.,1.),.PIECEWISE_BEZIER_KNOTS.);
#7761 = CARTESIAN_POINT('',(-4.360983196047,31.701448319656));
#7762 = CARTESIAN_POINT('',(-4.812529729852,30.436057564384));
#7763 = CARTESIAN_POINT('',(-5.188824667083,29.086253678635));
#7764 = CARTESIAN_POINT('',(-5.072681748137,27.730631065406));
#7765 = ( GEOMETRIC_REPRESENTATION_CONTEXT(2) 
PARAMETRIC_REPRESENTATION_CONTEXT() REPRESENTATION_CONTEXT('2D SPACE',''
  ) );
#7766 = ORIENTED_EDGE('',*,*,#7767,.F.);
#7767 = EDGE_CURVE('',#7717,#7743,#7768,.T.);
#7768 = SURFACE_CURVE('',#7769,(#7774,#7781),.PCURVE_S1.);
#7769 = B_SPLINE_CURVE_WITH_KNOTS('',3,(#7770,#7771,#7772,#7773),
  .UNSPECIFIED.,.F.,.F.,(4,4),(0.,1.),.PIECEWISE_BEZIER_KNOTS.);
#7770 = CARTESIAN_POINT('',(-1.055652658866,28.1710063162,0.));
#7771 = CARTESIAN_POINT('',(0.995039383121,28.248044295219,
    6.000000849768));
#7772 = CARTESIAN_POINT('',(3.054074069828,28.100084367393,
    11.999999150232));
#7773 = CARTESIAN_POINT('',(5.072681748137,27.730631065406,18.));
#7774 = PCURVE('',#7689,#7775);
#7775 = DEFINITIONAL_REPRESENTATION('',(#7776),#7780);
#7776 = LINE('',#7777,#7778);
#7777 = CARTESIAN_POINT('',(0.,1.));
#7778 = VECTOR('',#7779,1.);
#7779 = DIRECTION('',(1.,0.));
#7780 = ( GEOMETRIC_REPRESENTATION_CONTEXT(2) 
PARAMETRIC_REPRESENTATION_CONTEXT() REPRESENTATION_CONTEXT('2D SPACE',''
  ) );
#7781 = PCURVE('',#7782,#7799);
#7782 = B_SPLINE_SURFACE_WITH_KNOTS('',3,3,(
    (#7783,#7784,#7785,#7786)
    ,(#7787,#7788,#7789,#7790)
    ,(#7791,#7792,#7793,#7794)
    ,(#7795,#7796,#7797,#7798
    )),.UNSPECIFIED.,.F.,.F.,.F.,(4,4),(4,4),(0.,1.),(0.,1.),
  .PIECEWISE_BEZIER_KNOTS.);
#7783 = CARTESIAN_POINT('',(-1.055652658866,28.1710063162,0.));
#7784 = CARTESIAN_POINT('',(-0.683420945979,27.287835718374,0.));
#7785 = CARTESIAN_POINT('',(0.683420945979,27.287835718374,0.));
#7786 = CARTESIAN_POINT('',(1.055652658866,28.1710063162,0.));
#7787 = CARTESIAN_POINT('',(0.995039383121,28.248044295219,
    6.000000849768));
#7788 = CARTESIAN_POINT('',(1.302983517759,27.337771188952,
    6.000000849768));
#7789 = CARTESIAN_POINT('',(2.669834729681,27.238272378095,
    6.000000849768));
#7790 = CARTESIAN_POINT('',(3.106359097023,28.094352511474,
    6.000000849768));
#7791 = CARTESIAN_POINT('',(3.054074069828,28.100084367393,
    11.999999150232));
#7792 = CARTESIAN_POINT('',(3.29476048426,27.16976357973,11.999999150232
    ));
#7793 = CARTESIAN_POINT('',(4.650704401237,26.970770255953,
    11.999999150232));
#7794 = CARTESIAN_POINT('',(5.14854572694,27.792707438755,
    11.999999150232));
#7795 = CARTESIAN_POINT('',(5.072681748137,27.730631065406,18.));
#7796 = CARTESIAN_POINT('',(5.244733345779,26.787792266517,18.));
#7797 = CARTESIAN_POINT('',(6.579111699688,26.491665323747,18.));
#7798 = CARTESIAN_POINT('',(7.133841953313,27.273215769115,18.));
#7799 = DEFINITIONAL_REPRESENTATION('',(#7800),#7804);
#7800 = LINE('',#7801,#7802);
#7801 = CARTESIAN_POINT('',(0.,0.));
#7802 = VECTOR('',#7803,1.);
#7803 = DIRECTION('',(1.,0.));
#7804 = ( GEOMETRIC_REPRESENTATION_CONTEXT(2) 
PARAMETRIC_REPRESENTATION_CONTEXT() REPRESENTATION_CONTEXT('2D SPACE',''
  ) );
#7805 = ADVANCED_FACE('',(#7806),#7782,.T.);
#7806 = FACE_BOUND('',#7807,.T.);
#7807 = EDGE_LOOP('',(#7808,#7833,#7834,#7859));
#7808 = ORIENTED_EDGE('',*,*,#7809,.F.);
#7809 = EDGE_CURVE('',#7717,#7810,#7812,.T.);
#7810 = VERTEX_POINT('',#7811);
#7811 = CARTESIAN_POINT('',(1.055652658866,28.1710063162,0.));
#7812 = SURFACE_CURVE('',#7813,(#7818,#7825),.PCURVE_S1.);
#7813 = B_SPLINE_CURVE_WITH_KNOTS('',3,(#7814,#7815,#7816,#7817),
  .UNSPECIFIED.,.F.,.F.,(4,4),(0.,1.),.PIECEWISE_BEZIER_KNOTS.);
#7814 = CARTESIAN_POINT('',(-1.055652658866,28.1710063162,0.));
#7815 = CARTESIAN_POINT('',(-0.683420945979,27.287835718374,0.));
#7816 = CARTESIAN_POINT('',(0.683420945979,27.287835718374,0.));
#7817 = CARTESIAN_POINT('',(1.055652658866,28.1710063162,0.));
#7818 = PCURVE('',#7782,#7819);
#7819 = DEFINITIONAL_REPRESENTATION('',(#7820),#7824);
#7820 = LINE('',#7821,#7822);
#7821 = CARTESIAN_POINT('',(0.,0.));
#7822 = VECTOR('',#7823,1.);
#7823 = DIRECTION('',(0.,1.));
#7824 = ( GEOMETRIC_REPRESENTATION_CONTEXT(2) 
PARAMETRIC_REPRESENTATION_CONTEXT() REPRESENTATION_CONTEXT('2D SPACE',''
  ) );
#7825 = PCURVE('',#57,#7826);
#7826 = DEFINITIONAL_REPRESENTATION('',(#7827),#7832);
#7827 = B_SPLINE_CURVE_WITH_KNOTS('',3,(#7828,#7829,#7830,#7831),
  .UNSPECIFIED.,.F.,.F.,(4,4),(0.,1.),.PIECEWISE_BEZIER_KNOTS.);
#7828 = CARTESIAN_POINT('',(-1.055652658866,28.1710063162));
#7829 = CARTESIAN_POINT('',(-0.683420945979,27.287835718374));
#7830 = CARTESIAN_POINT('',(0.683420945979,27.287835718374));
#7831 = CARTESIAN_POINT('',(1.055652658866,28.1710063162));
#7832 = ( GEOMETRIC_REPRESENTATION_CONTEXT(2) 
PARAMETRIC_REPRESENTATION_CONTEXT() REPRESENTATION_CONTEXT('2D SPACE',''
  ) );
#7833 = ORIENTED_EDGE('',*,*,#7767,.T.);
#7834 = ORIENTED_EDGE('',*,*,#7835,.T.);
#7835 = EDGE_CURVE('',#7743,#7836,#7838,.T.);
#7836 = VERTEX_POINT('',#7837);
#7837 = CARTESIAN_POINT('',(7.133841953313,27.273215769115,18.));
#7838 = SURFACE_CURVE('',#7839,(#7844,#7851),.PCURVE_S1.);
#7839 = B_SPLINE_CURVE_WITH_KNOTS('',3,(#7840,#7841,#7842,#7843),
  .UNSPECIFIED.,.F.,.F.,(4,4),(0.,1.),.PIECEWISE_BEZIER_KNOTS.);
#7840 = CARTESIAN_POINT('',(5.072681748137,27.730631065406,18.));
#7841 = CARTESIAN_POINT('',(5.244733345779,26.787792266517,18.));
#7842 = CARTESIAN_POINT('',(6.579111699688,26.491665323747,18.));
#7843 = CARTESIAN_POINT('',(7.133841953313,27.273215769115,18.));
#7844 = PCURVE('',#7782,#7845);
#7845 = DEFINITIONAL_REPRESENTATION('',(#7846),#7850);
#7846 = LINE('',#7847,#7848);
#7847 = CARTESIAN_POINT('',(1.,0.));
#7848 = VECTOR('',#7849,1.);
#7849 = DIRECTION('',(0.,1.));
#7850 = ( GEOMETRIC_REPRESENTATION_CONTEXT(2) 
PARAMETRIC_REPRESENTATION_CONTEXT() REPRESENTATION_CONTEXT('2D SPACE',''
  ) );
#7851 = PCURVE('',#128,#7852);
#7852 = DEFINITIONAL_REPRESENTATION('',(#7853),#7858);
#7853 = B_SPLINE_CURVE_WITH_KNOTS('',3,(#7854,#7855,#7856,#7857),
  .UNSPECIFIED.,.F.,.F.,(4,4),(0.,1.),.PIECEWISE_BEZIER_KNOTS.);
#7854 = CARTESIAN_POINT('',(-5.072681748137,27.730631065406));
#7855 = CARTESIAN_POINT('',(-5.244733345779,26.787792266517));
#7856 = CARTESIAN_POINT('',(-6.579111699688,26.491665323747));
#7857 = CARTESIAN_POINT('',(-7.133841953313,27.273215769115));
#7858 = ( GEOMETRIC_REPRESENTATION_CONTEXT(2) 
PARAMETRIC_REPRESENTATION_CONTEXT() REPRESENTATION_CONTEXT('2D SPACE',''
  ) );
#7859 = ORIENTED_EDGE('',*,*,#7860,.F.);
#7860 = EDGE_CURVE('',#7810,#7836,#7861,.T.);
#7861 = SURFACE_CURVE('',#7862,(#7867,#7874),.PCURVE_S1.);
#7862 = B_SPLINE_CURVE_WITH_KNOTS('',3,(#7863,#7864,#7865,#7866),
  .UNSPECIFIED.,.F.,.F.,(4,4),(0.,1.),.PIECEWISE_BEZIER_KNOTS.);
#7863 = CARTESIAN_POINT('',(1.055652658866,28.1710063162,0.));
#7864 = CARTESIAN_POINT('',(3.106359097023,28.094352511474,
    6.000000849768));
#7865 = CARTESIAN_POINT('',(5.14854572694,27.792707438755,
    11.999999150232));
#7866 = CARTESIAN_POINT('',(7.133841953313,27.273215769115,18.));
#7867 = PCURVE('',#7782,#7868);
#7868 = DEFINITIONAL_REPRESENTATION('',(#7869),#7873);
#7869 = LINE('',#7870,#7871);
#7870 = CARTESIAN_POINT('',(0.,1.));
#7871 = VECTOR('',#7872,1.);
#7872 = DIRECTION('',(1.,0.));
#7873 = ( GEOMETRIC_REPRESENTATION_CONTEXT(2) 
PARAMETRIC_REPRESENTATION_CONTEXT() REPRESENTATION_CONTEXT('2D SPACE',''
  ) );
#7874 = PCURVE('',#7875,#7892);
#7875 = B_SPLINE_SURFACE_WITH_KNOTS('',3,3,(
    (#7876,#7877,#7878,#7879)
    ,(#7880,#7881,#7882,#7883)
    ,(#7884,#7885,#7886,#7887)
    ,(#7888,#7889,#7890,#7891
    )),.UNSPECIFIED.,.F.,.F.,.F.,(4,4),(4,4),(0.,1.),(0.,1.),
  .PIECEWISE_BEZIER_KNOTS.);
#7876 = CARTESIAN_POINT('',(1.055652658866,28.1710063162,0.));
#7877 = CARTESIAN_POINT('',(1.235964503604,29.519594276166,0.));
#7878 = CARTESIAN_POINT('',(1.895757799563,30.755814813277,0.));
#7879 = CARTESIAN_POINT('',(2.610727264583,31.893323802168,0.));
#7880 = CARTESIAN_POINT('',(3.106359143284,28.094352505323,
    6.000000986407));
#7881 = CARTESIAN_POINT('',(3.384842241511,29.4298239182,6.000000986407)
  );
#7882 = CARTESIAN_POINT('',(4.134630310104,30.618023445005,
    6.000000986407));
#7883 = CARTESIAN_POINT('',(4.932409248773,31.703494219163,
    6.000000986407));
#7884 = CARTESIAN_POINT('',(5.148545680875,27.792707446241,
    11.999999013593));
#7885 = CARTESIAN_POINT('',(5.523755681118,29.104292055151,
    11.999999013593));
#7886 = CARTESIAN_POINT('',(6.358265029887,30.234599274504,
    11.999999013593));
#7887 = CARTESIAN_POINT('',(7.233139582771,31.258949094268,
    11.999999013593));
#7888 = CARTESIAN_POINT('',(7.133841953313,27.273215769115,18.));
#7889 = CARTESIAN_POINT('',(7.602043473897,28.550709089349,18.));
#7890 = CARTESIAN_POINT('',(8.513993939974,29.614623915445,18.));
#7891 = CARTESIAN_POINT('',(9.458424195351,30.570217724786,18.));
#7892 = DEFINITIONAL_REPRESENTATION('',(#7893),#7897);
#7893 = LINE('',#7894,#7895);
#7894 = CARTESIAN_POINT('',(0.,0.));
#7895 = VECTOR('',#7896,1.);
#7896 = DIRECTION('',(1.,0.));
#7897 = ( GEOMETRIC_REPRESENTATION_CONTEXT(2) 
PARAMETRIC_REPRESENTATION_CONTEXT() REPRESENTATION_CONTEXT('2D SPACE',''
  ) );
#7898 = ADVANCED_FACE('',(#7899),#7875,.T.);
#7899 = FACE_BOUND('',#7900,.T.);
#7900 = EDGE_LOOP('',(#7901,#7926,#7927,#7952));
#7901 = ORIENTED_EDGE('',*,*,#7902,.F.);
#7902 = EDGE_CURVE('',#7810,#7903,#7905,.T.);
#7903 = VERTEX_POINT('',#7904);
#7904 = CARTESIAN_POINT('',(2.610727264583,31.893323802168,0.));
#7905 = SURFACE_CURVE('',#7906,(#7911,#7918),.PCURVE_S1.);
#7906 = B_SPLINE_CURVE_WITH_KNOTS('',3,(#7907,#7908,#7909,#7910),
  .UNSPECIFIED.,.F.,.F.,(4,4),(0.,1.),.PIECEWISE_BEZIER_KNOTS.);
#7907 = CARTESIAN_POINT('',(1.055652658866,28.1710063162,0.));
#7908 = CARTESIAN_POINT('',(1.235964503604,29.519594276166,0.));
#7909 = CARTESIAN_POINT('',(1.895757799563,30.755814813277,0.));
#7910 = CARTESIAN_POINT('',(2.610727264583,31.893323802168,0.));
#7911 = PCURVE('',#7875,#7912);
#7912 = DEFINITIONAL_REPRESENTATION('',(#7913),#7917);
#7913 = LINE('',#7914,#7915);
#7914 = CARTESIAN_POINT('',(0.,0.));
#7915 = VECTOR('',#7916,1.);
#7916 = DIRECTION('',(0.,1.));
#7917 = ( GEOMETRIC_REPRESENTATION_CONTEXT(2) 
PARAMETRIC_REPRESENTATION_CONTEXT() REPRESENTATION_CONTEXT('2D SPACE',''
  ) );
#7918 = PCURVE('',#57,#7919);
#7919 = DEFINITIONAL_REPRESENTATION('',(#7920),#7925);
#7920 = B_SPLINE_CURVE_WITH_KNOTS('',3,(#7921,#7922,#7923,#7924),
  .UNSPECIFIED.,.F.,.F.,(4,4),(0.,1.),.PIECEWISE_BEZIER_KNOTS.);
#7921 = CARTESIAN_POINT('',(1.055652658866,28.1710063162));
#7922 = CARTESIAN_POINT('',(1.235964503604,29.519594276166));
#7923 = CARTESIAN_POINT('',(1.895757799563,30.755814813277));
#7924 = CARTESIAN_POINT('',(2.610727264583,31.893323802168));
#7925 = ( GEOMETRIC_REPRESENTATION_CONTEXT(2) 
PARAMETRIC_REPRESENTATION_CONTEXT() REPRESENTATION_CONTEXT('2D SPACE',''
  ) );
#7926 = ORIENTED_EDGE('',*,*,#7860,.T.);
#7927 = ORIENTED_EDGE('',*,*,#7928,.T.);
#7928 = EDGE_CURVE('',#7836,#7929,#7931,.T.);
#7929 = VERTEX_POINT('',#7930);
#7930 = CARTESIAN_POINT('',(9.458424195351,30.570217724786,18.));
#7931 = SURFACE_CURVE('',#7932,(#7937,#7944),.PCURVE_S1.);
#7932 = B_SPLINE_CURVE_WITH_KNOTS('',3,(#7933,#7934,#7935,#7936),
  .UNSPECIFIED.,.F.,.F.,(4,4),(0.,1.),.PIECEWISE_BEZIER_KNOTS.);
#7933 = CARTESIAN_POINT('',(7.133841953313,27.273215769115,18.));
#7934 = CARTESIAN_POINT('',(7.602043473897,28.550709089349,18.));
#7935 = CARTESIAN_POINT('',(8.513993939974,29.614623915445,18.));
#7936 = CARTESIAN_POINT('',(9.458424195351,30.570217724786,18.));
#7937 = PCURVE('',#7875,#7938);
#7938 = DEFINITIONAL_REPRESENTATION('',(#7939),#7943);
#7939 = LINE('',#7940,#7941);
#7940 = CARTESIAN_POINT('',(1.,0.));
#7941 = VECTOR('',#7942,1.);
#7942 = DIRECTION('',(0.,1.));
#7943 = ( GEOMETRIC_REPRESENTATION_CONTEXT(2) 
PARAMETRIC_REPRESENTATION_CONTEXT() REPRESENTATION_CONTEXT('2D SPACE',''
  ) );
#7944 = PCURVE('',#128,#7945);
#7945 = DEFINITIONAL_REPRESENTATION('',(#7946),#7951);
#7946 = B_SPLINE_CURVE_WITH_KNOTS('',3,(#7947,#7948,#7949,#7950),
  .UNSPECIFIED.,.F.,.F.,(4,4),(0.,1.),.PIECEWISE_BEZIER_KNOTS.);
#7947 = CARTESIAN_POINT('',(-7.133841953313,27.273215769115));
#7948 = CARTESIAN_POINT('',(-7.602043473897,28.550709089349));
#7949 = CARTESIAN_POINT('',(-8.513993939974,29.614623915445));
#7950 = CARTESIAN_POINT('',(-9.458424195351,30.570217724786));
#7951 = ( GEOMETRIC_REPRESENTATION_CONTEXT(2) 
PARAMETRIC_REPRESENTATION_CONTEXT() REPRESENTATION_CONTEXT('2D SPACE',''
  ) );
#7952 = ORIENTED_EDGE('',*,*,#7953,.F.);
#7953 = EDGE_CURVE('',#7903,#7929,#7954,.T.);
#7954 = SURFACE_CURVE('',#7955,(#7960,#7967),.PCURVE_S1.);
#7955 = B_SPLINE_CURVE_WITH_KNOTS('',3,(#7956,#7957,#7958,#7959),
  .UNSPECIFIED.,.F.,.F.,(4,4),(0.,1.),.PIECEWISE_BEZIER_KNOTS.);
#7956 = CARTESIAN_POINT('',(2.610727264583,31.893323802168,0.));
#7957 = CARTESIAN_POINT('',(4.932409248773,31.703494219163,
    6.000000986407));
#7958 = CARTESIAN_POINT('',(7.233139582771,31.258949094268,
    11.999999013593));
#7959 = CARTESIAN_POINT('',(9.458424195351,30.570217724786,18.));
#7960 = PCURVE('',#7875,#7961);
#7961 = DEFINITIONAL_REPRESENTATION('',(#7962),#7966);
#7962 = LINE('',#7963,#7964);
#7963 = CARTESIAN_POINT('',(0.,1.));
#7964 = VECTOR('',#7965,1.);
#7965 = DIRECTION('',(1.,0.));
#7966 = ( GEOMETRIC_REPRESENTATION_CONTEXT(2) 
PARAMETRIC_REPRESENTATION_CONTEXT() REPRESENTATION_CONTEXT('2D SPACE',''
  ) );
#7967 = PCURVE('',#7968,#7985);
#7968 = B_SPLINE_SURFACE_WITH_KNOTS('',3,3,(
    (#7969,#7970,#7971,#7972)
    ,(#7973,#7974,#7975,#7976)
    ,(#7977,#7978,#7979,#7980)
    ,(#7981,#7982,#7983,#7984
    )),.UNSPECIFIED.,.F.,.F.,.F.,(4,4),(4,4),(0.,1.),(0.,1.),
  .PIECEWISE_BEZIER_KNOTS.);
#7969 = CARTESIAN_POINT('',(2.610727264583,31.893323802168,0.));
#7970 = CARTESIAN_POINT('',(3.100688469157,31.853216934108,0.));
#7971 = CARTESIAN_POINT('',(3.589725204027,31.801817102073,0.));
#7972 = CARTESIAN_POINT('',(4.077318267485,31.739178876361,0.));
#7973 = CARTESIAN_POINT('',(4.932409289685,31.70349421187,6.000001093596
    ));
#7974 = CARTESIAN_POINT('',(5.419454268446,31.627720502416,
    6.000001093596));
#7975 = CARTESIAN_POINT('',(5.904752703528,31.540721048462,
    6.000001093596));
#7976 = CARTESIAN_POINT('',(6.38778936211,31.4425882158,6.000001093596)
  );
#7977 = CARTESIAN_POINT('',(7.233139542087,31.258949102741,
    11.999998906404));
#7978 = CARTESIAN_POINT('',(7.713355227735,31.147830420071,
    11.999998906404));
#7979 = CARTESIAN_POINT('',(8.191009714839,31.025643403451,
    11.999998906404));
#7980 = CARTESIAN_POINT('',(8.665595886024,30.892517776691,
    11.999998906404));
#7981 = CARTESIAN_POINT('',(9.458424195351,30.570217724786,18.));
#7982 = CARTESIAN_POINT('',(9.928059275451,30.424913098598,18.));
#7983 = CARTESIAN_POINT('',(10.39434521672,30.268784011747,18.));
#7984 = CARTESIAN_POINT('',(10.856786971565,30.10199622374,18.));
#7985 = DEFINITIONAL_REPRESENTATION('',(#7986),#7990);
#7986 = LINE('',#7987,#7988);
#7987 = CARTESIAN_POINT('',(0.,0.));
#7988 = VECTOR('',#7989,1.);
#7989 = DIRECTION('',(1.,0.));
#7990 = ( GEOMETRIC_REPRESENTATION_CONTEXT(2) 
PARAMETRIC_REPRESENTATION_CONTEXT() REPRESENTATION_CONTEXT('2D SPACE',''
  ) );
#7991 = ADVANCED_FACE('',(#7992),#7968,.T.);
#7992 = FACE_BOUND('',#7993,.T.);
#7993 = EDGE_LOOP('',(#7994,#8019,#8020,#8045));
#7994 = ORIENTED_EDGE('',*,*,#7995,.F.);
#7995 = EDGE_CURVE('',#7903,#7996,#7998,.T.);
#7996 = VERTEX_POINT('',#7997);
#7997 = CARTESIAN_POINT('',(4.077318267485,31.739178876361,0.));
#7998 = SURFACE_CURVE('',#7999,(#8004,#8011),.PCURVE_S1.);
#7999 = B_SPLINE_CURVE_WITH_KNOTS('',3,(#8000,#8001,#8002,#8003),
  .UNSPECIFIED.,.F.,.F.,(4,4),(0.,1.),.PIECEWISE_BEZIER_KNOTS.);
#8000 = CARTESIAN_POINT('',(2.610727264583,31.893323802168,0.));
#8001 = CARTESIAN_POINT('',(3.100688469157,31.853216934108,0.));
#8002 = CARTESIAN_POINT('',(3.589725204027,31.801817102073,0.));
#8003 = CARTESIAN_POINT('',(4.077318267485,31.739178876361,0.));
#8004 = PCURVE('',#7968,#8005);
#8005 = DEFINITIONAL_REPRESENTATION('',(#8006),#8010);
#8006 = LINE('',#8007,#8008);
#8007 = CARTESIAN_POINT('',(0.,0.));
#8008 = VECTOR('',#8009,1.);
#8009 = DIRECTION('',(0.,1.));
#8010 = ( GEOMETRIC_REPRESENTATION_CONTEXT(2) 
PARAMETRIC_REPRESENTATION_CONTEXT() REPRESENTATION_CONTEXT('2D SPACE',''
  ) );
#8011 = PCURVE('',#57,#8012);
#8012 = DEFINITIONAL_REPRESENTATION('',(#8013),#8018);
#8013 = B_SPLINE_CURVE_WITH_KNOTS('',3,(#8014,#8015,#8016,#8017),
  .UNSPECIFIED.,.F.,.F.,(4,4),(0.,1.),.PIECEWISE_BEZIER_KNOTS.);
#8014 = CARTESIAN_POINT('',(2.610727264583,31.893323802168));
#8015 = CARTESIAN_POINT('',(3.100688469157,31.853216934108));
#8016 = CARTESIAN_POINT('',(3.589725204027,31.801817102073));
#8017 = CARTESIAN_POINT('',(4.077318267485,31.739178876361));
#8018 = ( GEOMETRIC_REPRESENTATION_CONTEXT(2) 
PARAMETRIC_REPRESENTATION_CONTEXT() REPRESENTATION_CONTEXT('2D SPACE',''
  ) );
#8019 = ORIENTED_EDGE('',*,*,#7953,.T.);
#8020 = ORIENTED_EDGE('',*,*,#8021,.T.);
#8021 = EDGE_CURVE('',#7929,#8022,#8024,.T.);
#8022 = VERTEX_POINT('',#8023);
#8023 = CARTESIAN_POINT('',(10.856786971565,30.10199622374,18.));
#8024 = SURFACE_CURVE('',#8025,(#8030,#8037),.PCURVE_S1.);
#8025 = B_SPLINE_CURVE_WITH_KNOTS('',3,(#8026,#8027,#8028,#8029),
  .UNSPECIFIED.,.F.,.F.,(4,4),(0.,1.),.PIECEWISE_BEZIER_KNOTS.);
#8026 = CARTESIAN_POINT('',(9.458424195351,30.570217724786,18.));
#8027 = CARTESIAN_POINT('',(9.928059275451,30.424913098598,18.));
#8028 = CARTESIAN_POINT('',(10.39434521672,30.268784011747,18.));
#8029 = CARTESIAN_POINT('',(10.856786971565,30.10199622374,18.));
#8030 = PCURVE('',#7968,#8031);
#8031 = DEFINITIONAL_REPRESENTATION('',(#8032),#8036);
#8032 = LINE('',#8033,#8034);
#8033 = CARTESIAN_POINT('',(1.,0.));
#8034 = VECTOR('',#8035,1.);
#8035 = DIRECTION('',(0.,1.));
#8036 = ( GEOMETRIC_REPRESENTATION_CONTEXT(2) 
PARAMETRIC_REPRESENTATION_CONTEXT() REPRESENTATION_CONTEXT('2D SPACE',''
  ) );
#8037 = PCURVE('',#128,#8038);
#8038 = DEFINITIONAL_REPRESENTATION('',(#8039),#8044);
#8039 = B_SPLINE_CURVE_WITH_KNOTS('',3,(#8040,#8041,#8042,#8043),
  .UNSPECIFIED.,.F.,.F.,(4,4),(0.,1.),.PIECEWISE_BEZIER_KNOTS.);
#8040 = CARTESIAN_POINT('',(-9.458424195351,30.570217724786));
#8041 = CARTESIAN_POINT('',(-9.928059275451,30.424913098598));
#8042 = CARTESIAN_POINT('',(-10.39434521672,30.268784011747));
#8043 = CARTESIAN_POINT('',(-10.85678697156,30.10199622374));
#8044 = ( GEOMETRIC_REPRESENTATION_CONTEXT(2) 
PARAMETRIC_REPRESENTATION_CONTEXT() REPRESENTATION_CONTEXT('2D SPACE',''
  ) );
#8045 = ORIENTED_EDGE('',*,*,#8046,.F.);
#8046 = EDGE_CURVE('',#7996,#8022,#8047,.T.);
#8047 = SURFACE_CURVE('',#8048,(#8053,#8060),.PCURVE_S1.);
#8048 = B_SPLINE_CURVE_WITH_KNOTS('',3,(#8049,#8050,#8051,#8052),
  .UNSPECIFIED.,.F.,.F.,(4,4),(0.,1.),.PIECEWISE_BEZIER_KNOTS.);
#8049 = CARTESIAN_POINT('',(4.077318267485,31.739178876361,0.));
#8050 = CARTESIAN_POINT('',(6.387789321578,31.44258822497,6.000000986407
    ));
#8051 = CARTESIAN_POINT('',(8.665595926275,30.892517766352,
    11.999999013593));
#8052 = CARTESIAN_POINT('',(10.856786971565,30.10199622374,18.));
#8053 = PCURVE('',#7968,#8054);
#8054 = DEFINITIONAL_REPRESENTATION('',(#8055),#8059);
#8055 = LINE('',#8056,#8057);
#8056 = CARTESIAN_POINT('',(0.,1.));
#8057 = VECTOR('',#8058,1.);
#8058 = DIRECTION('',(1.,0.));
#8059 = ( GEOMETRIC_REPRESENTATION_CONTEXT(2) 
PARAMETRIC_REPRESENTATION_CONTEXT() REPRESENTATION_CONTEXT('2D SPACE',''
  ) );
#8060 = PCURVE('',#8061,#8078);
#8061 = B_SPLINE_SURFACE_WITH_KNOTS('',3,3,(
    (#8062,#8063,#8064,#8065)
    ,(#8066,#8067,#8068,#8069)
    ,(#8070,#8071,#8072,#8073)
    ,(#8074,#8075,#8076,#8077
    )),.UNSPECIFIED.,.F.,.F.,.F.,(4,4),(4,4),(0.,1.),(0.,1.),
  .PIECEWISE_BEZIER_KNOTS.);
#8062 = CARTESIAN_POINT('',(4.077318267485,31.739178876361,0.));
#8063 = CARTESIAN_POINT('',(4.540162517091,30.477876677708,0.));
#8064 = CARTESIAN_POINT('',(4.92851304442,29.131491785603,0.));
#8065 = CARTESIAN_POINT('',(4.824497439761,27.774884767669,0.));
#8066 = CARTESIAN_POINT('',(6.387789321578,31.44258822497,6.000000986407
    ));
#8067 = CARTESIAN_POINT('',(6.758820641769,30.147584828847,
    6.000000986407));
#8068 = CARTESIAN_POINT('',(7.049164164621,28.772920905539,
    6.000000986407));
#8069 = CARTESIAN_POINT('',(6.846394081968,27.423876419916,
    6.000000986407));
#8070 = CARTESIAN_POINT('',(8.665595926275,30.892517766352,
    11.999999013593));
#8071 = CARTESIAN_POINT('',(8.941121671528,29.573888326276,
    11.999999013593));
#8072 = CARTESIAN_POINT('',(9.130360774511,28.181699824238,
    11.999999013593));
#8073 = CARTESIAN_POINT('',(8.829671232168,26.851052414239,
    11.999999013593));
#8074 = CARTESIAN_POINT('',(10.856786971565,30.10199622374,18.));
#8075 = CARTESIAN_POINT('',(11.035376598753,28.770375489153,18.));
#8076 = CARTESIAN_POINT('',(11.122808580615,27.371831940202,18.));
#8077 = CARTESIAN_POINT('',(10.727353873479,26.069980404226,18.));
#8078 = DEFINITIONAL_REPRESENTATION('',(#8079),#8083);
#8079 = LINE('',#8080,#8081);
#8080 = CARTESIAN_POINT('',(0.,0.));
#8081 = VECTOR('',#8082,1.);
#8082 = DIRECTION('',(1.,0.));
#8083 = ( GEOMETRIC_REPRESENTATION_CONTEXT(2) 
PARAMETRIC_REPRESENTATION_CONTEXT() REPRESENTATION_CONTEXT('2D SPACE',''
  ) );
#8084 = ADVANCED_FACE('',(#8085),#8061,.T.);
#8085 = FACE_BOUND('',#8086,.T.);
#8086 = EDGE_LOOP('',(#8087,#8112,#8113,#8138));
#8087 = ORIENTED_EDGE('',*,*,#8088,.F.);
#8088 = EDGE_CURVE('',#7996,#8089,#8091,.T.);
#8089 = VERTEX_POINT('',#8090);
#8090 = CARTESIAN_POINT('',(4.824497439761,27.774884767669,0.));
#8091 = SURFACE_CURVE('',#8092,(#8097,#8104),.PCURVE_S1.);
#8092 = B_SPLINE_CURVE_WITH_KNOTS('',3,(#8093,#8094,#8095,#8096),
  .UNSPECIFIED.,.F.,.F.,(4,4),(0.,1.),.PIECEWISE_BEZIER_KNOTS.);
#8093 = CARTESIAN_POINT('',(4.077318267485,31.739178876361,0.));
#8094 = CARTESIAN_POINT('',(4.540162517091,30.477876677708,0.));
#8095 = CARTESIAN_POINT('',(4.92851304442,29.131491785603,0.));
#8096 = CARTESIAN_POINT('',(4.824497439761,27.774884767669,0.));
#8097 = PCURVE('',#8061,#8098);
#8098 = DEFINITIONAL_REPRESENTATION('',(#8099),#8103);
#8099 = LINE('',#8100,#8101);
#8100 = CARTESIAN_POINT('',(0.,0.));
#8101 = VECTOR('',#8102,1.);
#8102 = DIRECTION('',(0.,1.));
#8103 = ( GEOMETRIC_REPRESENTATION_CONTEXT(2) 
PARAMETRIC_REPRESENTATION_CONTEXT() REPRESENTATION_CONTEXT('2D SPACE',''
  ) );
#8104 = PCURVE('',#57,#8105);
#8105 = DEFINITIONAL_REPRESENTATION('',(#8106),#8111);
#8106 = B_SPLINE_CURVE_WITH_KNOTS('',3,(#8107,#8108,#8109,#8110),
  .UNSPECIFIED.,.F.,.F.,(4,4),(0.,1.),.PIECEWISE_BEZIER_KNOTS.);
#8107 = CARTESIAN_POINT('',(4.077318267485,31.739178876361));
#8108 = CARTESIAN_POINT('',(4.540162517091,30.477876677708));
#8109 = CARTESIAN_POINT('',(4.92851304442,29.131491785603));
#8110 = CARTESIAN_POINT('',(4.824497439761,27.774884767669));
#8111 = ( GEOMETRIC_REPRESENTATION_CONTEXT(2) 
PARAMETRIC_REPRESENTATION_CONTEXT() REPRESENTATION_CONTEXT('2D SPACE',''
  ) );
#8112 = ORIENTED_EDGE('',*,*,#8046,.T.);
#8113 = ORIENTED_EDGE('',*,*,#8114,.T.);
#8114 = EDGE_CURVE('',#8022,#8115,#8117,.T.);
#8115 = VERTEX_POINT('',#8116);
#8116 = CARTESIAN_POINT('',(10.727353873479,26.069980404226,18.));
#8117 = SURFACE_CURVE('',#8118,(#8123,#8130),.PCURVE_S1.);
#8118 = B_SPLINE_CURVE_WITH_KNOTS('',3,(#8119,#8120,#8121,#8122),
  .UNSPECIFIED.,.F.,.F.,(4,4),(0.,1.),.PIECEWISE_BEZIER_KNOTS.);
#8119 = CARTESIAN_POINT('',(10.856786971565,30.10199622374,18.));
#8120 = CARTESIAN_POINT('',(11.035376598753,28.770375489153,18.));
#8121 = CARTESIAN_POINT('',(11.122808580615,27.371831940202,18.));
#8122 = CARTESIAN_POINT('',(10.727353873479,26.069980404226,18.));
#8123 = PCURVE('',#8061,#8124);
#8124 = DEFINITIONAL_REPRESENTATION('',(#8125),#8129);
#8125 = LINE('',#8126,#8127);
#8126 = CARTESIAN_POINT('',(1.,0.));
#8127 = VECTOR('',#8128,1.);
#8128 = DIRECTION('',(0.,1.));
#8129 = ( GEOMETRIC_REPRESENTATION_CONTEXT(2) 
PARAMETRIC_REPRESENTATION_CONTEXT() REPRESENTATION_CONTEXT('2D SPACE',''
  ) );
#8130 = PCURVE('',#128,#8131);
#8131 = DEFINITIONAL_REPRESENTATION('',(#8132),#8137);
#8132 = B_SPLINE_CURVE_WITH_KNOTS('',3,(#8133,#8134,#8135,#8136),
  .UNSPECIFIED.,.F.,.F.,(4,4),(0.,1.),.PIECEWISE_BEZIER_KNOTS.);
#8133 = CARTESIAN_POINT('',(-10.85678697156,30.10199622374));
#8134 = CARTESIAN_POINT('',(-11.03537659875,28.770375489153));
#8135 = CARTESIAN_POINT('',(-11.12280858061,27.371831940202));
#8136 = CARTESIAN_POINT('',(-10.72735387347,26.069980404226));
#8137 = ( GEOMETRIC_REPRESENTATION_CONTEXT(2) 
PARAMETRIC_REPRESENTATION_CONTEXT() REPRESENTATION_CONTEXT('2D SPACE',''
  ) );
#8138 = ORIENTED_EDGE('',*,*,#8139,.F.);
#8139 = EDGE_CURVE('',#8089,#8115,#8140,.T.);
#8140 = SURFACE_CURVE('',#8141,(#8146,#8153),.PCURVE_S1.);
#8141 = B_SPLINE_CURVE_WITH_KNOTS('',3,(#8142,#8143,#8144,#8145),
  .UNSPECIFIED.,.F.,.F.,(4,4),(0.,1.),.PIECEWISE_BEZIER_KNOTS.);
#8142 = CARTESIAN_POINT('',(4.824497439761,27.774884767669,0.));
#8143 = CARTESIAN_POINT('',(6.846394036949,27.423876432216,
    6.000000849768));
#8144 = CARTESIAN_POINT('',(8.829671276812,26.851052400643,
    11.999999150232));
#8145 = CARTESIAN_POINT('',(10.727353873479,26.069980404226,18.));
#8146 = PCURVE('',#8061,#8147);
#8147 = DEFINITIONAL_REPRESENTATION('',(#8148),#8152);
#8148 = LINE('',#8149,#8150);
#8149 = CARTESIAN_POINT('',(0.,1.));
#8150 = VECTOR('',#8151,1.);
#8151 = DIRECTION('',(1.,0.));
#8152 = ( GEOMETRIC_REPRESENTATION_CONTEXT(2) 
PARAMETRIC_REPRESENTATION_CONTEXT() REPRESENTATION_CONTEXT('2D SPACE',''
  ) );
#8153 = PCURVE('',#8154,#8171);
#8154 = B_SPLINE_SURFACE_WITH_KNOTS('',3,3,(
    (#8155,#8156,#8157,#8158)
    ,(#8159,#8160,#8161,#8162)
    ,(#8163,#8164,#8165,#8166)
    ,(#8167,#8168,#8169,#8170
    )),.UNSPECIFIED.,.F.,.F.,.F.,(4,4),(4,4),(0.,1.),(0.,1.),
  .PIECEWISE_BEZIER_KNOTS.);
#8155 = CARTESIAN_POINT('',(4.824497439761,27.774884767669,0.));
#8156 = CARTESIAN_POINT('',(5.004973504363,26.833622241565,0.));
#8157 = CARTESIAN_POINT('',(6.341946621565,26.549439832727,0.));
#8158 = CARTESIAN_POINT('',(6.889665670717,27.335919709227,0.));
#8159 = CARTESIAN_POINT('',(6.846394036949,27.423876432216,
    6.000000849768));
#8160 = CARTESIAN_POINT('',(6.958352432775,26.469469791599,
    6.000000849768));
#8161 = CARTESIAN_POINT('',(8.274647700278,26.087960921915,
    6.000000849768));
#8162 = CARTESIAN_POINT('',(8.879622030861,26.834575131119,
    6.000000849768));
#8163 = CARTESIAN_POINT('',(8.829671276812,26.851052400643,
    11.999999150232));
#8164 = CARTESIAN_POINT('',(8.871673547652,25.891019834896,
    11.999999150232));
#8165 = CARTESIAN_POINT('',(10.156613798365,25.414458400248,
    11.999999150232));
#8166 = CARTESIAN_POINT('',(10.814466446069,26.114927251774,
    11.999999150232));
#8167 = CARTESIAN_POINT('',(10.727353873479,26.069980404226,18.));
#8168 = CARTESIAN_POINT('',(10.699618522069,25.11197335664,18.));
#8169 = CARTESIAN_POINT('',(11.943269254048,24.544884638305,18.));
#8170 = CARTESIAN_POINT('',(12.648370795242,25.194021426315,18.));
#8171 = DEFINITIONAL_REPRESENTATION('',(#8172),#8176);
#8172 = LINE('',#8173,#8174);
#8173 = CARTESIAN_POINT('',(0.,0.));
#8174 = VECTOR('',#8175,1.);
#8175 = DIRECTION('',(1.,0.));
#8176 = ( GEOMETRIC_REPRESENTATION_CONTEXT(2) 
PARAMETRIC_REPRESENTATION_CONTEXT() REPRESENTATION_CONTEXT('2D SPACE',''
  ) );
#8177 = ADVANCED_FACE('',(#8178),#8154,.T.);
#8178 = FACE_BOUND('',#8179,.T.);
#8179 = EDGE_LOOP('',(#8180,#8205,#8206,#8231));
#8180 = ORIENTED_EDGE('',*,*,#8181,.F.);
#8181 = EDGE_CURVE('',#8089,#8182,#8184,.T.);
#8182 = VERTEX_POINT('',#8183);
#8183 = CARTESIAN_POINT('',(6.889665670717,27.335919709227,0.));
#8184 = SURFACE_CURVE('',#8185,(#8190,#8197),.PCURVE_S1.);
#8185 = B_SPLINE_CURVE_WITH_KNOTS('',3,(#8186,#8187,#8188,#8189),
  .UNSPECIFIED.,.F.,.F.,(4,4),(0.,1.),.PIECEWISE_BEZIER_KNOTS.);
#8186 = CARTESIAN_POINT('',(4.824497439761,27.774884767669,0.));
#8187 = CARTESIAN_POINT('',(5.004973504363,26.833622241565,0.));
#8188 = CARTESIAN_POINT('',(6.341946621565,26.549439832727,0.));
#8189 = CARTESIAN_POINT('',(6.889665670717,27.335919709227,0.));
#8190 = PCURVE('',#8154,#8191);
#8191 = DEFINITIONAL_REPRESENTATION('',(#8192),#8196);
#8192 = LINE('',#8193,#8194);
#8193 = CARTESIAN_POINT('',(0.,0.));
#8194 = VECTOR('',#8195,1.);
#8195 = DIRECTION('',(0.,1.));
#8196 = ( GEOMETRIC_REPRESENTATION_CONTEXT(2) 
PARAMETRIC_REPRESENTATION_CONTEXT() REPRESENTATION_CONTEXT('2D SPACE',''
  ) );
#8197 = PCURVE('',#57,#8198);
#8198 = DEFINITIONAL_REPRESENTATION('',(#8199),#8204);
#8199 = B_SPLINE_CURVE_WITH_KNOTS('',3,(#8200,#8201,#8202,#8203),
  .UNSPECIFIED.,.F.,.F.,(4,4),(0.,1.),.PIECEWISE_BEZIER_KNOTS.);
#8200 = CARTESIAN_POINT('',(4.824497439761,27.774884767669));
#8201 = CARTESIAN_POINT('',(5.004973504363,26.833622241565));
#8202 = CARTESIAN_POINT('',(6.341946621565,26.549439832727));
#8203 = CARTESIAN_POINT('',(6.889665670717,27.335919709227));
#8204 = ( GEOMETRIC_REPRESENTATION_CONTEXT(2) 
PARAMETRIC_REPRESENTATION_CONTEXT() REPRESENTATION_CONTEXT('2D SPACE',''
  ) );
#8205 = ORIENTED_EDGE('',*,*,#8139,.T.);
#8206 = ORIENTED_EDGE('',*,*,#8207,.T.);
#8207 = EDGE_CURVE('',#8115,#8208,#8210,.T.);
#8208 = VERTEX_POINT('',#8209);
#8209 = CARTESIAN_POINT('',(12.648370795242,25.194021426315,18.));
#8210 = SURFACE_CURVE('',#8211,(#8216,#8223),.PCURVE_S1.);
#8211 = B_SPLINE_CURVE_WITH_KNOTS('',3,(#8212,#8213,#8214,#8215),
  .UNSPECIFIED.,.F.,.F.,(4,4),(0.,1.),.PIECEWISE_BEZIER_KNOTS.);
#8212 = CARTESIAN_POINT('',(10.727353873479,26.069980404226,18.));
#8213 = CARTESIAN_POINT('',(10.699618522069,25.11197335664,18.));
#8214 = CARTESIAN_POINT('',(11.943269254048,24.544884638305,18.));
#8215 = CARTESIAN_POINT('',(12.648370795242,25.194021426315,18.));
#8216 = PCURVE('',#8154,#8217);
#8217 = DEFINITIONAL_REPRESENTATION('',(#8218),#8222);
#8218 = LINE('',#8219,#8220);
#8219 = CARTESIAN_POINT('',(1.,0.));
#8220 = VECTOR('',#8221,1.);
#8221 = DIRECTION('',(0.,1.));
#8222 = ( GEOMETRIC_REPRESENTATION_CONTEXT(2) 
PARAMETRIC_REPRESENTATION_CONTEXT() REPRESENTATION_CONTEXT('2D SPACE',''
  ) );
#8223 = PCURVE('',#128,#8224);
#8224 = DEFINITIONAL_REPRESENTATION('',(#8225),#8230);
#8225 = B_SPLINE_CURVE_WITH_KNOTS('',3,(#8226,#8227,#8228,#8229),
  .UNSPECIFIED.,.F.,.F.,(4,4),(0.,1.),.PIECEWISE_BEZIER_KNOTS.);
#8226 = CARTESIAN_POINT('',(-10.72735387347,26.069980404226));
#8227 = CARTESIAN_POINT('',(-10.69961852206,25.11197335664));
#8228 = CARTESIAN_POINT('',(-11.94326925404,24.544884638305));
#8229 = CARTESIAN_POINT('',(-12.64837079524,25.194021426315));
#8230 = ( GEOMETRIC_REPRESENTATION_CONTEXT(2) 
PARAMETRIC_REPRESENTATION_CONTEXT() REPRESENTATION_CONTEXT('2D SPACE',''
  ) );
#8231 = ORIENTED_EDGE('',*,*,#8232,.F.);
#8232 = EDGE_CURVE('',#8182,#8208,#8233,.T.);
#8233 = SURFACE_CURVE('',#8234,(#8239,#8246),.PCURVE_S1.);
#8234 = B_SPLINE_CURVE_WITH_KNOTS('',3,(#8235,#8236,#8237,#8238),
  .UNSPECIFIED.,.F.,.F.,(4,4),(0.,1.),.PIECEWISE_BEZIER_KNOTS.);
#8235 = CARTESIAN_POINT('',(6.889665670717,27.335919709227,0.));
#8236 = CARTESIAN_POINT('',(8.879622030861,26.834575131119,
    6.000000849768));
#8237 = CARTESIAN_POINT('',(10.814466446069,26.114927251774,
    11.999999150232));
#8238 = CARTESIAN_POINT('',(12.648370795242,25.194021426315,18.));
#8239 = PCURVE('',#8154,#8240);
#8240 = DEFINITIONAL_REPRESENTATION('',(#8241),#8245);
#8241 = LINE('',#8242,#8243);
#8242 = CARTESIAN_POINT('',(0.,1.));
#8243 = VECTOR('',#8244,1.);
#8244 = DIRECTION('',(1.,0.));
#8245 = ( GEOMETRIC_REPRESENTATION_CONTEXT(2) 
PARAMETRIC_REPRESENTATION_CONTEXT() REPRESENTATION_CONTEXT('2D SPACE',''
  ) );
#8246 = PCURVE('',#8247,#8264);
#8247 = B_SPLINE_SURFACE_WITH_KNOTS('',3,3,(
    (#8248,#8249,#8250,#8251)
    ,(#8252,#8253,#8254,#8255)
    ,(#8256,#8257,#8258,#8259)
    ,(#8260,#8261,#8262,#8263
    )),.UNSPECIFIED.,.F.,.F.,.F.,(4,4),(4,4),(0.,1.),(0.,1.),
  .PIECEWISE_BEZIER_KNOTS.);
#8248 = CARTESIAN_POINT('',(6.889665670717,27.335919709227,0.));
#8249 = CARTESIAN_POINT('',(7.346424472004,28.617548846132,0.));
#8250 = CARTESIAN_POINT('',(8.248824403522,29.689576258732,0.));
#8251 = CARTESIAN_POINT('',(9.18467148753,30.653577436674,0.));
#8252 = CARTESIAN_POINT('',(8.879622074833,26.834575115484,
    6.000000986407));
#8253 = CARTESIAN_POINT('',(9.429679768698,28.082963382022,
    6.000000986407));
#8254 = CARTESIAN_POINT('',(10.410123741699,29.089308193263,
    6.000000986407));
#8255 = CARTESIAN_POINT('',(11.416151360462,29.985191258635,
    6.000000986407));
#8256 = CARTESIAN_POINT('',(10.814466402568,26.114927268674,
    11.999999013593));
#8257 = CARTESIAN_POINT('',(11.454170937766,27.319840061476,
    11.999999013593));
#8258 = CARTESIAN_POINT('',(12.505448340173,28.251943106473,
    11.999999013593));
#8259 = CARTESIAN_POINT('',(13.574179088035,29.072011777443,
    11.999999013593));
#8260 = CARTESIAN_POINT('',(12.648370795242,25.194021426315,18.));
#8261 = CARTESIAN_POINT('',(13.371946785479,26.346253882667,18.));
#8262 = CARTESIAN_POINT('',(14.48516927624,27.197314453855,18.));
#8263 = CARTESIAN_POINT('',(15.607640589232,27.935668154482,18.));
#8264 = DEFINITIONAL_REPRESENTATION('',(#8265),#8269);
#8265 = LINE('',#8266,#8267);
#8266 = CARTESIAN_POINT('',(0.,0.));
#8267 = VECTOR('',#8268,1.);
#8268 = DIRECTION('',(1.,0.));
#8269 = ( GEOMETRIC_REPRESENTATION_CONTEXT(2) 
PARAMETRIC_REPRESENTATION_CONTEXT() REPRESENTATION_CONTEXT('2D SPACE',''
  ) );
#8270 = ADVANCED_FACE('',(#8271),#8247,.T.);
#8271 = FACE_BOUND('',#8272,.T.);
#8272 = EDGE_LOOP('',(#8273,#8298,#8299,#8324));
#8273 = ORIENTED_EDGE('',*,*,#8274,.F.);
#8274 = EDGE_CURVE('',#8182,#8275,#8277,.T.);
#8275 = VERTEX_POINT('',#8276);
#8276 = CARTESIAN_POINT('',(9.18467148753,30.653577436674,0.));
#8277 = SURFACE_CURVE('',#8278,(#8283,#8290),.PCURVE_S1.);
#8278 = B_SPLINE_CURVE_WITH_KNOTS('',3,(#8279,#8280,#8281,#8282),
  .UNSPECIFIED.,.F.,.F.,(4,4),(0.,1.),.PIECEWISE_BEZIER_KNOTS.);
#8279 = CARTESIAN_POINT('',(6.889665670717,27.335919709227,0.));
#8280 = CARTESIAN_POINT('',(7.346424472004,28.617548846132,0.));
#8281 = CARTESIAN_POINT('',(8.248824403522,29.689576258732,0.));
#8282 = CARTESIAN_POINT('',(9.18467148753,30.653577436674,0.));
#8283 = PCURVE('',#8247,#8284);
#8284 = DEFINITIONAL_REPRESENTATION('',(#8285),#8289);
#8285 = LINE('',#8286,#8287);
#8286 = CARTESIAN_POINT('',(0.,0.));
#8287 = VECTOR('',#8288,1.);
#8288 = DIRECTION('',(0.,1.));
#8289 = ( GEOMETRIC_REPRESENTATION_CONTEXT(2) 
PARAMETRIC_REPRESENTATION_CONTEXT() REPRESENTATION_CONTEXT('2D SPACE',''
  ) );
#8290 = PCURVE('',#57,#8291);
#8291 = DEFINITIONAL_REPRESENTATION('',(#8292),#8297);
#8292 = B_SPLINE_CURVE_WITH_KNOTS('',3,(#8293,#8294,#8295,#8296),
  .UNSPECIFIED.,.F.,.F.,(4,4),(0.,1.),.PIECEWISE_BEZIER_KNOTS.);
#8293 = CARTESIAN_POINT('',(6.889665670717,27.335919709227));
#8294 = CARTESIAN_POINT('',(7.346424472004,28.617548846132));
#8295 = CARTESIAN_POINT('',(8.248824403522,29.689576258732));
#8296 = CARTESIAN_POINT('',(9.18467148753,30.653577436674));
#8297 = ( GEOMETRIC_REPRESENTATION_CONTEXT(2) 
PARAMETRIC_REPRESENTATION_CONTEXT() REPRESENTATION_CONTEXT('2D SPACE',''
  ) );
#8298 = ORIENTED_EDGE('',*,*,#8232,.T.);
#8299 = ORIENTED_EDGE('',*,*,#8300,.T.);
#8300 = EDGE_CURVE('',#8208,#8301,#8303,.T.);
#8301 = VERTEX_POINT('',#8302);
#8302 = CARTESIAN_POINT('',(15.607640589232,27.935668154482,18.));
#8303 = SURFACE_CURVE('',#8304,(#8309,#8316),.PCURVE_S1.);
#8304 = B_SPLINE_CURVE_WITH_KNOTS('',3,(#8305,#8306,#8307,#8308),
  .UNSPECIFIED.,.F.,.F.,(4,4),(0.,1.),.PIECEWISE_BEZIER_KNOTS.);
#8305 = CARTESIAN_POINT('',(12.648370795242,25.194021426315,18.));
#8306 = CARTESIAN_POINT('',(13.371946785479,26.346253882667,18.));
#8307 = CARTESIAN_POINT('',(14.48516927624,27.197314453855,18.));
#8308 = CARTESIAN_POINT('',(15.607640589232,27.935668154482,18.));
#8309 = PCURVE('',#8247,#8310);
#8310 = DEFINITIONAL_REPRESENTATION('',(#8311),#8315);
#8311 = LINE('',#8312,#8313);
#8312 = CARTESIAN_POINT('',(1.,0.));
#8313 = VECTOR('',#8314,1.);
#8314 = DIRECTION('',(0.,1.));
#8315 = ( GEOMETRIC_REPRESENTATION_CONTEXT(2) 
PARAMETRIC_REPRESENTATION_CONTEXT() REPRESENTATION_CONTEXT('2D SPACE',''
  ) );
#8316 = PCURVE('',#128,#8317);
#8317 = DEFINITIONAL_REPRESENTATION('',(#8318),#8323);
#8318 = B_SPLINE_CURVE_WITH_KNOTS('',3,(#8319,#8320,#8321,#8322),
  .UNSPECIFIED.,.F.,.F.,(4,4),(0.,1.),.PIECEWISE_BEZIER_KNOTS.);
#8319 = CARTESIAN_POINT('',(-12.64837079524,25.194021426315));
#8320 = CARTESIAN_POINT('',(-13.37194678547,26.346253882667));
#8321 = CARTESIAN_POINT('',(-14.48516927624,27.197314453855));
#8322 = CARTESIAN_POINT('',(-15.60764058923,27.935668154482));
#8323 = ( GEOMETRIC_REPRESENTATION_CONTEXT(2) 
PARAMETRIC_REPRESENTATION_CONTEXT() REPRESENTATION_CONTEXT('2D SPACE',''
  ) );
#8324 = ORIENTED_EDGE('',*,*,#8325,.F.);
#8325 = EDGE_CURVE('',#8275,#8301,#8326,.T.);
#8326 = SURFACE_CURVE('',#8327,(#8332,#8339),.PCURVE_S1.);
#8327 = B_SPLINE_CURVE_WITH_KNOTS('',3,(#8328,#8329,#8330,#8331),
  .UNSPECIFIED.,.F.,.F.,(4,4),(0.,1.),.PIECEWISE_BEZIER_KNOTS.);
#8328 = CARTESIAN_POINT('',(9.18467148753,30.653577436674,0.));
#8329 = CARTESIAN_POINT('',(11.416151360462,29.985191258635,
    6.000000986407));
#8330 = CARTESIAN_POINT('',(13.574179088035,29.072011777443,
    11.999999013593));
#8331 = CARTESIAN_POINT('',(15.607640589232,27.935668154482,18.));
#8332 = PCURVE('',#8247,#8333);
#8333 = DEFINITIONAL_REPRESENTATION('',(#8334),#8338);
#8334 = LINE('',#8335,#8336);
#8335 = CARTESIAN_POINT('',(0.,1.));
#8336 = VECTOR('',#8337,1.);
#8337 = DIRECTION('',(1.,0.));
#8338 = ( GEOMETRIC_REPRESENTATION_CONTEXT(2) 
PARAMETRIC_REPRESENTATION_CONTEXT() REPRESENTATION_CONTEXT('2D SPACE',''
  ) );
#8339 = PCURVE('',#8340,#8357);
#8340 = B_SPLINE_SURFACE_WITH_KNOTS('',3,3,(
    (#8341,#8342,#8343,#8344)
    ,(#8345,#8346,#8347,#8348)
    ,(#8349,#8350,#8351,#8352)
    ,(#8353,#8354,#8355,#8356
    )),.UNSPECIFIED.,.F.,.F.,.F.,(4,4),(4,4),(0.,1.),(0.,1.),
  .PIECEWISE_BEZIER_KNOTS.);
#8341 = CARTESIAN_POINT('',(9.18467148753,30.653577436674,0.));
#8342 = CARTESIAN_POINT('',(9.655587177484,30.51247833743,0.));
#8343 = CARTESIAN_POINT('',(10.123250660382,30.360525260628,0.));
#8344 = CARTESIAN_POINT('',(10.58716542612,30.197879532179,0.));
#8345 = CARTESIAN_POINT('',(11.416151398963,29.985191242995,
    6.000001093596));
#8346 = CARTESIAN_POINT('',(11.876799036335,29.809811025856,
    6.000001093596));
#8347 = CARTESIAN_POINT('',(12.333404332679,29.623813500516,
    6.000001093596));
#8348 = CARTESIAN_POINT('',(12.785482518174,29.427396137281,
    6.000001093596));
#8349 = CARTESIAN_POINT('',(13.574179050002,29.07201179419,
    11.999998906404));
#8350 = CARTESIAN_POINT('',(14.020797997558,28.86347886618,
    11.999998906404));
#8351 = CARTESIAN_POINT('',(14.462610478878,28.644651976992,
    11.999998906404));
#8352 = CARTESIAN_POINT('',(14.899147429413,28.41576345129,
    11.999998906404));
#8353 = CARTESIAN_POINT('',(15.607640589232,27.935668154482,18.));
#8354 = CARTESIAN_POINT('',(16.036802485539,27.69589615943,18.));
#8355 = CARTESIAN_POINT('',(16.460437897813,27.446232569268,18.));
#8356 = CARTESIAN_POINT('',(16.878097059782,27.186942447443,18.));
#8357 = DEFINITIONAL_REPRESENTATION('',(#8358),#8362);
#8358 = LINE('',#8359,#8360);
#8359 = CARTESIAN_POINT('',(0.,0.));
#8360 = VECTOR('',#8361,1.);
#8361 = DIRECTION('',(1.,0.));
#8362 = ( GEOMETRIC_REPRESENTATION_CONTEXT(2) 
PARAMETRIC_REPRESENTATION_CONTEXT() REPRESENTATION_CONTEXT('2D SPACE',''
  ) );
#8363 = ADVANCED_FACE('',(#8364),#8340,.T.);
#8364 = FACE_BOUND('',#8365,.T.);
#8365 = EDGE_LOOP('',(#8366,#8391,#8392,#8417));
#8366 = ORIENTED_EDGE('',*,*,#8367,.F.);
#8367 = EDGE_CURVE('',#8275,#8368,#8370,.T.);
#8368 = VERTEX_POINT('',#8369);
#8369 = CARTESIAN_POINT('',(10.58716542612,30.197879532179,0.));
#8370 = SURFACE_CURVE('',#8371,(#8376,#8383),.PCURVE_S1.);
#8371 = B_SPLINE_CURVE_WITH_KNOTS('',3,(#8372,#8373,#8374,#8375),
  .UNSPECIFIED.,.F.,.F.,(4,4),(0.,1.),.PIECEWISE_BEZIER_KNOTS.);
#8372 = CARTESIAN_POINT('',(9.18467148753,30.653577436674,0.));
#8373 = CARTESIAN_POINT('',(9.655587177484,30.51247833743,0.));
#8374 = CARTESIAN_POINT('',(10.123250660382,30.360525260628,0.));
#8375 = CARTESIAN_POINT('',(10.58716542612,30.197879532179,0.));
#8376 = PCURVE('',#8340,#8377);
#8377 = DEFINITIONAL_REPRESENTATION('',(#8378),#8382);
#8378 = LINE('',#8379,#8380);
#8379 = CARTESIAN_POINT('',(0.,0.));
#8380 = VECTOR('',#8381,1.);
#8381 = DIRECTION('',(0.,1.));
#8382 = ( GEOMETRIC_REPRESENTATION_CONTEXT(2) 
PARAMETRIC_REPRESENTATION_CONTEXT() REPRESENTATION_CONTEXT('2D SPACE',''
  ) );
#8383 = PCURVE('',#57,#8384);
#8384 = DEFINITIONAL_REPRESENTATION('',(#8385),#8390);
#8385 = B_SPLINE_CURVE_WITH_KNOTS('',3,(#8386,#8387,#8388,#8389),
  .UNSPECIFIED.,.F.,.F.,(4,4),(0.,1.),.PIECEWISE_BEZIER_KNOTS.);
#8386 = CARTESIAN_POINT('',(9.18467148753,30.653577436674));
#8387 = CARTESIAN_POINT('',(9.655587177484,30.51247833743));
#8388 = CARTESIAN_POINT('',(10.123250660382,30.360525260628));
#8389 = CARTESIAN_POINT('',(10.58716542612,30.197879532179));
#8390 = ( GEOMETRIC_REPRESENTATION_CONTEXT(2) 
PARAMETRIC_REPRESENTATION_CONTEXT() REPRESENTATION_CONTEXT('2D SPACE',''
  ) );
#8391 = ORIENTED_EDGE('',*,*,#8325,.T.);
#8392 = ORIENTED_EDGE('',*,*,#8393,.T.);
#8393 = EDGE_CURVE('',#8301,#8394,#8396,.T.);
#8394 = VERTEX_POINT('',#8395);
#8395 = CARTESIAN_POINT('',(16.878097059782,27.186942447443,18.));
#8396 = SURFACE_CURVE('',#8397,(#8402,#8409),.PCURVE_S1.);
#8397 = B_SPLINE_CURVE_WITH_KNOTS('',3,(#8398,#8399,#8400,#8401),
  .UNSPECIFIED.,.F.,.F.,(4,4),(0.,1.),.PIECEWISE_BEZIER_KNOTS.);
#8398 = CARTESIAN_POINT('',(15.607640589232,27.935668154482,18.));
#8399 = CARTESIAN_POINT('',(16.036802485539,27.69589615943,18.));
#8400 = CARTESIAN_POINT('',(16.460437897813,27.446232569268,18.));
#8401 = CARTESIAN_POINT('',(16.878097059782,27.186942447443,18.));
#8402 = PCURVE('',#8340,#8403);
#8403 = DEFINITIONAL_REPRESENTATION('',(#8404),#8408);
#8404 = LINE('',#8405,#8406);
#8405 = CARTESIAN_POINT('',(1.,0.));
#8406 = VECTOR('',#8407,1.);
#8407 = DIRECTION('',(0.,1.));
#8408 = ( GEOMETRIC_REPRESENTATION_CONTEXT(2) 
PARAMETRIC_REPRESENTATION_CONTEXT() REPRESENTATION_CONTEXT('2D SPACE',''
  ) );
#8409 = PCURVE('',#128,#8410);
#8410 = DEFINITIONAL_REPRESENTATION('',(#8411),#8416);
#8411 = B_SPLINE_CURVE_WITH_KNOTS('',3,(#8412,#8413,#8414,#8415),
  .UNSPECIFIED.,.F.,.F.,(4,4),(0.,1.),.PIECEWISE_BEZIER_KNOTS.);
#8412 = CARTESIAN_POINT('',(-15.60764058923,27.935668154482));
#8413 = CARTESIAN_POINT('',(-16.03680248553,27.69589615943));
#8414 = CARTESIAN_POINT('',(-16.46043789781,27.446232569268));
#8415 = CARTESIAN_POINT('',(-16.87809705978,27.186942447443));
#8416 = ( GEOMETRIC_REPRESENTATION_CONTEXT(2) 
PARAMETRIC_REPRESENTATION_CONTEXT() REPRESENTATION_CONTEXT('2D SPACE',''
  ) );
#8417 = ORIENTED_EDGE('',*,*,#8418,.F.);
#8418 = EDGE_CURVE('',#8368,#8394,#8419,.T.);
#8419 = SURFACE_CURVE('',#8420,(#8425,#8432),.PCURVE_S1.);
#8420 = B_SPLINE_CURVE_WITH_KNOTS('',3,(#8421,#8422,#8423,#8424),
  .UNSPECIFIED.,.F.,.F.,(4,4),(0.,1.),.PIECEWISE_BEZIER_KNOTS.);
#8421 = CARTESIAN_POINT('',(10.58716542612,30.197879532179,0.));
#8422 = CARTESIAN_POINT('',(12.785482480434,29.427396154678,
    6.000000986407));
#8423 = CARTESIAN_POINT('',(14.899147466634,28.415763432809,
    11.999999013593));
#8424 = CARTESIAN_POINT('',(16.878097059782,27.186942447443,18.));
#8425 = PCURVE('',#8340,#8426);
#8426 = DEFINITIONAL_REPRESENTATION('',(#8427),#8431);
#8427 = LINE('',#8428,#8429);
#8428 = CARTESIAN_POINT('',(0.,1.));
#8429 = VECTOR('',#8430,1.);
#8430 = DIRECTION('',(1.,0.));
#8431 = ( GEOMETRIC_REPRESENTATION_CONTEXT(2) 
PARAMETRIC_REPRESENTATION_CONTEXT() REPRESENTATION_CONTEXT('2D SPACE',''
  ) );
#8432 = PCURVE('',#8433,#8450);
#8433 = B_SPLINE_SURFACE_WITH_KNOTS('',3,3,(
    (#8434,#8435,#8436,#8437)
    ,(#8438,#8439,#8440,#8441)
    ,(#8442,#8443,#8444,#8445)
    ,(#8446,#8447,#8448,#8449
    )),.UNSPECIFIED.,.F.,.F.,.F.,(4,4),(4,4),(0.,1.),(0.,1.),
  .PIECEWISE_BEZIER_KNOTS.);
#8434 = CARTESIAN_POINT('',(10.58716542612,30.197879532179,0.));
#8435 = CARTESIAN_POINT('',(10.777655945631,28.867909082245,0.));
#8436 = CARTESIAN_POINT('',(10.877590922773,27.470203315601,0.));
#8437 = CARTESIAN_POINT('',(10.493793849763,26.164867476106,0.));
#8438 = CARTESIAN_POINT('',(12.785482480434,29.427396154678,
    6.000000986407));
#8439 = CARTESIAN_POINT('',(12.879159530374,28.083549940691,
    6.000000986407));
#8440 = CARTESIAN_POINT('',(12.877349650039,26.678559909538,
    6.000000986407));
#8441 = CARTESIAN_POINT('',(12.398528460197,25.401153553374,
    6.000000986407));
#8442 = CARTESIAN_POINT('',(14.899147466634,28.415763432809,
    11.999999013593));
#8443 = CARTESIAN_POINT('',(14.894493836846,27.068664186181,
    11.999999013593));
#8444 = CARTESIAN_POINT('',(14.790145345998,25.667553321274,
    11.999999013593));
#8445 = CARTESIAN_POINT('',(14.219369438694,24.428500620921,
    11.999999013593));
#8446 = CARTESIAN_POINT('',(16.878097059782,27.186942447443,18.));
#8447 = CARTESIAN_POINT('',(16.775924556676,25.847289949469,18.));
#8448 = CARTESIAN_POINT('',(16.570672386017,24.461129801359,18.));
#8449 = CARTESIAN_POINT('',(15.913189158994,23.269946501735,18.));
#8450 = DEFINITIONAL_REPRESENTATION('',(#8451),#8455);
#8451 = LINE('',#8452,#8453);
#8452 = CARTESIAN_POINT('',(0.,0.));
#8453 = VECTOR('',#8454,1.);
#8454 = DIRECTION('',(1.,0.));
#8455 = ( GEOMETRIC_REPRESENTATION_CONTEXT(2) 
PARAMETRIC_REPRESENTATION_CONTEXT() REPRESENTATION_CONTEXT('2D SPACE',''
  ) );
#8456 = ADVANCED_FACE('',(#8457),#8433,.T.);
#8457 = FACE_BOUND('',#8458,.T.);
#8458 = EDGE_LOOP('',(#8459,#8484,#8485,#8510));
#8459 = ORIENTED_EDGE('',*,*,#8460,.F.);
#8460 = EDGE_CURVE('',#8368,#8461,#8463,.T.);
#8461 = VERTEX_POINT('',#8462);
#8462 = CARTESIAN_POINT('',(10.493793849763,26.164867476106,0.));
#8463 = SURFACE_CURVE('',#8464,(#8469,#8476),.PCURVE_S1.);
#8464 = B_SPLINE_CURVE_WITH_KNOTS('',3,(#8465,#8466,#8467,#8468),
  .UNSPECIFIED.,.F.,.F.,(4,4),(0.,1.),.PIECEWISE_BEZIER_KNOTS.);
#8465 = CARTESIAN_POINT('',(10.58716542612,30.197879532179,0.));
#8466 = CARTESIAN_POINT('',(10.777655945631,28.867909082245,0.));
#8467 = CARTESIAN_POINT('',(10.877590922773,27.470203315601,0.));
#8468 = CARTESIAN_POINT('',(10.493793849763,26.164867476106,0.));
#8469 = PCURVE('',#8433,#8470);
#8470 = DEFINITIONAL_REPRESENTATION('',(#8471),#8475);
#8471 = LINE('',#8472,#8473);
#8472 = CARTESIAN_POINT('',(0.,0.));
#8473 = VECTOR('',#8474,1.);
#8474 = DIRECTION('',(0.,1.));
#8475 = ( GEOMETRIC_REPRESENTATION_CONTEXT(2) 
PARAMETRIC_REPRESENTATION_CONTEXT() REPRESENTATION_CONTEXT('2D SPACE',''
  ) );
#8476 = PCURVE('',#57,#8477);
#8477 = DEFINITIONAL_REPRESENTATION('',(#8478),#8483);
#8478 = B_SPLINE_CURVE_WITH_KNOTS('',3,(#8479,#8480,#8481,#8482),
  .UNSPECIFIED.,.F.,.F.,(4,4),(0.,1.),.PIECEWISE_BEZIER_KNOTS.);
#8479 = CARTESIAN_POINT('',(10.58716542612,30.197879532179));
#8480 = CARTESIAN_POINT('',(10.777655945631,28.867909082245));
#8481 = CARTESIAN_POINT('',(10.877590922773,27.470203315601));
#8482 = CARTESIAN_POINT('',(10.493793849763,26.164867476106));
#8483 = ( GEOMETRIC_REPRESENTATION_CONTEXT(2) 
PARAMETRIC_REPRESENTATION_CONTEXT() REPRESENTATION_CONTEXT('2D SPACE',''
  ) );
#8484 = ORIENTED_EDGE('',*,*,#8418,.T.);
#8485 = ORIENTED_EDGE('',*,*,#8486,.T.);
#8486 = EDGE_CURVE('',#8394,#8487,#8489,.T.);
#8487 = VERTEX_POINT('',#8488);
#8488 = CARTESIAN_POINT('',(15.913189158994,23.269946501735,18.));
#8489 = SURFACE_CURVE('',#8490,(#8495,#8502),.PCURVE_S1.);
#8490 = B_SPLINE_CURVE_WITH_KNOTS('',3,(#8491,#8492,#8493,#8494),
  .UNSPECIFIED.,.F.,.F.,(4,4),(0.,1.),.PIECEWISE_BEZIER_KNOTS.);
#8491 = CARTESIAN_POINT('',(16.878097059782,27.186942447443,18.));
#8492 = CARTESIAN_POINT('',(16.775924556676,25.847289949469,18.));
#8493 = CARTESIAN_POINT('',(16.570672386017,24.461129801359,18.));
#8494 = CARTESIAN_POINT('',(15.913189158994,23.269946501735,18.));
#8495 = PCURVE('',#8433,#8496);
#8496 = DEFINITIONAL_REPRESENTATION('',(#8497),#8501);
#8497 = LINE('',#8498,#8499);
#8498 = CARTESIAN_POINT('',(1.,0.));
#8499 = VECTOR('',#8500,1.);
#8500 = DIRECTION('',(0.,1.));
#8501 = ( GEOMETRIC_REPRESENTATION_CONTEXT(2) 
PARAMETRIC_REPRESENTATION_CONTEXT() REPRESENTATION_CONTEXT('2D SPACE',''
  ) );
#8502 = PCURVE('',#128,#8503);
#8503 = DEFINITIONAL_REPRESENTATION('',(#8504),#8509);
#8504 = B_SPLINE_CURVE_WITH_KNOTS('',3,(#8505,#8506,#8507,#8508),
  .UNSPECIFIED.,.F.,.F.,(4,4),(0.,1.),.PIECEWISE_BEZIER_KNOTS.);
#8505 = CARTESIAN_POINT('',(-16.87809705978,27.186942447443));
#8506 = CARTESIAN_POINT('',(-16.77592455667,25.847289949469));
#8507 = CARTESIAN_POINT('',(-16.57067238601,24.461129801359));
#8508 = CARTESIAN_POINT('',(-15.91318915899,23.269946501735));
#8509 = ( GEOMETRIC_REPRESENTATION_CONTEXT(2) 
PARAMETRIC_REPRESENTATION_CONTEXT() REPRESENTATION_CONTEXT('2D SPACE',''
  ) );
#8510 = ORIENTED_EDGE('',*,*,#8511,.F.);
#8511 = EDGE_CURVE('',#8461,#8487,#8512,.T.);
#8512 = SURFACE_CURVE('',#8513,(#8518,#8525),.PCURVE_S1.);
#8513 = B_SPLINE_CURVE_WITH_KNOTS('',3,(#8514,#8515,#8516,#8517),
  .UNSPECIFIED.,.F.,.F.,(4,4),(0.,1.),.PIECEWISE_BEZIER_KNOTS.);
#8514 = CARTESIAN_POINT('',(10.493793849763,26.164867476106,0.));
#8515 = CARTESIAN_POINT('',(12.398528418719,25.401153574766,
    6.000000849768));
#8516 = CARTESIAN_POINT('',(14.219369479536,24.428500598339,
    11.999999150232));
#8517 = CARTESIAN_POINT('',(15.913189158994,23.269946501735,18.));
#8518 = PCURVE('',#8433,#8519);
#8519 = DEFINITIONAL_REPRESENTATION('',(#8520),#8524);
#8520 = LINE('',#8521,#8522);
#8521 = CARTESIAN_POINT('',(0.,1.));
#8522 = VECTOR('',#8523,1.);
#8523 = DIRECTION('',(1.,0.));
#8524 = ( GEOMETRIC_REPRESENTATION_CONTEXT(2) 
PARAMETRIC_REPRESENTATION_CONTEXT() REPRESENTATION_CONTEXT('2D SPACE',''
  ) );
#8525 = PCURVE('',#8526,#8543);
#8526 = B_SPLINE_SURFACE_WITH_KNOTS('',3,3,(
    (#8527,#8528,#8529,#8530)
    ,(#8531,#8532,#8533,#8534)
    ,(#8535,#8536,#8537,#8538)
    ,(#8539,#8540,#8541,#8542
    )),.UNSPECIFIED.,.F.,.F.,.F.,(4,4),(4,4),(0.,1.),(0.,1.),
  .PIECEWISE_BEZIER_KNOTS.);
#8527 = CARTESIAN_POINT('',(10.493793849763,26.164867476106,0.));
#8528 = CARTESIAN_POINT('',(10.474626596038,25.206650710794,0.));
#8529 = CARTESIAN_POINT('',(11.723298797753,24.650706028043,0.));
#8530 = CARTESIAN_POINT('',(12.422567232473,25.306122238664,0.));
#8531 = CARTESIAN_POINT('',(12.398528418719,25.401153574766,
    6.000000849768));
#8532 = CARTESIAN_POINT('',(12.3096079566,24.444325549744,6.000000849768
    ));
#8533 = CARTESIAN_POINT('',(13.517818860207,23.797480389522,
    6.000000849768));
#8534 = CARTESIAN_POINT('',(14.264802872797,24.401998050956,
    6.000000849768));
#8535 = CARTESIAN_POINT('',(14.219369479536,24.428500598339,
    11.999999150232));
#8536 = CARTESIAN_POINT('',(14.060851905998,23.480714284379,
    11.999999150232));
#8537 = CARTESIAN_POINT('',(15.218630435664,22.747412760351,
    11.999999150232));
#8538 = CARTESIAN_POINT('',(16.007743087938,23.295799430567,
    11.999999150232));
#8539 = CARTESIAN_POINT('',(15.913189158994,23.269946501735,18.));
#8540 = CARTESIAN_POINT('',(15.686879026478,22.33864071046,18.));
#8541 = CARTESIAN_POINT('',(16.785448631841,21.525374714745,18.));
#8542 = CARTESIAN_POINT('',(17.610105139801,22.013727452858,18.));
#8543 = DEFINITIONAL_REPRESENTATION('',(#8544),#8548);
#8544 = LINE('',#8545,#8546);
#8545 = CARTESIAN_POINT('',(0.,0.));
#8546 = VECTOR('',#8547,1.);
#8547 = DIRECTION('',(1.,0.));
#8548 = ( GEOMETRIC_REPRESENTATION_CONTEXT(2) 
PARAMETRIC_REPRESENTATION_CONTEXT() REPRESENTATION_CONTEXT('2D SPACE',''
  ) );
#8549 = ADVANCED_FACE('',(#8550),#8526,.T.);
#8550 = FACE_BOUND('',#8551,.T.);
#8551 = EDGE_LOOP('',(#8552,#8577,#8578,#8603));
#8552 = ORIENTED_EDGE('',*,*,#8553,.F.);
#8553 = EDGE_CURVE('',#8461,#8554,#8556,.T.);
#8554 = VERTEX_POINT('',#8555);
#8555 = CARTESIAN_POINT('',(12.422567232473,25.306122238664,0.));
#8556 = SURFACE_CURVE('',#8557,(#8562,#8569),.PCURVE_S1.);
#8557 = B_SPLINE_CURVE_WITH_KNOTS('',3,(#8558,#8559,#8560,#8561),
  .UNSPECIFIED.,.F.,.F.,(4,4),(0.,1.),.PIECEWISE_BEZIER_KNOTS.);
#8558 = CARTESIAN_POINT('',(10.493793849763,26.164867476106,0.));
#8559 = CARTESIAN_POINT('',(10.474626596038,25.206650710794,0.));
#8560 = CARTESIAN_POINT('',(11.723298797753,24.650706028043,0.));
#8561 = CARTESIAN_POINT('',(12.422567232473,25.306122238664,0.));
#8562 = PCURVE('',#8526,#8563);
#8563 = DEFINITIONAL_REPRESENTATION('',(#8564),#8568);
#8564 = LINE('',#8565,#8566);
#8565 = CARTESIAN_POINT('',(0.,0.));
#8566 = VECTOR('',#8567,1.);
#8567 = DIRECTION('',(0.,1.));
#8568 = ( GEOMETRIC_REPRESENTATION_CONTEXT(2) 
PARAMETRIC_REPRESENTATION_CONTEXT() REPRESENTATION_CONTEXT('2D SPACE',''
  ) );
#8569 = PCURVE('',#57,#8570);
#8570 = DEFINITIONAL_REPRESENTATION('',(#8571),#8576);
#8571 = B_SPLINE_CURVE_WITH_KNOTS('',3,(#8572,#8573,#8574,#8575),
  .UNSPECIFIED.,.F.,.F.,(4,4),(0.,1.),.PIECEWISE_BEZIER_KNOTS.);
#8572 = CARTESIAN_POINT('',(10.493793849763,26.164867476106));
#8573 = CARTESIAN_POINT('',(10.474626596038,25.206650710794));
#8574 = CARTESIAN_POINT('',(11.723298797753,24.650706028043));
#8575 = CARTESIAN_POINT('',(12.422567232473,25.306122238664));
#8576 = ( GEOMETRIC_REPRESENTATION_CONTEXT(2) 
PARAMETRIC_REPRESENTATION_CONTEXT() REPRESENTATION_CONTEXT('2D SPACE',''
  ) );
#8577 = ORIENTED_EDGE('',*,*,#8511,.T.);
#8578 = ORIENTED_EDGE('',*,*,#8579,.T.);
#8579 = EDGE_CURVE('',#8487,#8580,#8582,.T.);
#8580 = VERTEX_POINT('',#8581);
#8581 = CARTESIAN_POINT('',(17.610105139801,22.013727452858,18.));
#8582 = SURFACE_CURVE('',#8583,(#8588,#8595),.PCURVE_S1.);
#8583 = B_SPLINE_CURVE_WITH_KNOTS('',3,(#8584,#8585,#8586,#8587),
  .UNSPECIFIED.,.F.,.F.,(4,4),(0.,1.),.PIECEWISE_BEZIER_KNOTS.);
#8584 = CARTESIAN_POINT('',(15.913189158994,23.269946501735,18.));
#8585 = CARTESIAN_POINT('',(15.686879026478,22.33864071046,18.));
#8586 = CARTESIAN_POINT('',(16.785448631841,21.525374714745,18.));
#8587 = CARTESIAN_POINT('',(17.610105139801,22.013727452858,18.));
#8588 = PCURVE('',#8526,#8589);
#8589 = DEFINITIONAL_REPRESENTATION('',(#8590),#8594);
#8590 = LINE('',#8591,#8592);
#8591 = CARTESIAN_POINT('',(1.,0.));
#8592 = VECTOR('',#8593,1.);
#8593 = DIRECTION('',(0.,1.));
#8594 = ( GEOMETRIC_REPRESENTATION_CONTEXT(2) 
PARAMETRIC_REPRESENTATION_CONTEXT() REPRESENTATION_CONTEXT('2D SPACE',''
  ) );
#8595 = PCURVE('',#128,#8596);
#8596 = DEFINITIONAL_REPRESENTATION('',(#8597),#8602);
#8597 = B_SPLINE_CURVE_WITH_KNOTS('',3,(#8598,#8599,#8600,#8601),
  .UNSPECIFIED.,.F.,.F.,(4,4),(0.,1.),.PIECEWISE_BEZIER_KNOTS.);
#8598 = CARTESIAN_POINT('',(-15.91318915899,23.269946501735));
#8599 = CARTESIAN_POINT('',(-15.68687902647,22.33864071046));
#8600 = CARTESIAN_POINT('',(-16.78544863184,21.525374714745));
#8601 = CARTESIAN_POINT('',(-17.6101051398,22.013727452858));
#8602 = ( GEOMETRIC_REPRESENTATION_CONTEXT(2) 
PARAMETRIC_REPRESENTATION_CONTEXT() REPRESENTATION_CONTEXT('2D SPACE',''
  ) );
#8603 = ORIENTED_EDGE('',*,*,#8604,.F.);
#8604 = EDGE_CURVE('',#8554,#8580,#8605,.T.);
#8605 = SURFACE_CURVE('',#8606,(#8611,#8618),.PCURVE_S1.);
#8606 = B_SPLINE_CURVE_WITH_KNOTS('',3,(#8607,#8608,#8609,#8610),
  .UNSPECIFIED.,.F.,.F.,(4,4),(0.,1.),.PIECEWISE_BEZIER_KNOTS.);
#8607 = CARTESIAN_POINT('',(12.422567232473,25.306122238664,0.));
#8608 = CARTESIAN_POINT('',(14.264802872797,24.401998050956,
    6.000000849768));
#8609 = CARTESIAN_POINT('',(16.007743087938,23.295799430567,
    11.999999150232));
#8610 = CARTESIAN_POINT('',(17.610105139801,22.013727452858,18.));
#8611 = PCURVE('',#8526,#8612);
#8612 = DEFINITIONAL_REPRESENTATION('',(#8613),#8617);
#8613 = LINE('',#8614,#8615);
#8614 = CARTESIAN_POINT('',(0.,1.));
#8615 = VECTOR('',#8616,1.);
#8616 = DIRECTION('',(1.,0.));
#8617 = ( GEOMETRIC_REPRESENTATION_CONTEXT(2) 
PARAMETRIC_REPRESENTATION_CONTEXT() REPRESENTATION_CONTEXT('2D SPACE',''
  ) );
#8618 = PCURVE('',#8619,#8636);
#8619 = B_SPLINE_SURFACE_WITH_KNOTS('',3,3,(
    (#8620,#8621,#8622,#8623)
    ,(#8624,#8625,#8626,#8627)
    ,(#8628,#8629,#8630,#8631)
    ,(#8632,#8633,#8634,#8635
    )),.UNSPECIFIED.,.F.,.F.,.F.,(4,4),(4,4),(0.,1.),(0.,1.),
  .PIECEWISE_BEZIER_KNOTS.);
#8620 = CARTESIAN_POINT('',(12.422567232473,25.306122238664,0.));
#8621 = CARTESIAN_POINT('',(13.135810438922,26.464779209288,0.));
#8622 = CARTESIAN_POINT('',(14.241377798795,27.325760755287,0.));
#8623 = CARTESIAN_POINT('',(15.357201493527,28.074122645012,0.));
#8624 = CARTESIAN_POINT('',(14.264802912557,24.40199802652,
    6.000000986407));
#8625 = CARTESIAN_POINT('',(15.062395041369,25.50874258904,
    6.000000986407));
#8626 = CARTESIAN_POINT('',(16.230644812465,26.289250587488,
    6.000000986407));
#8627 = CARTESIAN_POINT('',(17.400952876926,26.956391555193,
    6.000000986407));
#8628 = CARTESIAN_POINT('',(16.007743048901,23.295799456142,
    11.999999013593));
#8629 = CARTESIAN_POINT('',(16.883983961223,24.341379961978,
    11.999999013593));
#8630 = CARTESIAN_POINT('',(18.106083550195,25.034541456825,
    11.999999013593));
#8631 = CARTESIAN_POINT('',(19.321961831015,25.614488042955,
    11.999999013593));
#8632 = CARTESIAN_POINT('',(17.610105139801,22.013727452858,18.));
#8633 = CARTESIAN_POINT('',(18.557431856816,22.990340957961,18.));
#8634 = CARTESIAN_POINT('',(19.823273207581,23.591351843436,18.));
#8635 = CARTESIAN_POINT('',(21.074728195595,24.080195835619,18.));
#8636 = DEFINITIONAL_REPRESENTATION('',(#8637),#8641);
#8637 = LINE('',#8638,#8639);
#8638 = CARTESIAN_POINT('',(0.,0.));
#8639 = VECTOR('',#8640,1.);
#8640 = DIRECTION('',(1.,0.));
#8641 = ( GEOMETRIC_REPRESENTATION_CONTEXT(2) 
PARAMETRIC_REPRESENTATION_CONTEXT() REPRESENTATION_CONTEXT('2D SPACE',''
  ) );
#8642 = ADVANCED_FACE('',(#8643),#8619,.T.);
#8643 = FACE_BOUND('',#8644,.T.);
#8644 = EDGE_LOOP('',(#8645,#8670,#8671,#8696));
#8645 = ORIENTED_EDGE('',*,*,#8646,.F.);
#8646 = EDGE_CURVE('',#8554,#8647,#8649,.T.);
#8647 = VERTEX_POINT('',#8648);
#8648 = CARTESIAN_POINT('',(15.357201493527,28.074122645012,0.));
#8649 = SURFACE_CURVE('',#8650,(#8655,#8662),.PCURVE_S1.);
#8650 = B_SPLINE_CURVE_WITH_KNOTS('',3,(#8651,#8652,#8653,#8654),
  .UNSPECIFIED.,.F.,.F.,(4,4),(0.,1.),.PIECEWISE_BEZIER_KNOTS.);
#8651 = CARTESIAN_POINT('',(12.422567232473,25.306122238664,0.));
#8652 = CARTESIAN_POINT('',(13.135810438922,26.464779209288,0.));
#8653 = CARTESIAN_POINT('',(14.241377798795,27.325760755287,0.));
#8654 = CARTESIAN_POINT('',(15.357201493527,28.074122645012,0.));
#8655 = PCURVE('',#8619,#8656);
#8656 = DEFINITIONAL_REPRESENTATION('',(#8657),#8661);
#8657 = LINE('',#8658,#8659);
#8658 = CARTESIAN_POINT('',(0.,0.));
#8659 = VECTOR('',#8660,1.);
#8660 = DIRECTION('',(0.,1.));
#8661 = ( GEOMETRIC_REPRESENTATION_CONTEXT(2) 
PARAMETRIC_REPRESENTATION_CONTEXT() REPRESENTATION_CONTEXT('2D SPACE',''
  ) );
#8662 = PCURVE('',#57,#8663);
#8663 = DEFINITIONAL_REPRESENTATION('',(#8664),#8669);
#8664 = B_SPLINE_CURVE_WITH_KNOTS('',3,(#8665,#8666,#8667,#8668),
  .UNSPECIFIED.,.F.,.F.,(4,4),(0.,1.),.PIECEWISE_BEZIER_KNOTS.);
#8665 = CARTESIAN_POINT('',(12.422567232473,25.306122238664));
#8666 = CARTESIAN_POINT('',(13.135810438922,26.464779209288));
#8667 = CARTESIAN_POINT('',(14.241377798795,27.325760755287));
#8668 = CARTESIAN_POINT('',(15.357201493527,28.074122645012));
#8669 = ( GEOMETRIC_REPRESENTATION_CONTEXT(2) 
PARAMETRIC_REPRESENTATION_CONTEXT() REPRESENTATION_CONTEXT('2D SPACE',''
  ) );
#8670 = ORIENTED_EDGE('',*,*,#8604,.T.);
#8671 = ORIENTED_EDGE('',*,*,#8672,.T.);
#8672 = EDGE_CURVE('',#8580,#8673,#8675,.T.);
#8673 = VERTEX_POINT('',#8674);
#8674 = CARTESIAN_POINT('',(21.074728195595,24.080195835619,18.));
#8675 = SURFACE_CURVE('',#8676,(#8681,#8688),.PCURVE_S1.);
#8676 = B_SPLINE_CURVE_WITH_KNOTS('',3,(#8677,#8678,#8679,#8680),
  .UNSPECIFIED.,.F.,.F.,(4,4),(0.,1.),.PIECEWISE_BEZIER_KNOTS.);
#8677 = CARTESIAN_POINT('',(17.610105139801,22.013727452858,18.));
#8678 = CARTESIAN_POINT('',(18.557431856816,22.990340957961,18.));
#8679 = CARTESIAN_POINT('',(19.823273207581,23.591351843436,18.));
#8680 = CARTESIAN_POINT('',(21.074728195595,24.080195835619,18.));
#8681 = PCURVE('',#8619,#8682);
#8682 = DEFINITIONAL_REPRESENTATION('',(#8683),#8687);
#8683 = LINE('',#8684,#8685);
#8684 = CARTESIAN_POINT('',(1.,0.));
#8685 = VECTOR('',#8686,1.);
#8686 = DIRECTION('',(0.,1.));
#8687 = ( GEOMETRIC_REPRESENTATION_CONTEXT(2) 
PARAMETRIC_REPRESENTATION_CONTEXT() REPRESENTATION_CONTEXT('2D SPACE',''
  ) );
#8688 = PCURVE('',#128,#8689);
#8689 = DEFINITIONAL_REPRESENTATION('',(#8690),#8695);
#8690 = B_SPLINE_CURVE_WITH_KNOTS('',3,(#8691,#8692,#8693,#8694),
  .UNSPECIFIED.,.F.,.F.,(4,4),(0.,1.),.PIECEWISE_BEZIER_KNOTS.);
#8691 = CARTESIAN_POINT('',(-17.6101051398,22.013727452858));
#8692 = CARTESIAN_POINT('',(-18.55743185681,22.990340957961));
#8693 = CARTESIAN_POINT('',(-19.82327320758,23.591351843436));
#8694 = CARTESIAN_POINT('',(-21.07472819559,24.080195835619));
#8695 = ( GEOMETRIC_REPRESENTATION_CONTEXT(2) 
PARAMETRIC_REPRESENTATION_CONTEXT() REPRESENTATION_CONTEXT('2D SPACE',''
  ) );
#8696 = ORIENTED_EDGE('',*,*,#8697,.F.);
#8697 = EDGE_CURVE('',#8647,#8673,#8698,.T.);
#8698 = SURFACE_CURVE('',#8699,(#8704,#8711),.PCURVE_S1.);
#8699 = B_SPLINE_CURVE_WITH_KNOTS('',3,(#8700,#8701,#8702,#8703),
  .UNSPECIFIED.,.F.,.F.,(4,4),(0.,1.),.PIECEWISE_BEZIER_KNOTS.);
#8700 = CARTESIAN_POINT('',(15.357201493527,28.074122645012,0.));
#8701 = CARTESIAN_POINT('',(17.400952876926,26.956391555193,
    6.000000986407));
#8702 = CARTESIAN_POINT('',(19.321961831015,25.614488042955,
    11.999999013593));
#8703 = CARTESIAN_POINT('',(21.074728195595,24.080195835619,18.));
#8704 = PCURVE('',#8619,#8705);
#8705 = DEFINITIONAL_REPRESENTATION('',(#8706),#8710);
#8706 = LINE('',#8707,#8708);
#8707 = CARTESIAN_POINT('',(0.,1.));
#8708 = VECTOR('',#8709,1.);
#8709 = DIRECTION('',(1.,0.));
#8710 = ( GEOMETRIC_REPRESENTATION_CONTEXT(2) 
PARAMETRIC_REPRESENTATION_CONTEXT() REPRESENTATION_CONTEXT('2D SPACE',''
  ) );
#8711 = PCURVE('',#8712,#8729);
#8712 = B_SPLINE_SURFACE_WITH_KNOTS('',3,3,(
    (#8713,#8714,#8715,#8716)
    ,(#8717,#8718,#8719,#8720)
    ,(#8721,#8722,#8723,#8724)
    ,(#8725,#8726,#8727,#8728
    )),.UNSPECIFIED.,.F.,.F.,.F.,(4,4),(4,4),(0.,1.),(0.,1.),
  .PIECEWISE_BEZIER_KNOTS.);
#8713 = CARTESIAN_POINT('',(15.357201493527,28.074122645012,0.));
#8714 = CARTESIAN_POINT('',(15.788490393507,27.83819802229,0.));
#8715 = CARTESIAN_POINT('',(16.214341486131,27.592332779329,0.));
#8716 = CARTESIAN_POINT('',(16.634302652777,27.336787946937,0.));
#8717 = CARTESIAN_POINT('',(17.400952911335,26.95639153189,
    6.000001093596));
#8718 = CARTESIAN_POINT('',(17.815070695133,26.689069764122,
    6.000001093596));
#8719 = CARTESIAN_POINT('',(18.223027010253,26.412203151769,
    6.000001093596));
#8720 = CARTESIAN_POINT('',(18.624388736642,26.126085639251,
    6.000001093596));
#8721 = CARTESIAN_POINT('',(19.321961797295,25.614488067243,
    11.999998906404));
#8722 = CARTESIAN_POINT('',(19.715464615635,25.317654783498,
    11.999998906404));
#8723 = CARTESIAN_POINT('',(20.102125765685,25.011751806847,
    11.999998906404));
#8724 = CARTESIAN_POINT('',(20.481534736095,24.697103909106,
    11.999998906404));
#8725 = CARTESIAN_POINT('',(21.074728195595,24.080195835619,18.));
#8726 = CARTESIAN_POINT('',(21.444660473892,23.756435658441,18.));
#8727 = CARTESIAN_POINT('',(21.807130456828,23.424149061877,18.));
#8728 = CARTESIAN_POINT('',(22.161753316391,23.083688828769,18.));
#8729 = DEFINITIONAL_REPRESENTATION('',(#8730),#8734);
#8730 = LINE('',#8731,#8732);
#8731 = CARTESIAN_POINT('',(0.,0.));
#8732 = VECTOR('',#8733,1.);
#8733 = DIRECTION('',(1.,0.));
#8734 = ( GEOMETRIC_REPRESENTATION_CONTEXT(2) 
PARAMETRIC_REPRESENTATION_CONTEXT() REPRESENTATION_CONTEXT('2D SPACE',''
  ) );
#8735 = ADVANCED_FACE('',(#8736),#8712,.T.);
#8736 = FACE_BOUND('',#8737,.T.);
#8737 = EDGE_LOOP('',(#8738,#8763,#8764,#8789));
#8738 = ORIENTED_EDGE('',*,*,#8739,.F.);
#8739 = EDGE_CURVE('',#8647,#8740,#8742,.T.);
#8740 = VERTEX_POINT('',#8741);
#8741 = CARTESIAN_POINT('',(16.634302652777,27.336787946937,0.));
#8742 = SURFACE_CURVE('',#8743,(#8748,#8755),.PCURVE_S1.);
#8743 = B_SPLINE_CURVE_WITH_KNOTS('',3,(#8744,#8745,#8746,#8747),
  .UNSPECIFIED.,.F.,.F.,(4,4),(0.,1.),.PIECEWISE_BEZIER_KNOTS.);
#8744 = CARTESIAN_POINT('',(15.357201493527,28.074122645012,0.));
#8745 = CARTESIAN_POINT('',(15.788490393507,27.83819802229,0.));
#8746 = CARTESIAN_POINT('',(16.214341486131,27.592332779329,0.));
#8747 = CARTESIAN_POINT('',(16.634302652777,27.336787946937,0.));
#8748 = PCURVE('',#8712,#8749);
#8749 = DEFINITIONAL_REPRESENTATION('',(#8750),#8754);
#8750 = LINE('',#8751,#8752);
#8751 = CARTESIAN_POINT('',(0.,0.));
#8752 = VECTOR('',#8753,1.);
#8753 = DIRECTION('',(0.,1.));
#8754 = ( GEOMETRIC_REPRESENTATION_CONTEXT(2) 
PARAMETRIC_REPRESENTATION_CONTEXT() REPRESENTATION_CONTEXT('2D SPACE',''
  ) );
#8755 = PCURVE('',#57,#8756);
#8756 = DEFINITIONAL_REPRESENTATION('',(#8757),#8762);
#8757 = B_SPLINE_CURVE_WITH_KNOTS('',3,(#8758,#8759,#8760,#8761),
  .UNSPECIFIED.,.F.,.F.,(4,4),(0.,1.),.PIECEWISE_BEZIER_KNOTS.);
#8758 = CARTESIAN_POINT('',(15.357201493527,28.074122645012));
#8759 = CARTESIAN_POINT('',(15.788490393507,27.83819802229));
#8760 = CARTESIAN_POINT('',(16.214341486131,27.592332779329));
#8761 = CARTESIAN_POINT('',(16.634302652777,27.336787946937));
#8762 = ( GEOMETRIC_REPRESENTATION_CONTEXT(2) 
PARAMETRIC_REPRESENTATION_CONTEXT() REPRESENTATION_CONTEXT('2D SPACE',''
  ) );
#8763 = ORIENTED_EDGE('',*,*,#8697,.T.);
#8764 = ORIENTED_EDGE('',*,*,#8765,.T.);
#8765 = EDGE_CURVE('',#8673,#8766,#8768,.T.);
#8766 = VERTEX_POINT('',#8767);
#8767 = CARTESIAN_POINT('',(22.161753316391,23.083688828769,18.));
#8768 = SURFACE_CURVE('',#8769,(#8774,#8781),.PCURVE_S1.);
#8769 = B_SPLINE_CURVE_WITH_KNOTS('',3,(#8770,#8771,#8772,#8773),
  .UNSPECIFIED.,.F.,.F.,(4,4),(0.,1.),.PIECEWISE_BEZIER_KNOTS.);
#8770 = CARTESIAN_POINT('',(21.074728195595,24.080195835619,18.));
#8771 = CARTESIAN_POINT('',(21.444660473892,23.756435658441,18.));
#8772 = CARTESIAN_POINT('',(21.807130456828,23.424149061877,18.));
#8773 = CARTESIAN_POINT('',(22.161753316391,23.083688828769,18.));
#8774 = PCURVE('',#8712,#8775);
#8775 = DEFINITIONAL_REPRESENTATION('',(#8776),#8780);
#8776 = LINE('',#8777,#8778);
#8777 = CARTESIAN_POINT('',(1.,0.));
#8778 = VECTOR('',#8779,1.);
#8779 = DIRECTION('',(0.,1.));
#8780 = ( GEOMETRIC_REPRESENTATION_CONTEXT(2) 
PARAMETRIC_REPRESENTATION_CONTEXT() REPRESENTATION_CONTEXT('2D SPACE',''
  ) );
#8781 = PCURVE('',#128,#8782);
#8782 = DEFINITIONAL_REPRESENTATION('',(#8783),#8788);
#8783 = B_SPLINE_CURVE_WITH_KNOTS('',3,(#8784,#8785,#8786,#8787),
  .UNSPECIFIED.,.F.,.F.,(4,4),(0.,1.),.PIECEWISE_BEZIER_KNOTS.);
#8784 = CARTESIAN_POINT('',(-21.07472819559,24.080195835619));
#8785 = CARTESIAN_POINT('',(-21.44466047389,23.756435658441));
#8786 = CARTESIAN_POINT('',(-21.80713045682,23.424149061877));
#8787 = CARTESIAN_POINT('',(-22.16175331639,23.083688828769));
#8788 = ( GEOMETRIC_REPRESENTATION_CONTEXT(2) 
PARAMETRIC_REPRESENTATION_CONTEXT() REPRESENTATION_CONTEXT('2D SPACE',''
  ) );
#8789 = ORIENTED_EDGE('',*,*,#8790,.F.);
#8790 = EDGE_CURVE('',#8740,#8766,#8791,.T.);
#8791 = SURFACE_CURVE('',#8792,(#8797,#8804),.PCURVE_S1.);
#8792 = B_SPLINE_CURVE_WITH_KNOTS('',3,(#8793,#8794,#8795,#8796),
  .UNSPECIFIED.,.F.,.F.,(4,4),(0.,1.),.PIECEWISE_BEZIER_KNOTS.);
#8793 = CARTESIAN_POINT('',(16.634302652777,27.336787946937,0.));
#8794 = CARTESIAN_POINT('',(18.624388703344,26.126085664114,
    6.000000986407));
#8795 = CARTESIAN_POINT('',(20.48153476866,24.69710388329,
    11.999999013593));
#8796 = CARTESIAN_POINT('',(22.161753316391,23.083688828769,18.));
#8797 = PCURVE('',#8712,#8798);
#8798 = DEFINITIONAL_REPRESENTATION('',(#8799),#8803);
#8799 = LINE('',#8800,#8801);
#8800 = CARTESIAN_POINT('',(0.,1.));
#8801 = VECTOR('',#8802,1.);
#8802 = DIRECTION('',(1.,0.));
#8803 = ( GEOMETRIC_REPRESENTATION_CONTEXT(2) 
PARAMETRIC_REPRESENTATION_CONTEXT() REPRESENTATION_CONTEXT('2D SPACE',''
  ) );
#8804 = PCURVE('',#8805,#8822);
#8805 = B_SPLINE_SURFACE_WITH_KNOTS('',3,3,(
    (#8806,#8807,#8808,#8809)
    ,(#8810,#8811,#8812,#8813)
    ,(#8814,#8815,#8816,#8817)
    ,(#8818,#8819,#8820,#8821
    )),.UNSPECIFIED.,.F.,.F.,.F.,(4,4),(4,4),(0.,1.),(0.,1.),
  .PIECEWISE_BEZIER_KNOTS.);
#8806 = CARTESIAN_POINT('',(16.634302652777,27.336787946937,0.));
#8807 = CARTESIAN_POINT('',(16.544114092417,25.996275336292,0.));
#8808 = CARTESIAN_POINT('',(16.351265881328,24.608335144047,0.));
#8809 = CARTESIAN_POINT('',(15.704461113721,23.411319922874,0.));
#8810 = CARTESIAN_POINT('',(18.624388703344,26.126085664114,
    6.000000986407));
#8811 = CARTESIAN_POINT('',(18.436617346437,24.792129160303,
    6.000000986407));
#8812 = CARTESIAN_POINT('',(18.142733163371,23.418217827557,
    6.000000986407));
#8813 = CARTESIAN_POINT('',(17.408787649975,22.268278388292,
    6.000000986407));
#8814 = CARTESIAN_POINT('',(20.48153476866,24.69710388329,
    11.999999013593));
#8815 = CARTESIAN_POINT('',(20.196905149782,23.380409531289,
    11.999999013593));
#8816 = CARTESIAN_POINT('',(19.803529594873,22.031611571584,
    11.999999013593));
#8817 = CARTESIAN_POINT('',(18.987612968645,20.938306129517,
    11.999999013593));
#8818 = CARTESIAN_POINT('',(22.161753316391,23.083688828769,18.));
#8819 = CARTESIAN_POINT('',(21.783284111655,21.794553809934,18.));
#8820 = CARTESIAN_POINT('',(21.294318293241,20.481358912674,18.));
#8821 = CARTESIAN_POINT('',(20.403541718308,19.452904275527,18.));
#8822 = DEFINITIONAL_REPRESENTATION('',(#8823),#8827);
#8823 = LINE('',#8824,#8825);
#8824 = CARTESIAN_POINT('',(0.,0.));
#8825 = VECTOR('',#8826,1.);
#8826 = DIRECTION('',(1.,0.));
#8827 = ( GEOMETRIC_REPRESENTATION_CONTEXT(2) 
PARAMETRIC_REPRESENTATION_CONTEXT() REPRESENTATION_CONTEXT('2D SPACE',''
  ) );
#8828 = ADVANCED_FACE('',(#8829),#8805,.T.);
#8829 = FACE_BOUND('',#8830,.T.);
#8830 = EDGE_LOOP('',(#8831,#8856,#8857,#8882));
#8831 = ORIENTED_EDGE('',*,*,#8832,.F.);
#8832 = EDGE_CURVE('',#8740,#8833,#8835,.T.);
#8833 = VERTEX_POINT('',#8834);
#8834 = CARTESIAN_POINT('',(15.704461113721,23.411319922874,0.));
#8835 = SURFACE_CURVE('',#8836,(#8841,#8848),.PCURVE_S1.);
#8836 = B_SPLINE_CURVE_WITH_KNOTS('',3,(#8837,#8838,#8839,#8840),
  .UNSPECIFIED.,.F.,.F.,(4,4),(0.,1.),.PIECEWISE_BEZIER_KNOTS.);
#8837 = CARTESIAN_POINT('',(16.634302652777,27.336787946937,0.));
#8838 = CARTESIAN_POINT('',(16.544114092417,25.996275336292,0.));
#8839 = CARTESIAN_POINT('',(16.351265881328,24.608335144047,0.));
#8840 = CARTESIAN_POINT('',(15.704461113721,23.411319922874,0.));
#8841 = PCURVE('',#8805,#8842);
#8842 = DEFINITIONAL_REPRESENTATION('',(#8843),#8847);
#8843 = LINE('',#8844,#8845);
#8844 = CARTESIAN_POINT('',(0.,0.));
#8845 = VECTOR('',#8846,1.);
#8846 = DIRECTION('',(0.,1.));
#8847 = ( GEOMETRIC_REPRESENTATION_CONTEXT(2) 
PARAMETRIC_REPRESENTATION_CONTEXT() REPRESENTATION_CONTEXT('2D SPACE',''
  ) );
#8848 = PCURVE('',#57,#8849);
#8849 = DEFINITIONAL_REPRESENTATION('',(#8850),#8855);
#8850 = B_SPLINE_CURVE_WITH_KNOTS('',3,(#8851,#8852,#8853,#8854),
  .UNSPECIFIED.,.F.,.F.,(4,4),(0.,1.),.PIECEWISE_BEZIER_KNOTS.);
#8851 = CARTESIAN_POINT('',(16.634302652777,27.336787946937));
#8852 = CARTESIAN_POINT('',(16.544114092417,25.996275336292));
#8853 = CARTESIAN_POINT('',(16.351265881328,24.608335144047));
#8854 = CARTESIAN_POINT('',(15.704461113721,23.411319922874));
#8855 = ( GEOMETRIC_REPRESENTATION_CONTEXT(2) 
PARAMETRIC_REPRESENTATION_CONTEXT() REPRESENTATION_CONTEXT('2D SPACE',''
  ) );
#8856 = ORIENTED_EDGE('',*,*,#8790,.T.);
#8857 = ORIENTED_EDGE('',*,*,#8858,.T.);
#8858 = EDGE_CURVE('',#8766,#8859,#8861,.T.);
#8859 = VERTEX_POINT('',#8860);
#8860 = CARTESIAN_POINT('',(20.403541718308,19.452904275527,18.));
#8861 = SURFACE_CURVE('',#8862,(#8867,#8874),.PCURVE_S1.);
#8862 = B_SPLINE_CURVE_WITH_KNOTS('',3,(#8863,#8864,#8865,#8866),
  .UNSPECIFIED.,.F.,.F.,(4,4),(0.,1.),.PIECEWISE_BEZIER_KNOTS.);
#8863 = CARTESIAN_POINT('',(22.161753316391,23.083688828769,18.));
#8864 = CARTESIAN_POINT('',(21.783284111655,21.794553809934,18.));
#8865 = CARTESIAN_POINT('',(21.294318293241,20.481358912674,18.));
#8866 = CARTESIAN_POINT('',(20.403541718308,19.452904275527,18.));
#8867 = PCURVE('',#8805,#8868);
#8868 = DEFINITIONAL_REPRESENTATION('',(#8869),#8873);
#8869 = LINE('',#8870,#8871);
#8870 = CARTESIAN_POINT('',(1.,0.));
#8871 = VECTOR('',#8872,1.);
#8872 = DIRECTION('',(0.,1.));
#8873 = ( GEOMETRIC_REPRESENTATION_CONTEXT(2) 
PARAMETRIC_REPRESENTATION_CONTEXT() REPRESENTATION_CONTEXT('2D SPACE',''
  ) );
#8874 = PCURVE('',#128,#8875);
#8875 = DEFINITIONAL_REPRESENTATION('',(#8876),#8881);
#8876 = B_SPLINE_CURVE_WITH_KNOTS('',3,(#8877,#8878,#8879,#8880),
  .UNSPECIFIED.,.F.,.F.,(4,4),(0.,1.),.PIECEWISE_BEZIER_KNOTS.);
#8877 = CARTESIAN_POINT('',(-22.16175331639,23.083688828769));
#8878 = CARTESIAN_POINT('',(-21.78328411165,21.794553809934));
#8879 = CARTESIAN_POINT('',(-21.29431829324,20.481358912674));
#8880 = CARTESIAN_POINT('',(-20.4035417183,19.452904275527));
#8881 = ( GEOMETRIC_REPRESENTATION_CONTEXT(2) 
PARAMETRIC_REPRESENTATION_CONTEXT() REPRESENTATION_CONTEXT('2D SPACE',''
  ) );
#8882 = ORIENTED_EDGE('',*,*,#8883,.F.);
#8883 = EDGE_CURVE('',#8833,#8859,#8884,.T.);
#8884 = SURFACE_CURVE('',#8885,(#8890,#8897),.PCURVE_S1.);
#8885 = B_SPLINE_CURVE_WITH_KNOTS('',3,(#8886,#8887,#8888,#8889),
  .UNSPECIFIED.,.F.,.F.,(4,4),(0.,1.),.PIECEWISE_BEZIER_KNOTS.);
#8886 = CARTESIAN_POINT('',(15.704461113721,23.411319922874,0.));
#8887 = CARTESIAN_POINT('',(17.408787613851,22.26827841784,
    6.000000849768));
#8888 = CARTESIAN_POINT('',(18.987613003899,20.938306098937,
    11.999999150232));
#8889 = CARTESIAN_POINT('',(20.403541718308,19.452904275527,18.));
#8890 = PCURVE('',#8805,#8891);
#8891 = DEFINITIONAL_REPRESENTATION('',(#8892),#8896);
#8892 = LINE('',#8893,#8894);
#8893 = CARTESIAN_POINT('',(0.,1.));
#8894 = VECTOR('',#8895,1.);
#8895 = DIRECTION('',(1.,0.));
#8896 = ( GEOMETRIC_REPRESENTATION_CONTEXT(2) 
PARAMETRIC_REPRESENTATION_CONTEXT() REPRESENTATION_CONTEXT('2D SPACE',''
  ) );
#8897 = PCURVE('',#8898,#8915);
#8898 = B_SPLINE_SURFACE_WITH_KNOTS('',3,3,(
    (#8899,#8900,#8901,#8902)
    ,(#8903,#8904,#8905,#8906)
    ,(#8907,#8908,#8909,#8910)
    ,(#8911,#8912,#8913,#8914
    )),.UNSPECIFIED.,.F.,.F.,.F.,(4,4),(4,4),(0.,1.),(0.,1.),
  .PIECEWISE_BEZIER_KNOTS.);
#8899 = CARTESIAN_POINT('',(15.704461113721,23.411319922874,0.));
#8900 = CARTESIAN_POINT('',(15.486488242631,22.478027589031,0.));
#8901 = CARTESIAN_POINT('',(16.592286561849,21.674618082722,0.));
#8902 = CARTESIAN_POINT('',(17.41254299608,22.170325794025,0.));
#8903 = CARTESIAN_POINT('',(17.408787613851,22.26827841784,
    6.000000849768));
#8904 = CARTESIAN_POINT('',(17.12287454467,21.350846984478,
    6.000000849768));
#8905 = CARTESIAN_POINT('',(18.170196470254,20.466935771127,
    6.000000849768));
#8906 = CARTESIAN_POINT('',(19.026543379073,20.902936562188,
    6.000000849768));
#8907 = CARTESIAN_POINT('',(18.987613003899,20.938306098937,
    11.999999150232));
#8908 = CARTESIAN_POINT('',(18.6355035646,20.044188846668,
    11.999999150232));
#8909 = CARTESIAN_POINT('',(19.615519895833,19.086196028629,
    11.999999150232));
#8910 = CARTESIAN_POINT('',(20.50140454319,19.458533388595,
    11.999999150232));
#8911 = CARTESIAN_POINT('',(20.403541718308,19.452904275527,18.));
#8912 = CARTESIAN_POINT('',(19.988547643433,18.589002272542,18.));
#8913 = CARTESIAN_POINT('',(20.894023358905,17.565102625943,18.));
#8914 = CARTESIAN_POINT('',(21.802193387091,17.871327956126,18.));
#8915 = DEFINITIONAL_REPRESENTATION('',(#8916),#8920);
#8916 = LINE('',#8917,#8918);
#8917 = CARTESIAN_POINT('',(0.,0.));
#8918 = VECTOR('',#8919,1.);
#8919 = DIRECTION('',(1.,0.));
#8920 = ( GEOMETRIC_REPRESENTATION_CONTEXT(2) 
PARAMETRIC_REPRESENTATION_CONTEXT() REPRESENTATION_CONTEXT('2D SPACE',''
  ) );
#8921 = ADVANCED_FACE('',(#8922),#8898,.T.);
#8922 = FACE_BOUND('',#8923,.T.);
#8923 = EDGE_LOOP('',(#8924,#8949,#8950,#8975));
#8924 = ORIENTED_EDGE('',*,*,#8925,.F.);
#8925 = EDGE_CURVE('',#8833,#8926,#8928,.T.);
#8926 = VERTEX_POINT('',#8927);
#8927 = CARTESIAN_POINT('',(17.41254299608,22.170325794025,0.));
#8928 = SURFACE_CURVE('',#8929,(#8934,#8941),.PCURVE_S1.);
#8929 = B_SPLINE_CURVE_WITH_KNOTS('',3,(#8930,#8931,#8932,#8933),
  .UNSPECIFIED.,.F.,.F.,(4,4),(0.,1.),.PIECEWISE_BEZIER_KNOTS.);
#8930 = CARTESIAN_POINT('',(15.704461113721,23.411319922874,0.));
#8931 = CARTESIAN_POINT('',(15.486488242631,22.478027589031,0.));
#8932 = CARTESIAN_POINT('',(16.592286561849,21.674618082722,0.));
#8933 = CARTESIAN_POINT('',(17.41254299608,22.170325794025,0.));
#8934 = PCURVE('',#8898,#8935);
#8935 = DEFINITIONAL_REPRESENTATION('',(#8936),#8940);
#8936 = LINE('',#8937,#8938);
#8937 = CARTESIAN_POINT('',(0.,0.));
#8938 = VECTOR('',#8939,1.);
#8939 = DIRECTION('',(0.,1.));
#8940 = ( GEOMETRIC_REPRESENTATION_CONTEXT(2) 
PARAMETRIC_REPRESENTATION_CONTEXT() REPRESENTATION_CONTEXT('2D SPACE',''
  ) );
#8941 = PCURVE('',#57,#8942);
#8942 = DEFINITIONAL_REPRESENTATION('',(#8943),#8948);
#8943 = B_SPLINE_CURVE_WITH_KNOTS('',3,(#8944,#8945,#8946,#8947),
  .UNSPECIFIED.,.F.,.F.,(4,4),(0.,1.),.PIECEWISE_BEZIER_KNOTS.);
#8944 = CARTESIAN_POINT('',(15.704461113721,23.411319922874));
#8945 = CARTESIAN_POINT('',(15.486488242631,22.478027589031));
#8946 = CARTESIAN_POINT('',(16.592286561849,21.674618082722));
#8947 = CARTESIAN_POINT('',(17.41254299608,22.170325794025));
#8948 = ( GEOMETRIC_REPRESENTATION_CONTEXT(2) 
PARAMETRIC_REPRESENTATION_CONTEXT() REPRESENTATION_CONTEXT('2D SPACE',''
  ) );
#8949 = ORIENTED_EDGE('',*,*,#8883,.T.);
#8950 = ORIENTED_EDGE('',*,*,#8951,.T.);
#8951 = EDGE_CURVE('',#8859,#8952,#8954,.T.);
#8952 = VERTEX_POINT('',#8953);
#8953 = CARTESIAN_POINT('',(21.802193387091,17.871327956126,18.));
#8954 = SURFACE_CURVE('',#8955,(#8960,#8967),.PCURVE_S1.);
#8955 = B_SPLINE_CURVE_WITH_KNOTS('',3,(#8956,#8957,#8958,#8959),
  .UNSPECIFIED.,.F.,.F.,(4,4),(0.,1.),.PIECEWISE_BEZIER_KNOTS.);
#8956 = CARTESIAN_POINT('',(20.403541718308,19.452904275527,18.));
#8957 = CARTESIAN_POINT('',(19.988547643433,18.589002272542,18.));
#8958 = CARTESIAN_POINT('',(20.894023358905,17.565102625943,18.));
#8959 = CARTESIAN_POINT('',(21.802193387091,17.871327956126,18.));
#8960 = PCURVE('',#8898,#8961);
#8961 = DEFINITIONAL_REPRESENTATION('',(#8962),#8966);
#8962 = LINE('',#8963,#8964);
#8963 = CARTESIAN_POINT('',(1.,0.));
#8964 = VECTOR('',#8965,1.);
#8965 = DIRECTION('',(0.,1.));
#8966 = ( GEOMETRIC_REPRESENTATION_CONTEXT(2) 
PARAMETRIC_REPRESENTATION_CONTEXT() REPRESENTATION_CONTEXT('2D SPACE',''
  ) );
#8967 = PCURVE('',#128,#8968);
#8968 = DEFINITIONAL_REPRESENTATION('',(#8969),#8974);
#8969 = B_SPLINE_CURVE_WITH_KNOTS('',3,(#8970,#8971,#8972,#8973),
  .UNSPECIFIED.,.F.,.F.,(4,4),(0.,1.),.PIECEWISE_BEZIER_KNOTS.);
#8970 = CARTESIAN_POINT('',(-20.4035417183,19.452904275527));
#8971 = CARTESIAN_POINT('',(-19.98854764343,18.589002272542));
#8972 = CARTESIAN_POINT('',(-20.8940233589,17.565102625943));
#8973 = CARTESIAN_POINT('',(-21.80219338709,17.871327956126));
#8974 = ( GEOMETRIC_REPRESENTATION_CONTEXT(2) 
PARAMETRIC_REPRESENTATION_CONTEXT() REPRESENTATION_CONTEXT('2D SPACE',''
  ) );
#8975 = ORIENTED_EDGE('',*,*,#8976,.F.);
#8976 = EDGE_CURVE('',#8926,#8952,#8977,.T.);
#8977 = SURFACE_CURVE('',#8978,(#8983,#8990),.PCURVE_S1.);
#8978 = B_SPLINE_CURVE_WITH_KNOTS('',3,(#8979,#8980,#8981,#8982),
  .UNSPECIFIED.,.F.,.F.,(4,4),(0.,1.),.PIECEWISE_BEZIER_KNOTS.);
#8979 = CARTESIAN_POINT('',(17.41254299608,22.170325794025,0.));
#8980 = CARTESIAN_POINT('',(19.026543379073,20.902936562188,
    6.000000849768));
#8981 = CARTESIAN_POINT('',(20.50140454319,19.458533388595,
    11.999999150232));
#8982 = CARTESIAN_POINT('',(21.802193387091,17.871327956126,18.));
#8983 = PCURVE('',#8898,#8984);
#8984 = DEFINITIONAL_REPRESENTATION('',(#8985),#8989);
#8985 = LINE('',#8986,#8987);
#8986 = CARTESIAN_POINT('',(0.,1.));
#8987 = VECTOR('',#8988,1.);
#8988 = DIRECTION('',(1.,0.));
#8989 = ( GEOMETRIC_REPRESENTATION_CONTEXT(2) 
PARAMETRIC_REPRESENTATION_CONTEXT() REPRESENTATION_CONTEXT('2D SPACE',''
  ) );
#8990 = PCURVE('',#8991,#9008);
#8991 = B_SPLINE_SURFACE_WITH_KNOTS('',3,3,(
    (#8992,#8993,#8994,#8995)
    ,(#8996,#8997,#8998,#8999)
    ,(#9000,#9001,#9002,#9003)
    ,(#9004,#9005,#9006,#9007
    )),.UNSPECIFIED.,.F.,.F.,.F.,(4,4),(4,4),(0.,1.),(0.,1.),
  .PIECEWISE_BEZIER_KNOTS.);
#8992 = CARTESIAN_POINT('',(17.41254299608,22.170325794025,0.));
#8993 = CARTESIAN_POINT('',(18.351098457048,23.155371728897,0.));
#8994 = CARTESIAN_POINT('',(19.611514646548,23.767678383288,0.));
#8995 = CARTESIAN_POINT('',(20.858548102229,24.267693979177,0.));
#8996 = CARTESIAN_POINT('',(19.026543412884,20.90293653002,
    6.000000986407));
#8997 = CARTESIAN_POINT('',(20.036811373343,21.81966734039,
    6.000000986407));
#8998 = CARTESIAN_POINT('',(21.341808821651,22.340226581219,
    6.000000986407));
#8999 = CARTESIAN_POINT('',(22.625249253633,22.749468189671,
    6.000000986407));
#9000 = CARTESIAN_POINT('',(20.501404510324,19.458533421728,
    11.999999013593));
#9001 = CARTESIAN_POINT('',(21.57588586723,20.299084755241,
    11.999999013593));
#9002 = CARTESIAN_POINT('',(22.915396026445,20.723010216455,
    11.999999013593));
#9003 = CARTESIAN_POINT('',(24.225282124919,21.037488269038,
    11.999999013593));
#9004 = CARTESIAN_POINT('',(21.802193387091,17.871327956126,18.));
#9005 = CARTESIAN_POINT('',(22.931868107572,18.629639813495,18.));
#9006 = CARTESIAN_POINT('',(24.295004977131,18.954333953593,18.));
#9007 = CARTESIAN_POINT('',(25.620749052045,19.17230340914,18.));
#9008 = DEFINITIONAL_REPRESENTATION('',(#9009),#9013);
#9009 = LINE('',#9010,#9011);
#9010 = CARTESIAN_POINT('',(0.,0.));
#9011 = VECTOR('',#9012,1.);
#9012 = DIRECTION('',(1.,0.));
#9013 = ( GEOMETRIC_REPRESENTATION_CONTEXT(2) 
PARAMETRIC_REPRESENTATION_CONTEXT() REPRESENTATION_CONTEXT('2D SPACE',''
  ) );
#9014 = ADVANCED_FACE('',(#9015),#8991,.T.);
#9015 = FACE_BOUND('',#9016,.T.);
#9016 = EDGE_LOOP('',(#9017,#9042,#9043,#9068));
#9017 = ORIENTED_EDGE('',*,*,#9018,.F.);
#9018 = EDGE_CURVE('',#8926,#9019,#9021,.T.);
#9019 = VERTEX_POINT('',#9020);
#9020 = CARTESIAN_POINT('',(20.858548102229,24.267693979177,0.));
#9021 = SURFACE_CURVE('',#9022,(#9027,#9034),.PCURVE_S1.);
#9022 = B_SPLINE_CURVE_WITH_KNOTS('',3,(#9023,#9024,#9025,#9026),
  .UNSPECIFIED.,.F.,.F.,(4,4),(0.,1.),.PIECEWISE_BEZIER_KNOTS.);
#9023 = CARTESIAN_POINT('',(17.41254299608,22.170325794025,0.));
#9024 = CARTESIAN_POINT('',(18.351098457048,23.155371728897,0.));
#9025 = CARTESIAN_POINT('',(19.611514646548,23.767678383288,0.));
#9026 = CARTESIAN_POINT('',(20.858548102229,24.267693979177,0.));
#9027 = PCURVE('',#8991,#9028);
#9028 = DEFINITIONAL_REPRESENTATION('',(#9029),#9033);
#9029 = LINE('',#9030,#9031);
#9030 = CARTESIAN_POINT('',(0.,0.));
#9031 = VECTOR('',#9032,1.);
#9032 = DIRECTION('',(0.,1.));
#9033 = ( GEOMETRIC_REPRESENTATION_CONTEXT(2) 
PARAMETRIC_REPRESENTATION_CONTEXT() REPRESENTATION_CONTEXT('2D SPACE',''
  ) );
#9034 = PCURVE('',#57,#9035);
#9035 = DEFINITIONAL_REPRESENTATION('',(#9036),#9041);
#9036 = B_SPLINE_CURVE_WITH_KNOTS('',3,(#9037,#9038,#9039,#9040),
  .UNSPECIFIED.,.F.,.F.,(4,4),(0.,1.),.PIECEWISE_BEZIER_KNOTS.);
#9037 = CARTESIAN_POINT('',(17.41254299608,22.170325794025));
#9038 = CARTESIAN_POINT('',(18.351098457048,23.155371728897));
#9039 = CARTESIAN_POINT('',(19.611514646548,23.767678383288));
#9040 = CARTESIAN_POINT('',(20.858548102229,24.267693979177));
#9041 = ( GEOMETRIC_REPRESENTATION_CONTEXT(2) 
PARAMETRIC_REPRESENTATION_CONTEXT() REPRESENTATION_CONTEXT('2D SPACE',''
  ) );
#9042 = ORIENTED_EDGE('',*,*,#8976,.T.);
#9043 = ORIENTED_EDGE('',*,*,#9044,.T.);
#9044 = EDGE_CURVE('',#8952,#9045,#9047,.T.);
#9045 = VERTEX_POINT('',#9046);
#9046 = CARTESIAN_POINT('',(25.620749052045,19.17230340914,18.));
#9047 = SURFACE_CURVE('',#9048,(#9053,#9060),.PCURVE_S1.);
#9048 = B_SPLINE_CURVE_WITH_KNOTS('',3,(#9049,#9050,#9051,#9052),
  .UNSPECIFIED.,.F.,.F.,(4,4),(0.,1.),.PIECEWISE_BEZIER_KNOTS.);
#9049 = CARTESIAN_POINT('',(21.802193387091,17.871327956126,18.));
#9050 = CARTESIAN_POINT('',(22.931868107572,18.629639813495,18.));
#9051 = CARTESIAN_POINT('',(24.295004977131,18.954333953593,18.));
#9052 = CARTESIAN_POINT('',(25.620749052045,19.17230340914,18.));
#9053 = PCURVE('',#8991,#9054);
#9054 = DEFINITIONAL_REPRESENTATION('',(#9055),#9059);
#9055 = LINE('',#9056,#9057);
#9056 = CARTESIAN_POINT('',(1.,0.));
#9057 = VECTOR('',#9058,1.);
#9058 = DIRECTION('',(0.,1.));
#9059 = ( GEOMETRIC_REPRESENTATION_CONTEXT(2) 
PARAMETRIC_REPRESENTATION_CONTEXT() REPRESENTATION_CONTEXT('2D SPACE',''
  ) );
#9060 = PCURVE('',#128,#9061);
#9061 = DEFINITIONAL_REPRESENTATION('',(#9062),#9067);
#9062 = B_SPLINE_CURVE_WITH_KNOTS('',3,(#9063,#9064,#9065,#9066),
  .UNSPECIFIED.,.F.,.F.,(4,4),(0.,1.),.PIECEWISE_BEZIER_KNOTS.);
#9063 = CARTESIAN_POINT('',(-21.80219338709,17.871327956126));
#9064 = CARTESIAN_POINT('',(-22.93186810757,18.629639813495));
#9065 = CARTESIAN_POINT('',(-24.29500497713,18.954333953593));
#9066 = CARTESIAN_POINT('',(-25.62074905204,19.17230340914));
#9067 = ( GEOMETRIC_REPRESENTATION_CONTEXT(2) 
PARAMETRIC_REPRESENTATION_CONTEXT() REPRESENTATION_CONTEXT('2D SPACE',''
  ) );
#9068 = ORIENTED_EDGE('',*,*,#9069,.F.);
#9069 = EDGE_CURVE('',#9019,#9045,#9070,.T.);
#9070 = SURFACE_CURVE('',#9071,(#9076,#9083),.PCURVE_S1.);
#9071 = B_SPLINE_CURVE_WITH_KNOTS('',3,(#9072,#9073,#9074,#9075),
  .UNSPECIFIED.,.F.,.F.,(4,4),(0.,1.),.PIECEWISE_BEZIER_KNOTS.);
#9072 = CARTESIAN_POINT('',(20.858548102229,24.267693979177,0.));
#9073 = CARTESIAN_POINT('',(22.625249253633,22.749468189671,
    6.000000986407));
#9074 = CARTESIAN_POINT('',(24.225282124919,21.037488269038,
    11.999999013593));
#9075 = CARTESIAN_POINT('',(25.620749052045,19.17230340914,18.));
#9076 = PCURVE('',#8991,#9077);
#9077 = DEFINITIONAL_REPRESENTATION('',(#9078),#9082);
#9078 = LINE('',#9079,#9080);
#9079 = CARTESIAN_POINT('',(0.,1.));
#9080 = VECTOR('',#9081,1.);
#9081 = DIRECTION('',(1.,0.));
#9082 = ( GEOMETRIC_REPRESENTATION_CONTEXT(2) 
PARAMETRIC_REPRESENTATION_CONTEXT() REPRESENTATION_CONTEXT('2D SPACE',''
  ) );
#9083 = PCURVE('',#9084,#9101);
#9084 = B_SPLINE_SURFACE_WITH_KNOTS('',3,3,(
    (#9085,#9086,#9087,#9088)
    ,(#9089,#9090,#9091,#9092)
    ,(#9093,#9094,#9095,#9096)
    ,(#9097,#9098,#9099,#9100
    )),.UNSPECIFIED.,.F.,.F.,.F.,(4,4),(4,4),(0.,1.),(0.,1.),
  .PIECEWISE_BEZIER_KNOTS.);
#9085 = CARTESIAN_POINT('',(20.858548102229,24.267693979177,0.));
#9086 = CARTESIAN_POINT('',(21.231360817752,23.947254871082,0.));
#9087 = CARTESIAN_POINT('',(21.596787783895,23.618222952871,0.));
#9088 = CARTESIAN_POINT('',(21.954441033268,23.280947551952,0.));
#9089 = CARTESIAN_POINT('',(22.625249282445,22.749468159723,
    6.000001093596));
#9090 = CARTESIAN_POINT('',(22.974738278359,22.40188808533,
    6.000001093596));
#9091 = CARTESIAN_POINT('',(23.316215963692,22.046252785478,
    6.000001093596));
#9092 = CARTESIAN_POINT('',(23.649319797587,21.682939831916,
    6.000001093596));
#9093 = CARTESIAN_POINT('',(24.225282096986,21.037488299806,
    11.999998906404));
#9094 = CARTESIAN_POINT('',(24.548470824713,20.665327699191,
    11.999998906404));
#9095 = CARTESIAN_POINT('',(24.863081695829,20.285718063042,
    11.999998906404));
#9096 = CARTESIAN_POINT('',(25.168780693501,19.899062416241,
    11.999998906404));
#9097 = CARTESIAN_POINT('',(25.620749052045,19.17230340914,18.));
#9098 = CARTESIAN_POINT('',(25.915283896638,18.778704923151,18.));
#9099 = CARTESIAN_POINT('',(26.200746772657,18.378317838943,18.));
#9100 = CARTESIAN_POINT('',(26.476834609183,17.971567240449,18.));
#9101 = DEFINITIONAL_REPRESENTATION('',(#9102),#9106);
#9102 = LINE('',#9103,#9104);
#9103 = CARTESIAN_POINT('',(0.,0.));
#9104 = VECTOR('',#9105,1.);
#9105 = DIRECTION('',(1.,0.));
#9106 = ( GEOMETRIC_REPRESENTATION_CONTEXT(2) 
PARAMETRIC_REPRESENTATION_CONTEXT() REPRESENTATION_CONTEXT('2D SPACE',''
  ) );
#9107 = ADVANCED_FACE('',(#9108),#9084,.T.);
#9108 = FACE_BOUND('',#9109,.T.);
#9109 = EDGE_LOOP('',(#9110,#9135,#9136,#9161));
#9110 = ORIENTED_EDGE('',*,*,#9111,.F.);
#9111 = EDGE_CURVE('',#9019,#9112,#9114,.T.);
#9112 = VERTEX_POINT('',#9113);
#9113 = CARTESIAN_POINT('',(21.954441033268,23.280947551952,0.));
#9114 = SURFACE_CURVE('',#9115,(#9120,#9127),.PCURVE_S1.);
#9115 = B_SPLINE_CURVE_WITH_KNOTS('',3,(#9116,#9117,#9118,#9119),
  .UNSPECIFIED.,.F.,.F.,(4,4),(0.,1.),.PIECEWISE_BEZIER_KNOTS.);
#9116 = CARTESIAN_POINT('',(20.858548102229,24.267693979177,0.));
#9117 = CARTESIAN_POINT('',(21.231360817752,23.947254871082,0.));
#9118 = CARTESIAN_POINT('',(21.596787783895,23.618222952871,0.));
#9119 = CARTESIAN_POINT('',(21.954441033268,23.280947551952,0.));
#9120 = PCURVE('',#9084,#9121);
#9121 = DEFINITIONAL_REPRESENTATION('',(#9122),#9126);
#9122 = LINE('',#9123,#9124);
#9123 = CARTESIAN_POINT('',(0.,0.));
#9124 = VECTOR('',#9125,1.);
#9125 = DIRECTION('',(0.,1.));
#9126 = ( GEOMETRIC_REPRESENTATION_CONTEXT(2) 
PARAMETRIC_REPRESENTATION_CONTEXT() REPRESENTATION_CONTEXT('2D SPACE',''
  ) );
#9127 = PCURVE('',#57,#9128);
#9128 = DEFINITIONAL_REPRESENTATION('',(#9129),#9134);
#9129 = B_SPLINE_CURVE_WITH_KNOTS('',3,(#9130,#9131,#9132,#9133),
  .UNSPECIFIED.,.F.,.F.,(4,4),(0.,1.),.PIECEWISE_BEZIER_KNOTS.);
#9130 = CARTESIAN_POINT('',(20.858548102229,24.267693979177));
#9131 = CARTESIAN_POINT('',(21.231360817752,23.947254871082));
#9132 = CARTESIAN_POINT('',(21.596787783895,23.618222952871));
#9133 = CARTESIAN_POINT('',(21.954441033268,23.280947551952));
#9134 = ( GEOMETRIC_REPRESENTATION_CONTEXT(2) 
PARAMETRIC_REPRESENTATION_CONTEXT() REPRESENTATION_CONTEXT('2D SPACE',''
  ) );
#9135 = ORIENTED_EDGE('',*,*,#9069,.T.);
#9136 = ORIENTED_EDGE('',*,*,#9137,.T.);
#9137 = EDGE_CURVE('',#9045,#9138,#9140,.T.);
#9138 = VERTEX_POINT('',#9139);
#9139 = CARTESIAN_POINT('',(26.476834609183,17.971567240449,18.));
#9140 = SURFACE_CURVE('',#9141,(#9146,#9153),.PCURVE_S1.);
#9141 = B_SPLINE_CURVE_WITH_KNOTS('',3,(#9142,#9143,#9144,#9145),
  .UNSPECIFIED.,.F.,.F.,(4,4),(0.,1.),.PIECEWISE_BEZIER_KNOTS.);
#9142 = CARTESIAN_POINT('',(25.620749052045,19.17230340914,18.));
#9143 = CARTESIAN_POINT('',(25.915283896638,18.778704923151,18.));
#9144 = CARTESIAN_POINT('',(26.200746772657,18.378317838943,18.));
#9145 = CARTESIAN_POINT('',(26.476834609183,17.971567240449,18.));
#9146 = PCURVE('',#9084,#9147);
#9147 = DEFINITIONAL_REPRESENTATION('',(#9148),#9152);
#9148 = LINE('',#9149,#9150);
#9149 = CARTESIAN_POINT('',(1.,0.));
#9150 = VECTOR('',#9151,1.);
#9151 = DIRECTION('',(0.,1.));
#9152 = ( GEOMETRIC_REPRESENTATION_CONTEXT(2) 
PARAMETRIC_REPRESENTATION_CONTEXT() REPRESENTATION_CONTEXT('2D SPACE',''
  ) );
#9153 = PCURVE('',#128,#9154);
#9154 = DEFINITIONAL_REPRESENTATION('',(#9155),#9160);
#9155 = B_SPLINE_CURVE_WITH_KNOTS('',3,(#9156,#9157,#9158,#9159),
  .UNSPECIFIED.,.F.,.F.,(4,4),(0.,1.),.PIECEWISE_BEZIER_KNOTS.);
#9156 = CARTESIAN_POINT('',(-25.62074905204,19.17230340914));
#9157 = CARTESIAN_POINT('',(-25.91528389663,18.778704923151));
#9158 = CARTESIAN_POINT('',(-26.20074677265,18.378317838943));
#9159 = CARTESIAN_POINT('',(-26.47683460918,17.971567240449));
#9160 = ( GEOMETRIC_REPRESENTATION_CONTEXT(2) 
PARAMETRIC_REPRESENTATION_CONTEXT() REPRESENTATION_CONTEXT('2D SPACE',''
  ) );
#9161 = ORIENTED_EDGE('',*,*,#9162,.F.);
#9162 = EDGE_CURVE('',#9112,#9138,#9163,.T.);
#9163 = SURFACE_CURVE('',#9164,(#9169,#9176),.PCURVE_S1.);
#9164 = B_SPLINE_CURVE_WITH_KNOTS('',3,(#9165,#9166,#9167,#9168),
  .UNSPECIFIED.,.F.,.F.,(4,4),(0.,1.),.PIECEWISE_BEZIER_KNOTS.);
#9165 = CARTESIAN_POINT('',(21.954441033268,23.280947551952,0.));
#9166 = CARTESIAN_POINT('',(23.649319770185,21.68293986316,
    6.000000986407));
#9167 = CARTESIAN_POINT('',(25.168780719988,19.899062384219,
    11.999999013593));
#9168 = CARTESIAN_POINT('',(26.476834609183,17.971567240449,18.));
#9169 = PCURVE('',#9084,#9170);
#9170 = DEFINITIONAL_REPRESENTATION('',(#9171),#9175);
#9171 = LINE('',#9172,#9173);
#9172 = CARTESIAN_POINT('',(0.,1.));
#9173 = VECTOR('',#9174,1.);
#9174 = DIRECTION('',(1.,0.));
#9175 = ( GEOMETRIC_REPRESENTATION_CONTEXT(2) 
PARAMETRIC_REPRESENTATION_CONTEXT() REPRESENTATION_CONTEXT('2D SPACE',''
  ) );
#9176 = PCURVE('',#9177,#9194);
#9177 = B_SPLINE_SURFACE_WITH_KNOTS('',3,3,(
    (#9178,#9179,#9180,#9181)
    ,(#9182,#9183,#9184,#9185)
    ,(#9186,#9187,#9188,#9189)
    ,(#9190,#9191,#9192,#9193
    )),.UNSPECIFIED.,.F.,.F.,.F.,(4,4),(4,4),(0.,1.),(0.,1.),
  .PIECEWISE_BEZIER_KNOTS.);
#9178 = CARTESIAN_POINT('',(21.954441033268,23.280947551952,0.));
#9179 = CARTESIAN_POINT('',(21.587515065896,21.988479614173,0.));
#9180 = CARTESIAN_POINT('',(21.110312058791,20.670964642806,0.));
#9181 = CARTESIAN_POINT('',(20.228768068644,19.634585349036,0.));
#9182 = CARTESIAN_POINT('',(23.649319770185,21.68293986316,
    6.000000986407));
#9183 = CARTESIAN_POINT('',(23.188306515756,20.417173369775,
    6.000000986407));
#9184 = CARTESIAN_POINT('',(22.615192178971,19.134387253435,
    6.000000986407));
#9185 = CARTESIAN_POINT('',(21.658199282818,18.162172602587,
    6.000000986407));
#9186 = CARTESIAN_POINT('',(25.168780719988,19.899062384219,
    11.999999013593));
#9187 = CARTESIAN_POINT('',(24.61661479217,18.670318788227,
    11.999999013593));
#9188 = CARTESIAN_POINT('',(23.951404572575,17.432782676815,
    11.999999013593));
#9189 = CARTESIAN_POINT('',(22.92600669919,16.533007187113,
    11.999999013593));
#9190 = CARTESIAN_POINT('',(26.476834609183,17.971567240449,18.));
#9191 = CARTESIAN_POINT('',(25.83860962316,16.789291087033,18.));
#9192 = CARTESIAN_POINT('',(25.087300309575,15.606454359041,18.));
#9193 = CARTESIAN_POINT('',(24.002161597476,14.785676787087,18.));
#9194 = DEFINITIONAL_REPRESENTATION('',(#9195),#9199);
#9195 = LINE('',#9196,#9197);
#9196 = CARTESIAN_POINT('',(0.,0.));
#9197 = VECTOR('',#9198,1.);
#9198 = DIRECTION('',(1.,0.));
#9199 = ( GEOMETRIC_REPRESENTATION_CONTEXT(2) 
PARAMETRIC_REPRESENTATION_CONTEXT() REPRESENTATION_CONTEXT('2D SPACE',''
  ) );
#9200 = ADVANCED_FACE('',(#9201),#9177,.T.);
#9201 = FACE_BOUND('',#9202,.T.);
#9202 = EDGE_LOOP('',(#9203,#9228,#9229,#9254));
#9203 = ORIENTED_EDGE('',*,*,#9204,.F.);
#9204 = EDGE_CURVE('',#9112,#9205,#9207,.T.);
#9205 = VERTEX_POINT('',#9206);
#9206 = CARTESIAN_POINT('',(20.228768068644,19.634585349036,0.));
#9207 = SURFACE_CURVE('',#9208,(#9213,#9220),.PCURVE_S1.);
#9208 = B_SPLINE_CURVE_WITH_KNOTS('',3,(#9209,#9210,#9211,#9212),
  .UNSPECIFIED.,.F.,.F.,(4,4),(0.,1.),.PIECEWISE_BEZIER_KNOTS.);
#9209 = CARTESIAN_POINT('',(21.954441033268,23.280947551952,0.));
#9210 = CARTESIAN_POINT('',(21.587515065896,21.988479614173,0.));
#9211 = CARTESIAN_POINT('',(21.110312058791,20.670964642806,0.));
#9212 = CARTESIAN_POINT('',(20.228768068644,19.634585349036,0.));
#9213 = PCURVE('',#9177,#9214);
#9214 = DEFINITIONAL_REPRESENTATION('',(#9215),#9219);
#9215 = LINE('',#9216,#9217);
#9216 = CARTESIAN_POINT('',(0.,0.));
#9217 = VECTOR('',#9218,1.);
#9218 = DIRECTION('',(0.,1.));
#9219 = ( GEOMETRIC_REPRESENTATION_CONTEXT(2) 
PARAMETRIC_REPRESENTATION_CONTEXT() REPRESENTATION_CONTEXT('2D SPACE',''
  ) );
#9220 = PCURVE('',#57,#9221);
#9221 = DEFINITIONAL_REPRESENTATION('',(#9222),#9227);
#9222 = B_SPLINE_CURVE_WITH_KNOTS('',3,(#9223,#9224,#9225,#9226),
  .UNSPECIFIED.,.F.,.F.,(4,4),(0.,1.),.PIECEWISE_BEZIER_KNOTS.);
#9223 = CARTESIAN_POINT('',(21.954441033268,23.280947551952));
#9224 = CARTESIAN_POINT('',(21.587515065896,21.988479614173));
#9225 = CARTESIAN_POINT('',(21.110312058791,20.670964642806));
#9226 = CARTESIAN_POINT('',(20.228768068644,19.634585349036));
#9227 = ( GEOMETRIC_REPRESENTATION_CONTEXT(2) 
PARAMETRIC_REPRESENTATION_CONTEXT() REPRESENTATION_CONTEXT('2D SPACE',''
  ) );
#9228 = ORIENTED_EDGE('',*,*,#9162,.T.);
#9229 = ORIENTED_EDGE('',*,*,#9230,.T.);
#9230 = EDGE_CURVE('',#9138,#9231,#9233,.T.);
#9231 = VERTEX_POINT('',#9232);
#9232 = CARTESIAN_POINT('',(24.002161597476,14.785676787087,18.));
#9233 = SURFACE_CURVE('',#9234,(#9239,#9246),.PCURVE_S1.);
#9234 = B_SPLINE_CURVE_WITH_KNOTS('',3,(#9235,#9236,#9237,#9238),
  .UNSPECIFIED.,.F.,.F.,(4,4),(0.,1.),.PIECEWISE_BEZIER_KNOTS.);
#9235 = CARTESIAN_POINT('',(26.476834609183,17.971567240449,18.));
#9236 = CARTESIAN_POINT('',(25.83860962316,16.789291087033,18.));
#9237 = CARTESIAN_POINT('',(25.087300309575,15.606454359041,18.));
#9238 = CARTESIAN_POINT('',(24.002161597476,14.785676787087,18.));
#9239 = PCURVE('',#9177,#9240);
#9240 = DEFINITIONAL_REPRESENTATION('',(#9241),#9245);
#9241 = LINE('',#9242,#9243);
#9242 = CARTESIAN_POINT('',(1.,0.));
#9243 = VECTOR('',#9244,1.);
#9244 = DIRECTION('',(0.,1.));
#9245 = ( GEOMETRIC_REPRESENTATION_CONTEXT(2) 
PARAMETRIC_REPRESENTATION_CONTEXT() REPRESENTATION_CONTEXT('2D SPACE',''
  ) );
#9246 = PCURVE('',#128,#9247);
#9247 = DEFINITIONAL_REPRESENTATION('',(#9248),#9253);
#9248 = B_SPLINE_CURVE_WITH_KNOTS('',3,(#9249,#9250,#9251,#9252),
  .UNSPECIFIED.,.F.,.F.,(4,4),(0.,1.),.PIECEWISE_BEZIER_KNOTS.);
#9249 = CARTESIAN_POINT('',(-26.47683460918,17.971567240449));
#9250 = CARTESIAN_POINT('',(-25.83860962316,16.789291087033));
#9251 = CARTESIAN_POINT('',(-25.08730030957,15.606454359041));
#9252 = CARTESIAN_POINT('',(-24.00216159747,14.785676787087));
#9253 = ( GEOMETRIC_REPRESENTATION_CONTEXT(2) 
PARAMETRIC_REPRESENTATION_CONTEXT() REPRESENTATION_CONTEXT('2D SPACE',''
  ) );
#9254 = ORIENTED_EDGE('',*,*,#9255,.F.);
#9255 = EDGE_CURVE('',#9205,#9231,#9256,.T.);
#9256 = SURFACE_CURVE('',#9257,(#9262,#9269),.PCURVE_S1.);
#9257 = B_SPLINE_CURVE_WITH_KNOTS('',3,(#9258,#9259,#9260,#9261),
  .UNSPECIFIED.,.F.,.F.,(4,4),(0.,1.),.PIECEWISE_BEZIER_KNOTS.);
#9258 = CARTESIAN_POINT('',(20.228768068644,19.634585349036,0.));
#9259 = CARTESIAN_POINT('',(21.658199253627,18.162172638999,
    6.000000849768));
#9260 = CARTESIAN_POINT('',(22.926006727315,16.533007149871,
    11.999999150232));
#9261 = CARTESIAN_POINT('',(24.002161597476,14.785676787087,18.));
#9262 = PCURVE('',#9177,#9263);
#9263 = DEFINITIONAL_REPRESENTATION('',(#9264),#9268);
#9264 = LINE('',#9265,#9266);
#9265 = CARTESIAN_POINT('',(0.,1.));
#9266 = VECTOR('',#9267,1.);
#9267 = DIRECTION('',(1.,0.));
#9268 = ( GEOMETRIC_REPRESENTATION_CONTEXT(2) 
PARAMETRIC_REPRESENTATION_CONTEXT() REPRESENTATION_CONTEXT('2D SPACE',''
  ) );
#9269 = PCURVE('',#9270,#9287);
#9270 = B_SPLINE_SURFACE_WITH_KNOTS('',3,3,(
    (#9271,#9272,#9273,#9274)
    ,(#9275,#9276,#9277,#9278)
    ,(#9279,#9280,#9281,#9282)
    ,(#9283,#9284,#9285,#9286
    )),.UNSPECIFIED.,.F.,.F.,.F.,(4,4),(4,4),(0.,1.),(0.,1.),
  .PIECEWISE_BEZIER_KNOTS.);
#9271 = CARTESIAN_POINT('',(20.228768068644,19.634585349036,0.));
#9272 = CARTESIAN_POINT('',(19.821516040605,18.767006800084,0.));
#9273 = CARTESIAN_POINT('',(20.736111784569,17.751245320829,0.));
#9274 = CARTESIAN_POINT('',(21.641507076106,18.06557972716,0.));
#9275 = CARTESIAN_POINT('',(21.658199253627,18.162172638999,
    6.000000849768));
#9276 = CARTESIAN_POINT('',(21.187789350468,17.324233953259,
    6.000000849768));
#9277 = CARTESIAN_POINT('',(22.028449304274,16.24188784828,
    6.000000849768));
#9278 = CARTESIAN_POINT('',(22.956732640199,16.490316442235,
    6.000000849768));
#9279 = CARTESIAN_POINT('',(22.926006727315,16.533007149871,
    11.999999150232));
#9280 = CARTESIAN_POINT('',(22.395694294361,15.731636173667,
    11.999999150232));
#9281 = CARTESIAN_POINT('',(23.155117010847,14.590820944727,
    11.999999150232));
#9282 = CARTESIAN_POINT('',(24.099056243251,14.770836065139,
    11.999999150232));
#9283 = CARTESIAN_POINT('',(24.002161597476,14.785676787087,18.));
#9284 = CARTESIAN_POINT('',(23.416620812677,14.026935235385,18.));
#9285 = CARTESIAN_POINT('',(24.089429004536,12.837151265674,18.));
#9286 = CARTESIAN_POINT('',(25.041421164835,12.947865671566,18.));
#9287 = DEFINITIONAL_REPRESENTATION('',(#9288),#9292);
#9288 = LINE('',#9289,#9290);
#9289 = CARTESIAN_POINT('',(0.,0.));
#9290 = VECTOR('',#9291,1.);
#9291 = DIRECTION('',(1.,0.));
#9292 = ( GEOMETRIC_REPRESENTATION_CONTEXT(2) 
PARAMETRIC_REPRESENTATION_CONTEXT() REPRESENTATION_CONTEXT('2D SPACE',''
  ) );
#9293 = ADVANCED_FACE('',(#9294),#9270,.T.);
#9294 = FACE_BOUND('',#9295,.T.);
#9295 = EDGE_LOOP('',(#9296,#9321,#9322,#9347));
#9296 = ORIENTED_EDGE('',*,*,#9297,.F.);
#9297 = EDGE_CURVE('',#9205,#9298,#9300,.T.);
#9298 = VERTEX_POINT('',#9299);
#9299 = CARTESIAN_POINT('',(21.641507076106,18.06557972716,0.));
#9300 = SURFACE_CURVE('',#9301,(#9306,#9313),.PCURVE_S1.);
#9301 = B_SPLINE_CURVE_WITH_KNOTS('',3,(#9302,#9303,#9304,#9305),
  .UNSPECIFIED.,.F.,.F.,(4,4),(0.,1.),.PIECEWISE_BEZIER_KNOTS.);
#9302 = CARTESIAN_POINT('',(20.228768068644,19.634585349036,0.));
#9303 = CARTESIAN_POINT('',(19.821516040605,18.767006800084,0.));
#9304 = CARTESIAN_POINT('',(20.736111784569,17.751245320829,0.));
#9305 = CARTESIAN_POINT('',(21.641507076106,18.06557972716,0.));
#9306 = PCURVE('',#9270,#9307);
#9307 = DEFINITIONAL_REPRESENTATION('',(#9308),#9312);
#9308 = LINE('',#9309,#9310);
#9309 = CARTESIAN_POINT('',(0.,0.));
#9310 = VECTOR('',#9311,1.);
#9311 = DIRECTION('',(0.,1.));
#9312 = ( GEOMETRIC_REPRESENTATION_CONTEXT(2) 
PARAMETRIC_REPRESENTATION_CONTEXT() REPRESENTATION_CONTEXT('2D SPACE',''
  ) );
#9313 = PCURVE('',#57,#9314);
#9314 = DEFINITIONAL_REPRESENTATION('',(#9315),#9320);
#9315 = B_SPLINE_CURVE_WITH_KNOTS('',3,(#9316,#9317,#9318,#9319),
  .UNSPECIFIED.,.F.,.F.,(4,4),(0.,1.),.PIECEWISE_BEZIER_KNOTS.);
#9316 = CARTESIAN_POINT('',(20.228768068644,19.634585349036));
#9317 = CARTESIAN_POINT('',(19.821516040605,18.767006800084));
#9318 = CARTESIAN_POINT('',(20.736111784569,17.751245320829));
#9319 = CARTESIAN_POINT('',(21.641507076106,18.06557972716));
#9320 = ( GEOMETRIC_REPRESENTATION_CONTEXT(2) 
PARAMETRIC_REPRESENTATION_CONTEXT() REPRESENTATION_CONTEXT('2D SPACE',''
  ) );
#9321 = ORIENTED_EDGE('',*,*,#9255,.T.);
#9322 = ORIENTED_EDGE('',*,*,#9323,.T.);
#9323 = EDGE_CURVE('',#9231,#9324,#9326,.T.);
#9324 = VERTEX_POINT('',#9325);
#9325 = CARTESIAN_POINT('',(25.041421164835,12.947865671566,18.));
#9326 = SURFACE_CURVE('',#9327,(#9332,#9339),.PCURVE_S1.);
#9327 = B_SPLINE_CURVE_WITH_KNOTS('',3,(#9328,#9329,#9330,#9331),
  .UNSPECIFIED.,.F.,.F.,(4,4),(0.,1.),.PIECEWISE_BEZIER_KNOTS.);
#9328 = CARTESIAN_POINT('',(24.002161597476,14.785676787087,18.));
#9329 = CARTESIAN_POINT('',(23.416620812677,14.026935235385,18.));
#9330 = CARTESIAN_POINT('',(24.089429004536,12.837151265674,18.));
#9331 = CARTESIAN_POINT('',(25.041421164835,12.947865671566,18.));
#9332 = PCURVE('',#9270,#9333);
#9333 = DEFINITIONAL_REPRESENTATION('',(#9334),#9338);
#9334 = LINE('',#9335,#9336);
#9335 = CARTESIAN_POINT('',(1.,0.));
#9336 = VECTOR('',#9337,1.);
#9337 = DIRECTION('',(0.,1.));
#9338 = ( GEOMETRIC_REPRESENTATION_CONTEXT(2) 
PARAMETRIC_REPRESENTATION_CONTEXT() REPRESENTATION_CONTEXT('2D SPACE',''
  ) );
#9339 = PCURVE('',#128,#9340);
#9340 = DEFINITIONAL_REPRESENTATION('',(#9341),#9346);
#9341 = B_SPLINE_CURVE_WITH_KNOTS('',3,(#9342,#9343,#9344,#9345),
  .UNSPECIFIED.,.F.,.F.,(4,4),(0.,1.),.PIECEWISE_BEZIER_KNOTS.);
#9342 = CARTESIAN_POINT('',(-24.00216159747,14.785676787087));
#9343 = CARTESIAN_POINT('',(-23.41662081267,14.026935235385));
#9344 = CARTESIAN_POINT('',(-24.08942900453,12.837151265674));
#9345 = CARTESIAN_POINT('',(-25.04142116483,12.947865671566));
#9346 = ( GEOMETRIC_REPRESENTATION_CONTEXT(2) 
PARAMETRIC_REPRESENTATION_CONTEXT() REPRESENTATION_CONTEXT('2D SPACE',''
  ) );
#9347 = ORIENTED_EDGE('',*,*,#9348,.F.);
#9348 = EDGE_CURVE('',#9298,#9324,#9349,.T.);
#9349 = SURFACE_CURVE('',#9350,(#9355,#9362),.PCURVE_S1.);
#9350 = B_SPLINE_CURVE_WITH_KNOTS('',3,(#9351,#9352,#9353,#9354),
  .UNSPECIFIED.,.F.,.F.,(4,4),(0.,1.),.PIECEWISE_BEZIER_KNOTS.);
#9351 = CARTESIAN_POINT('',(21.641507076106,18.06557972716,0.));
#9352 = CARTESIAN_POINT('',(22.956732640199,16.490316442235,
    6.000000849768));
#9353 = CARTESIAN_POINT('',(24.099056243251,14.770836065139,
    11.999999150232));
#9354 = CARTESIAN_POINT('',(25.041421164835,12.947865671566,18.));
#9355 = PCURVE('',#9270,#9356);
#9356 = DEFINITIONAL_REPRESENTATION('',(#9357),#9361);
#9357 = LINE('',#9358,#9359);
#9358 = CARTESIAN_POINT('',(0.,1.));
#9359 = VECTOR('',#9360,1.);
#9360 = DIRECTION('',(1.,0.));
#9361 = ( GEOMETRIC_REPRESENTATION_CONTEXT(2) 
PARAMETRIC_REPRESENTATION_CONTEXT() REPRESENTATION_CONTEXT('2D SPACE',''
  ) );
#9362 = PCURVE('',#9363,#9380);
#9363 = B_SPLINE_SURFACE_WITH_KNOTS('',3,3,(
    (#9364,#9365,#9366,#9367)
    ,(#9368,#9369,#9370,#9371)
    ,(#9372,#9373,#9374,#9375)
    ,(#9376,#9377,#9378,#9379
    )),.UNSPECIFIED.,.F.,.F.,.F.,(4,4),(4,4),(0.,1.),(0.,1.),
  .PIECEWISE_BEZIER_KNOTS.);
#9364 = CARTESIAN_POINT('',(21.641507076106,18.06557972716,0.));
#9365 = CARTESIAN_POINT('',(22.76435541426,18.833963392152,0.));
#9366 = CARTESIAN_POINT('',(24.124534197759,19.170834415965,0.));
#9367 = CARTESIAN_POINT('',(25.448276068445,19.400650637136,0.));
#9368 = CARTESIAN_POINT('',(22.956732666583,16.49031640374,
    6.000000986407));
#9369 = CARTESIAN_POINT('',(24.135522901012,17.176967926584,
    6.000000986407));
#9370 = CARTESIAN_POINT('',(25.520233375971,17.41482747305,
    6.000000986407));
#9371 = CARTESIAN_POINT('',(26.860713669965,17.548283900201,
    6.000000986407));
#9372 = CARTESIAN_POINT('',(24.099056217991,14.770836104381,
    11.999999013593));
#9373 = CARTESIAN_POINT('',(25.324818028253,15.369622138884,
    11.999999013593));
#9374 = CARTESIAN_POINT('',(26.723195736069,15.505783989591,
    11.999999013593));
#9375 = CARTESIAN_POINT('',(28.069841344164,15.541049308696,
    11.999999013593));
#9376 = CARTESIAN_POINT('',(25.041421164835,12.947865671566,18.));
#9377 = CARTESIAN_POINT('',(26.304071682715,13.45473401425,18.));
#9378 = CARTESIAN_POINT('',(27.704928448813,13.488920716993,18.));
#9379 = CARTESIAN_POINT('',(29.047020232926,13.426489324763,18.));
#9380 = DEFINITIONAL_REPRESENTATION('',(#9381),#9385);
#9381 = LINE('',#9382,#9383);
#9382 = CARTESIAN_POINT('',(0.,0.));
#9383 = VECTOR('',#9384,1.);
#9384 = DIRECTION('',(1.,0.));
#9385 = ( GEOMETRIC_REPRESENTATION_CONTEXT(2) 
PARAMETRIC_REPRESENTATION_CONTEXT() REPRESENTATION_CONTEXT('2D SPACE',''
  ) );
#9386 = ADVANCED_FACE('',(#9387),#9363,.T.);
#9387 = FACE_BOUND('',#9388,.T.);
#9388 = EDGE_LOOP('',(#9389,#9414,#9415,#9440));
#9389 = ORIENTED_EDGE('',*,*,#9390,.F.);
#9390 = EDGE_CURVE('',#9298,#9391,#9393,.T.);
#9391 = VERTEX_POINT('',#9392);
#9392 = CARTESIAN_POINT('',(25.448276068445,19.400650637136,0.));
#9393 = SURFACE_CURVE('',#9394,(#9399,#9406),.PCURVE_S1.);
#9394 = B_SPLINE_CURVE_WITH_KNOTS('',3,(#9395,#9396,#9397,#9398),
  .UNSPECIFIED.,.F.,.F.,(4,4),(0.,1.),.PIECEWISE_BEZIER_KNOTS.);
#9395 = CARTESIAN_POINT('',(21.641507076106,18.06557972716,0.));
#9396 = CARTESIAN_POINT('',(22.76435541426,18.833963392152,0.));
#9397 = CARTESIAN_POINT('',(24.124534197759,19.170834415965,0.));
#9398 = CARTESIAN_POINT('',(25.448276068445,19.400650637136,0.));
#9399 = PCURVE('',#9363,#9400);
#9400 = DEFINITIONAL_REPRESENTATION('',(#9401),#9405);
#9401 = LINE('',#9402,#9403);
#9402 = CARTESIAN_POINT('',(0.,0.));
#9403 = VECTOR('',#9404,1.);
#9404 = DIRECTION('',(0.,1.));
#9405 = ( GEOMETRIC_REPRESENTATION_CONTEXT(2) 
PARAMETRIC_REPRESENTATION_CONTEXT() REPRESENTATION_CONTEXT('2D SPACE',''
  ) );
#9406 = PCURVE('',#57,#9407);
#9407 = DEFINITIONAL_REPRESENTATION('',(#9408),#9413);
#9408 = B_SPLINE_CURVE_WITH_KNOTS('',3,(#9409,#9410,#9411,#9412),
  .UNSPECIFIED.,.F.,.F.,(4,4),(0.,1.),.PIECEWISE_BEZIER_KNOTS.);
#9409 = CARTESIAN_POINT('',(21.641507076106,18.06557972716));
#9410 = CARTESIAN_POINT('',(22.76435541426,18.833963392152));
#9411 = CARTESIAN_POINT('',(24.124534197759,19.170834415965));
#9412 = CARTESIAN_POINT('',(25.448276068445,19.400650637136));
#9413 = ( GEOMETRIC_REPRESENTATION_CONTEXT(2) 
PARAMETRIC_REPRESENTATION_CONTEXT() REPRESENTATION_CONTEXT('2D SPACE',''
  ) );
#9414 = ORIENTED_EDGE('',*,*,#9348,.T.);
#9415 = ORIENTED_EDGE('',*,*,#9416,.T.);
#9416 = EDGE_CURVE('',#9324,#9417,#9419,.T.);
#9417 = VERTEX_POINT('',#9418);
#9418 = CARTESIAN_POINT('',(29.047020232926,13.426489324763,18.));
#9419 = SURFACE_CURVE('',#9420,(#9425,#9432),.PCURVE_S1.);
#9420 = B_SPLINE_CURVE_WITH_KNOTS('',3,(#9421,#9422,#9423,#9424),
  .UNSPECIFIED.,.F.,.F.,(4,4),(0.,1.),.PIECEWISE_BEZIER_KNOTS.);
#9421 = CARTESIAN_POINT('',(25.041421164835,12.947865671566,18.));
#9422 = CARTESIAN_POINT('',(26.304071682715,13.45473401425,18.));
#9423 = CARTESIAN_POINT('',(27.704928448813,13.488920716993,18.));
#9424 = CARTESIAN_POINT('',(29.047020232926,13.426489324763,18.));
#9425 = PCURVE('',#9363,#9426);
#9426 = DEFINITIONAL_REPRESENTATION('',(#9427),#9431);
#9427 = LINE('',#9428,#9429);
#9428 = CARTESIAN_POINT('',(1.,0.));
#9429 = VECTOR('',#9430,1.);
#9430 = DIRECTION('',(0.,1.));
#9431 = ( GEOMETRIC_REPRESENTATION_CONTEXT(2) 
PARAMETRIC_REPRESENTATION_CONTEXT() REPRESENTATION_CONTEXT('2D SPACE',''
  ) );
#9432 = PCURVE('',#128,#9433);
#9433 = DEFINITIONAL_REPRESENTATION('',(#9434),#9439);
#9434 = B_SPLINE_CURVE_WITH_KNOTS('',3,(#9435,#9436,#9437,#9438),
  .UNSPECIFIED.,.F.,.F.,(4,4),(0.,1.),.PIECEWISE_BEZIER_KNOTS.);
#9435 = CARTESIAN_POINT('',(-25.04142116483,12.947865671566));
#9436 = CARTESIAN_POINT('',(-26.30407168271,13.45473401425));
#9437 = CARTESIAN_POINT('',(-27.70492844881,13.488920716994));
#9438 = CARTESIAN_POINT('',(-29.04702023292,13.426489324763));
#9439 = ( GEOMETRIC_REPRESENTATION_CONTEXT(2) 
PARAMETRIC_REPRESENTATION_CONTEXT() REPRESENTATION_CONTEXT('2D SPACE',''
  ) );
#9440 = ORIENTED_EDGE('',*,*,#9441,.F.);
#9441 = EDGE_CURVE('',#9391,#9417,#9442,.T.);
#9442 = SURFACE_CURVE('',#9443,(#9448,#9455),.PCURVE_S1.);
#9443 = B_SPLINE_CURVE_WITH_KNOTS('',3,(#9444,#9445,#9446,#9447),
  .UNSPECIFIED.,.F.,.F.,(4,4),(0.,1.),.PIECEWISE_BEZIER_KNOTS.);
#9444 = CARTESIAN_POINT('',(25.448276068445,19.400650637136,0.));
#9445 = CARTESIAN_POINT('',(26.860713669965,17.548283900201,
    6.000000986407));
#9446 = CARTESIAN_POINT('',(28.069841344164,15.541049308696,
    11.999999013593));
#9447 = CARTESIAN_POINT('',(29.047020232926,13.426489324763,18.));
#9448 = PCURVE('',#9363,#9449);
#9449 = DEFINITIONAL_REPRESENTATION('',(#9450),#9454);
#9450 = LINE('',#9451,#9452);
#9451 = CARTESIAN_POINT('',(0.,1.));
#9452 = VECTOR('',#9453,1.);
#9453 = DIRECTION('',(1.,0.));
#9454 = ( GEOMETRIC_REPRESENTATION_CONTEXT(2) 
PARAMETRIC_REPRESENTATION_CONTEXT() REPRESENTATION_CONTEXT('2D SPACE',''
  ) );
#9455 = PCURVE('',#9456,#9473);
#9456 = B_SPLINE_SURFACE_WITH_KNOTS('',3,3,(
    (#9457,#9458,#9459,#9460)
    ,(#9461,#9462,#9463,#9464)
    ,(#9465,#9466,#9467,#9468)
    ,(#9469,#9470,#9471,#9472
    )),.UNSPECIFIED.,.F.,.F.,.F.,(4,4),(4,4),(0.,1.),(0.,1.),
  .PIECEWISE_BEZIER_KNOTS.);
#9457 = CARTESIAN_POINT('',(25.448276068445,19.400650637136,0.));
#9458 = CARTESIAN_POINT('',(25.746318894888,19.009701770329,0.));
#9459 = CARTESIAN_POINT('',(26.035350822616,18.611883450565,0.));
#9460 = CARTESIAN_POINT('',(26.315064991509,18.207618034566,0.));
#9461 = CARTESIAN_POINT('',(26.86071369192,17.548283864917,
    6.000001093596));
#9462 = CARTESIAN_POINT('',(27.130299553795,17.135636401023,
    6.000001093596));
#9463 = CARTESIAN_POINT('',(27.390374395901,16.716775382803,
    6.000001093596));
#9464 = CARTESIAN_POINT('',(27.640662101349,16.292145507638,
    6.000001093596));
#9465 = CARTESIAN_POINT('',(28.069841323238,15.5410493446,
    11.999998906404));
#9466 = CARTESIAN_POINT('',(28.308591062119,15.109826631185,
    11.999998906404));
#9467 = CARTESIAN_POINT('',(28.537401649564,14.673101098207,
    11.999998906404));
#9468 = CARTESIAN_POINT('',(28.756030161392,14.231336409491,
    11.999998906404));
#9469 = CARTESIAN_POINT('',(29.047020232926,13.426489324763,18.));
#9470 = CARTESIAN_POINT('',(29.253285057772,12.980254672496,18.));
#9471 = CARTESIAN_POINT('',(29.449264729389,12.529265937494,18.));
#9472 = CARTESIAN_POINT('',(29.634751179605,12.074001926574,18.));
#9473 = DEFINITIONAL_REPRESENTATION('',(#9474),#9478);
#9474 = LINE('',#9475,#9476);
#9475 = CARTESIAN_POINT('',(0.,0.));
#9476 = VECTOR('',#9477,1.);
#9477 = DIRECTION('',(1.,0.));
#9478 = ( GEOMETRIC_REPRESENTATION_CONTEXT(2) 
PARAMETRIC_REPRESENTATION_CONTEXT() REPRESENTATION_CONTEXT('2D SPACE',''
  ) );
#9479 = ADVANCED_FACE('',(#9480),#9456,.T.);
#9480 = FACE_BOUND('',#9481,.T.);
#9481 = EDGE_LOOP('',(#9482,#9507,#9508,#9533));
#9482 = ORIENTED_EDGE('',*,*,#9483,.F.);
#9483 = EDGE_CURVE('',#9391,#9484,#9486,.T.);
#9484 = VERTEX_POINT('',#9485);
#9485 = CARTESIAN_POINT('',(26.315064991509,18.207618034566,0.));
#9486 = SURFACE_CURVE('',#9487,(#9492,#9499),.PCURVE_S1.);
#9487 = B_SPLINE_CURVE_WITH_KNOTS('',3,(#9488,#9489,#9490,#9491),
  .UNSPECIFIED.,.F.,.F.,(4,4),(0.,1.),.PIECEWISE_BEZIER_KNOTS.);
#9488 = CARTESIAN_POINT('',(25.448276068445,19.400650637136,0.));
#9489 = CARTESIAN_POINT('',(25.746318894888,19.009701770329,0.));
#9490 = CARTESIAN_POINT('',(26.035350822616,18.611883450565,0.));
#9491 = CARTESIAN_POINT('',(26.315064991509,18.207618034566,0.));
#9492 = PCURVE('',#9456,#9493);
#9493 = DEFINITIONAL_REPRESENTATION('',(#9494),#9498);
#9494 = LINE('',#9495,#9496);
#9495 = CARTESIAN_POINT('',(0.,0.));
#9496 = VECTOR('',#9497,1.);
#9497 = DIRECTION('',(0.,1.));
#9498 = ( GEOMETRIC_REPRESENTATION_CONTEXT(2) 
PARAMETRIC_REPRESENTATION_CONTEXT() REPRESENTATION_CONTEXT('2D SPACE',''
  ) );
#9499 = PCURVE('',#57,#9500);
#9500 = DEFINITIONAL_REPRESENTATION('',(#9501),#9506);
#9501 = B_SPLINE_CURVE_WITH_KNOTS('',3,(#9502,#9503,#9504,#9505),
  .UNSPECIFIED.,.F.,.F.,(4,4),(0.,1.),.PIECEWISE_BEZIER_KNOTS.);
#9502 = CARTESIAN_POINT('',(25.448276068445,19.400650637136));
#9503 = CARTESIAN_POINT('',(25.746318894888,19.009701770329));
#9504 = CARTESIAN_POINT('',(26.035350822616,18.611883450565));
#9505 = CARTESIAN_POINT('',(26.315064991509,18.207618034566));
#9506 = ( GEOMETRIC_REPRESENTATION_CONTEXT(2) 
PARAMETRIC_REPRESENTATION_CONTEXT() REPRESENTATION_CONTEXT('2D SPACE',''
  ) );
#9507 = ORIENTED_EDGE('',*,*,#9441,.T.);
#9508 = ORIENTED_EDGE('',*,*,#9509,.T.);
#9509 = EDGE_CURVE('',#9417,#9510,#9512,.T.);
#9510 = VERTEX_POINT('',#9511);
#9511 = CARTESIAN_POINT('',(29.634751179605,12.074001926574,18.));
#9512 = SURFACE_CURVE('',#9513,(#9518,#9525),.PCURVE_S1.);
#9513 = B_SPLINE_CURVE_WITH_KNOTS('',3,(#9514,#9515,#9516,#9517),
  .UNSPECIFIED.,.F.,.F.,(4,4),(0.,1.),.PIECEWISE_BEZIER_KNOTS.);
#9514 = CARTESIAN_POINT('',(29.047020232926,13.426489324763,18.));
#9515 = CARTESIAN_POINT('',(29.253285057772,12.980254672496,18.));
#9516 = CARTESIAN_POINT('',(29.449264729389,12.529265937494,18.));
#9517 = CARTESIAN_POINT('',(29.634751179605,12.074001926574,18.));
#9518 = PCURVE('',#9456,#9519);
#9519 = DEFINITIONAL_REPRESENTATION('',(#9520),#9524);
#9520 = LINE('',#9521,#9522);
#9521 = CARTESIAN_POINT('',(1.,0.));
#9522 = VECTOR('',#9523,1.);
#9523 = DIRECTION('',(0.,1.));
#9524 = ( GEOMETRIC_REPRESENTATION_CONTEXT(2) 
PARAMETRIC_REPRESENTATION_CONTEXT() REPRESENTATION_CONTEXT('2D SPACE',''
  ) );
#9525 = PCURVE('',#128,#9526);
#9526 = DEFINITIONAL_REPRESENTATION('',(#9527),#9532);
#9527 = B_SPLINE_CURVE_WITH_KNOTS('',3,(#9528,#9529,#9530,#9531),
  .UNSPECIFIED.,.F.,.F.,(4,4),(0.,1.),.PIECEWISE_BEZIER_KNOTS.);
#9528 = CARTESIAN_POINT('',(-29.04702023292,13.426489324763));
#9529 = CARTESIAN_POINT('',(-29.25328505777,12.980254672496));
#9530 = CARTESIAN_POINT('',(-29.44926472938,12.529265937494));
#9531 = CARTESIAN_POINT('',(-29.6347511796,12.074001926574));
#9532 = ( GEOMETRIC_REPRESENTATION_CONTEXT(2) 
PARAMETRIC_REPRESENTATION_CONTEXT() REPRESENTATION_CONTEXT('2D SPACE',''
  ) );
#9533 = ORIENTED_EDGE('',*,*,#9534,.F.);
#9534 = EDGE_CURVE('',#9484,#9510,#9535,.T.);
#9535 = SURFACE_CURVE('',#9536,(#9541,#9548),.PCURVE_S1.);
#9536 = B_SPLINE_CURVE_WITH_KNOTS('',3,(#9537,#9538,#9539,#9540),
  .UNSPECIFIED.,.F.,.F.,(4,4),(0.,1.),.PIECEWISE_BEZIER_KNOTS.);
#9537 = CARTESIAN_POINT('',(26.315064991509,18.207618034566,0.));
#9538 = CARTESIAN_POINT('',(27.640662081043,16.292145543896,
    6.000000986407));
#9539 = CARTESIAN_POINT('',(28.756030180642,14.231336372662,
    11.999999013593));
#9540 = CARTESIAN_POINT('',(29.634751179605,12.074001926574,18.));
#9541 = PCURVE('',#9456,#9542);
#9542 = DEFINITIONAL_REPRESENTATION('',(#9543),#9547);
#9543 = LINE('',#9544,#9545);
#9544 = CARTESIAN_POINT('',(0.,1.));
#9545 = VECTOR('',#9546,1.);
#9546 = DIRECTION('',(1.,0.));
#9547 = ( GEOMETRIC_REPRESENTATION_CONTEXT(2) 
PARAMETRIC_REPRESENTATION_CONTEXT() REPRESENTATION_CONTEXT('2D SPACE',''
  ) );
#9548 = PCURVE('',#9549,#9566);
#9549 = B_SPLINE_SURFACE_WITH_KNOTS('',3,3,(
    (#9550,#9551,#9552,#9553)
    ,(#9554,#9555,#9556,#9557)
    ,(#9558,#9559,#9560,#9561)
    ,(#9562,#9563,#9564,#9565
    )),.UNSPECIFIED.,.F.,.F.,.F.,(4,4),(4,4),(0.,1.),(0.,1.),
  .PIECEWISE_BEZIER_KNOTS.);
#9550 = CARTESIAN_POINT('',(26.315064991509,18.207618034566,0.));
#9551 = CARTESIAN_POINT('',(25.687438042606,17.019681820483,0.));
#9552 = CARTESIAN_POINT('',(24.946736300768,15.83017379638,0.));
#9553 = CARTESIAN_POINT('',(23.868980790568,14.99972517825,0.));
#9554 = CARTESIAN_POINT('',(27.640662081043,16.292145543896,
    6.000000986407));
#9555 = CARTESIAN_POINT('',(26.926555420496,15.149889130521,
    6.000000986407));
#9556 = CARTESIAN_POINT('',(26.099258776617,14.01429213936,
    6.000000986407));
#9557 = CARTESIAN_POINT('',(24.96104367943,13.262292722375,
    6.000000986407));
#9558 = CARTESIAN_POINT('',(28.756030180642,14.231336372662,
    11.999999013593));
#9559 = CARTESIAN_POINT('',(27.960460244516,13.14424552399,
    11.999999013593));
#9560 = CARTESIAN_POINT('',(27.052488238864,12.072057527296,
    11.999999013593));
#9561 = CARTESIAN_POINT('',(25.862423925794,11.405136496461,
    11.999999013593));
#9562 = CARTESIAN_POINT('',(29.634751179605,12.074001926574,18.));
#9563 = CARTESIAN_POINT('',(28.764663906728,11.050255779672,18.));
#9564 = CARTESIAN_POINT('',(27.783846920158,10.049472861841,18.));
#9565 = CARTESIAN_POINT('',(26.551771839684,9.472244273502,18.));
#9566 = DEFINITIONAL_REPRESENTATION('',(#9567),#9571);
#9567 = LINE('',#9568,#9569);
#9568 = CARTESIAN_POINT('',(0.,0.));
#9569 = VECTOR('',#9570,1.);
#9570 = DIRECTION('',(1.,0.));
#9571 = ( GEOMETRIC_REPRESENTATION_CONTEXT(2) 
PARAMETRIC_REPRESENTATION_CONTEXT() REPRESENTATION_CONTEXT('2D SPACE',''
  ) );
#9572 = ADVANCED_FACE('',(#9573),#9549,.T.);
#9573 = FACE_BOUND('',#9574,.T.);
#9574 = EDGE_LOOP('',(#9575,#9600,#9601,#9626));
#9575 = ORIENTED_EDGE('',*,*,#9576,.F.);
#9576 = EDGE_CURVE('',#9484,#9577,#9579,.T.);
#9577 = VERTEX_POINT('',#9578);
#9578 = CARTESIAN_POINT('',(23.868980790568,14.99972517825,0.));
#9579 = SURFACE_CURVE('',#9580,(#9585,#9592),.PCURVE_S1.);
#9580 = B_SPLINE_CURVE_WITH_KNOTS('',3,(#9581,#9582,#9583,#9584),
  .UNSPECIFIED.,.F.,.F.,(4,4),(0.,1.),.PIECEWISE_BEZIER_KNOTS.);
#9581 = CARTESIAN_POINT('',(26.315064991509,18.207618034566,0.));
#9582 = CARTESIAN_POINT('',(25.687438042606,17.019681820483,0.));
#9583 = CARTESIAN_POINT('',(24.946736300768,15.83017379638,0.));
#9584 = CARTESIAN_POINT('',(23.868980790568,14.99972517825,0.));
#9585 = PCURVE('',#9549,#9586);
#9586 = DEFINITIONAL_REPRESENTATION('',(#9587),#9591);
#9587 = LINE('',#9588,#9589);
#9588 = CARTESIAN_POINT('',(0.,0.));
#9589 = VECTOR('',#9590,1.);
#9590 = DIRECTION('',(0.,1.));
#9591 = ( GEOMETRIC_REPRESENTATION_CONTEXT(2) 
PARAMETRIC_REPRESENTATION_CONTEXT() REPRESENTATION_CONTEXT('2D SPACE',''
  ) );
#9592 = PCURVE('',#57,#9593);
#9593 = DEFINITIONAL_REPRESENTATION('',(#9594),#9599);
#9594 = B_SPLINE_CURVE_WITH_KNOTS('',3,(#9595,#9596,#9597,#9598),
  .UNSPECIFIED.,.F.,.F.,(4,4),(0.,1.),.PIECEWISE_BEZIER_KNOTS.);
#9595 = CARTESIAN_POINT('',(26.315064991509,18.207618034566));
#9596 = CARTESIAN_POINT('',(25.687438042606,17.019681820483));
#9597 = CARTESIAN_POINT('',(24.946736300768,15.83017379638));
#9598 = CARTESIAN_POINT('',(23.868980790568,14.99972517825));
#9599 = ( GEOMETRIC_REPRESENTATION_CONTEXT(2) 
PARAMETRIC_REPRESENTATION_CONTEXT() REPRESENTATION_CONTEXT('2D SPACE',''
  ) );
#9600 = ORIENTED_EDGE('',*,*,#9534,.T.);
#9601 = ORIENTED_EDGE('',*,*,#9602,.T.);
#9602 = EDGE_CURVE('',#9510,#9603,#9605,.T.);
#9603 = VERTEX_POINT('',#9604);
#9604 = CARTESIAN_POINT('',(26.551771839684,9.472244273502,18.));
#9605 = SURFACE_CURVE('',#9606,(#9611,#9618),.PCURVE_S1.);
#9606 = B_SPLINE_CURVE_WITH_KNOTS('',3,(#9607,#9608,#9609,#9610),
  .UNSPECIFIED.,.F.,.F.,(4,4),(0.,1.),.PIECEWISE_BEZIER_KNOTS.);
#9607 = CARTESIAN_POINT('',(29.634751179605,12.074001926574,18.));
#9608 = CARTESIAN_POINT('',(28.764663906728,11.050255779672,18.));
#9609 = CARTESIAN_POINT('',(27.783846920158,10.049472861841,18.));
#9610 = CARTESIAN_POINT('',(26.551771839684,9.472244273502,18.));
#9611 = PCURVE('',#9549,#9612);
#9612 = DEFINITIONAL_REPRESENTATION('',(#9613),#9617);
#9613 = LINE('',#9614,#9615);
#9614 = CARTESIAN_POINT('',(1.,0.));
#9615 = VECTOR('',#9616,1.);
#9616 = DIRECTION('',(0.,1.));
#9617 = ( GEOMETRIC_REPRESENTATION_CONTEXT(2) 
PARAMETRIC_REPRESENTATION_CONTEXT() REPRESENTATION_CONTEXT('2D SPACE',''
  ) );
#9618 = PCURVE('',#128,#9619);
#9619 = DEFINITIONAL_REPRESENTATION('',(#9620),#9625);
#9620 = B_SPLINE_CURVE_WITH_KNOTS('',3,(#9621,#9622,#9623,#9624),
  .UNSPECIFIED.,.F.,.F.,(4,4),(0.,1.),.PIECEWISE_BEZIER_KNOTS.);
#9621 = CARTESIAN_POINT('',(-29.6347511796,12.074001926574));
#9622 = CARTESIAN_POINT('',(-28.76466390672,11.050255779672));
#9623 = CARTESIAN_POINT('',(-27.78384692015,10.049472861841));
#9624 = CARTESIAN_POINT('',(-26.55177183968,9.472244273502));
#9625 = ( GEOMETRIC_REPRESENTATION_CONTEXT(2) 
PARAMETRIC_REPRESENTATION_CONTEXT() REPRESENTATION_CONTEXT('2D SPACE',''
  ) );
#9626 = ORIENTED_EDGE('',*,*,#9627,.F.);
#9627 = EDGE_CURVE('',#9577,#9603,#9628,.T.);
#9628 = SURFACE_CURVE('',#9629,(#9634,#9641),.PCURVE_S1.);
#9629 = B_SPLINE_CURVE_WITH_KNOTS('',3,(#9630,#9631,#9632,#9633),
  .UNSPECIFIED.,.F.,.F.,(4,4),(0.,1.),.PIECEWISE_BEZIER_KNOTS.);
#9630 = CARTESIAN_POINT('',(23.868980790568,14.99972517825,0.));
#9631 = CARTESIAN_POINT('',(24.961043658448,13.262292764061,
    6.000000849768));
#9632 = CARTESIAN_POINT('',(25.862423945563,11.405136454186,
    11.999999150232));
#9633 = CARTESIAN_POINT('',(26.551771839684,9.472244273502,18.));
#9634 = PCURVE('',#9549,#9635);
#9635 = DEFINITIONAL_REPRESENTATION('',(#9636),#9640);
#9636 = LINE('',#9637,#9638);
#9637 = CARTESIAN_POINT('',(0.,1.));
#9638 = VECTOR('',#9639,1.);
#9639 = DIRECTION('',(1.,0.));
#9640 = ( GEOMETRIC_REPRESENTATION_CONTEXT(2) 
PARAMETRIC_REPRESENTATION_CONTEXT() REPRESENTATION_CONTEXT('2D SPACE',''
  ) );
#9641 = PCURVE('',#9642,#9659);
#9642 = B_SPLINE_SURFACE_WITH_KNOTS('',3,3,(
    (#9643,#9644,#9645,#9646)
    ,(#9647,#9648,#9649,#9650)
    ,(#9651,#9652,#9653,#9654)
    ,(#9655,#9656,#9657,#9658
    )),.UNSPECIFIED.,.F.,.F.,.F.,(4,4),(4,4),(0.,1.),(0.,1.),
  .PIECEWISE_BEZIER_KNOTS.);
#9643 = CARTESIAN_POINT('',(23.868980790568,14.99972517825,0.));
#9644 = CARTESIAN_POINT('',(23.290248473419,14.235777759884,0.));
#9645 = CARTESIAN_POINT('',(23.973669419398,13.05205795849,0.));
#9646 = CARTESIAN_POINT('',(24.924633449434,13.17128113795,0.));
#9647 = CARTESIAN_POINT('',(24.961043658448,13.262292764061,
    6.000000849768));
#9648 = CARTESIAN_POINT('',(24.326696091358,12.540468767385,
    6.000000849768));
#9649 = CARTESIAN_POINT('',(24.923953199471,11.306991489237,
    6.000000849768));
#9650 = CARTESIAN_POINT('',(25.883602526323,11.356990364438,
    6.000000849768));
#9651 = CARTESIAN_POINT('',(25.862423945563,11.405136454186,
    11.999999150232));
#9652 = CARTESIAN_POINT('',(25.177085716994,10.731535511111,
    11.999999150232));
#9653 = CARTESIAN_POINT('',(25.682724401908,9.457756971013,
    11.999999150232));
#9654 = CARTESIAN_POINT('',(26.64346354538,9.437582327302,
    11.999999150232));
#9655 = CARTESIAN_POINT('',(26.551771839684,9.472244273502,18.));
#9656 = CARTESIAN_POINT('',(25.821275286993,8.851823819738,18.));
#9657 = CARTESIAN_POINT('',(26.232011008764,7.548154795608,18.));
#9658 = CARTESIAN_POINT('',(27.186218675604,7.458519526405,18.));
#9659 = DEFINITIONAL_REPRESENTATION('',(#9660),#9664);
#9660 = LINE('',#9661,#9662);
#9661 = CARTESIAN_POINT('',(0.,0.));
#9662 = VECTOR('',#9663,1.);
#9663 = DIRECTION('',(1.,0.));
#9664 = ( GEOMETRIC_REPRESENTATION_CONTEXT(2) 
PARAMETRIC_REPRESENTATION_CONTEXT() REPRESENTATION_CONTEXT('2D SPACE',''
  ) );
#9665 = ADVANCED_FACE('',(#9666),#9642,.T.);
#9666 = FACE_BOUND('',#9667,.T.);
#9667 = EDGE_LOOP('',(#9668,#9693,#9694,#9719));
#9668 = ORIENTED_EDGE('',*,*,#9669,.F.);
#9669 = EDGE_CURVE('',#9577,#9670,#9672,.T.);
#9670 = VERTEX_POINT('',#9671);
#9671 = CARTESIAN_POINT('',(24.924633449434,13.17128113795,0.));
#9672 = SURFACE_CURVE('',#9673,(#9678,#9685),.PCURVE_S1.);
#9673 = B_SPLINE_CURVE_WITH_KNOTS('',3,(#9674,#9675,#9676,#9677),
  .UNSPECIFIED.,.F.,.F.,(4,4),(0.,1.),.PIECEWISE_BEZIER_KNOTS.);
#9674 = CARTESIAN_POINT('',(23.868980790568,14.99972517825,0.));
#9675 = CARTESIAN_POINT('',(23.290248473419,14.235777759884,0.));
#9676 = CARTESIAN_POINT('',(23.973669419398,13.05205795849,0.));
#9677 = CARTESIAN_POINT('',(24.924633449434,13.17128113795,0.));
#9678 = PCURVE('',#9642,#9679);
#9679 = DEFINITIONAL_REPRESENTATION('',(#9680),#9684);
#9680 = LINE('',#9681,#9682);
#9681 = CARTESIAN_POINT('',(0.,0.));
#9682 = VECTOR('',#9683,1.);
#9683 = DIRECTION('',(0.,1.));
#9684 = ( GEOMETRIC_REPRESENTATION_CONTEXT(2) 
PARAMETRIC_REPRESENTATION_CONTEXT() REPRESENTATION_CONTEXT('2D SPACE',''
  ) );
#9685 = PCURVE('',#57,#9686);
#9686 = DEFINITIONAL_REPRESENTATION('',(#9687),#9692);
#9687 = B_SPLINE_CURVE_WITH_KNOTS('',3,(#9688,#9689,#9690,#9691),
  .UNSPECIFIED.,.F.,.F.,(4,4),(0.,1.),.PIECEWISE_BEZIER_KNOTS.);
#9688 = CARTESIAN_POINT('',(23.868980790568,14.99972517825));
#9689 = CARTESIAN_POINT('',(23.290248473419,14.235777759884));
#9690 = CARTESIAN_POINT('',(23.973669419398,13.05205795849));
#9691 = CARTESIAN_POINT('',(24.924633449434,13.17128113795));
#9692 = ( GEOMETRIC_REPRESENTATION_CONTEXT(2) 
PARAMETRIC_REPRESENTATION_CONTEXT() REPRESENTATION_CONTEXT('2D SPACE',''
  ) );
#9693 = ORIENTED_EDGE('',*,*,#9627,.T.);
#9694 = ORIENTED_EDGE('',*,*,#9695,.T.);
#9695 = EDGE_CURVE('',#9603,#9696,#9698,.T.);
#9696 = VERTEX_POINT('',#9697);
#9697 = CARTESIAN_POINT('',(27.186218675604,7.458519526405,18.));
#9698 = SURFACE_CURVE('',#9699,(#9704,#9711),.PCURVE_S1.);
#9699 = B_SPLINE_CURVE_WITH_KNOTS('',3,(#9700,#9701,#9702,#9703),
  .UNSPECIFIED.,.F.,.F.,(4,4),(0.,1.),.PIECEWISE_BEZIER_KNOTS.);
#9700 = CARTESIAN_POINT('',(26.551771839684,9.472244273502,18.));
#9701 = CARTESIAN_POINT('',(25.821275286993,8.851823819738,18.));
#9702 = CARTESIAN_POINT('',(26.232011008764,7.548154795608,18.));
#9703 = CARTESIAN_POINT('',(27.186218675604,7.458519526405,18.));
#9704 = PCURVE('',#9642,#9705);
#9705 = DEFINITIONAL_REPRESENTATION('',(#9706),#9710);
#9706 = LINE('',#9707,#9708);
#9707 = CARTESIAN_POINT('',(1.,0.));
#9708 = VECTOR('',#9709,1.);
#9709 = DIRECTION('',(0.,1.));
#9710 = ( GEOMETRIC_REPRESENTATION_CONTEXT(2) 
PARAMETRIC_REPRESENTATION_CONTEXT() REPRESENTATION_CONTEXT('2D SPACE',''
  ) );
#9711 = PCURVE('',#128,#9712);
#9712 = DEFINITIONAL_REPRESENTATION('',(#9713),#9718);
#9713 = B_SPLINE_CURVE_WITH_KNOTS('',3,(#9714,#9715,#9716,#9717),
  .UNSPECIFIED.,.F.,.F.,(4,4),(0.,1.),.PIECEWISE_BEZIER_KNOTS.);
#9714 = CARTESIAN_POINT('',(-26.55177183968,9.472244273502));
#9715 = CARTESIAN_POINT('',(-25.82127528699,8.851823819738));
#9716 = CARTESIAN_POINT('',(-26.23201100876,7.548154795608));
#9717 = CARTESIAN_POINT('',(-27.1862186756,7.458519526405));
#9718 = ( GEOMETRIC_REPRESENTATION_CONTEXT(2) 
PARAMETRIC_REPRESENTATION_CONTEXT() REPRESENTATION_CONTEXT('2D SPACE',''
  ) );
#9719 = ORIENTED_EDGE('',*,*,#9720,.F.);
#9720 = EDGE_CURVE('',#9670,#9696,#9721,.T.);
#9721 = SURFACE_CURVE('',#9722,(#9727,#9734),.PCURVE_S1.);
#9722 = B_SPLINE_CURVE_WITH_KNOTS('',3,(#9723,#9724,#9725,#9726),
  .UNSPECIFIED.,.F.,.F.,(4,4),(0.,1.),.PIECEWISE_BEZIER_KNOTS.);
#9723 = CARTESIAN_POINT('',(24.924633449434,13.17128113795,0.));
#9724 = CARTESIAN_POINT('',(25.883602526323,11.356990364438,
    6.000000849768));
#9725 = CARTESIAN_POINT('',(26.64346354538,9.437582327302,
    11.999999150232));
#9726 = CARTESIAN_POINT('',(27.186218675604,7.458519526405,18.));
#9727 = PCURVE('',#9642,#9728);
#9728 = DEFINITIONAL_REPRESENTATION('',(#9729),#9733);
#9729 = LINE('',#9730,#9731);
#9730 = CARTESIAN_POINT('',(0.,1.));
#9731 = VECTOR('',#9732,1.);
#9732 = DIRECTION('',(1.,0.));
#9733 = ( GEOMETRIC_REPRESENTATION_CONTEXT(2) 
PARAMETRIC_REPRESENTATION_CONTEXT() REPRESENTATION_CONTEXT('2D SPACE',''
  ) );
#9734 = PCURVE('',#9735,#9752);
#9735 = B_SPLINE_SURFACE_WITH_KNOTS('',3,3,(
    (#9736,#9737,#9738,#9739)
    ,(#9740,#9741,#9742,#9743)
    ,(#9744,#9745,#9746,#9747)
    ,(#9748,#9749,#9750,#9751
    )),.UNSPECIFIED.,.F.,.F.,.F.,(4,4),(4,4),(0.,1.),(0.,1.),
  .PIECEWISE_BEZIER_KNOTS.);
#9736 = CARTESIAN_POINT('',(24.924633449434,13.17128113795,0.));
#9737 = CARTESIAN_POINT('',(26.182700804372,13.689420479786,0.));
#9738 = CARTESIAN_POINT('',(27.583195842169,13.736132992794,0.));
#9739 = CARTESIAN_POINT('',(28.925792256092,13.685705767602,0.));
#9740 = CARTESIAN_POINT('',(25.883602544127,11.356990321299,
    6.000000986407));
#9741 = CARTESIAN_POINT('',(27.17939626282,11.783552590149,
    6.000000986407));
#9742 = CARTESIAN_POINT('',(28.583301272094,11.728316838695,
    6.000000986407));
#9743 = CARTESIAN_POINT('',(29.922236006914,11.580155398283,
    6.000000986407));
#9744 = CARTESIAN_POINT('',(26.643463528831,9.437582370938,
    11.999999013593));
#9745 = CARTESIAN_POINT('',(27.966934119481,9.768433283428,
    11.999999013593));
#9746 = CARTESIAN_POINT('',(29.363063559906,9.610880597375,
    11.999999013593));
#9747 = CARTESIAN_POINT('',(30.687613802626,9.365391919336,
    11.999999013593));
#9748 = CARTESIAN_POINT('',(27.186218675604,7.458519526405,18.));
#9749 = CARTESIAN_POINT('',(28.526661104384,7.691791775606,18.));
#9750 = CARTESIAN_POINT('',(29.904013604285,7.433976918038,18.));
#9751 = CARTESIAN_POINT('',(31.203797246561,7.09387322945,18.));
#9752 = DEFINITIONAL_REPRESENTATION('',(#9753),#9757);
#9753 = LINE('',#9754,#9755);
#9754 = CARTESIAN_POINT('',(0.,0.));
#9755 = VECTOR('',#9756,1.);
#9756 = DIRECTION('',(1.,0.));
#9757 = ( GEOMETRIC_REPRESENTATION_CONTEXT(2) 
PARAMETRIC_REPRESENTATION_CONTEXT() REPRESENTATION_CONTEXT('2D SPACE',''
  ) );
#9758 = ADVANCED_FACE('',(#9759),#9735,.T.);
#9759 = FACE_BOUND('',#9760,.T.);
#9760 = EDGE_LOOP('',(#9761,#9786,#9787,#9812));
#9761 = ORIENTED_EDGE('',*,*,#9762,.F.);
#9762 = EDGE_CURVE('',#9670,#9763,#9765,.T.);
#9763 = VERTEX_POINT('',#9764);
#9764 = CARTESIAN_POINT('',(28.925792256092,13.685705767602,0.));
#9765 = SURFACE_CURVE('',#9766,(#9771,#9778),.PCURVE_S1.);
#9766 = B_SPLINE_CURVE_WITH_KNOTS('',3,(#9767,#9768,#9769,#9770),
  .UNSPECIFIED.,.F.,.F.,(4,4),(0.,1.),.PIECEWISE_BEZIER_KNOTS.);
#9767 = CARTESIAN_POINT('',(24.924633449434,13.17128113795,0.));
#9768 = CARTESIAN_POINT('',(26.182700804372,13.689420479786,0.));
#9769 = CARTESIAN_POINT('',(27.583195842169,13.736132992794,0.));
#9770 = CARTESIAN_POINT('',(28.925792256092,13.685705767602,0.));
#9771 = PCURVE('',#9735,#9772);
#9772 = DEFINITIONAL_REPRESENTATION('',(#9773),#9777);
#9773 = LINE('',#9774,#9775);
#9774 = CARTESIAN_POINT('',(0.,0.));
#9775 = VECTOR('',#9776,1.);
#9776 = DIRECTION('',(0.,1.));
#9777 = ( GEOMETRIC_REPRESENTATION_CONTEXT(2) 
PARAMETRIC_REPRESENTATION_CONTEXT() REPRESENTATION_CONTEXT('2D SPACE',''
  ) );
#9778 = PCURVE('',#57,#9779);
#9779 = DEFINITIONAL_REPRESENTATION('',(#9780),#9785);
#9780 = B_SPLINE_CURVE_WITH_KNOTS('',3,(#9781,#9782,#9783,#9784),
  .UNSPECIFIED.,.F.,.F.,(4,4),(0.,1.),.PIECEWISE_BEZIER_KNOTS.);
#9781 = CARTESIAN_POINT('',(24.924633449434,13.17128113795));
#9782 = CARTESIAN_POINT('',(26.182700804372,13.689420479786));
#9783 = CARTESIAN_POINT('',(27.583195842169,13.736132992794));
#9784 = CARTESIAN_POINT('',(28.925792256092,13.685705767602));
#9785 = ( GEOMETRIC_REPRESENTATION_CONTEXT(2) 
PARAMETRIC_REPRESENTATION_CONTEXT() REPRESENTATION_CONTEXT('2D SPACE',''
  ) );
#9786 = ORIENTED_EDGE('',*,*,#9720,.T.);
#9787 = ORIENTED_EDGE('',*,*,#9788,.T.);
#9788 = EDGE_CURVE('',#9696,#9789,#9791,.T.);
#9789 = VERTEX_POINT('',#9790);
#9790 = CARTESIAN_POINT('',(31.203797246561,7.09387322945,18.));
#9791 = SURFACE_CURVE('',#9792,(#9797,#9804),.PCURVE_S1.);
#9792 = B_SPLINE_CURVE_WITH_KNOTS('',3,(#9793,#9794,#9795,#9796),
  .UNSPECIFIED.,.F.,.F.,(4,4),(0.,1.),.PIECEWISE_BEZIER_KNOTS.);
#9793 = CARTESIAN_POINT('',(27.186218675604,7.458519526405,18.));
#9794 = CARTESIAN_POINT('',(28.526661104384,7.691791775606,18.));
#9795 = CARTESIAN_POINT('',(29.904013604285,7.433976918038,18.));
#9796 = CARTESIAN_POINT('',(31.203797246561,7.09387322945,18.));
#9797 = PCURVE('',#9735,#9798);
#9798 = DEFINITIONAL_REPRESENTATION('',(#9799),#9803);
#9799 = LINE('',#9800,#9801);
#9800 = CARTESIAN_POINT('',(1.,0.));
#9801 = VECTOR('',#9802,1.);
#9802 = DIRECTION('',(0.,1.));
#9803 = ( GEOMETRIC_REPRESENTATION_CONTEXT(2) 
PARAMETRIC_REPRESENTATION_CONTEXT() REPRESENTATION_CONTEXT('2D SPACE',''
  ) );
#9804 = PCURVE('',#128,#9805);
#9805 = DEFINITIONAL_REPRESENTATION('',(#9806),#9811);
#9806 = B_SPLINE_CURVE_WITH_KNOTS('',3,(#9807,#9808,#9809,#9810),
  .UNSPECIFIED.,.F.,.F.,(4,4),(0.,1.),.PIECEWISE_BEZIER_KNOTS.);
#9807 = CARTESIAN_POINT('',(-27.1862186756,7.458519526405));
#9808 = CARTESIAN_POINT('',(-28.52666110438,7.691791775606));
#9809 = CARTESIAN_POINT('',(-29.90401360428,7.433976918038));
#9810 = CARTESIAN_POINT('',(-31.20379724656,7.09387322945));
#9811 = ( GEOMETRIC_REPRESENTATION_CONTEXT(2) 
PARAMETRIC_REPRESENTATION_CONTEXT() REPRESENTATION_CONTEXT('2D SPACE',''
  ) );
#9812 = ORIENTED_EDGE('',*,*,#9813,.F.);
#9813 = EDGE_CURVE('',#9763,#9789,#9814,.T.);
#9814 = SURFACE_CURVE('',#9815,(#9820,#9827),.PCURVE_S1.);
#9815 = B_SPLINE_CURVE_WITH_KNOTS('',3,(#9816,#9817,#9818,#9819),
  .UNSPECIFIED.,.F.,.F.,(4,4),(0.,1.),.PIECEWISE_BEZIER_KNOTS.);
#9816 = CARTESIAN_POINT('',(28.925792256092,13.685705767602,0.));
#9817 = CARTESIAN_POINT('',(29.922236006914,11.580155398283,
    6.000000986407));
#9818 = CARTESIAN_POINT('',(30.687613802626,9.365391919336,
    11.999999013593));
#9819 = CARTESIAN_POINT('',(31.203797246561,7.09387322945,18.));
#9820 = PCURVE('',#9735,#9821);
#9821 = DEFINITIONAL_REPRESENTATION('',(#9822),#9826);
#9822 = LINE('',#9823,#9824);
#9823 = CARTESIAN_POINT('',(0.,1.));
#9824 = VECTOR('',#9825,1.);
#9825 = DIRECTION('',(1.,0.));
#9826 = ( GEOMETRIC_REPRESENTATION_CONTEXT(2) 
PARAMETRIC_REPRESENTATION_CONTEXT() REPRESENTATION_CONTEXT('2D SPACE',''
  ) );
#9827 = PCURVE('',#9828,#9845);
#9828 = B_SPLINE_SURFACE_WITH_KNOTS('',3,3,(
    (#9829,#9830,#9831,#9832)
    ,(#9833,#9834,#9835,#9836)
    ,(#9837,#9838,#9839,#9840)
    ,(#9841,#9842,#9843,#9844
    )),.UNSPECIFIED.,.F.,.F.,.F.,(4,4),(4,4),(0.,1.),(0.,1.),
  .PIECEWISE_BEZIER_KNOTS.);
#9829 = CARTESIAN_POINT('',(28.925792256092,13.685705767602,0.));
#9830 = CARTESIAN_POINT('',(29.136039291773,13.241333483543,0.));
#9831 = CARTESIAN_POINT('',(29.336044098915,12.792115331744,0.));
#9832 = CARTESIAN_POINT('',(29.525594335929,12.338528239225,0.));
#9833 = CARTESIAN_POINT('',(29.922236021054,11.580155359206,
    6.000001093596));
#9834 = CARTESIAN_POINT('',(30.100136553109,11.120475180086,
    6.000001093596));
#9835 = CARTESIAN_POINT('',(30.267442033411,10.656694679911,
    6.000001093596));
#9836 = CARTESIAN_POINT('',(30.423974836671,10.189306246289,
    6.000001093596));
#9837 = CARTESIAN_POINT('',(30.687613789622,9.365391958805,
    11.999998906404));
#9838 = CARTESIAN_POINT('',(30.831490030419,8.893953634404,
    11.999998906404));
#9839 = CARTESIAN_POINT('',(30.964500213566,8.41919920603,
    11.999998906404));
#9840 = CARTESIAN_POINT('',(31.086503124489,7.941632712118,
    11.999998906404));
#9841 = CARTESIAN_POINT('',(31.203797246561,7.09387322945,18.));
#9842 = CARTESIAN_POINT('',(31.312777289045,6.614505006481,18.));
#9843 = CARTESIAN_POINT('',(31.410708504197,6.132624992489,18.));
#9844 = CARTESIAN_POINT('',(31.497486920165,5.648744791019,18.));
#9845 = DEFINITIONAL_REPRESENTATION('',(#9846),#9850);
#9846 = LINE('',#9847,#9848);
#9847 = CARTESIAN_POINT('',(0.,0.));
#9848 = VECTOR('',#9849,1.);
#9849 = DIRECTION('',(1.,0.));
#9850 = ( GEOMETRIC_REPRESENTATION_CONTEXT(2) 
PARAMETRIC_REPRESENTATION_CONTEXT() REPRESENTATION_CONTEXT('2D SPACE',''
  ) );
#9851 = ADVANCED_FACE('',(#9852),#9828,.T.);
#9852 = FACE_BOUND('',#9853,.T.);
#9853 = EDGE_LOOP('',(#9854,#9879,#9880,#9905));
#9854 = ORIENTED_EDGE('',*,*,#9855,.F.);
#9855 = EDGE_CURVE('',#9763,#9856,#9858,.T.);
#9856 = VERTEX_POINT('',#9857);
#9857 = CARTESIAN_POINT('',(29.525594335929,12.338528239225,0.));
#9858 = SURFACE_CURVE('',#9859,(#9864,#9871),.PCURVE_S1.);
#9859 = B_SPLINE_CURVE_WITH_KNOTS('',3,(#9860,#9861,#9862,#9863),
  .UNSPECIFIED.,.F.,.F.,(4,4),(0.,1.),.PIECEWISE_BEZIER_KNOTS.);
#9860 = CARTESIAN_POINT('',(28.925792256092,13.685705767602,0.));
#9861 = CARTESIAN_POINT('',(29.136039291773,13.241333483543,0.));
#9862 = CARTESIAN_POINT('',(29.336044098915,12.792115331744,0.));
#9863 = CARTESIAN_POINT('',(29.525594335929,12.338528239225,0.));
#9864 = PCURVE('',#9828,#9865);
#9865 = DEFINITIONAL_REPRESENTATION('',(#9866),#9870);
#9866 = LINE('',#9867,#9868);
#9867 = CARTESIAN_POINT('',(0.,0.));
#9868 = VECTOR('',#9869,1.);
#9869 = DIRECTION('',(0.,1.));
#9870 = ( GEOMETRIC_REPRESENTATION_CONTEXT(2) 
PARAMETRIC_REPRESENTATION_CONTEXT() REPRESENTATION_CONTEXT('2D SPACE',''
  ) );
#9871 = PCURVE('',#57,#9872);
#9872 = DEFINITIONAL_REPRESENTATION('',(#9873),#9878);
#9873 = B_SPLINE_CURVE_WITH_KNOTS('',3,(#9874,#9875,#9876,#9877),
  .UNSPECIFIED.,.F.,.F.,(4,4),(0.,1.),.PIECEWISE_BEZIER_KNOTS.);
#9874 = CARTESIAN_POINT('',(28.925792256092,13.685705767602));
#9875 = CARTESIAN_POINT('',(29.136039291773,13.241333483543));
#9876 = CARTESIAN_POINT('',(29.336044098915,12.792115331744));
#9877 = CARTESIAN_POINT('',(29.525594335929,12.338528239225));
#9878 = ( GEOMETRIC_REPRESENTATION_CONTEXT(2) 
PARAMETRIC_REPRESENTATION_CONTEXT() REPRESENTATION_CONTEXT('2D SPACE',''
  ) );
#9879 = ORIENTED_EDGE('',*,*,#9813,.T.);
#9880 = ORIENTED_EDGE('',*,*,#9881,.T.);
#9881 = EDGE_CURVE('',#9789,#9882,#9884,.T.);
#9882 = VERTEX_POINT('',#9883);
#9883 = CARTESIAN_POINT('',(31.497486920165,5.648744791019,18.));
#9884 = SURFACE_CURVE('',#9885,(#9890,#9897),.PCURVE_S1.);
#9885 = B_SPLINE_CURVE_WITH_KNOTS('',3,(#9886,#9887,#9888,#9889),
  .UNSPECIFIED.,.F.,.F.,(4,4),(0.,1.),.PIECEWISE_BEZIER_KNOTS.);
#9886 = CARTESIAN_POINT('',(31.203797246561,7.09387322945,18.));
#9887 = CARTESIAN_POINT('',(31.312777289045,6.614505006481,18.));
#9888 = CARTESIAN_POINT('',(31.410708504197,6.132624992489,18.));
#9889 = CARTESIAN_POINT('',(31.497486920165,5.648744791019,18.));
#9890 = PCURVE('',#9828,#9891);
#9891 = DEFINITIONAL_REPRESENTATION('',(#9892),#9896);
#9892 = LINE('',#9893,#9894);
#9893 = CARTESIAN_POINT('',(1.,0.));
#9894 = VECTOR('',#9895,1.);
#9895 = DIRECTION('',(0.,1.));
#9896 = ( GEOMETRIC_REPRESENTATION_CONTEXT(2) 
PARAMETRIC_REPRESENTATION_CONTEXT() REPRESENTATION_CONTEXT('2D SPACE',''
  ) );
#9897 = PCURVE('',#128,#9898);
#9898 = DEFINITIONAL_REPRESENTATION('',(#9899),#9904);
#9899 = B_SPLINE_CURVE_WITH_KNOTS('',3,(#9900,#9901,#9902,#9903),
  .UNSPECIFIED.,.F.,.F.,(4,4),(0.,1.),.PIECEWISE_BEZIER_KNOTS.);
#9900 = CARTESIAN_POINT('',(-31.20379724656,7.09387322945));
#9901 = CARTESIAN_POINT('',(-31.31277728904,6.614505006481));
#9902 = CARTESIAN_POINT('',(-31.41070850419,6.132624992489));
#9903 = CARTESIAN_POINT('',(-31.49748692016,5.648744791019));
#9904 = ( GEOMETRIC_REPRESENTATION_CONTEXT(2) 
PARAMETRIC_REPRESENTATION_CONTEXT() REPRESENTATION_CONTEXT('2D SPACE',''
  ) );
#9905 = ORIENTED_EDGE('',*,*,#9906,.F.);
#9906 = EDGE_CURVE('',#9856,#9882,#9907,.T.);
#9907 = SURFACE_CURVE('',#9908,(#9913,#9920),.PCURVE_S1.);
#9908 = B_SPLINE_CURVE_WITH_KNOTS('',3,(#9909,#9910,#9911,#9912),
  .UNSPECIFIED.,.F.,.F.,(4,4),(0.,1.),.PIECEWISE_BEZIER_KNOTS.);
#9909 = CARTESIAN_POINT('',(29.525594335929,12.338528239225,0.));
#9910 = CARTESIAN_POINT('',(30.423974824346,10.189306285976,
    6.000000986407));
#9911 = CARTESIAN_POINT('',(31.086503135661,7.941632672091,
    11.999999013593));
#9912 = CARTESIAN_POINT('',(31.497486920165,5.648744791019,18.));
#9913 = PCURVE('',#9828,#9914);
#9914 = DEFINITIONAL_REPRESENTATION('',(#9915),#9919);
#9915 = LINE('',#9916,#9917);
#9916 = CARTESIAN_POINT('',(0.,1.));
#9917 = VECTOR('',#9918,1.);
#9918 = DIRECTION('',(1.,0.));
#9919 = ( GEOMETRIC_REPRESENTATION_CONTEXT(2) 
PARAMETRIC_REPRESENTATION_CONTEXT() REPRESENTATION_CONTEXT('2D SPACE',''
  ) );
#9920 = PCURVE('',#9921,#9938);
#9921 = B_SPLINE_SURFACE_WITH_KNOTS('',3,3,(
    (#9922,#9923,#9924,#9925)
    ,(#9926,#9927,#9928,#9929)
    ,(#9930,#9931,#9932,#9933)
    ,(#9934,#9935,#9936,#9937
    )),.UNSPECIFIED.,.F.,.F.,.F.,(4,4),(4,4),(0.,1.),(0.,1.),
  .PIECEWISE_BEZIER_KNOTS.);
#9922 = CARTESIAN_POINT('',(29.525594335929,12.338528239225,0.));
#9923 = CARTESIAN_POINT('',(28.66469671485,11.307042261744,0.));
#9924 = CARTESIAN_POINT('',(27.692868458679,10.297528393451,0.));
#9925 = CARTESIAN_POINT('',(26.466004515867,9.709305040508,0.));
#9926 = CARTESIAN_POINT('',(30.423974824346,10.189306285976,
    6.000000986407));
#9927 = CARTESIAN_POINT('',(29.487984645412,9.220482039029,
    6.000000986407));
#9928 = CARTESIAN_POINT('',(28.442662527587,8.281705210761,
    6.000000986407));
#9929 = CARTESIAN_POINT('',(27.172970690876,7.782787010654,
    6.000000986407));
#9930 = CARTESIAN_POINT('',(31.086503135661,7.941632672091,
    11.999999013593));
#9931 = CARTESIAN_POINT('',(30.082299415003,7.043705657267,
    11.999999013593));
#9932 = CARTESIAN_POINT('',(28.971248356873,6.183725535675,
    11.999999013593));
#9933 = CARTESIAN_POINT('',(27.668529125163,5.778806612997,
    11.999999013593));
#9934 = CARTESIAN_POINT('',(31.497486920165,5.648744791019,18.));
#9935 = CARTESIAN_POINT('',(30.4335643494,4.828271269728,18.));
#9936 = CARTESIAN_POINT('',(29.26610609864,4.053281177857,18.));
#9937 = CARTESIAN_POINT('',(27.940942242961,3.744829232295,18.));
#9938 = DEFINITIONAL_REPRESENTATION('',(#9939),#9943);
#9939 = LINE('',#9940,#9941);
#9940 = CARTESIAN_POINT('',(0.,0.));
#9941 = VECTOR('',#9942,1.);
#9942 = DIRECTION('',(1.,0.));
#9943 = ( GEOMETRIC_REPRESENTATION_CONTEXT(2) 
PARAMETRIC_REPRESENTATION_CONTEXT() REPRESENTATION_CONTEXT('2D SPACE',''
  ) );
#9944 = ADVANCED_FACE('',(#9945),#9921,.T.);
#9945 = FACE_BOUND('',#9946,.T.);
#9946 = EDGE_LOOP('',(#9947,#9972,#9973,#9998));
#9947 = ORIENTED_EDGE('',*,*,#9948,.F.);
#9948 = EDGE_CURVE('',#9856,#9949,#9951,.T.);
#9949 = VERTEX_POINT('',#9950);
#9950 = CARTESIAN_POINT('',(26.466004515867,9.709305040508,0.));
#9951 = SURFACE_CURVE('',#9952,(#9957,#9964),.PCURVE_S1.);
#9952 = B_SPLINE_CURVE_WITH_KNOTS('',3,(#9953,#9954,#9955,#9956),
  .UNSPECIFIED.,.F.,.F.,(4,4),(0.,1.),.PIECEWISE_BEZIER_KNOTS.);
#9953 = CARTESIAN_POINT('',(29.525594335929,12.338528239225,0.));
#9954 = CARTESIAN_POINT('',(28.66469671485,11.307042261744,0.));
#9955 = CARTESIAN_POINT('',(27.692868458679,10.297528393451,0.));
#9956 = CARTESIAN_POINT('',(26.466004515867,9.709305040508,0.));
#9957 = PCURVE('',#9921,#9958);
#9958 = DEFINITIONAL_REPRESENTATION('',(#9959),#9963);
#9959 = LINE('',#9960,#9961);
#9960 = CARTESIAN_POINT('',(0.,0.));
#9961 = VECTOR('',#9962,1.);
#9962 = DIRECTION('',(0.,1.));
#9963 = ( GEOMETRIC_REPRESENTATION_CONTEXT(2) 
PARAMETRIC_REPRESENTATION_CONTEXT() REPRESENTATION_CONTEXT('2D SPACE',''
  ) );
#9964 = PCURVE('',#57,#9965);
#9965 = DEFINITIONAL_REPRESENTATION('',(#9966),#9971);
#9966 = B_SPLINE_CURVE_WITH_KNOTS('',3,(#9967,#9968,#9969,#9970),
  .UNSPECIFIED.,.F.,.F.,(4,4),(0.,1.),.PIECEWISE_BEZIER_KNOTS.);
#9967 = CARTESIAN_POINT('',(29.525594335929,12.338528239225));
#9968 = CARTESIAN_POINT('',(28.66469671485,11.307042261744));
#9969 = CARTESIAN_POINT('',(27.692868458679,10.297528393451));
#9970 = CARTESIAN_POINT('',(26.466004515867,9.709305040508));
#9971 = ( GEOMETRIC_REPRESENTATION_CONTEXT(2) 
PARAMETRIC_REPRESENTATION_CONTEXT() REPRESENTATION_CONTEXT('2D SPACE',''
  ) );
#9972 = ORIENTED_EDGE('',*,*,#9906,.T.);
#9973 = ORIENTED_EDGE('',*,*,#9974,.T.);
#9974 = EDGE_CURVE('',#9882,#9975,#9977,.T.);
#9975 = VERTEX_POINT('',#9976);
#9976 = CARTESIAN_POINT('',(27.940942242961,3.744829232295,18.));
#9977 = SURFACE_CURVE('',#9978,(#9983,#9990),.PCURVE_S1.);
#9978 = B_SPLINE_CURVE_WITH_KNOTS('',3,(#9979,#9980,#9981,#9982),
  .UNSPECIFIED.,.F.,.F.,(4,4),(0.,1.),.PIECEWISE_BEZIER_KNOTS.);
#9979 = CARTESIAN_POINT('',(31.497486920165,5.648744791019,18.));
#9980 = CARTESIAN_POINT('',(30.4335643494,4.828271269728,18.));
#9981 = CARTESIAN_POINT('',(29.26610609864,4.053281177857,18.));
#9982 = CARTESIAN_POINT('',(27.940942242961,3.744829232295,18.));
#9983 = PCURVE('',#9921,#9984);
#9984 = DEFINITIONAL_REPRESENTATION('',(#9985),#9989);
#9985 = LINE('',#9986,#9987);
#9986 = CARTESIAN_POINT('',(1.,0.));
#9987 = VECTOR('',#9988,1.);
#9988 = DIRECTION('',(0.,1.));
#9989 = ( GEOMETRIC_REPRESENTATION_CONTEXT(2) 
PARAMETRIC_REPRESENTATION_CONTEXT() REPRESENTATION_CONTEXT('2D SPACE',''
  ) );
#9990 = PCURVE('',#128,#9991);
#9991 = DEFINITIONAL_REPRESENTATION('',(#9992),#9997);
#9992 = B_SPLINE_CURVE_WITH_KNOTS('',3,(#9993,#9994,#9995,#9996),
  .UNSPECIFIED.,.F.,.F.,(4,4),(0.,1.),.PIECEWISE_BEZIER_KNOTS.);
#9993 = CARTESIAN_POINT('',(-31.49748692016,5.648744791019));
#9994 = CARTESIAN_POINT('',(-30.4335643494,4.828271269728));
#9995 = CARTESIAN_POINT('',(-29.26610609864,4.053281177857));
#9996 = CARTESIAN_POINT('',(-27.94094224296,3.744829232295));
#9997 = ( GEOMETRIC_REPRESENTATION_CONTEXT(2) 
PARAMETRIC_REPRESENTATION_CONTEXT() REPRESENTATION_CONTEXT('2D SPACE',''
  ) );
#9998 = ORIENTED_EDGE('',*,*,#9999,.F.);
#9999 = EDGE_CURVE('',#9949,#9975,#10000,.T.);
#10000 = SURFACE_CURVE('',#10001,(#10006,#10013),.PCURVE_S1.);
#10001 = B_SPLINE_CURVE_WITH_KNOTS('',3,(#10002,#10003,#10004,#10005),
  .UNSPECIFIED.,.F.,.F.,(4,4),(0.,1.),.PIECEWISE_BEZIER_KNOTS.);
#10002 = CARTESIAN_POINT('',(26.466004515867,9.709305040508,0.));
#10003 = CARTESIAN_POINT('',(27.172970679019,7.782787055792,
    6.000000849768));
#10004 = CARTESIAN_POINT('',(27.66852913571,5.778806567536,
    11.999999150232));
#10005 = CARTESIAN_POINT('',(27.940942242961,3.744829232295,18.));
#10006 = PCURVE('',#9921,#10007);
#10007 = DEFINITIONAL_REPRESENTATION('',(#10008),#10012);
#10008 = LINE('',#10009,#10010);
#10009 = CARTESIAN_POINT('',(0.,1.));
#10010 = VECTOR('',#10011,1.);
#10011 = DIRECTION('',(1.,0.));
#10012 = ( GEOMETRIC_REPRESENTATION_CONTEXT(2) 
PARAMETRIC_REPRESENTATION_CONTEXT() REPRESENTATION_CONTEXT('2D SPACE',''
  ) );
#10013 = PCURVE('',#10014,#10031);
#10014 = B_SPLINE_SURFACE_WITH_KNOTS('',3,3,(
    (#10015,#10016,#10017,#10018)
    ,(#10019,#10020,#10021,#10022)
    ,(#10023,#10024,#10025,#10026)
    ,(#10027,#10028,#10029,#10030
    )),.UNSPECIFIED.,.F.,.F.,.F.,(4,4),(4,4),(0.,1.),(0.,1.),
  .PIECEWISE_BEZIER_KNOTS.);
#10015 = CARTESIAN_POINT('',(26.466004515867,9.709305040508,0.));
#10016 = CARTESIAN_POINT('',(25.741085288932,9.082376920736,0.));
#10017 = CARTESIAN_POINT('',(26.163462662171,7.782433032643,0.));
#10018 = CARTESIAN_POINT('',(27.11843373936,7.701334360191,0.));
#10019 = CARTESIAN_POINT('',(27.172970679019,7.782787055792,
    6.000000849768));
#10020 = CARTESIAN_POINT('',(26.402409480617,7.208624920531,
    6.000000849768));
#10021 = CARTESIAN_POINT('',(26.730160741453,5.87792534515,
    6.000000849768));
#10022 = CARTESIAN_POINT('',(27.679234778742,5.72730931083,
    6.000000849768));
#10023 = CARTESIAN_POINT('',(27.66852913571,5.778806567536,
    11.999999150232));
#10024 = CARTESIAN_POINT('',(26.858117680733,5.262415251099,
    11.999999150232));
#10025 = CARTESIAN_POINT('',(27.08787349722,3.911343634312,
    11.999999150232));
#10026 = CARTESIAN_POINT('',(28.023423641054,3.691860955217,
    11.999999150232));
#10027 = CARTESIAN_POINT('',(27.940942242961,3.744829232295,18.));
#10028 = CARTESIAN_POINT('',(27.097416127042,3.289845227406,18.));
#10029 = CARTESIAN_POINT('',(27.228128256754,1.92926774091,18.));
#10030 = CARTESIAN_POINT('',(28.142847976299,1.643200287993,18.));
#10031 = DEFINITIONAL_REPRESENTATION('',(#10032),#10036);
#10032 = LINE('',#10033,#10034);
#10033 = CARTESIAN_POINT('',(0.,0.));
#10034 = VECTOR('',#10035,1.);
#10035 = DIRECTION('',(1.,0.));
#10036 = ( GEOMETRIC_REPRESENTATION_CONTEXT(2) 
PARAMETRIC_REPRESENTATION_CONTEXT() REPRESENTATION_CONTEXT('2D SPACE',''
  ) );
#10037 = ADVANCED_FACE('',(#10038),#10014,.T.);
#10038 = FACE_BOUND('',#10039,.T.);
#10039 = EDGE_LOOP('',(#10040,#10065,#10066,#10091));
#10040 = ORIENTED_EDGE('',*,*,#10041,.F.);
#10041 = EDGE_CURVE('',#9949,#10042,#10044,.T.);
#10042 = VERTEX_POINT('',#10043);
#10043 = CARTESIAN_POINT('',(27.11843373936,7.701334360191,0.));
#10044 = SURFACE_CURVE('',#10045,(#10050,#10057),.PCURVE_S1.);
#10045 = B_SPLINE_CURVE_WITH_KNOTS('',3,(#10046,#10047,#10048,#10049),
  .UNSPECIFIED.,.F.,.F.,(4,4),(0.,1.),.PIECEWISE_BEZIER_KNOTS.);
#10046 = CARTESIAN_POINT('',(26.466004515867,9.709305040508,0.));
#10047 = CARTESIAN_POINT('',(25.741085288932,9.082376920736,0.));
#10048 = CARTESIAN_POINT('',(26.163462662171,7.782433032643,0.));
#10049 = CARTESIAN_POINT('',(27.11843373936,7.701334360191,0.));
#10050 = PCURVE('',#10014,#10051);
#10051 = DEFINITIONAL_REPRESENTATION('',(#10052),#10056);
#10052 = LINE('',#10053,#10054);
#10053 = CARTESIAN_POINT('',(0.,0.));
#10054 = VECTOR('',#10055,1.);
#10055 = DIRECTION('',(0.,1.));
#10056 = ( GEOMETRIC_REPRESENTATION_CONTEXT(2) 
PARAMETRIC_REPRESENTATION_CONTEXT() REPRESENTATION_CONTEXT('2D SPACE',''
  ) );
#10057 = PCURVE('',#57,#10058);
#10058 = DEFINITIONAL_REPRESENTATION('',(#10059),#10064);
#10059 = B_SPLINE_CURVE_WITH_KNOTS('',3,(#10060,#10061,#10062,#10063),
  .UNSPECIFIED.,.F.,.F.,(4,4),(0.,1.),.PIECEWISE_BEZIER_KNOTS.);
#10060 = CARTESIAN_POINT('',(26.466004515867,9.709305040508));
#10061 = CARTESIAN_POINT('',(25.741085288932,9.082376920736));
#10062 = CARTESIAN_POINT('',(26.163462662171,7.782433032643));
#10063 = CARTESIAN_POINT('',(27.11843373936,7.701334360191));
#10064 = ( GEOMETRIC_REPRESENTATION_CONTEXT(2) 
PARAMETRIC_REPRESENTATION_CONTEXT() REPRESENTATION_CONTEXT('2D SPACE',''
  ) );
#10065 = ORIENTED_EDGE('',*,*,#9999,.T.);
#10066 = ORIENTED_EDGE('',*,*,#10067,.T.);
#10067 = EDGE_CURVE('',#9975,#10068,#10070,.T.);
#10068 = VERTEX_POINT('',#10069);
#10069 = CARTESIAN_POINT('',(28.142847976299,1.643200287993,18.));
#10070 = SURFACE_CURVE('',#10071,(#10076,#10083),.PCURVE_S1.);
#10071 = B_SPLINE_CURVE_WITH_KNOTS('',3,(#10072,#10073,#10074,#10075),
  .UNSPECIFIED.,.F.,.F.,(4,4),(0.,1.),.PIECEWISE_BEZIER_KNOTS.);
#10072 = CARTESIAN_POINT('',(27.940942242961,3.744829232295,18.));
#10073 = CARTESIAN_POINT('',(27.097416127042,3.289845227406,18.));
#10074 = CARTESIAN_POINT('',(27.228128256754,1.92926774091,18.));
#10075 = CARTESIAN_POINT('',(28.142847976299,1.643200287993,18.));
#10076 = PCURVE('',#10014,#10077);
#10077 = DEFINITIONAL_REPRESENTATION('',(#10078),#10082);
#10078 = LINE('',#10079,#10080);
#10079 = CARTESIAN_POINT('',(1.,0.));
#10080 = VECTOR('',#10081,1.);
#10081 = DIRECTION('',(0.,1.));
#10082 = ( GEOMETRIC_REPRESENTATION_CONTEXT(2) 
PARAMETRIC_REPRESENTATION_CONTEXT() REPRESENTATION_CONTEXT('2D SPACE',''
  ) );
#10083 = PCURVE('',#128,#10084);
#10084 = DEFINITIONAL_REPRESENTATION('',(#10085),#10090);
#10085 = B_SPLINE_CURVE_WITH_KNOTS('',3,(#10086,#10087,#10088,#10089),
  .UNSPECIFIED.,.F.,.F.,(4,4),(0.,1.),.PIECEWISE_BEZIER_KNOTS.);
#10086 = CARTESIAN_POINT('',(-27.94094224296,3.744829232295));
#10087 = CARTESIAN_POINT('',(-27.09741612704,3.289845227406));
#10088 = CARTESIAN_POINT('',(-27.22812825675,1.92926774091));
#10089 = CARTESIAN_POINT('',(-28.14284797629,1.643200287993));
#10090 = ( GEOMETRIC_REPRESENTATION_CONTEXT(2) 
PARAMETRIC_REPRESENTATION_CONTEXT() REPRESENTATION_CONTEXT('2D SPACE',''
  ) );
#10091 = ORIENTED_EDGE('',*,*,#10092,.F.);
#10092 = EDGE_CURVE('',#10042,#10068,#10093,.T.);
#10093 = SURFACE_CURVE('',#10094,(#10099,#10106),.PCURVE_S1.);
#10094 = B_SPLINE_CURVE_WITH_KNOTS('',3,(#10095,#10096,#10097,#10098),
  .UNSPECIFIED.,.F.,.F.,(4,4),(0.,1.),.PIECEWISE_BEZIER_KNOTS.);
#10095 = CARTESIAN_POINT('',(27.11843373936,7.701334360191,0.));
#10096 = CARTESIAN_POINT('',(27.679234778742,5.72730931083,
    6.000000849768));
#10097 = CARTESIAN_POINT('',(28.023423641054,3.691860955217,
    11.999999150232));
#10098 = CARTESIAN_POINT('',(28.142847976299,1.643200287993,18.));
#10099 = PCURVE('',#10014,#10100);
#10100 = DEFINITIONAL_REPRESENTATION('',(#10101),#10105);
#10101 = LINE('',#10102,#10103);
#10102 = CARTESIAN_POINT('',(0.,1.));
#10103 = VECTOR('',#10104,1.);
#10104 = DIRECTION('',(1.,0.));
#10105 = ( GEOMETRIC_REPRESENTATION_CONTEXT(2) 
PARAMETRIC_REPRESENTATION_CONTEXT() REPRESENTATION_CONTEXT('2D SPACE',''
  ) );
#10106 = PCURVE('',#10107,#10124);
#10107 = B_SPLINE_SURFACE_WITH_KNOTS('',3,3,(
    (#10108,#10109,#10110,#10111)
    ,(#10112,#10113,#10114,#10115)
    ,(#10116,#10117,#10118,#10119)
    ,(#10120,#10121,#10122,#10123
    )),.UNSPECIFIED.,.F.,.F.,.F.,(4,4),(4,4),(0.,1.),(0.,1.),
  .PIECEWISE_BEZIER_KNOTS.);
#10108 = CARTESIAN_POINT('',(27.11843373936,7.701334360191,0.));
#10109 = CARTESIAN_POINT('',(28.456736530795,7.946584203327,0.));
#10110 = CARTESIAN_POINT('',(29.836339469418,7.701096644559,0.));
#10111 = CARTESIAN_POINT('',(31.139112520798,7.372629884722,0.));
#10112 = CARTESIAN_POINT('',(27.679234787187,5.727309264931,
    6.000000986407));
#10113 = CARTESIAN_POINT('',(29.035399586728,5.875139461767,
    6.000000986407));
#10114 = CARTESIAN_POINT('',(30.39714174473,5.529222479781,
    6.000000986407));
#10115 = CARTESIAN_POINT('',(31.676013047543,5.105918537709,
    6.000000986407));
#10116 = CARTESIAN_POINT('',(28.023423633939,3.69186100134,
    11.999999013593));
#10117 = CARTESIAN_POINT('',(29.386760989449,3.740317019343,
    11.999999013593));
#10118 = CARTESIAN_POINT('',(30.719624606565,3.295935604932,
    11.999999013593));
#10119 = CARTESIAN_POINT('',(31.964190282404,2.780421962964,
    11.999999013593));
#10120 = CARTESIAN_POINT('',(28.142847976299,1.643200287993,18.));
#10121 = CARTESIAN_POINT('',(29.502498549684,1.592681327055,18.));
#10122 = CARTESIAN_POINT('',(30.796149869872,1.054132655585,18.));
#10123 = CARTESIAN_POINT('',(31.99681858809,0.451220833829,18.));
#10124 = DEFINITIONAL_REPRESENTATION('',(#10125),#10129);
#10125 = LINE('',#10126,#10127);
#10126 = CARTESIAN_POINT('',(0.,0.));
#10127 = VECTOR('',#10128,1.);
#10128 = DIRECTION('',(1.,0.));
#10129 = ( GEOMETRIC_REPRESENTATION_CONTEXT(2) 
PARAMETRIC_REPRESENTATION_CONTEXT() REPRESENTATION_CONTEXT('2D SPACE',''
  ) );
#10130 = ADVANCED_FACE('',(#10131),#10107,.T.);
#10131 = FACE_BOUND('',#10132,.T.);
#10132 = EDGE_LOOP('',(#10133,#10158,#10159,#10184));
#10133 = ORIENTED_EDGE('',*,*,#10134,.F.);
#10134 = EDGE_CURVE('',#10042,#10135,#10137,.T.);
#10135 = VERTEX_POINT('',#10136);
#10136 = CARTESIAN_POINT('',(31.139112520798,7.372629884722,0.));
#10137 = SURFACE_CURVE('',#10138,(#10143,#10150),.PCURVE_S1.);
#10138 = B_SPLINE_CURVE_WITH_KNOTS('',3,(#10139,#10140,#10141,#10142),
  .UNSPECIFIED.,.F.,.F.,(4,4),(0.,1.),.PIECEWISE_BEZIER_KNOTS.);
#10139 = CARTESIAN_POINT('',(27.11843373936,7.701334360191,0.));
#10140 = CARTESIAN_POINT('',(28.456736530795,7.946584203327,0.));
#10141 = CARTESIAN_POINT('',(29.836339469418,7.701096644559,0.));
#10142 = CARTESIAN_POINT('',(31.139112520798,7.372629884722,0.));
#10143 = PCURVE('',#10107,#10144);
#10144 = DEFINITIONAL_REPRESENTATION('',(#10145),#10149);
#10145 = LINE('',#10146,#10147);
#10146 = CARTESIAN_POINT('',(0.,0.));
#10147 = VECTOR('',#10148,1.);
#10148 = DIRECTION('',(0.,1.));
#10149 = ( GEOMETRIC_REPRESENTATION_CONTEXT(2) 
PARAMETRIC_REPRESENTATION_CONTEXT() REPRESENTATION_CONTEXT('2D SPACE',''
  ) );
#10150 = PCURVE('',#57,#10151);
#10151 = DEFINITIONAL_REPRESENTATION('',(#10152),#10157);
#10152 = B_SPLINE_CURVE_WITH_KNOTS('',3,(#10153,#10154,#10155,#10156),
  .UNSPECIFIED.,.F.,.F.,(4,4),(0.,1.),.PIECEWISE_BEZIER_KNOTS.);
#10153 = CARTESIAN_POINT('',(27.11843373936,7.701334360191));
#10154 = CARTESIAN_POINT('',(28.456736530795,7.946584203327));
#10155 = CARTESIAN_POINT('',(29.836339469418,7.701096644559));
#10156 = CARTESIAN_POINT('',(31.139112520798,7.372629884722));
#10157 = ( GEOMETRIC_REPRESENTATION_CONTEXT(2) 
PARAMETRIC_REPRESENTATION_CONTEXT() REPRESENTATION_CONTEXT('2D SPACE',''
  ) );
#10158 = ORIENTED_EDGE('',*,*,#10092,.T.);
#10159 = ORIENTED_EDGE('',*,*,#10160,.T.);
#10160 = EDGE_CURVE('',#10068,#10161,#10163,.T.);
#10161 = VERTEX_POINT('',#10162);
#10162 = CARTESIAN_POINT('',(31.99681858809,0.451220833829,18.));
#10163 = SURFACE_CURVE('',#10164,(#10169,#10176),.PCURVE_S1.);
#10164 = B_SPLINE_CURVE_WITH_KNOTS('',3,(#10165,#10166,#10167,#10168),
  .UNSPECIFIED.,.F.,.F.,(4,4),(0.,1.),.PIECEWISE_BEZIER_KNOTS.);
#10165 = CARTESIAN_POINT('',(28.142847976299,1.643200287993,18.));
#10166 = CARTESIAN_POINT('',(29.502498549684,1.592681327055,18.));
#10167 = CARTESIAN_POINT('',(30.796149869872,1.054132655585,18.));
#10168 = CARTESIAN_POINT('',(31.99681858809,0.451220833829,18.));
#10169 = PCURVE('',#10107,#10170);
#10170 = DEFINITIONAL_REPRESENTATION('',(#10171),#10175);
#10171 = LINE('',#10172,#10173);
#10172 = CARTESIAN_POINT('',(1.,0.));
#10173 = VECTOR('',#10174,1.);
#10174 = DIRECTION('',(0.,1.));
#10175 = ( GEOMETRIC_REPRESENTATION_CONTEXT(2) 
PARAMETRIC_REPRESENTATION_CONTEXT() REPRESENTATION_CONTEXT('2D SPACE',''
  ) );
#10176 = PCURVE('',#128,#10177);
#10177 = DEFINITIONAL_REPRESENTATION('',(#10178),#10183);
#10178 = B_SPLINE_CURVE_WITH_KNOTS('',3,(#10179,#10180,#10181,#10182),
  .UNSPECIFIED.,.F.,.F.,(4,4),(0.,1.),.PIECEWISE_BEZIER_KNOTS.);
#10179 = CARTESIAN_POINT('',(-28.14284797629,1.643200287993));
#10180 = CARTESIAN_POINT('',(-29.50249854968,1.592681327055));
#10181 = CARTESIAN_POINT('',(-30.79614986987,1.054132655585));
#10182 = CARTESIAN_POINT('',(-31.99681858809,0.451220833829));
#10183 = ( GEOMETRIC_REPRESENTATION_CONTEXT(2) 
PARAMETRIC_REPRESENTATION_CONTEXT() REPRESENTATION_CONTEXT('2D SPACE',''
  ) );
#10184 = ORIENTED_EDGE('',*,*,#10185,.F.);
#10185 = EDGE_CURVE('',#10135,#10161,#10186,.T.);
#10186 = SURFACE_CURVE('',#10187,(#10192,#10199),.PCURVE_S1.);
#10187 = B_SPLINE_CURVE_WITH_KNOTS('',3,(#10188,#10189,#10190,#10191),
  .UNSPECIFIED.,.F.,.F.,(4,4),(0.,1.),.PIECEWISE_BEZIER_KNOTS.);
#10188 = CARTESIAN_POINT('',(31.139112520798,7.372629884722,0.));
#10189 = CARTESIAN_POINT('',(31.676013047543,5.105918537709,
    6.000000986407));
#10190 = CARTESIAN_POINT('',(31.964190282404,2.780421962964,
    11.999999013593));
#10191 = CARTESIAN_POINT('',(31.99681858809,0.451220833829,18.));
#10192 = PCURVE('',#10107,#10193);
#10193 = DEFINITIONAL_REPRESENTATION('',(#10194),#10198);
#10194 = LINE('',#10195,#10196);
#10195 = CARTESIAN_POINT('',(0.,1.));
#10196 = VECTOR('',#10197,1.);
#10197 = DIRECTION('',(1.,0.));
#10198 = ( GEOMETRIC_REPRESENTATION_CONTEXT(2) 
PARAMETRIC_REPRESENTATION_CONTEXT() REPRESENTATION_CONTEXT('2D SPACE',''
  ) );
#10199 = PCURVE('',#10200,#10217);
#10200 = B_SPLINE_SURFACE_WITH_KNOTS('',3,3,(
    (#10201,#10202,#10203,#10204)
    ,(#10205,#10206,#10207,#10208)
    ,(#10209,#10210,#10211,#10212)
    ,(#10213,#10214,#10215,#10216
    )),.UNSPECIFIED.,.F.,.F.,.F.,(4,4),(4,4),(0.,1.),(0.,1.),
  .PIECEWISE_BEZIER_KNOTS.);
#10201 = CARTESIAN_POINT('',(31.139112520798,7.372629884722,0.));
#10202 = CARTESIAN_POINT('',(31.252374961379,6.894255384559,0.));
#10203 = CARTESIAN_POINT('',(31.354611478133,6.413270389546,0.));
#10204 = CARTESIAN_POINT('',(31.445713528349,5.930185553001,0.));
#10205 = CARTESIAN_POINT('',(31.67601305325,5.105918496546,
    6.000001093596));
#10206 = CARTESIAN_POINT('',(31.754453148572,4.619295831819,
    6.000001093596));
#10207 = CARTESIAN_POINT('',(31.821677214759,4.130865283013,
    6.000001093596));
#10208 = CARTESIAN_POINT('',(31.877613881201,3.64114540826,
    6.000001093596));
#10209 = CARTESIAN_POINT('',(31.96419027789,2.780422004274,
    11.999998906404));
#10210 = CARTESIAN_POINT('',(32.006904938486,2.289372185875,
    11.999998906404));
#10211 = CARTESIAN_POINT('',(32.038301534078,1.797337908748,
    11.999998906404));
#10212 = CARTESIAN_POINT('',(32.058346731453,1.304841557044,
    11.999998906404));
#10213 = CARTESIAN_POINT('',(31.99681858809,0.451220833829,18.));
#10214 = CARTESIAN_POINT('',(32.003750897412,-4.033026823472E-02,18.));
#10215 = CARTESIAN_POINT('',(31.999353592069,-0.532041092288,18.));
#10216 = CARTESIAN_POINT('',(31.983631340602,-1.023389597589,18.));
#10217 = DEFINITIONAL_REPRESENTATION('',(#10218),#10222);
#10218 = LINE('',#10219,#10220);
#10219 = CARTESIAN_POINT('',(0.,0.));
#10220 = VECTOR('',#10221,1.);
#10221 = DIRECTION('',(1.,0.));
#10222 = ( GEOMETRIC_REPRESENTATION_CONTEXT(2) 
PARAMETRIC_REPRESENTATION_CONTEXT() REPRESENTATION_CONTEXT('2D SPACE',''
  ) );
#10223 = ADVANCED_FACE('',(#10224),#10200,.T.);
#10224 = FACE_BOUND('',#10225,.T.);
#10225 = EDGE_LOOP('',(#10226,#10251,#10252,#10277));
#10226 = ORIENTED_EDGE('',*,*,#10227,.F.);
#10227 = EDGE_CURVE('',#10135,#10228,#10230,.T.);
#10228 = VERTEX_POINT('',#10229);
#10229 = CARTESIAN_POINT('',(31.445713528349,5.930185553001,0.));
#10230 = SURFACE_CURVE('',#10231,(#10236,#10243),.PCURVE_S1.);
#10231 = B_SPLINE_CURVE_WITH_KNOTS('',3,(#10232,#10233,#10234,#10235),
  .UNSPECIFIED.,.F.,.F.,(4,4),(0.,1.),.PIECEWISE_BEZIER_KNOTS.);
#10232 = CARTESIAN_POINT('',(31.139112520798,7.372629884722,0.));
#10233 = CARTESIAN_POINT('',(31.252374961379,6.894255384559,0.));
#10234 = CARTESIAN_POINT('',(31.354611478133,6.413270389546,0.));
#10235 = CARTESIAN_POINT('',(31.445713528349,5.930185553001,0.));
#10236 = PCURVE('',#10200,#10237);
#10237 = DEFINITIONAL_REPRESENTATION('',(#10238),#10242);
#10238 = LINE('',#10239,#10240);
#10239 = CARTESIAN_POINT('',(0.,0.));
#10240 = VECTOR('',#10241,1.);
#10241 = DIRECTION('',(0.,1.));
#10242 = ( GEOMETRIC_REPRESENTATION_CONTEXT(2) 
PARAMETRIC_REPRESENTATION_CONTEXT() REPRESENTATION_CONTEXT('2D SPACE',''
  ) );
#10243 = PCURVE('',#57,#10244);
#10244 = DEFINITIONAL_REPRESENTATION('',(#10245),#10250);
#10245 = B_SPLINE_CURVE_WITH_KNOTS('',3,(#10246,#10247,#10248,#10249),
  .UNSPECIFIED.,.F.,.F.,(4,4),(0.,1.),.PIECEWISE_BEZIER_KNOTS.);
#10246 = CARTESIAN_POINT('',(31.139112520798,7.372629884722));
#10247 = CARTESIAN_POINT('',(31.252374961379,6.894255384559));
#10248 = CARTESIAN_POINT('',(31.354611478133,6.413270389546));
#10249 = CARTESIAN_POINT('',(31.445713528349,5.930185553001));
#10250 = ( GEOMETRIC_REPRESENTATION_CONTEXT(2) 
PARAMETRIC_REPRESENTATION_CONTEXT() REPRESENTATION_CONTEXT('2D SPACE',''
  ) );
#10251 = ORIENTED_EDGE('',*,*,#10185,.T.);
#10252 = ORIENTED_EDGE('',*,*,#10253,.T.);
#10253 = EDGE_CURVE('',#10161,#10254,#10256,.T.);
#10254 = VERTEX_POINT('',#10255);
#10255 = CARTESIAN_POINT('',(31.983631340602,-1.023389597589,18.));
#10256 = SURFACE_CURVE('',#10257,(#10262,#10269),.PCURVE_S1.);
#10257 = B_SPLINE_CURVE_WITH_KNOTS('',3,(#10258,#10259,#10260,#10261),
  .UNSPECIFIED.,.F.,.F.,(4,4),(0.,1.),.PIECEWISE_BEZIER_KNOTS.);
#10258 = CARTESIAN_POINT('',(31.99681858809,0.451220833829,18.));
#10259 = CARTESIAN_POINT('',(32.003750897412,-4.033026823472E-02,18.));
#10260 = CARTESIAN_POINT('',(31.999353592069,-0.532041092288,18.));
#10261 = CARTESIAN_POINT('',(31.983631340602,-1.023389597589,18.));
#10262 = PCURVE('',#10200,#10263);
#10263 = DEFINITIONAL_REPRESENTATION('',(#10264),#10268);
#10264 = LINE('',#10265,#10266);
#10265 = CARTESIAN_POINT('',(1.,0.));
#10266 = VECTOR('',#10267,1.);
#10267 = DIRECTION('',(0.,1.));
#10268 = ( GEOMETRIC_REPRESENTATION_CONTEXT(2) 
PARAMETRIC_REPRESENTATION_CONTEXT() REPRESENTATION_CONTEXT('2D SPACE',''
  ) );
#10269 = PCURVE('',#128,#10270);
#10270 = DEFINITIONAL_REPRESENTATION('',(#10271),#10276);
#10271 = B_SPLINE_CURVE_WITH_KNOTS('',3,(#10272,#10273,#10274,#10275),
  .UNSPECIFIED.,.F.,.F.,(4,4),(0.,1.),.PIECEWISE_BEZIER_KNOTS.);
#10272 = CARTESIAN_POINT('',(-31.99681858809,0.451220833829));
#10273 = CARTESIAN_POINT('',(-32.00375089741,-4.033026823472E-02));
#10274 = CARTESIAN_POINT('',(-31.99935359206,-0.532041092288));
#10275 = CARTESIAN_POINT('',(-31.9836313406,-1.023389597589));
#10276 = ( GEOMETRIC_REPRESENTATION_CONTEXT(2) 
PARAMETRIC_REPRESENTATION_CONTEXT() REPRESENTATION_CONTEXT('2D SPACE',''
  ) );
#10277 = ORIENTED_EDGE('',*,*,#10278,.F.);
#10278 = EDGE_CURVE('',#10228,#10254,#10279,.T.);
#10279 = SURFACE_CURVE('',#10280,(#10285,#10292),.PCURVE_S1.);
#10280 = B_SPLINE_CURVE_WITH_KNOTS('',3,(#10281,#10282,#10283,#10284),
  .UNSPECIFIED.,.F.,.F.,(4,4),(0.,1.),.PIECEWISE_BEZIER_KNOTS.);
#10281 = CARTESIAN_POINT('',(31.445713528349,5.930185553001,0.));
#10282 = CARTESIAN_POINT('',(31.877613877397,3.641145449642,
    6.000000986407));
#10283 = CARTESIAN_POINT('',(32.058346734058,1.304841515569,
    11.999999013593));
#10284 = CARTESIAN_POINT('',(31.983631340602,-1.023389597589,18.));
#10285 = PCURVE('',#10200,#10286);
#10286 = DEFINITIONAL_REPRESENTATION('',(#10287),#10291);
#10287 = LINE('',#10288,#10289);
#10288 = CARTESIAN_POINT('',(0.,1.));
#10289 = VECTOR('',#10290,1.);
#10290 = DIRECTION('',(1.,0.));
#10291 = ( GEOMETRIC_REPRESENTATION_CONTEXT(2) 
PARAMETRIC_REPRESENTATION_CONTEXT() REPRESENTATION_CONTEXT('2D SPACE',''
  ) );
#10292 = PCURVE('',#10293,#10310);
#10293 = B_SPLINE_SURFACE_WITH_KNOTS('',3,3,(
    (#10294,#10295,#10296,#10297)
    ,(#10298,#10299,#10300,#10301)
    ,(#10302,#10303,#10304,#10305)
    ,(#10306,#10307,#10308,#10309
    )),.UNSPECIFIED.,.F.,.F.,.F.,(4,4),(4,4),(0.,1.),(0.,1.),
  .PIECEWISE_BEZIER_KNOTS.);
#10294 = CARTESIAN_POINT('',(31.445713528349,5.930185553001,0.));
#10295 = CARTESIAN_POINT('',(30.38917059218,5.100230698957,0.));
#10296 = CARTESIAN_POINT('',(29.22868937982,4.314831586704,0.));
#10297 = CARTESIAN_POINT('',(27.906336845843,3.994541682081,0.));
#10298 = CARTESIAN_POINT('',(31.877613877397,3.641145449642,
    6.000000986407));
#10299 = CARTESIAN_POINT('',(30.760647442274,2.888095637649,
    6.000000986407));
#10300 = CARTESIAN_POINT('',(29.542985443065,2.187168024421,
    6.000000986407));
#10301 = CARTESIAN_POINT('',(28.19730849275,1.963136160612,
    6.000000986407));
#10302 = CARTESIAN_POINT('',(32.058346734058,1.304841515569,
    11.999999013593));
#10303 = CARTESIAN_POINT('',(30.889397750166,0.635322053872,
    11.999999013593));
#10304 = CARTESIAN_POINT('',(29.623825902214,2.51350653384E-02,
    11.999999013593));
#10305 = CARTESIAN_POINT('',(28.265386833428,-0.100084849245,
    11.999999013593));
#10306 = CARTESIAN_POINT('',(31.983631340602,-1.023389597589,18.));
#10307 = CARTESIAN_POINT('',(30.77237199356,-1.604731863318,18.));
#10308 = CARTESIAN_POINT('',(29.469296006254,-2.1200583434,18.));
#10309 = CARTESIAN_POINT('',(28.108959394704,-2.146252816048,18.));
#10310 = DEFINITIONAL_REPRESENTATION('',(#10311),#10315);
#10311 = LINE('',#10312,#10313);
#10312 = CARTESIAN_POINT('',(0.,0.));
#10313 = VECTOR('',#10314,1.);
#10314 = DIRECTION('',(1.,0.));
#10315 = ( GEOMETRIC_REPRESENTATION_CONTEXT(2) 
PARAMETRIC_REPRESENTATION_CONTEXT() REPRESENTATION_CONTEXT('2D SPACE',''
  ) );
#10316 = ADVANCED_FACE('',(#10317),#10293,.T.);
#10317 = FACE_BOUND('',#10318,.T.);
#10318 = EDGE_LOOP('',(#10319,#10344,#10345,#10370));
#10319 = ORIENTED_EDGE('',*,*,#10320,.F.);
#10320 = EDGE_CURVE('',#10228,#10321,#10323,.T.);
#10321 = VERTEX_POINT('',#10322);
#10322 = CARTESIAN_POINT('',(27.906336845843,3.994541682081,0.));
#10323 = SURFACE_CURVE('',#10324,(#10329,#10336),.PCURVE_S1.);
#10324 = B_SPLINE_CURVE_WITH_KNOTS('',3,(#10325,#10326,#10327,#10328),
  .UNSPECIFIED.,.F.,.F.,(4,4),(0.,1.),.PIECEWISE_BEZIER_KNOTS.);
#10325 = CARTESIAN_POINT('',(31.445713528349,5.930185553001,0.));
#10326 = CARTESIAN_POINT('',(30.38917059218,5.100230698957,0.));
#10327 = CARTESIAN_POINT('',(29.22868937982,4.314831586704,0.));
#10328 = CARTESIAN_POINT('',(27.906336845843,3.994541682081,0.));
#10329 = PCURVE('',#10293,#10330);
#10330 = DEFINITIONAL_REPRESENTATION('',(#10331),#10335);
#10331 = LINE('',#10332,#10333);
#10332 = CARTESIAN_POINT('',(0.,0.));
#10333 = VECTOR('',#10334,1.);
#10334 = DIRECTION('',(0.,1.));
#10335 = ( GEOMETRIC_REPRESENTATION_CONTEXT(2) 
PARAMETRIC_REPRESENTATION_CONTEXT() REPRESENTATION_CONTEXT('2D SPACE',''
  ) );
#10336 = PCURVE('',#57,#10337);
#10337 = DEFINITIONAL_REPRESENTATION('',(#10338),#10343);
#10338 = B_SPLINE_CURVE_WITH_KNOTS('',3,(#10339,#10340,#10341,#10342),
  .UNSPECIFIED.,.F.,.F.,(4,4),(0.,1.),.PIECEWISE_BEZIER_KNOTS.);
#10339 = CARTESIAN_POINT('',(31.445713528349,5.930185553001));
#10340 = CARTESIAN_POINT('',(30.38917059218,5.100230698957));
#10341 = CARTESIAN_POINT('',(29.22868937982,4.314831586704));
#10342 = CARTESIAN_POINT('',(27.906336845843,3.994541682081));
#10343 = ( GEOMETRIC_REPRESENTATION_CONTEXT(2) 
PARAMETRIC_REPRESENTATION_CONTEXT() REPRESENTATION_CONTEXT('2D SPACE',''
  ) );
#10344 = ORIENTED_EDGE('',*,*,#10278,.T.);
#10345 = ORIENTED_EDGE('',*,*,#10346,.T.);
#10346 = EDGE_CURVE('',#10254,#10347,#10349,.T.);
#10347 = VERTEX_POINT('',#10348);
#10348 = CARTESIAN_POINT('',(28.108959394704,-2.146252816048,18.));
#10349 = SURFACE_CURVE('',#10350,(#10355,#10362),.PCURVE_S1.);
#10350 = B_SPLINE_CURVE_WITH_KNOTS('',3,(#10351,#10352,#10353,#10354),
  .UNSPECIFIED.,.F.,.F.,(4,4),(0.,1.),.PIECEWISE_BEZIER_KNOTS.);
#10351 = CARTESIAN_POINT('',(31.983631340602,-1.023389597589,18.));
#10352 = CARTESIAN_POINT('',(30.77237199356,-1.604731863318,18.));
#10353 = CARTESIAN_POINT('',(29.469296006254,-2.1200583434,18.));
#10354 = CARTESIAN_POINT('',(28.108959394704,-2.146252816048,18.));
#10355 = PCURVE('',#10293,#10356);
#10356 = DEFINITIONAL_REPRESENTATION('',(#10357),#10361);
#10357 = LINE('',#10358,#10359);
#10358 = CARTESIAN_POINT('',(1.,0.));
#10359 = VECTOR('',#10360,1.);
#10360 = DIRECTION('',(0.,1.));
#10361 = ( GEOMETRIC_REPRESENTATION_CONTEXT(2) 
PARAMETRIC_REPRESENTATION_CONTEXT() REPRESENTATION_CONTEXT('2D SPACE',''
  ) );
#10362 = PCURVE('',#128,#10363);
#10363 = DEFINITIONAL_REPRESENTATION('',(#10364),#10369);
#10364 = B_SPLINE_CURVE_WITH_KNOTS('',3,(#10365,#10366,#10367,#10368),
  .UNSPECIFIED.,.F.,.F.,(4,4),(0.,1.),.PIECEWISE_BEZIER_KNOTS.);
#10365 = CARTESIAN_POINT('',(-31.9836313406,-1.023389597589));
#10366 = CARTESIAN_POINT('',(-30.77237199356,-1.604731863318));
#10367 = CARTESIAN_POINT('',(-29.46929600625,-2.1200583434));
#10368 = CARTESIAN_POINT('',(-28.1089593947,-2.146252816048));
#10369 = ( GEOMETRIC_REPRESENTATION_CONTEXT(2) 
PARAMETRIC_REPRESENTATION_CONTEXT() REPRESENTATION_CONTEXT('2D SPACE',''
  ) );
#10370 = ORIENTED_EDGE('',*,*,#10371,.F.);
#10371 = EDGE_CURVE('',#10321,#10347,#10372,.T.);
#10372 = SURFACE_CURVE('',#10373,(#10378,#10385),.PCURVE_S1.);
#10373 = B_SPLINE_CURVE_WITH_KNOTS('',3,(#10374,#10375,#10376,#10377),
  .UNSPECIFIED.,.F.,.F.,(4,4),(0.,1.),.PIECEWISE_BEZIER_KNOTS.);
#10374 = CARTESIAN_POINT('',(27.906336845843,3.994541682081,0.));
#10375 = CARTESIAN_POINT('',(28.197308490536,1.963136207229,
    6.000000849768));
#10376 = CARTESIAN_POINT('',(28.265386834293,-0.100084895906,
    11.999999150232));
#10377 = CARTESIAN_POINT('',(28.108959394704,-2.146252816048,18.));
#10378 = PCURVE('',#10293,#10379);
#10379 = DEFINITIONAL_REPRESENTATION('',(#10380),#10384);
#10380 = LINE('',#10381,#10382);
#10381 = CARTESIAN_POINT('',(0.,1.));
#10382 = VECTOR('',#10383,1.);
#10383 = DIRECTION('',(1.,0.));
#10384 = ( GEOMETRIC_REPRESENTATION_CONTEXT(2) 
PARAMETRIC_REPRESENTATION_CONTEXT() REPRESENTATION_CONTEXT('2D SPACE',''
  ) );
#10385 = PCURVE('',#10386,#10403);
#10386 = B_SPLINE_SURFACE_WITH_KNOTS('',3,3,(
    (#10387,#10388,#10389,#10390)
    ,(#10391,#10392,#10393,#10394)
    ,(#10395,#10396,#10397,#10398)
    ,(#10399,#10400,#10401,#10402
    )),.UNSPECIFIED.,.F.,.F.,.F.,(4,4),(4,4),(0.,1.),(0.,1.),
  .PIECEWISE_BEZIER_KNOTS.);
#10387 = CARTESIAN_POINT('',(27.906336845843,3.994541682081,0.));
#10388 = CARTESIAN_POINT('',(27.066913157887,3.532032628072,0.));
#10389 = CARTESIAN_POINT('',(27.209787040384,2.172678439012,0.));
#10390 = CARTESIAN_POINT('',(28.127028346194,1.89480231579,0.));
#10391 = CARTESIAN_POINT('',(28.197308490536,1.963136207229,
    6.000000849768));
#10392 = CARTESIAN_POINT('',(27.324210882756,1.561729573829,
    6.000000849768));
#10393 = CARTESIAN_POINT('',(27.368131993492,0.191965658065,
    6.000000849768));
#10394 = CARTESIAN_POINT('',(28.265151651625,-0.152682642342,
    6.000000849768));
#10395 = CARTESIAN_POINT('',(28.265386834293,-0.100084895906,
    11.999999150232));
#10396 = CARTESIAN_POINT('',(27.365321022276,-0.436697807256,
    11.999999150232));
#10397 = CARTESIAN_POINT('',(27.309152538666,-1.806014187917,
    11.999999150232));
#10398 = CARTESIAN_POINT('',(28.178625652307,-2.215212456126,
    11.999999150232));
#10399 = CARTESIAN_POINT('',(28.108959394704,-2.146252816048,18.));
#10400 = CARTESIAN_POINT('',(27.189269854511,-2.415915387793,18.));
#10401 = CARTESIAN_POINT('',(27.034245644869,-3.773937571721,18.));
#10402 = CARTESIAN_POINT('',(27.869499776062,-4.243934687954,18.));
#10403 = DEFINITIONAL_REPRESENTATION('',(#10404),#10408);
#10404 = LINE('',#10405,#10406);
#10405 = CARTESIAN_POINT('',(0.,0.));
#10406 = VECTOR('',#10407,1.);
#10407 = DIRECTION('',(1.,0.));
#10408 = ( GEOMETRIC_REPRESENTATION_CONTEXT(2) 
PARAMETRIC_REPRESENTATION_CONTEXT() REPRESENTATION_CONTEXT('2D SPACE',''
  ) );
#10409 = ADVANCED_FACE('',(#10410),#10386,.T.);
#10410 = FACE_BOUND('',#10411,.T.);
#10411 = EDGE_LOOP('',(#10412,#10437,#10438,#10463));
#10412 = ORIENTED_EDGE('',*,*,#10413,.F.);
#10413 = EDGE_CURVE('',#10321,#10414,#10416,.T.);
#10414 = VERTEX_POINT('',#10415);
#10415 = CARTESIAN_POINT('',(28.127028346194,1.89480231579,0.));
#10416 = SURFACE_CURVE('',#10417,(#10422,#10429),.PCURVE_S1.);
#10417 = B_SPLINE_CURVE_WITH_KNOTS('',3,(#10418,#10419,#10420,#10421),
  .UNSPECIFIED.,.F.,.F.,(4,4),(0.,1.),.PIECEWISE_BEZIER_KNOTS.);
#10418 = CARTESIAN_POINT('',(27.906336845843,3.994541682081,0.));
#10419 = CARTESIAN_POINT('',(27.066913157887,3.532032628072,0.));
#10420 = CARTESIAN_POINT('',(27.209787040384,2.172678439012,0.));
#10421 = CARTESIAN_POINT('',(28.127028346194,1.89480231579,0.));
#10422 = PCURVE('',#10386,#10423);
#10423 = DEFINITIONAL_REPRESENTATION('',(#10424),#10428);
#10424 = LINE('',#10425,#10426);
#10425 = CARTESIAN_POINT('',(0.,0.));
#10426 = VECTOR('',#10427,1.);
#10427 = DIRECTION('',(0.,1.));
#10428 = ( GEOMETRIC_REPRESENTATION_CONTEXT(2) 
PARAMETRIC_REPRESENTATION_CONTEXT() REPRESENTATION_CONTEXT('2D SPACE',''
  ) );
#10429 = PCURVE('',#57,#10430);
#10430 = DEFINITIONAL_REPRESENTATION('',(#10431),#10436);
#10431 = B_SPLINE_CURVE_WITH_KNOTS('',3,(#10432,#10433,#10434,#10435),
  .UNSPECIFIED.,.F.,.F.,(4,4),(0.,1.),.PIECEWISE_BEZIER_KNOTS.);
#10432 = CARTESIAN_POINT('',(27.906336845843,3.994541682081));
#10433 = CARTESIAN_POINT('',(27.066913157887,3.532032628072));
#10434 = CARTESIAN_POINT('',(27.209787040384,2.172678439012));
#10435 = CARTESIAN_POINT('',(28.127028346194,1.89480231579));
#10436 = ( GEOMETRIC_REPRESENTATION_CONTEXT(2) 
PARAMETRIC_REPRESENTATION_CONTEXT() REPRESENTATION_CONTEXT('2D SPACE',''
  ) );
#10437 = ORIENTED_EDGE('',*,*,#10371,.T.);
#10438 = ORIENTED_EDGE('',*,*,#10439,.T.);
#10439 = EDGE_CURVE('',#10347,#10440,#10442,.T.);
#10440 = VERTEX_POINT('',#10441);
#10441 = CARTESIAN_POINT('',(27.869499776062,-4.243934687954,18.));
#10442 = SURFACE_CURVE('',#10443,(#10448,#10455),.PCURVE_S1.);
#10443 = B_SPLINE_CURVE_WITH_KNOTS('',3,(#10444,#10445,#10446,#10447),
  .UNSPECIFIED.,.F.,.F.,(4,4),(0.,1.),.PIECEWISE_BEZIER_KNOTS.);
#10444 = CARTESIAN_POINT('',(28.108959394704,-2.146252816048,18.));
#10445 = CARTESIAN_POINT('',(27.189269854511,-2.415915387793,18.));
#10446 = CARTESIAN_POINT('',(27.034245644869,-3.773937571721,18.));
#10447 = CARTESIAN_POINT('',(27.869499776062,-4.243934687954,18.));
#10448 = PCURVE('',#10386,#10449);
#10449 = DEFINITIONAL_REPRESENTATION('',(#10450),#10454);
#10450 = LINE('',#10451,#10452);
#10451 = CARTESIAN_POINT('',(1.,0.));
#10452 = VECTOR('',#10453,1.);
#10453 = DIRECTION('',(0.,1.));
#10454 = ( GEOMETRIC_REPRESENTATION_CONTEXT(2) 
PARAMETRIC_REPRESENTATION_CONTEXT() REPRESENTATION_CONTEXT('2D SPACE',''
  ) );
#10455 = PCURVE('',#128,#10456);
#10456 = DEFINITIONAL_REPRESENTATION('',(#10457),#10462);
#10457 = B_SPLINE_CURVE_WITH_KNOTS('',3,(#10458,#10459,#10460,#10461),
  .UNSPECIFIED.,.F.,.F.,(4,4),(0.,1.),.PIECEWISE_BEZIER_KNOTS.);
#10458 = CARTESIAN_POINT('',(-28.1089593947,-2.146252816048));
#10459 = CARTESIAN_POINT('',(-27.18926985451,-2.415915387793));
#10460 = CARTESIAN_POINT('',(-27.03424564486,-3.773937571721));
#10461 = CARTESIAN_POINT('',(-27.86949977606,-4.243934687954));
#10462 = ( GEOMETRIC_REPRESENTATION_CONTEXT(2) 
PARAMETRIC_REPRESENTATION_CONTEXT() REPRESENTATION_CONTEXT('2D SPACE',''
  ) );
#10463 = ORIENTED_EDGE('',*,*,#10464,.F.);
#10464 = EDGE_CURVE('',#10414,#10440,#10465,.T.);
#10465 = SURFACE_CURVE('',#10466,(#10471,#10478),.PCURVE_S1.);
#10466 = B_SPLINE_CURVE_WITH_KNOTS('',3,(#10467,#10468,#10469,#10470),
  .UNSPECIFIED.,.F.,.F.,(4,4),(0.,1.),.PIECEWISE_BEZIER_KNOTS.);
#10467 = CARTESIAN_POINT('',(28.127028346194,1.89480231579,0.));
#10468 = CARTESIAN_POINT('',(28.265151651625,-0.152682642342,
    6.000000849768));
#10469 = CARTESIAN_POINT('',(28.178625652307,-2.215212456126,
    11.999999150232));
#10470 = CARTESIAN_POINT('',(27.869499776062,-4.243934687954,18.));
#10471 = PCURVE('',#10386,#10472);
#10472 = DEFINITIONAL_REPRESENTATION('',(#10473),#10477);
#10473 = LINE('',#10474,#10475);
#10474 = CARTESIAN_POINT('',(0.,1.));
#10475 = VECTOR('',#10476,1.);
#10476 = DIRECTION('',(1.,0.));
#10477 = ( GEOMETRIC_REPRESENTATION_CONTEXT(2) 
PARAMETRIC_REPRESENTATION_CONTEXT() REPRESENTATION_CONTEXT('2D SPACE',''
  ) );
#10478 = PCURVE('',#10479,#10496);
#10479 = B_SPLINE_SURFACE_WITH_KNOTS('',3,3,(
    (#10480,#10481,#10482,#10483)
    ,(#10484,#10485,#10486,#10487)
    ,(#10488,#10489,#10490,#10491)
    ,(#10492,#10493,#10494,#10495
    )),.UNSPECIFIED.,.F.,.F.,.F.,(4,4),(4,4),(0.,1.),(0.,1.),
  .PIECEWISE_BEZIER_KNOTS.);
#10480 = CARTESIAN_POINT('',(28.127028346194,1.89480231579,0.));
#10481 = CARTESIAN_POINT('',(29.487076320251,1.85644406524,0.));
#10482 = CARTESIAN_POINT('',(30.785491891212,1.329485418995,0.));
#10483 = CARTESIAN_POINT('',(31.991504146304,0.737334698075,0.));
#10484 = CARTESIAN_POINT('',(28.265151650343,-0.152682688993,
    6.000000986407));
#10485 = CARTESIAN_POINT('',(29.622416621392,-0.290045453143,
    6.000000986407));
#10486 = CARTESIAN_POINT('',(30.882481261452,-0.911525433653,
    6.000000986407));
#10487 = CARTESIAN_POINT('',(32.04539631962,-1.591471463878,
    6.000000986407));
#10488 = CARTESIAN_POINT('',(28.178625654937,-2.215212409531,
    11.999999013593));
#10489 = CARTESIAN_POINT('',(29.522245390853,-2.451269046519,
    11.999999013593));
#10490 = CARTESIAN_POINT('',(30.733590648802,-3.1630575891,
    11.999999013593));
#10491 = CARTESIAN_POINT('',(31.843778265639,-3.926065775135,
    11.999999013593));
#10492 = CARTESIAN_POINT('',(27.869499776062,-4.243934687954,18.));
#10493 = CARTESIAN_POINT('',(29.188935239668,-4.576036938021,18.));
#10494 = CARTESIAN_POINT('',(30.342346609823,-5.371782262206,18.));
#10495 = CARTESIAN_POINT('',(31.391425419548,-6.211152077428,18.));
#10496 = DEFINITIONAL_REPRESENTATION('',(#10497),#10501);
#10497 = LINE('',#10498,#10499);
#10498 = CARTESIAN_POINT('',(0.,0.));
#10499 = VECTOR('',#10500,1.);
#10500 = DIRECTION('',(1.,0.));
#10501 = ( GEOMETRIC_REPRESENTATION_CONTEXT(2) 
PARAMETRIC_REPRESENTATION_CONTEXT() REPRESENTATION_CONTEXT('2D SPACE',''
  ) );
#10502 = ADVANCED_FACE('',(#10503),#10479,.T.);
#10503 = FACE_BOUND('',#10504,.T.);
#10504 = EDGE_LOOP('',(#10505,#10530,#10531,#10556));
#10505 = ORIENTED_EDGE('',*,*,#10506,.F.);
#10506 = EDGE_CURVE('',#10414,#10507,#10509,.T.);
#10507 = VERTEX_POINT('',#10508);
#10508 = CARTESIAN_POINT('',(31.991504146304,0.737334698075,0.));
#10509 = SURFACE_CURVE('',#10510,(#10515,#10522),.PCURVE_S1.);
#10510 = B_SPLINE_CURVE_WITH_KNOTS('',3,(#10511,#10512,#10513,#10514),
  .UNSPECIFIED.,.F.,.F.,(4,4),(0.,1.),.PIECEWISE_BEZIER_KNOTS.);
#10511 = CARTESIAN_POINT('',(28.127028346194,1.89480231579,0.));
#10512 = CARTESIAN_POINT('',(29.487076320251,1.85644406524,0.));
#10513 = CARTESIAN_POINT('',(30.785491891212,1.329485418995,0.));
#10514 = CARTESIAN_POINT('',(31.991504146304,0.737334698075,0.));
#10515 = PCURVE('',#10479,#10516);
#10516 = DEFINITIONAL_REPRESENTATION('',(#10517),#10521);
#10517 = LINE('',#10518,#10519);
#10518 = CARTESIAN_POINT('',(0.,0.));
#10519 = VECTOR('',#10520,1.);
#10520 = DIRECTION('',(0.,1.));
#10521 = ( GEOMETRIC_REPRESENTATION_CONTEXT(2) 
PARAMETRIC_REPRESENTATION_CONTEXT() REPRESENTATION_CONTEXT('2D SPACE',''
  ) );
#10522 = PCURVE('',#57,#10523);
#10523 = DEFINITIONAL_REPRESENTATION('',(#10524),#10529);
#10524 = B_SPLINE_CURVE_WITH_KNOTS('',3,(#10525,#10526,#10527,#10528),
  .UNSPECIFIED.,.F.,.F.,(4,4),(0.,1.),.PIECEWISE_BEZIER_KNOTS.);
#10525 = CARTESIAN_POINT('',(28.127028346194,1.89480231579));
#10526 = CARTESIAN_POINT('',(29.487076320251,1.85644406524));
#10527 = CARTESIAN_POINT('',(30.785491891212,1.329485418995));
#10528 = CARTESIAN_POINT('',(31.991504146304,0.737334698075));
#10529 = ( GEOMETRIC_REPRESENTATION_CONTEXT(2) 
PARAMETRIC_REPRESENTATION_CONTEXT() REPRESENTATION_CONTEXT('2D SPACE',''
  ) );
#10530 = ORIENTED_EDGE('',*,*,#10464,.T.);
#10531 = ORIENTED_EDGE('',*,*,#10532,.T.);
#10532 = EDGE_CURVE('',#10440,#10533,#10535,.T.);
#10533 = VERTEX_POINT('',#10534);
#10534 = CARTESIAN_POINT('',(31.391425419548,-6.211152077428,18.));
#10535 = SURFACE_CURVE('',#10536,(#10541,#10548),.PCURVE_S1.);
#10536 = B_SPLINE_CURVE_WITH_KNOTS('',3,(#10537,#10538,#10539,#10540),
  .UNSPECIFIED.,.F.,.F.,(4,4),(0.,1.),.PIECEWISE_BEZIER_KNOTS.);
#10537 = CARTESIAN_POINT('',(27.869499776062,-4.243934687954,18.));
#10538 = CARTESIAN_POINT('',(29.188935239668,-4.576036938021,18.));
#10539 = CARTESIAN_POINT('',(30.342346609823,-5.371782262206,18.));
#10540 = CARTESIAN_POINT('',(31.391425419548,-6.211152077428,18.));
#10541 = PCURVE('',#10479,#10542);
#10542 = DEFINITIONAL_REPRESENTATION('',(#10543),#10547);
#10543 = LINE('',#10544,#10545);
#10544 = CARTESIAN_POINT('',(1.,0.));
#10545 = VECTOR('',#10546,1.);
#10546 = DIRECTION('',(0.,1.));
#10547 = ( GEOMETRIC_REPRESENTATION_CONTEXT(2) 
PARAMETRIC_REPRESENTATION_CONTEXT() REPRESENTATION_CONTEXT('2D SPACE',''
  ) );
#10548 = PCURVE('',#128,#10549);
#10549 = DEFINITIONAL_REPRESENTATION('',(#10550),#10555);
#10550 = B_SPLINE_CURVE_WITH_KNOTS('',3,(#10551,#10552,#10553,#10554),
  .UNSPECIFIED.,.F.,.F.,(4,4),(0.,1.),.PIECEWISE_BEZIER_KNOTS.);
#10551 = CARTESIAN_POINT('',(-27.86949977606,-4.243934687954));
#10552 = CARTESIAN_POINT('',(-29.18893523966,-4.576036938021));
#10553 = CARTESIAN_POINT('',(-30.34234660982,-5.371782262206));
#10554 = CARTESIAN_POINT('',(-31.39142541954,-6.211152077428));
#10555 = ( GEOMETRIC_REPRESENTATION_CONTEXT(2) 
PARAMETRIC_REPRESENTATION_CONTEXT() REPRESENTATION_CONTEXT('2D SPACE',''
  ) );
#10556 = ORIENTED_EDGE('',*,*,#10557,.F.);
#10557 = EDGE_CURVE('',#10507,#10533,#10558,.T.);
#10558 = SURFACE_CURVE('',#10559,(#10564,#10571),.PCURVE_S1.);
#10559 = B_SPLINE_CURVE_WITH_KNOTS('',3,(#10560,#10561,#10562,#10563),
  .UNSPECIFIED.,.F.,.F.,(4,4),(0.,1.),.PIECEWISE_BEZIER_KNOTS.);
#10560 = CARTESIAN_POINT('',(31.991504146304,0.737334698075,0.));
#10561 = CARTESIAN_POINT('',(32.04539631962,-1.591471463878,
    6.000000986407));
#10562 = CARTESIAN_POINT('',(31.843778265639,-3.926065775135,
    11.999999013593));
#10563 = CARTESIAN_POINT('',(31.391425419548,-6.211152077428,18.));
#10564 = PCURVE('',#10479,#10565);
#10565 = DEFINITIONAL_REPRESENTATION('',(#10566),#10570);
#10566 = LINE('',#10567,#10568);
#10567 = CARTESIAN_POINT('',(0.,1.));
#10568 = VECTOR('',#10569,1.);
#10569 = DIRECTION('',(1.,0.));
#10570 = ( GEOMETRIC_REPRESENTATION_CONTEXT(2) 
PARAMETRIC_REPRESENTATION_CONTEXT() REPRESENTATION_CONTEXT('2D SPACE',''
  ) );
#10571 = PCURVE('',#10572,#10589);
#10572 = B_SPLINE_SURFACE_WITH_KNOTS('',3,3,(
    (#10573,#10574,#10575,#10576)
    ,(#10577,#10578,#10579,#10580)
    ,(#10581,#10582,#10583,#10584)
    ,(#10585,#10586,#10587,#10588
    )),.UNSPECIFIED.,.F.,.F.,.F.,(4,4),(4,4),(0.,1.),(0.,1.),
  .PIECEWISE_BEZIER_KNOTS.);
#10573 = CARTESIAN_POINT('',(31.991504146304,0.737334698075,0.));
#10574 = CARTESIAN_POINT('',(32.002831879639,0.245865242961,0.));
#10575 = CARTESIAN_POINT('',(32.002831879639,-0.245865242961,0.));
#10576 = CARTESIAN_POINT('',(31.991504146304,-0.737334698075,0.));
#10577 = CARTESIAN_POINT('',(32.045396316644,-1.591471505328,
    6.000001093596));
#10578 = CARTESIAN_POINT('',(32.020947766671,-2.08376891014,
    6.000001093596));
#10579 = CARTESIAN_POINT('',(31.985152404474,-2.575502748844,
    6.000001093596));
#10580 = CARTESIAN_POINT('',(31.93804823336,-3.066150956264,
    6.000001093596));
#10581 = CARTESIAN_POINT('',(31.843778269813,-3.926065733788,
    11.999998906404));
#10582 = CARTESIAN_POINT('',(31.783464514571,-4.415265812804,
    11.999998906404));
#10583 = CARTESIAN_POINT('',(31.711875340723,-4.903075679729,
    11.999998906404));
#10584 = CARTESIAN_POINT('',(31.629086753237,-5.388977435398,
    11.999998906404));
#10585 = CARTESIAN_POINT('',(31.391425419548,-6.211152077428,18.));
#10586 = CARTESIAN_POINT('',(31.296007020526,-6.693402916702,18.));
#10587 = CARTESIAN_POINT('',(31.189473378032,-7.173454428316,18.));
#10588 = CARTESIAN_POINT('',(31.071937596964,-7.650796950014,18.));
#10589 = DEFINITIONAL_REPRESENTATION('',(#10590),#10594);
#10590 = LINE('',#10591,#10592);
#10591 = CARTESIAN_POINT('',(0.,0.));
#10592 = VECTOR('',#10593,1.);
#10593 = DIRECTION('',(1.,0.));
#10594 = ( GEOMETRIC_REPRESENTATION_CONTEXT(2) 
PARAMETRIC_REPRESENTATION_CONTEXT() REPRESENTATION_CONTEXT('2D SPACE',''
  ) );
#10595 = ADVANCED_FACE('',(#10596),#10572,.T.);
#10596 = FACE_BOUND('',#10597,.T.);
#10597 = EDGE_LOOP('',(#10598,#10623,#10624,#10649));
#10598 = ORIENTED_EDGE('',*,*,#10599,.F.);
#10599 = EDGE_CURVE('',#10507,#10600,#10602,.T.);
#10600 = VERTEX_POINT('',#10601);
#10601 = CARTESIAN_POINT('',(31.991504146304,-0.737334698075,0.));
#10602 = SURFACE_CURVE('',#10603,(#10608,#10615),.PCURVE_S1.);
#10603 = B_SPLINE_CURVE_WITH_KNOTS('',3,(#10604,#10605,#10606,#10607),
  .UNSPECIFIED.,.F.,.F.,(4,4),(0.,1.),.PIECEWISE_BEZIER_KNOTS.);
#10604 = CARTESIAN_POINT('',(31.991504146304,0.737334698075,0.));
#10605 = CARTESIAN_POINT('',(32.002831879639,0.245865242961,0.));
#10606 = CARTESIAN_POINT('',(32.002831879639,-0.245865242961,0.));
#10607 = CARTESIAN_POINT('',(31.991504146304,-0.737334698075,0.));
#10608 = PCURVE('',#10572,#10609);
#10609 = DEFINITIONAL_REPRESENTATION('',(#10610),#10614);
#10610 = LINE('',#10611,#10612);
#10611 = CARTESIAN_POINT('',(0.,0.));
#10612 = VECTOR('',#10613,1.);
#10613 = DIRECTION('',(0.,1.));
#10614 = ( GEOMETRIC_REPRESENTATION_CONTEXT(2) 
PARAMETRIC_REPRESENTATION_CONTEXT() REPRESENTATION_CONTEXT('2D SPACE',''
  ) );
#10615 = PCURVE('',#57,#10616);
#10616 = DEFINITIONAL_REPRESENTATION('',(#10617),#10622);
#10617 = B_SPLINE_CURVE_WITH_KNOTS('',3,(#10618,#10619,#10620,#10621),
  .UNSPECIFIED.,.F.,.F.,(4,4),(0.,1.),.PIECEWISE_BEZIER_KNOTS.);
#10618 = CARTESIAN_POINT('',(31.991504146304,0.737334698075));
#10619 = CARTESIAN_POINT('',(32.002831879639,0.245865242961));
#10620 = CARTESIAN_POINT('',(32.002831879639,-0.245865242961));
#10621 = CARTESIAN_POINT('',(31.991504146304,-0.737334698075));
#10622 = ( GEOMETRIC_REPRESENTATION_CONTEXT(2) 
PARAMETRIC_REPRESENTATION_CONTEXT() REPRESENTATION_CONTEXT('2D SPACE',''
  ) );
#10623 = ORIENTED_EDGE('',*,*,#10557,.T.);
#10624 = ORIENTED_EDGE('',*,*,#10625,.T.);
#10625 = EDGE_CURVE('',#10533,#10626,#10628,.T.);
#10626 = VERTEX_POINT('',#10627);
#10627 = CARTESIAN_POINT('',(31.071937596964,-7.650796950014,18.));
#10628 = SURFACE_CURVE('',#10629,(#10634,#10641),.PCURVE_S1.);
#10629 = B_SPLINE_CURVE_WITH_KNOTS('',3,(#10630,#10631,#10632,#10633),
  .UNSPECIFIED.,.F.,.F.,(4,4),(0.,1.),.PIECEWISE_BEZIER_KNOTS.);
#10630 = CARTESIAN_POINT('',(31.391425419548,-6.211152077428,18.));
#10631 = CARTESIAN_POINT('',(31.296007020526,-6.693402916702,18.));
#10632 = CARTESIAN_POINT('',(31.189473378032,-7.173454428316,18.));
#10633 = CARTESIAN_POINT('',(31.071937596964,-7.650796950014,18.));
#10634 = PCURVE('',#10572,#10635);
#10635 = DEFINITIONAL_REPRESENTATION('',(#10636),#10640);
#10636 = LINE('',#10637,#10638);
#10637 = CARTESIAN_POINT('',(1.,0.));
#10638 = VECTOR('',#10639,1.);
#10639 = DIRECTION('',(0.,1.));
#10640 = ( GEOMETRIC_REPRESENTATION_CONTEXT(2) 
PARAMETRIC_REPRESENTATION_CONTEXT() REPRESENTATION_CONTEXT('2D SPACE',''
  ) );
#10641 = PCURVE('',#128,#10642);
#10642 = DEFINITIONAL_REPRESENTATION('',(#10643),#10648);
#10643 = B_SPLINE_CURVE_WITH_KNOTS('',3,(#10644,#10645,#10646,#10647),
  .UNSPECIFIED.,.F.,.F.,(4,4),(0.,1.),.PIECEWISE_BEZIER_KNOTS.);
#10644 = CARTESIAN_POINT('',(-31.39142541954,-6.211152077428));
#10645 = CARTESIAN_POINT('',(-31.29600702052,-6.693402916702));
#10646 = CARTESIAN_POINT('',(-31.18947337803,-7.173454428316));
#10647 = CARTESIAN_POINT('',(-31.07193759696,-7.650796950014));
#10648 = ( GEOMETRIC_REPRESENTATION_CONTEXT(2) 
PARAMETRIC_REPRESENTATION_CONTEXT() REPRESENTATION_CONTEXT('2D SPACE',''
  ) );
#10649 = ORIENTED_EDGE('',*,*,#10650,.F.);
#10650 = EDGE_CURVE('',#10600,#10626,#10651,.T.);
#10651 = SURFACE_CURVE('',#10652,(#10657,#10664),.PCURVE_S1.);
#10652 = B_SPLINE_CURVE_WITH_KNOTS('',3,(#10653,#10654,#10655,#10656),
  .UNSPECIFIED.,.F.,.F.,(4,4),(0.,1.),.PIECEWISE_BEZIER_KNOTS.);
#10653 = CARTESIAN_POINT('',(31.991504146304,-0.737334698075,0.));
#10654 = CARTESIAN_POINT('',(31.938048238243,-3.066150914995,
    6.000000986407));
#10655 = CARTESIAN_POINT('',(31.629086747163,-5.388977476509,
    11.999999013593));
#10656 = CARTESIAN_POINT('',(31.071937596964,-7.650796950014,18.));
#10657 = PCURVE('',#10572,#10658);
#10658 = DEFINITIONAL_REPRESENTATION('',(#10659),#10663);
#10659 = LINE('',#10660,#10661);
#10660 = CARTESIAN_POINT('',(0.,1.));
#10661 = VECTOR('',#10662,1.);
#10662 = DIRECTION('',(1.,0.));
#10663 = ( GEOMETRIC_REPRESENTATION_CONTEXT(2) 
PARAMETRIC_REPRESENTATION_CONTEXT() REPRESENTATION_CONTEXT('2D SPACE',''
  ) );
#10664 = PCURVE('',#10665,#10682);
#10665 = B_SPLINE_SURFACE_WITH_KNOTS('',3,3,(
    (#10666,#10667,#10668,#10669)
    ,(#10670,#10671,#10672,#10673)
    ,(#10674,#10675,#10676,#10677)
    ,(#10678,#10679,#10680,#10681
    )),.UNSPECIFIED.,.F.,.F.,.F.,(4,4),(4,4),(0.,1.),(0.,1.),
  .PIECEWISE_BEZIER_KNOTS.);
#10666 = CARTESIAN_POINT('',(31.991504146304,-0.737334698075,0.));
#10667 = CARTESIAN_POINT('',(30.785491891212,-1.329485418995,0.));
#10668 = CARTESIAN_POINT('',(29.487076320251,-1.85644406524,0.));
#10669 = CARTESIAN_POINT('',(28.127028346194,-1.89480231579,0.));
#10670 = CARTESIAN_POINT('',(31.938048238243,-3.066150914995,
    6.000000986407));
#10671 = CARTESIAN_POINT('',(30.688922339946,-3.570514401716,
    6.000000986407));
#10672 = CARTESIAN_POINT('',(29.352138131707,-4.002958899783,
    6.000000986407));
#10673 = CARTESIAN_POINT('',(27.989288607792,-3.942313159821,
    6.000000986407));
#10674 = CARTESIAN_POINT('',(31.629086747163,-5.388977476509,
    11.999999013593));
#10675 = CARTESIAN_POINT('',(30.346481179871,-5.800828171892,
    11.999999013593));
#10676 = CARTESIAN_POINT('',(28.98170010474,-6.134553927965,
    11.999999013593));
#10677 = CARTESIAN_POINT('',(27.626911504699,-5.974602123315,
    11.999999013593));
#10678 = CARTESIAN_POINT('',(31.071937596964,-7.650796950014,18.));
#10679 = CARTESIAN_POINT('',(29.766279319377,-7.96760051358,18.));
#10680 = CARTESIAN_POINT('',(28.384536269023,-8.200741141882,18.));
#10681 = CARTESIAN_POINT('',(27.048480139147,-7.943533317467,18.));
#10682 = DEFINITIONAL_REPRESENTATION('',(#10683),#10687);
#10683 = LINE('',#10684,#10685);
#10684 = CARTESIAN_POINT('',(0.,0.));
#10685 = VECTOR('',#10686,1.);
#10686 = DIRECTION('',(1.,0.));
#10687 = ( GEOMETRIC_REPRESENTATION_CONTEXT(2) 
PARAMETRIC_REPRESENTATION_CONTEXT() REPRESENTATION_CONTEXT('2D SPACE',''
  ) );
#10688 = ADVANCED_FACE('',(#10689),#10665,.T.);
#10689 = FACE_BOUND('',#10690,.T.);
#10690 = EDGE_LOOP('',(#10691,#10716,#10717,#10742));
#10691 = ORIENTED_EDGE('',*,*,#10692,.F.);
#10692 = EDGE_CURVE('',#10600,#10693,#10695,.T.);
#10693 = VERTEX_POINT('',#10694);
#10694 = CARTESIAN_POINT('',(28.127028346194,-1.89480231579,0.));
#10695 = SURFACE_CURVE('',#10696,(#10701,#10708),.PCURVE_S1.);
#10696 = B_SPLINE_CURVE_WITH_KNOTS('',3,(#10697,#10698,#10699,#10700),
  .UNSPECIFIED.,.F.,.F.,(4,4),(0.,1.),.PIECEWISE_BEZIER_KNOTS.);
#10697 = CARTESIAN_POINT('',(31.991504146304,-0.737334698075,0.));
#10698 = CARTESIAN_POINT('',(30.785491891212,-1.329485418995,0.));
#10699 = CARTESIAN_POINT('',(29.487076320251,-1.85644406524,0.));
#10700 = CARTESIAN_POINT('',(28.127028346194,-1.89480231579,0.));
#10701 = PCURVE('',#10665,#10702);
#10702 = DEFINITIONAL_REPRESENTATION('',(#10703),#10707);
#10703 = LINE('',#10704,#10705);
#10704 = CARTESIAN_POINT('',(0.,0.));
#10705 = VECTOR('',#10706,1.);
#10706 = DIRECTION('',(0.,1.));
#10707 = ( GEOMETRIC_REPRESENTATION_CONTEXT(2) 
PARAMETRIC_REPRESENTATION_CONTEXT() REPRESENTATION_CONTEXT('2D SPACE',''
  ) );
#10708 = PCURVE('',#57,#10709);
#10709 = DEFINITIONAL_REPRESENTATION('',(#10710),#10715);
#10710 = B_SPLINE_CURVE_WITH_KNOTS('',3,(#10711,#10712,#10713,#10714),
  .UNSPECIFIED.,.F.,.F.,(4,4),(0.,1.),.PIECEWISE_BEZIER_KNOTS.);
#10711 = CARTESIAN_POINT('',(31.991504146304,-0.737334698075));
#10712 = CARTESIAN_POINT('',(30.785491891212,-1.329485418995));
#10713 = CARTESIAN_POINT('',(29.487076320251,-1.85644406524));
#10714 = CARTESIAN_POINT('',(28.127028346194,-1.89480231579));
#10715 = ( GEOMETRIC_REPRESENTATION_CONTEXT(2) 
PARAMETRIC_REPRESENTATION_CONTEXT() REPRESENTATION_CONTEXT('2D SPACE',''
  ) );
#10716 = ORIENTED_EDGE('',*,*,#10650,.T.);
#10717 = ORIENTED_EDGE('',*,*,#10718,.T.);
#10718 = EDGE_CURVE('',#10626,#10719,#10721,.T.);
#10719 = VERTEX_POINT('',#10720);
#10720 = CARTESIAN_POINT('',(27.048480139147,-7.943533317467,18.));
#10721 = SURFACE_CURVE('',#10722,(#10727,#10734),.PCURVE_S1.);
#10722 = B_SPLINE_CURVE_WITH_KNOTS('',3,(#10723,#10724,#10725,#10726),
  .UNSPECIFIED.,.F.,.F.,(4,4),(0.,1.),.PIECEWISE_BEZIER_KNOTS.);
#10723 = CARTESIAN_POINT('',(31.071937596964,-7.650796950014,18.));
#10724 = CARTESIAN_POINT('',(29.766279319377,-7.96760051358,18.));
#10725 = CARTESIAN_POINT('',(28.384536269023,-8.200741141882,18.));
#10726 = CARTESIAN_POINT('',(27.048480139147,-7.943533317467,18.));
#10727 = PCURVE('',#10665,#10728);
#10728 = DEFINITIONAL_REPRESENTATION('',(#10729),#10733);
#10729 = LINE('',#10730,#10731);
#10730 = CARTESIAN_POINT('',(1.,0.));
#10731 = VECTOR('',#10732,1.);
#10732 = DIRECTION('',(0.,1.));
#10733 = ( GEOMETRIC_REPRESENTATION_CONTEXT(2) 
PARAMETRIC_REPRESENTATION_CONTEXT() REPRESENTATION_CONTEXT('2D SPACE',''
  ) );
#10734 = PCURVE('',#128,#10735);
#10735 = DEFINITIONAL_REPRESENTATION('',(#10736),#10741);
#10736 = B_SPLINE_CURVE_WITH_KNOTS('',3,(#10737,#10738,#10739,#10740),
  .UNSPECIFIED.,.F.,.F.,(4,4),(0.,1.),.PIECEWISE_BEZIER_KNOTS.);
#10737 = CARTESIAN_POINT('',(-31.07193759696,-7.650796950014));
#10738 = CARTESIAN_POINT('',(-29.76627931937,-7.96760051358));
#10739 = CARTESIAN_POINT('',(-28.38453626902,-8.200741141882));
#10740 = CARTESIAN_POINT('',(-27.04848013914,-7.943533317467));
#10741 = ( GEOMETRIC_REPRESENTATION_CONTEXT(2) 
PARAMETRIC_REPRESENTATION_CONTEXT() REPRESENTATION_CONTEXT('2D SPACE',''
  ) );
#10742 = ORIENTED_EDGE('',*,*,#10743,.F.);
#10743 = EDGE_CURVE('',#10693,#10719,#10744,.T.);
#10744 = SURFACE_CURVE('',#10745,(#10750,#10757),.PCURVE_S1.);
#10745 = B_SPLINE_CURVE_WITH_KNOTS('',3,(#10746,#10747,#10748,#10749),
  .UNSPECIFIED.,.F.,.F.,(4,4),(0.,1.),.PIECEWISE_BEZIER_KNOTS.);
#10746 = CARTESIAN_POINT('',(28.127028346194,-1.89480231579,0.));
#10747 = CARTESIAN_POINT('',(27.98928861532,-3.942313113763,
    6.000000849768));
#10748 = CARTESIAN_POINT('',(27.626911495844,-5.974602169136,
    11.999999150232));
#10749 = CARTESIAN_POINT('',(27.048480139147,-7.943533317467,18.));
#10750 = PCURVE('',#10665,#10751);
#10751 = DEFINITIONAL_REPRESENTATION('',(#10752),#10756);
#10752 = LINE('',#10753,#10754);
#10753 = CARTESIAN_POINT('',(0.,1.));
#10754 = VECTOR('',#10755,1.);
#10755 = DIRECTION('',(1.,0.));
#10756 = ( GEOMETRIC_REPRESENTATION_CONTEXT(2) 
PARAMETRIC_REPRESENTATION_CONTEXT() REPRESENTATION_CONTEXT('2D SPACE',''
  ) );
#10757 = PCURVE('',#10758,#10775);
#10758 = B_SPLINE_SURFACE_WITH_KNOTS('',3,3,(
    (#10759,#10760,#10761,#10762)
    ,(#10763,#10764,#10765,#10766)
    ,(#10767,#10768,#10769,#10770)
    ,(#10771,#10772,#10773,#10774
    )),.UNSPECIFIED.,.F.,.F.,.F.,(4,4),(4,4),(0.,1.),(0.,1.),
  .PIECEWISE_BEZIER_KNOTS.);
#10759 = CARTESIAN_POINT('',(28.127028346194,-1.89480231579,0.));
#10760 = CARTESIAN_POINT('',(27.209787040384,-2.172678439012,0.));
#10761 = CARTESIAN_POINT('',(27.066913157887,-3.532032628072,0.));
#10762 = CARTESIAN_POINT('',(27.906336845843,-3.994541682081,0.));
#10763 = CARTESIAN_POINT('',(27.98928861532,-3.942313113763,
    6.000000849768));
#10764 = CARTESIAN_POINT('',(27.051813153207,-4.153420849259,
    6.000000849768));
#10765 = CARTESIAN_POINT('',(26.809984550548,-5.502383849431,
    6.000000849768));
#10766 = CARTESIAN_POINT('',(27.615745766086,-6.02600163139,
    6.000000849768));
#10767 = CARTESIAN_POINT('',(27.626911495844,-5.974602169136,
    11.999999150232));
#10768 = CARTESIAN_POINT('',(26.676528521767,-6.116725075925,
    11.999999150232));
#10769 = CARTESIAN_POINT('',(26.336890570319,-7.444440523916,
    11.999999150232));
#10770 = CARTESIAN_POINT('',(27.102286506506,-8.025470453367,
    11.999999150232));
#10771 = CARTESIAN_POINT('',(27.048480139147,-7.943533317467,18.));
#10772 = CARTESIAN_POINT('',(26.092822020745,-8.016088907698,18.));
#10773 = CARTESIAN_POINT('',(25.6588367736,-9.312203703105,18.));
#10774 = CARTESIAN_POINT('',(26.378120702914,-9.945589353379,18.));
#10775 = DEFINITIONAL_REPRESENTATION('',(#10776),#10780);
#10776 = LINE('',#10777,#10778);
#10777 = CARTESIAN_POINT('',(0.,0.));
#10778 = VECTOR('',#10779,1.);
#10779 = DIRECTION('',(1.,0.));
#10780 = ( GEOMETRIC_REPRESENTATION_CONTEXT(2) 
PARAMETRIC_REPRESENTATION_CONTEXT() REPRESENTATION_CONTEXT('2D SPACE',''
  ) );
#10781 = ADVANCED_FACE('',(#10782),#10758,.T.);
#10782 = FACE_BOUND('',#10783,.T.);
#10783 = EDGE_LOOP('',(#10784,#10809,#10810,#10835));
#10784 = ORIENTED_EDGE('',*,*,#10785,.F.);
#10785 = EDGE_CURVE('',#10693,#10786,#10788,.T.);
#10786 = VERTEX_POINT('',#10787);
#10787 = CARTESIAN_POINT('',(27.906336845843,-3.994541682081,0.));
#10788 = SURFACE_CURVE('',#10789,(#10794,#10801),.PCURVE_S1.);
#10789 = B_SPLINE_CURVE_WITH_KNOTS('',3,(#10790,#10791,#10792,#10793),
  .UNSPECIFIED.,.F.,.F.,(4,4),(0.,1.),.PIECEWISE_BEZIER_KNOTS.);
#10790 = CARTESIAN_POINT('',(28.127028346194,-1.89480231579,0.));
#10791 = CARTESIAN_POINT('',(27.209787040384,-2.172678439012,0.));
#10792 = CARTESIAN_POINT('',(27.066913157887,-3.532032628072,0.));
#10793 = CARTESIAN_POINT('',(27.906336845843,-3.994541682081,0.));
#10794 = PCURVE('',#10758,#10795);
#10795 = DEFINITIONAL_REPRESENTATION('',(#10796),#10800);
#10796 = LINE('',#10797,#10798);
#10797 = CARTESIAN_POINT('',(0.,0.));
#10798 = VECTOR('',#10799,1.);
#10799 = DIRECTION('',(0.,1.));
#10800 = ( GEOMETRIC_REPRESENTATION_CONTEXT(2) 
PARAMETRIC_REPRESENTATION_CONTEXT() REPRESENTATION_CONTEXT('2D SPACE',''
  ) );
#10801 = PCURVE('',#57,#10802);
#10802 = DEFINITIONAL_REPRESENTATION('',(#10803),#10808);
#10803 = B_SPLINE_CURVE_WITH_KNOTS('',3,(#10804,#10805,#10806,#10807),
  .UNSPECIFIED.,.F.,.F.,(4,4),(0.,1.),.PIECEWISE_BEZIER_KNOTS.);
#10804 = CARTESIAN_POINT('',(28.127028346194,-1.89480231579));
#10805 = CARTESIAN_POINT('',(27.209787040384,-2.172678439012));
#10806 = CARTESIAN_POINT('',(27.066913157887,-3.532032628072));
#10807 = CARTESIAN_POINT('',(27.906336845843,-3.994541682081));
#10808 = ( GEOMETRIC_REPRESENTATION_CONTEXT(2) 
PARAMETRIC_REPRESENTATION_CONTEXT() REPRESENTATION_CONTEXT('2D SPACE',''
  ) );
#10809 = ORIENTED_EDGE('',*,*,#10743,.T.);
#10810 = ORIENTED_EDGE('',*,*,#10811,.T.);
#10811 = EDGE_CURVE('',#10719,#10812,#10814,.T.);
#10812 = VERTEX_POINT('',#10813);
#10813 = CARTESIAN_POINT('',(26.378120702914,-9.945589353379,18.));
#10814 = SURFACE_CURVE('',#10815,(#10820,#10827),.PCURVE_S1.);
#10815 = B_SPLINE_CURVE_WITH_KNOTS('',3,(#10816,#10817,#10818,#10819),
  .UNSPECIFIED.,.F.,.F.,(4,4),(0.,1.),.PIECEWISE_BEZIER_KNOTS.);
#10816 = CARTESIAN_POINT('',(27.048480139147,-7.943533317467,18.));
#10817 = CARTESIAN_POINT('',(26.092822020745,-8.016088907698,18.));
#10818 = CARTESIAN_POINT('',(25.6588367736,-9.312203703105,18.));
#10819 = CARTESIAN_POINT('',(26.378120702914,-9.945589353379,18.));
#10820 = PCURVE('',#10758,#10821);
#10821 = DEFINITIONAL_REPRESENTATION('',(#10822),#10826);
#10822 = LINE('',#10823,#10824);
#10823 = CARTESIAN_POINT('',(1.,0.));
#10824 = VECTOR('',#10825,1.);
#10825 = DIRECTION('',(0.,1.));
#10826 = ( GEOMETRIC_REPRESENTATION_CONTEXT(2) 
PARAMETRIC_REPRESENTATION_CONTEXT() REPRESENTATION_CONTEXT('2D SPACE',''
  ) );
#10827 = PCURVE('',#128,#10828);
#10828 = DEFINITIONAL_REPRESENTATION('',(#10829),#10834);
#10829 = B_SPLINE_CURVE_WITH_KNOTS('',3,(#10830,#10831,#10832,#10833),
  .UNSPECIFIED.,.F.,.F.,(4,4),(0.,1.),.PIECEWISE_BEZIER_KNOTS.);
#10830 = CARTESIAN_POINT('',(-27.04848013914,-7.943533317467));
#10831 = CARTESIAN_POINT('',(-26.09282202074,-8.016088907698));
#10832 = CARTESIAN_POINT('',(-25.6588367736,-9.312203703105));
#10833 = CARTESIAN_POINT('',(-26.37812070291,-9.945589353379));
#10834 = ( GEOMETRIC_REPRESENTATION_CONTEXT(2) 
PARAMETRIC_REPRESENTATION_CONTEXT() REPRESENTATION_CONTEXT('2D SPACE',''
  ) );
#10835 = ORIENTED_EDGE('',*,*,#10836,.F.);
#10836 = EDGE_CURVE('',#10786,#10812,#10837,.T.);
#10837 = SURFACE_CURVE('',#10838,(#10843,#10850),.PCURVE_S1.);
#10838 = B_SPLINE_CURVE_WITH_KNOTS('',3,(#10839,#10840,#10841,#10842),
  .UNSPECIFIED.,.F.,.F.,(4,4),(0.,1.),.PIECEWISE_BEZIER_KNOTS.);
#10839 = CARTESIAN_POINT('',(27.906336845843,-3.994541682081,0.));
#10840 = CARTESIAN_POINT('',(27.615745766086,-6.02600163139,
    6.000000849768));
#10841 = CARTESIAN_POINT('',(27.102286506506,-8.025470453367,
    11.999999150232));
#10842 = CARTESIAN_POINT('',(26.378120702914,-9.945589353379,18.));
#10843 = PCURVE('',#10758,#10844);
#10844 = DEFINITIONAL_REPRESENTATION('',(#10845),#10849);
#10845 = LINE('',#10846,#10847);
#10846 = CARTESIAN_POINT('',(0.,1.));
#10847 = VECTOR('',#10848,1.);
#10848 = DIRECTION('',(1.,0.));
#10849 = ( GEOMETRIC_REPRESENTATION_CONTEXT(2) 
PARAMETRIC_REPRESENTATION_CONTEXT() REPRESENTATION_CONTEXT('2D SPACE',''
  ) );
#10850 = PCURVE('',#10851,#10868);
#10851 = B_SPLINE_SURFACE_WITH_KNOTS('',3,3,(
    (#10852,#10853,#10854,#10855)
    ,(#10856,#10857,#10858,#10859)
    ,(#10860,#10861,#10862,#10863)
    ,(#10864,#10865,#10866,#10867
    )),.UNSPECIFIED.,.F.,.F.,.F.,(4,4),(4,4),(0.,1.),(0.,1.),
  .PIECEWISE_BEZIER_KNOTS.);
#10852 = CARTESIAN_POINT('',(27.906336845843,-3.994541682081,0.));
#10853 = CARTESIAN_POINT('',(29.22868937982,-4.314831586704,0.));
#10854 = CARTESIAN_POINT('',(30.38917059218,-5.100230698957,0.));
#10855 = CARTESIAN_POINT('',(31.445713528349,-5.930185553001,0.));
#10856 = CARTESIAN_POINT('',(27.615745755133,-6.026001676755,
    6.000000986407));
#10857 = CARTESIAN_POINT('',(28.914791905575,-6.442553989957,
    6.000000986407));
#10858 = CARTESIAN_POINT('',(30.018108156461,-7.312435311651,
    6.000000986407));
#10859 = CARTESIAN_POINT('',(31.014242001657,-8.219306525766,
    6.000000986407));
#10860 = CARTESIAN_POINT('',(27.102286518766,-8.025470408337,
    11.999999013593));
#10861 = CARTESIAN_POINT('',(28.367466005227,-8.535722892555,
    11.999999013593));
#10862 = CARTESIAN_POINT('',(29.404351303557,-9.483809988454,
    11.999999013593));
#10863 = CARTESIAN_POINT('',(30.331640335264,-10.4609655995,
    11.999999013593));
#10864 = CARTESIAN_POINT('',(26.378120702914,-9.945589353379,18.));
#10865 = CARTESIAN_POINT('',(27.599675395627,-10.54476043064,18.));
#10866 = CARTESIAN_POINT('',(28.562437204192,-11.56292451846,18.));
#10867 = CARTESIAN_POINT('',(29.414076327401,-12.60206783848,18.));
#10868 = DEFINITIONAL_REPRESENTATION('',(#10869),#10873);
#10869 = LINE('',#10870,#10871);
#10870 = CARTESIAN_POINT('',(0.,0.));
#10871 = VECTOR('',#10872,1.);
#10872 = DIRECTION('',(1.,0.));
#10873 = ( GEOMETRIC_REPRESENTATION_CONTEXT(2) 
PARAMETRIC_REPRESENTATION_CONTEXT() REPRESENTATION_CONTEXT('2D SPACE',''
  ) );
#10874 = ADVANCED_FACE('',(#10875),#10851,.T.);
#10875 = FACE_BOUND('',#10876,.T.);
#10876 = EDGE_LOOP('',(#10877,#10902,#10903,#10928));
#10877 = ORIENTED_EDGE('',*,*,#10878,.F.);
#10878 = EDGE_CURVE('',#10786,#10879,#10881,.T.);
#10879 = VERTEX_POINT('',#10880);
#10880 = CARTESIAN_POINT('',(31.445713528349,-5.930185553001,0.));
#10881 = SURFACE_CURVE('',#10882,(#10887,#10894),.PCURVE_S1.);
#10882 = B_SPLINE_CURVE_WITH_KNOTS('',3,(#10883,#10884,#10885,#10886),
  .UNSPECIFIED.,.F.,.F.,(4,4),(0.,1.),.PIECEWISE_BEZIER_KNOTS.);
#10883 = CARTESIAN_POINT('',(27.906336845843,-3.994541682081,0.));
#10884 = CARTESIAN_POINT('',(29.22868937982,-4.314831586704,0.));
#10885 = CARTESIAN_POINT('',(30.38917059218,-5.100230698957,0.));
#10886 = CARTESIAN_POINT('',(31.445713528349,-5.930185553001,0.));
#10887 = PCURVE('',#10851,#10888);
#10888 = DEFINITIONAL_REPRESENTATION('',(#10889),#10893);
#10889 = LINE('',#10890,#10891);
#10890 = CARTESIAN_POINT('',(0.,0.));
#10891 = VECTOR('',#10892,1.);
#10892 = DIRECTION('',(0.,1.));
#10893 = ( GEOMETRIC_REPRESENTATION_CONTEXT(2) 
PARAMETRIC_REPRESENTATION_CONTEXT() REPRESENTATION_CONTEXT('2D SPACE',''
  ) );
#10894 = PCURVE('',#57,#10895);
#10895 = DEFINITIONAL_REPRESENTATION('',(#10896),#10901);
#10896 = B_SPLINE_CURVE_WITH_KNOTS('',3,(#10897,#10898,#10899,#10900),
  .UNSPECIFIED.,.F.,.F.,(4,4),(0.,1.),.PIECEWISE_BEZIER_KNOTS.);
#10897 = CARTESIAN_POINT('',(27.906336845843,-3.994541682081));
#10898 = CARTESIAN_POINT('',(29.22868937982,-4.314831586704));
#10899 = CARTESIAN_POINT('',(30.38917059218,-5.100230698957));
#10900 = CARTESIAN_POINT('',(31.445713528349,-5.930185553001));
#10901 = ( GEOMETRIC_REPRESENTATION_CONTEXT(2) 
PARAMETRIC_REPRESENTATION_CONTEXT() REPRESENTATION_CONTEXT('2D SPACE',''
  ) );
#10902 = ORIENTED_EDGE('',*,*,#10836,.T.);
#10903 = ORIENTED_EDGE('',*,*,#10904,.T.);
#10904 = EDGE_CURVE('',#10812,#10905,#10907,.T.);
#10905 = VERTEX_POINT('',#10906);
#10906 = CARTESIAN_POINT('',(29.414076327401,-12.60206783848,18.));
#10907 = SURFACE_CURVE('',#10908,(#10913,#10920),.PCURVE_S1.);
#10908 = B_SPLINE_CURVE_WITH_KNOTS('',3,(#10909,#10910,#10911,#10912),
  .UNSPECIFIED.,.F.,.F.,(4,4),(0.,1.),.PIECEWISE_BEZIER_KNOTS.);
#10909 = CARTESIAN_POINT('',(26.378120702914,-9.945589353379,18.));
#10910 = CARTESIAN_POINT('',(27.599675395627,-10.54476043064,18.));
#10911 = CARTESIAN_POINT('',(28.562437204192,-11.56292451846,18.));
#10912 = CARTESIAN_POINT('',(29.414076327401,-12.60206783848,18.));
#10913 = PCURVE('',#10851,#10914);
#10914 = DEFINITIONAL_REPRESENTATION('',(#10915),#10919);
#10915 = LINE('',#10916,#10917);
#10916 = CARTESIAN_POINT('',(1.,0.));
#10917 = VECTOR('',#10918,1.);
#10918 = DIRECTION('',(0.,1.));
#10919 = ( GEOMETRIC_REPRESENTATION_CONTEXT(2) 
PARAMETRIC_REPRESENTATION_CONTEXT() REPRESENTATION_CONTEXT('2D SPACE',''
  ) );
#10920 = PCURVE('',#128,#10921);
#10921 = DEFINITIONAL_REPRESENTATION('',(#10922),#10927);
#10922 = B_SPLINE_CURVE_WITH_KNOTS('',3,(#10923,#10924,#10925,#10926),
  .UNSPECIFIED.,.F.,.F.,(4,4),(0.,1.),.PIECEWISE_BEZIER_KNOTS.);
#10923 = CARTESIAN_POINT('',(-26.37812070291,-9.945589353379));
#10924 = CARTESIAN_POINT('',(-27.59967539562,-10.54476043064));
#10925 = CARTESIAN_POINT('',(-28.56243720419,-11.56292451846));
#10926 = CARTESIAN_POINT('',(-29.4140763274,-12.60206783848));
#10927 = ( GEOMETRIC_REPRESENTATION_CONTEXT(2) 
PARAMETRIC_REPRESENTATION_CONTEXT() REPRESENTATION_CONTEXT('2D SPACE',''
  ) );
#10928 = ORIENTED_EDGE('',*,*,#10929,.F.);
#10929 = EDGE_CURVE('',#10879,#10905,#10930,.T.);
#10930 = SURFACE_CURVE('',#10931,(#10936,#10943),.PCURVE_S1.);
#10931 = B_SPLINE_CURVE_WITH_KNOTS('',3,(#10932,#10933,#10934,#10935),
  .UNSPECIFIED.,.F.,.F.,(4,4),(0.,1.),.PIECEWISE_BEZIER_KNOTS.);
#10932 = CARTESIAN_POINT('',(31.445713528349,-5.930185553001,0.));
#10933 = CARTESIAN_POINT('',(31.014242001657,-8.219306525766,
    6.000000986407));
#10934 = CARTESIAN_POINT('',(30.331640335264,-10.4609655995,
    11.999999013593));
#10935 = CARTESIAN_POINT('',(29.414076327401,-12.60206783848,18.));
#10936 = PCURVE('',#10851,#10937);
#10937 = DEFINITIONAL_REPRESENTATION('',(#10938),#10942);
#10938 = LINE('',#10939,#10940);
#10939 = CARTESIAN_POINT('',(0.,1.));
#10940 = VECTOR('',#10941,1.);
#10941 = DIRECTION('',(1.,0.));
#10942 = ( GEOMETRIC_REPRESENTATION_CONTEXT(2) 
PARAMETRIC_REPRESENTATION_CONTEXT() REPRESENTATION_CONTEXT('2D SPACE',''
  ) );
#10943 = PCURVE('',#10944,#10961);
#10944 = B_SPLINE_SURFACE_WITH_KNOTS('',3,3,(
    (#10945,#10946,#10947,#10948)
    ,(#10949,#10950,#10951,#10952)
    ,(#10953,#10954,#10955,#10956)
    ,(#10957,#10958,#10959,#10960
    )),.UNSPECIFIED.,.F.,.F.,.F.,(4,4),(4,4),(0.,1.),(0.,1.),
  .PIECEWISE_BEZIER_KNOTS.);
#10945 = CARTESIAN_POINT('',(31.445713528349,-5.930185553001,0.));
#10946 = CARTESIAN_POINT('',(31.354611478133,-6.413270389546,0.));
#10947 = CARTESIAN_POINT('',(31.252374961379,-6.894255384559,0.));
#10948 = CARTESIAN_POINT('',(31.139112520798,-7.372629884722,0.));
#10949 = CARTESIAN_POINT('',(31.014241990128,-8.219306565691,
    6.000001093596));
#10950 = CARTESIAN_POINT('',(30.887973313811,-8.695762951693,
    6.000001093596));
#10951 = CARTESIAN_POINT('',(30.750722952323,-9.169308951943,
    6.000001093596));
#10952 = CARTESIAN_POINT('',(30.602636621962,-9.639441810974,
    6.000001093596));
#10953 = CARTESIAN_POINT('',(30.331640347943,-10.46096555993,
    11.999998906404));
#10954 = CARTESIAN_POINT('',(30.170934177386,-10.92693550866,
    11.999998906404));
#10955 = CARTESIAN_POINT('',(29.999488024518,-11.38920133343,
    11.999998906404));
#10956 = CARTESIAN_POINT('',(29.817483910708,-11.84727225473,
    11.999998906404));
#10957 = CARTESIAN_POINT('',(29.414076327401,-12.60206783848,18.));
#10958 = CARTESIAN_POINT('',(29.22047746194,-13.05394173919,18.));
#10959 = CARTESIAN_POINT('',(29.016463513678,-13.50135338377,18.));
#10960 = CARTESIAN_POINT('',(28.802251080641,-13.94382776312,18.));
#10961 = DEFINITIONAL_REPRESENTATION('',(#10962),#10966);
#10962 = LINE('',#10963,#10964);
#10963 = CARTESIAN_POINT('',(0.,0.));
#10964 = VECTOR('',#10965,1.);
#10965 = DIRECTION('',(1.,0.));
#10966 = ( GEOMETRIC_REPRESENTATION_CONTEXT(2) 
PARAMETRIC_REPRESENTATION_CONTEXT() REPRESENTATION_CONTEXT('2D SPACE',''
  ) );
#10967 = ADVANCED_FACE('',(#10968),#10944,.T.);
#10968 = FACE_BOUND('',#10969,.T.);
#10969 = EDGE_LOOP('',(#10970,#10995,#10996,#11021));
#10970 = ORIENTED_EDGE('',*,*,#10971,.F.);
#10971 = EDGE_CURVE('',#10879,#10972,#10974,.T.);
#10972 = VERTEX_POINT('',#10973);
#10973 = CARTESIAN_POINT('',(31.139112520798,-7.372629884722,0.));
#10974 = SURFACE_CURVE('',#10975,(#10980,#10987),.PCURVE_S1.);
#10975 = B_SPLINE_CURVE_WITH_KNOTS('',3,(#10976,#10977,#10978,#10979),
  .UNSPECIFIED.,.F.,.F.,(4,4),(0.,1.),.PIECEWISE_BEZIER_KNOTS.);
#10976 = CARTESIAN_POINT('',(31.445713528349,-5.930185553001,0.));
#10977 = CARTESIAN_POINT('',(31.354611478133,-6.413270389546,0.));
#10978 = CARTESIAN_POINT('',(31.252374961379,-6.894255384559,0.));
#10979 = CARTESIAN_POINT('',(31.139112520798,-7.372629884722,0.));
#10980 = PCURVE('',#10944,#10981);
#10981 = DEFINITIONAL_REPRESENTATION('',(#10982),#10986);
#10982 = LINE('',#10983,#10984);
#10983 = CARTESIAN_POINT('',(0.,0.));
#10984 = VECTOR('',#10985,1.);
#10985 = DIRECTION('',(0.,1.));
#10986 = ( GEOMETRIC_REPRESENTATION_CONTEXT(2) 
PARAMETRIC_REPRESENTATION_CONTEXT() REPRESENTATION_CONTEXT('2D SPACE',''
  ) );
#10987 = PCURVE('',#57,#10988);
#10988 = DEFINITIONAL_REPRESENTATION('',(#10989),#10994);
#10989 = B_SPLINE_CURVE_WITH_KNOTS('',3,(#10990,#10991,#10992,#10993),
  .UNSPECIFIED.,.F.,.F.,(4,4),(0.,1.),.PIECEWISE_BEZIER_KNOTS.);
#10990 = CARTESIAN_POINT('',(31.445713528349,-5.930185553001));
#10991 = CARTESIAN_POINT('',(31.354611478133,-6.413270389546));
#10992 = CARTESIAN_POINT('',(31.252374961379,-6.894255384559));
#10993 = CARTESIAN_POINT('',(31.139112520798,-7.372629884722));
#10994 = ( GEOMETRIC_REPRESENTATION_CONTEXT(2) 
PARAMETRIC_REPRESENTATION_CONTEXT() REPRESENTATION_CONTEXT('2D SPACE',''
  ) );
#10995 = ORIENTED_EDGE('',*,*,#10929,.T.);
#10996 = ORIENTED_EDGE('',*,*,#10997,.T.);
#10997 = EDGE_CURVE('',#10905,#10998,#11000,.T.);
#10998 = VERTEX_POINT('',#10999);
#10999 = CARTESIAN_POINT('',(28.802251080641,-13.94382776312,18.));
#11000 = SURFACE_CURVE('',#11001,(#11006,#11013),.PCURVE_S1.);
#11001 = B_SPLINE_CURVE_WITH_KNOTS('',3,(#11002,#11003,#11004,#11005),
  .UNSPECIFIED.,.F.,.F.,(4,4),(0.,1.),.PIECEWISE_BEZIER_KNOTS.);
#11002 = CARTESIAN_POINT('',(29.414076327401,-12.60206783848,18.));
#11003 = CARTESIAN_POINT('',(29.22047746194,-13.05394173919,18.));
#11004 = CARTESIAN_POINT('',(29.016463513678,-13.50135338377,18.));
#11005 = CARTESIAN_POINT('',(28.802251080641,-13.94382776312,18.));
#11006 = PCURVE('',#10944,#11007);
#11007 = DEFINITIONAL_REPRESENTATION('',(#11008),#11012);
#11008 = LINE('',#11009,#11010);
#11009 = CARTESIAN_POINT('',(1.,0.));
#11010 = VECTOR('',#11011,1.);
#11011 = DIRECTION('',(0.,1.));
#11012 = ( GEOMETRIC_REPRESENTATION_CONTEXT(2) 
PARAMETRIC_REPRESENTATION_CONTEXT() REPRESENTATION_CONTEXT('2D SPACE',''
  ) );
#11013 = PCURVE('',#128,#11014);
#11014 = DEFINITIONAL_REPRESENTATION('',(#11015),#11020);
#11015 = B_SPLINE_CURVE_WITH_KNOTS('',3,(#11016,#11017,#11018,#11019),
  .UNSPECIFIED.,.F.,.F.,(4,4),(0.,1.),.PIECEWISE_BEZIER_KNOTS.);
#11016 = CARTESIAN_POINT('',(-29.4140763274,-12.60206783848));
#11017 = CARTESIAN_POINT('',(-29.22047746194,-13.05394173919));
#11018 = CARTESIAN_POINT('',(-29.01646351367,-13.50135338377));
#11019 = CARTESIAN_POINT('',(-28.80225108064,-13.94382776312));
#11020 = ( GEOMETRIC_REPRESENTATION_CONTEXT(2) 
PARAMETRIC_REPRESENTATION_CONTEXT() REPRESENTATION_CONTEXT('2D SPACE',''
  ) );
#11021 = ORIENTED_EDGE('',*,*,#11022,.F.);
#11022 = EDGE_CURVE('',#10972,#10998,#11023,.T.);
#11023 = SURFACE_CURVE('',#11024,(#11029,#11036),.PCURVE_S1.);
#11024 = B_SPLINE_CURVE_WITH_KNOTS('',3,(#11025,#11026,#11027,#11028),
  .UNSPECIFIED.,.F.,.F.,(4,4),(0.,1.),.PIECEWISE_BEZIER_KNOTS.);
#11025 = CARTESIAN_POINT('',(31.139112520798,-7.372629884722,0.));
#11026 = CARTESIAN_POINT('',(30.602636635319,-9.639441771622,
    6.000000986407));
#11027 = CARTESIAN_POINT('',(29.817483896219,-11.84727229368,
    11.999999013593));
#11028 = CARTESIAN_POINT('',(28.802251080641,-13.94382776312,18.));
#11029 = PCURVE('',#10944,#11030);
#11030 = DEFINITIONAL_REPRESENTATION('',(#11031),#11035);
#11031 = LINE('',#11032,#11033);
#11032 = CARTESIAN_POINT('',(0.,1.));
#11033 = VECTOR('',#11034,1.);
#11034 = DIRECTION('',(1.,0.));
#11035 = ( GEOMETRIC_REPRESENTATION_CONTEXT(2) 
PARAMETRIC_REPRESENTATION_CONTEXT() REPRESENTATION_CONTEXT('2D SPACE',''
  ) );
#11036 = PCURVE('',#11037,#11054);
#11037 = B_SPLINE_SURFACE_WITH_KNOTS('',3,3,(
    (#11038,#11039,#11040,#11041)
    ,(#11042,#11043,#11044,#11045)
    ,(#11046,#11047,#11048,#11049)
    ,(#11050,#11051,#11052,#11053
    )),.UNSPECIFIED.,.F.,.F.,.F.,(4,4),(4,4),(0.,1.),(0.,1.),
  .PIECEWISE_BEZIER_KNOTS.);
#11038 = CARTESIAN_POINT('',(31.139112520798,-7.372629884722,0.));
#11039 = CARTESIAN_POINT('',(29.836339469418,-7.701096644559,0.));
#11040 = CARTESIAN_POINT('',(28.456736530795,-7.946584203327,0.));
#11041 = CARTESIAN_POINT('',(27.11843373936,-7.701334360191,0.));
#11042 = CARTESIAN_POINT('',(30.602636635319,-9.639441771622,
    6.000000986407));
#11043 = CARTESIAN_POINT('',(29.275944069575,-9.873075828497,
    6.000000986407));
#11044 = CARTESIAN_POINT('',(27.878461536809,-10.01813731173,
    6.000000986407));
#11045 = CARTESIAN_POINT('',(26.558002503167,-9.675464477852,
    6.000000986407));
#11046 = CARTESIAN_POINT('',(29.817483896219,-11.84727229368,
    11.999999013593));
#11047 = CARTESIAN_POINT('',(28.477277763444,-11.98345437108,
    11.999999013593));
#11048 = CARTESIAN_POINT('',(27.072934943062,-12.02613347776,
    11.999999013593));
#11049 = CARTESIAN_POINT('',(25.781007574585,-11.58800061527,
    11.999999013593));
#11050 = CARTESIAN_POINT('',(28.802251080641,-13.94382776312,18.));
#11051 = CARTESIAN_POINT('',(27.459257404482,-13.9822467886,18.));
#11052 = CARTESIAN_POINT('',(26.059236092719,-13.92301220094,18.));
#11053 = CARTESIAN_POINT('',(24.805852508501,-13.39364329561,18.));
#11054 = DEFINITIONAL_REPRESENTATION('',(#11055),#11059);
#11055 = LINE('',#11056,#11057);
#11056 = CARTESIAN_POINT('',(0.,0.));
#11057 = VECTOR('',#11058,1.);
#11058 = DIRECTION('',(1.,0.));
#11059 = ( GEOMETRIC_REPRESENTATION_CONTEXT(2) 
PARAMETRIC_REPRESENTATION_CONTEXT() REPRESENTATION_CONTEXT('2D SPACE',''
  ) );
#11060 = ADVANCED_FACE('',(#11061),#11037,.T.);
#11061 = FACE_BOUND('',#11062,.T.);
#11062 = EDGE_LOOP('',(#11063,#11088,#11089,#11114));
#11063 = ORIENTED_EDGE('',*,*,#11064,.F.);
#11064 = EDGE_CURVE('',#10972,#11065,#11067,.T.);
#11065 = VERTEX_POINT('',#11066);
#11066 = CARTESIAN_POINT('',(27.11843373936,-7.701334360191,0.));
#11067 = SURFACE_CURVE('',#11068,(#11073,#11080),.PCURVE_S1.);
#11068 = B_SPLINE_CURVE_WITH_KNOTS('',3,(#11069,#11070,#11071,#11072),
  .UNSPECIFIED.,.F.,.F.,(4,4),(0.,1.),.PIECEWISE_BEZIER_KNOTS.);
#11069 = CARTESIAN_POINT('',(31.139112520798,-7.372629884722,0.));
#11070 = CARTESIAN_POINT('',(29.836339469418,-7.701096644559,0.));
#11071 = CARTESIAN_POINT('',(28.456736530795,-7.946584203327,0.));
#11072 = CARTESIAN_POINT('',(27.11843373936,-7.701334360191,0.));
#11073 = PCURVE('',#11037,#11074);
#11074 = DEFINITIONAL_REPRESENTATION('',(#11075),#11079);
#11075 = LINE('',#11076,#11077);
#11076 = CARTESIAN_POINT('',(0.,0.));
#11077 = VECTOR('',#11078,1.);
#11078 = DIRECTION('',(0.,1.));
#11079 = ( GEOMETRIC_REPRESENTATION_CONTEXT(2) 
PARAMETRIC_REPRESENTATION_CONTEXT() REPRESENTATION_CONTEXT('2D SPACE',''
  ) );
#11080 = PCURVE('',#57,#11081);
#11081 = DEFINITIONAL_REPRESENTATION('',(#11082),#11087);
#11082 = B_SPLINE_CURVE_WITH_KNOTS('',3,(#11083,#11084,#11085,#11086),
  .UNSPECIFIED.,.F.,.F.,(4,4),(0.,1.),.PIECEWISE_BEZIER_KNOTS.);
#11083 = CARTESIAN_POINT('',(31.139112520798,-7.372629884722));
#11084 = CARTESIAN_POINT('',(29.836339469418,-7.701096644559));
#11085 = CARTESIAN_POINT('',(28.456736530795,-7.946584203327));
#11086 = CARTESIAN_POINT('',(27.11843373936,-7.701334360191));
#11087 = ( GEOMETRIC_REPRESENTATION_CONTEXT(2) 
PARAMETRIC_REPRESENTATION_CONTEXT() REPRESENTATION_CONTEXT('2D SPACE',''
  ) );
#11088 = ORIENTED_EDGE('',*,*,#11022,.T.);
#11089 = ORIENTED_EDGE('',*,*,#11090,.T.);
#11090 = EDGE_CURVE('',#10998,#11091,#11093,.T.);
#11091 = VERTEX_POINT('',#11092);
#11092 = CARTESIAN_POINT('',(24.805852508501,-13.39364329561,18.));
#11093 = SURFACE_CURVE('',#11094,(#11099,#11106),.PCURVE_S1.);
#11094 = B_SPLINE_CURVE_WITH_KNOTS('',3,(#11095,#11096,#11097,#11098),
  .UNSPECIFIED.,.F.,.F.,(4,4),(0.,1.),.PIECEWISE_BEZIER_KNOTS.);
#11095 = CARTESIAN_POINT('',(28.802251080641,-13.94382776312,18.));
#11096 = CARTESIAN_POINT('',(27.459257404482,-13.9822467886,18.));
#11097 = CARTESIAN_POINT('',(26.059236092719,-13.92301220094,18.));
#11098 = CARTESIAN_POINT('',(24.805852508501,-13.39364329561,18.));
#11099 = PCURVE('',#11037,#11100);
#11100 = DEFINITIONAL_REPRESENTATION('',(#11101),#11105);
#11101 = LINE('',#11102,#11103);
#11102 = CARTESIAN_POINT('',(1.,0.));
#11103 = VECTOR('',#11104,1.);
#11104 = DIRECTION('',(0.,1.));
#11105 = ( GEOMETRIC_REPRESENTATION_CONTEXT(2) 
PARAMETRIC_REPRESENTATION_CONTEXT() REPRESENTATION_CONTEXT('2D SPACE',''
  ) );
#11106 = PCURVE('',#128,#11107);
#11107 = DEFINITIONAL_REPRESENTATION('',(#11108),#11113);
#11108 = B_SPLINE_CURVE_WITH_KNOTS('',3,(#11109,#11110,#11111,#11112),
  .UNSPECIFIED.,.F.,.F.,(4,4),(0.,1.),.PIECEWISE_BEZIER_KNOTS.);
#11109 = CARTESIAN_POINT('',(-28.80225108064,-13.94382776312));
#11110 = CARTESIAN_POINT('',(-27.45925740448,-13.9822467886));
#11111 = CARTESIAN_POINT('',(-26.05923609271,-13.92301220094));
#11112 = CARTESIAN_POINT('',(-24.8058525085,-13.39364329561));
#11113 = ( GEOMETRIC_REPRESENTATION_CONTEXT(2) 
PARAMETRIC_REPRESENTATION_CONTEXT() REPRESENTATION_CONTEXT('2D SPACE',''
  ) );
#11114 = ORIENTED_EDGE('',*,*,#11115,.F.);
#11115 = EDGE_CURVE('',#11065,#11091,#11116,.T.);
#11116 = SURFACE_CURVE('',#11117,(#11122,#11129),.PCURVE_S1.);
#11117 = B_SPLINE_CURVE_WITH_KNOTS('',3,(#11118,#11119,#11120,#11121),
  .UNSPECIFIED.,.F.,.F.,(4,4),(0.,1.),.PIECEWISE_BEZIER_KNOTS.);
#11118 = CARTESIAN_POINT('',(27.11843373936,-7.701334360191,0.));
#11119 = CARTESIAN_POINT('',(26.558002520105,-9.675464434366,
    6.000000849768));
#11120 = CARTESIAN_POINT('',(25.781007556396,-11.58800065825,
    11.999999150232));
#11121 = CARTESIAN_POINT('',(24.805852508501,-13.39364329561,18.));
#11122 = PCURVE('',#11037,#11123);
#11123 = DEFINITIONAL_REPRESENTATION('',(#11124),#11128);
#11124 = LINE('',#11125,#11126);
#11125 = CARTESIAN_POINT('',(0.,1.));
#11126 = VECTOR('',#11127,1.);
#11127 = DIRECTION('',(1.,0.));
#11128 = ( GEOMETRIC_REPRESENTATION_CONTEXT(2) 
PARAMETRIC_REPRESENTATION_CONTEXT() REPRESENTATION_CONTEXT('2D SPACE',''
  ) );
#11129 = PCURVE('',#87,#11130);
#11130 = DEFINITIONAL_REPRESENTATION('',(#11131),#11135);
#11131 = LINE('',#11132,#11133);
#11132 = CARTESIAN_POINT('',(0.,0.));
#11133 = VECTOR('',#11134,1.);
#11134 = DIRECTION('',(1.,0.));
#11135 = ( GEOMETRIC_REPRESENTATION_CONTEXT(2) 
PARAMETRIC_REPRESENTATION_CONTEXT() REPRESENTATION_CONTEXT('2D SPACE',''
  ) );
#11136 = ADVANCED_FACE('',(#11137,#11281),#128,.F.);
#11137 = FACE_BOUND('',#11138,.F.);
#11138 = EDGE_LOOP('',(#11139,#11140,#11141,#11142,#11143,#11144,#11145,
    #11146,#11147,#11148,#11149,#11150,#11151,#11152,#11153,#11154,
    #11155,#11156,#11157,#11158,#11159,#11160,#11161,#11162,#11163,
    #11164,#11165,#11166,#11167,#11168,#11169,#11170,#11171,#11172,
    #11173,#11174,#11175,#11176,#11177,#11178,#11179,#11180,#11181,
    #11182,#11183,#11184,#11185,#11186,#11187,#11188,#11189,#11190,
    #11191,#11192,#11193,#11194,#11195,#11196,#11197,#11198,#11199,
    #11200,#11201,#11202,#11203,#11204,#11205,#11206,#11207,#11208,
    #11209,#11210,#11233,#11234,#11235,#11236,#11237,#11238,#11239,
    #11240,#11241,#11242,#11243,#11244,#11245,#11246,#11247,#11248,
    #11249,#11250,#11251,#11252,#11253,#11254,#11255,#11256,#11257,
    #11258,#11259,#11260,#11261,#11262,#11263,#11264,#11265,#11266,
    #11267,#11268,#11269,#11270,#11271,#11272,#11273,#11274,#11275,
    #11276,#11277,#11278,#11279,#11280));
#11139 = ORIENTED_EDGE('',*,*,#4580,.T.);
#11140 = ORIENTED_EDGE('',*,*,#4673,.T.);
#11141 = ORIENTED_EDGE('',*,*,#4766,.T.);
#11142 = ORIENTED_EDGE('',*,*,#4859,.T.);
#11143 = ORIENTED_EDGE('',*,*,#4952,.T.);
#11144 = ORIENTED_EDGE('',*,*,#5045,.T.);
#11145 = ORIENTED_EDGE('',*,*,#5138,.T.);
#11146 = ORIENTED_EDGE('',*,*,#5231,.T.);
#11147 = ORIENTED_EDGE('',*,*,#5324,.T.);
#11148 = ORIENTED_EDGE('',*,*,#5417,.T.);
#11149 = ORIENTED_EDGE('',*,*,#5510,.T.);
#11150 = ORIENTED_EDGE('',*,*,#5603,.T.);
#11151 = ORIENTED_EDGE('',*,*,#5696,.T.);
#11152 = ORIENTED_EDGE('',*,*,#5789,.T.);
#11153 = ORIENTED_EDGE('',*,*,#5882,.T.);
#11154 = ORIENTED_EDGE('',*,*,#5975,.T.);
#11155 = ORIENTED_EDGE('',*,*,#6068,.T.);
#11156 = ORIENTED_EDGE('',*,*,#6161,.T.);
#11157 = ORIENTED_EDGE('',*,*,#6254,.T.);
#11158 = ORIENTED_EDGE('',*,*,#6347,.T.);
#11159 = ORIENTED_EDGE('',*,*,#6440,.T.);
#11160 = ORIENTED_EDGE('',*,*,#6533,.T.);
#11161 = ORIENTED_EDGE('',*,*,#6626,.T.);
#11162 = ORIENTED_EDGE('',*,*,#6719,.T.);
#11163 = ORIENTED_EDGE('',*,*,#6812,.T.);
#11164 = ORIENTED_EDGE('',*,*,#6905,.T.);
#11165 = ORIENTED_EDGE('',*,*,#6998,.T.);
#11166 = ORIENTED_EDGE('',*,*,#7091,.T.);
#11167 = ORIENTED_EDGE('',*,*,#7184,.T.);
#11168 = ORIENTED_EDGE('',*,*,#7277,.T.);
#11169 = ORIENTED_EDGE('',*,*,#7370,.T.);
#11170 = ORIENTED_EDGE('',*,*,#7463,.T.);
#11171 = ORIENTED_EDGE('',*,*,#7556,.T.);
#11172 = ORIENTED_EDGE('',*,*,#7649,.T.);
#11173 = ORIENTED_EDGE('',*,*,#7742,.T.);
#11174 = ORIENTED_EDGE('',*,*,#7835,.T.);
#11175 = ORIENTED_EDGE('',*,*,#7928,.T.);
#11176 = ORIENTED_EDGE('',*,*,#8021,.T.);
#11177 = ORIENTED_EDGE('',*,*,#8114,.T.);
#11178 = ORIENTED_EDGE('',*,*,#8207,.T.);
#11179 = ORIENTED_EDGE('',*,*,#8300,.T.);
#11180 = ORIENTED_EDGE('',*,*,#8393,.T.);
#11181 = ORIENTED_EDGE('',*,*,#8486,.T.);
#11182 = ORIENTED_EDGE('',*,*,#8579,.T.);
#11183 = ORIENTED_EDGE('',*,*,#8672,.T.);
#11184 = ORIENTED_EDGE('',*,*,#8765,.T.);
#11185 = ORIENTED_EDGE('',*,*,#8858,.T.);
#11186 = ORIENTED_EDGE('',*,*,#8951,.T.);
#11187 = ORIENTED_EDGE('',*,*,#9044,.T.);
#11188 = ORIENTED_EDGE('',*,*,#9137,.T.);
#11189 = ORIENTED_EDGE('',*,*,#9230,.T.);
#11190 = ORIENTED_EDGE('',*,*,#9323,.T.);
#11191 = ORIENTED_EDGE('',*,*,#9416,.T.);
#11192 = ORIENTED_EDGE('',*,*,#9509,.T.);
#11193 = ORIENTED_EDGE('',*,*,#9602,.T.);
#11194 = ORIENTED_EDGE('',*,*,#9695,.T.);
#11195 = ORIENTED_EDGE('',*,*,#9788,.T.);
#11196 = ORIENTED_EDGE('',*,*,#9881,.T.);
#11197 = ORIENTED_EDGE('',*,*,#9974,.T.);
#11198 = ORIENTED_EDGE('',*,*,#10067,.T.);
#11199 = ORIENTED_EDGE('',*,*,#10160,.T.);
#11200 = ORIENTED_EDGE('',*,*,#10253,.T.);
#11201 = ORIENTED_EDGE('',*,*,#10346,.T.);
#11202 = ORIENTED_EDGE('',*,*,#10439,.T.);
#11203 = ORIENTED_EDGE('',*,*,#10532,.T.);
#11204 = ORIENTED_EDGE('',*,*,#10625,.T.);
#11205 = ORIENTED_EDGE('',*,*,#10718,.T.);
#11206 = ORIENTED_EDGE('',*,*,#10811,.T.);
#11207 = ORIENTED_EDGE('',*,*,#10904,.T.);
#11208 = ORIENTED_EDGE('',*,*,#10997,.T.);
#11209 = ORIENTED_EDGE('',*,*,#11090,.T.);
#11210 = ORIENTED_EDGE('',*,*,#11211,.T.);
#11211 = EDGE_CURVE('',#11091,#71,#11212,.T.);
#11212 = SURFACE_CURVE('',#11213,(#11218,#11226),.PCURVE_S1.);
#11213 = B_SPLINE_CURVE_WITH_KNOTS('',3,(#11214,#11215,#11216,#11217),
  .UNSPECIFIED.,.F.,.F.,(4,4),(0.,1.),.PIECEWISE_BEZIER_KNOTS.);
#11214 = CARTESIAN_POINT('',(24.805852508501,-13.39364329561,18.));
#11215 = CARTESIAN_POINT('',(23.855992657421,-13.26592087687,18.));
#11216 = CARTESIAN_POINT('',(23.162013610565,-14.44348184775,18.));
#11217 = CARTESIAN_POINT('',(23.733891178782,-15.21257403982,18.));
#11218 = PCURVE('',#128,#11219);
#11219 = DEFINITIONAL_REPRESENTATION('',(#11220),#11225);
#11220 = B_SPLINE_CURVE_WITH_KNOTS('',3,(#11221,#11222,#11223,#11224),
  .UNSPECIFIED.,.F.,.F.,(4,4),(0.,1.),.PIECEWISE_BEZIER_KNOTS.);
#11221 = CARTESIAN_POINT('',(-24.8058525085,-13.39364329561));
#11222 = CARTESIAN_POINT('',(-23.85599265742,-13.26592087687));
#11223 = CARTESIAN_POINT('',(-23.16201361056,-14.44348184775));
#11224 = CARTESIAN_POINT('',(-23.73389117878,-15.21257403982));
#11225 = ( GEOMETRIC_REPRESENTATION_CONTEXT(2) 
PARAMETRIC_REPRESENTATION_CONTEXT() REPRESENTATION_CONTEXT('2D SPACE',''
  ) );
#11226 = PCURVE('',#87,#11227);
#11227 = DEFINITIONAL_REPRESENTATION('',(#11228),#11232);
#11228 = LINE('',#11229,#11230);
#11229 = CARTESIAN_POINT('',(1.,0.));
#11230 = VECTOR('',#11231,1.);
#11231 = DIRECTION('',(0.,1.));
#11232 = ( GEOMETRIC_REPRESENTATION_CONTEXT(2) 
PARAMETRIC_REPRESENTATION_CONTEXT() REPRESENTATION_CONTEXT('2D SPACE',''
  ) );
#11233 = ORIENTED_EDGE('',*,*,#111,.T.);
#11234 = ORIENTED_EDGE('',*,*,#209,.T.);
#11235 = ORIENTED_EDGE('',*,*,#302,.T.);
#11236 = ORIENTED_EDGE('',*,*,#395,.T.);
#11237 = ORIENTED_EDGE('',*,*,#488,.T.);
#11238 = ORIENTED_EDGE('',*,*,#581,.T.);
#11239 = ORIENTED_EDGE('',*,*,#674,.T.);
#11240 = ORIENTED_EDGE('',*,*,#767,.T.);
#11241 = ORIENTED_EDGE('',*,*,#860,.T.);
#11242 = ORIENTED_EDGE('',*,*,#953,.T.);
#11243 = ORIENTED_EDGE('',*,*,#1046,.T.);
#11244 = ORIENTED_EDGE('',*,*,#1139,.T.);
#11245 = ORIENTED_EDGE('',*,*,#1232,.T.);
#11246 = ORIENTED_EDGE('',*,*,#1325,.T.);
#11247 = ORIENTED_EDGE('',*,*,#1418,.T.);
#11248 = ORIENTED_EDGE('',*,*,#1511,.T.);
#11249 = ORIENTED_EDGE('',*,*,#1604,.T.);
#11250 = ORIENTED_EDGE('',*,*,#1697,.T.);
#11251 = ORIENTED_EDGE('',*,*,#1790,.T.);
#11252 = ORIENTED_EDGE('',*,*,#1883,.T.);
#11253 = ORIENTED_EDGE('',*,*,#1976,.T.);
#11254 = ORIENTED_EDGE('',*,*,#2069,.T.);
#11255 = ORIENTED_EDGE('',*,*,#2162,.T.);
#11256 = ORIENTED_EDGE('',*,*,#2255,.T.);
#11257 = ORIENTED_EDGE('',*,*,#2348,.T.);
#11258 = ORIENTED_EDGE('',*,*,#2441,.T.);
#11259 = ORIENTED_EDGE('',*,*,#2534,.T.);
#11260 = ORIENTED_EDGE('',*,*,#2627,.T.);
#11261 = ORIENTED_EDGE('',*,*,#2720,.T.);
#11262 = ORIENTED_EDGE('',*,*,#2813,.T.);
#11263 = ORIENTED_EDGE('',*,*,#2906,.T.);
#11264 = ORIENTED_EDGE('',*,*,#2999,.T.);
#11265 = ORIENTED_EDGE('',*,*,#3092,.T.);
#11266 = ORIENTED_EDGE('',*,*,#3185,.T.);
#11267 = ORIENTED_EDGE('',*,*,#3278,.T.);
#11268 = ORIENTED_EDGE('',*,*,#3371,.T.);
#11269 = ORIENTED_EDGE('',*,*,#3464,.T.);
#11270 = ORIENTED_EDGE('',*,*,#3557,.T.);
#11271 = ORIENTED_EDGE('',*,*,#3650,.T.);
#11272 = ORIENTED_EDGE('',*,*,#3743,.T.);
#11273 = ORIENTED_EDGE('',*,*,#3836,.T.);
#11274 = ORIENTED_EDGE('',*,*,#3929,.T.);
#11275 = ORIENTED_EDGE('',*,*,#4022,.T.);
#11276 = ORIENTED_EDGE('',*,*,#4115,.T.);
#11277 = ORIENTED_EDGE('',*,*,#4208,.T.);
#11278 = ORIENTED_EDGE('',*,*,#4301,.T.);
#11279 = ORIENTED_EDGE('',*,*,#4394,.T.);
#11280 = ORIENTED_EDGE('',*,*,#4487,.T.);
#11281 = FACE_BOUND('',#11282,.F.);
#11282 = EDGE_LOOP('',(#11283));
#11283 = ORIENTED_EDGE('',*,*,#11284,.F.);
#11284 = EDGE_CURVE('',#11285,#11285,#11287,.T.);
#11285 = VERTEX_POINT('',#11286);
#11286 = CARTESIAN_POINT('',(7.5,0.,18.));
#11287 = SURFACE_CURVE('',#11288,(#11293,#11300),.PCURVE_S1.);
#11288 = CIRCLE('',#11289,7.5);
#11289 = AXIS2_PLACEMENT_3D('',#11290,#11291,#11292);
#11290 = CARTESIAN_POINT('',(-2.140735622408E-16,8.881784197001E-16,18.)
  );
#11291 = DIRECTION('',(0.,0.,-1.));
#11292 = DIRECTION('',(1.,-3.633531491228E-16,0.));
#11293 = PCURVE('',#128,#11294);
#11294 = DEFINITIONAL_REPRESENTATION('',(#11295),#11299);
#11295 = CIRCLE('',#11296,7.5);
#11296 = AXIS2_PLACEMENT_2D('',#11297,#11298);
#11297 = CARTESIAN_POINT('',(-5.86550949682E-15,4.342293534706E-15));
#11298 = DIRECTION('',(-1.,-3.633531491228E-16));
#11299 = ( GEOMETRIC_REPRESENTATION_CONTEXT(2) 
PARAMETRIC_REPRESENTATION_CONTEXT() REPRESENTATION_CONTEXT('2D SPACE',''
  ) );
#11300 = PCURVE('',#11301,#11306);
#11301 = CYLINDRICAL_SURFACE('',#11302,7.5);
#11302 = AXIS2_PLACEMENT_3D('',#11303,#11304,#11305);
#11303 = CARTESIAN_POINT('',(0.,0.,64.167176823104));
#11304 = DIRECTION('',(0.,-0.,1.));
#11305 = DIRECTION('',(1.,0.,0.));
#11306 = DEFINITIONAL_REPRESENTATION('',(#11307),#11311);
#11307 = LINE('',#11308,#11309);
#11308 = CARTESIAN_POINT('',(-0.,-46.1671768231));
#11309 = VECTOR('',#11310,1.);
#11310 = DIRECTION('',(-1.,-0.));
#11311 = ( GEOMETRIC_REPRESENTATION_CONTEXT(2) 
PARAMETRIC_REPRESENTATION_CONTEXT() REPRESENTATION_CONTEXT('2D SPACE',''
  ) );
#11312 = ADVANCED_FACE('',(#11313),#11301,.F.);
#11313 = FACE_BOUND('',#11314,.T.);
#11314 = EDGE_LOOP('',(#11315,#11316,#11339,#11361));
#11315 = ORIENTED_EDGE('',*,*,#11284,.F.);
#11316 = ORIENTED_EDGE('',*,*,#11317,.T.);
#11317 = EDGE_CURVE('',#11285,#11318,#11320,.T.);
#11318 = VERTEX_POINT('',#11319);
#11319 = CARTESIAN_POINT('',(7.5,0.,0.));
#11320 = SEAM_CURVE('',#11321,(#11325,#11332),.PCURVE_S1.);
#11321 = LINE('',#11322,#11323);
#11322 = CARTESIAN_POINT('',(7.5,0.,64.167176823104));
#11323 = VECTOR('',#11324,1.);
#11324 = DIRECTION('',(0.,0.,-1.));
#11325 = PCURVE('',#11301,#11326);
#11326 = DEFINITIONAL_REPRESENTATION('',(#11327),#11331);
#11327 = LINE('',#11328,#11329);
#11328 = CARTESIAN_POINT('',(-0.,0.));
#11329 = VECTOR('',#11330,1.);
#11330 = DIRECTION('',(-0.,-1.));
#11331 = ( GEOMETRIC_REPRESENTATION_CONTEXT(2) 
PARAMETRIC_REPRESENTATION_CONTEXT() REPRESENTATION_CONTEXT('2D SPACE',''
  ) );
#11332 = PCURVE('',#11301,#11333);
#11333 = DEFINITIONAL_REPRESENTATION('',(#11334),#11338);
#11334 = LINE('',#11335,#11336);
#11335 = CARTESIAN_POINT('',(-6.28318530718,0.));
#11336 = VECTOR('',#11337,1.);
#11337 = DIRECTION('',(-0.,-1.));
#11338 = ( GEOMETRIC_REPRESENTATION_CONTEXT(2) 
PARAMETRIC_REPRESENTATION_CONTEXT() REPRESENTATION_CONTEXT('2D SPACE',''
  ) );
#11339 = ORIENTED_EDGE('',*,*,#11340,.F.);
#11340 = EDGE_CURVE('',#11318,#11318,#11341,.T.);
#11341 = SURFACE_CURVE('',#11342,(#11347,#11354),.PCURVE_S1.);
#11342 = CIRCLE('',#11343,7.5);
#11343 = AXIS2_PLACEMENT_3D('',#11344,#11345,#11346);
#11344 = CARTESIAN_POINT('',(0.,0.,0.));
#11345 = DIRECTION('',(0.,-0.,1.));
#11346 = DIRECTION('',(1.,0.,0.));
#11347 = PCURVE('',#11301,#11348);
#11348 = DEFINITIONAL_REPRESENTATION('',(#11349),#11353);
#11349 = LINE('',#11350,#11351);
#11350 = CARTESIAN_POINT('',(-6.28318530718,-64.1671768231));
#11351 = VECTOR('',#11352,1.);
#11352 = DIRECTION('',(1.,-0.));
#11353 = ( GEOMETRIC_REPRESENTATION_CONTEXT(2) 
PARAMETRIC_REPRESENTATION_CONTEXT() REPRESENTATION_CONTEXT('2D SPACE',''
  ) );
#11354 = PCURVE('',#57,#11355);
#11355 = DEFINITIONAL_REPRESENTATION('',(#11356),#11360);
#11356 = CIRCLE('',#11357,7.5);
#11357 = AXIS2_PLACEMENT_2D('',#11358,#11359);
#11358 = CARTESIAN_POINT('',(3.890933157799E-17,-2.84524487164E-16));
#11359 = DIRECTION('',(1.,0.));
#11360 = ( GEOMETRIC_REPRESENTATION_CONTEXT(2) 
PARAMETRIC_REPRESENTATION_CONTEXT() REPRESENTATION_CONTEXT('2D SPACE',''
  ) );
#11361 = ORIENTED_EDGE('',*,*,#11317,.F.);
#11362 = ADVANCED_FACE('',(#11363),#87,.T.);
#11363 = FACE_BOUND('',#11364,.T.);
#11364 = EDGE_LOOP('',(#11365,#11388,#11389,#11390));
#11365 = ORIENTED_EDGE('',*,*,#11366,.F.);
#11366 = EDGE_CURVE('',#11065,#22,#11367,.T.);
#11367 = SURFACE_CURVE('',#11368,(#11373,#11380),.PCURVE_S1.);
#11368 = B_SPLINE_CURVE_WITH_KNOTS('',3,(#11369,#11370,#11371,#11372),
  .UNSPECIFIED.,.F.,.F.,(4,4),(0.,1.),.PIECEWISE_BEZIER_KNOTS.);
#11369 = CARTESIAN_POINT('',(27.11843373936,-7.701334360191,0.));
#11370 = CARTESIAN_POINT('',(26.163462662171,-7.782433032643,0.));
#11371 = CARTESIAN_POINT('',(25.741085288932,-9.082376920736,0.));
#11372 = CARTESIAN_POINT('',(26.466004515867,-9.709305040508,0.));
#11373 = PCURVE('',#87,#11374);
#11374 = DEFINITIONAL_REPRESENTATION('',(#11375),#11379);
#11375 = LINE('',#11376,#11377);
#11376 = CARTESIAN_POINT('',(0.,0.));
#11377 = VECTOR('',#11378,1.);
#11378 = DIRECTION('',(0.,1.));
#11379 = ( GEOMETRIC_REPRESENTATION_CONTEXT(2) 
PARAMETRIC_REPRESENTATION_CONTEXT() REPRESENTATION_CONTEXT('2D SPACE',''
  ) );
#11380 = PCURVE('',#57,#11381);
#11381 = DEFINITIONAL_REPRESENTATION('',(#11382),#11387);
#11382 = B_SPLINE_CURVE_WITH_KNOTS('',3,(#11383,#11384,#11385,#11386),
  .UNSPECIFIED.,.F.,.F.,(4,4),(0.,1.),.PIECEWISE_BEZIER_KNOTS.);
#11383 = CARTESIAN_POINT('',(27.11843373936,-7.701334360191));
#11384 = CARTESIAN_POINT('',(26.163462662171,-7.782433032643));
#11385 = CARTESIAN_POINT('',(25.741085288932,-9.082376920736));
#11386 = CARTESIAN_POINT('',(26.466004515867,-9.709305040508));
#11387 = ( GEOMETRIC_REPRESENTATION_CONTEXT(2) 
PARAMETRIC_REPRESENTATION_CONTEXT() REPRESENTATION_CONTEXT('2D SPACE',''
  ) );
#11388 = ORIENTED_EDGE('',*,*,#11115,.T.);
#11389 = ORIENTED_EDGE('',*,*,#11211,.T.);
#11390 = ORIENTED_EDGE('',*,*,#70,.F.);
#11391 = ADVANCED_FACE('',(#11392,#11514),#57,.F.);
#11392 = FACE_BOUND('',#11393,.F.);
#11393 = EDGE_LOOP('',(#11394,#11395,#11396,#11397,#11398,#11399,#11400,
    #11401,#11402,#11403,#11404,#11405,#11406,#11407,#11408,#11409,
    #11410,#11411,#11412,#11413,#11414,#11415,#11416,#11417,#11418,
    #11419,#11420,#11421,#11422,#11423,#11424,#11425,#11426,#11427,
    #11428,#11429,#11430,#11431,#11432,#11433,#11434,#11435,#11436,
    #11437,#11438,#11439,#11440,#11441,#11442,#11443,#11444,#11445,
    #11446,#11447,#11448,#11449,#11450,#11451,#11452,#11453,#11454,
    #11455,#11456,#11457,#11458,#11459,#11460,#11461,#11462,#11463,
    #11464,#11465,#11466,#11467,#11468,#11469,#11470,#11471,#11472,
    #11473,#11474,#11475,#11476,#11477,#11478,#11479,#11480,#11481,
    #11482,#11483,#11484,#11485,#11486,#11487,#11488,#11489,#11490,
    #11491,#11492,#11493,#11494,#11495,#11496,#11497,#11498,#11499,
    #11500,#11501,#11502,#11503,#11504,#11505,#11506,#11507,#11508,
    #11509,#11510,#11511,#11512,#11513));
#11394 = ORIENTED_EDGE('',*,*,#10785,.F.);
#11395 = ORIENTED_EDGE('',*,*,#10692,.F.);
#11396 = ORIENTED_EDGE('',*,*,#10599,.F.);
#11397 = ORIENTED_EDGE('',*,*,#10506,.F.);
#11398 = ORIENTED_EDGE('',*,*,#10413,.F.);
#11399 = ORIENTED_EDGE('',*,*,#10320,.F.);
#11400 = ORIENTED_EDGE('',*,*,#10227,.F.);
#11401 = ORIENTED_EDGE('',*,*,#10134,.F.);
#11402 = ORIENTED_EDGE('',*,*,#10041,.F.);
#11403 = ORIENTED_EDGE('',*,*,#9948,.F.);
#11404 = ORIENTED_EDGE('',*,*,#9855,.F.);
#11405 = ORIENTED_EDGE('',*,*,#9762,.F.);
#11406 = ORIENTED_EDGE('',*,*,#9669,.F.);
#11407 = ORIENTED_EDGE('',*,*,#9576,.F.);
#11408 = ORIENTED_EDGE('',*,*,#9483,.F.);
#11409 = ORIENTED_EDGE('',*,*,#9390,.F.);
#11410 = ORIENTED_EDGE('',*,*,#9297,.F.);
#11411 = ORIENTED_EDGE('',*,*,#9204,.F.);
#11412 = ORIENTED_EDGE('',*,*,#9111,.F.);
#11413 = ORIENTED_EDGE('',*,*,#9018,.F.);
#11414 = ORIENTED_EDGE('',*,*,#8925,.F.);
#11415 = ORIENTED_EDGE('',*,*,#8832,.F.);
#11416 = ORIENTED_EDGE('',*,*,#8739,.F.);
#11417 = ORIENTED_EDGE('',*,*,#8646,.F.);
#11418 = ORIENTED_EDGE('',*,*,#8553,.F.);
#11419 = ORIENTED_EDGE('',*,*,#8460,.F.);
#11420 = ORIENTED_EDGE('',*,*,#8367,.F.);
#11421 = ORIENTED_EDGE('',*,*,#8274,.F.);
#11422 = ORIENTED_EDGE('',*,*,#8181,.F.);
#11423 = ORIENTED_EDGE('',*,*,#8088,.F.);
#11424 = ORIENTED_EDGE('',*,*,#7995,.F.);
#11425 = ORIENTED_EDGE('',*,*,#7902,.F.);
#11426 = ORIENTED_EDGE('',*,*,#7809,.F.);
#11427 = ORIENTED_EDGE('',*,*,#7716,.F.);
#11428 = ORIENTED_EDGE('',*,*,#7623,.F.);
#11429 = ORIENTED_EDGE('',*,*,#7530,.F.);
#11430 = ORIENTED_EDGE('',*,*,#7437,.F.);
#11431 = ORIENTED_EDGE('',*,*,#7344,.F.);
#11432 = ORIENTED_EDGE('',*,*,#7251,.F.);
#11433 = ORIENTED_EDGE('',*,*,#7158,.F.);
#11434 = ORIENTED_EDGE('',*,*,#7065,.F.);
#11435 = ORIENTED_EDGE('',*,*,#6972,.F.);
#11436 = ORIENTED_EDGE('',*,*,#6879,.F.);
#11437 = ORIENTED_EDGE('',*,*,#6786,.F.);
#11438 = ORIENTED_EDGE('',*,*,#6693,.F.);
#11439 = ORIENTED_EDGE('',*,*,#6600,.F.);
#11440 = ORIENTED_EDGE('',*,*,#6507,.F.);
#11441 = ORIENTED_EDGE('',*,*,#6414,.F.);
#11442 = ORIENTED_EDGE('',*,*,#6321,.F.);
#11443 = ORIENTED_EDGE('',*,*,#6228,.F.);
#11444 = ORIENTED_EDGE('',*,*,#6135,.F.);
#11445 = ORIENTED_EDGE('',*,*,#6042,.F.);
#11446 = ORIENTED_EDGE('',*,*,#5949,.F.);
#11447 = ORIENTED_EDGE('',*,*,#5856,.F.);
#11448 = ORIENTED_EDGE('',*,*,#5763,.F.);
#11449 = ORIENTED_EDGE('',*,*,#5670,.F.);
#11450 = ORIENTED_EDGE('',*,*,#5577,.F.);
#11451 = ORIENTED_EDGE('',*,*,#5484,.F.);
#11452 = ORIENTED_EDGE('',*,*,#5391,.F.);
#11453 = ORIENTED_EDGE('',*,*,#5298,.F.);
#11454 = ORIENTED_EDGE('',*,*,#5205,.F.);
#11455 = ORIENTED_EDGE('',*,*,#5112,.F.);
#11456 = ORIENTED_EDGE('',*,*,#5019,.F.);
#11457 = ORIENTED_EDGE('',*,*,#4926,.F.);
#11458 = ORIENTED_EDGE('',*,*,#4833,.F.);
#11459 = ORIENTED_EDGE('',*,*,#4740,.F.);
#11460 = ORIENTED_EDGE('',*,*,#4647,.F.);
#11461 = ORIENTED_EDGE('',*,*,#4554,.F.);
#11462 = ORIENTED_EDGE('',*,*,#4461,.F.);
#11463 = ORIENTED_EDGE('',*,*,#4368,.F.);
#11464 = ORIENTED_EDGE('',*,*,#4275,.F.);
#11465 = ORIENTED_EDGE('',*,*,#4182,.F.);
#11466 = ORIENTED_EDGE('',*,*,#4089,.F.);
#11467 = ORIENTED_EDGE('',*,*,#3996,.F.);
#11468 = ORIENTED_EDGE('',*,*,#3903,.F.);
#11469 = ORIENTED_EDGE('',*,*,#3810,.F.);
#11470 = ORIENTED_EDGE('',*,*,#3717,.F.);
#11471 = ORIENTED_EDGE('',*,*,#3624,.F.);
#11472 = ORIENTED_EDGE('',*,*,#3531,.F.);
#11473 = ORIENTED_EDGE('',*,*,#3438,.F.);
#11474 = ORIENTED_EDGE('',*,*,#3345,.F.);
#11475 = ORIENTED_EDGE('',*,*,#3252,.F.);
#11476 = ORIENTED_EDGE('',*,*,#3159,.F.);
#11477 = ORIENTED_EDGE('',*,*,#3066,.F.);
#11478 = ORIENTED_EDGE('',*,*,#2973,.F.);
#11479 = ORIENTED_EDGE('',*,*,#2880,.F.);
#11480 = ORIENTED_EDGE('',*,*,#2787,.F.);
#11481 = ORIENTED_EDGE('',*,*,#2694,.F.);
#11482 = ORIENTED_EDGE('',*,*,#2601,.F.);
#11483 = ORIENTED_EDGE('',*,*,#2508,.F.);
#11484 = ORIENTED_EDGE('',*,*,#2415,.F.);
#11485 = ORIENTED_EDGE('',*,*,#2322,.F.);
#11486 = ORIENTED_EDGE('',*,*,#2229,.F.);
#11487 = ORIENTED_EDGE('',*,*,#2136,.F.);
#11488 = ORIENTED_EDGE('',*,*,#2043,.F.);
#11489 = ORIENTED_EDGE('',*,*,#1950,.F.);
#11490 = ORIENTED_EDGE('',*,*,#1857,.F.);
#11491 = ORIENTED_EDGE('',*,*,#1764,.F.);
#11492 = ORIENTED_EDGE('',*,*,#1671,.F.);
#11493 = ORIENTED_EDGE('',*,*,#1578,.F.);
#11494 = ORIENTED_EDGE('',*,*,#1485,.F.);
#11495 = ORIENTED_EDGE('',*,*,#1392,.F.);
#11496 = ORIENTED_EDGE('',*,*,#1299,.F.);
#11497 = ORIENTED_EDGE('',*,*,#1206,.F.);
#11498 = ORIENTED_EDGE('',*,*,#1113,.F.);
#11499 = ORIENTED_EDGE('',*,*,#1020,.F.);
#11500 = ORIENTED_EDGE('',*,*,#927,.F.);
#11501 = ORIENTED_EDGE('',*,*,#834,.F.);
#11502 = ORIENTED_EDGE('',*,*,#741,.F.);
#11503 = ORIENTED_EDGE('',*,*,#648,.F.);
#11504 = ORIENTED_EDGE('',*,*,#555,.F.);
#11505 = ORIENTED_EDGE('',*,*,#462,.F.);
#11506 = ORIENTED_EDGE('',*,*,#369,.F.);
#11507 = ORIENTED_EDGE('',*,*,#276,.F.);
#11508 = ORIENTED_EDGE('',*,*,#183,.F.);
#11509 = ORIENTED_EDGE('',*,*,#21,.F.);
#11510 = ORIENTED_EDGE('',*,*,#11366,.F.);
#11511 = ORIENTED_EDGE('',*,*,#11064,.F.);
#11512 = ORIENTED_EDGE('',*,*,#10971,.F.);
#11513 = ORIENTED_EDGE('',*,*,#10878,.F.);
#11514 = FACE_BOUND('',#11515,.F.);
#11515 = EDGE_LOOP('',(#11516));
#11516 = ORIENTED_EDGE('',*,*,#11340,.F.);
#11517 = ( GEOMETRIC_REPRESENTATION_CONTEXT(3) 
GLOBAL_UNCERTAINTY_ASSIGNED_CONTEXT((#11521)) 
GLOBAL_UNIT_ASSIGNED_CONTEXT((#11518,#11519,#11520)) 
REPRESENTATION_CONTEXT('Context #1',
  '3D Context with UNIT and UNCERTAINTY') );
#11518 = ( LENGTH_UNIT() NAMED_UNIT(*) SI_UNIT(.MILLI.,.METRE.) );
#11519 = ( NAMED_UNIT(*) PLANE_ANGLE_UNIT() SI_UNIT($,.RADIAN.) );
#11520 = ( NAMED_UNIT(*) SI_UNIT($,.STERADIAN.) SOLID_ANGLE_UNIT() );
#11521 = UNCERTAINTY_MEASURE_WITH_UNIT(LENGTH_MEASURE(1.E-07),#11518,
  'distance_accuracy_value','confusion accuracy');
#11522 = PRODUCT_RELATED_PRODUCT_CATEGORY('part',$,(#7));
ENDSEC;
END-ISO-10303-21;
